locality_id,locality.feature_type_id,province,county,city,country_id
1,,NULL,Achmatovsk,Achmatovsk,180
1,,NULL,NULL,Achmatovsk,180
1,,NULL,NULL,NULL,180
2,,Oregon,NULL,NULL,228
3,,Pennsylvania,Nesquehoning,Nesquehoning,228
4,,Massachusetts,Ware,Ware,228
5,189,Texas,Wood County,Alba (near),228
6,189,Oklahoma,Le Flore County,Bokoshe (near),228
7,,Kansas,Cherokee County,West Mineral,228
8,189,New York,Talcville,Talcville,228
9,189,Utah,Carbon County,Castle Gate (near),228
10,189,Primorskiy Kray,NULL,Dalnegorsk,180
11,189,Utah,Carbon County,NULL,228
12,189,West Virginia,Monongalia County,Dellslow,228
13,189,New York,Talcville,Talcville,228
14,193,Massachusetts,Westfield,Westfield,228
15,189,Qaraghandy Oblysy,NULL,NULL,110
16,,Maine,Hebron,Hebron,228
17,189,Kentucky,Crittenden County,Sturgis (near),228
18,189,West Virginia,Raleigh County,Affinity,228
19,,Huelva,Huelva,NULL,202
20,189,South Australia,Arkoola,Arkoola,13
21,189,Dzhezkazgan Oblast,NULL,NULL,110
22,189,Pennsylvania,Cambria County,Johnstown,228
25,189,Pennsylvania,Cambria County,Johnstown,228
27,189,Pennsylvania,Indiana County,Alverda,228
30,70,MN,Carlton ,NULL,228
32,,Colorado,NULL,NULL,228
33,97,NULL,NULL,NULL,NULL
34,189,Western Australia,NULL,Widgiemooltha,13
35,70,MN,Clearwater,NULL,228
36,,New Jersey,Atlantic Co,Oceanville,228
39,189,Arizona,Gila Co.,Harden,228
40,189,NULL,NULL,NULL,33
41,189,Nova Scotia,NULL,NULL,38
42,70,Minnesota,Hubbard,NULL,228
43,189,Primorskiy Kray,Dal'negorsk,Dal'negorsk,180
43,189,Primorskiy Kray,NULL,Dalnegorsk,180
44,,California,Death Valley,Death Valley,228
45,189,New Mexico,Grant Co.,NULL,228
46,228,NULL,NULL,NULL,227
47,189,NULL,NULL,NULL,150
50,,Virginia,NULL,NULL,228
51,189,NULL,NULL,NULL,180
51,189,Primorskiy Kray,NULL,NULL,180
52,189,England,Cumbria,Alston,227
53,221,Washington,Grant,NULL,228
54,228,Washington,Douglas,NULL,228
55,246,Washington,Grant,NULL,228
56,70,Alaska,Nome,NULL,228
57,70,Alaska,Nome,NULL,228
58,193,Arkansas,Garland Co.,NULL,228
58,193,Arkansas,Little Rock,Little Rock,228
58,193,Arkansas,Pulaski Co.,NULL,228
59,189,Georgia,NULL,NULL,228
60,189,California,San Bernardino Co.,Otto Mtn.,228
61,189,New South Wales,NULL,NULL,13
62,189,Arizona,NULL,NULL,228
63,189,NULL,NULL,NULL,228
64,189,Nevada,Mineral Co.,NULL,228
65,124,NULL,NULL,NULL,NULL
66,70,Nebraska,Dickinson,NULL,228
67,189,California,California,NULL,228
67,189,California,San Benito Co.,NULL,228
68,,NULL,NULL,NULL,38
70,101,Arizona,NULL,NULL,228
71,,Oregon,Port Orford,Port Orford,228
72,,,NULL,NULL,38
72,,Yukon,NULL,NULL,38
73,70,Ontario,NULL,NULL,38
74,70,Ontario,NULL,NULL,38
75,70,MN,St. Louis,NULL,228
76,70,MN,St. Louis,NULL,228
77,70,MN,St. Louis,NULL,228
78,256,Wyoming,NULL,NULL,228
79,,Arizona,Hillside,Hillside,228
80,,NULL,NULL,NULL,227
81,252,NULL,NULL,NULL,NULL
82,252,NULL,NULL,NULL,NULL
83,252,NULL,NULL,NULL,NULL
84,252,NULL,NULL,NULL,NULL
85,252,NULL,NULL,NULL,NULL
86,252,NULL,NULL,NULL,NULL
87,252,NULL,NULL,NULL,NULL
88,252,NULL,NULL,NULL,NULL
89,252,NULL,NULL,NULL,NULL
90,252,NULL,NULL,NULL,NULL
91,,New Mexico,Socorro Co.,Magdalena,228
93,,New Mexico,Socorro Co.,Magdalena,228
94,252,Hawaii,NULL,NULL,228
95,189,Bavaria,NULL,Hagendorf,81
95,189,NULL,NULL,NULL,NULL
96,189,Arizona,Gila Co.,NULL,228
96,189,Arizona,Hayden,Hayden,228
96,189,Arizona,NULL,Gila,228
96,189,Arizona,NULL,Hayden,228
96,189,Arizona,NULL,NULL,228
96,189,Arizona,Pinal Co.,NULL,228
97,189,New Hampshire,Grafton,Grafton,228
98,13,Western Australia,NULL,Ellendale,13
99,,New Mexico,Socorro Co.,Magdalena,228
100,70,Minnesota,Hubbard,NULL,228
101,189,Oblast Smolyan,NULL,NULL,33
103,189,New Mexico,NULL,Mining Districts,228
104,128,NULL,NULL,NULL,NULL
105,252,NULL,NULL,NULL,NULL
106,252,NULL,NULL,NULL,NULL
107,101,Arizona,NULL,NULL,228
110,189,Transvaal,Warmbaths,Warmbaths,200
111,193,Virginia,Buckingham Co.,Arvonia,228
111,193,Virginia,Buckingham Co.,NULL,228
112,189,Colorado,Lake Co.,Leadville,228
112,189,Colorado,Lake Co.,NULL,228
113,189,Nevada,NULL,NULL,228
114,189,NULL,NULL,NULL,163
115,189,NULL,NULL,NULL,74
116,189,New South Wales,NULL,NULL,13
117,193,Maine,West Paris,West Paris,228
118,189,New South Wales,NULL,NULL,13
119,189,Utah,Emery Co.,NULL,228
119,189,Utah,NULL,NULL,228
120,189,Nevada,Emery Co.,NULL,228
121,189,Arkansas,NULL,NULL,228
122,193,Indiana,Fayette,NULL,228
123,,Virginia,Petersburg (city),NULL,228
124,193,Maine,NULL,East Poland,228
125,189,Arkansas,NULL,NULL,228
126,189,Arizona,Yuma Co.,Castle Dome,228
127,189,NULL,NULL,NULL,74
128,189,Colorado,Leadville,Leadville,228
129,189,Arizona,Yuma Co.,Castle Dome,228
130,189,Northwest Territories,NULL,NULL,38
131,189,North Rhine-Westphalia,NULL,NULL,81
132,,NULL,NULL,NULL,21
132,,North Rhine-Westphalia,NULL,Altenberg,81
132,,North Rhine-Westphalia,NULL,NULL,81
132,,NULL,NULL,NULL,81
132,,Rhine,NULL,NULL,81
133,,NULL,NULL,NULL,224
134,,NULL,NULL,NULL,163
135,,NULL,NULL,NULL,21
136,,NULL,NULL,NULL,163
137,,Valais,NULL,NULL,209
138,,Aargau,NULL,NULL,209
139,11,NULL,NULL,NULL,NULL
140,,NULL,NULL,NULL,163
141,,NULL,NULL,NULL,256
141,,NULL,NULL,NULL,NULL
142,221,Apurimac,NULL,NULL,171
143,193,Gotland,NULL,NULL,208
144,193,Indiana,Jennings,NULL,228
145,193,Indiana,Jefferson,NULL,228
146,193,Indiana,Jasper,Remington,228
147,193,Indiana,Jennings,NULL,228
148,193,Maine,NULL,Waldoboro,228
149,,North Carolina,NULL,Jefferson,228
150,189,Kentucky,NULL,NULL,228
151,,Oruro,NULL,NULL,26
152,189,Tuscany,NULL,Monte Amiata District,106
153,,NULL,Abbaretz,Abbaretz,74
154,70,NULL,NULL,NULL,74
154,70,NULL,NULL,NULL,NULL
155,189,Baja California,NULL,NULL,140
155,189,Baja California Sur,Alamo,Alamo,140
156,,South Carolina,Abbeville Co.,NULL,228
157,189,Illinois,St. Clair Co.,Collinsville,228
158,189,Illinois,NULL,"Saint Clair, Collinsville",228
158,189,Illinois,St. Clair Co.,Collinsville,228
159,112,NULL,NULL,NULL,NULL
160,189,Idaho - Oregon,NULL,Soldier,228
162,193,Maine,NULL,North Sullivan,228
163,189,NULL,NULL,NULL,200
164,,Indiana,Perry,NULL,228
165,,NULL,NULL,NULL,227
166,,NULL,NULL,NULL,NULL
167,,NULL,NULL,Abd Al Ma'Asir,190
168,189,NULL,NULL,NULL,102
169,189,Colorado,Cripple Creek,Cripple Creek,228
170,13,NULL,NULL,NULL,217
171,185,Tenerife,NULL,NULL,202
172,,NULL,NULL,NULL,47
173,9,NULL,NULL,NULL,NULL
174,,NULL,NULL,NULL,NULL
175,189,NULL,Abenab,Abenab,150
175,189,NULL,Grootfontein,Grootfontein,150
175,189,NULL,NULL,NULL,150
175,189,NULL,NULL,Otavia,150
177,189,NULL,NULL,NULL,NULL
178,,NULL,Abenab,Abenab,150
178,,NULL,NULL,NULL,150
179,,New South Wales,NULL,NULL,13
180,,New South Wales,NULL,NULL,13
181,189,New Mexico,NULL,Mining Districts,228
182,193,Minnesota,NULL,Ortonville,228
183,,Scotland,NULL,NULL,227
184,,Mississippi,Monroe Co.,NULL,228
185,,Scotland,NULL,NULL,227
187,,England,NULL,NULL,227
187,,England,NULL,NULL,227
187,,NULL,NULL,NULL,227
187,,Scotland,NULL,NULL,227
188,189,Tasmania,NULL,NULL,13
188,189,Tasmania,Rossarden,Rossarden,13
189,189,Wales,NULL,NULL,227
190,,Oregon,NULL,NULL,228
191,189,Colorado,NULL,Rico,228
192,,Wyoming,NULL,NULL,228
193,,New Mexico,Rio Arriba Co.,NULL,228
194,,NULL,NULL,Munro Township,38
195,,Quebec,NULL,NULL,38
196,,Ontario,NULL,NULL,38
197,,NULL,NULL,NULL,129
198,,Wisconsin,NULL,NULL,228
198,193,Wisconsin,NULL,NULL,228
199,,Pennsylvania,Pennsylvania,NULL,228
200,,NULL,Abo,Abo,73
201,,Turku Ja Pori,NULL,NULL,73
202,189,NULL,NULL,NULL,82
203,,Texas,NULL,NULL,228
204,,New York,NULL,NULL,228
205,,NULL,NULL,NULL,190
206,,NULL,NULL,NULL,43
207,189,New York,Clinton Co.,Clintonville,228
208,189,New Hampshire,NULL,Groton,228
209,,Arizona,Cochise Co.,NULL,228
210,,Transilvania Region,NULL,NULL,179
211,,NULL,NULL,NULL,98
212,,Wyoming,NULL,NULL,228
214,,NULL,NULL,NULL,209
215,,NULL,NULL,Abtsberg,81
216,221,NULL,NULL,NULL,64
225,,NULL,NULL,NULL,159
227,173,NULL,NULL,NULL,NULL
228,70,Montana,Park,NULL,228
229,70,Montana,Park,NULL,228
231,189,Antofagasta,Guanaco,Guanaco,43
231,189,Atacama,NULL,NULL,43
232,189,Ca.,NULL,NULL,55
232,189,NULL,NULL,Manganeso Station,55
232,189,NULL,NULL,Mantaneso Station,55
233,,NULL,NULL,NULL,64
234,,NULL,NULL,NULL,87
235,,NULL,NULL,NULL,13
236,,Alabama,Lamar,NULL,228
237,,IL,NULL,NULL,228
238,189,Virginia,NULL,NULL,228
239,,NULL,NULL,Acaponeta,140
240,189,NULL,NULL,NULL,171
241,,NULL,Acari,Acari,171
243,112,NULL,NULL,NULL,NULL
244,185,NULL,NULL,NULL,89
245,70,Alaska,Fairbanks North Star,NULL,228
246,70,Alaska,Fairbanks North Star,NULL,228
247,189,New York,Middleville,Middleville,228
248,189,Washington,Chelan Co.,NULL,228
248,189,Washington,Kittitas Co.,NULL,228
248,189,Washington,Kittitas County,NULL,228
249,189,Colorado,Lake Co.,NULL,228
250,189,New Mexico,Socorro Co.,Socorro,228
251,189,Saskatchewan,Beaverlodge Lake,Beaverlodge Lake,38
252,189,North Rhine-Westphalia,NULL,NULL,81
253,,North Rhine-Westphalia,NULL,NULL,81
254,,Tirol,NULL,NULL,14
255,,Salzburg,NULL,NULL,14
256,,South Island,NULL,NULL,156
257,185,NULL,NULL,NULL,11
258,,NULL,NULL,NULL,11
259,,NULL,NULL,NULL,180
260,189,Chelyabinsk Oblast,NULL,NULL,180
260,,Chelyabinsk Oblast,NULL,NULL,180
260,189,NULL,NULL,NULL,180
261,,NULL,NULL,NULL,227
262,,Yakutia-Sakha Republic,NULL,NULL,180
263,,Yakutia-Sakha Republic,NULL,NULL,180
264,,Sicily,NULL,NULL,106
265,,Sicily,Sicily,NULL,106
266,189,NULL,NULL,Mibladen,147
266,189,NULL,NULL,NULL,147
267,,Sicily,NULL,NULL,106
268,70,Michigan,Alger,NULL,228
269,70,Michigan,Alger,NULL,228
270,189,Ontario,NULL,NULL,38
271,112,NULL,NULL,NULL,NULL
272,116,NULL,NULL,NULL,NULL
273,,Newfoundland,NULL,Recontre East,38
274,189,Arkansas,Hot Spring Co.,NULL,228
275,189,Wyoming,Sheridan County,Acme (near),228
276,,North Carolina,Columbus,NULL,228
277,,Aconcagua,NULL,NULL,43
278,,Sonora,NULL,NULL,140
279,,Guerrero,NULL,NULL,140
280,189,NULL,Hidalgo,NULL,140
280,189,NULL,NULL,NULL,140
281,,Latium,Rome,Rome,106
281,,Lazio,NULL,NULL,106
282,,South Australia,NULL,NULL,13
283,,Acre,NULL,NULL,30
284,,NULL,NULL,NULL,220
286,,NULL,NULL,Pergamon,220
287,189,Colorado,Lake Co.,Leadville,228
288,,Piedmont,NULL,NULL,106
292,,Potosi,Colquechaca,Colquechaca,26
293,,NULL,NULL,NULL,38
294,189,Maine,Acton,Acton,228
295,205,Piaui,NULL,NULL,30
296,97,NULL,NULL,NULL,NULL
297,,Piedmont,NULL,NULL,106
298,,New Hampshire,NULL,NULL,228
300,189,New South Wales,NULL,NULL,13
301,189,Idaho,Elmore Co.,NULL,228
303,189,Montana,NULL,Basin,228
303,189,Montana,NULL,NULL,228
304,,Oklahoma,NULL,NULL,228
305,,Antananarivo,Malakialina,Malakialina,129
306,,NULL,NULL,NULL,108
307,185,Alaska,NULL,Adak,228
307,185,Alaska,NULL,NULL,228
308,70,Övörkhangai Province,NULL,NULL,144
309,70,Övörkhangai Province,NULL,NULL,144
310,25,NULL,NULL,NULL,NULL
311,189,NULL,NULL,NULL,208
312,189,Bohemia Region,NULL,NULL,57
313,189,Saxony,Schneeberg,Schneeberg,81
315,,Arizona,NULL,NULL,228
315,112,Arizona,NULL,NULL,228
317,,NULL,NULL,Milos,84
318,,NULL,NULL,NULL,106
319,,NULL,NULL,Adamello,106
319,,Tirol,NULL,NULL,106
319,,Tyrol,NULL,NULL,106
320,,Transilvania Region,NULL,NULL,179
321,185,Washington,NULL,NULL,228
322,188,Vermont,Newfane,Newfane,228
322,188,Vermont,Windham Co.,NULL,228
323,,Colorado,NULL,Silverton,228
324,,Illinois,Adams Co.,NULL,228
325,,Pennsylvania,Adams Co.,NULL,228
326,,Alabama,Covington,NULL,228
327,,North Carolina,Alexander Co.,NULL,228
328,,Vermont,Newfane,Newfane,228
329,,Ontario,NULL,NULL,38
330,189,Arizona,Castle Dome District,Castle Dome District,228
330,189,Arizona,NULL,Castle Dome,228
330,189,Arizona,Yuma Co.,NULL,228
331,189,Colorado,Gladstone,Gladstone,228
331,189,Colorado,NULL,NULL,228
331,189,Colorado,San Juan Co.,NULL,228
332,189,Northern Cape,Hotazel,Hotazel,200
334,189,Oklahoma,Ottawa Co.,NULL,228
335,189,Ontario,Kirkland Lake,Kirkland Lake,38
335,189,Ontario,NULL,Boston Twp,38
336,189,North Carolina,Alexander Co.,Hiddenite,228
337,193,NULL,NULL,NULL,156
337,193,NULL,NULL,Rotorua,156
338,221,NULL,NULL,NULL,NULL
339,97,NULL,NULL,NULL,NULL
340,220,Nanuvat,NULL,NULL,38
341,193,Kentucky,Letcher,NULL,228
342,185,California,NULL,Healdsburg,228
343,,Massachusetts,NULL,NULL,228
345,189,California,Inyo Co.,NULL,228
346,,NULL,NULL,NULL,NULL
347,,NULL,NULL,NULL,NULL
348,189,Colorado,Fremont Co.,NULL,228
349,189,Illinois,NULL,NULL,228
350,189,Nevada,NULL,Tonapah Area,228
351,189,South Dakota,Pennington Co.,NULL,228
352,189,Wisconsin,NULL,NULL,228
353,193,North Carolina,NULL,NULL,228
354,,NULL,NULL,NULL,NULL
355,,NULL,NULL,NULL,69
356,,Maryland,Prince George's,NULL,228
357,205,Montana,Cascade Co.,NULL,228
358,220,NULL,NULL,NULL,8
359,189,Colorado,Lake Co.,Iron Hill,228
359,189,Colorado,Lake Co.,Leadville,228
359,189,Colorado,Lake County,Leadville(Near),228
360,189,New South Wales,NULL,NULL,13
361,189,State of Tasmania,West Coast,Dundas,13
361,189,Tasmania,Dundas,Dundas,13
361,189,Tasmania,NULL,Dundas,13
361,189,Tasmania,NULL,NULL,13
362,,Northern Territory,NULL,NULL,13
363,,South Australia,NULL,NULL,13
364,189,La Rioja,NULL,NULL,10
365,,California,San Bernardino Co.,NULL,228
366,189,Montana,Lewis And Clark Co.,Loeber Dist.,228
366,189,Montana,Lewis And Clark Co.,Red Mt,228
367,,NULL,NULL,NULL,81
368,9,Colorado,Lake County,NULL,228
369,,NULL,NULL,NULL,NULL
370,189,South Dakota,Lawrence Co.,Carbonate District,228
371,,Rhineland-Palatinate,NULL,NULL,81
371,193,Rhineland-Palatinate,NULL,NULL,81
372,189,Hautes-pyrenees,Hautes-pyrenees,NULL,74
373,,Midi-Pyrénées,Hautes-Pyrenees Dept.,NULL,74
374,,NULL,NULL,NULL,203
375,,Alabama,Wilcox,NULL,228
376,,Trentino-Alto Adige,NULL,NULL,106
377,,California,NULL,NULL,228
377,193,California,NULL,NULL,228
377,,New York,NULL,NULL,228
377,,NULL,NULL,NULL,228
378,,Nevada,Pershing Co.,NULL,228
379,,NULL,Madagascar,NULL,129
380,189,Arkansas,NULL,NULL,228
381,189,Arkansas,NULL,NULL,228
382,189,Idaho,Lemhi Co.,Gibbonsville,228
383,220,Alaska,NULL,Admiralty Island,228
383,220,Alaska,NULL,Funter Bay,228
383,220,Alaska,NULL,NULL,228
384,220,NULL,NULL,NULL,169
386,189,Oklahoma,NULL,"Picher, Oklahoma (Near)",228
387,,Kansas,NULL,NULL,228
390,,Washington,NULL,NULL,228
392,,NULL,NULL,Adolphseck Langenschwelbach,81
393,189,Lower Saxony,NULL,NULL,81
393,189,NULL,NULL,NULL,81
394,,Saxony,NULL,NULL,81
395,,Andalusia,NULL,NULL,202
396,,Souss-Massa Reg.,Tata Prov.,NULL,147
397,,NULL,NULL,NULL,NULL
399,,NULL,NULL,NULL,NULL
400,,NULL,NULL,NULL,NULL
401,189,Colorado,Gilpin Co.,NULL,228
402,,NULL,NULL,NULL,209
403,,Chita Oblast,NULL,NULL,180
403,,Chitinskaya Oblast,Borzya,Borzya,180
403,,Ural Region,Sverdlovskaya Oblast',Murzinka,180
408,,Siberia,Siberia,NULL,180
409,,Aduthurai,NULL,NULL,100
410,,South Dakota,South Dakota,NULL,228
411,70,Wisconsin,Washburn,NULL,228
412,189,Queensland,NULL,"Herberton, Irvine Bank",13
413,189,Michigan,Greenland,Greenland,228
413,189,Michigan,NULL,Mass,228
413,189,Michigan,Ontonagon Co.,NULL,228
414,,Nova Scotia,NULL,NULL,38
415,,Newfoundland,Baie Verte,Flatwater Pond,38
416,221,Tigrai,NULL,NULL,69
417,,Texas,NULL,NULL,228
418,,Aegean Islands,Serifos,Serifos,84
419,,Aegean Region,NULL,Biga,220
420,,Aegean Region,NULL,Kula,220
421,,Aegean Region,NULL,"Kara Tash, Asia Minor; Smyrna",220
421,,Aegean Region,NULL,Smyrna,220
422,252,NULL,NULL,NULL,84
422,252,NULL,NULL,Syra,84
423,,NULL,NULL,NULL,NULL
424,,NULL,NULL,NULL,NULL
425,,NULL,NULL,NULL,NULL
426,252,Southern Aegean,NULL,"Cyclades, Siros, Kyperusa",84
426,252,Southern Aegean,NULL,"Cyclades, Siros, Kyperusa-West",84
427,220,NULL,NULL,Kakoperato,84
427,220,NULL,NULL,Mount Stavro,84
428,185,Attica,NULL,Aegina,84
429,185,Attica,NULL,Aegina,84
430,185,Attica,NULL,Aegina,84
431,185,Attica,NULL,Aegina,84
432,185,Attica,NULL,Aegina,84
433,185,Attica,NULL,Aegina,84
434,,NULL,NULL,Aegina,84
435,,NULL,NULL,NULL,209
436,,Sardinia,NULL,NULL,106
437,,NULL,NULL,Aepfelskopf,81
438,,Valais,NULL,NULL,209
439,189,California,Inyo Co.,NULL,228
441,70,NULL,NULL,NULL,44
443,,NULL,NULL,NULL,101
444,189,California,Napa Co.,NULL,228
446,189,California,Napa Co.,Aetna Springs,228
446,189,California,Napa Co.,NULL,228
446,189,California,Napa Co.,Pope Valley,228
446,189,California,Napa Co.,"Pope Valley, Silver Bow",228
446,189,California,NULL,NULL,228
447,189,Tennessee,Marion Co.,NULL,228
448,97,NULL,NULL,NULL,NULL
449,171,NULL,NULL,NULL,69
450,,NULL,NULL,NULL,59
450,,Afar Region,NULL,Hayu,69
450,,Afar Region,NULL,Lower Miele,69
450,,Afar Region,NULL,NULL,69
450,,Afar Region,NULL,Sardo,69
450,,Afar Region,NULL,Semera,69
450,,Afar Region,NULL,Tendaho,69
450,,Afar Region,NULL,Upper Miele,69
451,,Afar,NULL,Melka Werer,69
452,,Afar,NULL,NULL,69
453,,Afar,NULL,NULL,69
454,,Afar,NULL,NULL,69
455,,Afar,NULL,NULL,69
456,,Afar,NULL,NULL,69
458,,Afar,NULL,NULL,69
459,,Afar,NULL,NULL,69
460,,Afar,NULL,NULL,69
461,,Afar,NULL,NULL,69
462,,Afar,NULL,NULL,69
463,,Afar,NULL,NULL,69
464,,Afar Region,NULL,Sardo,69
465,,Afar Region,NULL,Tendaho,69
466,,Afar Region,NULL,Tendaho,69
467,,Afar Region,NULL,Tendaho,69
468,,Afar Region,NULL,Tendaho,69
469,,Afar Region,NULL,Tendaho,69
470,,Afar Region,NULL,Lower Miele,69
471,,Afar Region,NULL,Upper Miele,69
472,,Afar Region,NULL,NULL,69
473,,Afar Region,NULL,NULL,69
474,,Afar Region,NULL,NULL,69
475,,Afar Region,NULL,NULL,69
476,,Afar Region,NULL,NULL,69
477,,Afar Region,NULL,Adaitu,69
478,,Afar Region,NULL,NULL,69
479,,Afar Region,NULL,Dedai,69
480,,Afar Region,NULL,Dedai,69
482,,Afar Region,NULL,NULL,69
483,,NULL,Afghanistan,NULL,1
483,,NULL,NULL,NULL,1
484,220,Alaska,NULL,NULL,228
485,,NULL,NULL,NULL,202
486,,NULL,NULL,NULL,99
487,,Africa,Africa,NULL,NULL
487,,NULL,NULL,NULL,NULL
487,,NULL,NULL,NULL,NULL
488,189,NULL,NULL,NULL,159
489,189,NULL,NULL,Nsuta,82
490,189,New Hampshire,Grafton Co.,NULL,228
490,189,New Hampshire,Oxford,"Rumford, Orange Township",228
491,189,NULL,NULL,Nsuta,82
491,189,NULL,NULL,NULL,82
492,,NULL,Afrod Banya,Afrod Banya,179
493,,NULL,NULL,NULL,102
494,,California,NULL,NULL,228
495,,Ontario,NULL,NULL,38
496,189,Ontario,NULL,NULL,38
497,209,Alaska,NULL,Haines,228
498,252,California,NULL,NULL,228
499,252,California,NULL,NULL,228
500,252,California,NULL,NULL,228
501,,Agadir,Tafraoute,Tafraoute,147
502,,California,San Diego Co.,NULL,228
503,173,NULL,NULL,NULL,NULL
504,,New York,NULL,NULL,228
505,189,Colorado,Lake Co.,Leadville,228
506,,Queensland,NULL,NULL,13
507,112,NULL,NULL,NULL,NULL
508,112,Arizona,Navajo Co.,Kayenta,228
508,112,Arizona,NULL,NULL,228
510,189,Ontario,NULL,NULL,38
511,,NULL,NULL,"Agay, Esterel",74
511,,Provence-Alpes-Côte d'Azur,Var Dept.,NULL,74
512,,NULL,NULL,NULL,85
513,,NULL,NULL,NULL,85
514,,NULL,NULL,NULL,NULL
515,189,Cape Province,NULL,NULL,200
516,221,Nunavut,NULL,NULL,38
517,189,NULL,NULL,NULL,147
517,,NULL,NULL,NULL,147
517,189,Souss-Massa-Draa,Ouarzazate,Tazenakht,147
518,,NULL,NULL,Aegina,84
519,,NULL,NULL,Aegina,84
520,,Central Greece & Euboea,Lavrion,Lavrion,84
521,189,Arizona,Pima Co.,NULL,228
522,189,Idaho - Montana,NULL,NULL,228
523,189,British Columbia,NULL,NULL,38
524,,Ontario,NULL,NULL,38
525,,California,California,NULL,228
526,189,Western Australia,Leinster,Leinster,13
527,,Western Australia,Kalgoorlie,Kalgoorlie,13
528,,NULL,NULL,NULL,108
529,,Sonora,NULL,NULL,140
530,,Emilia-Romagna,NULL,NULL,106
531,189,Chubu,NULL,Saltagan,108
532,189,NULL,NULL,NULL,147
533,,California,Los Angeles Co.,NULL,228
533,,California,NULL,NULL,228
534,,California,Los Angeles Co.,NULL,228
534,,California,NULL,NULL,228
535,,NULL,NULL,Agra,100
536,,NULL,NULL,NULL,NULL
537,,Sardinia,NULL,NULL,106
538,,NULL,NULL,NULL,NULL
539,,Vermont,NULL,Pittsfield,228
540,,Illinois/Iowa/Minnesota,NULL,NULL,228
540,,NULL,NULL,NULL,NULL
541,188,Hebei,LUANCHENG,Shijiazhuang,44
542,185,Agrigan,NULL,NULL,162
542,185,NULL,NULL,NULL,162
542,185,NULL,NULL,NULL,228
542,185,NULL,NULL,NULL,NULL
543,189,Sicily,NULL,NULL,106
544,,Sicily,NULL,NULL,106
545,,Sicily,NULL,NULL,106
546,,Sicily,NULL,NULL,106
547,,Sicily,NULL,NULL,106
548,,Sicily,NULL,NULL,106
549,,Sicily,NULL,NULL,106
550,,Sicilia,NULL,NULL,106
550,,Sicily,NULL,NULL,106
551,,NULL,NULL,NULL,163
552,193,Connecticut,Danbury,Danbury,228
553,185,NULL,NULL,NULL,89
554,189,Mendoza,NULL,NULL,10
555,,NULL,NULL,NULL,171
556,,NULL,NULL,NULL,171
557,189,Arizona,NULL,NULL,228
558,189,NULL,Danli,Danli,96
558,189,Arizona,Yavapai Co.,NULL,228
559,,Arizona,NULL,NULL,228
560,,Arizona,NULL,Stoddard,228
561,,NULL,NULL,NULL,140
562,,Minas Gerais,NULL,NULL,30
562,189,Minas Gerais,NULL,NULL,30
563,,Sonora,NULL,NULL,140
564,,Bahia,NULL,NULL,30
565,,Catamarca,Catamarca,NULL,10
566,,Minas Gerais,NULL,NULL,30
567,,NULL,NULL,NULL,30
568,189,NULL,NULL,NULL,52
569,189,Coahuila,Coahuila,NULL,140
569,189,Coahuila,NULL,NULL,140
570,,NULL,NULL,NULL,140
571,,Cordoba,NULL,NULL,10
572,189,Ontario,NULL,Cobalt,38
573,189,La Paz,NULL,NULL,26
574,189,NULL,NULL,NULL,43
575,70,Patagonia,NULL,NULL,10
576,,NULL,Bolivia,NULL,26
576,,NULL,NULL,Aguas Caliente,140
576,,NULL,NULL,Aguas Calientes,140
576,,NULL,NULL,NULL,140
576,,Zacatecas,NULL,NULL,140
577,,Aguascalientes,Calvillo,Calvillo,140
577,,Aguascalientes,Cavillo,Cavillo,140
577,,Aguascalientes,NULL,Aguascalientes,140
577,,Aguascalientes,NULL,NULL,140
577,,NULL,NULL,Aguascalien,140
577,,NULL,NULL,Aguascalientes,140
578,,Minas Gerais,NULL,NULL,30
579,189,Jujuy,NULL,NULL,10
580,227,San Juan,Jose Armando Bermudez National Park,NULL,61
582,96,NULL,NULL,NULL,NULL
583,185,NULL,NULL,NULL,101
584,189,Atacama,Tierra Amarilla,Tierra Amarilla,43
585,189,NULL,NULL,Luc Yen,234
586,193,NULL,NULL,NULL,163
587,,NULL,NULL,NULL,163
588,,NULL,NULL,NULL,163
589,,NULL,NULL,NULL,163
590,189,Hidalgo,NULL,Rea De Monte,140
590,189,Hidalgo,NULL,Real Del Monte,140
591,,NULL,NULL,NULL,85
592,134,Bitlis,Ahlat,NULL,220
593,189,NULL,NULL,NULL,102
594,,Maharashtra,NULL,NULL,100
594,,NULL,Ahmednagar,Ahmednagar,100
594,,NULL,NULL,NULL,100
595,189,Michigan,Keweenaw Co.,NULL,228
595,189,Michigan,Lake Superior,Lake Superior,228
595,189,Michigan,Michigan,NULL,228
595,189,Michigan,NULL,NULL,228
595,,Michigan,NULL,NULL,228
595,189,Michigan,Ontonagon Co. Or Houghton Co.,NULL,228
596,,NULL,NULL,Eifel,81
597,,NULL,Ahrn,Ahrn,14
598,,Tirol,NULL,NULL,14
598,,Tirol,Tirol,NULL,14
600,,Idaho,Clearwater Co.,NULL,228
600,,Idaho,Clearwater Co.,Orofino Area,228
601,248,Washington,NULL,NULL,228
602,227,Hawaii,Hawaii,NULL,228
603,227,Hawaii,Hawaii,NULL,228
604,227,Hawaii,Hawaii,NULL,228
605,189,Hidalgo,NULL,Real Del Monte,140
606,189,Chihuahua,Los Lamentos,Los Lamentos,140
606,189,Chihuahua,Los Lamentos District,Los Lamentos District,140
606,189,Chihuahua,NULL,Los Lamentos,140
606,189,Chihuahua,NULL,"Los Lamentos, 7th Level",140
606,189,Chihuahua,NULL,NULL,140
606,,Chihuahua,NULL,NULL,140
606,189,NULL,NULL,Ahumada,140
606,189,NULL,NULL,Los Lamentos,140
606,189,NULL,NULL,NULL,140
607,248,NULL,NULL,NULL,NULL
608,189,Hokkaido,NULL,"Kamikawa-Gun, Sorachi-Shicho, Aibetsu-Mura",108
609,,NULL,NULL,NULL,108
610,,Aichi,Shidara Kitashidara-gun,Shidara Kitashidara-gun,108
610,,NULL,NULL,NULL,108
611,,Aichi,Shinjō Shi,NULL,108
611,,NULL,NULL,NULL,108
612,,NULL,NULL,NULL,108
613,,NULL,NULL,NULL,108
614,189,NULL,NULL,NULL,180
614,189,NULL,NULL,NULL,NULL
615,,NULL,NULL,Aidin Caza De Cire,220
616,,NULL,NULL,NULL,84
617,,Auvergne Rhône-Alpes,Haute-Savoie (74),Chamonix-Mont-Blanc,74
618,,NULL,NULL,NULL,108
619,,South Carolina,Aiken Co.,NULL,228
619,,South Carolina,NULL,NULL,228
620,189,Eastern-Siberian Region,NULL,Alakit-Markha,180
620,189,Yakutia-Sakha Republic,NULL,NULL,180
621,,Ailly FM Vareng,NULL,NULL,74
622,,NULL,NULL,NULL,74
623,220,Scotland,NULL,NULL,227
624,,NULL,NULL,NULL,3
625,,NULL,NULL,NULL,147
626,,NULL,NULL,NULL,3
626,,NULL,NULL,NULL,219
627,,Constantine,Constantine,NULL,3
628,,NULL,NULL,NULL,3
629,,NULL,NULL,NULL,101
630,,Constantine,Constantine,NULL,3
631,,North Carolina,NULL,NULL,228
632,189,NULL,NULL,NULL,13
633,105,NULL,NULL,NULL,13
634,228,Yukon,NULL,NULL,38
635,189,NULL,NULL,NULL,147
635,189,Souss-Massa-Draa Region,Quarzazate Prov.,Tazenakht,147
636,189,Oarzazate,Bou Azzer,Bou Azzer,147
637,189,Uri,NULL,NULL,209
638,,Aiti Prefecture,NULL,Yosimura,108
639,112,NULL,NULL,NULL,NULL
640,185,NULL,NULL,NULL,NULL
641,185,NULL,NULL,NULL,NULL
642,185,NULL,NULL,NULL,NULL
643,,NULL,Aix La Chapelle,Aix La Chapelle,21
643,,NULL,NULL,NULL,81
643,,Saxony,NULL,NULL,81
644,,Wallonia,Liege Prov.,NULL,21
645,,NULL,NULL,NULL,74
645,,Provence-Alpes-Côte d'Azur,Bouches-Du-Rhone Dept.,NULL,74
646,193,Kentucky,Pulaski,NULL,228
647,189,Colorado,NULL,NULL,228
648,,Khabarovskiy Kray,NULL,NULL,180
649,,NULL,India,NULL,100
650,,Maharashtra,Aurangabad,NULL,100
651,,NULL,NULL,NULL,110
652,189,Colorado,Cripple Creek,Cripple Creek,228
652,189,Colorado,Gunnison Co.,NULL,228
652,189,Colorado,NULL,NULL,228
652,189,Colorado,NULL,Victor,228
653,189,New Mexico,NULL,NULL,228
654,189,Utah,Juab Co.,Mammoth,228
654,189,Utah,NULL,NULL,228
654,189,Utah,Tintic,Tintic,228
655,189,Colorado,Teller Co.,NULL,228
656,,NULL,NULL,NULL,98
657,209,Arizona,Ajo,Ajo,228
657,209,Arizona,NULL,NULL,228
657,209,Arizona,Pima,NULL,228
657,209,Arizona,Pima Co.,NULL,228
659,,Baja California,NULL,NULL,140
660,,NULL,NULL,NULL,108
661,,NULL,Estigo,Estigo,108
662,,NULL,NULL,NULL,108
663,189,NULL,NULL,NULL,108
664,,Gunma,NULL,NULL,108
665,185,NULL,NULL,NULL,108
666,185,Canterbury,NULL,NULL,156
667,185,Canterbury,NULL,NULL,156
668,189,Quebec,NULL,NULL,38
669,189,Chubu,NULL,NULL,108
669,189,NULL,Japan,NULL,108
669,189,NULL,NULL,NULL,108
670,189,NULL,NULL,NULL,156
671,,NULL,NULL,NULL,108
672,189,Karagandy,NULL,Akchatau,110
673,189,Qaraghandy Oblysy,NULL,NULL,110
674,,NULL,NULL,NULL,108
674,189,NULL,NULL,NULL,108
675,189,Hyogo,Yabu-gun,Yabu-gun,108
675,189,NULL,NULL,Hyogo Pref,108
675,189,NULL,NULL,Hyogo Pref.,108
675,189,NULL,NULL,Hyogo Prefecture,108
676,,Kinki,NULL,NULL,108
677,,NULL,Aker,Aker,208
677,,NULL,NULL,NULL,208
677,,NULL,Sweden,NULL,208
678,,Akershus Co,NULL,Christiania,163
679,,Akershus Co,NULL,"Eidsvold, Bunelo",163
680,,Akershus Co,NULL,Holokjern,163
681,,Akershus Co,NULL,Oslo,163
682,,Akershus Co,NULL,Sandvippa,163
683,,Akershus Co,NULL,Sognvand,163
684,,Akershus Co,NULL,Trosterund,163
685,,Akershus Co,NULL,Tyveholmen,163
685,,Akershus Co,NULL,"Tyveholmen, Christiania (Near)",163
685,,Akershus Co,NULL,"Tyveholmen, Oslo",163
686,,Akershus,NULL,NULL,163
687,189,Chelyabinskaya Oblast,Achmatovsk,Achmatovsk,180
688,220,NULL,NULL,NULL,85
689,,NULL,NULL,NULL,108
690,,NULL,NULL,NULL,108
691,,Akita,Arakawa,Arakawa,108
692,,NULL,NULL,NULL,108
693,,NULL,NULL,NULL,108
694,,NULL,NULL,NULL,108
695,,NULL,NULL,NULL,108
696,,Tohoku,NULL,NULL,108
697,,NULL,NULL,NULL,108
698,,NULL,Risor,Risor,163
699,,NULL,Akmaja,Akmaja,110
700,,NULL,NULL,NULL,180
701,53,"Southern Nations, Nationals, and Peoples",NULL,NULL,69
702,193,New York,Erie Co.,Akron,228
703,,NULL,NULL,NULL,110
704,,NULL,NULL,NULL,NULL
705,189,Ca.,NULL,NULL,212
706,,Tatarstan Republic,NULL,NULL,180
707,,NULL,Aktzetau,Aktzetau,110
708,,NULL,NULL,NULL,85
709,53,Gambella,NULL,NULL,69
710,,NULL,NULL,NULL,85
711,,Hawaii,Honolulu,NULL,228
712,259,Alaska,NULL,NULL,228
713,68,Alaska,NULL,NULL,228
714,,NULL,NULL,NULL,84
715,,NULL,NULL,NULL,110
716,9,Azraq,NULL,NULL,109
717,9,Azraq,NULL,NULL,109
718,9,NULL,NULL,NULL,109
719,,Lazio,Rome,NULL,106
720,,NULL,NULL,NULL,204
721,189,California,Kern Co.,Kernville,228
722,189,Victoria,Bikita,Bikita,241
723,,NULL,Mascate,Mascate,164
724,,California,NULL,NULL,228
725,,NULL,NULL,NULL,64
726,,NULL,NULL,NULL,106
727,,Piedmont,NULL,NULL,106
728,,Piedmont,NULL,NULL,106
729,,Piedmont,NULL,NULL,106
730,,Piedmont,NULL,NULL,106
731,,NULL,NULL,NULL,106
732,,Piedmont,NULL,NULL,106
733,,Piedmont,NULL,NULL,106
734,,NULL,NULL,NULL,106
735,,Piedmont,NULL,NULL,106
736,,Piedmont,NULL,NULL,106
737,,Piemonte,NULL,NULL,106
738,,Piedmont,NULL,NULL,106
739,,Piedmont,NULL,NULL,106
740,,Trentino-Alto Adige,NULL,NULL,106
741,,Piedmont,NULL,NULL,106
742,,Alabama,Clarke,NULL,228
742,,Alabama,Coffee,NULL,228
742,,Alabama,Coffee,Opp East,228
742,,Alabama,Marengo,NULL,228
742,,Alabama,Mobile,NULL,228
742,,Alabama,Monroe,Monroeville,228
742,,Alabama,Monroe,NULL,228
742,,Alabama,NULL,NULL,228
742,,Alabama,Wilcox,NULL,228
743,9,California,Inyo County,NULL,228
744,189,Colorado,San Juan,NULL,228
745,,Alabama,Clarke,NULL,228
745,,Alabama,Clarke/Monroe  line,NULL,228
745,,Alabama,Monroe,NULL,228
745,,Alabama,Wilcox,Coy,228
752,,Alabama,NULL,Albany,228
753,,Alabama,NULL,Anniston,228
754,,AL,Autauga,NULL,228
755,,Alabama,"BALDWIN, AL",NULL,228
756,,AL,Baldwin,NULL,228
757,,Alabama,Baldwin,NULL,228
758,,Alabama,Barbour Co.,Eufaula,228
759,,Alabama,Barbour Co.,NULL,228
760,,AL,Barbour,NULL,228
761,,Alabama,Barbour,NULL,228
762,,Alabama,Bibb Co.,Blockton,228
763,,Alabama,Bibb,NULL,228
763,,Alabama,Bibb Co.,NULL,228
764,,AL,Bibb,NULL,228
765,,Alabama,Birmingham,Birmingham,228
765,,Alabama,NULL,Birmingham,228
766,,Alabama,Blount Co.,Murfees Valley,228
767,,Alabama,Blount Co.,Tidwell Hollow,228
768,,AL,Blount,NULL,228
769,,Alabama,Blount,NULL,228
770,,Alabama,NULL,Brooklyn,228
771,,AL,Bullock,NULL,228
772,,AL,Butler,NULL,228
773,,Alabama,Butler,NULL,228
774,,Alabama,Calhoun Co.,Alexander Gap,228
775,,Alabama,Calhoun Co.,Jacksonville,228
776,,Alabama,Calhoun,NULL,228
776,,Alabama,Calhoun Co.,NULL,228
776,,Alabama,Calhoun Co.,Piedmont,228
777,,AL,Calhoun,NULL,228
778,,Alabama,NULL,Camden,228
779,,Alabama,Chambers Co.,NULL,228
780,,AL,Chambers,NULL,228
781,,Alabama,Cherokee Co.,Goshen Valley,228
782,,Alabama,Cherokee Co.,NULL,228
783,,AL,Cherokee,NULL,228
784,,AL,Chilton,NULL,228
785,,Alabama,Choctaw Co.,Bladon Springs,228
786,,Alabama,Choctaw Co.,Newmans Plantation,228
787,,Alabama,Choctaw,NULL,228
787,,Alabama,Choctaw Co.,NULL,228
787,,Alabama,"CHOCTAW, AL",NULL,228
788,,AL,Choctaw,NULL,228
789,,Alabama,NULL,Chulafinnee,228
790,,Alabama,Clarke Co.,NULL,228
791,,AL,Clarke,NULL,228
792,,Alabama,Clarke,NULL,228
792,,Alabama,"CLARKE, AL",NULL,228
793,,Alabama,Clay Co.,Clay City,228
793,,Alabama,Clay Co.,NULL,228
794,,AL,Clay,NULL,228
795,,Alabama,Cleburne Co.,Arbacoochee,228
796,,Alabama,Cleburne Co.,Chulafinnee,228
797,,Alabama,Cleburne Co.,NULL,228
798,,AL,Cleburne,NULL,228
799,,AL,Coffee,NULL,228
800,,Alabama,Colbert Co.,Dickson,228
801,,AL,Colbert,NULL,228
802,,AL,Conecuh,NULL,228
803,,Alabama,Coosa Co.,Rockford,228
804,,Alabama,Coosa Co.,NULL,228
805,,AL,Coosa,NULL,228
806,,AL,Covington,NULL,228
807,,Alabama,NULL,Cragford,228
808,,AL,Crenshaw,NULL,228
809,,AL,Cullman,NULL,228
810,,Alabama,Dale Co.,NULL,228
811,,AL,Dale,NULL,228
812,,Alabama,Dale,NULL,228
813,,AL,Dallas,NULL,228
814,,Alabama,Dallas,NULL,228
815,,Alabama,NULL,Darlington,228
816,,AL,De Kalb,NULL,228
817,,Alabama,De Kalb,NULL,228
818,,Alabama,Dekalb Co.,Fort Payne,228
819,,AL,DeKalb,NULL,228
820,,Alabama,Elmore Co.,Coosada Station,228
821,,Alabama,Elmore Co.,NULL,228
822,,AL,Elmore,NULL,228
823,,Alabama,NULL,Enfaula,228
824,,AL,Escambia,NULL,228
825,,Alabama,"ESCAMBIA, AL",NULL,228
826,,Alabama,Etowah Co.,Big Ridge,228
827,,Alabama,Etowah Co.,Gadsen,228
828,,Alabama,Etowah Co.,Greensport Gap,228
829,,Alabama,Etowah Co.,Rock Springs,228
830,,AL,Etowah,NULL,228
831,,AL,Fayette,NULL,228
832,,Alabama,"FAYETTE, AL",NULL,228
833,,Alabama,Franklin Co.,Belgreen And The Dismals (Between),228
834,,Alabama,Franklin Co.,Russellville,228
835,,Alabama,Franklin Co.,Franklin Co,228
836,,AL,Franklin,NULL,228
837,,Alabama,NULL,Gadsen,228
838,,AL,Geneva,NULL,228
839,,AL,Greene,NULL,228
840,,Alabama,Greene,NULL,228
840,,Alabama,"GREENE, AL",NULL,228
841,,Alabama,Hale,NULL,228
841,,Alabama,Hale Co.,NULL,228
842,,AL,hale,NULL,228
843,,Alabama,Henry Co.,Eufaula,228
844,,Alabama,Henry Co.,NULL,228
845,,AL,Henry,NULL,228
846,,AL,Houston,NULL,228
847,,Alabama,Jackson Co.,NULL,228
847,,Alabama,"JACKSON, AL",NULL,228
848,,AL,Jackson,NULL,228
849,,Alabama,NULL,Jacksonville,228
850,,Alabama,Jefferson Co.,Birmingham,228
851,,Alabama,Jefferson Co.,Ensley,228
852,,Alabama,Jefferson Co.,Green Springs,228
853,,Alabama,Jefferson Co.,Henry Ellen,228
854,,Alabama,Jefferson Co.,Johns,228
855,,Alabama,Jefferson Co.,Red Mountain,228
856,,Alabama,Jefferson Co.,Red Mtn.,228
857,,Alabama,Jefferson,NULL,228
857,,Alabama,Jefferson Co.,NULL,228
858,,Alabama,Jefferson,Birmingham,228
859,,AL,Jefferson,NULL,228
860,,AL,Lamar,NULL,228
861,,Alabama,"LAMAR, AL",NULL,228
862,,AL,Lauderdale,NULL,228
863,,AL,Lawrence,NULL,228
864,,AL,Lee,NULL,228
865,,Alabama,Limestone Co.,NULL,228
866,,AL,Limestone,NULL,228
867,,AL,Lowndes,NULL,228
868,,AL,Macon,NULL,228
869,,AL,Madison,NULL,228
870,,AL,Marengo,NULL,228
871,,Alabama,Marion Co.,NULL,228
872,,AL,Marion,NULL,228
873,,AL,Marshall,NULL,228
874,,AL,Mobile,NULL,228
875,,Alabama,Mobile,NULL,228
875,,Alabama,"MOBILE, AL",NULL,228
876,,AL,Mobile-OS,NULL,228
877,,Alabama,Monroe Co.,Perdue Hill,228
878,,Alabama,"MONROE, AL",NULL,228
879,,AL,Monroe,NULL,228
880,,Alabama,Montgomery Co.,Montgomery,228
880,,Alabama,NULL,Montgomery,228
881,,AL,Montgomery,NULL,228
882,,AL,Morgan,NULL,228
883,,Alabama,Pentonville,Pentonville,228
884,,AL,Perry,NULL,228
885,,Alabama,"PICKENS, AL",NULL,228
886,,AL,Pickens,NULL,228
887,,AL,Pike,NULL,228
888,,Alabama,Randolph Co.,NULL,228
889,,AL,Randolph,NULL,228
890,,Alabama,Rockford,Rockford,228
891,,AL,Russell,NULL,228
892,,Alabama,NULL,Russellville,228
893,,Alabama,Shelby Co.,Shelby,228
894,,Alabama,"SHELBY, AL",NULL,228
895,,AL,Shelby,NULL,228
896,,Alabama,Shelby,NULL,228
897,,AL,St. Clair,NULL,228
898,,AL,Sumter,NULL,228
899,,Alabama,Talladega Co.,NULL,228
900,,Alabama,NULL,"Talladega, Courthouse (65 Mi. Due S. Of)",228
901,,AL,Talladega,NULL,228
902,,Alabama,Tallapoosa Co.,Hog Mtn.,228
903,,AL,Tallapoosa,NULL,228
904,,Alabama,NULL,Tombigbee River,228
905,,Alabama,Tuscaloosa Co.,Alice Furnace,228
906,,AL,Tuscaloosa,NULL,228
907,,Alabama,Tuscaloosa,NULL,228
907,,Alabama,"TUSCALOOSA, AL",NULL,228
908,,Alabama,Alabama,NULL,228
908,,Alabama,NULL,NULL,228
909,,Alabama,NULL,Vincent,228
910,,Al,Walker,NULL,228
911,,AL,Washington,NULL,228
912,,Alabama,NULL,Wilcox City,228
913,,AL,Wilcox,NULL,228
914,,Alabama,Wilcox,NULL,228
915,,AL,Winston,NULL,228
916,,Alabama,NULL,Woodstock,228
929,,Sverdlovsk Oblast,NULL,NULL,180
930,,Ural Mts,NULL,NULL,180
931,,"Urals, Siberia",NULL,NULL,180
932,189,NULL,NULL,NULL,140
933,189,México,NULL,NULL,140
934,189,Atacama,Pampa Largo Mining District,Pampa Largo Mining District,43
935,189,Utah,NULL,Salt Lake City,228
936,,NULL,NULL,Shoa Robit,69
937,,NULL,NULL,NULL,180
937,,NULL,NULL,NULL,212
938,185,NULL,NULL,NULL,180
939,185,Kamchatka,NULL,NULL,180
940,227,Hawaii,Hawaii,NULL,228
941,227,Hawaii,Hawaii,NULL,228
942,,Uttarakhand,NULL,Devprayag,100
943,185,NULL,NULL,NULL,162
944,185,Alamagan,NULL,NULL,162
945,189,NULL,NULL,Galawauca,202
946,,NULL,Salamanca,NULL,202
947,,Colorado,Lake Co.,Leadville,228
948,113,NULL,NULL,NULL,NULL
949,227,New Mexico,Sandoval,NULL,228
950,227,New Mexico,Sandoval,NULL,228
951,227,New Mexico,Sandoval,NULL,228
952,227,New Mexico,Sandoval,NULL,228
953,,New Mexico,NULL,NULL,228
954,,NULL,NULL,NULL,140
955,,Baja California,NULL,NULL,140
956,,NULL,NULL,NULL,140
957,,Sonora,NULL,NULL,140
958,,NULL,NULL,NULL,140
959,,NULL,Alandroal,Alandroal,175
960,,NULL,Finland,NULL,73
961,,NULL,NULL,NULL,202
962,,Andalusia,NULL,NULL,202
963,189,New Jersey,NULL,NULL,228
964,,Alaotra Mangoro,NULL,Moramanga,129
965,,NULL,NULL,NULL,129
966,185,NULL,NULL,NULL,NULL
966,170,NULL,NULL,NULL,NULL
967,13,NULL,NULL,NULL,NULL
968,13,NULL,NULL,NULL,NULL
969,170,NULL,NULL,NULL,NULL
970,97,NULL,NULL,NULL,NULL
971,189,NULL,Pongo,Pongo,26
972,,NULL,NULL,NULL,NULL
973,,Colorado,San Juan Co.,NULL,228
974,,British Columbia,British Columbia,NULL,38
975,189,Alaska,NULL,Sulzer,228
976,193,Alaska,NULL,Calder,228
977,189,California,Sierra Co.,NULL,228
978,189,Colorado,Eureka,Eureka,228
978,189,Colorado,NULL,NULL,228
978,189,Colorado,San Juan,NULL,228
979,189,Idaho,Washington Co.,NULL,228
980,189,La Paz,NULL,NULL,26
981,240,Alaska,NULL,NULL,228
982,,Alaska,NULL,NULL,228
983,,Alaska,NULL,NULL,228
984,193,Alaska,NULL,NULL,228
985,189,Alaska,NULL,NULL,228
986,,Alaska,NULL,Afognak,228
987,,AK,NULL,NULL,NULL
988,,Alaska,NULL,Anvil Creek,228
989,,Alaska,NULL,Bailey Harbor,228
990,,Alaska,NULL,"Berners Bay, Echo Cove",228
991,,Alaska,Brooks Mountains,Brooks Mountains,228
992,,Alaska,NULL,Brooks Mt,228
993,,Alaska,NULL,Cape Prince Of Wales,228
994,,Alaska,NULL,Chilkoot Pass,228
995,,Alaska,NULL,"Cholmondeley Sound, Dora Bay",228
996,,Alaska,Chulitna,Chulitna,228
997,,Alaska,NULL,Cleary Creek,228
998,,Alaska,NULL,"Controller Bay, Katalla, Bering River",228
999,,Alaska,NULL,Copper Creek,228
1000,,Alaska,NULL,Copper River Valley,228
1001,,Alaska,Denali Borough,NULL,228
1002,,Alaska,Denali,NULL,228
1003,,Alaska,NULL,"Duncan Canal, Castle Islands",228
1004,,Alaska,NULL,Eagle,228
1005,,Alaska,NULL,El Dorado,228
1006,,Alaska,NULL,Ellamar,228
1007,,Alaska,NULL,Elliott Creek,228
1008,,Alaska,NULL,English Bay,228
1009,,Alaska,Fairbanks Dist.,NULL,228
1010,,Alaska,Fairbanks North Star Borough,NULL,228
1011,,Alaska,Fairbanks North Star,NULL,228
1012,,Alaska,NULL,"Fairbanks, Kantishna, White Bear Claim",228
1013,,Alaska,Fairbanks,Fairbanks,228
1013,,Alaska,NULL,Fairbanks,228
1014,,Alaska,NULL,Ft. Wrangel,228
1015,,Alaska,Fort Wrangell,Fort Wrangell,228
1015,,Alaska,NULL,Ft Wrangell,228
1016,,Alaska,NULL,Forty Mile Creek,228
1017,,Alaska,NULL,"Fairbanks (14 Mi. N.E. Of), Gilmore Dome",228
1018,,Alaska,Golovin,Golovin,228
1019,,Alaska,NULL,Hoods Bay,228
1020,,Alaska,NULL,Icy Straits,228
1021,,Alaska,NULL,Isaacs Point,228
1022,,Alaska,NULL,"Juneau, Sheep Creek",228
1023,,Alaska,NULL,Juneau,228
1024,,Alaska,NULL,Katalla District,228
1025,,Alaska,Katmal,NULL,228
1026,,Alaska,NULL,Kennecott River,228
1027,,Alaska,Ketchikan,Ketchikan,228
1028,,Alaska,NULL,Kiguaik Mts,228
1029,,Alaska,NULL,Kiska,228
1030,,Alaska,NULL,Kletsan Creek,228
1031,,Alaska,NULL,Kodiak Island,228
1032,,Alaska,NULL,Kodiak,228
1033,,Alaska,NULL,"Kongarok, Dahl Creek (Above)",228
1034,,Alaska,NULL,Kuskokurin,228
1035,,Alaska,NULL,Lakina River,228
1036,,Alaska,Landlocked Bay,Landlocked Bay,228
1037,,Alaska,NULL,Maracocha,228
1038,,Alaska,NULL,Nizina,228
1039,,Alaska,NULL,Nome,228
1040,,Alaska,NULL,North Chilcat River,228
1041,,Alaska,North Slope Borough,NULL,228
1042,,Alaska,North Slope,NULL,228
1043,,Alaska,NULL,Novarupta(Katmai Region),228
1044,,Alaska,NULL,Nugget Creek,228
1045,,Alaska,"OFFSHORE, AK",NULL,228
1046,,Alaska,NULL,Patterson Creek,228
1047,,Alaska,Platinum,Platinum,228
1048,,Alaska,NULL,Point Barrow,228
1048,,Alaska,NULL,"Point Barrow, Masuknan",228
1049,,Alaska,NULL,Portage Bay,228
1050,,Alaska,NULL,Portland Bench,228
1051,,Alaska,NULL,"Prince William Sound, Copper Mtn.",228
1052,,Alaska,NULL,Red Mountain,228
1053,,Alaska,NULL,Roaring Creek,228
1054,,Alaska,NULL,Seward Bonanza,228
1055,,Alaska,NULL,"Seward Penninsula, Anvil Creek",228
1056,,Alaska,NULL,Sherrette Creek,228
1057,,Alaska,Shishmaref,Shishmaref,228
1058,,Alaska,NULL,Sitka,228
1059,,Alaska,NULL,Skagway,228
1060,,Alaska,NULL,Snettisham,228
1061,,Alaska,Southeast Fairbanks Census Area,NULL,228
1062,,Alaska,Southeast Fairbanks,NULL,228
1063,,Alaska,NULL,"Sulzer, Lime Point",228
1064,,Alaska,Sulzer,Sulzer,228
1065,,Alaska,NULL,"Tanana, Democrat Gulch",228
1066,,Alaska,NULL,"Tokeen, 1 Mi Sw Of Village",228
1067,,Alaska,NULL,"Tokeen, From Quarry 1 Mi Sw Of Village",228
1068,,Alaska,NULL,Tokeen,228
1069,,Alaska,NULL,Ulzer,228
1070,,AK,NULL,NULL,NULL
1071,,AK,NULL,NULL,NULL
1072,,AK,NULL,NULL,NULL
1073,,AK,NULL,NULL,NULL
1074,,AK,NULL,NULL,NULL
1075,,AK,NULL,NULL,NULL
1076,,AK,NULL,NULL,NULL
1077,,AK,NULL,NULL,NULL
1078,,AK,NULL,NULL,NULL
1079,,AK,NULL,NULL,NULL
1080,,AK,NULL,NULL,NULL
1081,,AK,NULL,NULL,NULL
1082,,AK,NULL,NULL,NULL
1083,,AK,NULL,NULL,NULL
1084,,AK,NULL,NULL,NULL
1085,,AK,NULL,NULL,NULL
1086,,AK,NULL,NULL,NULL
1087,,Alaska,Alaska,NULL,228
1087,,Alaska,NULL,NULL,228
1087,,Alaska,NULL,NULL,228
1087,,Alaska,"UNKNOWN, AK",NULL,228
1087,,Alaska,NULL,NULL,NULL
1088,,Alaska,NULL,"Valdez, Afognak",228
1089,,Alaska,NULL,Valdez,228
1090,,Alaska,Valdez-Cordova Census Area Co.,Nabesna,228
1091,,Alaska,NULL,Wellington Is.,228
1092,,Alaska,NULL,"Wrangell District, Glacier Basin",228
1093,,Alaska,NULL,"Wrangell, Trokna",228
1094,,Alaska,NULL,Wrangell,228
1094,,Alaska,NULL,Wrangle,228
1094,,Alaska,Wrangell,Wrangell,228
1095,,Alaska,NULL,York Region,228
1096,,Alaska,NULL,"Yukon Portage, Above",228
1097,,Alaska,NULL,Yukon-Tanana Region,228
1097,,Alaska,NULL,"Yukon-Tanana Region, Fairbanks (100 Mi. Sw Of), Volkmar R.(W Of)",228
1099,228,Alaska,Nome,NULL,228
1100,228,Alaska,Nome,NULL,228
1101,228,Alaska,Nome,NULL,228
1102,227,Alaska,Northwest Arctic,NULL,228
1104,223,Alaska,NULL,NULL,228
1105,,New Mexico,NULL,Pinos Altos,228
1106,240,Alaska,NULL,NULL,228
1107,189,Alaska,NULL,Juneau,228
1108,,Piedmont,NULL,NULL,106
1109,,Nassau,NULL,NULL,81
1110,,Alba Co.,NULL,Botes,179
1111,97,NULL,NULL,NULL,NULL
1112,,NULL,NULL,NULL,179
1113,,Alba,Oraș Baia de Arieș,Offenbánya,179
1114,,Midtjylland,NULL,NULL,58
1115,185,NULL,NULL,Rome,106
1116,,NULL,Alban Hills,Cecchignola,106
1117,,Lazio,NULL,NULL,106
1118,,NULL,Alban Hills,Capo Del Bove,106
1119,,NULL,Alban Hills,Casale Bruner,106
1120,,NULL,Alban Hills,Corcolle,106
1121,185,Latium,NULL,Ariccia,106
1121,185,Latium,NULL,Capo Di Bove,106
1121,185,Latium,NULL,Ferentino,106
1121,185,Latium,NULL,Tavolato,106
1122,,NULL,Alban Hills,Osa,106
1123,185,Tuscany,NULL,Capodi Bove,106
1124,,Latium,Ariccia,Ariccia,106
1125,,NULL,NULL,NULL,2
1126,,Lazio,NULL,NULL,106
1127,,Lazio,NULL,NULL,106
1128,,Georgia,Dougherty,NULL,228
1129,193,Kentucky,Clinton,NULL,228
1130,,Maine,NULL,NULL,228
1130,,Maine,Oxford Co.,NULL,228
1130,189,Maine,Oxford Co.,NULL,228
1131,,Vermont,NULL,NULL,228
1132,,Wyoming,NULL,NULL,228
1133,,NULL,NULL,NULL,140
1134,,NULL,NULL,NULL,106
1135,220,NULL,NULL,NULL,63
1136,189,Virginia,Nelson Co.,Fabers,228
1137,189,New Mexico,NULL,NULL,228
1138,142,NULL,NULL,NULL,NULL
1139,,Liguria,NULL,NULL,106
1140,,Virginia,Schuyler,Schuyler,228
1141,,Virginia,Albemarle Co.,NULL,228
1141,,Virginia,NULL,NULL,228
1141,193,Virginia,NULL,NULL,228
1142,,Aveiro,NULL,NULL,175
1143,,Coahuila,Coahuila,NULL,140
1144,209,British Columbia,NULL,NULL,38
1145,,NULL,NULL,NULL,81
1146,,Saxony,Saxony,NULL,81
1147,193,Vermont,NULL,West Rutland Twp,228
1148,,Maine,Mexico,Mexico,228
1149,,Indiana,Perry,NULL,228
1150,,Oregon,NULL,NULL,228
1151,70,Minnesota,Freeborn,NULL,228
1152,189,New Brunswick,NULL,NULL,38
1153,189,NULL,NULL,NULL,150
1154,189,New Brunswick,New Brunswick,NULL,38
1154,189,New Brunswick,NULL,NULL,38
1155,189,Nova Scotia,NULL,NULL,38
1156,,Alberta,NULL,NULL,38
1157,189,Idaho,NULL,NULL,228
1158,189,New Mexico,NULL,NULL,228
1159,,Alberta,NULL,Calgary,38
1161,,Alberta,NULL,NULL,38
1161,,Alberta,NULL,"Twp 94, Range 11W4",38
1161,,NULL,"ALBERTA, CANADA",NULL,38
1163,,Alberta,NULL,Castle Mt,38
1164,,Alberta,NULL,Laggan (6 Mi Ne) Ptarmigan Peak (Ne Foothills),38
1165,,Alberta,NULL,Laggan,38
1166,,Michigan,Baraga Co.,NULL,228
1167,,Michigan,Alberta,Alberta,228
1167,,Michigan,NULL,Alberta,228
1168,,Alberta,Nanton,Nanton,38
1169,,Alberta,St. Mary's River,St. Mary's River,38
1170,189,Lower Saxony,NULL,NULL,81
1171,,NULL,NULL,Albigua Bargell,209
1172,,NULL,NULL,NULL,22
1173,193,NULL,NULL,NULL,22
1175,189,Nevada,Eureka Co.,Eureka,228
1176,189,Utah,Salt Lake County,NULL,228
1177,193,Pennsylvania,Northampton Co.,Pen Argyl,228
1178,,ID,NULL,NULL,228
1179,,Colorado,Lake County,NULL,228
1180,189,Queensland,NULL,"Heberton (Near), Mt. Albion",13
1181,220,Andalusia,NULL,NULL,202
1182,91,NULL,NULL,NULL,NULL
1183,252,NULL,NULL,NULL,NULL
1184,227,Minnesota,St Louis,NULL,228
1185,227,Newfoundland,NULL,NULL,38
1186,227,Newfoundland,NULL,NULL,38
1187,189,Colorado,Gilpin Co.,NULL,228
1188,,Valais,NULL,NULL,209
1189,,NULL,NULL,NULL,81
1190,,NULL,NULL,NULL,85
1191,,New Mexico,NULL,NULL,228
1192,,Extremadura,NULL,NULL,202
1193,189,Extremadura,NULL,NULL,202
1194,189,California,Nevada Co.,NULL,228
1195,189,California,NULL,Grass Valley,228
1196,,NULL,NULL,NULL,43
1197,189,NULL,NULL,NULL,43
1198,189,Antofagasta,Cerritos Bayos,Cerritos Bayos,43
1198,189,Antofagasta,NULL,NULL,43
1199,189,Atacama,NULL,NULL,43
1200,,NULL,NULL,NULL,43
1201,,NULL,Alcarea,Alcarea,175
1202,185,NULL,NULL,NULL,63
1203,,NULL,Shigar Valley,Shigar Valley,165
1204,,NULL,NULL,NULL,165
1205,189,Colorado,Hardin,Robinson,228
1206,189,Illinois,Hardin Co.,NULL,228
1206,189,Illinois,NULL,NULL,228
1206,189,Illinois,Rosiclaire,Rosiclaire,228
1207,193,Quebec,Gatineau Co.,NULL,38
1208,,Northern Territory,NULL,NULL,13
1209,189,Tennessee,NULL,NULL,228
1210,185,Tamaulipas,NULL,NULL,140
1211,,Chihuahua,NULL,NULL,140
1212,,Eastern Siberia,Aldan,Aldan,180
1213,,Yakutia-Sakha Republic,NULL,NULL,180
1214,189,Yakutia-Sakha Republic,NULL,NULL,180
1215,,Minas Gerais,Conselheira Pena,Conselheira Pena,30
1216,,Minas Gerais,NULL,NULL,30
1217,,New York,NULL,NULL,228
1218,248,NULL,NULL,NULL,NULL
1219,,British Columbia,British Columbia,NULL,38
1220,,Queensland,NULL,NULL,13
1221,,Queensland,NULL,NULL,13
1222,193,Massachusetts,NULL,Becket,228
1223,,NULL,NULL,Aldersnas,208
1224,,Quebec,NULL,NULL,38
1225,189,Maine,Stoneham,Stoneham,228
1226,,NULL,NULL,NULL,227
1227,,Alvsborg,NULL,NULL,208
1228,189,NULL,NULL,NULL,208
1229,193,Ontario,NULL,NULL,38
1230,189,Junin,Morococna,Morococna,171
1231,220,NULL,NULL,NULL,43
1232,,Alemtejo Prov,NULL,Estremoz,175
1232,,Alemtejo Prov,NULL,Estrmoz (Quarries At),175
1233,,NULL,NULL,NULL,175
1234,,NULL,NULL,NULL,NULL
1235,,NULL,NULL,Alerheim,81
1236,189,NULL,NULL,NULL,81
1237,,Piedmont,NULL,NULL,106
1238,,Wales,NULL,NULL,227
1239,,NULL,Portugal,NULL,175
1240,252,NULL,NULL,NULL,NULL
1241,252,NULL,NULL,NULL,NULL
1242,252,NULL,NULL,NULL,NULL
1243,252,NULL,NULL,NULL,NULL
1244,,Alaska,NULL,NULL,228
1245,85,NULL,NULL,NULL,NULL
1246,,North Carolina,NULL,NULL,228
1247,,NULL,NULL,NULL,NULL
1248,,North Carolina,Alexander Co.,NULL,228
1249,,North Carolina,NULL,NULL,228
1250,,North Carolina,NULL,NULL,228
1251,,North Carolina,Alexander Co.,NULL,228
1251,,North Carolina,NULL,NULL,228
1252,,CA,NULL,NULL,228
1253,,NULL,NULL,NULL,8
1254,189,South Dakota,Silver City,Silver City,228
1255,193,Tennessee,Loudon Co.,Friendsville Area,228
1256,189,NULL,Goslar,Goslar,81
1257,193,NULL,NULL,NULL,NULL
1258,,Alexandria,NULL,Alexandria,64
1259,,NULL,NULL,Alexandria,64
1260,,New Hampshire,Grafton Co.,NULL,228
1260,,New Hampshire,NULL,NULL,228
1261,,New York,NULL,NULL,228
1262,,NULL,NULL,NULL,156
1263,189,NULL,NULL,NULL,81
1264,189,Lower Saxony,NULL,NULL,81
1265,189,NULL,NULL,NULL,NULL
1266,,North Carolina,Gaston Co.,NULL,228
1267,189,Ontario,Ontario,NULL,38
1268,189,Ontario,NULL,NULL,38
1269,,Connecticut,Haddam,Haddam,228
1270,,NULL,NULL,NULL,NULL
1271,,NULL,NULL,NULL,NULL
1272,,NULL,NULL,NULL,NULL
1273,227,Ontario,NULL,NULL,38
1274,189,England,Cornwall And Isles Of Scilly,NULL,227
1275,,NULL,NULL,NULL,202
1276,189,New Hampshire,Grafton,Grafton,228
1277,,NULL,Algeria,NULL,3
1277,,NULL,NULL,NULL,3
1277,,NULL,NULL,NULL,NULL
1278,,NULL,NULL,NULL,3
1279,,NULL,NULL,NULL,NULL
1280,,Sardinia,NULL,NULL,106
1281,,NULL,NULL,Algiers,3
1282,209,Ontario,NULL,NULL,38
1283,,Ontario,NULL,NULL,38
1284,189,Ontario,NULL,NULL,38
1285,47,Michigan,Emmet,Bliss,228
1286,209,Ontario,NULL,Algoma,38
1286,209,Ontario,NULL,Balfour,38
1287,189,Michigan,Michigan,NULL,228
1287,189,Michigan,NULL,NULL,228
1287,189,Michigan,Ontonagon Co.,NULL,228
1288,189,Montana,Granite Co.,NULL,228
1289,189,Montana,Granite Co.,NULL,228
1290,,Ontario,NULL,NULL,38
1291,189,New Mexico,Grant Co.,NULL,228
1291,189,New Mexico,NULL,Mining Districts,228
1292,,California,Los Angeles Co.,NULL,228
1293,189,Tarapaca,NULL,NULL,43
1294,189,Tarapaca Prov,NULL,Oficina Victoria,43
1295,193,Maharashtra,NULL,NULL,100
1296,189,Irkutskaya Oblast,Irkutsk,Irkutsk,180
1297,189,Siberia Region,NULL,NULL,180
1298,,Colorado,Climax,Climax,228
1299,189,NULL,NULL,NULL,171
1300,,Colorado,Lake Co.,NULL,228
1301,,NULL,Alicante,Alicante,202
1301,,NULL,NULL,Alicante,202
1302,189,California,Nevada Co.,Nevada Springs,228
1303,189,Colorado,Clear Creek Co.,NULL,228
1304,189,NULL,Zimbabwe,NULL,241
1305,189,Colorado,Boulder Co.,Jamestown,228
1305,189,Colorado,Boulder Co.,NULL,228
1305,189,Colorado,Gilpin Co.,NULL,228
1306,189,Montana,Butte,Butte,228
1306,189,Montana,NULL,Butte,228
1306,189,Montana,Silver Bow Co.,Butte,228
1307,189,Utah,Salt Lake Co.,NULL,228
1308,189,Texas,El Paso Co.,NULL,228
1309,189,Nevada,Elko Co.,Contact,228
1310,189,Montana,NULL,Butte,228
1311,189,San Luis Potosí,NULL,"Cinaloe, Copalo",140
1312,248,NULL,NULL,NULL,49
1313,,NULL,NULL,NULL,3
1314,97,NULL,NULL,NULL,NULL
1315,,NULL,NULL,NULL,NULL
1316,,Sinaloa,NULL,NULL,140
1317,189,Santander,NULL,NULL,202
1318,,Puerto Rico,NULL,NULL,176
1319,,NULL,Portugal,NULL,175
1320,,Colorado,NULL,NULL,228
1321,70,Montana,Lincoln,NULL,228
1322,,Jönköping,NULL,Gränna,208
1323,,NULL,NULL,NULL,50
1323,,NULL,NULL,NULL,213
1324,,Rhône-Alpes,Isere Dept.,NULL,74
1325,189,NULL,NULL,Reefton,156
1326,189,California,Plumas Co.,Indian Valley,228
1327,189,Virginia,Louisa County,Mineral (near),228
1328,,New Jersey,Monmouth,Farmingdale,228
1329,,New Jersey,Monmouth,Farmingdale,228
1330,,Valais,NULL,NULL,209
1331,,NULL,NULL,Allambi Station,13
1332,209,Texas,Hudspeth Co.,NULL,228
1333,,Kentucky,Woodford Co.,"Midway (1 Mi. N.W. Of), Allan Davis Farm",228
1334,113,NULL,NULL,NULL,NULL
1335,113,Idaho,NULL,NULL,228
1336,,Auvergne,Cantal Dept.,NULL,74
1337,,Quebec,NULL,NULL,38
1338,189,Georgia,NULL,Cartersville,228
1339,,NULL,NULL,NULL,74
1340,,Rhône-Alpes,Isere Dept.,NULL,74
1341,,NULL,NULL,Allbuck,81
1342,,NULL,Majdan,Majdan,128
1342,189,NULL,NULL,NULL,NULL
1343,,Macedonia,Majdan,Majdan,128
1344,,NULL,NULL,Allchar,128
1344,,NULL,NULL,NULL,128
1344,,NULL,NULL,NULL,NULL
1345,,Central Macedonia,NULL,NULL,84
1346,227,Michigan,Allegan,NULL,228
1347,227,Michigan,Allegan,NULL,228
1348,227,Michigan,Allegan,NULL,228
1349,227,Michigan,Allegan,NULL,228
1350,227,Michigan,Allegan,NULL,228
1351,227,Michigan,Allegan,NULL,228
1352,227,Michigan,Allegan,NULL,228
1353,227,Michigan,Allegan,NULL,228
1354,227,Michigan,Allegan,NULL,228
1355,227,Michigan,Allegan,NULL,228
1356,209,California,Sierra Co.,Alleghany,228
1357,189,Virginia,NULL,NULL,228
1358,,North Carolina,Madison Co.,NULL,228
1359,,Colorado,Lake Co.,Leadville,228
1360,,NULL,NULL,NULL,106
1361,,Rhône-Alpes,Isere Dept.,NULL,74
1362,,Auvergne,NULL,NULL,74
1363,,NULL,NULL,NULL,74
1364,,NULL,Allemont,Allemont,74
1364,,NULL,NULL,NULL,74
1365,,NULL,NULL,NULL,74
1366,,Rhône-Alpes,Isere Dept.,NULL,74
1367,,NULL,NULL,NULL,74
1368,189,Virginia,Augusta Co.,NULL,228
1369,205,Texas,Presidio Co.,NULL,228
1370,189,North Carolina,Cabarrus,NULL,228
1371,189,Virginia,Amelia Co.,NULL,228
1371,189,Virginia,NULL,NULL,228
1372,178,Florida,NULL,Mayo,228
1374,189,Maryland,Prince George's Co.,NULL,228
1375,189,Virginia,Augusta Co.,NULL,228
1376,193,Washington,Stevens Co.,NULL,228
1376,193,Washington,Stevens Co.,Valley,228
1377,193,Maine,NULL,Mt. Desert,228
1378,193,Washington,Stevens Co.,NULL,228
1379,,Texas,Uvalde,NULL,228
1380,189,England,Cumbria,NULL,227
1381,,England,Northumberland,NULL,227
1382,,England,NULL,NULL,227
1383,189,South Dakota,Pennington Co.,NULL,228
1384,,New Jersey,Monmouth Co.,NULL,228
1384,,New Jersey,NULL,NULL,228
1385,,Pennsylvania,Lehigh Co.,NULL,228
1386,227,NULL,NULL,NULL,228
1387,248,NULL,NULL,NULL,228
1388,70,Wisconsin,Vilas,NULL,228
1389,102,Illinois,Piatt,NULL,228
1389,,Illinois,Piatt,NULL,228
1390,,NULL,NULL,NULL,74
1391,,Rhône-Alpes,Isere Dept.,NULL,74
1392,,NULL,NULL,NULL,NULL
1393,189,Colorado,Boulder Co.,NULL,228
1394,,NULL,Alliers,Alliers,74
1395,,Allier,Allier,NULL,74
1396,189,New South Wales,Deepwater,Deepwater,13
1397,189,NULL,County Cork,NULL,104
1398,,Arkansas,NULL,Little Rock,228
1398,193,Arkansas,NULL,Little Rock,228
1399,70,Alaska,Valdez Cordona,NULL,228
1400,189,Idaho,Owyhee Co.,NULL,228
1401,189,California,California,NULL,228
1401,189,California,Nevada Co.,NULL,228
1402,189,California,Nevada Co.,NULL,228
1403,189,North Carolina,Macon Co.,NULL,228
1404,195,NULL,NULL,NULL,74
1404,70,NULL,NULL,NULL,74
1404,70,NULL,NULL,NULL,NULL
1404,,NULL,NULL,NULL,NULL
1405,189,Michigan,NULL,NULL,228
1406,189,Michigan,Keweenaw Co.,NULL,228
1406,189,Michigan,Michigan,NULL,228
1406,189,Michigan,NULL,NULL,228
1407,,Texas,Brewster Co.,NULL,228
1408,,NULL,NULL,Allrode,81
1409,70,MN,Scott,NULL,228
1410,70,MN,Wabasha,NULL,228
1411,178,MN,Wabasha,NULL,228
1412,178,MN,"Buffalo, WI",NULL,228
1413,178,MN,Houston,NULL,228
1414,,Murmansk Oblast,Lovozero,Lovozero,180
1415,,Murmansk Oblast,NULL,NULL,180
1416,,Lazio,NULL,NULL,106
1417,,NULL,Allvergne,Allvergne,74
1418,,Auvergne,Haute-Loire Dept.,NULL,74
1419,,NULL,NULL,NULL,74
1420,,NULL,NULL,NULL,136
1421,,Oklahoma,NULL,NULL,228
1422,189,Arkansas,NULL,NULL,228
1423,189,California,Alameda Co.,NULL,228
1423,189,California,Contra Costa Co.,NULL,228
1423,189,California,Leona Heights,Leona Heights,228
1424,189,Montana,NULL,Butte,228
1425,,Colorado,Park Co.,NULL,228
1426,189,California,NULL,NULL,228
1427,189,Castilla-La Mancha,NULL,NULL,202
1428,189,Castilla-La-Mancha,NULL,Almaden Co,202
1428,189,Castilla-La-Mancha,NULL,NULL,202
1429,189,Colorado,Gilpin Co.,NULL,228
1430,209,Castilla-La-Mancha,NULL,Ancisco Department,202
1430,209,Castilla-La-Mancha,NULL,NULL,202
1431,,Ciudad Real,Almaden,Almaden,202
1432,,NULL,Almaden,Almaden,202
1432,,NULL,NULL,Almaden,202
1432,,NULL,NULL,NULL,202
1433,,Castilla-La Mancha,NULL,NULL,202
1434,189,Castilla-La-Mancha,NULL,NULL,202
1435,,Guerrero,NULL,NULL,140
1436,,NULL,NULL,NULL,231
1437,189,North Carolina,NULL,NULL,228
1438,,Transilvania Region,NULL,NULL,179
1439,,Transylvania,Transylvania,NULL,179
1440,189,Pennsylvania,NULL,Bloomsburg,228
1441,,NULL,NULL,NULL,202
1442,,Andalusia,NULL,NULL,202
1443,,Almeria,Adra,Adra,202
1444,,Almeria,Algerami On Cabode Gata,Algerami On Cabode Gata,202
1445,,Andalusia,NULL,NULL,202
1446,,Almeria,Finana,Finana,202
1447,,Almeria,Nijar,Nijar,202
1448,,Andalusia,NULL,NULL,202
1449,,Almeria,Oria,Oria,202
1450,,Andalusia,NULL,NULL,202
1451,,Andalusia,NULL,NULL,202
1452,,NULL,Almeria,Almeria,202
1452,,NULL,NULL,NULL,202
1453,,Almeria,Almeria,NULL,202
1454,,Almería,NULL,NULL,202
1455,,Andalusia,NULL,NULL,202
1456,189,Minas Gerais,NULL,NULL,30
1457,,Hesse,NULL,NULL,81
1458,,NULL,NULL,"Almerode, Gross",81
1459,,Andalucía,NULL,NULL,202
1460,,NULL,NULL,NULL,163
1461,,NULL,Vanylven,Vanylven,163
1462,,NULL,NULL,Lieu,163
1463,,MD,NULL,NULL,228
1464,189,Arkansas,Boone Co.,NULL,228
1465,205,NULL,NULL,NULL,208
1465,205,NULL,NULL,Sondsvall,208
1466,220,NULL,NULL,Aldersnas,208
1466,220,NULL,NULL,As,208
1466,220,NULL,NULL,Langorsholmen,208
1466,220,NULL,NULL,NULL,208
1466,220,NULL,NULL,Slada,208
1466,220,NULL,NULL,Smedgarden,208
1466,220,NULL,NULL,Stolpas,208
1466,220,NULL,NULL,Stornaset,208
1467,,NULL,Alno,Alno,208
1467,,NULL,NULL,Alno,208
1467,,NULL,NULL,Alnon,208
1467,,NULL,NULL,NULL,208
1468,,Alabama,Mobile,NULL,228
1469,53,Ontario,NULL,NULL,38
1470,,NULL,NULL,Along Coast,104
1471,,NULL,NULL,NULL,96
1472,,Missouri,NULL,NULL,228
1474,,Andalusia,NULL,NULL,202
1475,,Andalusia,NULL,NULL,202
1476,,Trentino-Alto Adige,NULL,NULL,106
1477,,NULL,NULL,NULL,209
1478,,Valais,NULL,NULL,209
1479,,NULL,NULL,NULL,209
1480,,Valais,NULL,NULL,209
1481,,NULL,NULL,NULL,209
1482,112,Graubünden,NULL,NULL,209
1483,,Graubunden,NULL,NULL,209
1484,,Graubunden,NULL,NULL,209
1485,,Graubunden,NULL,NULL,209
1486,,Graubunden,NULL,NULL,209
1487,,Graubunden,NULL,NULL,209
1488,248,NULL,Schwyz,NULL,209
1489,,NULL,NULL,NULL,106
1490,112,Graubünden,NULL,NULL,209
1491,,NULL,NULL,NULL,209
1492,,Valais,NULL,NULL,209
1493,189,NULL,NULL,Yurbi,171
1494,112,NULL,NULL,NULL,106
1495,,Ticino,NULL,Gorduno,209
1496,,NULL,NULL,NULL,209
1497,,NULL,Switzerland,NULL,209
1498,,Tessin,Tessin,NULL,209
1499,,Ticino,NULL,NULL,209
1500,,Trentino-Alto Adige,NULL,NULL,106
1501,,Piedmont,NULL,NULL,106
1502,,Ticino,NULL,NULL,209
1503,,Trentino-Alto Adige,NULL,NULL,106
1504,,Trentino-Alto Adige,NULL,NULL,106
1505,,Trentino-Alto Adige,NULL,NULL,106
1506,,Trentino-Alto Adige,NULL,NULL,106
1507,,Trentino-Alto Adige,NULL,NULL,106
1508,,Trentino-Alto Adige,NULL,NULL,106
1509,,Trentino-Alto Adige,NULL,NULL,106
1510,,Trentino-Alto Adige,NULL,NULL,106
1511,,Trentino-Alto Adige,NULL,NULL,106
1512,,Trentino-Alto Adige,NULL,NULL,106
1513,,Trentino-Alto Adige,NULL,NULL,106
1514,,Trentino-Alto Adige,NULL,NULL,106
1515,,Trentino-Alto Adige,NULL,NULL,106
1516,,Trentino-Alto Adige,NULL,NULL,106
1517,,Trentino-Alto Adige,NULL,NULL,106
1518,,Piedmont,NULL,NULL,106
1519,,Valais,Binntal,Binntal,209
1520,,Graubunden,NULL,NULL,209
1521,,Piedmont,NULL,NULL,106
1522,,Sardinia,NULL,NULL,106
1523,,Piedmont,NULL,NULL,106
1524,,Piedmont,NULL,NULL,106
1525,,Piedmont,NULL,NULL,106
1526,,Piedmont,NULL,NULL,106
1527,,Graubunden,Graubunden,NULL,209
1527,,Graubunden,Grissons,Grissons,209
1527,,Graubunden,Val Grisons,Val Grisons,209
1528,,Graubunden,NULL,NULL,209
1529,,Piedmont,NULL,NULL,106
1530,,Tirol,Zillerthal,Zillerthal,14
1531,,Ticino,NULL,NULL,209
1532,,NULL,NULL,NULL,106
1533,,Michigan,NULL,NULL,228
1534,,Michigan,"ALPENA, MI",NULL,228
1534,,Michigan,"ARENAC, MI",NULL,228
1534,,Michigan,NULL,Alpena,228
1535,,NULL,Alpes-Maritimes,Luceram,74
1536,,Provence-Alpes-Côte d'Azur,NULL,NULL,74
1537,124,NULL,NULL,NULL,NULL
1538,,California,NULL,Grass Valley,228
1539,189,Nevada,Elko Co.,Jarbidge,228
1539,189,Nevada,Elko Co.,NULL,228
1539,189,Nevada,White Pine Co.,NULL,228
1540,189,New Jersey,Somerset Co.,NULL,228
1541,189,NULL,NULL,Noumea,74
1542,93,NULL,NULL,NULL,NULL
1543,128,NULL,NULL,NULL,NULL
1544,128,NULL,NULL,NULL,NULL
1545,,Tuscany,Ripa,Ripa,106
1546,,Ticino,NULL,NULL,209
1547,,Trentino-Alto Adige,NULL,NULL,106
1548,,Trentino-Alto Adige,NULL,NULL,106
1550,189,California,San Benito Co.,NULL,228
1551,189,California,Alpine Co.,NULL,228
1552,,California,NULL,Nevada City,228
1553,,NULL,NULL,NULL,NULL
1554,,California,San Diego Co.,NULL,228
1555,,California,NULL,NULL,228
1556,,Texas,Alpine Co.,NULL,228
1557,,Texas,NULL,NULL,228
1558,,California,NULL,NULL,228
1559,,NULL,NULL,NULL,NULL
1559,,NULL,NULL,NULL,NULL
1560,,Piedmont,NULL,NULL,106
1561,,NULL,NULL,NULL,209
1562,189,Colorado,Gilpin Co.,NULL,228
1563,189,Nevada,Lincoln Co.,NULL,228
1563,189,Nevada,Pioche,Pioche,228
1564,113,Auvergne Rhône-Alpes,Haute-Savoie (74),Servoz,74
1565,113,Upper Austria,NULL,NULL,14
1566,113,Valais,Saint-Maurice,Finhaut,209
1567,,NULL,NULL,NULL,209
1568,,Alps,Alps,NULL,NULL
1569,,NULL,NULL,NULL,106
1570,,Graubunden,NULL,NULL,209
1571,,NULL,NULL,NULL,106
1572,,NULL,NULL,NULL,209
1573,,NULL,NULL,NULL,106
1574,,Valais,NULL,NULL,209
1575,,Provence-Alpes-Côte d'Azur,Alpes-De-Haute Provence Dept.,NULL,74
1576,,NULL,NULL,NULL,210
1577,,Alsace,Bergheim,Bergheim,74
1578,,Alsace,NULL,Erlenthal,74
1579,,Alsace,NULL,Ermensbach,74
1580,,NULL,NULL,NULL,74
1581,,NULL,NULL,Alsace,74
1581,,NULL,NULL,NULL,74
1582,,Alsace,NULL,NULL,74
1583,,Alsace,Haut-Rhin Dept.,NULL,74
1584,,Alsace,Haut-Rhin,Bourbach,74
1585,,Alsace,Haut-Rhin,Gebweiler,74
1586,,Alsace,NULL,"Hohwald, Canton Haag",74
1587,,Alsace,NULL,Markich,74
1588,,NULL,NULL,NULL,74
1589,,NULL,NULL,NULL,81
1590,,Alsace,NULL,Rauenthal,74
1591,,Alsace,NULL,Saint Lavy,74
1592,,Alsace,NULL,St Etienne,74
1593,,Alsace,NULL,Steige,74
1594,,NULL,NULL,NULL,81
1595,,NULL,NULL,NULL,81
1596,,NULL,NULL,Alsfeld,81
1597,,Southern Transdanubia,Tolna,Kapospula,98
1598,,NULL,NULL,NULL,98
1599,,NULL,NULL,NULL,NULL
1600,189,Nevada,Pioche,Pioche,228
1601,,Slovensko,NULL,NULL,196
1602,189,Minnesota,NULL,NULL,228
1603,,New Hampshire,NULL,NULL,228
1604,189,New Hampshire,NULL,Alsted,228
1605,,England,Cumbria,NULL,227
1605,189,England,Cumbria,NULL,227
1606,,England,Cumbria,NULL,227
1606,,England,NULL,NULL,227
1607,,Cumbria,NULL,NULL,NULL
1608,,England,Cumbria,NULL,227
1609,,England,Cumbria,NULL,227
1610,,England,Cumbria,NULL,227
1611,,England,Cumbria,NULL,227
1612,,England,Cumbria,NULL,227
1613,,England,Cumbria,NULL,227
1614,,England,Cumbria,NULL,227
1615,189,Alaska,NULL,Copper Bay,228
1615,189,Alaska,NULL,"Prince Of Wales I, Copper Bay",228
1616,,Transilvania Region,NULL,NULL,179
1617,,NULL,NULL,NULL,163
1618,,Utah,NULL,NULL,228
1619,189,Colorado,NULL,NULL,228
1620,189,California,Smith River,Smith River,228
1621,189,Tirol,NULL,Zillerthal,14
1622,189,Mato Groso,NULL,NULL,30
1623,189,Hidalgo,NULL,Pachuca,140
1624,,NULL,NULL,NULL,148
1625,,Niassa,NULL,NULL,148
1626,189,California,Del Norte Co.,NULL,228
1627,189,Montana,Beaverhead Co.,NULL,228
1627,189,Montana,NULL,NULL,228
1628,189,Sonora,NULL,NULL,140
1629,,NULL,NULL,NULL,163
1630,,Corsica,NULL,NULL,74
1631,,Finnmark,NULL,NULL,163
1632,,Utah,Salt Lake Co.,NULL,228
1633,,NULL,NULL,NULL,163
1634,,Utah,NULL,NULL,228
1635,209,NULL,NULL,NULL,NULL
1636,,Altai Kray,Zmeinogorsky District,Zmeinogorsk,180
1637,,NULL,Nikolajesosk,Nikolajesosk,180
1637,,NULL,Russia,NULL,180
1638,,Altai Mtns.,Altai Mtns.,NULL,180
1639,,NULL,NULL,NULL,106
1640,,NULL,NULL,NULL,180
1641,,Alabama,Etowah Co.,NULL,228
1642,,NULL,NULL,NULL,81
1643,178,NULL,NULL,NULL,228
1644,205,Georgia,Jeff Davis Co.,NULL,228
1645,248,NULL,NULL,NULL,228
1646,248,Georgia,NULL,Doctortown,228
1646,248,Georgia,NULL,NULL,228
1647,178,Georgia,NULL,Doctortown,228
1647,178,Georgia,NULL,Everett,228
1650,,Georgia,Wayne,Doctortown,228
1651,209,NULL,NULL,NULL,140
1652,209,Sonora,NULL,NULL,140
1653,189,Sonora,NULL,NULL,140
1654,,Sonora,NULL,NULL,140
1655,,Sonora,NULL,NULL,140
1656,,NULL,NULL,NULL,NULL
1657,,NULL,NULL,Altav,43
1658,,Altay Kray Ca.,NULL,NULL,180
1659,,Altay Kray,NULL,NULL,180
1660,,Khakassia Republic Ca.,NULL,NULL,180
1661,,Altay Kray,NULL,NULL,180
1661,,Altay Kray,NULL,NULL,NULL
1662,,Altay Kray,NULL,NULL,180
1663,,Altayskiy kray,Zmyeinogorsk,Zmyeinogorsk,180
1664,,Uri,NULL,NULL,209
1665,189,Uri,NULL,NULL,209
1666,189,North Rhine-Westphalia,NULL,NULL,81
1667,189,NULL,NULL,NULL,81
1668,189,Saxony,Freiberg,Freiberg,81
1669,189,NULL,NULL,NULL,81
1670,189,Saxony,NULL,NULL,81
1671,189,Saxony,Voigtsberg,Voigtsberg,81
1672,,Saxony,NULL,NULL,81
1673,189,NULL,NULL,NULL,81
1674,189,North Rhine-Westphalia,NULL,NULL,81
1675,209,NULL,NULL,Altenberg,81
1675,209,NULL,NULL,NULL,81
1676,,Saxony,NULL,NULL,81
1677,,Saxony,NULL,NULL,81
1678,,Saxony,NULL,NULL,81
1679,,Saxony,NULL,NULL,81
1680,189,NULL,NULL,NULL,81
1681,189,Bohemia Region,NULL,NULL,57
1682,189,North Rhine-Westphalia,NULL,NULL,81
1683,189,Saxony,NULL,NULL,81
1684,,Saxony,NULL,NULL,81
1685,,Saxony,NULL,NULL,81
1686,,NULL,NULL,NULL,81
1688,,Saxony,NULL,Altenberg,81
1688,,Saxony,NULL,Altenburg (Near),81
1689,,Rhine,NULL,NULL,81
1690,,NULL,NULL,NULL,81
1690,,Saxony,NULL,NULL,81
1690,,NULL,NULL,NULL,NULL
1691,,Rhine,NULL,NULL,81
1692,,Saxony,NULL,NULL,81
1693,,Saxony,NULL,NULL,81
1694,,NULL,NULL,"Altenbrak, Praeceptorkleiffe",81
1695,193,NULL,NULL,Altenburg,81
1696,,Bavaria,NULL,NULL,81
1697,,North Rhine-Westphalia,NULL,NULL,81
1698,,NULL,Portugal,NULL,175
1699,,NULL,Alter Pedroso,Alter Pedroso,175
1699,,NULL,NULL,Alter Pedroso,175
1700,,Bohemia Region,NULL,NULL,57
1701,,NULL,NULL,NULL,175
1702,189,North Rhine-Westphalia,NULL,NULL,81
1703,189,Arizona,Yuma Co.,Castle Dome,228
1704,,NULL,NULL,NULL,227
1705,,Mendoza,NULL,NULL,10
1706,189,Nevada,Elko Co.,Jarbidge,228
1707,,NULL,NULL,NULL,81
1708,189,Nevada,White Pine Co.,NULL,228
1709,,Bohemia Region,NULL,NULL,57
1710,,NULL,NULL,NULL,175
1711,,Paraiba,NULL,NULL,30
1712,,Rio Grande Do Norte,NULL,NULL,30
1713,209,Paraiba,NULL,Junco do Serido,30
1714,,Cochabamba,NULL,NULL,26
1715,189,Rio Grande Do Norte,NULL,NULL,30
1716,,Guarda,Guarda,NULL,175
1717,189,Santander,Santander,NULL,47
1718,,NULL,NULL,NULL,175
1719,,Minas Gerais,NULL,NULL,30
1720,189,Rio Grande Do Norte,NULL,NULL,30
1721,,Rio Grande Do Norte,Equador,Equador,30
1722,,Rio Grande Do Norte,NULL,NULL,30
1723,189,Beira Prov,NULL,"Condeixa, Alto Do Sangradao",175
1724,,Rio Grande Do Norte,NULL,NULL,30
1725,189,Rio Grande do Norte,NULL,Parelhas,30
1726,,Rio Grande Do Norte,NULL,NULL,30
1727,,Rio Grande do Norte,NULL,NULL,30
1728,,NULL,NULL,NULL,129
1728,,NULL,NULL,NULL,148
1729,,Niassa,NULL,NULL,148
1730,189,NULL,NULL,NULL,148
1731,,Paraiba,Junco,Junco,30
1732,,NULL,Brazil,NULL,30
1733,189,Arizona,NULL,NULL,228
1734,,NULL,NULL,NULL,148
1735,,California,Marin Co.,NULL,228
1736,189,North Carolina,NULL,NULL,228
1737,,Idaho,Idaho,NULL,228
1738,189,California,California,NULL,228
1738,189,California,Trinity Co.,NULL,228
1739,,Georgia,NULL,NULL,228
1740,,Washington,NULL,NULL,228
1740,,Washington,Wahkiakum Co.,NULL,228
1741,,NULL,NULL,NULL,NULL
1742,,California,NULL,NULL,228
1743,189,Idaho,Alturas Co.,NULL,228
1744,189,Arizona,Yavapai Co.,NULL,228
1745,,California,Modoc Co.,High Grade,228
1746,,Oklahoma,NULL,NULL,228
1747,,Moravia,NULL,NULL,57
1748,,NULL,Altwasser,Altwasser,98
1749,,NULL,NULL,Altweiber; Bressoir,74
1750,,NULL,NULL,Altweier,74
1751,,Siberia Region,NULL,NULL,180
1752,,NULL,NULL,NULL,180
1753,,Krangandinskaya Oblast',Karaganda,Karaganda,110
1754,124,NULL,NULL,NULL,NULL
1755,124,NULL,NULL,NULL,NULL
1756,124,NULL,NULL,NULL,NULL
1757,124,NULL,NULL,NULL,NULL
1758,124,NULL,NULL,NULL,NULL
1759,124,NULL,NULL,NULL,NULL
1760,124,NULL,NULL,NULL,NULL
1761,,England,Isle of Wight,NULL,227
1762,,Isle of Wight,NULL,NULL,NULL
1763,189,New Mexico,Grant Co.,NULL,228
1764,,Tennessee,Sevier Co.,NULL,228
1765,,Tennessee,Sevier Co.,NULL,228
1766,,Wyoming,NULL,NULL,228
1767,,Arizona,Santa Cruz Co.,NULL,228
1767,209,Arizona,Santa Cruz Co.,NULL,228
1768,189,Utah,Marysvale,Marysvale,228
1769,189,New Mexico,Socorro Co.,Socorro,228
1770,,Utah,Salt Lake Co.,NULL,228
1771,,California,San Jose,San Jose,228
1772,,California,NULL,NULL,228
1772,,California,Santa Clara Co.,NULL,228
1773,189,Virginia,Shenandoah Co.,NULL,228
1774,,Utah,Tushar Mountains,Tushar Mountains,228
1775,185,NULL,NULL,NULL,69
1776,,NULL,NULL,NULL,69
1777,252,NULL,NULL,NULL,NULL
1778,252,NULL,NULL,NULL,NULL
1779,252,NULL,NULL,NULL,NULL
1780,252,NULL,NULL,NULL,NULL
1781,,Scotland,NULL,NULL,227
1782,,NULL,NULL,NULL,163
1783,,Washington,Le Conner,Le Conner,228
1784,189,Massachusetts,Hampshire Co.,NULL,228
1785,193,Virginia,NULL,Richmond,228
1786,,Quthing,NULL,NULL,121
1787,,Hesse,NULL,NULL,81
1788,,NULL,NULL,Alzo,106
1789,,Rhineland-palatinate,Josefsberg,Josefsberg,81
1790,189,Arkansas,Saline Co.,Near Bauxite,228
1791,,Minas Gerais,NULL,NULL,30
1792,,Eastern,Eastern,NULL,233
1793,,Arizona,NULL,NULL,228
1794,25,NULL,NULL,NULL,NULL
1795,189,Nevada,NULL,NULL,228
1796,,NULL,Amai,Amai,108
1797,,La Rioja,NULL,NULL,202
1798,,Alaska,Kenai PeninsulaBorough,NULL,228
1799,,Arizona,Pima Co.,NULL,228
1800,,NULL,Amalfi,Amalfi,47
1801,189,NULL,NULL,Barakin Ladi,159
1801,189,NULL,NULL,NULL,159
1802,189,California,Kern Co.,NULL,228
1803,252,NULL,NULL,NULL,NULL
1804,,NULL,NULL,NULL,147
1805,,Montana,NULL,NULL,228
1806,189,San Luis,San Luis,NULL,10
1807,189,Saxony,NULL,NULL,81
1808,189,Montana,Lewis And Clark Co.,Loeber Dist.,228
1809,,Amapa,NULL,NULL,30
1810,128,NULL,NULL,NULL,NULL
1811,,Amarak,NULL,Tchahkhuni,102
1812,,Plateau,Amari,Amari,159
1813,,Texas,NULL,NULL,228
1814,53,NULL,NULL,NULL,111
1815,,Utah,NULL,NULL,228
1816,,Amasra,NULL,NULL,220
1816,,NULL,NULL,NULL,220
1817,252,NULL,NULL,NULL,NULL
1818,252,NULL,NULL,NULL,NULL
1819,252,NULL,NULL,NULL,NULL
1820,,NULL,NULL,NULL,228
1821,25,NULL,NULL,NULL,NULL
1822,68,NULL,NULL,NULL,89
1823,,Guerrero,NULL,NULL,140
1824,,Utah,Stansbury Mountains,Stansbury Mountains,228
1825,189,Missouri,NULL,NULL,228
1825,189,Missouri,Reynolds Co.,NULL,228
1826,189,Potosi,NULL,NULL,26
1827,189,Colorado,NULL,NULL,228
1828,189,Montana,Jefferson Co.,NULL,228
1829,189,Nevada,NULL,NULL,228
1829,189,Nevada,Storey Co.,NULL,228
1830,189,Oregon,Baker Co.,Baker City,228
1831,,Pará,NULL,Óbidos,30
1832,,Para,NULL,NULL,30
1833,,Amazonas,NULL,NULL,30
1835,,Colorado,Park Co.,NULL,228
1836,198,NULL,NULL,Amba Dongar,100
1837,,NULL,NULL,NULL,129
1838,112,NULL,NULL,NULL,NULL
1839,,NULL,NULL,NULL,129
1840,,Fianarantsoa,Ambatofinandrahana,Ambatofinandrahana,129
1841,,NULL,NULL,NULL,129
1842,,NULL,NULL,NULL,129
1843,,NULL,NULL,NULL,129
1844,,NULL,NULL,NULL,101
1845,53,NULL,NULL,NULL,69
1846,,Limousin,Haute-Vienne Dept.,NULL,74
1847,,NULL,Ambas Aguas,Ambas Aguas,202
1848,189,La Rioja,NULL,NULL,202
1849,,NULL,NULL,NULL,202
1850,,La Rioja,NULL,NULL,202
1851,,NULL,NULL,NULL,202
1852,,NULL,NULL,NULL,202
1853,,La Rioja,NULL,NULL,202
1854,,NULL,NULL,NULL,202
1855,,NULL,Andilana,Andilana,129
1856,,NULL,NULL,NULL,129
1857,,NULL,NULL,NULL,129
1858,,NULL,Madagascar,NULL,129
1859,,NULL,Madagascar,NULL,129
1860,,NULL,NULL,NULL,129
1861,,NULL,NULL,NULL,129
1862,,NULL,NULL,NULL,129
1864,,Antananarivo,Mandoto,Mandoto,129
1865,,NULL,NULL,NULL,129
1866,,NULL,Itasy,Itasy,129
1867,,Antananarivo,Betafo,Betafo,129
1868,,NULL,NULL,NULL,129
1869,,NULL,Imerini,Imerini,129
1870,,NULL,NULL,NULL,129
1871,,NULL,Itasy,Itasy,129
1872,,NULL,Madagascar,NULL,129
1873,,NULL,NULL,NULL,129
1874,,Toliara,Ambatofinandrahana,Ambatofinandrahana,129
1875,,NULL,Ambatolampykely,Ambatolampykely,129
1876,,Antananarivo,Sahatany Valley,Sahatany Valley,129
1877,,NULL,NULL,NULL,129
1878,,Analamanga,Antananarivo,NULL,129
1879,,NULL,Madagascar,NULL,129
1880,,NULL,NULL,NULL,129
1881,,Toamasina,Lake Alaotra,Lake Alaotra,129
1882,,NULL,NULL,NULL,129
1883,,Toliara,Toliara,NULL,129
1884,189,Ontario,Henvey Twp.,Henvey Twp.,38
1885,,Bavaria,NULL,NULL,81
1886,189,Bavaria,Bavaria,NULL,81
1887,,Rhône-Alpes,Loire Dept.,NULL,74
1888,,NULL,Madagascar,NULL,129
1889,,NULL,Madagascar,NULL,129
1890,,Toliara,Ambindandrakemba,Ambindandrakemba,129
1891,,Toliara,Tranomaro,Tranomaro,129
1892,220,Papua New Guinea,NULL,NULL,169
1893,,NULL,NULL,NULL,74
1894,,NULL,NULL,NULL,NULL
1895,,NULL,NULL,NULL,129
1896,,NULL,Madagascar,NULL,129
1897,,Antananarivo,Malakialina,Malakialina,129
1898,,NULL,Madagascar,NULL,129
1899,,NULL,Madagascar,NULL,129
1900,,Fianarantsoa,Ambositra,Ambositra,129
1901,,Antsiranana,Vohemar,Vohemar,129
1902,,NULL,Madagascar,NULL,129
1903,,NULL,Madagascar,NULL,129
1904,,NULL,Madagascar,NULL,129
1905,,NULL,Madagascar,NULL,129
1906,,NULL,NULL,NULL,129
1907,,NULL,NULL,NULL,129
1908,220,NULL,NULL,NULL,101
1909,,Ambondromifehy,NULL,"Diego Suarez Mada,",129
1910,,NULL,NULL,NULL,213
1911,,NULL,NULL,NULL,129
1912,,NULL,Madagascar,NULL,129
1913,,Fianarantsoa,Ikalamavony,Ikalamavony,129
1914,,NULL,NULL,NULL,129
1915,,NULL,NULL,NULL,129
1916,,California,San Bernardino Co.,NULL,228
1917,185,CA,NULL,NULL,228
1918,,California,NULL,NULL,228
1919,,California,NULL,NULL,228
1919,,California,San Bernardino Co.,NULL,228
1920,,California,NULL,"Amboy, 4 Mi Due N",228
1921,220,NULL,NULL,NULL,74
1922,,Bengo Ca.,NULL,NULL,6
1923,189,California,Hollister,Hollister,228
1923,189,California,San Benito Co.,NULL,228
1924,,New Mexico,Mckinley Co.,NULL,228
1925,,New Mexico,NULL,NULL,228
1926,,New Mexico,Grants,Grants,228
1927,,New Mexico,Cibola Co.,NULL,228
1928,,New Mexico,Valencia Co.,NULL,228
1929,,New Mexico,Socorro Co.,Magdalena,228
1930,185,NULL,NULL,NULL,232
1931,185,NULL,NULL,NULL,232
1932,185,NULL,NULL,NULL,232
1933,220,Alaska,NULL,NULL,228
1934,,Alaska,NULL,NULL,228
1935,68,Alaska,NULL,NULL,228
1936,,NULL,NULL,NULL,171
1937,,NULL,Ameijoeira,Ameijoeira,175
1938,189,North Rhine - Westphalia,Siegen,Siegen,81
1939,189,North Rhine-Westphalia,NULL,NULL,81
1940,,La Rioja,NULL,NULL,202
1941,,NULL,NULL,NULL,202
1942,,Virginia,Amelia Co.,NULL,228
1942,,Virginia,NULL,NULL,228
1943,189,NULL,NULL,Alsace,74
1944,189,Baja California,NULL,NULL,140
1944,189,Baja California,NULL,Santa Rosalia,140
1945,189,Baja California Sur,Boleo,Boleo,140
1946,189,Illinois,NULL,Galena,228
1947,189,NULL,NULL,NULL,74
1948,,Virginia,NULL,NULL,228
1949,,Virginia,Amelia Co.,NULL,228
1949,,Virginia,NULL,NULL,228
1950,,Virginia,Amherst Co.,NULL,228
1951,,Virginia,NULL,NULL,228
1952,,Hesse,NULL,NULL,81
1953,,NULL,NULL,NULL,85
1954,,West Greenland,NULL,NULL,85
1955,,NULL,NULL,Amerbach,81
1956,193,NULL,NULL,Amerdingen,81
1957,193,Bavaria,NULL,Nördlinger,81
1958,,NULL,NULL,Amerdingen,81
1959,,Chihuahua,NULL,Namiquipa,140
1960,189,Alabama,Walker County,NULL,228
1961,,NULL,NULL,America Creek,13
1962,189,Chihuahua,NULL,Namiquipa,140
1963,189,Mendoza,NULL,NULL,10
1964,189,North Carolina,NULL,NULL,228
1965,189,Chihuahua,NULL,Namiquipa,140
1966,189,Chihuahua,NULL,Namiquipa,140
1967,193,Indiana,Indianapolis,Indianapolis,228
1968,193,Indiana,Hamilton,NULL,228
1969,193,Indiana,Marion,NULL,228
1970,189,Utah,NULL,NULL,228
1971,189,Utah,NULL,NULL,228
1972,189,Colorado,San Juan Co.,NULL,228
1973,193,Vermont,Washington Co.,Northfield,228
1974,189,Colorado,Gilpin Co.,NULL,228
1975,189,Montana,NULL,NULL,228
1976,193,Kentucky,Pulaski,NULL,228
1977,189,New Jersey,Somerset Co.,NULL,228
1978,189,Georgia,NULL,Andersonville,228
1979,189,Nevada,Nye Co.,NULL,228
1980,189,Utah,Juab Co.,NULL,228
1980,189,Utah,NULL,NULL,228
1981,,Idaho,NULL,NULL,228
1982,193,New York,NULL,Corinth,228
1983,209,Colorado,NULL,NULL,228
1984,189,Colorado,Gilpin Co.,NULL,228
1985,189,Montana,Lewis And Clark Co.,Ten Mile District,228
1986,189,Nevada,Lincoln Co.,Ely Dist.,228
1986,189,Nevada,Lincoln Co.,Pioche,228
1987,,Utah,NULL,NULL,228
1988,,Utah,NULL,NULL,228
1989,189,Utah,NULL,Salt Lake City,228
1990,209,California,San Bernardino Co.,NULL,228
1991,189,California,Imperial Co.,NULL,228
1992,193,Maine,NULL,North Jay,228
1993,189,Arkansas,NULL,NULL,228
1993,189,Arkansas,Pike Co.,"Murfreesboro, Area",228
1994,189,California,Lake Co.,NULL,228
1995,189,Colorado,Alma,Alma,228
1995,189,Colorado,Boulder Co.,NULL,228
1995,189,Colorado,Colorado,NULL,228
1995,189,Colorado,NULL,NULL,228
1996,189,New Mexico,New Mexico,NULL,228
1996,189,New Mexico,NULL,Mining Districts,228
1997,189,New York,Warren Co.,NULL,228
1998,189,Washington,Valley,Valley,228
1999,193,Washington,Stevens Co.,NULL,228
2000,189,Colorado,Ouray,NULL,228
2001,,New Jersey,NULL,Camden,228
2002,,Kentucky,Breckenridge,NULL,228
2003,189,Arizona,Mohave Co.,NULL,228
2004,,Idaho - Oregon,NULL,NULL,228
2005,189,New Mexico,NULL,Carlsbad,228
2006,193,Georgia,NULL,Elberton,228
2007,193,Georgia,NULL,Elberton,228
2008,248,Washington,NULL,NULL,228
2009,,California,California,NULL,228
2010,248,Washington,NULL,NULL,228
2011,193,Indiana,Wabash,NULL,228
2012,,Indiana,Wabash,NULL,228
2013,189,West Virginia,Raleigh County,Montcoal,228
2014,,NULL,NULL,NULL,NULL
2015,189,Virginia,Nelson Co.,Roseland,228
2016,,American Samoa,NULL,NULL,228
2017,189,Colorado,Clear Creek Co.,NULL,228
2018,189,Colorado,Gilpin Co.,NULL,228
2018,189,Colorado,NULL,NULL,228
2019,,Nebraska,NULL,Omaha,228
2020,,Colorado,Lake Co.,Leadville,228
2021,189,Kentucky,NULL,Louisville,228
2022,189,Colorado,NULL,NULL,228
2022,189,Colorado,San Juan Co.,NULL,228
2023,,Colorado,Eureka,Eureka,228
2023,,Colorado,Gladstone,Gladstone,228
2023,189,Colorado,NULL,NULL,228
2023,189,Colorado,NULL,Silverton,228
2023,189,Colorado,San Juan Co.,NULL,228
2024,189,Chihuahua,NULL,NULL,140
2025,,Tennessee,Mascot,Mascot,228
2026,,Durango,NULL,NULL,140
2027,,NULL,NULL,NULL,227
2028,,Nova Scotia,Nova Scotia,NULL,38
2029,,Wyoming,NULL,NULL,228
2030,189,Colorado,Creede,Creede,228
2030,189,Colorado,Mineral Co.,NULL,228
2030,189,Colorado,NULL,Creede,228
2031,,Colorado,NULL,Creede,228
2032,,Wyoming,NULL,NULL,228
2033,,Wyoming,NULL,NULL,228
2034,,Amhara,NULL,NULL,69
2034,,Amhara,NULL,Robit,69
2047,,New Hampshire,Hillsborough Co.,NULL,228
2048,,Virginia,NULL,NULL,228
2049,70,Vermont,Windsor,NULL,228
2050,,New Hampshire,NULL,NULL,228
2051,,Virginia,Amherst Co.,NULL,228
2052,,Massachusetts,Hampshire Co.,NULL,228
2053,,New Hampshire,NULL,NULL,228
2054,,NULL,NULL,NULL,56
2055,189,NULL,NULL,NULL,200
2056,189,Transvaal,NULL,NULL,200
2057,,Erongo,NULL,NULL,150
2058,193,Georgia,Pickens Co.,Tate,228
2059,189,Colorado,Lake,Leadville,228
2059,189,Colorado,Lake Co.,Leadville,228
2059,189,Colorado,NULL,Leadville,228
2060,189,Colorado,Lake County,NULL,228
2061,,NULL,Mt. Troodos,Mt. Troodos,56
2062,,Potosi,Colquechaca,Colquechaca,26
2063,189,NULL,NULL,Cabeza St. Vaca,43
2064,189,Potosi,Colquechaca,Colquechaca,26
2064,189,Potosi,NULL,NULL,26
2065,189,NULL,Chagai,NULL,165
2066,205,Greenland,NULL,NULL,85
2067,,NULL,NULL,NULL,85
2068,,New York,Orange Co.,NULL,228
2069,,New York,NULL,NULL,228
2070,,North Carolina,Alexander Co.,NULL,228
2071,,North Carolina,Alexander Co.,NULL,228
2072,,North Carolina,NULL,NULL,228
2073,,New York,Orange Co.,NULL,228
2074,,New York,NULL,NULL,228
2075,,New York,NULL,NULL,228
2076,,New York,NULL,NULL,228
2077,,NULL,Madagascar,NULL,129
2078,124,NULL,NULL,NULL,NULL
2079,,Gotland,NULL,NULL,208
2080,,Wales,NULL,Anglesey,227
2081,189,British Columbia,NULL,NULL,38
2082,,Saxony,NULL,Ammaberg,81
2083,,NULL,NULL,NULL,109
2084,,NULL,Ammeberg,Ammeberg,208
2084,,NULL,NULL,Ammeberg,208
2085,,NULL,NULL,Ammeburg,208
2086,,NULL,NULL,NULL,81
2087,,West Macedonia,Florina,NULL,84
2087,,West Macedonia,NULL,NULL,84
2088,205,Massachusetts,NULL,Northfield,228
2088,205,Massachusetts,NULL,NULL,228
2089,205,Vermont,NULL,NULL,228
2090,,Alabama,Dale,Echo,228
2090,,Alabama,Dale,NULL,228
2091,189,Atacama,NULL,NULL,43
2092,,Atacama,NULL,NULL,43
2093,189,Atacama,El Salado,El Salado,43
2094,,NULL,NULL,NULL,108
2095,,NULL,NULL,NULL,163
2096,,NULL,NULL,NULL,129
2097,,NULL,NULL,NULL,129
2098,,NULL,NULL,NULL,129
2099,,NULL,Madagascar,NULL,129
2100,,NULL,Madagascar,NULL,129
2101,,NULL,NULL,NULL,129
2102,,NULL,Madagascar,NULL,129
2103,,NULL,Madagascar,NULL,129
2104,,NULL,NULL,NULL,129
2105,,Antananarivo,Betafo,Betafo,129
2106,,NULL,NULL,NULL,129
2107,,NULL,Ampangabe,Ampangabe,129
2107,,NULL,NULL,Ampangobe,129
2107,,NULL,NULL,NULL,129
2108,,NULL,NULL,NULL,129
2109,,NULL,NULL,NULL,129
2110,,NULL,NULL,NULL,129
2111,,NULL,Madagascar,NULL,129
2112,,NULL,NULL,NULL,129
2113,,NULL,NULL,NULL,129
2114,,NULL,NULL,Amparafaravola,129
2115,,NULL,NULL,NULL,129
2116,,NULL,Madagascar,NULL,129
2117,,NULL,Ambatofotosy,Ambatofotosy,129
2117,,NULL,Itasy,Itasy,129
2118,193,West Flanders,NULL,NULL,21
2119,112,NULL,NULL,NULL,NULL
2120,70,Michigan,Alger,NULL,228
2121,70,Michigan,Alger,NULL,228
2122,70,Michigan,Alger,NULL,228
2123,,Wyoming,NULL,NULL,228
2124,189,Georgia,Cherokee Co.,NULL,228
2125,,NULL,NULL,NULL,10
2126,,NULL,Amseg,Amseg,209
2127,,NULL,NULL,NULL,14
2128,,Uri,NULL,NULL,209
2129,,Uri,NULL,NULL,209
2130,,Uri,NULL,NULL,209
2131,,Uri,NULL,NULL,209
2132,,Uri,NULL,NULL,209
2133,,New York,Montgomery Co.,NULL,228
2134,,NULL,NULL,NULL,163
2135,189,Arizona,NULL,NULL,228
2136,189,Estado de Chihuahua,NULL,Parral (near),140
2137,,NULL,NULL,NULL,NULL
2138,,NULL,NULL,NULL,NULL
2139,189,Cochabamba,NULL,NULL,26
2140,,New Mexico,Carlsbad,Carlsbad,228
2141,193,Cotes-du-nord,Pleneuf,Pleneuf,74
2142,,Montana,NULL,NULL,228
2143,,NULL,Argentina,NULL,10
2144,189,Matanzas Prov,NULL,Cardenas,55
2145,,NULL,NULL,NULL,NULL
2146,189,New Mexico,Valencia Co.,NULL,228
2147,189,New Mexico,Valencia Co.,NULL,228
2148,189,New Mexico,Cibola Co.,NULL,228
2149,189,Idaho,NULL,Conda,228
2150,189,Montana,Silver Bow Co.,Butte,228
2151,189,NULL,NULL,"Bontoc, Suyoc",172
2152,189,Colorado,Cripple Creek,Cripple Creek,228
2152,189,Colorado,NULL,NULL,228
2152,189,Colorado,Teller Co.,NULL,228
2153,189,Montana,Butte,Butte,228
2153,189,Montana,NULL,Butte,228
2153,189,Montana,NULL,NULL,228
2153,189,Montana,Silver Bow Co.,Butte,228
2153,189,Montana,Silver Bow Co.,NULL,228
2154,189,New Mexico,NULL,NULL,228
2155,189,Oregon,Baker Co.,Baker City,228
2156,189,Virginia,Halifax Co.,NULL,228
2157,,Arizona,NULL,NULL,228
2158,189,British Columbia,NULL,NULL,38
2159,,Maryland,NULL,NULL,228
2160,,District Of Columbia,NULL,Anacostia,228
2160,,District Of Columbia,NULL,NULL,228
2160,193,District of Columbia,NULL,NULL,228
2161,,Maryland,NULL,NULL,228
2162,,NULL,Anadra,Anadra,175
2162,,NULL,NULL,NULL,175
2163,189,NULL,NULL,NULL,26
2164,189,Santa Cruz,NULL,NULL,26
2164,189,Santa Cruz,Santa Cruz,NULL,26
2165,189,NULL,NULL,NULL,26
2166,,NULL,NULL,NULL,129
2167,,NULL,NULL,NULL,101
2168,,Queensland,NULL,NULL,13
2169,193,NULL,NULL,NULL,13
2170,,NULL,Madagascar,NULL,129
2171,,NULL,Madagascar,NULL,129
2172,,Colorado,NULL,NULL,228
2173,,Iowa,Jones Co.,NULL,228
2174,,Alaska,NULL,NULL,228
2175,189,NULL,NULL,NULL,108
2176,189,Shikoku,NULL,NULL,108
2177,189,Shikoku,NULL,NULL,108
2178,,Santa Cruz,NULL,NULL,26
2179,,Krasnoyarsk Kray,NULL,NULL,180
2180,,NULL,NULL,NULL,102
2181,,NULL,NULL,NULL,102
2182,,NULL,NULL,NULL,102
2183,,NULL,NULL,NULL,102
2184,,NULL,NULL,NULL,102
2185,,NULL,NULL,NULL,102
2186,,Puerto Rico,NULL,NULL,176
2187,,Puerto Rico,NULL,NULL,176
2188,185,Anatahan,NULL,NULL,162
2189,,Trabzon,NULL,NULL,220
2190,,NULL,NULL,NULL,220
2191,,Anatolia Region,NULL,NULL,220
2192,,NULL,NULL,NULL,220
2193,,NULL,NULL,NULL,220
2194,,NULL,NULL,NULL,220
2195,,Anatolia,NULL,NULL,220
2196,,NULL,NULL,NULL,NULL
2197,189,NULL,Kochi-ken,Kochi-ken,108
2198,,Ancash Dept.,Huaylas Prov.,Huallanca,171
2199,,Ancash,Chiquian,Chiquian,171
2200,,Ancash,Huanuco,Huanuco,171
2201,,NULL,NULL,NULL,171
2202,,Ancash,Huaylas Prov.,Huallanca,171
2203,,Ancash,Oyon,Oyon,171
2204,,Ancash,Pachapaqui,Pachapaqui,171
2205,,Ancash,Pasto Bueno,Pasto Bueno,171
2206,,NULL,NULL,NULL,171
2207,,Ancash,NULL,NULL,171
2208,189,Nevada,Clark Co.,NULL,228
2209,189,California,NULL,NULL,228
2210,189,Colorado,Gilpin Co.,NULL,228
2211,189,New Mexico,Socorro Co.,Magdalena,228
2211,189,New Mexico,Taos Co.,NULL,228
2212,189,South Dakota,Lawrence Co.,NULL,228
2213,,Siberia,NULL,NULL,180
2214,,Attica,NULL,NULL,84
2215,,British Columbia,NULL,McBride,38
2215,,British Columbia,NULL,NULL,38
2216,,Nevada,NULL,NULL,228
2217,189,Montana,Silver Bow Co.,Butte,228
2218,,NULL,Ancobra,Ancobra,204
2219,,NULL,NULL,NULL,26
2220,,NULL,NULL,NULL,43
2221,,Marche,NULL,NULL,106
2222,,Marche,NULL,NULL,106
2223,,NULL,NULL,Ancor Hill,168
2224,189,NULL,NULL,NULL,26
2225,,New Jersey,Camden,Hammonton,228
2226,189,Coquimbo,NULL,NULL,43
2227,,NULL,NULL,NULL,43
2228,,Coquimbo,NULL,NULL,43
2229,,NULL,NULL,NULL,42
2230,,Andalucía,NULL,NULL,202
2232,,Alabama,Covington,River Falls,228
2233,,Andalusia,NULL,Alanis,202
2234,,Andalusia,Almeria,Las Herrerias,202
2235,,Andalusia,Almeria,NULL,202
2236,,Andalusia,NULL,Alosno,202
2237,,Andalusia,NULL,Castillo De Los Guardos,202
2238,,Andalusia,Cordoba,NULL,202
2239,,Andalusia,NULL,Cuevas,202
2240,,Andalusia,NULL,Granada,202
2241,,Andalusia,Huelva,Tharsis,202
2242,,Andalusia,NULL,Laragossa,202
2243,,Andalusia,NULL,Lebrija,202
2244,,Andalusia,NULL,Linares,202
2245,,Andalusia,Malaga,Archidona,202
2246,,Andalusia,NULL,Nijar,202
2247,,Andalucía,NULL,NULL,202
2247,,Andalusia,NULL,NULL,202
2248,189,California,Inyo Co.,NULL,228
2248,189,California,Laws,Laws,228
2249,,NULL,Andamooka,Andamooka,13
2249,,NULL,NULL,NULL,13
2250,,South Australia,NULL,NULL,13
2251,,NULL,Ratnapura District,Khawatha (near),203
2252,,NULL,NULL,NULL,203
2253,,Fianarantsoa,Ambatofinandranana,Ambatofinandranana,129
2254,,NULL,Madagascar,NULL,129
2255,,NULL,NULL,Andapa,129
2256,,NULL,Madagascar,NULL,129
2257,205,Cundinamarca,Sabana de Bogota ,Funza,47
2257,205,Cundinamarca,Sabana de Bogota ,NULL,47
2258,,Cundinamarca,Sabana de Bogota ,NULL,47
2259,,NULL,Anderbeck,Anderbeck,81
2260,,NULL,NULL,NULL,209
2261,,Uri,NULL,NULL,209
2263,,NULL,NULL,NULL,81
2264,193,Indiana,Madison Co.,NULL,228
2265,,California,NULL,NULL,228
2266,220,California,Lake Co.,NULL,228
2267,,Manitoba,Anama Bay,Anama Bay,38
2268,,Manitoba,NULL,NULL,38
2269,70,Tennessee,Larue,NULL,228
2270,70,Tennessee,Larue,NULL,228
2271,,NULL,NULL,NULL,NULL
2272,189,Arizona,Arizona,NULL,228
2272,189,Arizona,Mohave Co.,NULL,228
2272,189,Arizona,Yavapai Co.,NULL,228
2273,189,West Virginia,Marion Co.,Fairmont,228
2275,193,New Hampshire,NULL,Concord,228
2276,193,South Carolina,NULL,Winnsboro,228
2277,193,Vermont,Washington Co.,Barre,228
2277,193,Vermont,Washington Co.,NULL,228
2278,,NULL,NULL,NULL,NULL
2279,,Indiana,Madison,NULL,228
2280,112,NULL,NULL,NULL,NULL
2281,,Indiana,Madison Co.,NULL,228
2282,,Nevada,NULL,Aurora,228
2283,113,NULL,Potosi,Chayanta,26
2283,113,NULL,Potosi,NULL,26
2284,,NULL,NULL,NULL,63
2285,113,Puno,NULL,Macusani,171
2286,113,Antonio Quijarro,Potosi,Potosi,26
2287,113,Potosi,Potosi,NULL,26
2287,113,Potosi,Potosi,Santa Barbara,26
2288,113,Rafael Bustillo,Potosi,Llallagua,26
2289,56,NULL,NULL,NULL,NULL
2290,,Utah,NULL,NULL,NULL
2291,,Andhra Pradesh,Cuddaph District,Cuddaph District,100
2292,,Andhra Pradesh,Hyderabad,Hyderabad,100
2293,,NULL,Madagascar,NULL,129
2294,,Toamasina,Toamasina,NULL,129
2295,,NULL,Madagascar,NULL,129
2296,189,NULL,NULL,NULL,102
2297,,NULL,NULL,"Andlau, Dotfseingang",74
2298,,NULL,NULL,Andlau,74
2298,,NULL,NULL,Lauibetsthal,74
2299,,NULL,NULL,"Andlau-Hohwald, Chaussee",74
2300,,NULL,NULL,Andlanthal,74
2300,,NULL,NULL,Andlautal,81
2301,,NULL,NULL,Andlauthal,74
2302,,Andolakaka,NULL,NULL,129
2303,,NULL,NULL,Andolobe,129
2303,,NULL,NULL,NULL,129
2304,,Beira Prov,NULL,"Andorinha, Cantanhede",175
2305,189,New Jersey,Andover,Andover,228
2306,189,New Jersey,Morris Co.,Rockaway,228
2306,189,New Jersey,NULL,NULL,228
2307,,New Jersey,NULL,NULL,228
2307,,New Jersey,Sussex Co.,NULL,228
2308,,Andalusia,Andalusia,NULL,202
2309,,NULL,Madagascar,NULL,129
2310,,NULL,NULL,NULL,129
2311,,Antananarivo,Ankaratra,Ankaratra,129
2312,,NULL,NULL,NULL,129
2313,,NULL,NULL,Andraodambo,129
2314,,NULL,Andrarum,Andrarum,208
2315,,Toliara,Fort Dauphin,Fort Dauphin,129
2316,,Labrador,NULL,NULL,38
2317,,NULL,NULL,NULL,150
2318,189,North Rhine-Westphalia,NULL,NULL,81
2319,189,Lower Saxony,NULL,NULL,81
2320,,NULL,Andreasberg,Andreasberg,81
2320,,NULL,NULL,Andreasberg,81
2321,220,NULL,NULL,NULL,NULL
2322,,Antananarivo Province,Betafo District,NULL,129
2323,70,Alaska,Aleutians West,NULL,228
2324,70,Alaska,Aleutians West,NULL,228
2325,193,Connecticut,Middlesex,Portland (N Part Of),228
2325,193,Connecticut,Middlesex Co.,Portland,228
2325,193,Connecticut,Middlesex Co.,Portland (N Part Of),228
2326,70,Colorado,San Juan,NULL,228
2328,113,NULL,NULL,NULL,NULL
2329,193,Connecticut,Middlesex Co.,NULL,228
2329,193,Connecticut,NULL,NULL,228
2329,193,Connecticut,Portland,Portland,228
2330,53,Turkana,NULL,NULL,111
2331,,Antananarivo,Sahatany Valley,Sahatany Valley,129
2332,,NULL,Madagascar,NULL,129
2333,,Antananarivo,Sahatany Valley,Sahatany Valley,129
2334,,NULL,NULL,NULL,129
2335,,NULL,NULL,NULL,129
2337,220,NULL,NULL,NULL,16
2337,220,NULL,NULL,NULL,227
2338,,Maine,Androscoggin Co.,Auburn,228
2339,193,Maine,Androscoggin Co.,Lewiston,228
2339,193,Maine,NULL,Lewiston,228
2340,,Maine,Topsham,Topsham,228
2341,,NULL,Madagascar,NULL,129
2342,,NULL,NULL,NULL,129
2343,,NULL,NULL,NULL,129
2344,,Oblast Smolyan,NULL,Madan (near),33
2345,,NULL,NULL,Androy,129
2345,,NULL,NULL,NULL,129
2346,70,Michigan,Chippewa,NULL,228
2347,189,Colorado,Ouray,Ouray,228
2348,224,NULL,NULL,NULL,NULL
2348,249,NULL,NULL,NULL,NULL
2349,,NULL,Japan,NULL,108
2350,189,Utah,NULL,NULL,228
2351,,NULL,NULL,NULL,147
2352,,Antananarivo,Soavina,Soavina,129
2353,,NULL,NULL,NULL,140
2354,,Michoacán,NULL,NULL,140
2355,,Buryatia Republic,NULL,NULL,180
2356,,Irkutsk Oblast,NULL,NULL,180
2357,,Amhara,NULL,NULL,69
2358,,NULL,NULL,NULL,147
2359,205,NULL,NULL,NULL,147
2360,,South Australia,NULL,NULL,13
2361,,Texas,Uvalde,NULL,228
2362,,Texas,Uvalde Co.,NULL,228
2363,,Idaho,Clearwater Co.,Dent Area,228
2364,189,NULL,NULL,Madan,33
2365,193,North Carolina,NULL,NULL,228
2367,,NULL,Almagrera,Almagrera,202
2368,,Massachusetts,Huntington,Huntington,228
2369,189,Montana,NULL,NULL,228
2369,189,Montana,Silver Bow Co.,NULL,228
2370,,NULL,NULL,NULL,74
2371,220,NULL,NULL,NULL,85
2372,193,Ohio,Paulding Co.,NULL,228
2373,,NULL,NULL,NULL,74
2374,,NULL,Anglas,Anglas,21
2375,205,NULL,NULL,NULL,13
2376,,England,Lancashire,NULL,227
2377,,NULL,NULL,NULL,227
2378,,Wales,NULL,NULL,227
2379,220,Wales,NULL,NULL,227
2380,,NULL,NULL,NULL,227
2381,,Wales,Gwynedd,NULL,227
2381,,Wales,NULL,NULL,227
2382,189,NULL,Rossing,Rossing,150
2383,189,Montana,Silver Bow Co.,Butte,228
2384,,NULL,Angola,NULL,6
2384,,NULL,NULL,NULL,6
2385,,South Dakota,NULL,NULL,228
2386,,NULL,NULL,NULL,74
2387,220,NULL,NULL,NULL,7
2388,,Lazio,NULL,NULL,106
2389,112,NULL,NULL,NULL,NULL
2390,,Anhui,NULL,NULL,44
2391,189,NULL,Akita-ken,Akita-ken,108
2391,189,NULL,Japan,NULL,108
2391,189,NULL,NULL,NULL,108
2391,189,NULL,Ugo,Ugo,108
2392,189,NULL,NULL,NULL,108
2393,189,NULL,NULL,NULL,108
2394,189,Tohoku,NULL,NULL,108
2395,,NULL,NULL,NULL,108
2396,185,Alaska,NULL,NULL,228
2397,,NULL,NULL,NULL,150
2398,,NULL,Machacamarca,Machacamarca,26
2399,189,NULL,Chocaya,Chocaya,26
2400,189,NULL,Spain,NULL,202
2401,189,Potosi,Chocaya,Chocaya,26
2401,189,Potosi,NULL,NULL,26
2402,189,Potosi Ca.,NULL,NULL,26
2403,189,Sonora,NULL,Hermosillo,140
2404,,Potosi,Llallagua,Llallagua,26
2405,209,Colorado,San Juan,Howardsville,228
2405,209,Colorado,San Juan,NULL,228
2405,209,Colorado,San Juan,Silverton,228
2406,,Wisconsin,Wisconsin,NULL,228
2407,,NULL,NULL,NULL,179
2408,227,Michigan,Gogebic,NULL,228
2409,227,Michigan,Gogebic,NULL,228
2410,,Alabama,NULL,NULL,228
2411,189,California,Riverside Co.,NULL,228
2411,189,California,San Diego Co.,NULL,228
2412,,Toliara,Androymandrarien,Androymandrarien,129
2413,,NULL,Madagascar,NULL,129
2414,,NULL,Madagascar,NULL,129
2415,,Antananarivo,Betafo,Betafo,129
2416,,NULL,NULL,Anjanabonoina,129
2416,,NULL,NULL,NULL,129
2417,,Betafo Dist.,NULL,NULL,129
2418,,NULL,NULL,NULL,129
2419,189,NULL,NULL,NULL,129
2420,185,NULL,NULL,NULL,NULL
2421,70,Minnesota ,Douglas,NULL,228
2422,70,Minnesota ,Douglas,NULL,228
2423,189,NULL,NULL,NULL,129
2424,,NULL,Madagascar,NULL,129
2425,,Antananarivo,Betafo,Betafo,129
2426,,NULL,NULL,NULL,129
2427,,Toliara,Betroka,Betroka,129
2428,,Salzburg,NULL,NULL,14
2429,,Salzburg,NULL,NULL,14
2430,,NULL,Ankogel,Ankogel,14
2431,,Virginia,NULL,NULL,228
2432,,NULL,NULL,NULL,37
2433,113,NULL,NULL,NULL,NULL
2434,189,Nevada,Elko Co.,Goose Creek,228
2435,205,California,NULL,NULL,228
2436,189,Wyoming,NULL,NULL,228
2437,189,Oklahoma,NULL,"Picher, Oklahoma (Near)",228
2438,189,Colorado,NULL,NULL,228
2438,189,Colorado,Teller Co.,NULL,228
2439,189,NULL,NULL,NULL,110
2440,189,NULL,NULL,NULL,NULL
2441,189,Bohemia Region,NULL,NULL,57
2442,189,Montana,NULL,NULL,228
2443,,Valencia,NULL,NULL,202
2444,,Illinois,Union,NULL,228
2445,189,Illinois,Illinois,NULL,228
2446,189,Illinois,Cave In Rock,Cave In Rock,228
2446,189,Illinois,Hardin Co.,NULL,228
2447,,NULL,NULL,NULL,81
2448,189,NULL,Arandis,Arandis,150
2448,189,NULL,NULL,NULL,150
2449,,NULL,NULL,NULL,81
2449,,Saxony,NULL,NULL,81
2450,,NULL,NULL,NULL,86
2451,189,South Dakota,Lawrence Co.,NULL,228
2452,195,NULL,NULL,NULL,74
2452,70,NULL,NULL,NULL,74
2452,70,NULL,NULL,NULL,NULL
2453,,NULL,Moss,Moss,163
2454,,NULL,NULL,NULL,163
2455,220,Alaska,NULL,New Metlakatla,228
2455,220,Alaska,NULL,NULL,228
2456,189,California,Sonoma Co.,NULL,228
2457,189,Arizona,NULL,Washington Camp,228
2458,189,South Dakota,South Dakota,NULL,228
2459,,South Dakota,Lawrence Co.,NULL,228
2460,189,Illinois,Cave In Rock,Cave In Rock,228
2461,189,Utah,NULL,NULL,228
2462,189,Utah,Beaver Co.,NULL,228
2463,189,NULL,NULL,NULL,174
2464,,Alabama,Coosa Co.,Rockford,228
2465,189,Maine,NULL,Albany,228
2466,,Valais,Valais,NULL,209
2467,,NULL,NULL,NULL,NULL
2468,189,Nevada,NULL,NULL,228
2469,,Valais,Gosau,Gosau,209
2470,,California,NULL,NULL,228
2471,,NULL,NULL,NULL,37
2472,,NULL,NULL,NULL,227
2473,,Sicily,NULL,NULL,106
2474,220,Nevada,NULL,NULL,228
2475,,South Carolina,Berkeley,NULL,228
2476,,NULL,NULL,NULL,129
2477,193,Nevada,Clark Co.,NULL,228
2478,,Lorraine,Vosges Dept.,NULL,74
2479,,NULL,Madagascar,NULL,129
2480,,NULL,Ambatofotosy,Ambatofotosy,129
2481,189,NULL,NULL,NULL,81
2482,,NULL,NULL,NULL,81
2483,193,NULL,NULL,NULL,81
2484,,NULL,NULL,NULL,21
2485,189,NULL,NULL,NULL,81
2486,189,Rhineland-Palatinate,NULL,NULL,81
2487,,NULL,NULL,NULL,87
2488,,NULL,NULL,NULL,87
2489,,NULL,NULL,NULL,136
2490,,NULL,NULL,NULL,87
2491,,NULL,NULL,NULL,87
2492,220,NULL,NULL,NULL,86
2493,,NULL,NULL,NULL,136
2494,235,La Digue Island,NULL,NULL,193
2495,235,La Digue Island,NULL,NULL,193
2496,235,La Digue Island,NULL,NULL,193
2497,235,La Digue Island,NULL,NULL,193
2499,235,La Digue and Inner Islands,NULL,NULL,193
2500,235,La Digue Island,NULL,NULL,193
2501,235,La Digue,NULL,NULL,193
2502,,NULL,NULL,NULL,136
2503,189,Montana,NULL,NULL,228
2503,189,Montana,Silver Bow Co.,NULL,228
2504,,NULL,NULL,NULL,129
2505,189,Montana,NULL,Helena (7 Mi Nw),228
2506,189,La Rioja,NULL,NULL,10
2507,189,New Mexico,Grant Co.,NULL,228
2508,189,New Mexico,Grant Co.,Hanover Gulch,228
2509,,Connecticut,New Haven Co.,Ansonia,228
2510,,Ohio,Darke Co.,NULL,228
2511,,NULL,NULL,NULL,NULL
2512,,NULL,NULL,NULL,129
2513,221,NULL,Bilecik Province,Sögütcük,220
2514,,NULL,Madagascar,NULL,129
2515,,Fianarantsoa,Ambositra,Ambositra,129
2516,,NULL,NULL,NULL,129
2517,,Antananarivo Prov.,NULL,Estatoby,129
2518,,Antananarivo,Ampangabe,Ampangabe,129
2519,,Antananarivo,Ankazobe,Ankazobe,129
2520,,Antananarivo,NULL,Antanifotsy,129
2521,,NULL,Antananarivo,Antsirabe,129
2522,,Antananarivo,Antsirabe,Antsirabe,129
2523,,Antananarivo,Betafo,Betafo,129
2524,,Antananarivo,Ibity Massif,Ibity Massif,129
2525,,Antananarivo,Ihosy,Ihosy,129
2526,,Antananarivo,Malakialina,Malakialina,129
2527,,Antananarivo,Sahatany Valley,Sahatany Valley,129
2528,,Antananarivo,Ambatolampy,Ambatolampy,129
2529,,NULL,NULL,NULL,129
2530,,NULL,Antananarivo,NULL,129
2532,,NULL,Madagascar,NULL,129
2533,,NULL,NULL,NULL,129
2534,,NULL,NULL,NULL,129
2535,,NULL,NULL,NULL,129
2536,,Kaduna,NULL,NULL,159
2537,,NULL,NULL,NULL,NULL
2538,151,NULL,NULL,NULL,NULL
2539,,NULL,NULL,NULL,NULL
2539,,NULL,NULL,NULL,NULL
2541,,NULL,NULL,NULL,NULL
2542,,NULL,NULL,NULL,NULL
2543,224,NULL,NULL,NULL,NULL
2544,220,NULL,NULL,NULL,NULL
2545,,NULL,NULL,NULL,NULL
2546,,NULL,NULL,NULL,NULL
2547,,NULL,NULL,NULL,NULL
2548,,NULL,NULL,NULL,8
2548,,NULL,Antarctica,NULL,NULL
2548,195,NULL,NULL,NULL,NULL
2549,11,Not Applicable,Not Applicable,Not Applicable,242
2550,252,Not Applicable,Not Applicable,Not Applicable,242
2551,252,Not Applicable,Not Applicable,Not Applicable,242
2552,228,NULL,NULL,NULL,NULL
2553,228,Not Applicable,Not Applicable,Not Applicable,NULL
2554,189,Rio Grande Do Sul,NULL,NULL,30
2555,189,Utah,Salt Lake Co.,NULL,228
2556,178,Idaho,NULL,NULL,228
2557,,Wyoming,NULL,NULL,228
2558,246,Idaho,NULL,NULL,228
2559,,Utah,NULL,NULL,228
2560,68,AZ,NULL,NULL,228
2561,189,Utah,NULL,NULL,228
2562,189,Wyoming,Weston Co.,Cambria,228
2563,,California,Lassen Co.,NULL,228
2564,209,Nevada,Humboldt Co.,South Ridge,228
2565,,Oregon,Oregon,NULL,228
2566,,Oregon,NULL,NULL,228
2567,70,Mérida,Mérida,NULL,233
2568,,NULL,Antequera,Antequera,26
2569,,Andalusia,NULL,NULL,202
2570,205,Connecticut,NULL,NULL,228
2571,,Thuringia,NULL,NULL,81
2572,195,NULL,NULL,NULL,74
2572,70,NULL,NULL,NULL,74
2572,70,NULL,NULL,NULL,NULL
2573,,NULL,NULL,NULL,129
2574,,Diana,NULL,NULL,129
2575,,California,Devil Peak,Devil Peak,228
2576,70,Oregon,Baker,NULL,228
2577,,Idaho,Shoshone Co.,Clarkia Area,228
2578,,New York,Peekskill,Peekskill,228
2579,,New York,NULL,NULL,228
2580,189,Massachusetts,NULL,Worcester,228
2581,101,Colorado,Gunnison County,NULL,228
2582,,Colorado,Gunnison County,NULL,228
2583,,Colorado,Gunnison County,NULL,228
2584,189,Pennsylvania,NULL,NULL,228
2585,189,Rhode Island,NULL,NULL,228
2586,,Colorado,Gunnison County,NULL,228
2587,,Colorado,Gunnison County,NULL,228
2588,209,Pennsylvania,Lehigh Co.,NULL,228
2589,205,New Mexico,NULL,Madrid,228
2590,205,Pennsylvania,NULL,Monterey,228
2591,,NULL,NULL,NULL,209
2592,,Piedmont,NULL,NULL,106
2593,220,NULL,NULL,NULL,9
2593,185,NULL,NULL,NULL,NULL
2594,,NULL,NULL,NULL,9
2595,220,NULL,NULL,NULL,9
2596,220,Antigua,NULL,NULL,9
2600,,NULL,NULL,NULL,47
2601,,NULL,NULL,NULL,186
2601,,NULL,NULL,NULL,186
2602,,Utah,NULL,NULL,228
2603,,Arkansas,Sevier Co.,NULL,228
2604,189,Nevada,White Pine Co.,NULL,228
2605,189,Nevada,Lander Co.,Austin,228
2606,189,Nevada,Lander Co.,NULL,228
2607,189,Nevada,Humboldt Co.,NULL,228
2608,,California,Kern Co.,NULL,228
2609,,California,San Benito Co.,NULL,228
2610,,California,San Benito Co.,NULL,228
2611,,Nevada,NULL,National,228
2612,,Utah,Garfield Co.,NULL,228
2613,189,Colorado,Lake Co.,Leadville,228
2614,,Colorado,Lake Co.,Leadville,228
2615,,California,NULL,NULL,228
2616,,Antioquia Dept,NULL,Cañasgordas,47
2617,,Antioquia Dept,NULL,Medellin,47
2618,,Antioquia Dept,NULL,Pavarandocito,47
2619,,Antioquia,NULL,NULL,47
2620,,Antioquia,Antioquia,NULL,47
2620,,Antioquia,NULL,NULL,47
2621,,Antioquia,Sonson,Sonson,47
2622,205,NULL,NULL,NULL,47
2623,220,NULL,NULL,NULL,156
2624,,NULL,NULL,NULL,129
2625,,NULL,NULL,NULL,129
2626,70,NULL,North Liverpool ,NULL,85
2627,70,NULL,North Liverpool ,NULL,85
2628,70,NULL,North Liverpool ,NULL,85
2629,189,Arizona,Kingman,Kingman,228
2629,189,Arizona,Mohave Co.,NULL,228
2630,205,NULL,NULL,NULL,90
2631,,Antofagasta,NULL,NULL,43
2632,,Antofagasta Prov,NULL,"Chuquicamata, Balmaceda Raise",43
2633,,Antofagasta Prov,NULL,Chuquicamata,43
2634,,Antofagasta Prov,NULL,"Penon, Aguas Blancas",43
2635,,Antofagasta Prov,NULL,Penon,43
2636,,Antofagasta Prov,NULL,Sierra Gorda,43
2637,,NULL,NULL,NULL,43
2638,210,Antofagasta,n/a,Taltal,43
2639,,NULL,NULL,NULL,43
2640,,Antofagasta,Chacabuco,NULL,43
2641,,Antofagasta,Antofagasta,NULL,43
2641,,Antofagasta,NULL,NULL,43
2642,,NULL,NULL,NULL,43
2643,,Antofagasta,NULL,Chuquicamata,43
2644,,Antofagasta Prov,NULL,Chuquicamata,43
2645,,Antofagasta,Copiapo,NULL,43
2646,,NULL,NULL,"Antofagasta, Cuero De Purullo",43
2647,,Antofagasta,Gatico,Gatico,43
2648,,Antofagasta,Guanaco,Guanaco,43
2649,,Antofagasta,Mejillones Island,Mejillones Island,43
2650,,Antofagasta,Michilla,Michilla,43
2651,,Antofagasta,Oficina Alemania,Oficina Alemania,43
2652,,Antofagasta,Oficina Lautaro,Oficina Lautaro,43
2653,,Antofagasta,Sierra Gorda,Sierra Gorda,43
2655,189,La Paz Dept,NULL,Caracoles,26
2656,64,Montana,Phillips Co.,NULL,228
2657,,Montana,Phillips Co.,NULL,228
2658,,NULL,NULL,NULL,86
2659,189,North Rhine-Westphalia,NULL,NULL,81
2660,189,NULL,NULL,NULL,81
2661,,New Mexico,Guadalupe Co.,NULL,228
2662,,New Mexico,NULL,NULL,228
2663,,NULL,Madagascar,NULL,129
2664,189,Carinthia,Bleiberg,Bleiberg,14
2665,,Minas Gerais,Ouro Preto,Ouro Preto,30
2666,,Minas Gerais,NULL,NULL,30
2667,,Saxony,NULL,NULL,81
2668,,Saxony,NULL,NULL,81
2669,,Saxony,NULL,NULL,81
2670,,Antananarivo,Sahatany Valley,Sahatany Valley,129
2671,,Antrim,Ballyhenry,Ballyhenry,227
2672,,Antrim,Collinward,Collinward,227
2673,,NULL,NULL,NULL,104
2674,,Antrim,Larne,Magheramourne,104
2676,,Northern Ireland,Antrim,NULL,227
2677,,Antrim,Antrim,NULL,227
2678,,Antrim,Whitehead,Whitehead,227
2679,,Piedmont,NULL,NULL,106
2680,,NULL,Madagascar,NULL,129
2681,,NULL,NULL,NULL,129
2682,,NULL,NULL,NULL,129
2683,,NULL,NULL,NULL,129
2684,,NULL,NULL,NULL,129
2685,,NULL,NULL,NULL,129
2686,,NULL,NULL,NULL,129
2687,,NULL,NULL,NULL,129
2689,,NULL,NULL,NULL,129
2690,,NULL,NULL,NULL,129
2691,,NULL,NULL,NULL,129
2692,,NULL,NULL,NULL,129
2693,,NULL,NULL,NULL,129
2694,,NULL,NULL,NULL,129
2695,,NULL,NULL,NULL,129
2696,,NULL,NULL,NULL,129
2697,,NULL,NULL,NULL,129
2698,,Antananarivo,Antananarivo,NULL,129
2699,,Antsiranana,NULL,Ambilobe,129
2700,,Antsiranana,Daraina,Daraina,129
2701,,Antsiranana,Antsiranana,Antsiranana,129
2702,,Antsiranana,Vohemar,Vohemar,129
2703,,NULL,NULL,NULL,129
2704,,NULL,Madagascar,NULL,129
2705,,Antananarivo,Mahaiz,Mahaiz,129
2706,,NULL,NULL,NULL,129
2707,185,NULL,NULL,NULL,NULL
2708,,New York,Jefferson Co.,NULL,228
2709,,New York,Jefferson Co.,NULL,228
2710,,New York,NULL,NULL,228
2711,,New York,Jefferson Co.,NULL,228
2712,185,NULL,NULL,NULL,52
2713,220,NULL,NULL,NULL,NULL
2714,,NULL,NULL,NULL,NULL
2715,192,NULL,NULL,NULL,NULL
2716,138,NULL,NULL,NULL,NULL
2717,9,NULL,NULL,NULL,NULL
2718,138,NULL,NULL,NULL,NULL
2719,,Yukon,NULL,NULL,38
2719,70,Yukon,NULL,NULL,38
2720,,Colorado,NULL,NULL,228
2721,70,NULL,NULL,NULL,44
2722,,California,NULL,NULL,228
2723,,California,NULL,NULL,228
2724,53,NULL,NULL,NULL,111
2725,,California,Riverside Co.,NULL,228
2725,193,California,Riverside Co.,NULL,228
2726,,California,NULL,NULL,228
2727,,NULL,NULL,NULL,129
2728,,NULL,NULL,Aegina,84
2729,189,Akita,Akita,NULL,108
2730,,NULL,NULL,NULL,196
2731,171,NULL,NULL,NULL,NULL
2731,184,NULL,NULL,NULL,NULL
2732,,NULL,NULL,NULL,NULL
2733,70,NULL,NULL,NULL,44
2734,,NULL,Sweden,NULL,208
2735,,NULL,NULL,NULL,108
2736,185,NULL,NULL,NULL,108
2737,,Shimane-ken,NULL,Kanoashi-gunTsuwano-chō,108
2738,,Shimane-ken,NULL,Kanoashi-gunTsuwano-chō,108
2739,,Shimane-ken,NULL,Kanoashi-gunTsuwano-chō,108
2740,,Shimane-ken,NULL,Kanoashi-gunTsuwano-chō,108
2741,,Shimane-ken,NULL,Kanoashi-gunTsuwano-chō,108
2742,,Shimane-ken,NULL,Kanoashi-gunTsuwano-chō,108
2743,,Shimane-ken,NULL,Kanoashi-gunTsuwano-chō,108
2744,,Shimane-ken,NULL,Kanoashi-gunTsuwano-chō,108
2745,,Shimane-ken,NULL,Kanoashi-gunTsuwano-chō,108
2746,,Shimane-ken,NULL,Kanoashi-gunTsuwano-chō,108
2747,,Shimane-ken,NULL,Kanoashi-gunTsuwano-chō,108
2748,,Shimane-ken,NULL,Kanoashi-gunYoshika-chō,108
2749,,Yamaguchi-ken,NULL,Shūnan-shi,108
2750,,Yamaguchi-ken,NULL,Shūnan-shi,108
2751,,Yamaguchi-ken,NULL,Shūnan-shi,108
2752,,Yamaguchi-ken,NULL,Shūnan-shi,108
2753,,Yamaguchi-ken,NULL,Shūnan-shi,108
2754,,Yamaguchi-ken,NULL,Shūnan-shi,108
2755,,NULL,NULL,NULL,NULL
2756,,NULL,NULL,NULL,NULL
2757,,NULL,NULL,NULL,NULL
2758,,NULL,NULL,NULL,NULL
2759,,NULL,NULL,Aora,202
2760,248,NULL,NULL,NULL,NULL
2761,,Minnesota,NULL,"Redwood, N",228
2762,,NULL,NULL,NULL,106
2763,,NULL,NULL,NULL,106
2764,,NULL,NULL,NULL,106
2765,,NULL,NULL,NULL,106
2766,,Val D'Aosta,NULL,NULL,106
2767,,NULL,NULL,Aosta,106
2768,,Aosta,NULL,NULL,106
2769,105,NULL,NULL,Adrar,137
2769,105,NULL,NULL,NULL,137
2770,105,Adrar,NULL,NULL,137
2771,,NULL,NULL,NULL,137
2772,,NULL,NULL,NULL,137
2773,,NULL,NULL,NULL,147
2774,189,NULL,NULL,NULL,147
2775,,NULL,NULL,NULL,147
2776,,NULL,NULL,NULL,147
2777,,NULL,NULL,NULL,73
2778,,NULL,NULL,Aoved,202
2780,,NULL,NULL,Aozi,42
2781,,Arizona,NULL,NULL,228
2782,,Arizona,Navajo,NULL,228
2783,189,Arizona,Gila Co.,Globe,228
2783,189,Arizona,Gila Co.,NULL,228
2783,189,Arizona,Gila County,Globe,228
2783,189,Arizona,Globe,Globe,228
2783,189,Arizona,NULL,NULL,228
2784,189,New Mexico,New Mexico,NULL,228
2784,189,New Mexico,NULL,Hachita,228
2784,189,New Mexico,NULL,NULL,228
2784,189,New Mexico,Rio Arriba Co.,NULL,228
2785,,Chihuahua,NULL,NULL,140
2786,,Chihuahua,NULL,NULL,140
2787,242,Arizona,NULL,NULL,228
2788,189,NULL,NULL,NULL,26
2789,189,Potosi Dept,NULL,NULL,26
2790,248,NULL,NULL,NULL,228
2791,248,Florida,NULL,N/A,228
2794,,Chihuahua,NULL,NULL,140
2795,158,NULL,NULL,NULL,156
2796,185,NULL,NULL,NULL,65
2797,,NULL,NULL,Apati,98
2797,,NULL,NULL,NULL,98
2798,189,Quebec,NULL,NULL,38
2799,189,Florida,Sarasota Co.,NULL,228
2800,,NULL,NULL,Apennines Poretta,106
2801,189,Washington,NULL,Olympic Region,228
2802,189,Nevada,Lander Co.,Austin,228
2803,189,Ohio,Harrison County,Amsterdam,228
2804,189,Utah,Juab Co.,NULL,228
2804,189,Utah,NULL,NULL,228
2804,189,Utah,NULL,St. George,228
2804,189,Utah,St. George,St. George,228
2804,189,Utah,Washington Co.,NULL,228
2804,189,Utah,Washington Co.,St. George,228
2805,,Utah,NULL,NULL,228
2806,,Missouri,NULL,NULL,228
2807,189,NULL,NULL,NULL,74
2808,,NULL,NULL,NULL,84
2809,,Colorado,NULL,NULL,228
2810,,Colorado,Otero Co.,NULL,228
2811,,Tessin,Tessin,NULL,209
2812,189,NULL,NULL,NULL,56
2813,,Texas,NULL,NULL,228
2814,,NULL,NULL,Aponapon,82
2815,189,Utah,NULL,Bingham,228
2816,185,NULL,NULL,NULL,157
2817,68,NULL,NULL,NULL,157
2817,185,NULL,NULL,NULL,157
2818,189,California,NULL,NULL,228
2819,199,Kentucky,Clay,NULL,228
2819,199,Kentucky,Whitley,NULL,228
2820,199,Kentucky,Boyd,NULL,228
2820,199,Kentucky,Carter,NULL,228
2820,199,Kentucky,Elliott,NULL,228
2820,199,Kentucky,Estill,NULL,228
2820,199,Kentucky,Jackson,NULL,228
2820,199,Kentucky,Johnson,NULL,228
2820,199,Kentucky,Knott,NULL,228
2820,199,Kentucky,Leslie,NULL,228
2820,199,Kentucky,Menifee,NULL,228
2820,199,Kentucky,Perry,NULL,228
2820,199,Kentucky,Pike,NULL,228
2820,199,Kentucky,Pike,Pikeville,228
2820,199,Kentucky,Wolfe,NULL,228
2821,115,WV,Monongalia,Morgantown,228
2822,199,NULL,NULL,NULL,228
2823,,Alabama,NULL,NULL,228
2824,,Kentucky,Harlan County,NULL,228
2824,,Kentucky,Morgan County,Cannel City,228
2824,,Kentucky,NULL,NULL,228
2824,,Kentucky,Pike County,Boldman,228
2825,,Maryland,Allegany County,Barton,228
2825,,Maryland,NULL,NULL,228
2826,,North Carolina,Chatham County,NULL,228
2827,,Ohio,Harrison County,Cadiz,228
2827,,Ohio,Jackson County,Coal Township,228
2827,,Ohio,Noble County,Dexter City,228
2827,,Ohio,NULL,NULL,228
2827,,Ohio,Stark County,Canton,228
2827,,Ohio,Vinton County,NULL,228
2828,,Pennsylvania,Allegheny County,NULL,228
2828,,Pennsylvania,Cambria County,Ebensburg,228
2828,,Pennsylvania,Elk County,Brookville,228
2828,,Pennsylvania,Elk County,Eldred Township,228
2828,,Pennsylvania,Elk County,Mill Creek,228
2828,,Pennsylvania,Elk County,NULL,228
2828,,Pennsylvania,Elk County,Rose Township,228
2828,,Pennsylvania,Elk County,Welsh Run,228
2828,,Pennsylvania,NULL,NULL,228
2828,,Pennsylvania,NULL,Union Township,228
2829,,Tennessee,Obion County,NULL,228
2830,,Virginia,Roanoke County,Hanging Rock,228
2831,199,Kentucky,Clark,Winchester,228
2831,199,Kentucky,Clinton,NULL,228
2831,199,Kentucky,Cumberland,Burkesville,228
2831,199,Kentucky,Cumberland,NULL,228
2831,199,Kentucky,Lawrence,NULL,228
2831,199,Kentucky,McCreary,NULL,228
2832,199,NY,NULL,NULL,228
2833,199,OH,Meigs,NULL,228
2833,199,OH,NULL,NULL,228
2834,199,PA,NULL,NULL,228
2835,,West Virginia,Kanawha County,Carbon,228
2835,,West Virginia,Mercer County,Bluefield,228
2835,,West Virginia,NULL,NULL,228
2835,,West Virginia,Raleigh County,NULL,228
2836,199,WV,Monongalia,NULL,228
2836,199,WV,NULL,NULL,228
2837,199,Kentucky,McCreary,NULL,228
2837,199,Kentucky,Pulaski,Somerset,228
2838,135,Pennslyvania,NULL,NULL,228
2839,135,Tennesee,NULL,NULL,228
2840,135,Virginia,NULL,NULL,228
2841,135,west Virginia,NULL,NULL,228
2842,135,WV,Grant,Bismark,228
2843,115,West Virginia,Monongalia,NULL,228
2844,115,WV,Monongalia,Morgantown,228
2845,193,North Carolina,NULL,NULL,228
2846,113,NULL,NULL,NULL,NULL
2848,,NULL,NULL,NULL,106
2849,,Emilia-Romagna,NULL,NULL,106
2850,,NULL,NULL,NULL,106
2851,,NULL,NULL,NULL,209
2852,,England,Cumbria,NULL,227
2853,,NULL,NULL,NULL,227
2854,70,Indiana,Lagrange,NULL,228
2855,70,Indiana,Lagrange,NULL,228
2856,70,Indiana,Lagrange,NULL,228
2857,70,Indiana,Lagrange,NULL,228
2858,,Alabama,Escambia,NULL,228
2859,,NULL,NULL,NULL,81
2860,,Nevada,Nye Co.,NULL,228
2861,189,Colorado,Teller Co.,NULL,228
2862,,Maryland,Charles,Mount Vernon,228
2863,,Tuscany,NULL,NULL,106
2864,,Tuscany,NULL,NULL,106
2865,,NULL,NULL,Apure,233
2866,9,NULL,NULL,NULL,109
2867,9,NULL,NULL,NULL,228
2868,9,NULL,NULL,NULL,109
2869,9,NULL,NULL,NULL,109
2870,9,NULL,NULL,NULL,109
2871,9,NULL,NULL,NULL,109
2872,9,NULL,NULL,NULL,109
2873,9,NULL,NULL,NULL,109
2874,9,NULL,NULL,NULL,109
2875,9,NULL,NULL,NULL,109
2876,9,NULL,NULL,NULL,109
2877,,NULL,NULL,NULL,43
2878,,Lazio,NULL,NULL,106
2879,209,NULL,NULL,NULL,108
2880,,Baja California,NULL,NULL,140
2881,,Minas Gerais,Minas Gerais,NULL,30
2882,,Minas Gerais,NULL,NULL,30
2883,,Atacama Prov,NULL,Atacama,43
2884,,Atacama Prov,NULL,Atacama,43
2885,,North Carolina,NULL,NULL,228
2886,189,Cordoba,NULL,NULL,10
2887,189,Ontario,NULL,NULL,38
2888,,California,Los Angeles Co.,NULL,228
2889,,Arizona,Yavapai Co.,NULL,228
2890,,Arizona,Mohave Co.,NULL,228
2891,,Arizona,Mohave Co.,NULL,228
2892,,NULL,NULL,NULL,43
2893,,Minas Gerais,NULL,NULL,30
2894,,NULL,NULL,Aquascalientes,140
2895,,Newfoundland,NULL,NULL,38
2896,,Maryland,NULL,NULL,228
2897,,Virginia,NULL,NULL,228
2898,,New York,NULL,New York City,228
2899,209,Utah,NULL,NULL,228
2900,193,Virginia,Stafford Co.,NULL,228
2901,,Virginia,Stafford,NULL,228
2901,,Virginia,Stafford,Passapatanzy,228
2902,,Chihuahua,NULL,NULL,140
2903,,Chihuahua,NULL,NULL,140
2904,,Aquitaine,Dordogne Dept.,NULL,74
2905,,Nevada,Pershing Co.,NULL,228
2906,124,NULL,NULL,NULL,NULL
2907,252,NULL,NULL,NULL,NULL
2907,,NULL,NULL,NULL,NULL
2908,252,Masqat,NULL,Muscat,164
2909,32,NULL,NULL,NULL,190
2909,195,NULL,NULL,NULL,190
2910,189,La Paz Dept,NULL,La Paz,26
2910,189,La Paz Dept,NULL,NULL,26
2911,,La Paz,NULL,NULL,26
2912,,NULL,Aracca,Aracca,82
2913,185,Aragatsotn,NULL,NULL,11
2914,,Aragon,NULL,La Rambla,202
2915,,NULL,Aragon,Aragon,202
2915,,NULL,NULL,NULL,202
2916,,Aragon,Aragon,NULL,202
2916,,Aragon,NULL,NULL,202
2917,,Aragon,Teruel,Teruel,202
2918,,Aragon,NULL,Utrillias,202
2919,,Sicily,NULL,NULL,106
2920,,Aragua,NULL,Camatagua,233
2921,,Aragua,NULL,NULL,233
2922,,Carabobo,NULL,NULL,233
2923,248,NULL,NULL,NULL,NULL
2924,,NULL,NULL,NULL,156
2925,,South Island,NULL,NULL,156
2926,220,NULL,NULL,NULL,228
2927,189,NULL,NULL,NULL,108
2928,189,Akita,Akita,NULL,108
2929,189,Tohoku,NULL,NULL,108
2930,,Tohoku,NULL,NULL,108
2931,,NULL,NULL,NULL,108
2932,189,Potosi,NULL,NULL,26
2933,189,La Paz,NULL,NULL,26
2934,,NULL,NULL,NULL,150
2935,,NULL,NULL,NULL,150
2936,189,NULL,NULL,NULL,150
2937,,NULL,Arandis,Arandis,150
2937,,NULL,NULL,NULL,150
2938,,NULL,NULL,NULL,150
2939,,Transilvania Region,NULL,NULL,179
2940,,NULL,NULL,NULL,202
2941,,Madrid,NULL,NULL,202
2943,,Transilvania Region,NULL,NULL,179
2944,189,Heves,NULL,NULL,98
2945,,NULL,NULL,NULL,179
2946,189,Zacatecas,NULL,"Mazapil, Concepcion De Oro Mines, Aranzazu",140
2946,189,Zacatecas,NULL,"Mazapil, Concepcion Del Oro Mines, Aranzanu",140
2947,185,NULL,NULL,NULL,220
2948,,Minas Gerais,NULL,NULL,30
2949,189,Minas Gerais,NULL,NULL,30
2950,,Minas Gerais,NULL,NULL,30
2951,,Araucanía,NULL,Relum,43
2952,,Arizona,Pinal Co.,NULL,228
2953,,Arizona,Klondyke,Klondyke,228
2954,248,NULL,NULL,NULL,NULL
2955,,NULL,NULL,NULL,NULL
2956,,Siberia Region,NULL,NULL,180
2957,,NULL,NULL,NULL,106
2958,,NULL,NULL,NULL,74
2959,,Piedmont,NULL,NULL,106
2960,189,Arizona,Cochise Co.,NULL,228
2961,,Derbyshire,Middleton-by-Youlgreave,Middleton-by-Youlgreave,227
2962,,Aquitaine,NULL,NULL,74
2963,,Oklahoma,NULL,NULL,228
2964,184,Washington,NULL,NULL,228
2965,,Maryland,Baltimore Co.,NULL,228
2966,,Florida,Walton,NULL,228
2967,,Alaska,Aleknagik,Aleknagik,228
2967,,Alaska,Dillingham,Dillingham,228
2968,,Maryland,Prince George's Co.,NULL,228
2969,,Nunavut,NULL,NULL,38
2970,,Guerrero,NULL,NULL,140
2971,220,New Brunswick,NULL,Perci,38
2972,,New Mexico,New Mexico,NULL,228
2973,,NULL,NULL,NULL,NULL
2974,189,California,California,NULL,228
2976,,NULL,Kenya,NULL,111
2977,,NULL,Kenya,NULL,111
2978,,Mississippi,Clarke,NULL,228
2979,193,Alabama,Washington,Saint Stephens,228
2980,,Idaho,NULL,NULL,228
2981,205,NULL,NULL,NULL,30
2982,114,NULL,NULL,NULL,NULL
2983,189,Colorado,NULL,Breckinridge,228
2984,252,NULL,NULL,NULL,38
2984,252,NULL,NULL,NULL,NULL
2985,252,Alaska,NULL,NULL,228
2986,252,NULL,NULL,NULL,NULL
2987,252,NULL,NULL,NULL,NULL
2988,,Sardinia,NULL,NULL,106
2989,,Minas Gerais,NULL,NULL,30
2990,,Ardennes,Ardennes,NULL,74
2991,220,NULL,NULL,NULL,NULL
2992,,Idaho,Idaho,NULL,228
2992,,Idaho,Sawtooth Mtns.,Sawtooth Mtns.,228
2993,,New South Wales,NULL,NULL,13
2994,,Scotland,NULL,NULL,227
2995,,South Dakota,Fall River Co.,NULL,228
2996,,Scotland,NULL,NULL,227
2997,,Yukon Territory,Rapid Creek,Rapid Creek,38
2998,,Chihuahua,NULL,NULL,140
2999,,Chihuahua,NULL,NULL,140
3000,,Chihuahua,NULL,NULL,140
3001,,Puerto Rico,NULL,NULL,176
3002,189,Burgundy,NULL,NULL,74
3003,,NULL,NULL,NULL,202
3004,101,NULL,NULL,NULL,NULL
3005,,NULL,NULL,NULL,NULL
3005,117,NULL,NULL,NULL,NULL
3007,185,NULL,NULL,"Canas, N Suburb Of",52
3007,185,NULL,NULL,La Fortuna Side,52
3007,185,NULL,NULL,La Palma,52
3007,185,NULL,NULL,"La Palma, Along Road At",52
3007,,NULL,NULL,NULL,52
3007,185,NULL,NULL,NULL,52
3007,185,NULL,NULL,Quebata Tabacon,52
3007,185,NULL,NULL,Quebrata Tabacon,52
3007,185,NULL,NULL,NULL,55
3008,,NULL,NULL,NULL,52
3009,,Provincia de Guanacaste,NULL,NULL,52
3010,185,Guanacaste Prov,NULL,NULL,52
3011,189,Sardinia,NULL,NULL,106
3012,185,Tenerife,NULL,NULL,202
3013,,Sardinia,NULL,NULL,106
3014,189,Aust-Agder,NULL,NULL,163
3015,,NULL,Arendal,Arendal,163
3015,,NULL,NULL,Arendal,163
3015,,NULL,NULL,NULL,163
3016,,Arendal,NULL,NULL,163
3017,,Aust-Adger,NULL,NULL,163
3018,,Aust-Agdar,NULL,NULL,163
3019,,Aust-Agder,NULL,NULL,163
3020,,Telemark,NULL,NULL,163
3021,,Vest-Agder,NULL,NULL,163
3022,,Atacama,NULL,NULL,43
3023,,Sonora,NULL,NULL,140
3024,,NULL,NULL,NULL,63
3025,,NULL,NULL,NULL,81
3026,,Rhineland,NULL,NULL,81
3027,,Chihuahua,NULL,NULL,140
3028,,Arequipa Dept,NULL,Contera Grande,171
3029,,Arequipa Dept,NULL,NULL,171
3030,,Arequipa Dept,NULL,Portezuelo; Acari,171
3031,,Arequipa Dept,NULL,Quebradita; Acari,171
3032,,Arequipa Dept,NULL,Santa Rita; Acari,171
3033,,Arequipa,Arequipa,Mollehuaca,171
3033,,Arequipa,NULL,NULL,171
3034,,Arequipa Dept,NULL,Acari,171
3035,252,NULL,NULL,NULL,NULL
3036,252,NULL,NULL,NULL,NULL
3037,252,NULL,NULL,NULL,NULL
3038,252,NULL,NULL,NULL,NULL
3039,252,NULL,NULL,NULL,NULL
3040,252,NULL,NULL,NULL,NULL
3041,,Jamtland,NULL,NULL,208
3042,112,Jaemtland,Jaemtlands laen,AAre,208
3043,,NULL,Areskuten,Areskuten,208
3044,189,Liguria,NULL,NULL,106
3045,,Northern Territory,NULL,NULL,13
3046,,Tuscany,NULL,NULL,106
3047,221,West Papua,NULL,NULL,101
3048,,NULL,NULL,NULL,NULL
3049,,NULL,NULL,NULL,147
3050,112,NULL,NULL,NULL,NULL
3051,112,NULL,NULL,NULL,NULL
3052,189,Transvaal,NULL,Delmas,200
3053,189,NULL,NULL,NULL,200
3054,,Tasmania,NULL,NULL,13
3055,189,Nevada,Lander Co.,NULL,228
3056,,Utah,Salt Lake Co.,NULL,228
3057,,Wallonia,Liege Prov.,NULL,21
3058,,NULL,Argentina,NULL,10
3058,,NULL,NULL,NULL,10
3059,189,NULL,NULL,NULL,43
3060,189,Lavalleja,NULL,NULL,230
3061,189,Sonora,NULL,NULL,140
3062,151,NULL,NULL,NULL,NULL
3062,25,NULL,NULL,NULL,NULL
3063,252,NULL,NULL,NULL,NULL
3064,78,NULL,NULL,NULL,NULL
3065,151,NULL,NULL,NULL,NULL
3066,189,Colorado,Dolores Co.,NULL,228
3066,189,Colorado,NULL,NULL,228
3067,189,Montana,Jefferson Co.,NULL,228
3068,189,Nevada,Lincoln Co.,Southeastern District,228
3069,189,Colorado,San Juan Co.,Rico,228
3070,113,NULL,NULL,NULL,10
3071,97,NULL,NULL,NULL,NULL
3072,,Colorado,NULL,Rico,228
3073,78,NULL,NULL,NULL,NULL
3073,149,NULL,NULL,NULL,NULL
3074,189,Colorado,Lake Co.,NULL,228
3075,,Colorado,NULL,Rico,228
3076,189,Nevada,NULL,Goodsprings,228
3077,,NULL,NULL,NULL,11
3078,,NULL,NULL,NULL,NULL
3079,,NULL,NULL,NULL,NULL
3079,11,NULL,NULL,NULL,NULL
3080,189,Colorado,Boulder Co.,Jamestown,228
3080,189,Colorado,Lake Co.,Leadville,228
3081,189,New York,St Lawrence Co.,Gouverneur,228
3082,189,California,Amador Co.,NULL,228
3083,97,NULL,NULL,NULL,NULL
3084,11,NULL,NULL,NULL,NULL
3085,25,NULL,NULL,NULL,228
3085,25,NULL,NULL,NULL,NULL
3086,189,Tuscany,NULL,"Monte, Amiata District",106
3087,113,NULL,NULL,NULL,228
3087,,NULL,NULL,NULL,NULL
3088,189,California,Inyo Co.,NULL,228
3089,,Midi-Pyrénées,Haute-Garonne Dept.,NULL,74
3090,205,NULL,NULL,NULL,13
3091,189,Western Australia,NULL,NULL,13
3092,189,Montana,Beaverhead Co.,NULL,228
3093,189,Western Australia,NULL,NULL,13
3094,,NULL,NULL,Argyle Station,13
3095,220,NULL,NULL,NULL,86
3096,,Western Australia,NULL,NULL,13
3097,,Scotland,Strathclyde Ca.,NULL,227
3098,189,Western Australia,NULL,NULL,13
3099,,Scotland,Argyll,NULL,227
3099,,Scotland,NULL,NULL,227
3100,,Scotland,Argyll,NULL,227
3100,,Scotland,Central,NULL,227
3101,,Scotland,Argyll,NULL,227
3102,,Scotland,Highland,NULL,227
3103,,Scotland,Highland,NULL,227
3104,,Scotland,NULL,NULL,227
3105,189,Souss-Massa-Draa,Ouarzazate,NULL,147
3106,,NULL,NULL,NULL,147
3107,,NULL,NULL,NULL,147
3108,53,"Southern Nations, Nationals, and Peoples",NULL,NULL,69
3109,189,NULL,NULL,NULL,108
3110,189,Montana,Beaverhead Co.,NULL,228
3111,,NULL,NULL,NULL,219
3112,,NULL,NULL,NULL,171
3113,,NULL,NULL,Arica,43
3114,189,NULL,NULL,Pazna,26
3115,189,Oruro,NULL,NULL,26
3116,,NULL,NULL,NULL,26
3117,,Latium,NULL,Rome,106
3118,,Lazio,Rome,NULL,106
3119,,NULL,NULL,NULL,106
3120,189,NULL,NULL,Salt Lake City,228
3121,,Midi-Pyrénées,Ariege Dept.,NULL,74
3121,,NULL,NULL,Ariege,74
3121,,NULL,NULL,NULL,74
3122,,Ariege,Arignac,Arignac,74
3122,,Ariege,Couserans,Couserans,74
3122,,Ariege,Luzenac,Luzenac,74
3122,,Ariege,Seix,Seix,74
3123,248,NULL,NULL,NULL,228
3124,248,Colorado,NULL,Idalia,228
3125,,Michoacán,NULL,NULL,140
3126,,Minas Gerais,NULL,NULL,30
3127,189,NULL,NULL,NULL,150
3128,,Sonora,NULL,NULL,140
3129,189,Sonora,NULL,NULL,140
3130,189,NULL,NULL,Prestea,82
3131,189,NULL,NULL,Prestea,82
3132,,Alabama,Dale Co.,NULL,228
3133,,Arizona,NULL,NULL,228
3134,,Arizona,Pima Co.,Sierra Moreno,228
3135,,Arizona - Nevada,NULL,NULL,228
3136,,Arizona - Utah,NULL,NULL,228
3137,189,Arizona,Greenlee Co.,NULL,228
3137,189,Arizona,NULL,NULL,228
3138,189,Arizona,NULL,NULL,228
3139,,Arizona,Morenci,Morenci,228
3140,189,Arizona,NULL,NULL,228
3141,189,Nevada,Humboldt Co.,NULL,228
3142,,Arizona,Yuma Co.,NULL,228
3143,,Arizona,NULL,Aguila,228
3144,,Arizona,Ajo,Ajo,228
3144,,Arizona,Cochise County,Ajo,228
3144,,Arizona,NULL,Ajo,228
3145,,Arizona,Apache Co.,NULL,228
3146,,Arizona,"APACHE, AZ",NULL,228
3147,,Arizona,Apache,NULL,228
3148,,Arizona,Aquarius Mountains,Aquarius Mountains,228
3149,,Arizona,Aquarius Mtns.,Aquarius Mtns.,228
3150,,Arizona,Bagdad,Bagdad,228
3150,,Arizona,Coconino County,Bagdad,228
3150,,Arizona,NULL,Baghdad,228
3151,,Arizona,NULL,Bauxite,228
3152,,Arizona,Benson,Benson,228
3153,,Arizona,NULL,Benton,228
3154,,Arizona,Bisbee,Bisbee,228
3154,,Arizona,Cochise Co.,Bisbee,228
3154,,Arizona,Cochise County,Bisbee,228
3154,,Arizona,NULL,Bisbee,228
3155,,Arizona,Bouse,Bouse,228
3156,,Arizona,NULL,Bowie,228
3157,,Arizona,NULL,Briggs,228
3158,,Arizona,Brush Co.,NULL,228
3159,,Arizona,NULL,Bueno,228
3160,,Arizona,Cameron,Cameron,228
3160,,Arizona,NULL,Cameron,228
3161,,Arizona,Camp Verde,Camp Verde,228
3161,,Arizona,NULL,Camp Verde,228
3162,,Arizona,NULL,Canon Diablo,228
3163,,Arizona,NULL,Canyon Creek,228
3164,,Arizona,NULL,Canyon Diablo,228
3165,,Arizona,NULL,Carefree,228
3166,,Arizona,NULL,Carrizo,228
3167,,Arizona,NULL,Cedar Ranch,228
3168,,Arizona,Chambers,Chambers,228
3168,,Arizona,NULL,Chambers,228
3169,,Arizona,NULL,Chloride And Kingman,228
3170,,Arizona,NULL,Christmas,228
3171,,Arizona,Chrysotile,Chrysotile,228
3172,,Arizona,Cleator,Cleator,228
3173,,Arizona,Clifton,Clifton,228
3173,,Arizona,NULL,Clifton,228
3173,,Arizona,NULL,Clifton (near),228
3174,,Arizona,Cochise Co.,Bisbee,228
3175,,Arizona,Cochise Co.,Bonita Canyon,228
3176,,Arizona,Cochise Co.,Johnson,228
3177,,Arizona,Cochise Co.,Portal,228
3178,,Arizona,Cochise Co.,Tombstone,228
3179,,Arizona,Cochise Co.,NULL,228
3179,,Arizona,Cochise County,NULL,228
3179,,Arizona,Cochise Co.,NULL,NULL
3180,,Arizona,Cochise Co.,Whetstone Mt,228
3181,,Arizona,Cochise,NULL,228
3181,,Arizona,"COCHISE, AZ",NULL,228
3182,,Arizona,Coconino Co.,Coon Butte,228
3183,,Arizona,Coconino Co.,"Grand Canyon, Supai",228
3183,,Arizona,Coconino Co.,Supai,228
3184,,Arizona,Coconino Co.,NULL,228
3184,,Arizona,Coconino County,NULL,228
3184,,Arizona,"COCONINO, AZ",NULL,228
3185,,Arizona,Coconino County,Copper Basin,228
3186,,Arizona,Coconino County,Humbolot,228
3187,,Arizona,Coconino County,Jerome,228
3187,,Arizona,Coconino County,Verome,228
3188,,Arizona,Coconino County,Wupatki,228
3189,,Arizona,NULL,Coliseum Maar,228
3190,,Arizona,NULL,Cordes,228
3191,,Arizona,Courtland,Courtland,228
3192,,Arizona,Coyote Mtns.,Coyote Mtns.,228
3193,,Arizona,NULL,Crest Area,228
3194,,Arizona,Dome Rock Mountains,Dome Rock Mountains,228
3195,,Arizona,Dome,Dome,228
3196,,Arizona,Dragoon Mtn.,Dragoon Mtn.,228
3197,,Arizona,Dragoon,Dragoon,228
3198,,Arizona,NULL,Dripping Springs,228
3199,,Arizona,NULL,Dudleyville,228
3200,,Arizona,NULL,Eagle Tail,228
3201,,Arizona,NULL,Esperanza,228
3202,,Arizona,NULL,Fairview,228
3203,,Arizona,NULL,Flagstaff,228
3204,,Arizona,Florence,Florence,228
3205,,Arizona,Fort Defiance,Fort Defiance,228
3206,,Arizona,NULL,Fortification Rock,228
3207,,Arizona,Gila Co.,Government Hill,228
3208,,Arizona,Gila Co.,Miami,228
3208,,Arizona,Gila County,Miami,228
3209,,Arizona,Gila Co.,San Carlos,228
3210,,Arizona,Gila Co.,NULL,228
3211,,Arizona,Gila County,Casa Grande,228
3212,,Arizona,Gila County,Globe,228
3212,,Arizona,Globe,Globe,228
3213,,Arizona,Gila County,Ray,228
3214,,Arizona,Gila County,Superior,228
3215,,Arizona,Gila County,Theba,228
3216,,Arizona,Gila County,Tiger,228
3217,,Arizona,NULL,Gila River,228
3218,,Arizona,NULL,"Gila, Bosque Group",228
3219,,Arizona,Gleeson,Gleeson,228
3220,,Arizona,NULL,Globe Quad,228
3221,,Arizona,NULL,Globe(Near),228
3222,,Arizona,NULL,Globe,228
3223,,Arizona,Graham Co,NULL,228
3224,,Arizona,Graham Co.,Clifton,228
3225,,Arizona,Graham Co.,Duncan,228
3226,,Arizona,Graham Co.,Solomonville,228
3227,,Arizona,Graham Co.,NULL,228
3228,,Arizona,NULL,Grand Canyon,228
3229,,Arizona,Greenlee Co.,Morenci,228
3230,,Arizona,Greenlee Co.,NULL,228
3231,,Arizona,Greenlee County,Clifton,228
3232,,Arizona,Hamburg,Hamburg,228
3233,,Arizona,Harquahala Hollow,Harquahala Hollow,228
3234,,Arizona,Harquahala Mtns.,Harquahala Mtns.,228
3235,,Arizona,NULL,Harshaw,228
3236,,Arizona,NULL,Hassayampa,228
3237,,Arizona,NULL,Hayden,228
3238,,Arizona,NULL,Helvetia,228
3239,,Arizona,NULL,Hickey,228
3240,,Arizona,Hillside,Hillside,228
3240,,Arizona,NULL,Hillside,228
3241,,Arizona,Hilltop,Hilltop,228
3242,,Arizona,NULL,Holbrook,228
3243,,Arizona,Humboldt,Humboldt,228
3244,,Arizona,Indian Well,Indian Well,228
3245,,Arizona,Inspiration,Inspiration,228
3246,,Arizona,Jerome,Jerome,228
3247,,Arizona,Kelvin,Kelvin,228
3248,,Arizona,NULL,"Kingman, 2 miles west of",228
3249,,Arizona,Kingman,Kingman,228
3249,,Arizona,NULL,Kingman,228
3250,,Arizona,Kirkland,Kirkland,228
3251,,Arizona,La Paz Co.,Quartzite,228
3252,,Arizona,La Paz Co.,NULL,228
3253,,Arizona,La Paz County,Bouse,228
3254,,Arizona,La Paz,NULL,228
3255,,Arizona,Lake Meade,Lake Meade,228
3256,,Arizona,Mammoth,Mammoth,228
3257,,Arizona,NULL,Marble Hill,228
3258,,Arizona,Maricopa Co.,Cave Creek,228
3259,,Arizona,Maricopa Co.,Phoenix,228
3260,,Arizona,Maricopa,NULL,228
3260,,Arizona,Maricopa Co.,NULL,228
3261,,Arizona,Maricopa,NULL,228
3262,,Arizona,Mariposa Co.,NULL,228
3263,,Arizona,NULL,Martins Camp,228
3264,,Arizona,Mayer,Mayer,228
3264,,Arizona,NULL,Mayer,228
3265,,Arizona,NULL,Mccabe,228
3266,,Arizona,Miami,Miami,228
3266,,Arizona,NULL,Miami,228
3267,,Arizona,NULL,Mill Creek,228
3268,,Arizona,Mohave Co.,Berkshire,228
3269,,Arizona,Mohave Co.,Kingman,228
3269,,Arizona,Mohave County,Kingman,228
3270,,Arizona,Mohave Co.,Mineral Park,228
3271,,Arizona,Mohave Co.,Oatman,228
3272,,Arizona,Mohave,NULL,228
3272,,Arizona,Mohave Co.,NULL,228
3272,,Arizona,"MOHAVE, AZ",NULL,228
3273,,Arizona,Mohave Co.,"Wikieup, 5.4 Km S 10 Degrees From",228
3274,,Arizona,Mohave Co.,Yucca,228
3275,,Arizona,Mohave,NULL,228
3276,,Arizona,Monument Valley,Monument Valley,228
3277,,Arizona,NULL,Moqui Indian Reservation,228
3278,,Arizona,Morenci,Morenci,228
3278,,Arizona,NULL,Morenci,228
3279,,Arizona,Navajo Co.,Carizo Mtns.,228
3280,,Arizona,Navajo Co.,Indian Wells,228
3281,,Arizona,Navajo Co.,Kayenta,228
3282,,Arizona,Navaho Co.,NULL,228
3282,,Arizona,Navajo Co.,NULL,228
3282,,Arizona,"NAVAJO, AZ",NULL,228
3283,,Arizona,NULL,Navajo,228
3284,,Arizona,NULL,Near Canon Diablo,228
3285,,Arizona,Nogales,Nogales,228
3285,,Arizona,NULL,Nogales,228
3286,,Arizona,NULL,Nunkoweap Butte,228
3287,,Arizona,NULL,Old Tucson,228
3288,,Arizona,NULL,Osborne Spring,228
3289,,Arizona,NULL,Paragonia,228
3290,,Arizona,NULL,Parker,228
3291,,Arizona,NULL,Patagonia,228
3291,,Arizona,Patagonia,Patagonia,228
3292,,Arizona,NULL,Payson Region,228
3293,,Arizona,Payson,Payson,228
3294,,Arizona,NULL,"Peloncilla,Cord",228
3295,,Arizona,NULL,Perkinsville,228
3296,,Arizona,NULL,Phoenix,228
3297,,Arizona,Pima Co - Cochise,Babacouari Canyon,228
3298,,Arizona,Pima Co.,Ajo,228
3299,,Arizona,Pima Co.,Calabasas,228
3301,,Arizona,Pima Co.,Helvetia,228
3302,,Arizona,Pima Co.,La Osa,228
3303,,Arizona,Pima Co.,Tuscon,228
3304,,Arizona,Pima,NULL,228
3304,,Arizona,Pima Co.,NULL,228
3304,,Arizona,"PIMA, AZ",NULL,228
3305,,Arizona,Pima Co.,Warsaw Mills,228
3306,,Arizona,Pima,NULL,228
3307,,Arizona,Pinal Co.,Ray,228
3308,,Arizona,Pinal Co.,Richmond Basin,228
3309,,Arizona,Pinal Co.,Superior,228
3310,,Arizona,Pinal,NULL,228
3310,,Arizona,Pinal Co.,NULL,228
3311,,Arizona,Pinal,NULL,228
3312,,Arizona,Pinal,Winkelman,228
3313,,Arizona,NULL,Prescott (1 Mi From),228
3314,,Arizona,NULL,Prescott (28 Mi From),228
3315,,Arizona,NULL,Prescott,228
3316,,Arizona,NULL,Providence,228
3317,,Arizona,NULL,Quartzite,228
3317,,Arizona,Quartzite,Quartzite,228
3318,,Arizona,NULL,Quitovaquito,228
3319,,Arizona,NULL,Ray,228
3319,,Arizona,Ray,Ray,228
3320,,Arizona,NULL,Rice,228
3321,,Arizona,Rio Verde Valley,Rio Verde Valley,228
3322,,Arizona,Riverside,Riverside,228
3323,,Arizona,Runnelville,Runnelville,228
3324,,Arizona,NULL,San Carlos,228
3325,,Arizona,Santa Cruz Co.,Nogales,228
3326,,Arizona,Santa Cruz,NULL,228
3326,,Arizona,Santa Cruz Co.,NULL,228
3326,,Arizona,Santa Cruz Co.,NULL,NULL
3327,,Arizona,Silver District,Silver District,228
3328,,Arizona,NULL,Stoddard,228
3329,,Arizona,NULL,"Superior, Queen Creek",228
3330,,Arizona,NULL,Superior,228
3330,,Arizona,Superior,Superior,228
3331,,Arizona,NULL,"Table Mtn., Tucson (60 Mi. N.W. Of)",228
3332,,Arizona,NULL,Table Mtn.,228
3333,,Arizona,NULL,Thickenburg,228
3334,,Arizona,NULL,Tiger,228
3335,,Arizona,NULL,Tinajas Altus,228
3336,,Arizona,NULL,Tombstone,228
3336,,Arizona,Tombstone,Tombstone,228
3337,,Arizona,NULL,"Topock, Powell Group",228
3338,,Arizona,NULL,"Topock, Siebert",228
3339,,Arizona,NULL,Total Wreck,228
3340,,Arizona,NULL,Tucson,228
3340,,Arizona,Tucson,Tucson,228
3341,,Arizona,NULL,Turkey Tank,228
3342,,Arizona,Arizona,NULL,228
3342,,Arizona,NULL,NULL,228
3342,,Arizona,NULL,Phoenix,228
3343,,Arizona,Vekol Mtns.,Vekol Mtns.,228
3344,,Arizona,NULL,Verde,228
3345,,Arizona,NULL,Walker,228
3346,,Arizona,NULL,"Washington Camp, Garnet Ledge",228
3347,,Arizona,NULL,Washington Camp,228
3347,,Arizona,Washington Camp,Washington Camp,228
3348,,Arizona,NULL,Wickenberg,228
3349,,Arizona,NULL,Wickenburg,228
3350,,Arizona,Winkelman,Winkelman,228
3351,,Arizona,NULL,Winkleman,228
3352,,Arizona,Yavapai Co.,Bagdad,228
3353,,Arizona,Yavapai Co.,Chino Valley,228
3354,,Arizona,Yavapai Co.,Copper Mt.,228
3355,,Arizona,Yavapai Co.,Jerome Area,228
3356,,Arizona,Yavapai Co.,Mayer,228
3357,,Arizona,Yavapai Co.,Meyers Station,228
3358,,Arizona,Yavapai Co.,Payson,228
3359,,Arizona,Yavapai Co.,Trumbull-Mt,228
3360,,Arizona,Yavapai Co.,NULL,228
3360,,Arizona,"YAVAPAI, AZ",NULL,228
3361,,Arizona,Yavapai,NULL,228
3362,,Arizona,Yuma Co.,Castle Dome,228
3362,,Arizona,Yuma Co.,Castle Dome Dist.,228
3363,,Arizona,Yuma Co.,Clip,228
3364,,Arizona,Yuma Co.,Gila City,228
3365,,Arizona,Yuma Co.,Humbug Dist.,228
3366,,Arizona,Yuma Co.,Tinajas Altus,228
3367,,Arizona,NULL,Yuma,228
3367,,Arizona,Yuma,Yuma,228
3367,,Arizona,Yuma Co.,NULL,228
3368,,Arizona,Yuma,NULL,228
3370,,Arizona/Nevada,Mohave/Clark,NULL,228
3371,,Arizona/New Mexico,NULL,NULL,228
3372,,Arizona,Yuma Co.,NULL,228
3373,,Sonora,NULL,NULL,140
3374,,Norrbotten,NULL,NULL,208
3375,,Arkansas,Independence County,Batesville,228
3375,,Arkansas,NULL,NULL,228
3376,,NULL,NULL,NULL,228
3377,189,Arkansas,Pike Co.,Murfreesboro,228
3378,189,Arkansas,Pike,NULL,228
3378,189,Arkansas,Pike Co.,NULL,228
3379,189,Arkansas,NULL,NULL,228
3380,189,Arkansas,Pike Co.,NULL,228
3381,,Colorado,NULL,NULL,228
3382,248,Colorado,Lake County,NULL,228
3383,248,Arkansas,NULL,Little Rock,228
3385,,Oklahoma,NULL,NULL,228
3386,,Arkansas,NULL,1 Mi Se Of Little Rock,228
3387,,Arkansas,Amelia Co.,NULL,228
3388,,Arkansas,Batesville,Batesville,228
3389,,Arkansas,Bauxite,Bauxite,228
3389,,Arkansas,NULL,Bauxite,228
3390,,Arkansas,Bear,Bear,228
3391,,Arkansas,NULL,Benton,228
3392,,Arkansas,Boone Co.,Elixir Springs,228
3392,,Arkansas,Boone Co.,Lead Hill,228
3392,,Arkansas,Boone Co.,NULL,228
3393,,Arkansas,Carroll Co.,Eureka Springs,228
3394,,Arkansas,Crawford Co.,NULL,228
3395,,Arkansas,NULL,Dequeen,228
3396,,Arkansas,NULL,Dulin,228
3397,,Arkansas,Dutch Mills,Dutch Mills,228
3398,,Arkansas,Franklin Co.,NULL,228
3399,,Arkansas,Garland Co.,Hot Springs,228
3400,,Arkansas,Garland,NULL,228
3400,,Arkansas,Garland Co.,Hot Springs,228
3400,,Arkansas,Garland Co.,Hot Springs Area,228
3400,,Arkansas,Garland Co.,NULL,228
3400,,Arkansas,Garland County,Avant,228
3400,,Arkansas,Garland County,Hot Springs,228
3400,,Arkansas,NULL,Garland,228
3401,,Arkansas,Garland Co.,Wilson Springs,228
3402,,Arkansas,NULL,Gillham,228
3403,,Arkansas,Grant Co.,NULL,228
3404,,Arkansas,NULL,Harrisburg,228
3405,,Arkansas,Hempstead Co.,NULL,228
3406,,Arkansas,Henry,NULL,228
3407,,Arkansas,Hot Spring Co.,Magnet Cove,228
3407,,Arkansas,Hot Spring County,Magnet Cove,228
3408,,Arkansas,Hot Spring Co.,NULL,228
3409,,Arkansas,Hot Springs,Hot Springs,228
3409,,Arkansas,NULL,Hot Springs,228
3409,,Arkansas,NULL,Hot Springs Area,228
3410,,Arkansas,Howard Co.,Nashville,228
3411,,Arkansas,Howard Co.,NULL,228
3412,,Arkansas,Independence Co.,Batesville,228
3412,,Arkansas,Independence Co.,Cushman,228
3412,,Arkansas,Independence Co.,NULL,228
3413,,Arkansas,Jessieville,Jessieville,228
3414,,Arkansas,Johnson Co.,Coal Hill,228
3414,,Arkansas,Johnson Co.,NULL,228
3414,,Arkansas,Johnson Co.,Spadra,228
3415,,Arkansas,NULL,Kenark,228
3416,,Arkansas,Kirby,Kirby,228
3417,,Arkansas,Lawrence Co.,NULL,228
3418,,Arkansas,Le Flore Co.,NULL,228
3419,,Arkansas,Little Rock,Little Rock,228
3419,,Arkansas,NULL,Little Rock,228
3420,,Arkansas,Logan Co.,NULL,228
3421,,Arkansas,NULL,Magnet Area,228
3422,,Arkansas,NULL,"Magnet Cove, Ne Of Main Area",228
3423,,Arkansas,Magnet Cove,Magnet Cove,228
3423,,Arkansas,NULL,Magnet Cove,228
3424,,Arkansas,NULL,"Magnet Cove, W Part",228
3425,,Arkansas,Marion Co. (?),NULL,228
3426,,Arkansas,Marion Co.,Buffalo River,228
3427,,Arkansas,Marion Co.,NULL,228
3428,,Arkansas,Marion Co.,Yellville,228
3429,,Arkansas,NULL,Martha,228
3430,,Arkansas,Mena,Mena,228
3431,,Arkansas,NULL,Middle Hill,228
3432,,Arkansas,Mina,Mina,228
3433,,Arkansas,Montgomery Co.,Maple Springs,228
3434,,Arkansas,Montgomery Co.,Mazarn,228
3434,,Arkansas,Montgomery Co.,Mount Ida,228
3434,,Arkansas,Montgomery Co.,NULL,228
3434,,Arkansas,Montgomery Co.,Ouachita River,228
3435,,Arkansas,Mt. ida,Mt. ida,228
3436,,Arkansas,Mt. Lewis,Mt. Lewis,228
3437,,Arkansas,Murfreesboro,Murfreesboro,228
3437,,Arkansas,NULL,Murfreesboro,228
3438,,Arkansas,Newton Co.,NULL,228
3439,,Arkansas,NULL,Nw Of College Station,228
3440,,Arkansas,Pencil,Pencil,228
3441,,Arkansas,Pike Co.,Mufreesboro,228
3441,,Arkansas,Pike Co.,Murfreesboro,228
3441,,Arkansas,Pike Co.,Murfreesborough,228
3442,,Arkansas,Pike Co.,Murfreesboro 7 Mi From,228
3443,,Arkansas,Pike Co - Scott,NULL,228
3443,,Arkansas,Pike Co.,NULL,228
3443,,Arkansas,Pike Co.,West Hill,228
3444,,Arkansas,Polk Co.,Mena,228
3444,,Arkansas,Polk Co.,Mina,228
3445,,Arkansas,Polk Co.,NULL,228
3445,,Arkansas,Polk Co.,West Caney,228
3445,,Arkansas,Polk County,Shady,228
3446,,Arkansas,Pope Co.,NULL,228
3447,193,Arkansas,Pulaski Co.,Little Rock,228
3447,,Arkansas,Pulaski Co.,Little Rock,228
3448,,Arkansas,Pulaski Co.,Magnet Cove,228
3449,,Arkansas,Pulaski Co.,Brodys Mill,228
3449,,Arkansas,Pulaski Co.,Faurche Cove,228
3449,,Arkansas,Pulaski Co.,NULL,228
3450,,Arkansas,Rush Creek District,Rush Creek District,228
3451,,Arkansas,NULL,Rush,228
3452,,Arkansas,Saline Co.,Bauxite,228
3453,,Arkansas,Saline Co.,Benton,228
3454,,Arkansas,Saline Co.,Davis Portal,228
3454,,Arkansas,Saline Co.,NULL,228
3455,,Arkansas,Scott Co.,Olio,228
3456,,Arkansas,Searcy Co.,St Joe,228
3457,,Arkansas,Searcy Co.,NULL,228
3458,,Arkansas,Sebastian Co.,Bonanza,228
3458,,Arkansas,Sebastian Co.,NULL,228
3459,,Arkansas,Sevier Co.,Antimony City,228
3459,,Arkansas,Sevier Co.,NULL,228
3459,,Arkansas,Sevier Co.,Silver Hill,228
3460,,Arkansas,Shady,Shady,228
3461,,Arkansas,NULL,Slatington,228
3462,,Arkansas,Union Co.,NULL,228
3463,,Arkansas,Arkansas,NULL,228
3463,,Arkansas,NULL,NULL,228
3464,,Arkansas,White Co.,NULL,228
3465,,Arkansas,Yell Co.,NULL,228
3468,,South Australia,NULL,NULL,13
3469,,South Australia,NULL,NULL,13
3470,189,England,Yorkshire,NULL,227
3471,,Arkhangelsk Oblast,NULL,NULL,180
3472,,NULL,NULL,NULL,85
3473,193,Virginia,Loudoun County,Leesburg,228
3473,193,Virginia,NULL,NULL,228
3474,193,Virginia,Loudoun Co.,NULL,228
3475,,Kentucky,Carlisle,NULL,228
3476,,Washington,Snohomish Co.,NULL,228
3477,189,Northern Territory,NULL,NULL,13
3478,70,Arkansas,White,NULL,228
3479,,Georgia,Georgia,NULL,228
3480,,California,Inyo Co.,NULL,228
3481,,Baja California,Pino Solo,Pino Solo,140
3482,185,NULL,NULL,NULL,99
3483,,NULL,NULL,NULL,227
3484,189,Buskerud,NULL,NULL,163
3485,,NULL,NULL,NULL,11
3486,189,Nevada,NULL,NULL,228
3487,,Indiana,Wells,NULL,228
3488,189,Virginia,Louisa Co.,NULL,228
3489,189,Virginia,Louisa Co.,NULL,228
3489,189,Virginia,Louisa County,Mineral (near),228
3489,,Virginia,Louisa County,Mineral (near),228
3493,189,Virginia,Louisa Co.,NULL,228
3494,189,Hidalgo,NULL,Pachuca,140
3495,,NULL,NULL,NULL,NULL
3496,195,NULL,NULL,NULL,74
3496,70,NULL,NULL,NULL,74
3496,70,NULL,NULL,NULL,NULL
3496,,NULL,NULL,NULL,NULL
3497,189,Minnesota,NULL,NULL,228
3498,189,Minnesota,NULL,NULL,228
3499,,Alabama,Lamar,NULL,228
3500,189,Western Australia,NULL,NULL,13
3502,205,Yukon,NULL,NULL,38
3503,221,NULL,NULL,NULL,220
3504,,Limousin,Haute-Vienne Dept.,NULL,74
3505,70,NULL,NULL,NULL,99
3506,,NULL,NULL,NULL,163
3507,185,NULL,NULL,NULL,99
3508,,NULL,NULL,NULL,NULL
3509,189,Colorado,Lake Co.,Leadville,228
3510,,Tuscany,NULL,NULL,106
3511,248,NULL,NULL,NULL,NULL
3512,189,New York,Clinton Co.,Au Sable,228
3513,189,New York,NULL,NULL,228
3513,189,New York,St Lawrence Co.,Fowler,228
3514,189,New York,St Lawrence Co.,Beaver Creek Area,228
3515,189,Pennsylvania,Tioga Co.,Arnot,228
3516,,North Rhine-Westphalia,NULL,NULL,81
3517,,North Rhine-Westphalia,NULL,NULL,81
3518,,NULL,NULL,NULL,81
3519,,North Rhine-Westphalia,NULL,NULL,81
3520,,North Rhine-Westphalia,NULL,NULL,81
3521,,North Rhine-Westphalia,NULL,NULL,81
3522,220,Telemark Co,NULL,Langesundfiord,163
3522,220,Telemark Co,NULL,NULL,163
3523,,NULL,NULL,Aro,163
3523,,NULL,NULL,NULL,163
3524,,Telemark,NULL,NULL,163
3525,,NULL,NULL,Aroa,233
3526,,NULL,NULL,Aroen,163
3527,,NULL,NULL,NULL,69
3528,205,Maine,Aroostook Co.,NULL,228
3529,,NULL,Portugal,NULL,175
3530,205,Montana,NULL,NULL,228
3531,,Langesundsfjord,Larvik,Larvik,163
3532,,Langesundsfjord,Larvik,Larvik,163
3533,,Telemark,NULL,NULL,163
3534,,Telemark,NULL,NULL,163
3535,189,Coquimbo,NULL,NULL,43
3536,,NULL,NULL,NULL,43
3537,,Coquimbo,NULL,NULL,NULL
3538,,Coquimbo,NULL,NULL,43
3539,,NULL,NULL,NULL,NULL
3540,,NULL,NULL,NULL,NULL
3541,,NULL,NULL,NULL,NULL
3542,,NULL,NULL,NULL,NULL
3543,,NULL,NULL,NULL,NULL
3544,,NULL,NULL,NULL,NULL
3545,,NULL,NULL,NULL,NULL
3546,,NULL,NULL,NULL,NULL
3547,,NULL,NULL,NULL,227
3548,220,Scotland,Bute,Corregil's Shore,227
3548,220,Scotland,Bute,NULL,227
3548,220,Scotland,NULL,NULL,227
3549,,Scotland,NULL,NULL,227
3550,,NULL,NULL,NULL,69
3551,,NULL,Arrasuahy,Arrasuahy,30
3552,227,San Juan,Jose Armando Bermudez National Park,NULL,61
3553,227,San Juan,Jose Armando Bermudez National Park,NULL,61
3554,,NULL,NULL,Arronches,175
3555,,Georgia,Pulaski,Westlake,228
3556,189,Colorado,Mesa Co.,NULL,228
3557,,Georgia,Pulaski,Klondike,228
3558,185,Alaska,NULL,NULL,228
3559,,NULL,NULL,NULL,156
3560,,NULL,Brazil,NULL,30
3561,,Guanajuato,Guanajuato,NULL,140
3562,,NULL,NULL,NULL,43
3563,,NULL,NULL,NULL,10
3564,,Neuquen Basin,NULL,NULL,10
3565,,NULL,NULL,NULL,140
3566,,Estado de Durango,NULL,NULL,140
3566,,Estado de Durango,NULL,Saporis,140
3567,,Zacatecas,NULL,Sain Alto,140
3568,,NULL,NULL,NULL,140
3569,,NULL,NULL,NULL,140
3570,189,Zacatecas,NULL,NULL,140
3571,,NULL,NULL,NULL,140
3572,,NULL,NULL,NULL,43
3573,,NULL,NULL,NULL,NULL
3574,248,NULL,NULL,NULL,NULL
3575,,Bukovina,Bukovina,NULL,174
3576,189,Nevada,Mineral Co.,NULL,228
3577,189,Durango,NULL,NULL,140
3578,215,Hawaii,Hilo,NULL,228
3579,,Norrbotten,NULL,NULL,208
3580,,NULL,NULL,NULL,179
3581,189,South Dakota,Keystone,Keystone,228
3581,189,South Dakota,Pennington Co.,NULL,228
3583,,NULL,NULL,NULL,256
3584,,NULL,Hungary,NULL,98
3585,,Baden-wurttemberg,Baden-wurttemberg,NULL,81
3586,189,Ontario,Hastings Co.,NULL,38
3587,70,Tasmania,Central Highlands,NULL,13
3588,70,Tasmania,Central Highlands,NULL,13
3589,,Tamil Nadu,NULL,Yercaud,100
3590,189,Arizona,Cochise Co.,NULL,228
3591,,Querétaro,NULL,NULL,140
3592,,NULL,Artigas,Artigas,230
3592,,NULL,NULL,NULL,230
3593,,Artigas,NULL,NULL,230
3594,,Arizona,Mohave,NULL,228
3595,,Arizona,Arizona,NULL,228
3596,,Arizona,Mohave Co.,NULL,228
3597,,Arizona,NULL,NULL,228
3598,220,NULL,NULL,NULL,153
3599,,NULL,NULL,NULL,85
3600,,Kerala,NULL,NULL,100
3601,,NULL,NULL,NULL,163
3602,193,Maryland,Baltimore Co.,NULL,228
3603,,NULL,NULL,NULL,163
3604,,Northern Territory,NULL,NULL,13
3605,,NULL,Arusha,Arusha,213
3605,,NULL,NULL,NULL,213
3606,,Arusha,Longido,Longido,213
3606,,Arusha,Meralani,Meralani,213
3606,,Arusha,Merelani,NULL,213
3606,,Arusha,Ngorongoro,Loliondo,213
3606,,Arusha,NULL,NULL,213
3607,,Arusha Region,Ngorongoro District,Loliondo,213
3608,193,NULL,NULL,NULL,213
3609,,Colorado,Jefferson Co.,Arvada,228
3610,,NULL,NULL,NULL,256
3611,,NULL,NULL,NULL,256
3612,,NULL,NULL,Arven,163
3613,,NULL,NULL,"Arveynon, Roddy",74
3614,,Norrbotten,NULL,NULL,208
3615,,Ticino,NULL,NULL,209
3616,,Graubunden,NULL,NULL,209
3617,193,Indiana,Daviess,NULL,228
3618,195,NULL,NULL,NULL,74
3618,,NULL,NULL,NULL,NULL
3619,,Michigan,NULL,Arvon (?),228
3620,,Styria,NULL,NULL,14
3621,,Bavaria,Baireuth,Baireuth,81
3622,,NULL,NULL,NULL,209
3623,193,NULL,NULL,NULL,209
3624,,NULL,NULL,NULL,209
3625,,NULL,NULL,"Arztknochen, Hermannsdorf, Erzebirge",81
3626,,Bohemia Region,NULL,NULL,57
3627,189,Idaho,NULL,NULL,228
3628,185,NULL,NULL,NULL,108
3629,185,NULL,NULL,NULL,108
3630,189,Arizona,Pinal Co.,NULL,228
3631,,NULL,NULL,"Asbach, Bennan",81
3632,,Rhineland-Palatinate,NULL,NULL,81
3633,,Quebec,NULL,NULL,38
3634,189,NULL,NULL,NULL,180
3635,189,Massachusetts,NULL,Pelham,228
3636,189,Quebec,NULL,NULL,38
3637,189,Vermont,Lamoille Co.,NULL,228
3637,189,Vermont,NULL,NULL,228
3638,56,California,Riverside,Palm Desert,228
3639,,Quebec,Quebec,NULL,38
3640,,Quebec,NULL,NULL,38
3641,,NULL,NULL,Alno,208
3642,,Alabama,Lamar,NULL,228
3643,,New Jersey,Monmouth,Asbury Park,228
3644,,NULL,NULL,"Asby, Elfdalen",208
3645,,NULL,NULL,NULL,NULL
3646,185,NULL,NULL,NULL,227
3647,220,NULL,NULL,NULL,99
3647,220,NULL,NULL,NULL,182
3647,220,NULL,NULL,NULL,227
3648,,Ascension Island,Ascension Island,NULL,74
3649,,Ascension Island,Ascension Island,NULL,74
3650,,NULL,NULL,NULL,227
3651,189,Alaska,NULL,Sheep Creek,228
3652,189,Colorado,Jefferson Co.,NULL,228
3653,11,NULL,NULL,NULL,NULL
3654,,NULL,NULL,NULL,NULL
3655,189,Michigan,Michigan,NULL,228
3656,,NULL,NULL,Aschaffenburg,81
3656,,NULL,NULL,NULL,81
3656,,NULL,NULL,NULL,NULL
3657,,Bavaria,NULL,"Aschaffenberg, E Of",81
3657,,Bavaria,NULL,Aschaffenburg,81
3657,,Bavaria,NULL,"Aschaffenburg, Feldkahl (W Side)",81
3657,,Bavaria,NULL,NULL,81
3658,,NULL,NULL,Aschaffenburg,81
3659,,NULL,Aschersleben,Aschersleben,81
3659,,NULL,NULL,NULL,81
3660,,Marchie,NULL,NULL,106
3661,,Antofagasta,NULL,NULL,43
3662,,NULL,Ascotan,Ascotan,26
3663,193,Vermont,NULL,Ascutney-Mt,228
3663,193,Vermont,NULL,NULL,228
3664,9,Peloponnese,Peloponnese,NULL,84
3665,9,Peloponnese,Peloponnese,NULL,84
3666,,NULL,NULL,NULL,102
3667,,NULL,NULL,NULL,69
3668,,California,Mendocino Co.,NULL,228
3669,,California,California,NULL,228
3669,,California,Cloverdale,Cloverdale,228
3670,,Arizona,Gila Co.,NULL,228
3671,,Arizona,Pinal Co.,NULL,228
3672,,California,Mendocino Co.,NULL,228
3673,,Arizona,Yavapai Co.,NULL,228
3674,70,Ontario,NULL,NULL,38
3675,70,Ontario,NULL,NULL,38
3676,,Nevada,NULL,NULL,228
3677,,British Columbia,NULL,McDame,38
3678,,British Columbia,Mc Dame,Mc Dame,38
3679,189,NULL,NULL,NULL,82
3680,,NULL,NULL,NULL,82
3681,,Rhode Island,Hopkinton,Hopkinton,228
3682,,Michigan,NULL,NULL,228
3683,,Western Australia,NULL,NULL,13
3684,,NULL,NULL,NULL,227
3684,248,NULL,NULL,NULL,NULL
3685,158,NULL,NULL,NULL,156
3686,,Ontario,NULL,NULL,38
3687,,Ontario,Hastings Co.,NULL,38
3688,,British Columbia,NULL,NULL,38
3689,,North Carolina,Randolph Co.,NULL,228
3690,70,Tigray,NULL,NULL,69
3691,70,Tigray,NULL,NULL,69
3692,,North Carolina,Buncombe Co.,NULL,228
3693,,North Carolina,NULL,NULL,228
3694,189,NULL,NULL,"Ashio, J Furukawa",108
3694,189,NULL,NULL,NULL,108
3695,189,Kanto,NULL,NULL,108
3696,189,Tochigi,Ashio,Ashio,108
3697,,NULL,NULL,NULL,108
3698,189,Kanto,NULL,NULL,108
3699,,Oregon,NULL,NULL,228
3700,,Oregon,NULL,NULL,228
3701,189,NULL,United States,NULL,228
3702,189,Wisconsin,Ashland,Ashland,228
3703,,Indiana,Wabash,NULL,228
3704,205,California,NULL,NULL,228
3705,205,Oregon,NULL,NULL,228
3706,,Alabama,NULL,NULL,228
3707,248,NULL,NULL,NULL,NULL
3708,248,NULL,NULL,NULL,NULL
3709,193,Massachusetts,Berkshire Co.,Ashley Falls Station; Sheffield Twp,228
3710,,NULL,NULL,Ashley Falls,228
3711,189,New Hampshire,NULL,Rumney,228
3712,,South Carolina,Charleston,NULL,228
3713,,South Carolina,Dorchester,NULL,228
3714,,Utah,NULL,NULL,228
3715,193,Indiana,Ripley Co.,NULL,228
3716,,Virginia,King George,Dahlgren,228
3717,,NULL,NULL,NULL,200
3718,9,Idaho,Fremont,Ashton,228
3718,,Idaho,Fremont,Ashton,228
3719,,Idaho,Fremont,Ashton,228
3720,189,Totigo Prefecture,NULL,Matuki,108
3720,189,Totigo Prefecture,NULL,NULL,108
3721,,NULL,NULL,NULL,38
3722,,NULL,Osterby,Osterby,208
3723,,NULL,NULL,NULL,163
3724,,Sogn Og Fjordane,NULL,NULL,163
3725,,NULL,Asker,Asker,163
3725,,NULL,NULL,Asker,163
3726,,Akershus,NULL,NULL,163
3727,,Oslo City,NULL,NULL,163
3728,,Orebro,NULL,NULL,208
3729,,Orebro,NULL,NULL,208
3730,,NULL,NULL,NULL,99
3730,185,NULL,NULL,NULL,99
3731,,Central highlands ,Dyngjufjöll area,NULL,99
3732,,Central highlands,Dyngjufjöll area,NULL,99
3733,,Central highlands,Dyngjufjöll area,NULL,99
3734,,Central highlands,Dyngjufjöll area,NULL,99
3735,,Central highlands,Dyngjufjöll area,NULL,99
3736,,Central highlands,Dyngjufjöll area,NULL,99
3737,,Central highlands,Dyngjufjöll area,NULL,99
3738,,Central highlands,Dyngjufjöll area,NULL,99
3739,,Central highlands,Dyngjufjöll area,NULL,99
3740,,Central highlands,Dyngjufjöll area,NULL,99
3741,,Central highlands,Dyngjufjöll area,NULL,99
3742,,Central highlands,Dyngjufjöll area,NULL,99
3743,,Central highlands,Dyngjufjöll area,NULL,99
3744,,Central highlands,Dyngjufjöll area,NULL,99
3745,,Central highlands,Dyngjufjöll area,NULL,99
3746,,Central highlands,Dyngjufjöll area,NULL,99
3747,,Central highlands,Dyngjufjöll area,NULL,99
3748,,Central highlands,Dyngjufjöll area,NULL,99
3749,,Central highlands,Dyngjufjöll area,NULL,99
3750,,Central highlands,Dyngjufjöll area,NULL,99
3751,,Central highlands,Dyngjufjöll area,NULL,99
3752,,Central highlands,Dyngjufjöll area,NULL,99
3753,,Central highlands,Dyngjufjöll area,NULL,99
3754,,Central highlands,Dyngjufjöll area,NULL,99
3755,,Central highlands,Dyngjufjöll area,NULL,99
3756,,Central highlands,Dyngjufjöll area,NULL,99
3757,,Central highlands,Dyngjufjöll area,NULL,99
3758,,Central highlands,Dyngjufjöll area,NULL,99
3759,,Central highlands,Dyngjufjöll area,NULL,99
3760,,Central highlands,Dyngjufjöll area,NULL,99
3761,,Central highlands,Dyngjufjöll area,NULL,99
3762,,Central highlands,Dyngjufjöll area,NULL,99
3763,,Central highlands,Dyngjufjöll area,NULL,99
3764,,Central highlands,Dyngjufjöll area,NULL,99
3765,,Central highlands,Dyngjufjöll area,NULL,99
3766,,Central highlands,Dyngjufjöll area,NULL,99
3767,,Central highlands,Dyngjufjöll area,NULL,99
3768,,Central highlands,Dyngjufjöll area,NULL,99
3769,,Central highlands,Dyngjufjöll area,NULL,99
3770,,Central highlands,Dyngjufjöll area,NULL,99
3771,,Central highlands,Dyngjufjöll area,NULL,99
3772,,Central highlands,Dyngjufjöll area,NULL,99
3773,,Central highlands,Dyngjufjöll area,NULL,99
3774,,Central highlands,Dyngjufjöll area,NULL,99
3775,,NULL,NULL,NULL,NULL
3776,185,NULL,NULL,Ayugaerino-Taki,108
3776,185,NULL,NULL,NULL,108
3776,185,NULL,NULL,Otsu; Kumamoto,108
3776,185,NULL,NULL,Taka-Shima,108
3777,185,Kumamoto,NULL,NULL,108
3778,185,Kyushu,NULL,"Gokasyo, Tabaru-Mura, Nishi-Usuki-Gun",108
3778,185,Kyushu,NULL,Inukai-Machi,108
3778,185,Kyushu,NULL,Kumamoto,108
3778,185,Kyushu,NULL,NULL,108
3778,185,Kyushu,NULL,"Shindo, Ogi-Machi",108
3779,185,NULL,NULL,NULL,157
3780,,Washington,Asotin Co.,NULL,228
3781,,NULL,NULL,NULL,180
3782,,NULL,NULL,NULL,163
3783,189,Arizona,Maricopa Co.,Ellsworth,228
3784,189,Colorado,NULL,NULL,228
3785,189,Colorado,NULL,NULL,228
3785,189,Colorado,Pitkin Co.,Aspen,228
3785,189,Colorado,Pitkin Co.,NULL,228
3786,209,Colorado,NULL,NULL,228
3787,,Wyoming,NULL,NULL,228
3788,,New Mexico,NULL,NULL,228
3789,,NULL,NULL,Aspfelskopf,81
3790,,NULL,NULL,NULL,218
3791,,Texas,NULL,NULL,228
3792,,California,Kern Co.,NULL,228
3793,220,NULL,NULL,NULL,NULL
3794,,Nova Scotia,NULL,NULL,38
3795,,NULL,NULL,NULL,NULL
3796,,Prussia,Near Wulfenbuttel,Near Wulfenbuttel,81
3797,,NULL,NULL,NULL,69
3798,,NULL,NULL,NULL,69
3799,,Lower Saxony,Lower Saxony,NULL,81
3800,,Saxony,NULL,NULL,81
3801,178,NULL,NULL,NULL,38
3802,178,Manitoba,NULL,Winnipeg,38
3803,,Wyoming,NULL,NULL,228
3804,,New Mexico,NULL,NULL,228
3805,,Sicily,NULL,NULL,106
3806,,Sicily,NULL,NULL,106
3807,,NULL,NULL,NULL,106
3808,,NULL,NULL,NULL,85
3809,,NULL,Ammeberg Nark,Ammeberg Nark,208
3810,189,Durango,Mapimi,Mapimi,140
3810,189,Durango,NULL,NULL,140
3811,,NULL,NULL,Astfeld,81
3812,,Alabama,Marion,NULL,228
3813,,Wales,Powys,Church Stoke,227
3814,,NULL,NULL,NULL,227
3815,,Pennsylvania,Delaware Co.,NULL,228
3816,,NULL,NULL,NULL,165
3817,,Northern Areas,Gilgit,NULL,165
3818,,NULL,Astor,Astor,165
3819,,NULL,NULL,NULL,165
3820,25,NULL,NULL,NULL,NULL
3822,189,New York,NULL,NULL,228
3823,189,New York,NULL,NULL,228
3824,112,NULL,NULL,NULL,NULL
3825,189,Zacatecas,NULL,NULL,140
3826,,Asturias,NULL,NULL,202
3827,185,Asuncion,NULL,NULL,162
3828,189,NULL,NULL,NULL,26
3829,189,Potosi,NULL,NULL,26
3830,,NULL,NULL,NULL,64
3831,,NULL,NULL,NULL,64
3832,,NULL,NULL,Asweiler,81
3833,193,NULL,NULL,NULL,180
3834,,South Carolina,Charleston,Bennetts Point,228
3835,,South Carolina,Georgetown,NULL,228
3836,,NULL,NULL,NULL,43
3837,,Atacama Ca.,NULL,NULL,43
3838,93,NULL,NULL,NULL,43
3838,,NULL,NULL,NULL,43
3839,,NULL,NULL,NULL,43
3840,,NULL,NULL,Chuquicamata,43
3841,,Antofagasta,NULL,NULL,43
3842,,Atacama Prov,NULL,Atacama,43
3843,,Atacama Prov,NULL,Charnacillo,43
3844,,Atacama Prov,NULL,NULL,43
3845,,Atacama Prov,NULL,Chuquicamata,43
3846,,Atacama Prov,NULL,Copiapo,43
3847,,Atacama Prov,NULL,San Bartolo,43
3848,,Atacama Prov,NULL,Valenar,43
3849,,Atacama Prov,NULL,Vallenar,43
3850,,Antofagasta,NULL,NULL,43
3851,,Atacama,Chanarcillo,Chanarcillo,43
3851,,Atacama,NULL,Chanarcillo,43
3852,,NULL,NULL,NULL,43
3853,,Atacama,Atacama,NULL,43
3853,,Atacama,NULL,NULL,43
3854,,Atacama Ca.,NULL,NULL,43
3855,,Atacama,Copiapo Prov.,Chanarcillo,43
3856,,Atacama,Copiapo,Chanarcillo,43
3857,,Atacama,Copiapo,Copiapo,43
3857,,Atacama,NULL,Copiapo,43
3858,,NULL,NULL,NULL,43
3859,,Atacama,Huasco,Huasco,43
3860,,Atacama,Inca de Oro,Inca de Oro,43
3861,,Atacama,Nantoko,Nantoko,43
3862,,Atacama,Tierra Amarilla,Tierra Amarilla,43
3863,,Atacama,Vallenar,Vallenar,43
3864,189,Pasco,Cerro De Pasco,Cerro De Pasco,171
3865,189,Cajamarca,Hualgayoc Mining District,Hualgayoc Mining District,171
3866,,NULL,NULL,NULL,3
3867,,Coahuila,Sierra Mojada,Sierra Mojada,140
3868,189,Coahuila,NULL,Sierra Mojada,140
3869,189,Andalusia,NULL,NULL,202
3870,,Minas Gerais,NULL,NULL,30
3871,,Chubu,NULL,NULL,108
3872,,NULL,NULL,Atar,137
3874,,NULL,NULL,NULL,204
3875,248,NULL,NULL,NULL,228
3876,4,Kansas,Atchison,NULL,228
3877,,New Jersey,Camden,Clementon,228
3878,,Rio Grande do Sul,Santa Maria,NULL,30
3879,,Saskatchewan,NULL,NULL,38
3881,,Alberta,NULL,NULL,38
3882,197,Vermont,NULL,Brattleboro,228
3883,,Michigan,Marquette County,Negaunee (near),228
3884,,Attica,NULL,NULL,84
3885,,NULL,NULL,Athens,84
3886,,Queensland,Mariba,Mariba,13
3887,,Central,Central,NULL,111
3889,189,Saskatchewan,Lake Athabaska,Goldfields,38
3890,70,Tasmania,Cradle Mountain,NULL,13
3891,185,NULL,NULL,NULL,89
3892,68,NULL,NULL,NULL,89
3893,,NULL,NULL,NULL,228
3894,182,NULL,NULL,NULL,228
3895,189,California,San Bernardino Co.,NULL,228
3897,189,NULL,NULL,NULL,171
3898,189,Idaho,Alturas Co.,NULL,228
3898,189,Idaho,Elmore Co.,Ablanba District,228
3898,189,Idaho,Elmore Co.,NULL,228
3899,189,Nevada,Elko Co.,NULL,228
3899,189,Nevada,NULL,NULL,228
3900,189,Idaho,Elmore Co.,NULL,228
3901,209,Idaho,Elmore Co.,NULL,228
3903,209,Nevada,NULL,NULL,228
3904,189,NULL,NULL,NULL,171
3905,189,NULL,NULL,NULL,171
3906,189,NULL,NULL,NULL,171
3907,,NULL,NULL,NULL,NULL
3907,252,NULL,NULL,NULL,NULL
3908,,New Jersey,Atlantic,Atlantic City,228
3909,,New Jersey,Atlantic,Oceanville,228
3910,,Wyoming,NULL,NULL,228
3911,,New Jersey,Atlantic,Dorothy,228
3912,189,Michigan,Calumet,Calumet,228
3912,189,Michigan,Houghton,NULL,228
3912,189,Michigan,NULL,NULL,228
3913,189,New Mexico,NULL,Mining Districts,228
3915,252,NULL,NULL,NULL,9
3915,252,NULL,NULL,NULL,16
3915,252,NULL,NULL,Evigtok,58
3915,252,NULL,NULL,NULL,63
3915,252,NULL,NULL,NULL,81
3915,252,NULL,NULL,Kassa,90
3915,252,NULL,NULL,NULL,90
3915,252,NULL,NULL,Ruma,90
3915,252,NULL,NULL,Tamara,90
3915,252,NULL,NULL,"Tamara, Rofare",90
3915,252,NULL,NULL,Topsail,90
3915,252,NULL,NULL,Toutabar,90
3915,252,NULL,NULL,NULL,104
3915,252,NULL,NULL,Furnas,175
3915,252,NULL,NULL,NULL,175
3915,252,NULL,NULL,Porto Delgada,175
3915,252,NULL,NULL,Porto Delgado,175
3915,252,NULL,NULL,Lake Trinidad,218
3915,252,NULL,NULL,NULL,218
3915,252,NULL,NULL,NULL,227
3915,81,NULL,NULL,NULL,NULL
3915,97,NULL,NULL,NULL,NULL
3915,252,NULL,NULL,NULL,NULL
3915,,NULL,NULL,NULL,NULL
3916,252,Azores,NULL,Ponta Delgada,175
3917,252,Canary Is Region,NULL,NULL,202
3918,252,Greenland,NULL,Godthab Fjiord,85
3918,252,Greenland,NULL,NULL,85
3920,252,Massachusetts,NULL,NULL,228
3920,252,Massachusetts Ca.,NULL,NULL,228
3921,252,New Jersey,NULL,NULL,228
3922,252,North Carolina,NULL,NULL,228
3923,252,Nova Scotia,NULL,NULL,38
3924,252,Oaxaca,NULL,La Panchita (200 Yds E Of),140
3925,252,Provence-Alpes-Côte d'Azur,NULL,NULL,74
3926,252,Rio De Janeiro,NULL,Cabo Frio,30
3926,252,Rio De Janeiro,NULL,Ilha Do Cabo Frio,30
3926,252,Rio De Janeiro,NULL,Maxabomba,30
3926,252,Rio De Janeiro,NULL,Nova Laranbeiras,30
3926,252,Rio De Janeiro,NULL,NULL,30
3926,252,Rio De Janeiro,NULL,Rio De Janeiro,30
3926,252,Rio De Janeiro,NULL,Serra De Cabussie,30
3926,252,Rio De Janeiro,NULL,Serra De Gericino,30
3926,252,Rio De Janeiro,NULL,Serra De Itatiaia,30
3926,252,Rio De Janeiro,NULL,Serra De Picu,30
3926,252,Rio De Janeiro,NULL,Serra De Tingua,30
3926,252,Rio De Janeiro,NULL,Serra De Tuigua,30
3926,252,Rio De Janeiro,NULL,Terra De Marapicu,30
3927,252,Scotland,NULL,NULL,227
3928,252,Texas,NULL,Westpoint,228
3930,252,Virginia,NULL,NULL,228
3931,252,NULL,NULL,NULL,NULL
3932,252,NULL,NULL,NULL,NULL
3933,,NULL,NULL,NULL,227
3935,252,Newfoundland,NULL,NULL,38
3936,128,NULL,NULL,NULL,NULL
3937,252,Not Applicable,Not Applicable,Not Applicable,242
3937,252,Not Applicable,Not Applicable,Not Applicable,NULL
3937,252,NULL,NULL,NULL,NULL
3938,,Rhône-Alpes,Loire Dept.,NULL,74
3939,124,NULL,NULL,NULL,NULL
3940,189,Montana,Beaverhead Co.,NULL,228
3941,189,Oklahoma,Okmulgee County,Henryetta (near),228
3942,189,California,California,NULL,228
3943,193,New York,Overlook,Overlook,228
3944,189,California,Fresno Co.,NULL,228
3945,189,California,King City,King City,228
3945,189,California,San Benito Co.,NULL,228
3946,189,Kentucky,Bell County,NULL,228
3947,189,New Mexico,Socorro Co.,NULL,228
3948,,NULL,NULL,NULL,147
3949,193,New Jersey,Hardystonville,Hardystonville,228
3949,193,New Jersey,Sussex Co.,NULL,228
3950,,NULL,NULL,NULL,NULL
3951,189,California,NULL,Atolia,228
3952,189,California,NULL,Atolia,228
3952,189,California,San Bernardino Co.,NULL,228
3953,189,California,Atolia,Atolia,228
3954,189,California,NULL,Atolia,228
3955,,California,Kern Co.,NULL,228
3956,,California,San Bernardino Co.,NULL,228
3957,,NULL,NULL,NULL,NULL
3958,,NULL,NULL,NULL,NULL
3959,189,Yukon,NULL,NULL,38
3960,189,Utah,San Juan Co.,NULL,228
3961,189,NULL,NULL,Kushiro,108
3961,189,NULL,NULL,Yasuda,108
3962,,Choco,NULL,NULL,47
3963,189,Catalonia,NULL,NULL,202
3964,220,NULL,NULL,NULL,NULL
3965,,NULL,Betsiboka,Betsiboka,129
3966,,Alabama,NULL,NULL,228
3967,,Florida,Jamieson,Jamieson,228
3968,,Georgia,Decatur Co.,NULL,228
3969,,North Rhine-Westphalia,NULL,NULL,81
3970,,Central Greece,NULL,"Attica, Aegina",84
3970,,Central Greece,NULL,"Attica, Aegina, Kakoperato",84
3970,,Central Greece,NULL,"Attica, Aegina, Spasmeno Vouno",84
3971,,Central Greece,NULL,"Attica, Megara, Kolantziki",84
3972,,Central Greece,NULL,"Attica, Oros Dist",84
3974,,Central Greece,Attica Dept,Poros,84
3975,,Attica,NULL,NULL,84
3976,,NULL,Attica,Laurium,84
3977,,Attica,Lavrion dist.,NULL,84
3978,,Attica,Nomarchía Anatolikís Attikís,Laurium,84
3979,,Attike,NULL,NULL,84
3980,,NULL,NULL,NULL,84
3981,,Attike,NULL,Laurium,84
3982,,NULL,NULL,NULL,84
3983,,Pennsylvania,Bucks Co.,NULL,228
3984,25,NULL,NULL,NULL,NULL
3985,,New South Wales,NULL,NULL,13
3986,189,Antofagasta,NULL,NULL,43
3987,193,Massachusetts,Hampden Co.,Westfield,228
3987,193,Massachusetts,NULL,Russell,228
3988,209,Chekiang Prov,NULL,NULL,44
3989,193,Ohio,NULL,NULL,228
3989,193,Ohio,Paulding Co.,NULL,228
3990,189,NULL,Luc Yen,NULL,234
3991,189,Colorado,Jefferson Co.,NULL,228
3992,,Arizona,Coconino,NULL,228
3992,,Arizona,Graham,NULL,228
3992,,Arizona,Mohave,NULL,228
3993,,California,Placer Co.,NULL,228
3994,,California,Placer Co.,NULL,228
3995,70,Minnesota,Carver,NULL,228
3996,189,Minnesota,NULL,NULL,228
3997,193,Kentucky,Logan,NULL,228
3998,,Maine,NULL,NULL,228
3999,,Maine,Androscoggin Co.,NULL,228
4000,,Maine,NULL,NULL,228
4001,,Maine,NULL,NULL,228
4002,185,NULL,NULL,NULL,43
4003,,NULL,NULL,Aucanquilcha,43
4004,189,Scotland,Strathclyde,NULL,227
4005,,NULL,NULL,NULL,227
4006,,NULL,NULL,NULL,227
4007,134,Florida,Jefferson,NULL,228
4008,134,Florida,Jefferson,NULL,228
4009,134,Florida,Jefferson,NULL,228
4010,134,Florida,Jefferson,NULL,228
4011,134,Florida,Jefferson,NULL,228
4012,134,Florida,Jefferson,NULL,228
4013,134,Florida,Jefferson,NULL,228
4014,134,Florida,Jefferson,NULL,228
4015,,NULL,NULL,NULL,156
4016,,NULL,NULL,NULL,156
4017,,NULL,NULL,NULL,156
4018,,NULL,NULL,"Aude, Carcassone",74
4019,234,"Yukon, North Slope",NULL,NULL,38
4020,220,NULL,NULL,NULL,NULL
4021,189,Colorado,Jefferson Co.,NULL,228
4022,,NULL,NULL,NULL,81
4023,,NULL,Aue,Aue,81
4024,,Saxony,NULL,NULL,81
4025,,NULL,NULL,NULL,81
4026,,NULL,NULL,NULL,81
4027,,Bavaria,NULL,NULL,81
4028,,NULL,NULL,NULL,81
4029,,Saxony,NULL,NULL,81
4030,,NULL,NULL,NULL,81
4031,,NULL,NULL,NULL,81
4032,,Bavaria,NULL,NULL,81
4034,,NULL,NULL,Auerbach,81
4034,,NULL,NULL,NULL,81
4035,,Saxony,NULL,Auerbach,81
4036,,NULL,NULL,NULL,81
4037,,Saxony,NULL,NULL,81
4038,,NULL,NULL,Auersberg,81
4039,,NULL,NULL,NULL,NULL
4040,189,British Columbia,NULL,NULL,38
4041,193,NULL,NULL,Aufhausen,81
4041,193,NULL,NULL,NULL,81
4042,193,Bavaria,NULL,Nördlinger,81
4043,,NULL,NULL,Augalada,202
4044,,NULL,NULL,NULL,NULL
4045,112,NULL,NULL,NULL,NULL
4046,193,New Hampshire,NULL,Fitzwilliam,228
4047,,Campania,NULL,NULL,106
4048,193,Ohio,Junction,Junction,228
4049,,NULL,NULL,NULL,209
4050,,NULL,NULL,"Auguillera, Rome",106
4051,,California,Kern Co.,NULL,228
4052,,California,Kern Co.,NULL,228
4053,,Texas,Mason,NULL,228
4054,,Georgia,Richmond Co.,NULL,228
4056,,Colorado,Gunnison County,NULL,228
4057,,Colorado,Gunnison County,NULL,228
4058,248,NULL,NULL,NULL,228
4059,248,Michigan,NULL,Hickory Corners,228
4060,51,NULL,NULL,NULL,NULL
4061,189,NULL,NULL,NULL,81
4062,185,Alaska,NULL,NULL,228
4063,,Saxony,NULL,NULL,81
4064,,Saxony,NULL,NULL,81
4065,189,Atacama Prov,NULL,NULL,43
4066,249,Alaska,NULL,Juneau,228
4067,70,Alaska,NULL,Juneau,228
4067,,Alaska,NULL,Juneau,228
4068,193,Vermont,Rutland Co.,Wells Twp,228
4069,193,Vermont,Rutland Co.,Wells Area (Near Poultney Line),228
4069,193,Vermont,Rutland Co.,"Wells, Near Poultney Line",228
4070,,NULL,NULL,NULL,227
4071,,Potosi,Colquechaca,Colquechaca,26
4072,193,Sutherlandshire,Loch Borolan Assynl.,Loch Borolan Assynl.,227
4073,205,Colorado,NULL,NULL,228
4074,,NULL,NULL,NULL,227
4075,193,Scotland,NULL,NULL,227
4076,,NULL,NULL,Aumuhle,81
4077,189,Ontario,Hastings Co.,NULL,38
4078,227,Alaska,Nome,NULL,228
4079,189,Yenbai,NULL,Luc Yen,234
4080,51,NULL,NULL,NULL,NULL
4081,,São Paulo,NULL,Auriflama,30
4082,,NULL,NULL,NULL,74
4083,,NULL,NULL,NULL,74
4084,,NULL,Bolivia,NULL,26
4085,,NULL,NULL,NULL,NULL
4086,189,Hesse,NULL,NULL,81
4086,189,NULL,Mya-kapperberg,Mya-kapperberg,208
4086,189,NULL,NULL,NULL,208
4087,189,California,San Benito Co.,NULL,228
4088,189,Chihuahua,Cuchillo Parado,Cuchillo Parado,140
4088,189,Chihuahua,NULL,NULL,140
4089,189,Michigan,NULL,NULL,228
4090,189,Montana,Beaverhead Co.,NULL,228
4091,189,Nevada,Eureka Co.,NULL,228
4091,189,Nevada,Hamilton,Hamilton,228
4091,189,Nevada,NULL,NULL,228
4091,189,Nevada,White Pine Co.,Hamilton,228
4091,189,Nevada,White Pine Co.,NULL,228
4092,189,San Luis Potosi,Charcas,Charcas,140
4093,193,Maharashtra,NULL,NULL,100
4094,,Missouri,Lawrence Co.,NULL,228
4095,,Missouri,NULL,NULL,228
4096,209,Nevada,Mineral Co.,NULL,228
4097,,NULL,NULL,Aursburg,81
4098,209,Nevada,NULL,NULL,228
4099,189,New York,NULL,NULL,228
4100,,New York,NULL,NULL,228
4101,,Chelyabinskaya Oblast,Miass,Miass,180
4102,,NULL,NULL,Ausrott,81
4104,,NULL,Aussig,Aussig,81
4105,13,Not Applicable,Not Applicable,Not Applicable,242
4106,,Aust-Agder Co,NULL,Arendal,163
4107,,Gloucestershire,Bristol,Bristol,227
4108,,Aust-Agder Co,NULL,Arundel,163
4109,,Central Greece Ca.,NULL,NULL,84
4110,,Aust-Agder,NULL,NULL,163
4111,,Texas,NULL,NULL,228
4112,,Colorado,El Paso Co.,NULL,228
4113,,Nevada,Lander Co.,NULL,228
4115,70,Wisconsin,Burnett,NULL,228
4116,189,Virginia,Wythe Co.,NULL,228
4118,189,Virginia,Stafford County,Aquia Harbour (near),228
4119,70,n/a,Southwest Greenland,NULL,85
4120,,Nevada,Lander Co.,NULL,228
4121,,Nevada,NULL,NULL,228
4122,,Texas,NULL,NULL,228
4123,189,Virginia,Austinville,Austinville,228
4124,,Virginia,Wythe Co.,NULL,228
4125,,NULL,Australia,NULL,13
4125,,NULL,NULL,NULL,13
4126,189,Western Australia,NULL,NULL,13
4127,,Svalbard,NULL,NULL,163
4128,,NULL,NULL,NULL,163
4129,,NULL,Austria,NULL,14
4129,,NULL,NULL,NULL,14
4130,,NULL,NULL,NULL,14
4131,,NULL,NULL,NULL,NULL
4132,,Tirol,NULL,NULL,14
4133,,Tirol Ca.,NULL,NULL,14
4134,,Upper Austria,NULL,NULL,14
4135,,NULL,NULL,NULL,163
4136,,NULL,NULL,NULL,99
4137,,NULL,NULL,NULL,99
4138,,NULL,NULL,NULL,99
4139,,Amazonas,NULL,NULL,233
4140,,île-de-France,Ville-De-Paris Dept.,NULL,74
4141,,NULL,NULL,NULL,129
4142,,NULL,NULL,"Au-Ting-Psien, Shenst",44
4143,,Nevada,NULL,National,228
4144,,Nevada,NULL,National,228
4145,189,North Carolina,Yancey Co.,NULL,228
4146,,Burgundy,Saone-Et-Loire Dept.,NULL,74
4147,,NULL,NULL,Autun,74
4148,,Burgundy,Saone-Et-Loire Dept.,NULL,74
4149,,NULL,NULL,NULL,74
4150,199,NULL,NULL,NULL,NULL
4151,189,Utah,Juab Co.,NULL,228
4152,,NULL,NULL,NULL,74
4153,,Auvergne,Allier Dept.,NULL,74
4154,,Auvergne,NULL,Auvergne,74
4155,,Auvergne,NULL,Banne D'Ordanche,74
4156,,Auvergne,NULL,Clermont,74
4157,,Auvergne,NULL,Clermont-Ferrand,74
4158,,Auvergne,NULL,"Coulee De Louborcet, Cantal",74
4159,,Auvergne,NULL,Douharess E,74
4160,,NULL,NULL,NULL,74
4161,,Auvergne,NULL,Expailly,74
4162,,Auvergne,NULL,"Font De Vaches, Cantal",74
4163,,NULL,NULL,Auvergne,74
4163,,NULL,NULL,NULL,74
4164,,Auvergne,NULL,NULL,74
4165,,Auvergne,NULL,Gigriat,74
4166,,Auvergne,NULL,Grevenoir,74
4167,,Auvergne,Haute-Loire Dept.,NULL,74
4168,,Auvergne,Haute-Loire,Andreug Olit,74
4169,,Auvergne,Haute-Loire,Bournac,74
4170,,Auvergne,Haute-Loire,San Coguey,74
4171,,Auvergne,NULL,Lae De Buery,74
4172,,Auvergne,NULL,Le Barrie,74
4173,,Auvergne,NULL,Mareuge,74
4174,,Auvergne,NULL,Mareuges,74
4175,,Auvergne,NULL,Pongibaud,74
4176,,NULL,NULL,NULL,74
4177,,Auvergne,NULL,Pontgibaud ?,74
4178,,Auvergne,Put-De-Dome Dept. (?),NULL,74
4179,,NULL,NULL,NULL,74
4180,,Auvergne,Puy-De-Dome Dept.,NULL,74
4181,,Auvergne,Puy-de-dome,Besse,74
4182,,Auvergne,Puy-de-Dome,Boissejour,74
4183,,Auvergne,Puy-de-Dome,NULL,74
4184,,Auvergne,NULL,Sanadoire,74
4185,,Auvergne,NULL,St Martin Dept,74
4186,,Auvergne,NULL,St Victor,74
4187,,Auvergne,NULL,Tuiliere,74
4188,,Auvergne,NULL,Val D'Enfer,74
4189,,Auvergne,NULL,Volvie,74
4190,,Auvergne-Rhône-Alpes,NULL,Allemont,74
4191,,Auvergne-Rhône-Alpes,NULL,Chessy,74
4192,,Auvergne-Rhône-Alpes,Drome,Condorcet,74
4193,,Auvergne-Rhône-Alpes,Haute-Loire,NULL,74
4194,,Auvergne-Rhône-Alpes,NULL,Lyon,74
4195,,NULL,NULL,NULL,74
4196,,Basin de Paris,NULL,NULL,74
4197,,NULL,NULL,NULL,38
4198,70,Easter Island,NULL,NULL,43
4199,70,Easter Island,NULL,NULL,43
4200,70,Easter Island,NULL,NULL,43
4201,70,Easter Island,NULL,NULL,43
4202,,NULL,Ava,Ava,149
4204,,Sagaing,NULL,Ava,149
4205,185,Kamchatka,NULL,NULL,180
4206,219,Alaska,NULL,NULL,228
4207,189,Serbia,Serbia,NULL,192
4208,189,Idaho,Blaine Co.,NULL,228
4209,,Wyoming,NULL,NULL,228
4210,,Wyoming,NULL,NULL,228
4211,,NULL,NULL,NULL,NULL
4213,,Chihuahua,NULL,NULL,140
4214,,NULL,NULL,NULL,74
4215,,Arkansas,Garland Co.,NULL,228
4216,,Arkansas,Garland Co.,NULL,228
4217,,Arkansas,NULL,NULL,228
4218,,Arkansas,Garland Co.,NULL,228
4219,,Arkansas,NULL,NULL,228
4220,,NULL,NULL,NULL,98
4221,,Saxony,Saxony,NULL,81
4222,209,NULL,NULL,Castello De Paiva,175
4223,189,Camaguey Prov,NULL,NULL,55
4224,97,NULL,NULL,NULL,NULL
4225,,North Carolina,NULL,NULL,228
4226,,Louisiana,Louisiana,NULL,228
4227,189,Louisiana,NULL,"New Iberia, Sea Marsh Island",228
4228,189,New Mexico,Grant Co.,Silver City,228
4229,,NULL,NULL,NULL,74
4230,,NULL,NULL,NULL,74
4231,,NULL,NULL,NULL,74
4232,,Aveyron,Rodez,Rodez,74
4233,,NULL,NULL,NULL,74
4234,11,NULL,NULL,NULL,NULL
4235,209,Oruro Dept,NULL,Cerro Chualla,26
4236,189,Oruro,NULL,NULL,26
4237,189,Oruro Dept,NULL,NULL,26
4237,189,Oruro Dept,NULL,Oruro,26
4237,189,Oruro Dept,NULL,Pazna,26
4238,,NULL,Bolivia,NULL,26
4239,,South West Westgreenland,South West Westgreenland,NULL,85
4240,,NULL,NULL,NULL,74
4241,189,Quebec,NULL,NULL,38
4242,,La Rioja,NULL,NULL,202
4243,,Utah,Duchesne Co.,NULL,228
4244,,NULL,NULL,NULL,202
4245,,Pennsylvania,NULL,NULL,228
4246,189,British Columbia,NULL,NULL,38
4247,,Quebec,NULL,NULL,38
4248,205,Missouri,NULL,Avon,228
4249,,NULL,NULL,NULL,227
4251,189,Maryland,Carroll Co.,Westminster Area,228
4252,193,Pennsylvania,Delaware Co.,NULL,228
4253,193,Tennessee,Hamilton Co.,NULL,228
4255,,Newfoundland,NULL,Avondale,38
4256,,Pennsylvania,Leiperville,Leiperville,228
4257,,Pennsylvania,Chester Co.,NULL,228
4260,,Oblast Kardzhali,NULL,NULL,33
4261,189,NULL,NULL,NULL,13
4262,248,NULL,NULL,NULL,NULL
4263,220,Kinki,NULL,Awaji,108
4264,,Hawaii,Honolulu,NULL,228
4265,,NULL,NULL,NULL,NULL
4266,248,NULL,NULL,NULL,NULL
4267,101,Arizona,NULL,NULL,228
4268,240,NULL,NULL,NULL,NULL
4269,189,NULL,NULL,NULL,208
4270,185,NULL,NULL,NULL,NULL
4271,185,NULL,NULL,NULL,NULL
4272,185,NULL,NULL,NULL,NULL
4273,185,NULL,NULL,NULL,NULL
4274,185,NULL,NULL,NULL,NULL
4275,185,NULL,NULL,NULL,NULL
4276,185,NULL,NULL,NULL,NULL
4277,185,NULL,NULL,NULL,NULL
4278,185,NULL,NULL,NULL,NULL
4279,185,NULL,NULL,NULL,NULL
4280,185,NULL,NULL,NULL,NULL
4281,185,NULL,NULL,NULL,NULL
4282,185,NULL,NULL,NULL,NULL
4283,185,NULL,NULL,NULL,NULL
4284,185,NULL,NULL,NULL,NULL
4285,185,NULL,NULL,NULL,NULL
4286,185,NULL,NULL,NULL,NULL
4287,185,NULL,NULL,NULL,NULL
4288,185,NULL,NULL,NULL,NULL
4289,185,NULL,NULL,NULL,NULL
4290,185,NULL,NULL,NULL,NULL
4291,185,NULL,NULL,NULL,NULL
4292,185,NULL,NULL,NULL,NULL
4293,97,NULL,NULL,NULL,NULL
4293,185,NULL,NULL,NULL,NULL
4294,185,NULL,NULL,NULL,NULL
4295,97,NULL,NULL,NULL,NULL
4296,185,NULL,NULL,NULL,NULL
4297,185,NULL,NULL,NULL,NULL
4298,185,NULL,NULL,NULL,NULL
4299,185,NULL,NULL,NULL,NULL
4300,185,NULL,NULL,NULL,NULL
4301,,NULL,NULL,NULL,NULL
4302,185,NULL,NULL,NULL,NULL
4303,185,NULL,NULL,NULL,NULL
4304,185,NULL,NULL,NULL,NULL
4305,97,NULL,NULL,NULL,NULL
4306,97,NULL,NULL,NULL,NULL
4307,97,NULL,NULL,NULL,NULL
4308,185,NULL,NULL,NULL,NULL
4309,185,NULL,NULL,NULL,NULL
4310,189,Idaho,Camas Co.,Bear Creek,228
4311,,NULL,NULL,Chichibu,108
4312,,NULL,NULL,NULL,256
4313,,NULL,NULL,NULL,256
4314,,Aydin,NULL,NULL,220
4315,189,NULL,NULL,Obuasi,82
4316,205,Massachusetts,NULL,Worcester,228
4317,,Valais,NULL,NULL,209
4318,,NULL,NULL,NULL,13
4319,,Amhara,NULL,NULL,69
4320,189,England,Cumbria,NULL,227
4321,189,England,Cumbria,NULL,227
4322,,Cochabamba,NULL,NULL,26
4323,,Cochabamba,NULL,NULL,26
4324,,NULL,NULL,NULL,26
4325,,Cochabamba,NULL,NULL,26
4326,,Oaxaca,NULL,NULL,140
4327,,Oaxaca,NULL,NULL,140
4328,,Oaxaca,NULL,NULL,140
4329,,Oaxaca,NULL,NULL,140
4330,70,Nunavut,Baffin Island,NULL,38
4331,70,Nunavut,Baffin Island,NULL,38
4332,70,Nunavut,Baffin Island,NULL,38
4333,70,Nunavut,Baffin Island,NULL,38
4334,70,Nunavut,Baffin Island,NULL,38
4335,70,Nunavut,Baffin Island,NULL,38
4336,,Scotland,Ayr,NULL,227
4337,,Scotland,Ayr,NULL,227
4338,189,Ancash Dept.,Huaylas Prov.,Huallanca,171
4339,189,NULL,NULL,Alvito,175
4340,,Scotland,NULL,NULL,227
4341,,Scotland,NULL,NULL,227
4342,85,NULL,NULL,NULL,NULL
4343,185,NULL,NULL,NULL,140
4344,,NULL,NULL,NULL,165
4345,,Azad Kasmir,Muzaffarabad District,Nangimali,165
4346,189,California,Del Norte Co.,NULL,228
4347,,NULL,NULL,NULL,102
4348,,NULL,NULL,Azegour,147
4348,,NULL,NULL,NULL,147
4349,,NULL,NULL,NULL,15
4350,205,East Azerbaijan Prov,NULL,NULL,102
4351,,Azerbaijan,Zarechehuyan,NULL,102
4352,189,Marrakech,Azgour,Azgour,147
4353,205,NULL,NULL,NULL,108
4354,,NULL,NULL,NULL,175
4355,,Azores Autonomous Region,NULL,NULL,175
4356,185,NULL,NULL,NULL,NULL
4356,91,NULL,NULL,NULL,NULL
4356,96,NULL,NULL,NULL,NULL
4359,,Azores,NULL,NULL,175
4360,,Azores,Azores,NULL,175
4361,,Azores,St. Michaels,St. Michaels,175
4362,,Azrou,NULL,NULL,147
4363,189,Arizona,NULL,NULL,228
4363,189,Arizona,Yavapai Co.,NULL,228
4364,189,Colorado,NULL,Rico,228
4364,189,Colorado,Rio Grande Co.,Summitsville,228
4365,189,New Mexico,Grant Co.,Pinos Altos District,228
4366,112,NULL,NULL,NULL,NULL
4367,189,Hidalgo,NULL,NULL,140
4368,189,Hidalgo,NULL,NULL,140
4369,,New Mexico,NULL,Pinos Altos,228
4370,189,Michoacán,NULL,NULL,140
4370,189,Michoacán,NULL,Oropeo,140
4371,0,NULL,NULL,NULL,43
4371,0,NULL,NULL,NULL,NULL
4372,185,Michoacán,NULL,Cerro San Andres,140
4373,227,Colorado,Conejos,NULL,228
4374,189,Guerrero,NULL,NULL,140
4374,189,Guerrero,NULL,Taxco,140
4375,189,Zacatecas,NULL,Mazapil,140
4376,189,Zacatecas,NULL,NULL,140
4377,185,NULL,NULL,NULL,108
4378,189,Kanto,NULL,NULL,108
4379,189,New Mexico,NULL,NULL,228
4380,,New Mexico,Tyrone,Tyrone,228
4381,189,Arizona,NULL,NULL,228
4381,189,Arizona,Pinal Co.,NULL,228
4382,189,Nevada,Clark Co.,NULL,228
4382,189,Nevada,NULL,NULL,228
4383,189,Montana,NULL,Butte,228
4384,189,New Hampshire,Grafton County,Alexandria,228
4385,189,Idaho,Valley Co.,NULL,228
4386,189,California,NULL,NULL,228
4387,189,Idaho - Montana,NULL,Troy,228
4388,189,New South Wales,NULL,NULL,13
4389,189,Pennsylvania,Allegheny Co.,NULL,228
4390,189,New Mexico,Grant Co.,Silver City Area,228
4391,193,Maine,Norway,Norway,228
4393,189,Maine,Greenwood,Greenwood,228
4393,189,maine,maine,NULL,228
4395,,NULL,NULL,NULL,86
4396,228,NULL,NULL,NULL,NULL
4397,189,Transvaal,Warmbaths,Warmbaths,200
4398,189,Chihuahua,NULL,Cusihuireachic,140
4399,,Pennsylvania,Wittmer,Wittmer,228
4400,189,Ontario,NULL,Lavant,38
4401,189,Maine,Oxford Co.,NULL,228
4402,189,Quebec,Thetford,Thetford,38
4403,193,Pennsylvania,Chester,Pomeroy (Near),228
4404,,Indiana,Monroe,NULL,228
4405,189,New South Wales,Broken Hill,Broken Hill,13
4406,,Indiana,Daviess,NULL,228
4407,,Indiana,Daviess,NULL,228
4408,,NULL,NULL,NULL,227
4409,193,Indiana,Lawrence,NULL,228
4410,235,Western Australia,NULL,Exmouth,13
4411,70,NULL,NULL,NULL,44
4412,,NULL,NULL,NULL,213
4413,,Nouvelle-Aquitaine,Haute-Vienne,Babaudus,74
4414,193,Devon,Torquay,Torquay,227
4415,,England,Devon,NULL,227
4416,,Idaho,Owyhee County,Reynolds,228
4417,,Indiana,Jasper,NULL,228
4418,,Indiana,Jasper,NULL,228
4419,220,NULL,NULL,NULL,166
4420,189,Guerrero,NULL,Tasco,140
4421,189,Guerrero,NULL,Tasco,140
4422,189,Guerrero,NULL,Tasco,140
4423,189,Guerrero,NULL,Tasco,140
4424,,NULL,NULL,NULL,NULL
4425,193,Massachusetts,Essex Co.,Pigeon Cove,228
4425,193,Massachusetts,Rockport,Rockport,228
4426,,Guangxi,NULL,NULL,44
4427,189,New Mexico,NULL,Mining Districts,228
4428,189,Kansas,Cherokee Co.,Galena,228
4429,189,Utah,Tooele Co.,Gold Hill,228
4430,70,n/a,Southwest Greenland,NULL,85
4431,70,n/a,Southwest Greenland,NULL,85
4432,70,n/a,Southwest Greenland,NULL,85
4433,70,n/a,Southwest Greenland,NULL,85
4434,189,NULL,Bulawayo,Bulawayo,241
4435,,Texas,NULL,NULL,228
4436,220,NULL,NULL,NULL,101
4437,,Sonora,NULL,NULL,140
4438,189,Sicily,Sicily,NULL,106
4439,189,Sardinia,NULL,NULL,106
4440,,Piedmont,NULL,NULL,106
4441,,Ellesmere Island,NULL,NULL,38
4442,189,Colorado,Mineral Co.,NULL,228
4442,189,Colorado,Ouray,NULL,228
4442,189,Colorado,Ouray,Ouray,228
4442,189,Colorado,Ouray Co.,NULL,228
4442,189,Colorado,Ouray Co.,Ouray,228
4443,185,Oregon,NULL,NULL,228
4444,,NULL,NULL,NULL,186
4445,,Campania,NULL,NULL,106
4446,,Valais,NULL,NULL,209
4447,,NULL,NULL,NULL,81
4448,,NULL,NULL,NULL,74
4449,,NULL,NULL,NULL,209
4450,189,Pennsylvania,Northampton Co.,NULL,228
4450,189,Pennsylvania,NULL,NULL,228
4451,189,Pennsylvania,Hellertown,Hellertown,228
4451,189,Pennsylvania,NULL,NULL,228
4452,193,Pennsylvania,NULL,NULL,228
4453,,Maryland,Carroll Co.,NULL,228
4454,,South Australia Ca.,NULL,NULL,13
4455,,Nevada,NULL,Eureka,228
4456,189,Montana,NULL,NULL,228
4457,,California,NULL,NULL,228
4458,,South Carolina,Berkeley,NULL,228
4459,68,Alaska,NULL,NULL,228
4460,,WA,NULL,NULL,228
4461,220,NULL,NULL,NULL,NULL
4462,,Sonora,NULL,NULL,140
4463,,Oregon,NULL,NULL,228
4464,189,Sardinia,NULL,NULL,106
4465,,Styria,Styria,NULL,14
4466,,NULL,NULL,NULL,81
4468,,North Rhine-Westphalia,NULL,NULL,81
4469,,Rhineland-Palatinate,NULL,Bad Ems,81
4469,,Rhineland-Palatinate,NULL,NULL,81
4470,,NULL,Germany,NULL,81
4471,,Styria,NULL,NULL,14
4472,,NULL,NULL,Bad Harzburg,81
4472,,NULL,NULL,NULL,81
4473,,Bavaria,NULL,NULL,81
4474,70,Wisconsin,Ashland,NULL,228
4475,70,Wisconsin,Ashland,NULL,228
4476,70,Wisconsin,Ashland,NULL,228
4477,248,Wisconsin,NULL,Mellen,228
4479,,Schleswig-Holstein,NULL,NULL,81
4480,70,Ontario,NULL,NULL,38
4481,70,Ontario,NULL,NULL,38
4482,70,Ontario,NULL,NULL,38
4483,70,Ontario,NULL,NULL,38
4484,,NULL,Badajoz,Badajoz,202
4484,,NULL,NULL,NULL,202
4485,,Extremadura,NULL,NULL,202
4486,,Badakhshan,Badakhshan,NULL,1
4486,,Badakhshan,NULL,Ladjur Medam,1
4486,,Badakhshan,NULL,NULL,1
4486,,Badakhshan,Sar E Sang,Sar E Sang,1
4486,,Badakhshan,NULL,Kukh-i-Lal,212
4487,,Badakhshān,NULL,NULL,1
4488,,Badakhshan Province,NULL,NULL,1
4488,,Badakhshan Province,Sar-E-Sang District,Lajuar Maderis,1
4489,,Badakhshan Region,NULL,NULL,1
4490,,Badakhshan,Koksha Valley,Crown Amin Jan,1
4490,,Badakhshan,Koksha Valley,Kiran,1
4490,,Badakhshan,Koksha Valley,NULL,1
4491,,NULL,NULL,NULL,203
4492,,Badan-wurttemberg,Kaiserstuhl,Kaiserstuhl,81
4493,,NULL,NULL,NULL,81
4494,193,Baden-Württemberg,NULL,NULL,81
4495,,Nova Scotia,Nova Scotia,NULL,38
4496,,NULL,NULL,NULL,227
4497,,NULL,NULL,NULL,81
4498,,Baden,NULL,Baumgarten,81
4499,,Saxony,NULL,NULL,81
4500,,Baden-Württemberg,NULL,NULL,81
4501,,NULL,NULL,NULL,81
4502,,Baden,NULL,Harbig,81
4503,,NULL,NULL,NULL,81
4504,,Baden-Württemberg,NULL,NULL,81
4505,,Baden-Württemberg,NULL,NULL,81
4506,,NULL,NULL,NULL,81
4507,,NULL,NULL,NULL,81
4508,,Uri,Uri,NULL,209
4509,,Baden-wurttemberg,Baden-wurttemberg,NULL,81
4510,,Baden-Württemberg,NULL,NULL,81
4511,,NULL,NULL,NULL,81
4512,,Baden-Wurttemberg,NULL,NULL,81
4513,,Baden-wurttemberg,Badenweiler,Badenweiler,81
4513,,Baden-wurttemberg,Breisgau,Breisgau,81
4513,,Baden-wurttemberg,Freiberg,Freiberg,81
4513,,Baden-wurttemberg,Geroldseck,Geroldseck,81
4513,,Baden-wurttemberg,Gosenbach,Gosenbach,81
4513,,Baden-wurttemberg,Hall,Hall,81
4513,,Baden-wurttemberg,Haslach,Haslach,81
4513,,Baden-wurttemberg,Howenegg,Howenegg,81
4513,,Baden-wurttemberg,Kaiserstuhl,Kaiserstuhl,81
4513,,Baden-wurttemberg,Limberg,Limberg,81
4513,,Baden-wurttemberg,Ober-lahr,Ober-lahr,81
4513,,Baden-wurttemberg,Sasbach,Sasbach,81
4513,,Baden-wurttemberg,Schapbach,Schapbach,81
4513,,Baden-wurttemberg,Wilhelmsgluck,Wilhelmsgluck,81
4513,,Baden-wurttemberg,Wittichen,Wittichen,81
4513,,Baden-wurttemberg,Wolfbach,Wolfbach,81
4514,,Baden-Württemberg,NULL,Baumgarten,81
4514,,Baden-Württemberg,NULL,Eberstadt,81
4514,,Baden-Württemberg,NULL,Hausach,81
4514,,Baden-Württemberg,NULL,Heidelberg,81
4514,,Baden-Württemberg,NULL,Kaiserstuhl,81
4514,,Baden-Württemberg,NULL,"Limburg, Kaiserstuhl",81
4514,,Baden-Württemberg,NULL,Menzenschwand,81
4514,,Baden-Württemberg,NULL,NULL,81
4514,,Baden-Württemberg,NULL,Sasbach,81
4514,,Baden-Württemberg,NULL,Schelingen,81
4514,,Baden-Württemberg,NULL,Schriesheim,81
4514,,Baden-Württemberg,NULL,Stuttgart,81
4514,,Baden-Württemberg,NULL,Wildschapbach,81
4514,,Baden-Württemberg,Schwarzwald,NULL,81
4514,,Baden-Württemberg,Schwarzwald,Wolfach an der Kinzig,81
4514,,Baden-Württemberg,Tubingen,Dettenhausen,81
4515,,Baden-wurttemburg,Freiberg,Freiberg,81
4516,,Baden-Wurttemberg,NULL,Kinzigthal,81
4517,,Baden-Wurttemberg,NULL,"Limburg, Kaiserstuhl",81
4518,,Baden-Wurttemberg,NULL,Linsheim,81
4519,,Baden-Wurttemberg,NULL,Nagold,81
4520,,Baden-Wurttemberg,NULL,Sasbach On The Kaiserstuhl,81
4521,,Baden-Wurttemberg,NULL,Schriesheim,81
4522,,Baden-Wurttemberg,NULL,Schwarzwald,81
4523,,Baden-Wurttemberg,NULL,Sinsheim,81
4524,,Baden-Wurttemberg,NULL,Steinberg Linusheim,81
4525,,Baden-Wurttemberg,NULL,"Stuttgart, Degerloch",81
4526,,Baden-Wurttemberg,NULL,Stuttgart,81
4527,,Baden-Wurttemberg,NULL,"Stuttgart, Keuper",81
4528,,Baden-Wurttemberg,NULL,Wildbad,81
4529,189,Nevada,Humboldt Co.,Jackson Canyon,228
4529,189,Nevada,Humboldt Co.,"Jackson Canyon, Buena Vista Di",228
4530,189,Nevada,NULL,NULL,228
4531,,Idaho,Shoshone Co.,Snow Peak Area,228
4532,,California,NULL,NULL,228
4533,189,Montana,Silver Bow Co.,Butte,228
4534,189,Montana,Butte,Butte,228
4534,189,Montana,Silver Bow Co.,Butte,228
4535,189,Oregon,NULL,NULL,228
4536,189,Utah,Grand Co.,NULL,228
4536,189,Utah,NULL,NULL,228
4537,,Idaho,Custer Co.,NULL,228
4538,173,Montana,Lemhi County,Carmen,228
4539,70,Tibet,NULL,NULL,44
4540,,North Carolina,Stanley Co.,NULL,228
4541,,South Dakota,South Dakota,NULL,228
4543,,Wyoming,NULL,NULL,228
4544,,Texas,Llano Co.,NULL,228
4547,193,Texas,Llano,NULL,228
4548,,NULL,Badulla District,Passara,203
4549,112,California,Inyo,NULL,228
4550,165,California,Inyo,NULL,228
4551,,NULL,NULL,NULL,99
4552,70,NULL,Vestfirdir Peninsula,NULL,99
4553,70,NULL,Vestfirdir Peninsula,NULL,99
4554,70,NULL,Vestfirdir Peninsula,NULL,99
4555,70,NULL,Vestfirdir Peninsula,NULL,99
4556,70,NULL,Vestfirdir Peninsula,NULL,99
4557,70,NULL,Vestfirdir Peninsula,NULL,99
4558,,NULL,NULL,Bafateya,90
4559,249,NULL,NULL,NULL,NULL
4560,,West Greenland,NULL,NULL,85
4561,97,NULL,NULL,NULL,NULL
4562,,Nanuvat,NULL,NULL,38
4563,220,Northwest Territories,NULL,NULL,38
4564,,Northwest Territories,NULL,NULL,38
4565,97,NULL,NULL,NULL,NULL
4566,,Central Visayas,NULL,NULL,172
4567,189,NULL,NULL,NULL,203
4568,70,NULL,NULL,NULL,44
4569,70,NULL,NULL,NULL,44
4570,,NULL,NULL,NULL,203
4571,,California,Mariposa Co.,NULL,228
4572,189,Arizona,NULL,NULL,228
4573,,California,NULL,NULL,228
4573,,California,San Bernardino Co.,NULL,228
4574,189,Arizona,Yavapai Co.,NULL,228
4575,189,Arizona,Bagdad,Bagdad,228
4575,189,Arizona,NULL,Bagdad,228
4575,189,Arizona,Yavapai Co.,NULL,228
4576,209,Arizona,Yavapai Co.,NULL,228
4577,,Arizona,NULL,NULL,228
4577,,Arizona,Yavapai Co.,NULL,228
4578,,California,NULL,NULL,228
4579,,Arizona,NULL,NULL,228
4580,189,California,NULL,"Ludlow, 8 Mi S Of",228
4581,189,California,NULL,Ludlow,228
4582,189,California,NULL,Ludlow,228
4583,189,California,NULL,Ludlow,228
4584,,Alsace,NULL,NULL,74
4585,189,Montana,NULL,NULL,228
4586,209,South Australia,NULL,NULL,13
4587,,NULL,NULL,NULL,165
4588,,Lazio,NULL,Viterbo,106
4589,,Lazio,NULL,Viterbo,106
4592,,Ontario,Renfrew Co.,NULL,38
4593,,NULL,NULL,NULL,165
4594,,Northern Areas,Gilgit,Gilgit,165
4595,,NULL,NULL,NULL,172
4596,,Sicily,NULL,NULL,106
4597,,NULL,NULL,NULL,165
4598,,NULL,NULL,NULL,16
4598,252,NULL,NULL,NULL,NULL
4599,,NULL,NULL,NULL,NULL
4601,193,New York,Onondaga Co.,Manlius,228
4602,249,NULL,NULL,NULL,10
4602,,NULL,NULL,NULL,43
4602,249,NULL,NULL,NULL,43
4603,,NULL,NULL,NULL,43
4604,,NULL,NULL,Bahia Blanc,10
4605,,NULL,NULL,Bahia Blanca,10
4606,,NULL,NULL,NULL,43
4606,249,NULL,NULL,NULL,43
4607,,NULL,NULL,NULL,43
4608,249,NULL,NULL,NULL,NULL
4609,249,NULL,NULL,NULL,NULL
4610,,NULL,NULL,NULL,43
4611,,NULL,NULL,NULL,10
4612,249,NULL,NULL,NULL,NULL
4613,,NULL,NULL,NULL,43
4614,,NULL,NULL,NULL,30
4615,,NULL,NULL,NULL,10
4616,,NULL,NULL,NULL,43
4617,,NULL,NULL,NULL,43
4618,,NULL,NULL,NULL,43
4619,,NULL,NULL,NULL,43
4620,,NULL,NULL,NULL,43
4620,249,NULL,NULL,NULL,43
4621,,NULL,NULL,NULL,43
4622,,NULL,NULL,NULL,43
4622,249,NULL,NULL,NULL,43
4623,,NULL,NULL,NULL,43
4624,,NULL,NULL,NULL,43
4625,,NULL,NULL,NULL,43
4626,,NULL,NULL,NULL,43
4627,,NULL,NULL,NULL,NULL
4628,,NULL,NULL,NULL,43
4629,249,NULL,NULL,NULL,NULL
4630,,NULL,NULL,NULL,43
4631,,NULL,NULL,NULL,43
4631,249,NULL,NULL,NULL,43
4632,249,NULL,NULL,NULL,43
4633,,Bahia,NULL,Bahia,30
4634,,Bahia,NULL,Bom Jesus dos Meiras,30
4635,,Bahia,Bahia,NULL,30
4635,,Bahia,NULL,NULL,30
4635,,NULL,NULL,Bahia,30
4636,,Bahia,Brumado,Brumado,30
4636,,Bahia,NULL,Brumado,30
4637,,Bahia,NULL,Campo Formosa,30
4638,,Bahia,NULL,Canudis,30
4639,,Bahia,NULL,Carnaibia,30
4640,,Bahia,Conquista,Conquista,30
4641,,Bahia,NULL,Fezenda Pedra De Ferro Jaquie,30
4642,,Bahia,NULL,Forte Santa Maria,30
4643,,Bahia,Ipira,NULL,30
4644,,Bahia,Itabira,Itabira,30
4645,,Bahia,Itabiraba,Itabiraba,30
4646,,Bahia,Itabura,Itabura,30
4647,,Bahia,Itambe,Itambe,30
4648,,Bahia,Itibiara,Itibiara,30
4649,,Bahia,Jacobina,Jacobina,30
4650,,Bahia,NULL,Jaqueira,30
4651,,Bahia,NULL,Jaqueiro,30
4652,,Bahia,NULL,Jiquie,30
4653,,Bahia,NULL,Juazeiro,30
4654,,Bahia,NULL,Macaubas Cajete,30
4655,,Bahia,Mandacrua,Mandacrua,30
4656,,Minas Gerais,NULL,NULL,30
4657,,Bahia,NULL,Pharo De Barra,30
4657,,Bahia,NULL,Pharol Da Barra,30
4658,,Bahia,NULL,Prado,30
4659,,Bahia,NULL,Retiro,30
4660,,Bahia,Rio Frio,Rio Frio,30
4661,,Bahia,NULL,Santo Antonio,30
4662,,Bahia,NULL,Seabra,30
4663,,Bahia,NULL,Serra De Stinba,30
4664,,Bahia,NULL,Sitio Novo,30
4665,,Bahia,Urandi District,Urandi District,30
4666,189,Ohio,Tuscarawas Co.,Dover,228
4667,,Bavaria,NULL,NULL,81
4668,70,NULL,NULL,NULL,44
4669,70,NULL,NULL,NULL,44
4670,70,Mato Grosso do Sul,NULL,NULL,30
4671,70,Mato Grosso do Sul,NULL,NULL,30
4672,70,Mato Grosso do Sul,NULL,NULL,30
4673,,Transilvania Region,NULL,NULL,179
4674,70,Mato Grosso do Sul,NULL,NULL,30
4675,,Maramures,NULL,NULL,179
4676,190,Maramures,NULL,Baia Sprie,179
4677,,NULL,Baia Sprie,Baia Sprie,179
4677,,NULL,NULL,Baia Sprie,179
4677,,NULL,NULL,NULL,179
4677,,Transilvania Region,NULL,NULL,179
4678,,Maramures,NULL,NULL,179
4679,,Transilvania Region,NULL,NULL,179
4680,,NULL,NULL,Baiamonte,106
4681,,NULL,NULL,NULL,117
4682,,NULL,NULL,NULL,138
4685,205,Guizhou Prov,NULL,NULL,44
4686,,Siberia,NULL,NULL,180
4687,,Irkutsk Oblast,NULL,NULL,180
4688,,Irkutsk Oblast,NULL,NULL,180
4689,,Irkutsk Oblast,NULL,NULL,180
4690,189,North Carolina,Mitchell Co.,NULL,228
4691,189,Ontario,NULL,Madoc,38
4691,189,Ontario,NULL,NULL,38
4692,112,NULL,NULL,NULL,NULL
4693,193,Connecticut,Middlesex Co.,NULL,228
4694,193,Vermont,Washington Co.,NULL,228
4695,,NULL,NULL,NULL,NULL
4696,,Utah,Beaver Co.,NULL,228
4697,,NULL,NULL,NULL,NULL
4698,,Alabama,Monroe,NULL,228
4699,220,Maine,Cumberland Co.,NULL,228
4700,,Alabama,Monroe,NULL,228
4701,,Florida,Jefferson Co.,Monticello,228
4702,193,New South Wales,Broken Hill,Broken Hill,13
4703,189,NULL,NULL,NULL,200
4704,,NULL,NULL,NULL,227
4706,189,North Carolina,Macon Co.,NULL,228
4707,189,North Carolina,Macon Co.,NULL,228
4708,,California,NULL,Baird,228
4708,,California,Shasta Co.,NULL,228
4709,,California,NULL,Bragdon,228
4710,189,Oregon,NULL,NULL,228
4711,,Oregon,NULL,NULL,228
4712,,Auvergne,NULL,NULL,74
4713,,NULL,NULL,NULL,179
4714,,Maramures,NULL,NULL,179
4715,,Maramures,NULL,NULL,179
4716,,Bihor,NULL,NULL,179
4717,,Transilvania Region,NULL,NULL,179
4718,,Maramures,NULL,NULL,179
4719,,NULL,NULL,NULL,179
4720,,Maramures,NULL,NULL,179
4721,,NULL,NULL,NULL,175
4722,,Espirito Santo,Espirito Santo,NULL,30
4723,70,NULL,NULL,NULL,44
4724,189,NULL,NULL,NULL,44
4725,,Baja California Ca.,NULL,NULL,140
4727,,Baja California Norte,Baja California Norte,NULL,140
4727,,Baja California Norte,Ensenada,Ensenada,140
4727,,Baja California Norte,Gavilanes,Gavilanes,140
4728,97,NULL,NULL,NULL,NULL
4729,,Baja California Sud,Boleo,Boleo,140
4730,,Baja California Sur,Baja California Sur,NULL,140
4730,,Baja California Sur,Boleo,Boleo,140
4730,,Baja California Sur,Isla Espirito Santo,Bahia Bonanza,140
4730,,Baja California Sur,NULL,La Paz,140
4730,,Baja California Sur,NULL,NULL,140
4730,,Baja California Sur,NULL,Santa Rosalia,140
4731,,Baja California,NULL,Bahia Magdalena,140
4732,,Baja California,Boleo,Boleo,140
4732,,Baja California,NULL,Boleo,140
4733,,Baja California,NULL,El Alamo,140
4734,,NULL,NULL,NULL,140
4735,,Baja California,Ensenada,Pino Solo,140
4736,,Baja California,Ensenada,San Quintin,140
4737,,Baja California,Loreto,Loreto,140
4738,,Baja California,NULL,Los Gavilanes,140
4739,,NULL,NULL,NULL,140
4740,,Baja California,Baja California,NULL,140
4740,,Baja California,NULL,NULL,140
4741,,Baja California,NULL,Purgatoris,140
4742,,Baja California,NULL,Rosalia,140
4743,,Baja California,NULL,San Felipe de Baja (near),140
4744,,Baja California,NULL,Santa Rosalia,140
4745,97,NULL,NULL,NULL,NULL
4746,,Baja California,NULL,"Dto. Notre, Md. Ensenada, Sierra San Pedro Martir, Cerro De La Corona",140
4747,,Baja California,NULL,Triumfo,140
4748,,Baja California,NULL,NULL,140
4749,,NULL,NULL,NULL,165
4750,,NULL,Bajevka,Bajevka,180
4751,,NULL,NULL,NULL,10
4752,189,Kyushu,NULL,NULL,108
4753,,Nizhniy Nogorod Oblast,NULL,NULL,180
4754,189,Nizhniy Nogorod Oblast,NULL,NULL,180
4755,189,Chelyabinskaya Oblast,Bakal,Bakal,180
4756,189,NULL,NULL,NULL,NULL
4757,189,NULL,NULL,NULL,NULL
4758,,California,San Bernardino Co.,NULL,228
4759,185,Washington,NULL,Baker,228
4759,185,Washington,NULL,NULL,228
4759,248,NULL,NULL,NULL,NULL
4760,189,Montana,NULL,NULL,228
4761,,New Hampshire,Warren,Warren,228
4762,,Oregon,Baker Co.,NULL,228
4763,,Oregon,NULL,NULL,228
4764,,Oregon,Coos Co.,NULL,228
4765,,Oregon,NULL,NULL,228
4766,189,Kansas,Cherokee Co.,Galena,228
4767,189,Kansas,Cherokee Co.,Galena,228
4768,97,NULL,NULL,NULL,NULL
4769,189,California,Boron,Boron,228
4769,189,California,Kern,Krame (Near),228
4769,189,California,Kern Co.,Baker,228
4769,189,California,Kern Co.,Kramer,228
4769,189,California,Kern Co.,NULL,228
4769,189,California,NULL,NULL,228
4770,189,Colorado,Clear Creek Co.,Kelso Mt.,228
4770,189,Colorado,Moffat County,NULL,228
4770,189,Colorado,NULL,NULL,228
4771,189,Tennessee,Johnson Co.,Roane Creek,228
4772,,Montana,Fergus Co.,NULL,228
4773,112,Colorado,NULL,NULL,228
4774,112,Virginia,Prince Edward County,Farmville,228
4775,,Virginia,NULL,NULL,228
4776,193,Indiana,Jasper Co.,NULL,228
4777,193,Maryland,NULL,NULL,228
4778,,New Mexico,Deming,Deming,228
4779,,NULL,NULL,NULL,NULL
4780,,New Mexico,Deming,Deming,228
4781,,NULL,NULL,NULL,NULL
4782,,NULL,NULL,NULL,NULL
4783,,California,Inyo Co.,NULL,228
4784,,California,NULL,NULL,228
4784,,California,San Bernardino Co.,NULL,228
4785,189,New Jersey,Morris Co.,NULL,228
4786,,Oregon,NULL,NULL,228
4787,189,Arkansas,Newton Co.,NULL,228
4788,,North Carolina,North Carolina,NULL,228
4789,,Texas,Texas,NULL,228
4790,,Virginia,Virginia,NULL,228
4791,,California,NULL,NULL,228
4792,,California,Kern Co.,NULL,228
4793,,California,NULL,NULL,228
4794,,California,NULL,NULL,228
4795,,NULL,NULL,NULL,228
4796,,North Carolina,Mitchell Co.,NULL,228
4796,,North Carolina,NULL,NULL,228
4797,70,NULL,NULL,NULL,44
4798,189,NULL,NULL,Chumor,165
4799,193,Telemark,NULL,NULL,163
4800,,Madhya Pradesh,NULL,NULL,100
4801,,NULL,NULL,Bakwonger,50
4802,,NULL,NULL,NULL,209
4803,,NULL,NULL,NULL,165
4804,189,NULL,NULL,NULL,74
4805,220,NULL,NULL,NULL,NULL
4806,70,NULL,NULL,NULL,44
4807,,NULL,Balaghat Dist.,Balaghat Dist.,100
4808,,Madhya Pradesh,NULL,NULL,100
4809,209,Central Prov,NULL,Balaghat,100
4810,,NULL,NULL,NULL,203
4811,189,California,NULL,NULL,228
4811,189,California,Shasta Co.,NULL,228
4812,,NULL,NULL,NULL,203
4813,189,Piedmont,NULL,NULL,106
4814,,NULL,NULL,NULL,106
4815,,Sabaragamuwa,Sabaragamuwa,NULL,203
4816,,NULL,Ratnapura District,NULL,203
4817,,NULL,NULL,NULL,203
4818,,NULL,NULL,NULL,149
4819,189,Nevada,Storey Co.,Six Mile Canyon,228
4820,189,New Mexico,Grant Co.,Silver City,228
4821,,NULL,NULL,NULL,227
4822,189,Nevada,Storey Co.,Six Mile Canyon,228
4823,189,NULL,Tarragona,NULL,202
4824,,Texas,NULL,NULL,228
4825,,New Hampshire,NULL,NULL,228
4826,189,Nevada,Nye Co.,NULL,228
4827,189,Nevada,Nye Co.,NULL,228
4828,189,Oregon,NULL,NULL,228
4829,189,Utah,Box Elder Co.,NULL,228
4830,,New Hampshire,NULL,NULL,228
4831,189,Arkansas,Marion Co.,NULL,228
4832,189,North Carolina,Alleghany Co.,NULL,228
4832,189,North Carolina,NULL,NULL,228
4833,,North Carolina,NULL,NULL,228
4834,189,Kentucky,Hopkins County,Nebo (near),228
4835,189,North Carolina,Alleghany Co.,NULL,228
4836,209,North Carolina,Alleghany Co.,NULL,228
4837,,North Carolina,Sparta,Sparta,228
4838,,North Carolina,Alleghany Co.,NULL,228
4838,,North Carolina,NULL,NULL,228
4839,,California,Sonora,Sonora,228
4840,,California,Lake Co.,NULL,228
4841,,California,NULL,Sonora (near),228
4842,,Colorado,Breckenridge,Breckenridge,228
4843,112,Utah,NULL,NULL,228
4844,,Montana,Montana,NULL,228
4845,209,Nevada,NULL,NULL,228
4846,,New Hampshire,Ossipee,Ossipee,228
4847,,South Dakota,South Dakota,NULL,228
4848,,New South Wales,NULL,Barigan,13
4849,,California,Forest City,Forest City,228
4850,189,Idaho - Montana,NULL,NULL,228
4851,189,Idaho - Montana,NULL,NULL,228
4852,,New Hampshire,Carroll County,NULL,228
4853,,California,NULL,NULL,228
4854,,California,California,NULL,228
4855,189,North Carolina,Macon Co.,NULL,228
4856,,NULL,NULL,Baldeinstein,81
4857,189,NULL,NULL,"Bontoc, Mareagan",172
4858,,New Hampshire,NULL,NULL,228
4859,,New Hampshire,Carroll Co.,NULL,228
4859,,New Hampshire,NULL,NULL,228
4860,189,England,North Yorkshire,NULL,227
4861,,NULL,NULL,NULL,106
4862,,NULL,NULL,NULL,106
4863,,Piedmont,NULL,Turin,106
4864,198,Turin,Canavese,Baldissero,106
4865,,Paraiba,NULL,NULL,30
4866,,NULL,NULL,Balduinstein,81
4867,9,California,San Bernardino,NULL,228
4868,9,California,San Bernardino,NULL,228
4869,189,California,NULL,Santa Cruz,228
4870,209,New Mexico,NULL,NULL,228
4871,189,New Mexico,NULL,NULL,228
4872,,Baleares,NULL,Malloria,202
4873,,Baleares,NULL,NULL,202
4874,,NULL,NULL,NULL,186
4875,,NULL,NULL,NULL,186
4876,,NULL,NULL,NULL,186
4877,,NULL,NULL,NULL,74
4878,,NULL,NULL,NULL,140
4879,193,Connecticut,Newington,Newington,228
4879,193,Connecticut,Tariffville,Tariffville,228
4880,193,North Carolina,NULL,Granite Quarry,228
4880,193,North Carolina,NULL,Salisbury,228
4881,,Ontario,NULL,NULL,38
4882,,NULL,NULL,NULL,NULL
4883,189,South Australia,NULL,NULL,13
4884,189,Western Australia,NULL,NULL,13
4885,,Bali,NULL,NULL,101
4886,,Balikesir,Balikesir,NULL,220
4886,,Balikesir,NULL,NULL,220
4887,189,NULL,NULL,NULL,26
4888,,NULL,NULL,NULL,43
4889,,NULL,NULL,NULL,43
4890,,NULL,NULL,NULL,33
4891,,Indiana,Fountain,NULL,228
4892,,Indiana,Fountain,NULL,228
4893,193,England,Derbyshire,NULL,227
4894,,New Jersey,Franklin,Franklin,228
4895,50,Colorado,Lake County,NULL,228
4896,205,Scotland,NULL,NULL,227
4897,,NULL,NULL,NULL,227
4898,,Queensland,NULL,NULL,13
4899,,Northern Ireland,Antrim,NULL,227
4900,209,NULL,NULL,Victoria,13
4901,,Victoria,NULL,NULL,13
4902,,California,Inyo Co.,NULL,228
4903,189,Tennessee,Monroe Co.,NULL,228
4904,,Massachusetts,Lancaster,Lancaster,228
4905,189,Colorado,Lake,Leadville,228
4905,189,Colorado,Lake Co.,Leadville,228
4906,189,Kansas,Baxter Springs,Baxter Springs,228
4906,189,Kansas,Cherokee Co.,Baxter Springs,228
4906,189,Kansas,Cherokee Co.,NULL,228
4906,189,Kansas,NULL,"Picher, Oklahoma (Near)",228
4907,189,Oklahoma,NULL,NULL,228
4908,189,Tennessee,NULL,NULL,228
4909,,Tennessee,NULL,Sweetwater,228
4910,193,Massachusetts,NULL,Worcester,228
4910,193,Massachusetts,Worcester,Worcester,228
4911,189,Colorado,Boulder Co.,NULL,228
4912,189,Tuscany,NULL,NULL,106
4913,,Florida,Tampa,Tampa,228
4914,189,Atacama,NULL,NULL,43
4915,189,England,Cornwall,NULL,227
4916,189,North Carolina,NULL,NULL,228
4917,189,Pennsylvania,Lehigh Co.,Whitehall,228
4918,193,Massachusetts,Norfolk Co.,Quincy,228
4919,189,Pennsylvania,Chester Co.,NULL,228
4920,189,Pennsylvania,Chester,NULL,228
4921,193,Indiana,Fayette,NULL,228
4922,,Northern Ireland,Antrim,NULL,227
4923,,Northern Ireland,Antrim,NULL,227
4924,193,Northern Ireland,Antrim,NULL,227
4925,,Antofagasta Prov,NULL,Chuquicamata,43
4926,,NULL,NULL,NULL,43
4927,189,Antofagasta,NULL,NULL,43
4928,,Antofagasta Prov,NULL,Chuquicamata,43
4929,189,New South Wales,NULL,Sydney,13
4930,189,New York,NULL,NULL,228
4930,189,New York,St. Lawrence Co.,NULL,228
4931,,New York,NULL,NULL,228
4931,,New York,Saint Lawrence Co.,NULL,228
4931,,New York,St. Lawrence Co.,NULL,228
4932,,NULL,NULL,NULL,106
4933,,NULL,NULL,Varallo,106
4934,,NULL,NULL,NULL,106
4935,193,NULL,NULL,Balmuccia,106
4936,198,Piedmont,Val Sesia,"Scopa, Vercelli",106
4937,,NULL,NULL,NULL,179
4938,,Turkana,NULL,NULL,111
4939,,Turkana,NULL,NULL,111
4940,,Balochistan,Kharan,NULL,165
4940,,Balochistan,Lasbela,NULL,165
4940,,Balochistan,NULL,NULL,165
4940,,Balochistan,Pastoki,Pastoki,165
4941,,North Carolina,Buncombe Co.,NULL,228
4941,,North Carolina,Jackson Co.,NULL,228
4941,,North Carolina,NULL,NULL,228
4942,193,North Carolina,NULL,NULL,228
4943,,North Carolina,North Carolina,NULL,228
4944,70,Wisconsin,Sawyer,NULL,228
4945,,NULL,NULL,NULL,163
4946,,NULL,NULL,NULL,NULL
4947,,England,NULL,NULL,227
4948,,Scotland,Shetland Island Administrative Area,NULL,227
4949,,NULL,NULL,NULL,NULL
4950,,Quebec,NULL,NULL,38
4952,,Kaliningrad Oblast,NULL,NULL,180
4953,,NULL,NULL,NULL,180
4954,,NULL,NULL,NULL,180
4955,189,Michigan,Houghton Co.,NULL,228
4956,252,NULL,NULL,NULL,74
4956,252,NULL,NULL,NULL,81
4956,252,NULL,NULL,NULL,180
4956,252,NULL,NULL,NULL,NULL
4956,,NULL,NULL,NULL,NULL
4957,,NULL,NULL,NULL,180
4958,,NULL,NULL,NULL,81
4959,,Prussia,NULL,NULL,174
4960,252,Kaliningrad Oblast,NULL,NULL,180
4961,252,Rugen Island,NULL,NULL,81
4962,,Maryland,NULL,NULL,228
4963,189,Idaho,Blaine Co.,NULL,228
4964,,Maryland,Baltimore Co.,NULL,228
4964,,Maryland,NULL,NULL,228
4965,189,Nevada,Storey Co.,NULL,228
4966,189,California,Plumas Co.,Indian Valley,228
4967,205,Maryland,NULL,NULL,228
4968,205,Maryland,Baltimore,Woodstock,228
4969,198,Maryland,NULL,NULL,228
4970,198,Pennsylvania,NULL,NULL,228
4971,189,Montana,Jefferson Co.,Wickes,228
4971,189,Montana,NULL,NULL,228
4972,189,Utah,NULL,NULL,228
4973,,Maryland,NULL,NULL,228
4974,,Maryland,NULL,NULL,228
4975,,Utah,Tooele Co.,Ophir,228
4976,189,Maryland,Baltimore Co.,NULL,228
4976,189,Maryland,NULL,NULL,228
4977,,Maryland,NULL,Baltimore,228
4978,,Maryland,Baltimore Co.,NULL,228
4979,,Maryland,NULL,NULL,228
4980,,Maryland,NULL,NULL,228
4981,,Maryland,NULL,NULL,228
4982,,Maryland,NULL,NULL,228
4983,,Maryland,NULL,NULL,228
4984,,Maryland,NULL,NULL,228
4985,,Maryland,NULL,NULL,228
4986,189,California,Plumas Co.,Indian Valley,228
4987,,NULL,NULL,NULL,165
4988,,Baltistan,NULL,Anondu,165
4988,,Baltistan,Shengus,Shengus,165
4989,,Gilgit-Baltistan,NULL,Stak Nala,165
4990,,Jammu And Kashmir,NULL,NULL,165
4991,,North-West Frontier,NULL,NULL,165
4992,220,Galápagos,NULL,NULL,63
4993,,Valais,NULL,NULL,209
4994,,NULL,NULL,NULL,165
4995,,Baluchistan,Killa Saifullah District,NULL,165
4995,,Baluchistan,NULL,Dalbandi (nr),165
4995,,Baluchistan,NULL,Kharan (nr),165
4996,,Baluchistan Prov,NULL,Las Bela,165
4997,,Baluchistan Prov,NULL,NULL,165
4998,,Baluchistan Prov,NULL,"Zhob, Hinduhagh, Murgha (Near)",165
4999,,NULL,NULL,"Baluchistan, Hindubagh",165
5000,,NULL,NULL,"Baluchistan, Kalat (Near)",165
5001,,NULL,NULL,"Baluchistan, Khanozai",165
5002,,NULL,Baluchistan,NULL,165
5003,,Tibet,NULL,NULL,44
5004,220,NULL,NULL,Balut I,172
5005,70,Tibet,NULL,NULL,44
5006,70,Tibet,NULL,NULL,44
5007,,NULL,NULL,"Bamania (Near), Karmad",100
5008,,NULL,NULL,NULL,203
5009,70,Northwest,NULL,NULL,37
5010,189,Telemark,NULL,NULL,163
5011,189,NULL,Bamble,Bamble,163
5012,,NULL,Bamble,Bamble,163
5012,,NULL,NULL,NULL,163
5013,,Telemark,NULL,NULL,163
5014,,Sonora,NULL,Moctezuma,140
5015,189,Sonora,Moctezuma,NULL,140
5016,189,Sonora,Moctezuma,Moctezuma,140
5016,189,Sonora,NULL,NULL,140
5017,,NULL,NULL,NULL,186
5018,91,NULL,NULL,NULL,NULL
5019,,NULL,NULL,NULL,227
5020,,NULL,NULL,NULL,227
5021,189,Pennsylvania,NULL,Lancaster,228
5022,,NULL,NULL,NULL,163
5023,189,NULL,NULL,Kragero,163
5024,,NULL,NULL,Bamle,163
5024,,NULL,NULL,NULL,163
5025,,Telemark,NULL,NULL,163
5026,,NULL,NULL,"Bamle, Road To",163
5027,,Aust-Agder,NULL,NULL,163
5028,189,England,Devon,NULL,227
5030,,Queensland,NULL,NULL,13
5031,189,Jilin,NULL,Jia Pi Gou,44
5032,,NULL,NULL,NULL,101
5033,,Minas Gerais,Minas Gerais,NULL,30
5034,,NULL,NULL,NULL,179
5034,,NULL,NULL,Ocna de Fier,179
5035,,Banat,Banat,NULL,179
5035,,Banat,Ciclova Montana,Ciclova Montana,179
5035,,Banat,Dognacea,Dognacea,179
5035,,Banat,Moldova Noua,Moldova Noua,179
5035,,Banat,Ocna De Fier,Ocna De Fier,179
5035,,Banat,Onca De Fier,Onca De Fier,179
5035,,Banat,Oravita,Oravita,179
5035,,Banat,Rusca Montana,Rusca Montana,179
5035,,Banat,Sasca Montana,Sasca Montana,179
5035,,Banat,Sasca Romana,Sasca Romana,179
5036,,Banat Region,NULL,NULL,179
5037,,NULL,NULL,Banat,98
5037,,NULL,NULL,NULL,98
5038,,Bavaria,NULL,NULL,81
5039,,NULL,NULL,NULL,227
5040,,NULL,NULL,NULL,43
5041,189,Sonora,NULL,NULL,140
5042,,NULL,NULL,NULL,100
5043,249,NULL,NULL,NULL,NULL
5043,,NULL,NULL,NULL,NULL
5045,189,England,Cornwall And Isles Of Scilly,NULL,227
5046,,Ontario,NULL,NULL,38
5047,,Ontario,NULL,NULL,38
5048,189,Idaho - Montana,NULL,Troy,228
5049,,Ekibastuz,NULL,NULL,110
5050,,Pavlodar Province,NULL,Ekibastuz,110
5051,,NULL,NULL,NULL,131
5052,,Bohemia Region,NULL,NULL,57
5053,220,NULL,NULL,NULL,101
5054,220,NULL,NULL,NULL,101
5055,252,NULL,NULL,NULL,NULL
5056,252,NULL,NULL,NULL,NULL
5057,185,NULL,NULL,NULL,108
5058,189,Fukushima Pref.,NULL,NULL,108
5059,,NULL,Tokke,Tokke,163
5060,,NULL,NULL,NULL,163
5061,,Telemark,NULL,NULL,163
5062,,North Carolina,NULL,NULL,228
5063,189,California,Mariposa Co.,NULL,228
5064,,New Mexico,NULL,NULL,228
5065,185,New Mexico,Cibola Co.,NULL,228
5067,,NULL,NULL,NULL,241
5068,,NULL,NULL,NULL,101
5069,,Balikesir,NULL,NULL,220
5070,,Balikesir,NULL,NULL,220
5071,,NULL,NULL,NULL,220
5072,,East Java,NULL,NULL,101
5073,,Limpopo,NULL,Bandolierkop,200
5074,,NULL,NULL,NULL,200
5075,,Transvaal,NULL,NULL,200
5076,,Oblast Bugas,NULL,NULL,33
5077,70,Minnesota,Carlton,NULL,228
5078,70,Minnesota,Carlton,NULL,228
5079,70,Minnesota,Carlton,NULL,228
5080,70,Minnesota,Carlton,NULL,228
5081,,Karnataka,NULL,NULL,100
5082,,NULL,NULL,NULL,100
5083,,Hesse,NULL,NULL,81
5083,,NULL,NULL,NULL,81
5084,220,NULL,NULL,NULL,101
5084,220,NULL,NULL,Sungei Liat Division Of The Tambang Timah Banka,101
5085,,Bangka Island,Bangka Island,NULL,101
5086,,NULL,NULL,NULL,101
5087,,Colorado,Lake Co.,Leadville,228
5088,,Bangladesh,NULL,NULL,100
5089,189,New York,Onondaga Co.,Fayetteville,228
5090,,NULL,NULL,NULL,41
5091,189,Minnesota,NULL,NULL,228
5092,,New Mexico,NULL,Mining Districts,228
5093,189,Nevada,Lincoln Co.,Pahranegat District,228
5094,,North Carolina,NULL,Coalville,228
5095,,NULL,NULL,NULL,99
5096,189,Montana,Silver Bow Co.,Butte,228
5097,70,Nebraska,Chase,NULL,228
5098,189,NULL,Russia,NULL,180
5099,228,NULL,NULL,NULL,156
5100,,NULL,NULL,NULL,156
5101,67,Idaho,Boise,Lowman,228
5102,,Alabama,Fayette,NULL,228
5103,,Alabama,Fayette,NULL,228
5104,,West Bengal,NULL,NULL,100
5105,209,Montana,Beaverhead Co.,NULL,228
5106,,California,NULL,Nevada City,228
5107,,California,NULL,Nevada City,228
5108,,California,NULL,Nevada City,228
5109,189,Utah,Floyd,Floyd,228
5110,189,Idaho,Boise Co.,NULL,228
5110,189,Idaho,NULL,NULL,228
5110,189,Idaho,Owyhee Co.,NULL,228
5110,189,Idaho,Silver City,Silver City,228
5111,189,Montana,Beaverhead Co.,NULL,228
5112,189,Nevada,Eureka Co.,Eureka,228
5113,189,New Mexico,Lordsburg,Lordsburg,228
5114,,California,NULL,Nevada City,228
5115,189,Nevada,NULL,Telluride,228
5117,,California,Riverside Co.,NULL,228
5118,,Wyoming,NULL,NULL,228
5120,,Montana,NULL,NULL,228
5121,,Montana,NULL,NULL,228
5122,,NULL,NULL,NULL,63
5123,,Almeria,Almeria,NULL,202
5124,,NULL,NULL,NULL,43
5125,,NULL,NULL,NULL,81
5126,,Stredoslovensky,Banska Stiavnica,Banska Stiavnica,196
5127,,Slovensko,NULL,NULL,196
5128,,Banska Bystrica,NULL,Spania Dolina,196
5129,,Slovensko,NULL,NULL,196
5130,,Slovensko,NULL,NULL,196
5131,,NULL,NULL,NULL,NULL
5132,,NULL,NULL,NULL,NULL
5133,,Slovensko,NULL,NULL,196
5134,,Stredne Slovensko,NULL,NULL,196
5135,189,Colorado,Gilpin Co.,NULL,228
5136,,Connecticut,NULL,NULL,228
5137,189,Smolyan Province,NULL,Madan,33
5138,189,Sardinia,Arrodas,Arrodas,106
5139,,Colorado,Lake Co.,NULL,228
5140,185,NULL,NULL,NULL,202
5141,189,Porto,Valongo,Valongo,175
5142,,NULL,NULL,NULL,98
5143,70,Alaska,Alexander Archipelago,NULL,228
5144,189,Oregon,NULL,NULL,228
5145,193,NULL,NULL,Baone,106
5146,,NULL,Baoruco,Baoruco,61
5147,189,Guangxi Zhuangzu Zizhiqu,Guilin Shi,NULL,44
5148,,NULL,NULL,NULL,54
5148,,NULL,NULL,NULL,NULL
5149,,Slavonia,Vukovar-Syrmia,Bapska,54
5150,,Arkansas,NULL,Magnet Cove,228
5151,,NULL,NULL,NULL,43
5152,,Antofagasta,NULL,NULL,43
5153,189,Guanajuato,NULL,NULL,140
5154,,Idaho,Clearwater Co.,Mallard Peak Area,228
5155,227,Maine,Great Cranberry Island,NULL,228
5156,189,South Carolina,York Co.,NULL,228
5157,,MD,NULL,NULL,228
5158,,NULL,NULL,NULL,200
5159,193,Wisconsin,NULL,NULL,228
5160,189,NULL,NULL,Jalisco,140
5161,,NULL,NULL,NULL,13
5162,,NULL,NULL,NULL,13
5163,,Michigan,Baraga Co.,L'Anse,228
5163,,Michigan,Baraga Co.,Spur Mtn.,228
5164,193,Michigan,Baraga Co.,NULL,228
5165,68,NULL,NULL,NULL,89
5166,,Chihuahua,NULL,NULL,140
5167,,NULL,NULL,NULL,140
5168,,Zacatecas,NULL,NULL,140
5169,220,Alaska,NULL,Hot Springs,228
5169,220,Alaska,NULL,NULL,228
5170,,Himachal Pradesh,Himachal Pradesh,NULL,100
5171,,Oblast Kardzhali,NULL,NULL,33
5172,185,NULL,NULL,NULL,52
5173,,NULL,Portugal,NULL,175
5174,,NULL,NULL,NULL,175
5175,,NULL,NULL,Barbacoas,168
5176,,NULL,NULL,Barbacona,175
5177,,NULL,NULL,NULL,19
5178,220,NULL,NULL,NULL,19
5178,,NULL,NULL,NULL,NULL
5179,189,Oklahoma,NULL,"Picher, Oklahoma (Near)",228
5180,189,New Mexico,Cibola Co.,NULL,228
5181,189,NULL,NULL,NULL,81
5181,189,NULL,NULL,NULL,174
5182,,Bohemia Region,NULL,NULL,57
5183,224,NULL,NULL,NULL,NULL
5184,,NULL,NULL,NULL,179
5185,189,Utah,Washington Co.,NULL,228
5186,,Texas,Texas,NULL,228
5187,193,New Jersey,Hunterdon Co.,NULL,228
5188,,California,San Diego Co.,NULL,228
5189,70,Ontario,NULL,NULL,38
5190,,Texas,Chambers Co.,NULL,228
5191,,Texas,Chambers Co.,NULL,228
5192,,Transvaal,NULL,NULL,200
5193,,Transvaal,NULL,NULL,200
5194,,NULL,NULL,NULL,200
5195,,Transvaal,NULL,NULL,200
5196,,Transvaal,NULL,NULL,200
5197,,Transvaal,NULL,NULL,200
5198,,NULL,NULL,Heemsteede  378JU,200
5198,,NULL,NULL,Loenen 381 JU,200
5199,,Swaziland,NULL,NULL,200
5200,,Transvaal,NULL,NULL,200
5201,,Transvaal,NULL,NULL,200
5202,,NULL,NULL,NULL,200
5203,,Transvaal,NULL,NULL,200
5204,,NULL,Nantes,Nantes,74
5205,193,Lower Normandy,NULL,Le Gast,74
5206,,Maramures,NULL,NULL,179
5207,193,New Jersey,NULL,Brookville,228
5207,,New Jersey,NULL,Brookville,228
5208,,Virginia,NULL,NULL,228
5209,220,NULL,NULL,NULL,9
5210,189,Colorado,Lake Co.,Leadville,228
5211,,NULL,NULL,NULL,202
5212,,Catalonia,NULL,NULL,202
5213,,NULL,NULL,NULL,202
5214,189,Nevada,Nye Co.,NULL,228
5215,189,Nevada,Nye Co.,NULL,228
5216,,Catalonia,NULL,NULL,202
5217,,NULL,NULL,NULL,202
5218,,Catalonia,NULL,NULL,202
5219,,Catalonia,NULL,NULL,202
5220,,NULL,NULL,NULL,202
5221,,NULL,NULL,NULL,202
5222,,NULL,NULL,Barcelona,233
5223,185,NULL,NULL,NULL,140
5224,185,Hawaii,NULL,NULL,228
5225,193,Vermont,Washington Co.,Barre,228
5226,,Queensland,NULL,NULL,13
5227,,Queensland,NULL,NULL,13
5228,,Queensland,NULL,NULL,13
5229,,Queensland,NULL,NULL,13
5230,,Colorado,NULL,NULL,228
5231,185,NULL,NULL,NULL,99
5232,,Sinaloa,NULL,NULL,140
5233,,NULL,NULL,NULL,174
5234,,Kentucky,Nelson,NULL,228
5235,,Maryland,NULL,Baltimore,228
5236,189,Maryland,Baltimore Co.,Bare Hills,228
5237,189,Maryland,Baltimore Co.,NULL,228
5237,189,Maryland,NULL,NULL,228
5238,,Maryland,Baltimore Co.,NULL,228
5239,,Maryland,Baltimore Co.,NULL,228
5240,,Maryland,Baltimore Co.,NULL,228
5241,,Maryland,NULL,Baltimore,228
5242,,Maryland,NULL,NULL,228
5243,101,NULL,NULL,NULL,NULL
5244,,NULL,NULL,NULL,NULL
5245,189,Sardinia,NULL,NULL,106
5247,189,Salzburg,NULL,NULL,14
5248,193,Virginia,Lexington,Lexington,228
5248,193,Virginia,NULL,Lexington,228
5248,193,Virginia,Rockbridge Co.,NULL,228
5249,193,Virginia,Lexington,Lexington,228
5250,,NULL,NULL,NULL,244
5251,,Scotland,Central,NULL,227
5252,,Texas,Bluffton,Bluffton,228
5253,,Texas,NULL,NULL,228
5254,,NULL,NULL,NULL,NULL
5255,9,Baringo,NULL,NULL,111
5256,189,South Carolina,Mc Cormick Co.,Mc Cormick,228
5257,189,Connecticut,Cheshire,Cheshire,228
5258,,Barberton,NULL,NULL,200
5259,,Barberton,NULL,NULL,200
5260,70,Wisconsin,Herbster,NULL,228
5261,70,Wisconsin,Herbster,NULL,228
5262,70,Wisconsin,Herbster,NULL,228
5263,70,Wisconsin,Herbster,NULL,228
5264,70,Wisconsin,Herbster,NULL,228
5265,70,Wisconsin,Herbster,NULL,228
5266,70,Wisconsin,Herbster,NULL,228
5267,70,Wisconsin,Herbster,NULL,228
5268,70,Wisconsin,Herbster,NULL,228
5269,70,Wisconsin,Herbster,NULL,228
5270,70,Wisconsin,Herbster,NULL,228
5271,70,Wisconsin,Herbster,NULL,228
5272,70,Wisconsin,Herbster,NULL,228
5273,70,Wisconsin,Herbster,NULL,228
5274,70,Wisconsin,Herbster,NULL,228
5275,70,Wisconsin,Herbster,NULL,228
5276,70,Wisconsin,Herbster,NULL,228
5277,193,Massachusetts,Norfolk Co.,Quincy,228
5278,,New York,Fonda,Fonda,228
5279,193,Massachusetts,West Townsend,West Townsend,228
5280,189,Montana,NULL,NULL,228
5281,189,South Dakota,Keystone,Keystone,228
5281,189,South Dakota,Pennington Co.,NULL,228
5282,,Texas,NULL,NULL,228
5283,,NULL,NULL,Barkevig,163
5284,,Telemark,NULL,NULL,163
5285,,Telemark,NULL,NULL,163
5286,,Telemark,NULL,NULL,163
5287,,Langesundsfjord,Larvik,Larvik,163
5288,,Connecticut,Litchfield Co.,NULL,228
5289,,NULL,NULL,NULL,227
5290,,Eastern Cape,NULL,NULL,200
5291,,Alabama,Clarke,NULL,228
5292,189,Georgia,NULL,NULL,228
5293,184,Washington,NULL,NULL,228
5294,,NULL,NULL,NULL,227
5295,,NULL,NULL,NULL,227
5296,,North Carolina,NULL,NULL,228
5297,,North Carolina,NULL,Marshall,228
5298,,North Carolina,Buncombe Co.,NULL,228
5299,,NULL,NULL,Barnavave,104
5300,,Wyoming,NULL,NULL,228
5301,,New Jersey,Ocean,Forked River,228
5302,100,Montana,Powell County,Drummond/Gold Creek,228
5303,,NULL,NULL,NULL,NULL
5304,189,Virginia,Charlotte Co.,NULL,228
5305,112,NULL,NULL,NULL,NULL
5306,,Tennessee,Cooke Co.,NULL,228
5307,,Tennessee,Cooke Co.,NULL,228
5308,,California,NULL,NULL,228
5309,,Alabama,Conecuh,NULL,228
5310,189,North Carolina,Lincoln Co.,NULL,228
5311,,Alabama,Conecuh,NULL,228
5311,,Alabama,Escambia,NULL,228
5312,,NULL,NULL,NULL,13
5313,189,Chihuahua,NULL,NULL,140
5314,193,Vermont,Washington Co.,Roxbury Station,228
5315,189,Vermont,NULL,Swanton,228
5316,189,North Carolina,Rowan Co.,Gold Hill,228
5317,209,South Australia,NULL,NULL,13
5318,,England,Devon,NULL,227
5319,189,Michigan,Marquette Co.,Ishpeming,228
5319,189,Michigan,Marquette Co.,Negaunee,228
5319,189,Michigan,Marquette Co.,NULL,228
5320,,Alabama,Baldwin,NULL,228
5321,,NULL,NULL,NULL,100
5322,189,Arkansas,Hot Springs,Hot Springs,228
5322,189,Arkansas,Magnet Cove,Magnet Cove,228
5323,189,NULL,NULL,NULL,NULL
5324,185,NULL,NULL,NULL,37
5325,70,Southwest,NULL,NULL,37
5326,70,Southwest,NULL,NULL,37
5327,70,Southwest,NULL,NULL,37
5328,70,Southwest,NULL,NULL,37
5329,70,Southwest,NULL,NULL,37
5330,70,Southwest,NULL,NULL,37
5331,70,Southwest,NULL,NULL,37
5332,70,Southwest,NULL,NULL,37
5333,,NULL,Brazil,NULL,30
5334,189,New Mexico,Socorro Co.,Kelly,228
5335,,California,NULL,NULL,228
5336,,NULL,NULL,NULL,NULL
5337,70,Western Province,Tetepare,NULL,198
5338,70,Western Province,Tetepare,NULL,198
5339,70,Western Province,Tetepare,NULL,198
5340,,NULL,NULL,Barquisimeto,233
5340,,NULL,NULL,NULL,233
5341,,NULL,NULL,"Barr (Near), Rosskopf",74
5342,189,Kansas,Cherokee Co.,NULL,228
5342,189,Kansas,NULL,NULL,228
5342,189,Kansas,NULL,"Picher, Oklahoma (Near)",228
5342,189,Kansas,Treece,Treece,228
5343,,Minas Gerais,NULL,NULL,30
5344,,Scotland,NULL,NULL,227
5345,,NULL,NULL,NULL,55
5346,,NULL,Barracanos,Barracanos,55
5347,,NULL,NULL,Barranca Del Cobre,140
5348,189,Durango,NULL,NULL,140
5349,189,Durango,NULL,Conato,140
5350,,NULL,NULL,NULL,202
5351,,Andalusia,NULL,NULL,202
5352,,NULL,Portugal,NULL,175
5353,,Quebec,NULL,NULL,38
5354,,Entre Rios,NULL,NULL,10
5355,,Minas Gerais,NULL,NULL,30
5356,185,NULL,NULL,NULL,NULL
5357,,California,NULL,NULL,228
5358,220,NULL,NULL,NULL,100
5358,185,NULL,NULL,NULL,100
5359,220,Andaman And Nicobar Islands,NULL,NULL,100
5360,,NULL,Australia,NULL,13
5361,193,Kentucky,Warren,NULL,228
5362,221,Kentucky,Warren,NULL,228
5363,,NULL,NULL,Barrerito,170
5364,193,New York,Norwood,Norwood,228
5365,70,Minnesota,Grant,NULL,228
5366,70,Minnesota,Grant,NULL,228
5367,70,Minnesota,Grant,NULL,228
5368,70,Minnesota,Grant,NULL,228
5369,70,Minnesota,Grant,NULL,228
5370,193,New York,NULL,Ticonderoga,228
5371,189,North Carolina,NULL,NULL,228
5372,,California,NULL,Chamisal,228
5373,228,NULL,NULL,NULL,156
5374,193,Maine,NULL,South Thomaston,228
5375,189,Utah,Tooele Co.,NULL,228
5375,189,Utah,Toole Co.,NULL,228
5376,189,Utah,Tooele Co.,NULL,228
5377,,NULL,NULL,NULL,13
5378,,New South Wales,NULL,NULL,13
5379,,South Australia,NULL,NULL,13
5380,,New South Wales,NULL,NULL,13
5381,,New South Wales,NULL,NULL,13
5382,,New South Wales,NULL,NULL,13
5383,235,NULL,NULL,NULL,155
5384,235,NULL,NULL,NULL,155
5385,,New South Wales,NULL,NULL,13
5386,,Texas,Burnet Co.,NULL,228
5387,189,Texas,Llano Co.,NULL,228
5388,,Texas,Llano Co.,NULL,228
5389,,Texas,NULL,NULL,228
5390,189,North Carolina,North Carolina,NULL,228
5391,,New Hampshire,Strafford Co.,NULL,228
5392,,New Hampshire,NULL,NULL,228
5393,,NULL,NULL,NULL,176
5394,189,San Salvador Dept,NULL,NULL,65
5395,,NULL,Brazil,NULL,30
5396,189,Hidalgo,NULL,Pachuca,140
5397,201,Tacna,NULL,NULL,171
5398,189,NULL,NULL,NULL,NULL
5399,,Massachusetts,Goshen,Goshen,228
5400,,Massachusetts,Goshen,Goshen,228
5401,193,Maine,NULL,NULL,228
5402,193,Massachusetts,NULL,NULL,228
5403,,Alabama,Choctaw,NULL,228
5404,,Alabama,Choctaw,NULL,228
5405,,California,NULL,NULL,228
5406,,California,NULL,NULL,228
5407,,California,San Bernardino Co.,NULL,228
5408,,California,San Bernardino Co.,NULL,228
5409,,California,San Bernardino Co.,NULL,228
5410,,California,San Bernardino Co.,NULL,228
5411,189,Colorado,NULL,NULL,228
5411,189,Colorado,Ouray,NULL,228
5411,189,Colorado,Ouray,Ouray,228
5411,189,Colorado,Ouray Co.,NULL,228
5412,,California,San Bernardino Co.,NULL,228
5413,,NULL,NULL,NULL,NULL
5414,112,Colorado,Summit County,NULL,228
5415,,New Hampshire,NULL,NULL,228
5416,,NULL,NULL,Bartošova Lehôtka,196
5417,189,San Luis Potosí,NULL,NULL,140
5418,220,Galápagos,NULL,NULL,63
5419,189,New York,NULL,NULL,228
5420,,New York,NULL,NULL,228
5421,189,New York,North Creek,North Creek,228
5421,189,New York,NULL,NULL,228
5422,189,New York,NULL,North Creek,228
5423,,NULL,NULL,NULL,227
5424,189,New York,Hamilton Co.,NULL,228
5424,189,New York,NULL,NULL,228
5427,189,New York,NULL,NULL,228
5428,,NULL,NULL,Bartos Lehotka,98
5428,,NULL,NULL,NULL,98
5429,189,Washington,Pierce County,Wilkeson (near),228
5430,,NULL,NULL,NULL,NULL
5431,,NULL,NULL,NULL,NULL
5432,70,NULL,NULL,NULL,44
5433,185,NULL,NULL,NULL,52
5434,193,Maharashtra,Panvel,Panvel,100
5434,193,Maharashtra,Panvil,Panvil,100
5436,,NULL,Barvai,Barvai,100
5437,185,NULL,NULL,NULL,52
5438,,NULL,NULL,NULL,163
5439,189,Quebec,NULL,NULL,38
5440,189,Madhya Pradesh,NULL,Balaghat,100
5441,,Colorado,Park Co.,NULL,228
5442,,NULL,NULL,Barzalosa,47
5443,,NULL,NULL,Bas Obispo,168
5444,,Brittany,NULL,NULL,74
5445,,NULL,NULL,NULL,74
5446,,NULL,NULL,NULL,87
5447,,Campania,NULL,NULL,106
5448,70,Aragón,NULL,NULL,202
5452,70,Aragón,NULL,NULL,202
5453,70,Aragón,NULL,NULL,202
5454,70,Aragón,NULL,NULL,202
5455,,NULL,NULL,NULL,225
5456,205,Arizona,Cochise Co.,Willcox,228
5457,,West Virginia,NULL,Pearisburg,228
5458,,Arizona,NULL,NULL,228
5459,205,Michigan,NULL,NULL,228
5460,,Nevada,NULL,Eureka,228
5461,,NULL,NULL,NULL,NULL
5462,,Idaho,NULL,NULL,228
5463,193,New South Wales,NULL,NULL,13
5464,193,New South Wales Ca.,NULL,NULL,13
5465,,NULL,NULL,NULL,227
5466,,NULL,NULL,NULL,NULL
5467,,NULL,NULL,NULL,NULL
5468,,NULL,NULL,NULL,NULL
5469,,NULL,NULL,NULL,99
5470,,NULL,NULL,NULL,NULL
5471,,Namibe,NULL,NULL,6
5472,,NULL,NULL,NULL,165
5473,,Alabama,Choctaw,NULL,228
5474,,Alabama,Clarke,NULL,228
5475,,Bashkortostan,Ufa,Ufa,180
5476,189,Nevada,Nye Co.,NULL,228
5477,189,Nevada,Nye Co.,Gabbs,228
5478,189,Nevada,Nye Co.,Gabbs,228
5479,193,Nevada,Gabbs,Gabbs,228
5480,193,Nevada,NULL,NULL,228
5481,193,Ohio,Seneca Co.,NULL,228
5482,189,Yakuskaya A.S.S.R.,Lena River,Lena River,180
5483,,Basilicata,NULL,NULL,106
5484,,Basilicata,NULL,Melfi,106
5485,,Basilicata,NULL,Rio Nocelletto,106
5486,227,Michigan,Gogebic,NULL,228
5487,227,Michigan,Gogebic,NULL,228
5488,,Nevada,NULL,Ely,228
5489,,Arizona,NULL,NULL,228
5490,,California,NULL,NULL,228
5491,,Nevada,NULL,NULL,228
5492,,Utah,NULL,NULL,228
5493,189,Montana,Lewis And Clark Co.,Valley Dist.,228
5494,70,Alaska,Northwest Arctic,NULL,228
5495,193,Maine,NULL,NULL,228
5496,9,Wyoming,Big Horn,NULL,228
5497,9,Wyoming,Big Horn,NULL,228
5498,,Maine,Phippsburg,Phippsburg,228
5499,,East Greenland,NULL,NULL,85
5500,,Astrakhan Oblast,NULL,NULL,180
5501,,Basque Country,NULL,Beraitegui,202
5502,,Basque Country,NULL,"Bilbas District, Ortuella",202
5503,,Basque Country,NULL,Ogarzun,202
5504,,Basque Country,NULL,Trun,202
5506,101,Arizona,NULL,NULL,228
5507,70,Wisconsin,Barron,NULL,228
5508,189,Arizona,Arizona,NULL,228
5509,252,NULL,NULL,NULL,NULL
5510,,NULL,NULL,NULL,NULL
5511,,NULL,NULL,NULL,202
5512,,NULL,NULL,NULL,147
5513,,NULL,NULL,NULL,74
5514,,NULL,NULL,NULL,74
5515,,NULL,NULL,NULL,74
5516,189,England,Cornwall,NULL,227
5517,189,Montana,NULL,Butte,228
5518,220,NULL,NULL,Baief - Vieux Habitants (Halfway Between),74
5518,220,NULL,NULL,Basse-Terre,74
5518,220,NULL,NULL,St Rose ?,74
5519,68,NULL,NULL,NULL,NULL
5520,189,England,Cornwall And Isles Of Scilly,NULL,227
5521,,Kentucky,Casey,NULL,228
5521,,Kentucky,Wayne,NULL,228
5522,,Virginia,Henry Co.,NULL,228
5523,189,Colorado,Custer Co.,Rosita,228
5524,189,Colorado,Custer Co.,NULL,228
5524,189,Colorado,Querida,Querida,228
5525,,NULL,NULL,NULL,74
5526,173,Martinique,NULL,Duchêne,74
5527,,NULL,NULL,NULL,67
5528,195,NULL,NULL,NULL,74
5528,70,NULL,NULL,NULL,74
5528,70,NULL,NULL,NULL,NULL
5529,,Transvaal,NULL,Rustenburg,200
5530,,NULL,NULL,NULL,81
5531,,NULL,NULL,NULL,NULL
5532,,NULL,NULL,Baste,81
5533,189,NULL,NULL,NULL,81
5534,189,North Rhine-Westphalia,NULL,NULL,81
5535,,NULL,NULL,NULL,81
5536,,Landes,Dax,Dax,74
5537,,Aquitaine,Landes Dept.,NULL,74
5539,,NULL,NULL,NULL,NULL
5540,189,Vastmanland,NULL,Riddarhytten,208
5541,,NULL,Riddarhyttan,Riddarhyttan,208
5541,,NULL,Sweden,NULL,208
5542,189,Kopparberg,NULL,NULL,208
5543,189,Vastmanland,NULL,NULL,208
5544,,Vastmanland,NULL,NULL,208
5545,,NULL,NULL,NULL,NULL
5547,,Texas,Bastrop Co.,NULL,228
5548,,Basutoland,NULL,NULL,200
5549,,NULL,NULL,NULL,74
5550,,Azad Kashmir,NULL,NULL,165
5551,,Ratnapura,NULL,NULL,203
5552,189,Paraiba,NULL,NULL,30
5553,189,England,Cornwall And Isles Of Scilly,NULL,227
5554,,Sichuan,NULL,NULL,44
5555,53,Ontario,NULL,NULL,38
5556,,NULL,NULL,NULL,13
5557,,NULL,NULL,NULL,13
5558,,Atacama,NULL,NULL,43
5559,189,Nevada,Lander Co.,NULL,228
5560,193,Massachusetts,Weymouth,Weymouth,228
5561,,Wyoming,Albany Co.,NULL,228
5562,189,Colorado,Gilpin Co.,NULL,228
5563,189,Michigan,Iron Co.,NULL,228
5564,205,Nevada,Nye Co.,NULL,228
5565,193,New Hampshire,NULL,Milford,228
5569,,Arkansas,NULL,NULL,228
5570,209,Arkansas,NULL,NULL,228
5571,,Arkansas,NULL,NULL,228
5572,,Mississippi,Panola,NULL,228
5573,97,NULL,NULL,NULL,NULL
5574,189,California,California,NULL,228
5575,,NULL,NULL,Bath,98
5575,,NULL,NULL,NULL,98
5577,220,NULL,NULL,NULL,38
5578,,Nevada,Elko Co.,NULL,228
5579,189,New Mexico,Cerrilos District,Cerrilos District,228
5580,220,Nunavut,NULL,NULL,38
5581,,Ontario,NULL,NULL,38
5582,,Scotland,NULL,NULL,227
5583,93,NULL,NULL,NULL,NULL
5584,189,Arkansas,Marion Co.,NULL,228
5585,220,NULL,NULL,NULL,72
5586,189,NULL,NULL,NULL,200
5587,189,NULL,NULL,NULL,140
5588,189,Chihuahua,NULL,NULL,140
5589,,Chihuahua,Batopilas,Batopilas,140
5590,,NULL,NULL,NULL,140
5591,,NULL,NULL,NULL,140
5592,,Chihuahua,NULL,NULL,140
5593,,NULL,NULL,NULL,140
5594,,Chihuahua,NULL,NULL,140
5595,,NULL,NULL,Bator,98
5596,205,Mato Grosso,NULL,"Mato Grosso, Se",30
5597,227,Ohio,Portage,NULL,228
5598,,NULL,NULL,Battaglia,106
5600,,NULL,NULL,NULL,NULL
5601,189,New York,NULL,NULL,228
5602,193,England,NULL,New Castle,227
5603,189,New York,NULL,NULL,228
5604,70,Minnesota ,Washington,NULL,228
5606,,Arizona,NULL,NULL,228
5607,,Arizona,NULL,Bruno,228
5608,70,Washington,Clark,NULL,228
5609,70,Washington,Clark,NULL,228
5610,70,Nunavut,Baffin Island,NULL,38
5611,70,Nunavut,Baffin Island,NULL,38
5612,70,Nunavut,Baffin Island,NULL,38
5613,70,Nunavut,Baffin Island,NULL,38
5614,70,Nunavut,Baffin Island,NULL,38
5615,,Quebec,NULL,NULL,38
5616,,Nevada,Lander Co.,NULL,228
5616,189,Nevada,Lander Co.,NULL,228
5617,209,Nevada,Lander Co.,NULL,228
5618,,Colorado,NULL,NULL,228
5619,47,Michigan,Emmet,Bliss,228
5620,112,NULL,NULL,NULL,NULL
5621,9,NULL,NULL,NULL,NULL
5621,,NULL,NULL,NULL,NULL
5622,,New Mexico,NULL,NULL,228
5623,,NULL,NULL,NULL,101
5624,185,NULL,NULL,NULL,101
5625,,NULL,Kazakhstan,NULL,110
5625,,NULL,NULL,NULL,110
5626,,Pays de la Loire,Loire-Atlantique Dept.,NULL,74
5627,,Sarawak,East Malasyia,NULL,131
5628,,Minas Gerais,Minas Gerais,NULL,30
5629,,NULL,NULL,NULL,159
5630,,Bauchi Province,NULL,Federe,159
5631,,Bauchi,Bauchi,NULL,159
5632,,Brittany,Morbihan Dept.,NULL,74
5633,,Telemark,NULL,NULL,163
5634,,Piedmont,NULL,NULL,106
5635,,Bavaria,NULL,NULL,81
5636,,Hesse,NULL,Richelsdorf,81
5637,189,Hesse,NULL,NULL,81
5639,189,North Dakota,Divide County,Noonan (near),228
5640,189,Montana,Stillwater Co.,NULL,228
5641,189,New South Wales,NULL,NULL,13
5642,209,California,Inyo Co.,NULL,228
5643,,Walbrzych Ca.,NULL,NULL,174
5646,,Wroclaw,NULL,NULL,57
5647,,Wroclaw,NULL,NULL,174
5648,,NULL,NULL,NULL,81
5649,,NULL,Baumholder,Baumholder,81
5649,,NULL,NULL,Baumholder,81
5650,189,Sardinia,NULL,NULL,106
5651,,Ontario,NULL,NULL,38
5652,,NULL,NULL,Bausenberg,81
5653,,NULL,NULL,Bautenback,81
5654,189,NULL,NULL,NULL,81
5655,189,Lower Austria,NULL,NULL,14
5656,189,North Rhine-Westphalia,NULL,NULL,81
5657,,California,California,NULL,228
5658,189,Illinois,NULL,NULL,228
5659,,Saxony,NULL,Bautzen,81
5660,,Saxony,NULL,Bautzon (Near),81
5661,,Arkansas,Saline Co.,NULL,228
5662,,Arkansas,NULL,NULL,228
5663,,Saxony,NULL,NULL,81
5664,189,NULL,NULL,NULL,74
5666,,Bavaria,NULL,Alsenburg,81
5667,,Bavaria,Aschaffenberg,Aschaffenberg,81
5669,,Bavaria,Aurbach,Aurbach,81
5670,,Bavaria,Berchtesgaden,Berchtesgaden,81
5671,,Bavaria,Bergnersgreuth,Bergnersgreuth,81
5672,,Bavaria,NULL,Berneck,81
5673,,Bavaria,Bodenmais,Bodenmais,81
5674,,Bavaria,Breitenbrunn,Breitenbrunn,81
5675,,Bavaria,NULL,Casseler Grund,81
5676,,Bavaria,Fichtelberg,Fichtelberg,81
5677,,Bavaria,Fichtelgebirge,Fichtelgebirge,81
5677,,Bavaria,NULL,"Fichtelgebirge, Koditz",81
5678,,Bavaria,Gefrees,Gefrees,81
5679,,bavaria,bavaria,NULL,81
5679,,NULL,NULL,NULL,81
5679,,NULL,NULL,NULL,NULL
5680,,Bavaria,Gopfersgrun,Gopfersgrun,81
5680,,Bavaria,NULL,Göpfersgrün,81
5681,,Bavaria,Gottelsberg,Gottelsberg,81
5682,,Bavaria,Haar,Haar,81
5683,,Bavaria,Hagendorf,Hagendorf,81
5683,,Bavaria,NULL,Hagendorf,81
5684,,Bavaria,Hof,Hof,81
5684,,Bavaria,NULL,Hof,81
5685,,Bavaria,NULL,Irnlishiokheim,81
5686,,Bavaria,NULL,Koditz,81
5687,,Bavaria,Kreuzberg,Kreuzberg,81
5688,,Bavaria,NULL,"Kupferberg, Fichtel-Gebirge",81
5689,,Bavaria,Lichtenfels,Lichtenfels,81
5690,,Bavaria,Lobenstein,Lobenstein,81
5691,,Bavaria,NULL,Nördlinger,81
5692,,Bavaria,Oberpfalz,Hagendorf,81
5693,,Bavaria,Passau,Passau,81
5694,,Bavaria,Pfaffen,Pfaffen,81
5695,,Bavaria,Pleystein,Pleystein,81
5696,,Bavaria,Pleystein,Hagendorf,81
5697,,Bavaria,Rabenstein,Rabenstein,81
5698,,Bavaria,Ramsbeck,Dornberg,81
5699,,Bavaria,Redwitz,Redwitz,81
5700,,Bavaria,Silberberg,Silberberg,81
5701,,Bavaria,Solenhofen,Solenhofen,81
5702,,Bavaria,NULL,Turkheim,81
5703,,Bavaria,Upper Palatinate,Hagendorf,81
5704,,Bavaria,Weppenreuth,Weppenreuth,81
5705,,Bavaria,NULL,Wolsendorf,81
5705,,Bavaria,Woelsendorf,Woelsendorf,81
5705,,Bavaria,Wolsendorf,Wolsendorf,81
5706,,Bavaria,Wurlitz,Wurlitz,81
5707,,Bavaria,Zwiesel,Zwiesel,81
5708,,NULL,NULL,NULL,81
5710,,Lombardy,NULL,NULL,106
5710,,NULL,NULL,Bavena,106
5710,,NULL,NULL,Baveno,106
5710,,NULL,NULL,"Baveno, Novara",106
5710,,Piedmont,Piedmont,NULL,106
5711,189,Sonora,NULL,NULL,140
5712,,NULL,NULL,NULL,81
5713,,NULL,NULL,Baw Mar,149
5714,189,Utah,Beaver Co.,NULL,228
5714,189,Utah,Utah,NULL,228
5715,220,NULL,NULL,NULL,101
5717,189,Kansas,Galena,Galena,228
5718,,Kansas,Cherokee Co.,NULL,228
5719,189,Nevada,Broken Hills,Broken Hills,228
5723,,Alabama,Washington,NULL,228
5724,,Alabama,Washington,NULL,228
5725,,Alabama,Washington,NULL,228
5726,220,NULL,NULL,NULL,186
5727,209,Idaho,Custer Co.,NULL,228
5728,189,England,NULL,NULL,227
5729,249,NULL,NULL,NULL,NULL
5730,252,NULL,NULL,NULL,NULL
5730,,NULL,NULL,NULL,NULL
5731,,Nova Scotia,Kings,Cape Blomidon,38
5732,198,Newfoundland,NULL,NULL,38
5732,,Newfoundland,NULL,NULL,38
5732,198,NULL,NULL,NULL,38
5734,,NULL,NULL,NULL,156
5735,249,NULL,NULL,NULL,NULL
5736,,NULL,NULL,NULL,156
5737,,NULL,NULL,Bay Of Whales,8
5738,193,Michigan,Huron Co.,Bay Port,228
5739,,Louisiana,NULL,NULL,228
5740,189,Missouri,Jasper Co.,Joplin,228
5740,189,Missouri,Joplin,Joplin,228
5741,189,Nevada,NULL,"Morey District, Nye District",228
5741,189,Nevada,Nye Co.,NULL,228
5742,189,New York,Essex Co.,Port Henry,228
5743,,NULL,NULL,NULL,86
5744,,Michigan,"BAY, MI",NULL,228
5746,,NULL,NULL,NULL,55
5747,70,NULL,NULL,NULL,144
5748,209,Inner Mongolia Autonomous Region,NULL,Baotou City,44
5748,189,Inner Mongolia Autonomous Region,NULL,Baotou City,44
5749,209,Inner Mongolia Autonomous Region,NULL,Baotou City,44
5749,189,Inner Mongolia Autonomous Region,NULL,Baotou City,44
5750,209,Inner Mongolia Autonomous Region,NULL,Baotou City,44
5750,189,Inner Mongolia Autonomous Region,NULL,Baotou City,44
5751,209,Inner Mongolia,Baotou (paotow),Baotou (paotow),44
5751,209,Inner Mongolia Autonomous Region,NULL,Baotou City,44
5751,189,Inner Mongolia Autonomous Region,NULL,Baotou City,44
5751,,Nei Monggol Autonomous Region,NULL,NULL,44
5752,70,NULL,NULL,NULL,44
5753,,NULL,NULL,Ondorhaan,144
5754,,Lorraine,NULL,NULL,74
5755,70,NULL,NULL,NULL,44
5756,189,New Mexico,NULL,NULL,228
5758,,New Mexico,NULL,NULL,228
5759,189,NULL,NULL,NULL,164
5760,193,Maine,Oxford Co.,NULL,228
5761,193,Massachusetts,Ashland,Ashland,228
5761,193,Massachusetts,Middlesex Co.,NULL,228
5761,193,Massachusetts,NULL,NULL,228
5762,193,NULL,NULL,NULL,NULL
5764,189,Bavaria,NULL,NULL,81
5764,189,Bavaria,Pfaffenreuth,Pfaffenreuth,81
5764,189,NULL,NULL,NULL,81
5765,,NULL,NULL,NULL,81
5768,,NULL,NULL,NULL,81
5771,,NULL,NULL,NULL,81
5772,,Lower Normandy,Calvados Dept.,NULL,74
5773,,NULL,NULL,Bayezid,11
5774,70,Idaho,Custer,NULL,228
5775,70,Idaho,Custer,NULL,228
5776,189,Western Australia,Coolgardie,Coolgardie,13
5777,193,New York,Bedford,Bedford,228
5777,193,New York,NULL,NULL,228
5777,193,New York,Westchester Co.,NULL,228
5779,205,Massachusetts,NULL,Oakdale,228
5780,,NULL,Kazakhstan,NULL,110
5781,,NULL,NULL,NULL,NULL
5782,,Bavaria,Bavaria,NULL,81
5783,,Alabama,Mobile,NULL,228
5784,,Louisiana,Sabine,NULL,228
5785,,Indiana,Vigo,NULL,228
5786,178,Louisiana,NULL,Crowley,228
5788,,NULL,NULL,Bayreuth,210
5789,,NULL,NULL,NULL,144
5790,,Indiana,Parke,NULL,228
5791,,Irkutsk Oblast,NULL,NULL,180
5792,,NULL,NULL,Bazena,106
5793,189,NULL,Bazhenovo,Bazhenovo,180
5794,189,NULL,NULL,NULL,180
5795,189,NULL,Tateishi Ooita,Tateishi Ooita,108
5796,189,Maine,Oxford County,NULL,228
5797,189,Maine,Norway,Norway,228
5798,193,Maine,Norway,Norway,228
5799,189,NULL,NULL,Kabanga,111
5800,189,Quebec,NULL,NULL,38
5801,,Arizona,Bouse,Bouse,228
5802,70,Minnesota ,Chippewa,NULL,228
5803,70,Minnesota ,Chippewa,NULL,228
5804,70,Minnesota ,Chippewa,NULL,228
5805,70,Minnesota ,Chippewa,NULL,228
5806,,NULL,NULL,NULL,196
5807,,South Carolina,Dorchester,NULL,228
5808,189,Nevada,Mineral Co.,NULL,228
5809,221,Alaska,Nome,NULL,228
5810,,NULL,NULL,NULL,64
5812,,NULL,NULL,NULL,227
5813,,NULL,NULL,NULL,NULL
5814,9,NULL,NULL,NULL,NULL
5815,,NULL,NULL,NULL,NULL
5816,189,Colorado,Teller Co.,NULL,228
5817,189,Michigan,Champion,Champion,228
5818,,NULL,NULL,NULL,200
5819,,Colorado,NULL,NULL,228
5820,,Rhode Island,Cumberland,Cumberland,228
5821,205,Victoria Land,NULL,Taylor Glacier,8
5822,,NULL,NULL,NULL,NULL
5823,189,Idaho,Owyhee Co.,NULL,228
5824,,NULL,NULL,NULL,10
5824,252,NULL,NULL,NULL,43
5824,,NULL,NULL,NULL,43
5824,252,NULL,NULL,NULL,NULL
5824,,NULL,NULL,NULL,NULL
5825,,NULL,NULL,NULL,43
5826,220,NULL,NULL,NULL,NULL
5827,220,NULL,NULL,NULL,NULL
5828,70,Minnesota ,Becker,NULL,228
5829,189,Washington,King Co.,NULL,228
5830,,Alabama,Horry,Nixonville,228
5831,,Nova Scotia,Nova Scotia,NULL,38
5832,178,NULL,NULL,NULL,NULL
5834,101,New Mexico,Bernalillo County,NULL,228
5835,,Arkansas,Montgomery Co.,NULL,228
5837,189,Alaska,NULL,Berners Bay,228
5838,,Colorado,Ouray Co.,NULL,228
5839,,New Mexico,Grant Co.,NULL,228
5840,,California,NULL,NULL,228
5841,189,Colorado,San Miguel Co.,Big Bear Creek,228
5842,189,North Carolina,Mitchell Co.,NULL,228
5842,189,North Carolina,Spruce Pine,Spruce Pine,228
5843,189,Washington,NULL,NULL,228
5843,189,Washington,Spokane Co.,NULL,228
5844,,Colorado,Jefferson County,Morrison (near),228
5845,193,California,Georgetown,Georgetown,228
5846,193,Oregon,Douglas Co.,NULL,228
5847,,Alabama,Pickens,NULL,228
5847,,Alabama,Wilcox,NULL,228
5848,,California,California,NULL,228
5849,,Colorado,Jefferson Co.,NULL,228
5850,,Colorado,San Miguel Co.,NULL,228
5851,,Indiana,Trevlac,Trevlac,228
5852,,Nova Scotia,Nova Scotia,NULL,38
5853,,Oregon,NULL,NULL,228
5853,,Oregon,Oregon,NULL,228
5854,248,NULL,NULL,NULL,NULL
5855,,Wyoming,NULL,NULL,228
5856,,Colorado,Ouray Co.,NULL,228
5857,205,Montana,Granite Co.,NULL,228
5858,189,Arkansas,Marion Co.,NULL,228
5859,220,District Of Columbia,Montgomery,Washington,228
5860,,Georgia,Floyd Co.,NULL,228
5861,220,Maryland,Montgomery Co.,NULL,228
5861,,Maryland,Montgomery Co.,NULL,228
5861,220,Maryland,NULL,NULL,228
5862,220,Virginia,NULL,NULL,228
5863,189,Quebec,Litchfield,Litchfield,38
5863,189,Quebec,Litchfield Twp.,Litchfield Twp.,38
5863,189,Quebec,NULL,NULL,38
5863,189,Quebec,Pontiac Co.,NULL,38
5864,,Ontario,Monmouth Twp.,Monmouth Twp.,38
5865,70,Idaho,NULL,NULL,228
5866,70,Minnesota ,Freeborn,NULL,228
5867,,Ontario,Haliburton Co.,NULL,38
5867,,Ontario,Monmoth Twp.,Monmoth Twp.,38
5868,,Quebec,NULL,NULL,38
5869,70,Utah/Idaho,Rich,NULL,228
5870,70,Utah/Idaho,Rich,NULL,228
5871,70,Utah/Idaho,Rich,NULL,228
5872,70,Utah/Idaho,Rich,NULL,228
5873,70,Utah/Idaho,Rich,NULL,228
5874,,Quebec,Pontiac Co.,NULL,38
5875,,Wyoming,Crook Co.,NULL,228
5876,,Alaska,Ketchikan,Ketchikan,228
5878,,California,NULL,NULL,228
5879,,New York,NULL,NULL,228
5880,,Maine,Turner,Turner,228
5883,113,Montana,Blaine Co.,Cleveland,228
5883,113,Montana,Blaine Co.,Lloyd,228
5883,113,Montana,Blaine Co.,NULL,228
5883,,Montana,Choteau Co. (?),NULL,228
5883,,Montana,Chouteau County,NULL,228
5883,,Montana,Hill Co.,NULL,228
5883,113,Montana,Hill Co.,NULL,228
5883,,Montana,Hill County,NULL,228
5883,113,Montana,NULL,NULL,228
5883,,Montana,NULL,NULL,228
5884,,NULL,NULL,NULL,NULL
5885,,NULL,NULL,NULL,NULL
5887,,California,Placer Co.,NULL,228
5888,,Maine,Newry,Newry,228
5890,189,Tennessee,Stewart Co.,NULL,228
5891,,Montana,Stillwater Co.,NULL,228
5892,,New Jersey,Franklin,Franklin,228
5893,227,Oregon,Jefferson,NULL,228
5894,227,Oregon,Jefferson,NULL,228
5895,227,Oregon,Jefferson,NULL,228
5897,248,California,NULL,Yuba City,228
5898,205,Washington,NULL,NULL,228
5899,112,NULL,NULL,NULL,NULL
5901,,NULL,NULL,NULL,NULL
5902,,NULL,NULL,NULL,NULL
5903,,NULL,NULL,NULL,NULL
5904,,Oregon,NULL,NULL,228
5905,189,Idaho,Custer Co.,NULL,228
5906,189,New South Wales,NULL,NULL,13
5907,205,Montana,Blaine Co.,NULL,228
5907,205,Montana,Chouteau Co.,NULL,228
5909,70,Wyoming,Park,NULL,228
5910,,Colorado,Mineral Co.,NULL,228
5911,,Idaho,NULL,NULL,228
5912,189,North Carolina,Macon Co.,NULL,228
5913,189,North Carolina,Macon Co.,NULL,228
5914,189,NULL,NULL,NULL,131
5915,189,California,San Bernardino Co.,NULL,228
5916,189,Ontario,NULL,NULL,38
5916,189,Ontario,Sudbury,Sudbury,38
5917,189,Antofagasta,NULL,NULL,43
5917,189,NULL,NULL,NULL,43
5918,,Nevada,NULL,NULL,228
5919,,Oregon,Lake Co.,NULL,228
5920,,Oregon,Lake Co.,NULL,228
5921,,Oregon,Lake Co.,NULL,228
5922,,Oregon,Lake Co.,NULL,228
5923,193,Massachusetts,Brighton,Brighton,228
5924,97,NULL,NULL,NULL,NULL
5925,,Nevada,NULL,NULL,228
5926,,New Jersey,NULL,NULL,228
5927,70,Quebec,NULL,NULL,38
5928,70,Quebec,NULL,NULL,38
5929,112,NULL,NULL,NULL,NULL
5931,220,NULL,NULL,NULL,NULL
5932,137,NULL,NULL,NULL,NULL
5933,56,British Columbia,NULL,NULL,38
5933,56,British Columbia,NULL,Port Alberni,38
5934,,NULL,NULL,NULL,74
5935,189,NULL,NULL,NULL,129
5936,,Burgundy,NULL,NULL,74
5937,,NULL,NULL,NULL,74
5938,,New South Wales Ca.,NULL,NULL,13
5939,,NULL,NULL,Beaumont,21
5940,,NULL,Beaumont,Beaumont,74
5941,,Texas,NULL,NULL,228
5942,224,NULL,NULL,NULL,NULL
5943,189,New Hampshire,Cheshire Co.,NULL,228
5943,189,New Hampshire,Gilsum,Gilsum,228
5943,189,New Hampshire,NULL,Alstead,228
5943,189,New Hampshire,NULL,NULL,228
5945,,NULL,NULL,NULL,86
5946,189,Alaska,NULL,Port Johnson,228
5947,,Nevada,Fletcher,Fletcher,228
5948,193,Auvergne,Allier Dept.,NULL,74
5949,205,NULL,NULL,NULL,74
5950,,NULL,NULL,NULL,74
5951,189,Utah,NULL,NULL,228
5952,189,Michigan,Marquette Co.,NULL,228
5954,,Alabama,Lamar,NULL,228
5955,,Alabama,Lamar,NULL,228
5956,205,Idaho,Clearwater Co.,Beaver Creek-Mallard Peak Area,228
5956,205,Idaho,Clearwater Co.,Boehls Butte Area,228
5956,205,Idaho,Clearwater Co.,Bungalow Area,228
5956,205,Idaho,Clearwater Co.,Mallard Peak Area,228
5956,205,Idaho,Clearwater Co.,NULL,228
5957,193,Montana,Hill Co.,NULL,228
5957,193,Montana,NULL,NULL,228
5960,205,Montana,Hill Co.,NULL,228
5961,,Colorado,Gunnison Co.,NULL,228
5962,,Idaho,Clearwater Co.,Bungalow Area,228
5964,,North Carolina,Spruce Pine,Spruce Pine,228
5965,248,Oregon,NULL,Troutdale,228
5967,,Utah,NULL,NULL,228
5968,,Colorado,Gunnison Co.,NULL,228
5969,,Colorado,Gunnison Co.,NULL,228
5970,,Colorado,Gunnison Co.,NULL,228
5971,,North Carolina,Mitchell Co.,NULL,228
5972,,Colorado,NULL,NULL,228
5973,,Colorado,NULL,NULL,228
5974,,Maryland,Frederick Co.,NULL,228
5975,189,Maryland,Frederick Co.,NULL,228
5976,113,NULL,NULL,NULL,NULL
5977,189,Maryland,Baltimore Co.,Cockeysville,228
5978,,Wyoming,Fremont Co.,NULL,228
5981,205,Montana,Beaverhead Co.,NULL,228
5982,,Wyoming,NULL,NULL,228
5983,,NULL,NULL,NULL,NULL
5984,220,Michigan,NULL,NULL,228
5985,,Utah,NULL,San Francisco,228
5986,,Utah,NULL,NULL,228
5987,70,Montana,Flathead,NULL,228
5988,70,Montana,Flathead,NULL,228
5989,70,Montana,Flathead,NULL,228
5990,70,Montana,Flathead,NULL,228
5991,70,Wisconsin,Oconto,NULL,228
5992,,New York,NULL,Geneseo,228
5993,,Connecticut,Haddam,Haddam,228
5995,189,Michigan,NULL,NULL,228
5996,189,South Carolina,Chesterfield Co.,NULL,228
5997,,Alberta,NULL,NULL,38
5998,205,Montana,Phillips Co.,NULL,228
5999,,Alaska,NULL,NULL,228
6000,70,NULL,NULL,NULL,228
6001,70,New Mexico,Colfax,NULL,228
6002,70,Arkansas,Benton,NULL,228
6003,,Pennsylvania,Clearfield Co.,NULL,228
6004,,Wyoming,NULL,NULL,228
6005,193,Georgia,NULL,Elberton,228
6006,,New Mexico,Sierra Co.,NULL,228
6007,,Montana,Beaverhead Co.,NULL,228
6009,,New Mexico,NULL,NULL,228
6010,,New Mexico,Catron Co.,NULL,228
6011,,New Mexico,Sierra Co.,NULL,228
6012,189,Ontario,NULL,NULL,38
6013,,Saskatchewan,NULL,NULL,38
6014,,Alabama,Lamar,NULL,228
6015,,NULL,NULL,NULL,241
6016,,Bechar,Gara-djebilet,Gara-djebilet,3
6017,,NULL,NULL,NULL,81
6018,,Wyoming,NULL,NULL,228
6019,,Wyoming,NULL,NULL,228
6020,189,Montana,Beaverhead Co.,NULL,228
6021,189,New Mexico,NULL,Mining Districts,228
6022,112,NULL,NULL,NULL,NULL
6023,193,Connecticut,Middlesex Co.,NULL,228
6023,193,Connecticut,NULL,NULL,228
6024,193,Wisconsin,NULL,Lancaster,228
6025,189,England,Cumbria,NULL,227
6026,,NULL,NULL,NULL,227
6027,193,Massachusetts,Berkshire Co.,Becket Twp,228
6028,205,Massachusetts,NULL,NULL,228
6029,,California,NULL,Nevada City,228
6030,,Missouri,NULL,NULL,228
6031,,California,California,NULL,228
6032,,Transilvania Region,NULL,NULL,179
6033,,California,NULL,Nevada City,228
6034,189,Wales,Glamorgan,NULL,227
6035,,Tennessee,Bedford Co.,NULL,228
6036,,Indiana,Lawrence,NULL,228
6037,193,Indiana,NULL,NULL,228
6038,,NULL,NULL,NULL,86
6039,193,New York,NULL,NULL,228
6040,189,England,Devon,NULL,227
6041,,Indiana,Lawrence Co.,NULL,228
6041,,Indiana,NULL,NULL,228
6042,,New York,NULL,NULL,228
6042,,New York,Westchester Co.,NULL,228
6043,,Ontario,Frontenac Co.,NULL,38
6043,,Ontario,Missisquoi Co.,NULL,38
6044,,Quebec,Frontenac Co.,NULL,38
6044,,Quebec,Missisquoi Co.,NULL,38
6045,,Texas,NULL,NULL,228
6046,,NULL,Bedilhao,Bedilhao,175
6048,,Hamersley,NULL,NULL,13
6049,70,Minnesota ,Polk,NULL,228
6051,,New York,Tompkins,NULL,228
6052,189,California,San Diego Co.,NULL,228
6053,70,Vermont,Rutland,NULL,228
6054,193,Oregon,Grant Co.,NULL,228
6055,,Oregon,NULL,NULL,228
6055,,Oregon,Oregon,NULL,228
6056,,North Carolina,Madison Co.,NULL,228
6057,189,Colorado,Custer Co.,NULL,228
6058,189,South Dakota,Custer Co.,NULL,228
6059,189,South Dakota,NULL,Custer,228
6060,205,Indiana,NULL,NULL,228
6061,,Virginia,Charles City,NULL,228
6062,189,California,NULL,NULL,228
6063,189,New York,Dutchess Co.,Union Vale,228
6065,189,Missouri,Granby,Granby,228
6065,189,Missouri,Newton Co.,NULL,228
6065,189,Missouri,NULL,Granby,228
6066,189,Missouri,Newton Co.,NULL,228
6067,189,England,Devon,NULL,227
6068,189,Montana,Silver Bow Co.,NULL,228
6070,,South Carolina,Charleston,NULL,228
6071,221,NY,NULL,NULL,228
6072,,NULL,NULL,NULL,NULL
6073,228,Washington,Douglas,NULL,228
6073,24,Washington,Douglas,NULL,228
6073,107,Washington,Grant,NULL,228
6073,228,Washington,Grant,NULL,228
6073,24,Washington,Grant,NULL,228
6073,134,Washington,Grant,NULL,228
6073,221,Washington,Grant,NULL,228
6073,134,NULL,NULL,NULL,NULL
6073,,NULL,NULL,NULL,NULL
6074,,NULL,Ambalabako,Ambalabako,129
6075,,NULL,NULL,NULL,129
6076,,Antsiranana,Vohemar,Vohemar,129
6077,,NULL,Madagascar,NULL,129
6077,,NULL,NULL,NULL,129
6078,,NULL,Madagascar,NULL,129
6079,185,New South Wales,NULL,NULL,13
6080,,NULL,NULL,"Begues, Barcelona",202
6081,189,Nevada,Lincoln Co.,Pahranegat District,228
6082,,NULL,NULL,NULL,129
6084,,Nordland,NULL,NULL,163
6086,,Colorado,La Garita,La Garita,228
6086,,Colorado,Saguache Co.,NULL,228
6087,189,Saxony,NULL,NULL,81
6088,193,Wisconsin,Marathon Co.,NULL,228
6088,,Wisconsin,Marathon Co.,NULL,228
6089,,NULL,NULL,NULL,221
6090,205,Scotland,NULL,NULL,227
6091,,NULL,NULL,NULL,81
6092,,NULL,NULL,NULL,175
6093,,Beira Prov,NULL,Ega,175
6093,,Beira Prov,NULL,NULL,175
6093,,Beira Prov,NULL,Penella,175
6093,,NULL,Beira,Beira,175
6093,,NULL,NULL,NULL,175
6094,,NULL,NULL,NULL,148
6095,113,NULL,NULL,NULL,NULL
6096,112,NULL,NULL,NULL,NULL
6097,189,NULL,NULL,Jerusalem (6 Miles Northwest Of),105
6098,189,NULL,NULL,Jerusalem,105
6099,,Inner Mongolia,Paoto,Paoto,44
6100,,NULL,Beja,Beja,175
6101,,NULL,NULL,NULL,175
6102,,NULL,Bejendjing,Bejendjing,44
6103,,Cornwall,Sancreed,Sancreed,227
6104,,NULL,NULL,Bejuca,168
6105,,Bekes,NULL,Szarvas,98
6106,,NULL,Madagascar,NULL,129
6107,220,NULL,NULL,NULL,163
6108,,NULL,NULL,NULL,110
6109,,NULL,NULL,NULL,110
6110,189,NULL,NULL,NULL,155
6111,,NULL,Belabanya,Belabanya,98
6112,,NULL,Belafa,Belafa,129
6113,,NULL,NULL,NULL,186
6115,,NULL,NULL,NULL,74
6116,,NULL,NULL,Belchen,74
6117,189,Colorado,Custer Co.,Leadville,228
6117,189,Colorado,Gilpin Co.,NULL,228
6118,189,Montana,Lewis And Clark Co.,Loeber Dist.,228
6119,189,Nevada,Clark Co.,NULL,228
6119,189,Nevada,NULL,NULL,228
6119,189,Nevada,Storey Co.,NULL,228
6120,189,New Mexico,NULL,NULL,228
6121,205,Massachusetts,NULL,NULL,228
6123,220,NULL,NULL,NULL,NULL
6124,189,Nevada,Lincoln Co.,NULL,228
6125,,Michigan,NULL,Belding,228
6126,189,NULL,NULL,NULL,100
6127,205,Khakassia,NULL,NULL,180
6128,,Para,NULL,NULL,30
6129,189,Sonora,NULL,Hermosillo,140
6130,205,Khakassia,NULL,NULL,180
6131,,Northern Ireland,Antrim,NULL,227
6132,,Northern Ireland,Antrim,NULL,227
6133,,Northern Ireland,Belfast,NULL,227
6134,,Northern Ireland,Antrim,NULL,227
6135,,Northern Ireland,Antrim,NULL,227
6136,,Shaba,NULL,NULL,49
6137,189,Colorado,Lake Co.,Leadville,228
6137,189,Colorado,Lake Co.,NULL,228
6138,,NULL,NULL,NULL,21
6140,,Idaho,Lemhi Co.,NULL,228
6141,70,Arkansas,Monroe,NULL,228
6142,112,NULL,NULL,NULL,NULL
6143,185,Oregon,NULL,NULL,228
6144,,NULL,NULL,NULL,180
6145,189,Kentucky,Crittenden County,Sturgis,228
6146,,Indiana,Posey,NULL,228
6147,,NULL,NULL,NULL,NULL
6148,,California,San Diego Co.,NULL,228
6149,248,NULL,NULL,NULL,NULL
6150,,Arizona,NULL,NULL,228
6151,209,British Columbia,NULL,NULL,38
6152,189,South Dakota,Lawrence Co.,Spruce Gulch,228
6153,193,Maine,NULL,NULL,228
6154,189,Tennessee,NULL,NULL,228
6155,189,NULL,NULL,NULL,NULL
6156,189,California,Lake Co.,NULL,228
6157,189,Colorado,Montrose Co.,NULL,228
6158,189,Maine,Minot,Minot,228
6158,189,Maine,Oxford Co.,NULL,228
6159,189,Montana,Beaverhead Co.,NULL,228
6159,189,Montana,NULL,NULL,228
6159,189,Montana,Silver Bow Co.,Butte,228
6160,189,Quebec,NULL,Thetford,38
6161,189,Virginia,NULL,NULL,228
6163,,Maine,Newry,Newry,228
6163,189,Maine,Oxford Co.,NULL,228
6164,193,Maine,Oxford Co.,NULL,228
6165,189,Idaho - Montana,NULL,NULL,228
6166,189,California,Napa Co.,Rutherford,228
6167,220,Newfoundland,NULL,NULL,38
6168,189,Washington,NULL,NULL,228
6169,189,California,Napa Co.,NULL,228
6169,189,California,Napa Co.,Rutherford,228
6170,,California,San Mateo Co.,NULL,228
6171,189,Arkansas,Sevier Co.,NULL,228
6172,,NULL,NULL,NULL,19
6173,,Matanzas,Bellamar,Bellamar,55
6174,,NULL,NULL,Bellambi,13
6175,189,NULL,NULL,Santa Clara,55
6176,248,New Hampshire,NULL,Dover,228
6178,189,South Australia,NULL,NULL,13
6179,189,NULL,NULL,NULL,74
6180,,NULL,Girona,NULL,202
6181,,NULL,NULL,NULL,100
6182,,NULL,NULL,NULL,100
6183,,NULL,Portugal,NULL,175
6184,,NULL,NULL,Mexico City,140
6185,189,NULL,NULL,Oficina Victoria,43
6187,,Mississippi,Jackson,Gautier South,228
6189,,Rhône-Alpes,Ain Dept.,NULL,74
6190,,Nevada,NULL,NULL,228
6191,220,Newfoundland,NULL,Recontre East,38
6192,,Nova Scotia,NULL,NULL,38
6193,,Texas,NULL,NULL,228
6194,189,Arizona,Yavapai Co.,NULL,228
6195,189,Nevada,Esmeralda Co.,NULL,228
6196,189,Montana,Jefferson Co.,NULL,228
6197,189,Montana,Jefferson Co.,NULL,228
6198,189,Colorado,NULL,Lake District,228
6199,189,Idaho,Owyhee Co.,NULL,228
6200,221,Kentucky,Warren,NULL,228
6201,189,Sonora,NULL,NULL,140
6202,189,Colorado,Lake Co.,Leadville,228
6203,189,Colorado,Lake Co.,Leadville,228
6204,220,NULL,NULL,NULL,86
6205,,NULL,NULL,NULL,74
6206,,NULL,NULL,Bellecombe,106
6207,,Val D'Aosta,NULL,NULL,106
6208,,Valle D'Aosta,NULL,NULL,106
6209,,NULL,NULL,NULL,136
6210,,NULL,NULL,NULL,186
6211,193,NULL,Ettringen,Ettringen,81
6211,193,NULL,NULL,NULL,81
6211,193,NULL,NULL,NULL,NULL
6213,193,Rhineland-Palatinate,NULL,NULL,81
6214,185,Rhineland-Palatinate,Eifel,NULL,81
6215,,NULL,NULL,NULL,NULL
6216,,Rhineland-Palatinate,NULL,NULL,81
6217,220,NULL,NULL,NULL,86
6218,189,Illinois,St. Clair Co.,Belleville,228
6219,,Ohio,NULL,NULL,228
6220,,Ohio,Erie Co.,NULL,228
6221,,NULL,NULL,NULL,86
6221,189,Scotland,Highland,NULL,227
6221,189,Scotland,NULL,NULL,227
6222,,NULL,NULL,NULL,NULL
6223,205,Massachusetts,NULL,Harris Pond,228
6224,189,Minnesota,NULL,NULL,228
6226,,NULL,NULL,NULL,NULL
6227,,Alabama,Mobile,NULL,228
6228,,NULL,NULL,Bellinzona,209
6229,,NULL,NULL,NULL,NULL
6230,,NULL,Bellisi Solfare,Bellisi Solfare,106
6231,,Marche,NULL,NULL,106
6232,,NULL,NULL,NULL,106
6233,,Tarragona,Tarragona,NULL,202
6234,189,Virginia,NULL,NULL,228
6235,,New Hampshire,NULL,NULL,228
6236,189,NULL,NULL,NULL,200
6237,189,NULL,NULL,NULL,200
6238,,Tasmania,Tasmania,NULL,13
6239,,Alabama,Monroe,Hybart,228
6239,,Alabama,Monroe,NULL,228
6240,205,Cape Province,NULL,NULL,200
6240,205,NULL,NULL,NULL,200
6241,,Cape,NULL,NULL,200
6241,189,Cape Province,NULL,Barkly West,200
6241,189,Cape Province,NULL,"Griqualand West, Barkly West, (Near)",200
6241,,Cape Province,NULL,Kimberley,200
6241,189,Cape Province,NULL,NULL,200
6241,,NULL,NULL,Bellsbank,200
6241,189,NULL,NULL,Kimberley Area,200
6242,,Highland,Strontian,Strontian,227
6243,,Catalonia,NULL,NULL,202
6244,,NULL,NULL,NULL,202
6245,,North Carolina,Cleveland Co.,NULL,228
6246,,Ohio,Seneca Co.,NULL,228
6247,,Valais,NULL,NULL,209
6248,189,Ontario,Henvey Twp.,Henvey Twp.,38
6249,,Andalusia,NULL,NULL,202
6250,,NULL,NULL,NULL,86
6251,,Ohio,Belmont Co.,NULL,228
6252,189,Nevada,White Pine Co.,NULL,228
6253,189,California,Inyo Co.,NULL,228
6254,189,Montana,Butte,Butte,228
6254,189,Montana,Lewis And Clark Co.,Marysville,228
6254,189,Montana,NULL,NULL,228
6254,189,Montana,Silver Bow Co.,NULL,228
6255,189,Nevada,NULL,NULL,228
6255,189,Nevada,Nye Co.,NULL,228
6256,189,Oregon,Baker Co.,NULL,228
6257,,Virginia,Loudoun Co.,Belmont Park,228
6258,189,Idaho,Blaine Co.,NULL,228
6259,193,Virginia,Loudoun Co.,NULL,228
6259,193,Virginia,Loudoun County,Leesburg,228
6259,193,Virginia,Staunton,Staunton,228
6260,,NULL,NULL,NULL,186
6261,189,Nevada,Nye Co.,Tonopah,228
6262,193,Virginia,Fairfax Co.,NULL,228
6262,193,Virginia,Loudoun Co.,NULL,228
6262,193,Virginia,NULL,NULL,228
6263,220,NULL,NULL,NULL,86
6264,,Nevada,NULL,NULL,228
6265,,NULL,Portugal,NULL,175
6266,,Minas Gerais,NULL,NULL,30
6267,,NULL,Madagascar,NULL,129
6268,,NULL,NULL,NULL,93
6269,,Alsace,NULL,Gebweiler,74
6270,,NULL,NULL,NULL,192
6271,205,Idaho,NULL,NULL,228
6272,,Alabama,Monroe,NULL,228
6273,,Cornwall,Roche,Roche,227
6274,189,England,Cornwall And Isles Of Scilly,NULL,227
6275,,Cornwall,Cornwall,NULL,227
6275,,England,Cornwall And Isles Of Scilly,NULL,227
6276,205,Tennessee,NULL,NULL,228
6277,189,Utah,NULL,Salt Lake City,228
6278,,Devon,Devon,NULL,227
6279,189,England,Devon,NULL,227
6280,189,Montana,Cascade Co.,NULL,228
6281,205,Idaho,Benewah Co.,Elk River-Clarkia Area,228
6281,205,Idaho,Benewah Co.,NULL,228
6281,205,Idaho,Clearwater Co.,Bungalow Area,228
6281,205,Idaho,Clearwater Co.,Dent Area,228
6281,205,Idaho,Clearwater Co.,Elk River Area,228
6281,205,Idaho,Clearwater Co.,Elk River-Clarkia Area,228
6281,205,Idaho,Clearwater Co.,Mallard Peak Area,228
6281,205,Idaho,Clearwater Co.,NULL,228
6281,205,Idaho,Clearwater Co.,Pierce Area,228
6281,205,Idaho,Latah Co.,NULL,228
6281,205,Idaho,NULL,NULL,228
6281,205,Idaho,Shoshone Co.,Elk River - Clarkia Area,228
6281,205,Idaho,Shoshone Co.,Elk River-Clarkia Area,228
6281,205,Idaho,Shoshone Co.,Fernwood Area,228
6281,205,Idaho,Shoshone Co.,Mallard Peak Area,228
6281,205,Idaho,Shoshone Co.,NULL,228
6281,205,Idaho,Shoshone Co.,Snow Peak Area,228
6281,205,Idaho,Shoshone Co.,St Joe River Area,228
6281,205,Idaho,Shoshone Co.,St Joe-St Maries Area,228
6282,189,South Australia,NULL,Puttapa,13
6283,193,Virginia,NULL,NULL,228
6283,193,Virginia,Wise Co.,NULL,228
6284,189,Scotland,NULL,NULL,227
6285,,North Carolina,Iredell Co.,NULL,228
6286,,Maryland,NULL,NULL,228
6286,,Maryland,Prince George's Co.,NULL,228
6287,189,Pennsylvania,Cumberland Co.,NULL,228
6288,97,NULL,NULL,NULL,NULL
6289,97,NULL,NULL,NULL,NULL
6290,,Buryatia Republic,NULL,NULL,180
6291,,Virginia,King George,Passapatanzy,228
6292,,Virginia,King George,Passapatanzy,228
6293,,Virginia,King George,NULL,228
6293,,Virginia,King George,Passapatanzy,228
6294,,Vermont,Lowell,Lowell,228
6295,,NULL,NULL,Belver,202
6296,189,New Jersey,Mercer Co.,Trenton,228
6297,189,Vermont,Orleans Co,NULL,228
6297,189,Vermont,Orleans Co.,NULL,228
6298,,Vermont,Lowell,Lowell,228
6299,,Oblast Kyustendil,NULL,NULL,33
6300,189,Idaho,Boise Co.,NULL,228
6301,,NULL,Madagascar,NULL,129
6302,189,Wales,NULL,NULL,227
6303,189,NULL,Bembe,Bembe,6
6304,189,Uige,Bembe,Bembe,6
6305,,NULL,NULL,NULL,49
6306,,NULL,NULL,NULL,NULL
6307,,NULL,NULL,NULL,81
6308,189,New Jersey,NULL,NULL,228
6309,,New Jersey,NULL,NULL,228
6310,221,KS,Ellis,NULL,228
6311,,NULL,NULL,NULL,163
6312,,NULL,NULL,NULL,NULL
6313,189,Colorado,Eagle Co.,NULL,228
6314,189,Colorado,Custer Co.,NULL,228
6315,189,Arkansas,Marion Co.,NULL,228
6316,189,Colorado,Teller Co.,NULL,228
6317,193,Arkansas,Blackrock,Blackrock,228
6318,,Queensland,NULL,NULL,13
6319,,Scotland,NULL,NULL,227
6320,189,Maryland,NULL,NULL,228
6321,,NULL,NULL,NULL,147
6322,189,Idaho,Idaho Co.,NULL,228
6323,,Sardinia,NULL,NULL,106
6324,70,Wisconsin,Burnett,NULL,228
6325,,NULL,NULL,NULL,13
6326,,Almeria,Almeria,NULL,202
6326,,Andalusia,Almeria,Almeria,202
6327,,NULL,NULL,NULL,220
6328,189,Gwynedd,Rhiw,Rhiw,227
6328,189,Wales,Gwynedd,Rhiw,227
6328,189,Wales,NULL,NULL,227
6329,,Toliara,Betroka,Betroka,129
6330,189,Montana,Stillwater Co.,NULL,228
6331,189,Montana,Stillwater Co.,NULL,228
6333,,Wyoming,NULL,NULL,228
6334,124,NULL,NULL,NULL,NULL
6335,,NULL,NULL,NULL,175
6336,189,Oklahoma,Picher,Picher,228
6337,189,Kansas,NULL,"Picher, Oklahoma (Near)",228
6338,189,Kansas,Cherokee Co.,NULL,228
6338,189,Kansas,NULL,"Picher, Oklahoma",228
6338,189,Kansas,Treece,Treece,228
6339,189,Oklahoma,Ottawa Co.,NULL,228
6340,113,Alaska,NULL,NULL,228
6341,,Victoria,Bendigo,Bendigo,13
6342,,Victoria,NULL,NULL,13
6343,134,Van,Muradiye,NULL,220
6344,134,Van,Muradiye,NULL,220
6345,134,Van,Muradiye,NULL,220
6346,,NULL,NULL,Bendorf,81
6346,,NULL,NULL,NULL,81
6347,,North Rhine-Westphalia,NULL,NULL,81
6348,,Idaho,Idaho,NULL,228
6350,,Toliara,Betroka,Betroka,129
6351,112,NULL,NULL,NULL,NULL
6352,,NULL,United Kingdom,NULL,227
6354,,Idaho,Benewah Co.,NULL,228
6356,205,Orange Free State,NULL,NULL,200
6357,189,Cape Province,NULL,Kimberley,200
6358,205,Cape Province,NULL,Kimberley,200
6359,,Cape Province,NULL,Kimberley,200
6360,,NULL,NULL,Benfontein,200
6361,,Otjozondjupa,NULL,NULL,150
6362,,NULL,NULL,NULL,NULL
6363,189,Michigan,Iron Co.,NULL,228
6363,189,Michigan,Iron River,Iron River,228
6363,189,Michigan,NULL,NULL,228
6363,189,Michigan,Stambaugh,Stambaugh,228
6363,189,Michigan,Stanbaugh,Stanbaugh,228
6364,,NULL,NULL,NULL,100
6365,189,NULL,NULL,NULL,172
6366,189,NULL,NULL,"Bontoc, Suyoc",172
6367,,Arizona,Coconino Co.,NULL,228
6368,,NULL,NULL,Akounak Stream,147
6368,,NULL,NULL,Central Oeud Lao,147
6368,,NULL,NULL,NULL,147
6368,,NULL,NULL,Oeud Mejahedid,147
6368,,NULL,NULL,Oeud M'Ter,147
6369,,NULL,NULL,NULL,NULL
6370,,NULL,NULL,NULL,64
6371,,Fes,NULL,NULL,147
6372,,NULL,NULL,NULL,64
6373,,NULL,Benibe,Benibe,6
6374,227,California,Solano,NULL,228
6375,227,California,Solano,NULL,228
6376,227,California,Solano,NULL,228
6377,227,California,Solano,NULL,228
6378,,NULL,NULL,NULL,3
6379,195,NULL,NULL,NULL,74
6379,,NULL,NULL,NULL,NULL
6380,189,California,San Benito Co.,NULL,228
6380,189,California,San Benito Co. (?),NULL,228
6381,189,Georgia,Sumter Co.,Andersonville,228
6382,189,Maine,Buckfield,Buckfield,228
6382,189,Maine,NULL,Buckfield,228
6383,189,New Mexico,Grant Co.,Hanover,228
6384,112,NULL,NULL,NULL,NULL
6385,220,Ontario,NULL,NULL,38
6386,189,Missouri,Franklin Co.,NULL,228
6387,,NULL,NULL,NULL,NULL
6388,193,Connecticut,Windham Co.,Sterling Station,228
6389,,Indiana,Dearborn,NULL,228
6390,189,Wyoming,NULL,NULL,228
6391,193,Maryland,Frederick Co.,Thurston,228
6392,,Maryland,Frederick Co.,Thurston,228
6393,,NULL,NULL,NULL,180
6394,189,maine,maine,NULL,228
6395,189,Arizona,Yuma Co.,NULL,228
6396,189,Maine,Buckfield,Buckfield,228
6396,189,maine,maine,NULL,228
6396,189,Maine,NULL,Buckfield,228
6396,189,Maine,NULL,NULL,228
6396,189,Maine,Oxford Co.,NULL,228
6397,189,New Mexico,Dona Ana Co.,NULL,228
6397,189,New Mexico,NULL,Mining Districts,228
6398,,NULL,NULL,NULL,NULL
6399,,NULL,NULL,NULL,NULL
6400,193,Hawaii,NULL,Buckfield,228
6401,193,Maine,Buckfield,Buckfield,228
6401,193,maine,maine,NULL,228
6401,193,Maine,NULL,Buckfeild,228
6401,193,Maine,NULL,NULL,228
6401,193,Maine,Oxford Co.,Buckfield,228
6402,,NULL,NULL,NULL,NULL
6403,189,New Mexico,Dona Ana Co.,Las Cruces,228
6403,189,New Mexico,NULL,Las Cruces,228
6404,,Nova Scotia,NULL,NULL,38
6405,189,New Mexico,Dona Ana Co.,Las Cruces,228
6406,189,Colorado,Teller Co.,NULL,228
6407,,New York,NULL,NULL,228
6408,189,Georgia,NULL,NULL,228
6409,,Vermont,Bennington Co.,NULL,228
6410,,NULL,Sweden,NULL,208
6411,112,NULL,NULL,NULL,NULL
6412,,Toliara,Betroka,Betroka,129
6413,,NULL,NULL,"Bensberg, (Rhenish Prussia)",81
6414,,NULL,NULL,NULL,81
6415,,NULL,NULL,NULL,81
6416,,North Rhine-Westphalia,NULL,NULL,81
6417,189,Illinois,Hardin Co.,NULL,228
6418,189,New York,NULL,Newton Falls,228
6418,189,New York,NULL,NULL,228
6418,189,New York,NULL,Star Lake,228
6418,189,New York,NULL,Twin Lakes,228
6418,189,New York,St. Lawrence Co.,NULL,228
6418,189,New York,Star Lake,Star Lake,228
6419,,New York,NULL,NULL,228
6420,189,New York,St Lawrence Co.,NULL,228
6421,189,NULL,NULL,NULL,241
6422,,Arizona,Cochise Co.,NULL,228
6423,,NULL,NULL,NULL,129
6424,193,NULL,NULL,NULL,81
6427,,Missouri,Benton Co.,NULL,228
6428,,Washington,Benton Co.,NULL,228
6429,189,Washington,King Co.,NULL,228
6432,189,Wisconsin,Lafayette Co.,Benton,228
6433,205,Colorado,NULL,NULL,228
6434,189,Arizona,NULL,NULL,228
6435,189,California,Mariposa Co.,NULL,228
6436,189,Montana,NULL,NULL,228
6437,,Colorado,Lake Co.,Leadville,228
6438,205,California,Butte Co.,Chico Creek,228
6438,205,Colorado,NULL,NULL,228
6439,,California,Mono Co.,NULL,228
6440,,Illinois,NULL,NULL,228
6441,,Wisconsin,Lafayette Co.,NULL,228
6442,209,Wyoming,NULL,Newcasle,228
6444,,Iowa,NULL,NULL,228
6445,189,NULL,NULL,NULL,200
6446,,Michigan,"BENZIE, MI",NULL,228
6448,220,NULL,NULL,NULL,72
6449,189,South Carolina,Lancaster Co.,NULL,228
6450,,NULL,NULL,Beraitegui,202
6451,,Basque Country,NULL,NULL,202
6452,,NULL,NULL,NULL,129
6453,189,NULL,NULL,NULL,175
6454,189,Nevada,Washoe Co.,NULL,228
6455,,NULL,NULL,NULL,129
6456,189,NULL,NULL,NULL,202
6457,189,Asturias,NULL,NULL,202
6458,,Asturias,NULL,NULL,202
6459,,Oviedo,Ribadesella,Ribadesella,202
6460,,NULL,Salzburg,Salzburg,81
6461,,Bavaria,NULL,NULL,81
6462,205,NULL,NULL,NULL,NULL
6463,,England,Derbyshire,NULL,227
6464,,England,Devon,NULL,227
6465,,Ohio,Cuyahoga Co.,NULL,228
6466,,Ohio,NULL,NULL,228
6467,,NULL,NULL,NULL,NULL
6468,,NULL,NULL,NULL,225
6469,,NULL,NULL,NULL,225
6470,,NULL,NULL,NULL,225
6471,189,Chihuahua,NULL,Los Lamentos,140
6472,189,Chihuahua,NULL,Los Lamentos,140
6474,189,Cochabamba,NULL,NULL,26
6475,,NULL,NULL,NULL,129
6476,,Quebec,NULL,NULL,38
6479,189,NULL,NULL,Ekaterinburg,180
6479,189,NULL,NULL,NULL,180
6479,189,Siberia Region,NULL,NULL,180
6479,189,Sverdlovsk Oblast,NULL,NULL,180
6479,189,NULL,NULL,NULL,NULL
6480,189,NULL,NULL,NULL,NULL
6481,,NULL,NULL,NULL,98
6482,,NULL,NULL,NULL,NULL
6484,,Urals Region,Sverdlovsk Oblast,Berezovskii,180
6486,,Sverdlovskaya oblast,Ekaterinburg,Ekaterinburg,180
6487,,NULL,NULL,NULL,180
6488,,NULL,Grootfontein,Grootfontein,150
6488,189,NULL,Grootfontein,Grootfontein,150
6488,189,NULL,NULL,Grootfontein,150
6488,,NULL,NULL,Grootfontein,150
6488,189,NULL,NULL,Grootfontein (near),150
6488,189,NULL,NULL,NULL,150
6489,,NULL,Greenland,NULL,85
6490,189,NULL,NULL,Clausthal,81
6492,,NULL,NULL,NULL,200
6493,,Thuringia,NULL,NULL,81
6494,,NULL,NULL,Horberig,81
6495,,Lombardy,NULL,NULL,106
6496,,Lombardy,NULL,NULL,106
6497,,Lombardy,NULL,NULL,106
6498,,Bavaria,NULL,NULL,81
6499,,NULL,NULL,NULL,81
6500,,Saxony,NULL,NULL,81
6501,,Saxony,NULL,NULL,81
6502,,New Jersey,NULL,NULL,228
6503,,New Jersey,NULL,NULL,228
6504,,New Jersey,NULL,NULL,228
6505,,New Jersey,Hudson Co.,NULL,228
6506,,New Jersey,Bergen Co. (?),NULL,228
6507,,New Jersey,Hudson Co.,NULL,228
6508,,New Jersey,Jersey City,Jersey City,228
6508,,New Jersey,NULL,NULL,228
6509,,New Jersey,NULL,NULL,228
6510,,Colorado,Jefferson Co.,NULL,228
6511,,New Jersey,NULL,NULL,228
6512,,New Jersey,Bergen Co. (?),NULL,228
6513,,NULL,NULL,NULL,163
6514,,NULL,NULL,Bergen,81
6514,,Saxony,NULL,NULL,81
6514,,Saxony,Vogtland,Vogtland,81
6515,,NULL,NULL,St. Amarinertal,74
6516,,California,Mendocino Co.,NULL,228
6517,193,New Jersey,Passaic Co.,NULL,228
6518,189,NULL,NULL,NULL,81
6519,189,NULL,Schmiedeberg,Schmiedeberg,81
6520,,NULL,NULL,Berggieschubel,81
6520,,Saxony,NULL,Berggiefshabel,81
6520,,Saxony,NULL,Berggiefshubel,81
6520,,Saxony,NULL,Berggiesshubel,81
6520,,Saxony,Saxony,NULL,81
6520,,NULL,NULL,NULL,NULL
6521,,North Rhine-Westphalia,NULL,NULL,81
6522,209,NULL,NULL,Tsumeb,150
6523,,Lower Saxony,NULL,NULL,81
6523,,NULL,NULL,NULL,81
6524,189,NULL,NULL,NULL,81
6524,189,NULL,NULL,NULL,174
6525,189,Hesse,Ems,Ems,81
6526,189,Wroclaw,NULL,NULL,174
6527,189,Rhineland-Palatinate,NULL,NULL,81
6528,189,Lower Saxony,NULL,NULL,81
6528,189,NULL,NULL,Clausthal,81
6529,189,NULL,NULL,NULL,208
6530,,NULL,NULL,NULL,208
6532,,NULL,NULL,NULL,74
6533,195,NULL,NULL,NULL,74
6533,70,NULL,NULL,NULL,74
6533,70,NULL,NULL,NULL,NULL
6534,,Varmland,NULL,NULL,208
6536,205,Montana,Fergus Co.,NULL,228
6537,,Valais,Zermatt,Zermatt,209
6538,,NULL,NULL,NULL,106
6539,189,Wroclaw,NULL,NULL,57
6540,252,NULL,NULL,NULL,NULL
6541,252,Alaska,NULL,NULL,228
6542,,NULL,NULL,NULL,NULL
6543,,Kamchatskaya Oblast,Kamchatskaya Oblast,NULL,180
6544,93,NULL,NULL,NULL,NULL
6545,,NULL,NULL,NULL,227
6546,,California,Berkeley,Berkeley,228
6546,113,NULL,NULL,NULL,NULL
6547,,California,NULL,NULL,228
6548,,Montana,NULL,Butte,228
6549,189,Montana,NULL,Butte,228
6549,189,Montana,Silver Bow Co.,NULL,228
6550,193,South Carolina,Berkeley,NULL,228
6551,,West Virginia,Morgan Co.,NULL,228
6552,,New Jersey,Ocean,Toms River,228
6553,,California,NULL,NULL,228
6554,,California,Alameda Co.,NULL,228
6554,,California,NULL,NULL,228
6555,,NULL,NULL,NULL,13
6556,220,NULL,NULL,NULL,NULL
6557,189,Connecticut,Litchfield Co.,NULL,228
6558,205,Massachusetts,NULL,Stockbridge,228
6559,,NULL,NULL,Berkum,81
6560,,NULL,NULL,NULL,220
6561,189,Montana,Lewis And Clark Co.,NULL,228
6562,,Berlin,NULL,NULL,81
6563,,Hesse,Odenwald,Lutzelbach,81
6564,,NULL,Berman,Berman,81
6565,189,Saxony,NULL,NULL,81
6566,,Bavaria,NULL,NULL,81
6567,,NULL,NULL,NULL,140
6568,,NULL,NULL,NULL,24
6569,220,Bermuda,NULL,Hamilton,24
6569,220,Bermuda,NULL,Jacksonville,24
6569,220,Bermuda,NULL,Jackville,24
6569,220,Bermuda,NULL,NULL,24
6569,220,Bermuda,NULL,Paynters Vale,24
6569,220,Bermuda,NULL,"South Shore, Sand Hills",24
6569,220,Bermuda,NULL,Tuckertown,24
6569,220,Bermuda,NULL,Tuckertown Beach,24
6569,220,Bermuda,NULL,Walsingham,24
6569,220,NULL,NULL,Paynters Vale,227
6569,220,NULL,NULL,St Georges,227
6570,150,NULL,NULL,NULL,NULL
6571,,NULL,NULL,NULL,209
6572,,Bern,NULL,NULL,209
6572,,NULL,Bern,Bern,209
6573,189,Kentucky,Livingston Co.,NULL,228
6574,,Mandalay,NULL,Bernard-myo,149
6575,,Massachusetts,Franklin Co.,NULL,228
6576,,New Jersey,Somerset Co.,NULL,228
6578,,NULL,Bernau,Bernau,21
6580,,NULL,Bernburg,Bernburg,81
6591,,NULL,Berncastel,Berncastel,81
6593,,NULL,Vise,Vise,21
6594,,NULL,NULL,NULL,21
6595,,Wallonia,Liege Prov.,NULL,21
6596,,Bavaria,NULL,NULL,81
6597,,NULL,NULL,Berneck,81
6598,,Bavaria,NULL,Berneck,81
6599,,NULL,NULL,NULL,209
6600,,NULL,NULL,NULL,209
6601,,NULL,NULL,NULL,209
6602,,NULL,NULL,NULL,209
6603,,NULL,NULL,NULL,209
6604,,NULL,NULL,NULL,209
6605,,NULL,NULL,NULL,209
6606,,NULL,NULL,NULL,209
6607,189,Alaska,NULL,Berners Bay,228
6608,,Alaska,NULL,NULL,228
6609,,Bern,NULL,NULL,209
6610,,Bern,NULL,NULL,209
6611,,Uri,NULL,NULL,209
6612,,NULL,Bernese,Bernese,209
6613,,Kentucky,Bullitt Co.,NULL,228
6618,189,Pennsylvania,Sullivan County,Bernice,228
6619,189,Georgia,NULL,NULL,228
6620,,NULL,NULL,Bernissart,21
6621,,Rhineland-Palatinate,NULL,NULL,81
6622,,NULL,NULL,NULL,81
6623,,Rhineland,NULL,NULL,81
6624,,Rhineland-Palatinate,NULL,NULL,81
6625,,Rhineland-Pfalz,Mosel,Mosel,81
6626,,Rhineland-Palatinate,NULL,NULL,81
6627,,NULL,NULL,NULL,NULL
6628,193,England,NULL,New Castle,227
6629,209,Durango,NULL,"Berrendos District, Cuencame",140
6630,205,New South Wales,NULL,NULL,13
6630,205,New South Wales,NULL,Numbla Vale,13
6631,,NULL,NULL,NULL,202
6632,,California,Butte Co.,NULL,228
6633,,Virginia,Augusta Co.,NULL,228
6634,,Alabama,Fayette,NULL,228
6635,,Alabama,Fayette,NULL,228
6636,70,Wisconsin,Oconto,NULL,228
6637,70,Wisconsin,Oconto,NULL,228
6638,,Maine,Cornish,Cornish,228
6639,,Indiana,Jennings,NULL,228
6640,,Indiana,Jennings,NULL,228
6641,193,Indiana,North Vernon,North Vernon,228
6642,,Indiana,Jennings,NULL,228
6643,189,Virginia,Amelia Co.,NULL,228
6644,70,Massachusetts,Berkshire,NULL,228
6645,,California,San Jose,San Jose,228
6646,189,Maine,Androscoggin Co.,NULL,228
6646,193,maine,maine,NULL,228
6646,189,Maine,NULL,NULL,228
6646,193,Maine,Poland,Poland,228
6647,189,Maine,Androscoggin Co.,NULL,228
6648,,NULL,NULL,NULL,81
6649,,NULL,NULL,"Berschweiler, Freisen",81
6650,,NULL,NULL,NULL,NULL
6651,,NULL,NULL,NULL,82
6652,189,Chihuahua,La Ceja,La Ceja,140
6652,189,Chihuahua,NULL,NULL,140
6653,189,Alabama,Calhoun Co.,NULL,228
6654,189,Montana,NULL,NULL,228
6655,189,Virginia,Pulaski Co.,Allisonia,228
6656,,South Carolina,Dorchester,NULL,228
6657,189,Virginia,Pulaski Co.,NULL,228
6658,193,Brittany,NULL,La Ferre,74
6659,,NULL,NULL,Berthier-En-Bas,38
6660,112,NULL,NULL,NULL,NULL
6661,,California,Imperial Co.,NULL,228
6662,,California,Imperial Co.,NULL,228
6663,,Nevada,NULL,Eureka,228
6664,,NULL,Madagascar,NULL,129
6665,,Piedmont,NULL,NULL,106
6666,,Piedmont,NULL,NULL,106
6667,,NULL,NULL,Teigarhorn,99
6668,,NULL,NULL,NULL,99
6669,,NULL,NULL,NULL,99
6670,,NULL,NULL,NULL,99
6671,,Gujarat,NULL,NULL,100
6672,97,NULL,NULL,NULL,NULL
6673,189,NULL,NULL,NULL,241
6674,189,New Hampshire,NULL,NULL,228
6675,193,New Hampshire,Acworth,Acworth,228
6676,,New Hampshire,NULL,NULL,228
6676,,New Hampshire,Sullivan Co.,Ackworth,228
6676,,New Hampshire,Sullivan Co.,NULL,228
6676,,New Hampshire,Sullivan County,Ackworth,228
6677,189,NULL,NULL,NULL,241
6678,,Evje - Iveland,Evje,Evje,163
6679,,NULL,NULL,NULL,208
6680,189,Saxony,Freiberg,Freiberg,81
6680,189,Saxony,NULL,NULL,81
6681,,NULL,NULL,Beseliger Kopf,81
6682,,Fianarantsoa,Malakialina,Malakialina,129
6683,189,Ontario,Henvey Twp.,Henvey Twp.,38
6683,189,Ontario,NULL,NULL,38
6684,189,Auvergne,Haute-Loire Dept.,NULL,74
6686,,Puy-de-dome,Puy-de-dome,NULL,74
6687,,North Carolina,NULL,NULL,228
6688,189,Washington,King Co.,NULL,228
6688,,Washington,North Bend,North Bend,228
6689,189,Virginia,Amherst Co.,NULL,228
6690,,Washington,North Bend,North Bend,228
6691,178,Svalbard,NULL,NULL,163
6692,189,NULL,NULL,NULL,108
6693,,NULL,NULL,NULL,108
6694,189,South Dakota,Lawrence Co.,NULL,228
6695,112,NULL,NULL,NULL,NULL
6696,,South Carolina,Berkeley,NULL,228
6697,,Midi-Pyrénées,Ariège,NULL,74
6698,,NULL,NULL,NULL,110
6699,,Hidalgo,NULL,Minitas,140
6700,124,NULL,NULL,NULL,NULL
6701,,NULL,NULL,NULL,81
6702,,NULL,NULL,Betafo,129
6702,,NULL,NULL,NULL,129
6703,,NULL,NULL,NULL,129
6704,,Toliara,Andranondambo,Andranondambo,129
6705,,NULL,Madagascar,NULL,129
6706,,NULL,NULL,NULL,129
6707,189,Pennsylvania,NULL,Hanover,228
6708,,NULL,NULL,NULL,227
6709,,North Carolina,Iredell Co.,NULL,228
6710,,North Carolina,Iredell Co.,NULL,228
6711,,Alabama,Fayette,NULL,228
6712,189,Vermont,Rutland Co.,Pittsfield,228
6713,189,Arkansas,Boone Co.,Elixir Springs,228
6714,,Connecticut,Fairfield Co.,NULL,228
6717,,Maine,NULL,NULL,228
6718,,Vermont,NULL,Bethel,228
6719,189,Pennsylvania,Lebanon Co.,NULL,228
6720,,South Carolina,Berkeley,NULL,228
6722,205,New Hampshire,NULL,NULL,228
6723,,Indiana,Porter,NULL,228
6726,,NULL,Madagascar,NULL,129
6727,,Slovensko,NULL,NULL,196
6728,53,NULL,NULL,NULL,111
6729,53,"Southern Nations, Nationals, and Peoples",NULL,NULL,69
6730,53,"Southern Nations, Nationals, and Peoples",NULL,NULL,69
6731,193,NULL,NULL,Carrara,106
6732,,Krangandinskaya Oblast',Karaoba,Karaoba,110
6733,,NULL,NULL,NULL,129
6734,,NULL,NULL,NULL,129
6736,,NULL,NULL,NULL,129
6737,189,NULL,NULL,NULL,108
6738,,NULL,Siegen,Siegen,81
6739,,NULL,Madagascar,NULL,129
6740,,NULL,Betsileo,Betsileo,129
6741,193,New Hampshire,NULL,Brookline,228
6742,112,NULL,NULL,NULL,NULL
6743,,NULL,Hungary,NULL,98
6744,189,Newfoundland,NULL,NULL,38
6748,220,Newfoundland,NULL,NULL,38
6749,189,Massachusetts,NULL,NULL,228
6750,189,Massachusetts,Plainfield,Plainfield,228
6751,,Ohio,Seneca Co.,NULL,228
6752,189,Virginia,Carroll Co.,NULL,228
6752,189,Virginia,NULL,NULL,228
6753,,Virginia,Carroll County,Hillsville (near),228
6754,189,Nevada,NULL,NULL,228
6754,189,Nevada,White Pine Co.,NULL,228
6755,189,California,Inyo Co.,NULL,228
6756,70,Oregon,Lane,NULL,228
6757,,District Of Columbia,NULL,"Brightwood And Tenally Town, Between",228
6758,,Colorado,NULL,Middle Park,228
6759,,Colorado,NULL,Middle Park,228
6761,,New York,Kings Co.,NULL,228
6763,,Tibet Autonomous Region,NULL,NULL,44
6768,,NULL,NULL,NULL,147
6769,,NULL,NULL,Sudetes,174
6770,,NULL,NULL,NULL,81
6771,189,Arkansas,Marion Co.,NULL,228
6772,,Oregon,NULL,NULL,228
6773,,Georgia,Chattooga Co.,Summerville,228
6774,,NULL,Beunan,Beunan,81
6775,,NULL,NULL,NULL,106
6776,189,Saxony,NULL,NULL,81
6776,189,Saxony,Schneeberg,Schneeberg,81
6777,,NULL,NULL,NULL,81
6778,,NULL,NULL,NULL,174
6779,,Saxony,NULL,NULL,81
6780,,NULL,Madagascar,NULL,129
6781,189,Quebec,Louvicourt Twp.,Louvicourt Twp.,38
6781,189,Quebec,NULL,NULL,38
6782,189,Nevada,Washoe Co.,NULL,228
6783,,Washington,Kittitas Co - Chelan,NULL,228
6784,,Virginia,NULL,NULL,228
6786,,NULL,NULL,NULL,209
6787,,Valais,NULL,NULL,209
6789,,Alabama,Marion,NULL,228
6793,189,NULL,NULL,Minena,202
6794,,NULL,NULL,NULL,110
6795,,NULL,NULL,NULL,117
6797,,Bohemia Region,NULL,NULL,57
6798,,NULL,NULL,Bezius,202
6800,189,NULL,NULL,NULL,NULL
6801,185,Kamchatka,NULL,NULL,180
6801,185,NULL,NULL,NULL,180
6801,185,NULL,NULL,NULL,NULL
6802,,Uttarakhand,NULL,Devprayag,100
6803,,Bhavani,NULL,NULL,100
6804,189,NULL,Thailand,NULL,214
6805,,NULL,NULL,NULL,100
6806,,NULL,NULL,Bhopal,100
6807,,NULL,NULL,NULL,25
6808,,NULL,NULL,NULL,186
6809,,NULL,NULL,"Biancavilla, Catania",106
6810,,Sicily,NULL,NULL,106
6811,,NULL,NULL,NULL,13
6812,220,Maine,Cumberland Co.,NULL,228
6813,189,NULL,NULL,NULL,82
6814,189,NULL,NULL,NULL,108
6815,,NULL,NULL,NULL,81
6816,,NULL,NULL,NULL,227
6817,,Tirol,Tirol,NULL,14
6818,,Maine,NULL,NULL,228
6819,205,California,NULL,NULL,228
6820,,Utah,Wayne,NULL,228
6821,189,Ontario,Cardiff Twp.,Cardiff Twp.,38
6821,189,Ontario,Haliburton Co.,NULL,38
6821,189,Ontario,Hastings Co.,NULL,38
6822,,Ontario,NULL,NULL,38
6823,205,Arizona,NULL,NULL,228
6824,,North Carolina,Craven,NULL,228
6825,189,California,Inyo Co.,NULL,228
6825,189,California,Inyo Co.,Ryan,228
6825,189,California,NULL,NULL,228
6826,,Colorado,Saguache Co.,NULL,228
6827,189,Ontario,NULL,NULL,38
6829,,NULL,NULL,NULL,81
6832,,Saxony,NULL,NULL,81
6833,,NULL,NULL,Bieberstein,81
6834,,NULL,NULL,NULL,NULL
6835,,Montana,Blaine Co.,NULL,228
6836,189,Colorado,NULL,NULL,228
6837,,NULL,NULL,NULL,81
6838,,NULL,NULL,"Biedenkopf, Hesse; Nassau",81
6839,,NULL,NULL,NULL,196
6840,,NULL,NULL,NULL,81
6841,100,Montana,Powell County,Racetrack,228
6842,,NULL,NULL,Sudetes,174
6843,,NULL,NULL,NULL,180
6844,70,Gai Lai,Pleiku City,NULL,234
6845,70,Gai Lai,Pleiku City,NULL,234
6846,70,Gai Lai,Pleiku City,NULL,234
6847,189,Colorado,Clear Creek Co.,Pecan Dives Area,228
6848,189,NULL,NULL,NULL,155
6849,,Louisiana,NULL,NULL,228
6850,,NULL,Bierghes,Bierghes,21
6851,193,Connecticut,Bethel,Bethel,228
6851,193,Connecticut,Fairfield Co.,NULL,228
6851,193,Connecticut,NULL,NULL,228
6852,,NULL,NULL,NULL,227
6853,189,NULL,NULL,Hallstadt,14
6854,189,Montana,Cascade Co.,NULL,228
6855,189,Idaho - Montana,NULL,Troy,228
6856,,California,Butte Co.,NULL,228
6857,70,Michigan,Schoolcraft,NULL,228
6858,70,Michigan,Schoolcraft,NULL,228
6859,70,Michigan,Schoolcraft,NULL,228
6860,,NULL,NULL,NULL,156
6861,,Colorado,San Miguel Co.,NULL,228
6862,,California,Big Bear City,Big Bear City,228
6863,,California,Butte Co.,NULL,228
6864,70,Labrador,NULL,NULL,38
6865,70,Arkansas,White,NULL,228
6866,,Arizona,Yavapai Co.,NULL,228
6867,189,Indiana,Clay County,Centerpoint,228
6870,189,Texas,Brewster Co.,"Terlingua, Study Butte",228
6872,,California,NULL,NULL,228
6873,221,Texas,NULL,NULL,228
6874,,California,NULL,NULL,228
6875,,California,NULL,Nevada City,228
6876,189,Arizona,La Paz Co.,NULL,228
6877,,Arizona,Quartzite,Quartzite,228
6878,189,Arizona,Yuma Co.,NULL,228
6879,189,Oregon,Grant Co.,NULL,228
6880,68,Alaska,NULL,NULL,228
6881,70,Wisconsin,Polk,NULL,228
6882,70,Wisconsin,Polk,NULL,228
6883,189,Colorado,Boulder Co.,NULL,228
6884,,Virginia,NULL,NULL,228
6885,,Idaho - Montana,NULL,NULL,228
6886,189,Nevada,Storey Co.,Virginia City,228
6887,189,Colorado,Colorado,NULL,228
6888,70,Michigan,Ostego,NULL,228
6891,70,Michigan,Ostego,NULL,228
6892,,NULL,NULL,NULL,NULL
6893,220,Nova Scotia,NULL,NULL,38
6894,189,Texas,Freestone County,Fairfield (near),228
6895,189,Arkansas,Marion Co.,NULL,228
6904,205,Missouri,NULL,Dutchtown,228
6905,,Arizona,NULL,NULL,228
6906,,Arizona,Yavapai Co.,NULL,228
6907,,Alabama,St. Clair,NULL,228
6909,,Utah,NULL,NULL,NULL
6910,70,Minnesota,Washington,NULL,228
6911,70,Minnesota,Washington,NULL,228
6912,70,Minnesota,Washington,NULL,228
6914,189,Colorado,Lake Co.,NULL,228
6915,189,Nevada,Elko Co.,NULL,228
6916,189,New Mexico,Socorro Co.,Socorro,228
6917,189,South Dakota,Custer Co.,NULL,228
6917,189,South Dakota,Keystone,Keystone,228
6917,189,South Dakota,NULL,Glendale,228
6917,,South Dakota,Pennington Co.,Glendale,228
6917,189,South Dakota,Pennington Co.,NULL,228
6918,193,South Dakota,NULL,Glendale,228
6919,189,Idaho,Custer Co.,NULL,228
6920,209,NULL,NULL,Prieska District,200
6921,,Utah,Alta,Alta,228
6921,,Utah,Brighton,Brighton,228
6921,101,Utah,NULL,NULL,228
6922,248,Utah,NULL,Holladay,228
6923,,Utah,Salt Lake Co.,NULL,228
6924,209,Durango,NULL,Inde River,140
6925,209,Florida,Jefferson Co.,NULL,228
6926,209,Tennessee,Knox Co.,Mascot,228
6927,,Utah,NULL,NULL,228
6928,209,Virginia,Spotsylvania Co.,Fredericksburg,228
6929,189,North Carolina,Mitchell Co.,NULL,228
6930,,North Carolina,Mitchell Co.,NULL,228
6932,189,California,Fresno Co.,NULL,228
6932,,California,Fresno Co.,NULL,228
6933,189,Colorado,San Miguel Co.,Newmire,228
6933,189,Colorado,San Miguel Co.,"Newmire, Big Bear Creek",228
6934,,Alabama,Pickens,NULL,228
6935,,California,NULL,NULL,228
6936,,California,California,NULL,228
6936,248,California,NULL,Auberry,228
6936,,NULL,NULL,NULL,NULL
6937,,California,Fresno Co.,NULL,228
6939,70,Koror,Mercherchar,NULL,166
6940,70,Koror,Mercherchar,NULL,166
6941,70,Koror,Mercherchar,NULL,166
6942,70,Koror,Mercherchar,NULL,166
6943,189,New Jersey,NULL,NULL,228
6944,227,Florida,Collier,NULL,228
6945,227,New York,Queens,New York City,228
6946,189,Arkansas,Marion Co.,NULL,228
6947,189,Idaho - Montana,NULL,NULL,228
6948,,Alabama,Escambia,NULL,228
6949,,Alabama,Escambia,NULL,228
6950,70,Michigan,Lapeer,NULL,228
6951,70,Michigan,Lapeer,NULL,228
6952,70,Minnesota,Stearns,NULL,228
6953,70,Minnesota,Stearns,NULL,228
6954,70,Minnesota,Stearns,NULL,228
6955,70,Minnesota,Stearns,NULL,228
6956,,Yukon,NULL,NULL,38
6957,189,Colorado,NULL,NULL,228
6958,,California,Modoc Co.,High Grade,228
6959,189,Idaho,Blaine Co.,NULL,228
6960,189,Alaska,NULL,Providence Bay,228
6963,,Kentucky,Madison,NULL,228
6964,,Texas,Matagorda Co.,NULL,228
6965,,NULL,NULL,NULL,228
6966,,Wyoming,NULL,NULL,228
6967,,Wyoming,NULL,NULL,228
6968,205,Montana,NULL,West Fork Area,228
6969,189,Wyoming,Sheridan County,Sheridan (near),228
6970,,Wyoming,Johnson Co.,NULL,228
6970,,Wyoming,NULL,NULL,228
6971,70,Arkansas,Jackson,NULL,228
6972,189,Alaska,NULL,NULL,228
6973,,Alaska,NULL,NULL,228
6974,189,Arkansas,Searcy Co.,NULL,228
6975,,California,Amador Co.,NULL,228
6976,220,Newfoundland,NULL,NULL,38
6977,189,Utah,Grand Co.,NULL,228
6977,189,Utah,San Juan Co.,NULL,228
6978,,Utah,San Juan Co.,NULL,228
6979,,Utah,Grand Co.,NULL,228
6980,,Utah,NULL,NULL,228
6981,189,Idaho - Washington,NULL,NULL,228
6982,189,California,Lake Co.,NULL,228
6984,,Idaho,Clearwater Co.,Big Island-Dent Area,228
6985,220,Newfoundland and Labrador,NULL,NULL,38
6986,70,Koror,Koror,NULL,166
6987,70,Koror,Koror,NULL,166
6988,70,Koror,Koror,NULL,166
6989,189,Arizona,NULL,NULL,228
6989,189,Arizona,Yuma Co.,NULL,228
6990,189,Kentucky,Bell County,Blanche,228
6991,189,Iowa,Appanoose Co.,Jerome,228
6992,189,Arizona,NULL,NULL,228
6993,189,Arizona,Pinal Co.,NULL,228
6994,189,Arizona,Pinal Co.,NULL,228
6995,,New Mexico,Luna Co.,NULL,228
6996,227,Alaska,Matanuska-Susitna,NULL,228
6997,70,Michigan,Osceola,NULL,228
6998,70,Michigan,Osceola,NULL,228
6999,70,Michigan,Osceola,NULL,228
7000,70,Minnesota,Sherburne,NULL,228
7001,70,Minnesota,Sherburne,NULL,228
7002,70,Minnesota,Sherburne,NULL,228
7003,70,Minnesota,Sherburne,NULL,228
7004,70,Minnesota,Carlton,NULL,228
7005,189,Idaho,Lemhi Co.,NULL,228
7006,189,Utah,Sanpete Co.,Mizpah Gulch District,228
7007,189,Ontario,NULL,Sudbury,38
7008,,NULL,NULL,NULL,NULL
7009,,Idaho,NULL,NULL,228
7010,,Idaho,NULL,NULL,228
7011,,NULL,NULL,Anegada,235
7012,,California,NULL,NULL,228
7013,189,New Hampshire,Gilsum,Gilsum,228
7013,189,New Hampshire,NULL,Alstead,228
7014,,California,NULL,NULL,228
7015,189,Utah,Beaver Co.,Beaver Lake District,228
7015,189,Utah,Beaver Co.,NULL,228
7016,70,Minnesota ,Sherburne ,NULL,228
7017,70,Wisconsin,Vilas,NULL,228
7018,68,Alaska,NULL,NULL,228
7019,,California,Tuolumne Co.,NULL,228
7020,,California,Tuolumne Co.,NULL,228
7021,,Oregon,Wapinitia,Wapinitia,228
7022,97,NULL,NULL,NULL,NULL
7023,185,California,Inyo Co.,NULL,228
7023,185,California,NULL,Big Pine,228
7024,,Indiana,Miami,NULL,228
7025,,Indiana,Miami,NULL,228
7026,189,Colorado,Lake Co.,Leadville,228
7027,189,Nevada,NULL,NULL,228
7028,193,NULL,NULL,NULL,209
7029,193,Wisconsin,NULL,Lohrville,228
7030,68,Alaska,NULL,NULL,228
7031,9,Tennessee,NULL,NULL,228
7032,,New Mexico,NULL,NULL,228
7033,248,NULL,NULL,NULL,NULL
7034,193,Arkansas,NULL,NULL,228
7034,193,Arkansas,Pulaski Co.,NULL,228
7035,,PA,Clearfield,Bell Twp,228
7036,,PA,Jefferson,Gaskill Twp,228
7037,,Michigan,NULL,NULL,228
7038,228,NULL,NULL,NULL,228
7039,189,Arizona - Nevada,NULL,NULL,228
7040,,Alabama,Tuscaloosa,NULL,228
7041,,Montana,Montana,NULL,228
7042,70,Minnesota ,Aitkin,NULL,228
7043,70,Minnesota,Aitkin,NULL,228
7044,,West Virginia,NULL,NULL,228
7045,,Arizona,Mohave Co.,NULL,228
7046,112,Maryland,Allegany County,Frostburg,228
7046,,Maryland,NULL,Frostburg,228
7047,189,Montana,Cascade Co.,NULL,228
7047,189,Montana,NULL,NULL,228
7048,,Wyoming,Cody,Cody,228
7049,,Kentucky,Lee,NULL,228
7050,,Colorado,Lake Co.,Leadville,228
7051,189,Arkansas,Pike Co.,NULL,228
7052,189,Colorado,Lake Co.,Leadville,228
7053,205,Montana,Blaine Co.,NULL,228
7054,,New Mexico,NULL,NULL,228
7055,189,Nevada,NULL,NULL,228
7057,,Nevada,NULL,NULL,228
7058,70,Nevada,Churchill,NULL,228
7059,70,Nevada,Churchill,NULL,228
7060,70,Nevada,Churchill,NULL,228
7061,70,Nevada,Churchill,NULL,228
7062,70,Nevada,Churchill,NULL,228
7063,70,Nevada,Churchill,NULL,228
7064,,Alabama,Escambia,NULL,228
7065,193,Texas,NULL,NULL,228
7066,189,Arkansas,NULL,NULL,228
7067,,Virginia,NULL,NULL,228
7068,70,South Dakota,Big Stone,NULL,228
7069,70,Minnesota ,Itasca,NULL,228
7070,,California,Sonoma Co.,NULL,228
7071,248,California,NULL,NULL,228
7072,,California,NULL,NULL,228
7073,70,Minnesota ,Todd,NULL,228
7074,70,Montana,Lincoln,NULL,228
7075,,Colorado,Larimer Co.,NULL,228
7076,189,Colorado,Pitkin,NULL,228
7077,189,South Dakota,Keystone,Keystone,228
7078,,Montana,Sweet Grass Co.,NULL,228
7080,248,NULL,NULL,NULL,NULL
7081,248,NULL,NULL,NULL,NULL
7082,248,NULL,NULL,NULL,NULL
7083,189,Nevada,Mineral Co.,NULL,228
7084,70,Minnesota,Martin,NULL,228
7085,70,Washington,Okanogan,NULL,228
7086,189,New Hampshire,NULL,Alstead,228
7087,,Virginia,Smyth Co.,Chatham Hill,228
7088,,Indiana,Putnam,NULL,228
7089,70,Minnesota,Stearns,NULL,228
7090,70,Minnesota,Stearns,NULL,228
7091,70,Minnesota,Stearns,NULL,228
7092,,NULL,NULL,NULL,233
7093,70,Minnesota,Cass,NULL,228
7094,70,Minnesota,Cass,NULL,228
7095,70,Minnesota,Cass,NULL,228
7096,70,Minnesota,Cass,NULL,228
7097,189,NULL,NULL,NULL,220
7098,,NULL,Bigadic,Bigadic,220
7099,,Auvergne,Puy-De-Dome Dept.,NULL,74
7100,,NULL,NULL,NULL,74
7101,,New York,Essex Co.,NULL,228
7102,,Quebec,La Belle Co.,NULL,38
7103,,Vermont,Bennington Co.,Glastonbury,228
7104,,NULL,Biggenden,Biggenden,13
7105,,New South Wales,NULL,NULL,13
7106,189,Colorado,Jefferson Co.,NULL,228
7107,189,Colorado,Golden,Golden,228
7108,,North Rhine-Westphalia,NULL,NULL,81
7109,193,NULL,NULL,NULL,13
7110,,Oregon,NULL,NULL,228
7110,,Oregon,Wasco Co.,NULL,228
7112,189,Colorado,NULL,NULL,228
7113,,Oregon,NULL,NULL,228
7114,,Oregon,Wasco Co.,NULL,228
7115,189,Pennsylvania,Adams Co.,NULL,228
7115,189,Pennsylvania,Franklin Co.,NULL,228
7115,189,Pennsylvania,NULL,NULL,228
7116,228,NULL,NULL,NULL,NULL
7116,,NULL,NULL,NULL,NULL
7117,,Wyoming,NULL,NULL,228
7118,,Wyoming,NULL,NULL,228
7119,193,Wisconsin,Marathon Co.,NULL,228
7121,,NULL,NULL,NULL,74
7122,189,Cumbria,Frizington,Frizington,227
7123,,England,Cumbria,NULL,227
7124,189,Cumbria,Frizington,Frizington,227
7125,189,England,Cumbria,NULL,227
7126,,England,Cumbria,NULL,227
7127,,NULL,NULL,NULL,227
7128,,California,NULL,NULL,228
7129,,NULL,NULL,NULL,21
7130,,Bihar,NULL,Kharsawan,100
7131,,NULL,Bihar,Bihar,100
7132,,Bihar,NULL,"Kurualjofe, Giridih, Bengal (Near)",100
7133,,Bihar,NULL,Singhbhum,100
7134,,Bihar,NULL,"Singhbhum, Kolhan Govt. Estate",100
7135,,NULL,NULL,NULL,69
7136,,NULL,Bijneu,Bijneu,221
7137,,NULL,NULL,NULL,241
7138,189,NULL,NULL,NULL,241
7139,,Victoria,Bikita,Bikita,241
7140,,Masvingo,Bikita,Bikita,241
7141,,NULL,NULL,NULL,150
7142,,NULL,NULL,NULL,241
7143,205,NULL,NULL,NULL,133
7144,,NULL,NULL,Bilbac (West),202
7145,209,NULL,NULL,"Biscay, Ortuella",202
7146,189,Durango,NULL,NULL,140
7147,189,Zacatecas,NULL,NULL,140
7147,189,Zacatecas,NULL,Ojo Caliente,140
7147,189,Zacatecas,Ojocaliente,Ojocaliente,140
7148,,NULL,NULL,NULL,202
7149,,NULL,Bilbao,Bilbao,202
7150,97,NULL,NULL,NULL,NULL
7152,,Bohemia,NULL,NULL,57
7153,,NULL,NULL,NULL,NULL
7154,,Bohemia Region,NULL,NULL,57
7155,,Bohemia Region,NULL,NULL,57
7156,,Bohemia Region,NULL,NULL,57
7157,,Bohemia Region,NULL,NULL,57
7158,,Bohemia Region,NULL,NULL,57
7159,,Bohemia Region,NULL,NULL,57
7160,,NULL,Bilina,Bilina,57
7161,,Bohemia Region,NULL,NULL,57
7162,189,Colorado,Montrose Co.,NULL,228
7162,189,Colorado,NULL,NULL,228
7162,,Colorado,Paradox,Paradox,228
7163,189,Virginia,Appomattox Co.,NULL,228
7164,189,California,Riverside Co.,NULL,228
7165,189,Nevada,NULL,NULL,228
7166,,Arizona,NULL,NULL,228
7167,189,Colorado,San Juan Co.,Mineral City,228
7168,,South Australia,NULL,NULL,13
7169,,South Australia,Plumbago,Plumbago,13
7170,,South Australia,NULL,NULL,13
7171,193,Skåne,NULL,NULL,208
7172,,NULL,NULL,NULL,NULL
7173,,Kentucky,Jackson,NULL,228
7174,189,California,Inyo Co.,NULL,228
7174,189,California,Mohave Co.,NULL,228
7174,189,California,NULL,NULL,228
7174,189,California,Ryan,Ryan,228
7175,,NULL,Billingham,Billingham,227
7176,189,Colorado,Lake Co.,Leadville,228
7177,189,Colorado,Lake Co.,Leadville,228
7178,193,Vermont,NULL,Castleton,228
7179,,Billiton Island,Billiton Island,NULL,101
7180,,NULL,NULL,NULL,NULL
7181,189,Nevada,NULL,NULL,228
7182,,South Dakota,Harding County,NULL,228
7183,,Victoria,Kingower,Kingower,13
7184,189,Arizona,Yuma Co.,NULL,228
7185,,Arizona,Yuma Co.,NULL,228
7186,,NULL,NULL,NULL,NULL
7187,,NULL,NULL,Bilma And Agadem (Between),159
7188,,NULL,NULL,NULL,158
7190,189,Montana,Granite,Granite,228
7191,,California,Shasta Co.,NULL,228
7192,193,Scotland,NULL,NULL,227
7193,189,Vermont,Bennington Co.,NULL,228
7194,,NULL,NULL,NULL,NULL
7195,,NULL,NULL,NULL,NULL
7196,,NULL,Slovakia,NULL,196
7197,189,NULL,NULL,NULL,81
7198,189,North Rhine-Westphalia,NULL,NULL,81
7199,,Rhineland-Palatinate,NULL,NULL,81
7200,,Hesse,Hesse,NULL,81
7201,,New Mexico,Socorro Co.,NULL,228
7202,189,Utah,Bingham Canyon,Bingham Canyon,228
7202,189,Utah,NULL,NULL,228
7202,189,Utah,Salt Lake Co.,NULL,228
7203,209,New Mexico,NULL,Iron Mtn.,228
7204,101,Utah,NULL,NULL,228
7205,209,New Mexico,Socorro Co.,NULL,228
7206,209,Utah,NULL,Muddy Fork,228
7206,209,Utah,NULL,NULL,228
7206,209,Utah,Salt Lake Co.,NULL,228
7207,189,New Hampshire,NULL,Gilsum,228
7207,189,New Hampshire,NULL,NULL,228
7208,189,New Hampshire,NULL,Gilsum,228
7209,189,New Mexico,NULL,NULL,228
7209,189,New Mexico,Socorro Co.,NULL,228
7210,189,Pennsylvania,Adams Co.,NULL,228
7211,112,NULL,NULL,NULL,NULL
7212,,New Mexico,Socorro Co.,NULL,228
7213,,NULL,NULL,NULL,NULL
7215,70,Minnesota,St. Louis,NULL,228
7216,70,Minnesota,St. Louis,NULL,228
7217,70,Minnesota,St. Louis,NULL,228
7218,70,Minnesota,St. Louis,NULL,228
7219,70,Minnesota,St. Louis,NULL,228
7220,70,Minnesota,St. Louis,NULL,228
7221,,Alabama,Tuscaloosa,NULL,228
7222,,Alabama,Tuscaloosa,NULL,228
7223,193,Pennsylvania,East Petersburg,East Petersburg,228
7224,,NULL,Switzerland,NULL,209
7225,,Valais,NULL,NULL,209
7226,,Uri,Uri,NULL,209
7227,,Valais,Imfeld,Imfeld,209
7228,,Graubunden,NULL,NULL,209
7229,,Valais Ca.,NULL,NULL,209
7230,,NULL,NULL,NULL,209
7231,,Canton Valais,NULL,Lengenbach,209
7232,,NULL,NULL,NULL,209
7233,,Valais,NULL,NULL,209
7234,,Valais,NULL,NULL,209
7235,,Valais,NULL,NULL,209
7236,,Valais,NULL,NULL,209
7237,,Valais,NULL,NULL,209
7238,,Valais,NULL,NULL,209
7239,,Valais,NULL,NULL,209
7240,,NULL,NULL,NULL,209
7241,,Valais,NULL,NULL,209
7242,,NULL,NULL,NULL,209
7243,,Valais,NULL,NULL,209
7244,,Valais,NULL,NULL,209
7245,,Valais,NULL,NULL,209
7246,,NULL,NULL,NULL,209
7247,,Valais,NULL,NULL,209
7248,,NULL,NULL,NULL,209
7249,,Valais,Valais,NULL,209
7250,,Valais,NULL,NULL,209
7251,,Valais,NULL,NULL,209
7252,193,Valais,Valais,NULL,209
7253,,Valais,Valais,NULL,209
7254,,NULL,NULL,NULL,37
7255,220,Alaska,NULL,NULL,228
7256,193,Vermont,NULL,NULL,228
7257,205,Idaho,NULL,NULL,228
7258,189,North Carolina,Mitchell Co.,NULL,228
7259,,NULL,NULL,NULL,101
7260,,NULL,Joubdo,Joubdo,69
7261,,NULL,NULL,NULL,69
7262,209,Alaska,NULL,"Yukon-Tana Na Region, Deadwood Creek",228
7263,,New Hampshire,Albany,Albany,228
7264,70,Minnesota ,Saint Louis,NULL,228
7264,70,Minnesota ,St. Louis,NULL,228
7265,,Massachusetts,Dorchester,Dorchester,228
7266,189,England,Devon,NULL,227
7267,112,NULL,NULL,NULL,NULL
7268,112,NULL,NULL,NULL,NULL
7269,220,Newfoundland,NULL,NULL,38
7270,220,Newfoundland,NULL,NULL,38
7271,189,Bonai,NULL,Barbil Station,100
7272,189,Bonai,NULL,Barbil Station (West Of),100
7273,193,Vermont,Washington Co.,NULL,228
7274,112,NULL,NULL,NULL,NULL
7275,112,NULL,NULL,NULL,NULL
7276,189,Oklahoma,Ottawa Co.,NULL,228
7277,70,NULL,Thule,NULL,85
7278,,NULL,NULL,NULL,38
7279,189,Manitoba,NULL,NULL,38
7281,,Quebec,NULL,NULL,38
7282,189,California,Inyo Co.,NULL,228
7283,70,Cayo District,Belmopan,NULL,22
7284,70,Cayo District,Belmopan,NULL,22
7285,70,Cayo District,Belmopan,NULL,22
7286,189,Montana,NULL,Norris,228
7287,189,Montana,NULL,Norris,228
7288,,Ontario,Herschel,Herschel,38
7289,,Ontario,NULL,NULL,38
7290,,Ontario,Hastings Co.,NULL,38
7291,189,Utah,Utah Co.,Clinton,228
7292,189,Utah,NULL,Thistle,228
7293,189,West Virginia,Fayette County,Sewell,228
7294,110,NULL,NULL,NULL,NULL
7295,,NULL,NULL,NULL,81
7297,,NULL,NULL,NULL,81
7298,,NULL,NULL,NULL,81
7299,,NULL,NULL,"Birkenfeld, Herstein",81
7300,,NULL,NULL,NULL,81
7301,,Cumbria,Keswick,Keswick,227
7302,,NULL,Birm,Birm,209
7303,,NULL,NULL,NULL,227
7304,,Alabama,NULL,NULL,228
7305,189,Pennsylvania,NULL,Birmingham,228
7306,189,California,Sonoma Co.,NULL,228
7307,,Ashanti,NULL,Kumasi,82
7308,193,NULL,NULL,NULL,227
7309,,NULL,NULL,Birstal,209
7310,,NULL,NULL,NULL,NULL
7311,189,California,San Bernardino Co.,NULL,228
7312,193,NULL,NULL,NULL,13
7313,,NULL,NULL,NULL,180
7314,189,NULL,NULL,NULL,108
7315,185,NULL,NULL,NULL,202
7316,,Arizona,Cochise Co.,NULL,228
7317,,Arizona,Cochise Co.,NULL,228
7318,209,Arizona,NULL,Gold Hill,228
7318,209,Arizona,NULL,NULL,228
7319,,NULL,NULL,"Biscay, Ortirella",202
7321,,Karl-marx-stadt,Karl-marx-stadt,NULL,81
7322,220,NULL,NULL,NULL,NULL
7323,189,Ontario,Haliburton Co.,NULL,38
7324,193,NULL,NULL,NULL,184
7326,,California,Inyo Co.,NULL,228
7327,,California,NULL,NULL,228
7328,,California,Inyo Co.,NULL,228
7329,205,California,Inyo County,Bishop,228
7330,189,California,Inyo Co.,NULL,228
7331,189,Virginia,Bland Co.,NULL,228
7331,189,Virginia,Campbell Co.,NULL,228
7331,189,Virginia,Lynch Station,Lynch Station,228
7331,189,Virginia,NULL,NULL,228
7332,189,California,NULL,NULL,228
7333,205,NULL,NULL,NULL,228
7334,205,California,NULL,NULL,228
7344,,California,Inyo Co.,NULL,228
7344,209,California,NULL,NULL,228
7344,,California,NULL,NULL,228
7345,,California,NULL,NULL,228
7346,,California,NULL,NULL,228
7348,,Utah,Delaware Co.,NULL,228
7350,,Scotland,NULL,NULL,227
7351,,Scotland,NULL,NULL,227
7352,189,Nevada,Ormsby Co.,NULL,228
7353,189,Chihuahua,NULL,Ascencion,140
7354,189,Colorado,Clear Creek Co.,NULL,228
7355,189,Montana,Beaverhead Co.,NULL,228
7355,189,Montana,Jefferson Co.,NULL,228
7355,189,Montana,NULL,NULL,228
7356,189,South Dakota,Lawrence Co.,Lead Area,228
7357,189,Potosi,NULL,NULL,26
7358,189,NULL,NULL,Judharz,81
7359,,New Mexico,San Andres Mtns.,San Andres Mtns.,228
7360,189,New South Wales,NULL,NULL,13
7361,,NULL,NULL,NULL,NULL
7362,70,Colorado,Garfield,NULL,228
7363,70,Colorado,Garfield,NULL,228
7364,189,Oregon,Grant Co.,NULL,228
7365,209,NULL,NULL,NULL,NULL
7366,189,NULL,NULL,NULL,180
7367,,NULL,NULL,Between Maroggia & Bissone,106
7368,,NULL,NULL,NULL,180
7369,,NULL,NULL,NULL,13
7370,189,Colorado,Montrose Co.,NULL,228
7370,189,Colorado,NULL,NULL,228
7370,189,Colorado,Paradox,Paradox,228
7371,70,South Dakota,Day,NULL,228
7372,70,South Dakota,Day,NULL,228
7373,,NULL,NULL,NULL,200
7377,100,Montana,Ravalli County,Stevensville,228
7378,100,Montana,Ravalli County,Stevensville,228
7379,,NULL,NULL,Biu,159
7381,,NULL,NULL,NULL,106
7382,205,Minnesota,NULL,Eveleth,228
7382,205,Minnesota,NULL,Mountain Iron,228
7382,205,Minnesota,NULL,NULL,228
7383,189,Minnesota,St Louis Co.,Mesabi Range,228
7384,,Missouri,NULL,NULL,228
7385,,Chugoku,NULL,NULL,108
7386,,Chugoku,NULL,NULL,108
7388,,Chugoku,NULL,NULL,108
7389,,NULL,NULL,NULL,219
7390,,NULL,NULL,NULL,99
7391,193,Skåne,NULL,NULL,208
7392,178,Svalbard,NULL,NULL,163
7393,189,NULL,NULL,NULL,208
7393,189,Varmland,Nordmark,Nordmark,208
7393,189,Varmland,NULL,NULL,208
7394,,NULL,NULL,NULL,163
7395,189,NULL,NULL,NULL,224
7396,,NULL,Bamble,Bamble,163
7398,,NULL,NULL,Bjǿrdammen,163
7399,189,Vasterbotten,NULL,NULL,208
7400,,NULL,Skien,Skien,163
7401,,Telemark,NULL,NULL,163
7402,,Southern West Greenland,Fiskenaesset,Fiskenaesset,85
7403,,NULL,NULL,NULL,8
7404,,NULL,Froland,Froland,163
7405,,NULL,NULL,NULL,85
7406,70,Minnesota ,Kandiyohi ,NULL,228
7407,70,Minnesota ,Kandiyohi ,NULL,228
7408,,Colorado,NULL,Rico,228
7409,189,Washington,Mason Co.,NULL,228
7409,189,Washington,NULL,Olympic Region,228
7410,189,California,Nevada Co.,NULL,228
7411,189,West Greenland,Umanak,Umanak,85
7412,193,Massachusetts,Saugus,Saugus,228
7413,189,NULL,NULL,NULL,171
7414,189,Utah,Grand Co.,NULL,228
7415,189,Colorado,NULL,Ouray,228
7415,189,Colorado,San Miguel Co.,NULL,228
7416,189,Colorado,Clear Creek Co.,NULL,228
7417,,Colorado,Colorado,NULL,228
7418,209,Idaho,Lemhi Co.,Black Bird Dist.,228
7418,209,Idaho,Lemhi Co.,NULL,228
7419,,Alabama,Sumter,NULL,228
7420,70,South Island,Otago,NULL,156
7421,189,Utah,Juab County,NULL,228
7422,205,Montana,Blaine Co.,NULL,228
7423,205,Montana,Blaine Co.,NULL,228
7424,205,Montana,Blaine Co.,NULL,228
7425,189,Nevada,NULL,Goldfield,228
7426,189,Oregon,Douglas Co.,NULL,228
7426,189,Oregon,Lane Co.,Cottage Grove,228
7426,189,Oregon,Lane Co.,NULL,228
7426,189,Oregon,NULL,NULL,228
7427,,California,NULL,NULL,228
7429,,Nevada,NULL,Goldfield,228
7430,209,Oregon,Lane Co.,NULL,228
7431,,California,California,NULL,228
7432,189,New Mexico,Socorro Co.,NULL,228
7433,56,Nevada,NULL,NULL,228
7434,,California,NULL,NULL,228
7435,,Nevada,NULL,NULL,228
7436,189,Arizona,NULL,NULL,228
7437,,New Hampshire,NULL,NULL,228
7438,,Utah,Grand Co.,NULL,228
7439,189,Montana,Silver Bow Co.,Butte,228
7440,189,Arizona,Cochise Co.,Teviston,228
7441,189,Colorado,Boulder Co.,NULL,228
7441,189,Colorado,Lake Co.,NULL,228
7441,189,Colorado,Leadville,Leadville,228
7441,189,Colorado,Teller Co.,NULL,228
7442,189,New Mexico,Socorro Co.,Magdalena,228
7443,,NULL,NULL,NULL,8
7444,189,Saxony,NULL,NULL,81
7445,189,Arizona,Gila Co.,NULL,228
7445,189,Arizona,NULL,NULL,228
7446,189,New Mexico,NULL,NULL,228
7447,183,California,NULL,NULL,228
7448,189,England,Cumbria,NULL,227
7449,189,Nevada,Pershing Co.,NULL,228
7450,189,Minnesota,NULL,Waite Park,228
7451,193,Maine,Washington Co.,Addison,228
7452,189,Colorado,Teller Co.,NULL,228
7453,189,Idaho,Idaho Co.,NULL,228
7454,189,Montana,NULL,NULL,228
7455,189,Victoria,NULL,Gippsland,13
7456,189,Utah,NULL,NULL,228
7457,189,Ontario,Renfrew,Calabogie,38
7458,189,Utah,NULL,Dragon,228
7459,189,Utah,NULL,"White River Region, Evacuation Creek",228
7462,189,California,Mono Co.,NULL,228
7463,,NULL,NULL,NULL,13
7464,248,NULL,NULL,NULL,228
7465,248,Wisconsin,NULL,Cross Plains,228
7466,,NULL,Black Forest,NULL,81
7466,,NULL,NULL,Neublach,81
7466,,NULL,NULL,NULL,81
7467,,Baden-Wurttemberg,NULL,Black Forest,81
7468,,Baden-Württemberg,NULL,NULL,81
7469,,Bavaria,NULL,NULL,81
7470,,Virginia,NULL,NULL,228
7471,,North Carolina,Macon Co.,NULL,228
7472,189,Colorado,Ouray,Ouray,228
7473,189,Colorado,Ouray,Ouray,228
7474,189,Maine,Hancock Co.,NULL,228
7475,209,New Mexico,NULL,Mining Districts,228
7476,70,Iowa,Sac,NULL,228
7477,189,Colorado,Rico,Rico,228
7478,189,Maine,Hancock Co.,NULL,228
7479,189,Montana,Radersburg,Radersburg,228
7480,189,New Mexico,NULL,Mining Districts,228
7481,,Idaho,NULL,Elk City,228
7482,70,Iowa,Sac,NULL,228
7483,70,Iowa,Sac,NULL,228
7484,189,Maine,Hancock Co.,NULL,228
7485,189,Victoria,NULL,NULL,13
7486,193,South Australia,NULL,NULL,13
7487,209,South Dakota,NULL,NULL,228
7489,209,Arizona,NULL,Dewey,228
7490,189,Michigan,NULL,NULL,228
7491,,California,San Bernardino,NULL,228
7495,,South Dakota,Custer Co.,NULL,228
7495,209,South Dakota,NULL,Brownsville,228
7495,209,South Dakota,NULL,Central,228
7495,209,South Dakota,NULL,Central Terroville,228
7495,209,South Dakota,NULL,NULL,228
7495,209,South Dakota,NULL,Terry,228
7495,209,South Dakota,NULL,Woodville,228
7495,209,South Dakota,Pennington Co.,NULL,228
7495,,South Dakota,Pennington County,NULL,228
7495,,South Dakota,South Dakota,NULL,228
7496,189,Arizona,Yuma Co.,NULL,228
7497,70,Scoresby Sund,Graben Land,NULL,85
7498,70,Scoresby Sund,Graben Land,NULL,85
7499,70,Scoresby Sund,Graben Land,NULL,85
7500,70,Scoresby Sund,Graben Land,NULL,85
7501,,Colorado,NULL,NULL,228
7502,189,Idaho,Ada Co.,NULL,228
7503,189,Nevada,Esmeralda Co.,NULL,228
7504,189,Nevada,White Pine Co.,NULL,228
7505,189,Washington,NULL,Olympic Region,228
7506,189,Utah,Beaver Co.,Ceaser City,228
7507,220,NULL,NULL,NULL,NULL
7508,193,Maine,Hancock Co.,Long Island Township,228
7509,220,NULL,NULL,NULL,NULL
7510,220,Newfoundland,NULL,NULL,38
7511,220,NULL,NULL,NULL,NULL
7512,220,Newfoundland,NULL,NULL,38
7513,189,California,San Bernardino Co.,NULL,228
7514,189,Colorado,Boulder Co.,NULL,228
7514,189,Colorado,Lake Co.,NULL,228
7514,189,Colorado,NULL,NULL,228
7515,189,Idaho,NULL,NULL,228
7515,189,Idaho,Owyhee Co.,NULL,228
7516,189,Illinois,Jo Daviess Co.,NULL,228
7517,189,Queensland,NULL,Charters Towers District,13
7518,189,Utah,NULL,NULL,228
7519,,Maine,Maine,NULL,228
7520,189,Utah,Tooele Co.,Gold Hill,228
7521,185,NULL,NULL,NULL,13
7522,189,Illinois,NULL,Galena,228
7523,189,Washington,Thurston County,NULL,228
7524,189,New Mexico,Cuchillo Negro District,Cuchillo Negro District,228
7524,189,New Mexico,Sierra Co.,NULL,228
7525,,Quebec,NULL,NULL,38
7526,189,Quebec,NULL,Thetford,38
7527,70,California,Mono,NULL,228
7528,70,California,Mono,NULL,228
7529,70,California,Mono,NULL,228
7530,70,California,Mono,NULL,228
7531,70,Montana,Lake,NULL,228
7532,,Quebec,NULL,NULL,38
7533,,Quebec,Chrome Co.,NULL,38
7534,189,Missouri,Lawrence Co.,NULL,228
7535,189,Nevada,Nye Co.,Manhattan,228
7535,189,Nevada,Nye Co.,NULL,228
7536,205,Arizona,NULL,NULL,228
7537,,Arizona,NULL,NULL,228
7538,,Arizona,Yuma Co.,NULL,228
7539,,California,Kern Co.,NULL,228
7540,,CA,NULL,NULL,228
7541,112,Colorado,Park County,NULL,228
7542,,Maine,Rumford,Rumford,228
7543,,Sichuan,Huili,NULL,44
7545,,Maine,NULL,NULL,228
7546,,Maine,NULL,Newry,228
7547,,Maine,Oxford Co.,NULL,228
7548,,Maine,NULL,Rumford,228
7549,,California,San Luis Obispo Co.,NULL,228
7550,,California,San Luis Obispo Co.,NULL,228
7551,,Maine,Oxford Co.,NULL,228
7552,,California,California,NULL,228
7553,189,Maine,NULL,Rumford,228
7553,,Maine,Rumford,Rumford,228
7554,189,Maine,NULL,Rumford,228
7554,189,Maine,Oxford,Rumford,228
7555,,Maine,NULL,NULL,228
7556,,North Carolina,Burnsville,Burnsville,228
7557,,New Hampshire,NULL,NULL,228
7558,,California,Kern Co.,NULL,228
7559,,Maine,Oxford Co.,NULL,228
7560,189,Montana,Madison Co.,NULL,228
7561,189,Montana,Madison Co.,Browns Gulch District,228
7562,184,Washington,NULL,NULL,228
7563,,Arizona,NULL,NULL,228
7564,189,Idaho,Boise Co.,NULL,228
7565,189,Arizona,Pinal Co.,NULL,228
7566,189,Idaho,Idaho,NULL,228
7567,189,Idaho,Idaho Co.,NULL,228
7568,189,Montana,Granite Co.,NULL,228
7568,189,Montana,NULL,NULL,228
7568,189,Montana,NULL,Philipsburg,228
7568,189,Montana,Philipsburg,Philipsburg,228
7568,189,Montana,Phillipsburg,Phillipsburg,228
7569,,Arizona,NULL,NULL,228
7570,,NULL,NULL,NULL,186
7571,,Georgia,Macon Co.,NULL,228
7572,189,Washington,Lewis County,Centralia (near),228
7573,189,Arizona,Pinal Co.,NULL,228
7574,193,Antrim,Antrim,NULL,227
7575,,New Mexico,Sierra Co.,NULL,228
7576,,New Mexico,Sierra Co.,NULL,228
7577,,New Mexico,Catron Co.,NULL,228
7578,,New Mexico,Sierra Co.,NULL,228
7579,,New Mexico,NULL,NULL,228
7581,,New Mexico,NULL,NULL,228
7582,,Alaska,NULL,NULL,228
7583,,Ontario,NULL,Marmora,38
7584,248,South Carolina,NULL,Kingstree,228
7586,,NULL,NULL,NULL,227
7587,,Nevada,NULL,NULL,228
7588,189,Oregon,Jackson Co.,NULL,228
7589,,Utah,Millard,Fillmore,228
7589,,NULL,NULL,NULL,NULL
7590,165,Utah,Millard,NULL,228
7590,185,Utah,Millard Co.,NULL,228
7590,185,Utah,NULL,Ice Spring Buttes,228
7590,185,Utah,NULL,NULL,228
7590,,NULL,NULL,NULL,NULL
7590,,Utah,Millard,Fillmore,NULL
7590,,Utah,NULL,NULL,NULL
7596,,Arizona,Yavapai Co.,NULL,228
7597,,Cape,NULL,NULL,200
7597,,Cape Province,NULL,NULL,200
7598,189,NULL,NULL,NULL,200
7599,189,Cape Province,NULL,NULL,200
7600,189,Kentucky,Grayson Co.,NULL,228
7601,189,Northern Cape,Hotazel,Hotazel,200
7602,,Utah,NULL,NULL,228
7603,,Arizona,NULL,NULL,228
7604,,Nevada,NULL,NULL,228
7605,,Nevada,NULL,Goldfield,228
7606,,Utah,NULL,NULL,228
7607,189,Pennsylvania,Chester Co.,NULL,228
7608,,Cape Province(N.),NULL,NULL,200
7609,,Massachusetts,Massachusetts,NULL,228
7610,,Nevada,Nevada,NULL,228
7611,,NULL,NULL,NULL,200
7612,,Utah,Millard Co.,NULL,228
7613,,Karelia Republic,NULL,NULL,180
7614,189,Arizona - Nevada,NULL,NULL,228
7615,,Hawaii,Kona,Punulgu,228
7616,252,NULL,NULL,NULL,NULL
7618,252,Krasnoyarsk Kray,NULL,NULL,180
7618,252,NULL,NULL,NULL,180
7619,189,Utah,Utah Co.,NULL,228
7620,,NULL,NULL,NULL,NULL
7621,193,Massachusetts,Suffolk Co.,Revere Township,228
7622,,South Carolina,Berkeley,NULL,228
7623,,New Mexico,Luna Co.,NULL,228
7624,178,NULL,NULL,NULL,228
7625,189,Arizona,Gila Co.,NULL,228
7626,189,Arizona,Gila Co.,NULL,228
7627,189,Montana,NULL,NULL,228
7627,189,Montana,Park Co.,Cooke City,228
7628,189,Nevada,Esmeralda Co.,NULL,228
7629,189,Utah,Box Elder Co.,NULL,228
7630,178,Alabama,NULL,Demopolis,228
7631,,Texas,Uvalde,NULL,228
7632,189,Arizona,NULL,NULL,228
7632,189,Arizona,Pinal Co.,NULL,228
7633,189,Colorado,NULL,Rico,228
7634,,New Hampshire,Albany,Albany,228
7635,189,Colorado,San Miguel Co.,NULL,228
7636,,South Dakota,South Dakota,NULL,228
7640,189,Colorado,Ouray Co.,NULL,228
7641,189,Idaho,Cobalt,Cobalt,228
7641,189,Idaho,Lemhi Co.,NULL,228
7641,189,Idaho,NULL,Cobalt,228
7641,189,Idaho,NULL,NULL,228
7642,209,Idaho,NULL,NULL,228
7643,189,Ontario,NULL,NULL,38
7644,112,NULL,NULL,NULL,NULL
7645,,NULL,Blackcock,Blackcock,NULL
7646,189,Scotland,NULL,Creetown (near),227
7647,189,Durham,Weardale,Weardale,227
7647,189,England,Durham,NULL,227
7648,9,Alaska,NULL,Juneau,228
7649,185,Idaho,Caribou Co.,Blackfoot,228
7649,185,Idaho,Caribou Co.,China Hat,228
7649,185,Idaho,Caribou Co.,Soda Springs,228
7650,,NULL,NULL,NULL,227
7651,205,California,NULL,NULL,228
7652,189,Montana,Broadwater Co.,NULL,228
7653,189,Virginia,NULL,Midlothian,228
7654,189,Missouri,Jasper Co.,NULL,228
7655,193,Maine,Knox Co.,Rockland,228
7656,189,South Carolina,NULL,NULL,228
7657,,NULL,NULL,NULL,227
7658,,NULL,NULL,NULL,227
7660,189,Montana,Granite Co.,Philipsburg,228
7662,,California,Santa Cruz,Santa Cruz,228
7663,,New York,NULL,NULL,228
7665,,Alabama,Baldwin,NULL,228
7666,,Rhode Island,NULL,NULL,228
7667,189,Mississippi,NULL,NULL,228
7668,189,Wisconsin,Lafayette Co.,Shullsburg,228
7670,,NULL,NULL,NULL,228
7671,189,Idaho - Montana,NULL,NULL,228
7672,227,Wyoming,Park,NULL,228
7673,227,Wyoming,Park,NULL,228
7674,,NULL,NULL,NULL,NULL
7675,248,NULL,NULL,NULL,NULL
7676,227,Alaska,Kenai Peninsula,NULL,228
7677,70,Canterbury,NULL,NULL,156
7678,,MD,NULL,NULL,228
7679,,British Columbia,NULL,NULL,38
7679,,British Columbia,NULL,Quesnel,38
7680,,British  Columbia,NULL,NULL,38
7680,,British Columbia,NULL,NULL,38
7681,,British Columbia,NULL,NULL,38
7682,,Idaho,Shoshone Co.,St Joe-St Maries Area,228
7683,,New Jersey,NULL,NULL,228
7684,,Maine,NULL,NULL,228
7685,,NULL,NULL,NULL,99
7686,,NULL,NULL,NULL,99
7687,189,Cumbria,Alston Moor,Alston Moor,227
7688,189,England,Cumbria,NULL,227
7689,189,NULL,NULL,NULL,180
7690,,NULL,NULL,NULL,100
7691,,Gotland,NULL,NULL,208
7692,,England,Cumbria,NULL,227
7693,189,Nevada,NULL,NULL,228
7694,,Idaho,Blaine Co.,NULL,228
7695,,Colorado,NULL,Rico,228
7696,,NULL,NULL,NULL,227
7697,193,Maine,NULL,North Sullivan,228
7698,,NULL,NULL,NULL,156
7699,,Alberta,NULL,NULL,38
7701,193,South Carolina,NULL,Blairs,228
7702,189,New Hampshire,Raymond,Raymond,228
7703,220,NULL,NULL,NULL,NULL
7704,189,California,NULL,Santa Maria,228
7705,189,New Hampshire,NULL,NULL,228
7706,189,New Mexico,NULL,NULL,228
7707,112,NULL,NULL,NULL,NULL
7709,,Alabama,Fayette,NULL,228
7710,189,Colorado,NULL,Evergreen,228
7711,189,North Carolina,NULL,NULL,228
7712,195,NULL,NULL,NULL,74
7712,70,NULL,NULL,NULL,74
7712,70,NULL,NULL,NULL,NULL
7713,195,NULL,NULL,NULL,74
7713,70,NULL,NULL,NULL,74
7713,70,NULL,NULL,NULL,NULL
7713,,NULL,NULL,NULL,NULL
7714,195,NULL,NULL,NULL,74
7714,70,NULL,NULL,NULL,74
7714,70,NULL,NULL,NULL,NULL
7715,189,NULL,NULL,"Monterey, New Leon",140
7716,189,Atacama,NULL,NULL,43
7717,189,Guanajuato,NULL,"San Felipe And Leon, From Road Between",140
7718,189,Guanajuato,NULL,San Felipe And Leon (Between),140
7719,189,Potosi,NULL,NULL,26
7720,189,New Mexico,Socorro Co.,NULL,228
7721,,New Mexico,Socorro Co.,NULL,228
7722,189,New Mexico,Socorro Co.,NULL,228
7723,189,NULL,NULL,NULL,140
7724,189,New Mexico,Hansonburg district,Hansonburg district,228
7724,189,New Mexico,NULL,NULL,228
7724,189,New Mexico,Socorro Co.,Bingham,228
7724,189,New Mexico,Socorro Co.,NULL,228
7724,189,New Mexico,Socorro County,Bingham,228
7725,193,Maine,Piscataquis Co.,North Blanchard,228
7726,193,New Hampshire,NULL,Concord,228
7727,189,New Mexico,Socorro Co.,Bingham,228
7729,,NULL,NULL,NULL,87
7730,,NULL,NULL,NULL,NULL
7733,124,NULL,NULL,NULL,NULL
7734,,NULL,NULL,NULL,NULL
7734,252,NULL,NULL,NULL,NULL
7735,97,NULL,NULL,NULL,NULL
7735,,NULL,NULL,NULL,NULL
7736,,NULL,NULL,NULL,NULL
7737,173,NULL,NULL,NULL,176
7738,,New Mexico,NULL,NULL,228
7739,,Wales,NULL,NULL,227
7740,,New Mexico,NULL,NULL,228
7741,,Massachusetts,Hampden Co.,NULL,228
7743,,Utah,San Juan Co.,NULL,228
7744,25,NULL,NULL,NULL,NULL
7745,189,NULL,NULL,NULL,74
7746,,NULL,NULL,NULL,NULL
7747,,NULL,Kragero,Kragero,163
7748,,NULL,NULL,Blankenburg,81
7749,,NULL,NULL,NULL,156
7750,,Texas,NULL,NULL,228
7755,,Virginia,Caroline,NULL,228
7756,,NULL,NULL,NULL,130
7757,220,Alaska,NULL,NULL,228
7758,,Bohemia Region,NULL,NULL,57
7759,,NULL,Blaton,Blaton,21
7759,,NULL,NULL,NULL,21
7760,,Wallonia,Hainaut Prov.,NULL,21
7761,,Hesse,Hesse,NULL,81
7762,,Saxony,Erzgebirge,NULL,81
7763,,NULL,NULL,NULL,NULL
7764,,NULL,NULL,NULL,NULL
7765,,NULL,NULL,NULL,209
7766,,NULL,NULL,NULL,209
7767,,NULL,NULL,NULL,99
7768,189,Arkansas,Arkansas,NULL,228
7769,228,NULL,NULL,NULL,NULL
7770,70,England,Cumbia,NULL,227
7771,221,NULL,NULL,NULL,70
7772,,NULL,NULL,NULL,NULL
7773,195,NULL,NULL,NULL,197
7773,70,NULL,NULL,NULL,197
7773,70,NULL,NULL,NULL,NULL
7774,,NULL,NULL,NULL,81
7775,,NULL,Bleialf,Bleialf,81
7775,,NULL,NULL,NULL,81
7776,,North Rhine-Westphalia,NULL,NULL,81
7777,,NULL,NULL,NULL,81
7778,,NULL,NULL,Bleiberg,14
7779,,Carinthia,NULL,NULL,14
7780,,NULL,NULL,NULL,81
7781,,NULL,NULL,NULL,81
7782,,NULL,NULL,NULL,81
7783,,Saxony,NULL,NULL,81
7784,,North Rhine-Westphalia,NULL,NULL,81
7785,,NULL,NULL,NULL,81
7786,,NULL,NULL,NULL,81
7787,189,NULL,Morocco,NULL,147
7788,,Rhineland,NULL,NULL,81
7789,189,NULL,NULL,NULL,174
7790,189,Katowice,NULL,NULL,174
7791,189,Lodz Prov,NULL,Brzeziny,174
7792,,NULL,NULL,NULL,174
7793,189,Ontario,NULL,NULL,38
7794,,Tirol,Schneeberg,Schneeberg,14
7795,189,NULL,Seljord,Seljord,163
7796,,Telemark,NULL,NULL,163
7797,,NULL,NULL,NULL,208
7798,,Blekinge Prov,NULL,NULL,208
7799,,Washington,Chelan Co.,NULL,228
7800,,NULL,NULL,NULL,21
7801,248,NULL,NULL,NULL,NULL
7802,189,Nevada,Lander Co.,Reese River District,228
7803,,Nevada,Lincoln Co.,NULL,228
7804,,Nevada,Lincoln Co.,NULL,228
7805,,Ontario,NULL,NULL,38
7806,,California,Mono Co.,NULL,228
7807,,California,Mono Co.,NULL,228
7808,,California,NULL,NULL,228
7809,,California,Mono Co.,NULL,228
7810,189,Colorado,Lake Co.,Leadville,228
7811,,Valais,NULL,NULL,209
7812,,Valais,NULL,NULL,209
7813,,Transvaal,Louis Trichardt,Louis Trichardt,200
7814,,South Australia,NULL,NULL,13
7815,189,New Hampshire,Cheshire Co.,NULL,228
7815,189,New Hampshire,NULL,Alstead,228
7815,189,New Hampshire,NULL,NULL,228
7816,189,Montana,Madison Co.,NULL,228
7817,,NULL,NULL,NULL,NULL
7818,112,NULL,NULL,NULL,NULL
7819,189,New South Wales,Broken Hill,Broken Hill,13
7819,189,New South Wales,NULL,NULL,13
7820,189,South Australia,NULL,NULL,13
7821,189,New South Wales,NULL,Broken Hill,13
7822,31,NULL,NULL,NULL,NULL
7823,31,NULL,NULL,NULL,NULL
7824,193,Texas,NULL,Pontotoe,228
7825,,Nova Scotia,NULL,NULL,38
7826,,Nevada,Humboldt Co.,NULL,228
7827,,Arizona,NULL,NULL,228
7828,189,Nevada,Humboldt Mountains,Humboldt Mountains,228
7829,,Nevada,Humboldt Mountains,Humboldt Mountains,228
7830,70,Minnesota,Murray,NULL,228
7831,,Arizona,NULL,NULL,228
7832,,Quebec,Quebec,NULL,38
7833,189,North Carolina,Nash Co.,Wilson,228
7834,,New York,NULL,NULL,228
7835,189,New Mexico,NULL,Mining Districts,228
7836,189,Pennsylvania,Blair Co.,Taylor,228
7837,189,Pennsylvania,Blair Co.,Ore Hill,228
7838,189,Victoria,NULL,NULL,13
7839,,Alabama,Fayette,NULL,228
7839,,Alabama,Lamar,NULL,228
7840,189,California,Inyo Co.,NULL,228
7841,193,Indiana,Bloomington,Bloomington,228
7841,193,Indiana,Monroe Co.,NULL,228
7841,193,Indiana,NULL,NULL,228
7843,,Indiana,Monroe,NULL,228
7844,,Indiana,Monroe Co.,NULL,228
7845,,Indiana,Monroe Co.,NULL,228
7846,,Indiana,NULL,NULL,228
7847,,Ohio,Erie Co.,NULL,228
7848,189,Colorado,NULL,NULL,228
7849,,California,San Diego Co.,NULL,228
7850,,California,San Diego Co.,NULL,228
7851,112,NULL,NULL,NULL,NULL
7852,,Yukon,NULL,NULL,38
7853,,Alabama,Lamar,NULL,228
7854,,Alabama,Lamar,NULL,228
7856,,NULL,NULL,NULL,NULL
7858,,Wyoming,NULL,Pumpkin Buttes,228
7859,189,Utah,Iron Co.,NULL,228
7860,189,Utah,Iron Co.,NULL,228
7860,189,Utah,NULL,NULL,228
7861,178,Oregon,NULL,NULL,228
7863,189,Pennsylvania,NULL,Blue Ball,228
7865,193,Pennsylvania,Blue Ball,Blue Ball,228
7865,193,Pennsylvania,NULL,Blue Ball,228
7867,,Maryland,Charles,Widewater,228
7868,,California,San Bernardino Co.,NULL,228
7869,189,California,San Bernardino Co.,NULL,228
7870,,California,San Bernardino Co.,NULL,228
7871,189,Arizona,Mohave Co.,NULL,228
7871,189,Arizona,NULL,NULL,228
7872,189,British Columbia,NULL,NULL,38
7873,189,California,Baker,Baker,228
7873,189,California,NULL,NULL,228
7873,189,California,Plumas Co.,Indian Valley,228
7873,189,California,San Bernardino Co.,Baker,228
7873,189,California,San Bernardino Co.,NULL,228
7873,189,California,San Diego Co.,NULL,228
7874,189,Colorado,Teller Co.,NULL,228
7875,189,Montana,NULL,NULL,228
7876,189,Nevada,Humboldt Co.,NULL,228
7877,189,Oregon,Harney County,NULL,228
7878,189,Utah,NULL,NULL,228
7879,189,Nevada,Lyon Co.,NULL,228
7880,189,Arizona,Cochise Co.,NULL,228
7881,189,Colorado,Cripple Creek,Cripple Creek,228
7881,189,Colorado,NULL,Boulder,228
7881,189,Colorado,Teller Co.,NULL,228
7882,189,Montana,Jefferson Co.,NULL,228
7882,189,Montana,NULL,NULL,228
7883,189,Nevada,Elko Co.,NULL,228
7884,189,New Mexico,NULL,NULL,228
7884,189,New Mexico,Socorro Co.,Socorro,228
7885,189,Oklahoma,NULL,"Picher, Oklahoma (Near)",228
7886,189,Montana,NULL,Butte,228
7887,,Tennessee,Hickman Co.,NULL,228
7888,,Nevada,NULL,Goldfield,228
7889,189,Utah,San Juan Co.,NULL,228
7890,189,California,NULL,Oak Grove,228
7890,189,California,Oak Grove,Oak Grove,228
7890,189,California,Riverside Co.,NULL,228
7890,189,California,San Diego Co.,NULL,228
7891,193,England,Durham,NULL,227
7892,193,South Carolina,Dorchester,Harleyville,228
7893,189,New York,Westchester Co.,Peekskill,228
7894,,Alabama,Tuscaloosa,NULL,228
7895,,California,Calaveras Co.,NULL,228
7897,189,Nevada,Lander Co.,Austin,228
7898,193,Georgia,NULL,Elberton,228
7899,189,Arizona,NULL,NULL,228
7900,189,Montana,NULL,NULL,228
7901,189,Illinois,NULL,NULL,228
7902,189,Utah,NULL,NULL,228
7903,183,Idaho,NULL,NULL,228
7904,70,Colorado,Eagle,NULL,228
7905,70,Colorado,Eagle,NULL,228
7906,70,Colorado,Eagle,NULL,228
7907,189,Montana,Deer Lodge,Deer Lodge,228
7908,189,Montana,Deer Lodge Co.,Olson Gulch,228
7909,189,Vermont,Plymouth,Plymouth,228
7910,,NULL,NULL,NULL,NULL
7911,189,Kansas,Cherokee Co.,NULL,228
7912,189,Missouri,Jasper Co.,NULL,228
7913,189,Oklahoma,NULL,"Picher, Oklahoma (Near)",228
7913,189,Oklahoma,Picher,Picher,228
7914,193,Arkansas,Pulaski Co.,NULL,228
7915,189,California,NULL,NULL,228
7915,189,California,Sierra Co.,NULL,228
7916,,Utah,La Sal,La Sal,228
7917,,Maine,NULL,NULL,228
7918,189,Maine,NULL,Blue Hill,228
7919,193,Maine,NULL,Blue Hill,228
7920,,Montana,NULL,Helena,228
7922,,Pennsylvania,Media,Media,228
7922,,Pennsylvania,Pennsylvania,NULL,228
7925,198,Gibeon igneous province,Karas,Berseba,150
7926,198,Karas District,Gibeon igneous province,Bereseba,150
7927,189,Cornwall,Trevaun Coombe,Trevaun Coombe,227
7930,70,San Salvador,NULL,NULL,16
7931,70,San Salvador,NULL,NULL,16
7932,70,San Salvador,NULL,NULL,16
7933,70,San Salvador,NULL,NULL,16
7934,70,San Salvador,NULL,NULL,16
7935,193,Indiana,Cass,NULL,228
7936,70,Michigan,Dickenson,NULL,228
7936,70,Michigan,Dickinson,NULL,228
7937,,Nevada,Goodsprings,Goodsprings,228
7937,189,Nevada,NULL,Goodsprings,228
7937,189,Nevada,NULL,NULL,228
7938,189,Arizona,NULL,Helvetia,228
7938,189,Arizona,NULL,NULL,228
7939,189,Colorado,Boulder Co.,NULL,228
7940,189,Maine,NULL,NULL,228
7941,189,Montana,NULL,Butte,228
7942,189,Nevada,Clark Co.,NULL,228
7942,189,Nevada,NULL,Goodsprings,228
7942,189,Nevada,NULL,NULL,228
7943,189,Colorado,Boulder Co.,NULL,228
7944,189,England,Cumbria,NULL,227
7945,70,Alaska,North Slope,NULL,228
7946,70,Alaska,North Slope,NULL,228
7947,70,Alaska,North Slope,NULL,228
7948,70,Alaska,North Slope,NULL,228
7949,70,Alaska,North Slope,NULL,228
7950,70,Alaska,North Slope,NULL,228
7951,70,Alaska,North Slope,NULL,228
7952,70,Alaska,North Slope,NULL,228
7953,70,Alaska,North Slope,NULL,228
7954,70,Michigan,Kalkaska,NULL,228
7955,189,California,NULL,NULL,228
7956,193,Vermont,Bennington Co.,Dorset Twp,228
7956,193,Vermont,NULL,Dorset Twp,228
7957,189,Utah,San Juan Co.,NULL,228
7958,189,Nevada,NULL,Yerington,228
7959,189,New Jersey,NULL,NULL,228
7960,189,Kansas,NULL,"Picher, Oklahoma",228
7961,193,Maryland,Baltimore Co.,NULL,228
7961,193,Maryland,NULL,NULL,228
7962,189,Arkansas,Garland Co.,NULL,228
7963,,New South Wales,NULL,NULL,13
7964,,Maryland,Baltimore Co.,NULL,228
7965,,Arkansas,Arkansas,NULL,228
7966,,New Hampshire,Albany,Albany,228
7967,,Washington,North Bend,North Bend,228
7968,,Nevada,Bristol Range,Bristol Range,228
7969,,Ontario,Methuen Twp.,Methuen Twp.,38
7970,,Ontario,NULL,NULL,38
7971,,NULL,NULL,NULL,85
7972,,Colorado,Custer Co.,NULL,228
7973,,NULL,NULL,NULL,69
7974,189,Colorado,Lake Co.,Leadville,228
7975,189,California,Tuolumne Co.,NULL,228
7976,189,California,Yuba Co.,NULL,228
7977,,Kansas,Marshall Co.,NULL,228
7978,189,Idaho,Idaho Co.,NULL,228
7980,,Virginia,NULL,NULL,228
7981,,Virginia,Virginia,NULL,228
7982,189,Virginia,Carroll Co.,NULL,228
7983,113,NULL,NULL,NULL,NULL
7984,,Virginia,NULL,NULL,228
7985,,North Carolina,Buncombe Co.,NULL,228
7986,,North Carolina,NULL,NULL,228
7987,,North Carolina,Ashe Co.,NULL,228
7988,,Virginia,NULL,Front Royal,228
7989,,Texas,Texas,NULL,228
7990,,Colorado,NULL,NULL,228
7991,,Georgia,Fannin Co.,NULL,228
7992,248,NULL,NULL,NULL,228
7993,248,Oregon,NULL,NULL,228
7994,,Arizona,Greenlee,NULL,228
7996,248,Colorado,NULL,Breckenridge,228
7998,248,Oklahoma,NULL,Connerville,228
7999,209,Oregon,Lane Co.,NULL,228
7999,248,Oregon,NULL,NULL,228
8001,189,Nevada,White Pine Co.,NULL,228
8002,97,NULL,NULL,NULL,NULL
8003,,Arizona,Yuma Co.,NULL,228
8004,,California,California,NULL,228
8005,189,Tennessee,Unicoi Co.,Near Indian Creek,228
8006,189,Arizona,NULL,NULL,228
8007,,Tasmania,NULL,NULL,13
8008,189,Montana,Madison Co.,NULL,228
8008,189,Montana,NULL,Butte,228
8009,189,North Carolina,Granville Co.,NULL,228
8010,189,North Carolina - Virginia,NULL,NULL,228
8012,209,Idaho,Lemhi Co.,Blue Wing District,228
8013,189,Colorado,Gunnison Co.,NULL,228
8014,97,NULL,NULL,NULL,NULL
8015,189,British Columbia,NULL,NULL,38
8016,189,Arizona,Yavapai Co.,NULL,228
8017,189,British Columbia,Riondel,Riondel,38
8018,189,California,San Bernardino Co.,Baker,228
8019,193,Massachusetts,NULL,Woburn,228
8020,193,Massachusetts,NULL,Woburn,228
8020,,Massachusetts,NULL,Woburn,228
8021,189,Massachusetts,NULL,Westfield,228
8022,193,Massachusetts,Middlesex Co.,Woburn,228
8022,193,Massachusetts,Woburn,Woburn,228
8023,,Massachusetts,Middlesex Co.,NULL,228
8024,189,California,Imperial Co.,NULL,228
8024,189,California,NULL,NULL,228
8025,189,Utah,San Juan Co.,NULL,228
8026,189,Oklahoma,Ottawa Co.,NULL,228
8027,,Kentucky,Pulaski,NULL,228
8028,,Kentucky,Anderson,NULL,228
8028,,Kentucky,Jefferson,NULL,228
8028,,Kentucky,Marion,NULL,228
8028,,Kentucky,Nelson,NULL,228
8028,,Kentucky,Shelby,NULL,228
8038,,Alabama,Franklin,NULL,228
8038,,Alabama,Marion,NULL,228
8039,70,Wisconsin,Bayfield,NULL,228
8040,189,New Mexico,NULL,Buckhorne,228
8041,189,Arkansas,NULL,NULL,228
8042,189,Nevada,NULL,NULL,228
8043,193,Massachusetts,Acushnet,Acushnet,228
8043,193,Massachusetts,Massachusetts,NULL,228
8044,,Alaska,Nome,Nome,228
8045,,New Mexico,NULL,NULL,228
8046,189,Nevada,NULL,NULL,228
8048,,South Carolina,Berkeley,NULL,228
8049,,South Carolina,Dorchester,NULL,228
8051,,Alabama,Fayette,NULL,228
8052,,Alabama,Fayette,NULL,228
8052,,Alabama,Lamar,NULL,228
8053,,Indiana,Jefferson,NULL,228
8054,,Alabama,Fayette,NULL,228
8055,,South Carolina,Charleston,NULL,228
8056,,Texas,Travis,NULL,228
8057,,Utah,San Juan,NULL,228
8058,,Texas,Llano Co.,NULL,228
8059,,Ohio,Allen Co.,NULL,228
8059,,Ohio,NULL,NULL,228
8060,,Texas,Amherst Co.,NULL,228
8061,,Texas,Llano Co.,NULL,228
8062,189,Missouri,Iron Co.,NULL,228
8063,,Texas,Llano Co.,NULL,228
8064,,Quebec,NULL,NULL,38
8065,,NULL,Blumberg,Blumberg,13
8066,,South Australia,NULL,NULL,13
8067,,NULL,NULL,NULL,209
8069,189,Nevada,Elko Co.,Jarbidge,228
8070,178,Oregon,NULL,NULL,228
8071,,NULL,NULL,"Blyberg, Elfdalen (Near)",208
8072,178,NULL,NULL,Birmingham,227
8072,178,NULL,NULL,NULL,227
8073,,California,Riverside Co.,NULL,228
8074,189,NULL,NULL,NULL,200
8075,,NULL,NULL,NULL,200
8076,70,NULL,Thule,NULL,85
8077,70,NULL,Thule,NULL,85
8078,70,NULL,Thule,NULL,85
8079,,Puerto Rico,NULL,NULL,176
8080,,Puerto Rico,NULL,NULL,176
8081,,Puerto Rico,NULL,NULL,176
8082,,Puerto Rico,NULL,NULL,176
8084,,Puerto Rico,NULL,NULL,176
8085,,Puerto Rico,NULL,NULL,176
8086,,Puerto Rico,NULL,NULL,176
8087,,Puerto Rico,NULL,NULL,176
8088,,Puerto Rico,NULL,NULL,176
8089,,Puerto Rico,NULL,NULL,176
8090,,Puerto Rico,NULL,NULL,176
8091,,Puerto Rico,NULL,NULL,176
8092,,Puerto Rico,NULL,NULL,176
8093,,Puerto Rico,NULL,NULL,176
8094,,Cape Province,NULL,NULL,200
8095,,Puerto Rico,NULL,NULL,176
8096,,Puerto Rico,NULL,NULL,176
8097,,Puerto Rico,NULL,NULL,176
8098,,Puerto Rico,NULL,NULL,176
8099,,Puerto Rico,NULL,NULL,176
8100,,Puerto Rico,NULL,NULL,176
8101,,Puerto Rico,NULL,Gurabo,176
8102,,Puerto Rico,NULL,NULL,176
8103,,Puerto Rico,NULL,NULL,176
8104,,Puerto Rico,NULL,NULL,176
8105,,Puerto Rico,NULL,NULL,176
8106,,Puerto Rico,NULL,NULL,176
8107,,Puerto Rico,NULL,NULL,176
8108,,Puerto Rico,NULL,NULL,176
8109,,Puerto Rico,NULL,NULL,176
8110,189,Maine,Washington Co.,Jonesboro,228
8111,189,NULL,NULL,NULL,148
8112,189,Minas Gerais,NULL,Espera Feliz,30
8113,,Minas Gerais,NULL,Galileia,30
8114,189,Minas Gerais,Galileia,Galileia,30
8115,189,Minas Gerais,NULL,NULL,30
8115,189,Minas Gerais,Rodrigo Silva,Rodrigo Silva,30
8116,,Minas Gerais,NULL,NULL,30
8117,189,Minas Gerais,NULL,NULL,30
8118,,Minas Gerais,NULL,NULL,30
8119,,NULL,NULL,NULL,157
8120,,Asturias,NULL,NULL,202
8121,,Alabama,Pickens,NULL,228
8122,,Lombardy,NULL,NULL,106
8123,,Nova Scotia,Nova Scotia,NULL,38
8124,,Nova Scotia,Digby Co.,NULL,38
8125,,Wyoming,NULL,NULL,228
8126,189,Arkansas,Marion Co.,NULL,228
8127,189,Tennessee,NULL,Lebanon,228
8128,220,Newfoundland,NULL,NULL,38
8129,189,Arizona,NULL,NULL,228
8130,189,Missouri,Cole Co.,NULL,228
8131,189,New Mexico,NULL,NULL,228
8132,,South Dakota,Pennington Co.,NULL,228
8133,,Colorado,Lake Co.,Leadville,228
8134,189,South Dakota,NULL,Hill City Area,228
8135,189,Colorado,Lake County,NULL,228
8136,189,Montana,NULL,NULL,228
8137,189,South Dakota,Keystone,Keystone,228
8137,189,South Dakota,NULL,Keystone,228
8137,189,South Dakota,NULL,NULL,228
8137,189,South Dakota,Pennington Co.,NULL,228
8138,189,South Dakota,Pennington Co.,Keystone,228
8139,189,California,California,NULL,228
8140,189,Colorado,Montrose Co.,Longpark,228
8140,189,Colorado,Montrose Co.,NULL,228
8141,189,Colorado,Montrose Co.,NULL,228
8142,189,Colorado,Gilpin Co.,NULL,228
8143,,NULL,Bobanong,Bobanong,28
8144,205,Cape,NULL,NULL,200
8145,189,Cape Province,NULL,Barkly West,200
8145,189,Cape Province,NULL,NULL,200
8146,189,New South Wales,NULL,Bindera,13
8146,189,New South Wales,NULL,Bingera,13
8147,68,Alaska,NULL,NULL,228
8148,,NULL,NULL,NULL,NULL
8149,189,NULL,Namibia,NULL,150
8150,,NULL,NULL,NULL,150
8151,,Wroclaw,NULL,NULL,174
8152,68,Alaska,NULL,NULL,228
8153,68,Alaska,NULL,NULL,228
8154,,Sverdlovskaya oblast,Poldnevaya,Poldnevaya,180
8155,,Ontario,Bedford,Bedford,38
8155,,Ontario,Kingston,Kingston,38
8155,,Ontario,Ontario,NULL,38
8156,,Ontario,NULL,NULL,38
8157,,Ontario,Frontenac Co.,NULL,38
8158,,Ontario,Frontenac Co.,NULL,38
8159,,Colorado,NULL,NULL,228
8160,,Colorado,NULL,Bobtail,228
8160,,Colorado,Trust,NULL,228
8160,,Colorado,Trust,Sterling,228
8161,,Colorado,Gilpin Co.,Blackhawk,228
8162,189,Arizona,NULL,NULL,228
8163,189,Colorado,Gilpin Co.,Blackhawk,228
8163,189,Colorado,Gilpin Co.,NULL,228
8163,189,Colorado,Montrose Co.,Paradox (near),228
8164,189,Minas Gerais,Galileia,Sapucaia Norte,30
8164,189,Minas Gerais,Sapucaia do Norte Galileia,Sapucaia do Norte Galileia,30
8165,,Minas Gerais,Galileia,NULL,30
8166,,NULL,NULL,NULL,86
8167,185,Tenerife,NULL,NULL,202
8168,,Bocas Del Toro Prov,NULL,NULL,168
8169,,Tuscany,NULL,NULL,106
8170,,Tuscany,NULL,NULL,106
8171,,NULL,NULL,NULL,209
8172,,NULL,NULL,NULL,140
8173,,NULL,NULL,NULL,140
8174,,Galicia,NULL,NULL,174
8176,,NULL,NULL,NULL,150
8177,,NULL,Bockenrod,Bockenrod,81
8178,189,Hesse,NULL,NULL,81
8178,189,NULL,NULL,NULL,81
8179,,NULL,NULL,Bockstein,14
8180,189,Durango,Guadalupe Victoria,Guadalupe Victoria,140
8181,,Irkutskaya Oblast,Lena River,Lena River,180
8182,189,Cornwall,St. Endellion,St. Endellion,227
8183,101,NULL,NULL,NULL,NULL
8184,,Saxony,Saxony,NULL,81
8185,,Saxony,NULL,NULL,81
8186,,Bavaria,NULL,NULL,81
8187,,Bavaria,NULL,NULL,81
8188,,Bavaria,NULL,NULL,81
8189,,Bavaria,NULL,NULL,81
8190,,Bavaria,NULL,NULL,81
8191,,Bavaria,NULL,NULL,81
8192,,NULL,NULL,NULL,81
8193,,Bavaria,NULL,NULL,81
8194,,NULL,NULL,NULL,81
8195,,Bavaria,NULL,NULL,81
8196,,Bavaria,NULL,NULL,NULL
8197,,Bavaria,NULL,NULL,81
8198,,Bohemia Region,NULL,NULL,57
8199,,NULL,NULL,NULL,81
8200,,Bavaria,NULL,NULL,81
8201,,Bavaria,NULL,NULL,81
8202,,Bavaria,NULL,NULL,81
8203,,Bavaria,NULL,NULL,81
8204,,Bavaria,NULL,NULL,81
8205,,NULL,NULL,"Bodenthal, Wienrode",81
8206,,Nevada,Fletcher,Fletcher,228
8207,,Nevada,NULL,NULL,228
8208,,England,Cornwall And Isles Of Scilly,NULL,227
8209,,England,Conrwall And Isles Of Scilly,NULL,227
8210,,England,Cornwall And Isles Of Scilly,NULL,227
8211,193,New Jersey,NULL,NULL,228
8211,193,New Jersey,Sussex Co.,NULL,228
8212,,Nordland,NULL,NULL,163
8213,,NULL,Bodo,Bodo,163
8213,,NULL,NULL,NULL,163
8214,,Nordland,NULL,NULL,163
8215,,NULL,NULL,Bodstal,81
8216,,Gotland,NULL,NULL,208
8217,,Gotland,NULL,NULL,208
8218,189,Maine,NULL,Vinalhaven,228
8219,,California,NULL,NULL,228
8220,,Idaho,Shoshone Co.,Boehls Butte Area,228
8222,,Idaho,Clearwater Co.,Boehls Butte Area,228
8225,,NULL,Sweden,NULL,208
8226,,Arizona,Dragoon,Dragoon,228
8227,248,NULL,NULL,NULL,200
8228,220,NULL,NULL,NULL,NULL
8229,,New Jersey,Monmouth,Farmingdale,228
8230,,Utah,Salt Lake Co.,NULL,228
8231,189,Utah,NULL,NULL,228
8233,,NULL,Bogaeho,Bogaeho,175
8234,189,NULL,NULL,NULL,175
8235,,NULL,NULL,NULL,175
8236,189,Alabama,Cherokee Co.,NULL,228
8237,,North Carolina,NULL,Wadesboro,228
8238,,NULL,NULL,NULL,54
8239,,Slavonia,Vukovar-Syrmia,Bogdanovci,54
8240,,NULL,NULL,NULL,98
8241,,NULL,Bogenfels,Bogenfels,150
8242,,Syddanmark,NULL,NULL,58
8243,,California,Lake Co.,NULL,228
8244,,California,Lake Co.,NULL,228
8245,189,Arizona,Arizona,NULL,228
8245,189,Arizona,Yavapai Co.,NULL,228
8246,220,NULL,NULL,NULL,86
8247,,NULL,NULL,NULL,163
8248,189,San Luis Potosi,NULL,San Luis Potosi (Near),140
8249,220,Alaska,NULL,NULL,228
8249,185,Alaska,NULL,NULL,228
8250,,NULL,NULL,Bogoslof,180
8251,209,NULL,NULL,NULL,NULL
8252,209,NULL,NULL,NULL,NULL
8253,209,NULL,NULL,NULL,NULL
8254,189,Sverdlovsk Oblast,NULL,NULL,180
8255,,NULL,NULL,NULL,NULL
8256,,NULL,Bogoslovsk,Bogoslovsk,180
8258,,NULL,NULL,NULL,NULL
8259,189,Boyaca,Muzo,Muzo,47
8260,,Capital District,NULL,NULL,47
8261,,NULL,NULL,NULL,47
8262,,Cundinamarca,NULL,NULL,47
8263,189,England,Cumbria,NULL,227
8264,,Telemark,NULL,NULL,163
8265,,Banat Region,NULL,NULL,179
8267,,NULL,NULL,NULL,NULL
8268,,NULL,NULL,NULL,NULL
8269,70,Minnesota,Clearwater,NULL,228
8270,209,Oregon,Lane Co.,Bohemia,228
8271,209,Oregon,NULL,NULL,228
8272,189,Oregon,Lane Co.,NULL,228
8273,,Bohemia Region,NULL,NULL,57
8273,,Bohemia Region Ca.,NULL,NULL,57
8274,,NULL,NULL,NULL,85
8275,,Bohemia,Abertamy,Abertamy,57
8276,,Bohemia,Becov,Becov,57
8277,,Bohemia,Bilina,Bilina,57
8278,,NULL,NULL,NULL,NULL
8279,,NULL,NULL,NULL,NULL
8280,,NULL,NULL,NULL,NULL
8281,,NULL,NULL,NULL,NULL
8282,,NULL,NULL,NULL,NULL
8283,,NULL,NULL,NULL,NULL
8284,,Bohemia,Brach,Brach,57
8286,,Bohemia,Cerhovice,Cerhovice,57
8287,,Bohemia,Cermniky,Cermniky,57
8288,,Bohemia,Ceska Kamenice,Ceska Kamenice,57
8289,,Bohemia,Cesky Krumlov,Nova Ves,57
8290,,Bohemia,Cinovec,Cinovec,57
8291,,NULL,NULL,NULL,57
8292,,Bohemia,Bohemia,NULL,57
8292,,Bohemia,NULL,NULL,57
8293,,NULL,NULL,NULL,NULL
8294,,Bohemia,Czickow,Czickow,57
8295,,Bohemia,Dedova Hora,Dedova Hora,57
8296,,Bohemia,Duchcov,Duchcov,57
8297,,Bohemia,Eulenberg,Eulenberg,57
8298,,Bohemia,Hauenstein,Hauenstein,57
8299,,Bohemia,Horni Blatna,Horni Blatna,57
8300,,Bohemia,Horni Slavkov,Horni Slavkov,57
8301,,Bohemia,Jachymov,Jachymov,57
8301,,Bohemia,NULL,Jachymov,57
8302,,Bohemia,Jakuby,Jakuby,57
8303,,Bohemia,Jilove,Jilove,57
8304,,Bohemia,Joachimsthal,Joachimsthal,57
8305,,Bohemia,Kaden,Kaden,57
8306,,Bohemia,Kank,Kank,57
8307,,Bohemia,Karlovy Vary Region,Loucna,57
8308,,Karlovy Vary Region,NULL,St Joachimsthal,57
8309,,Bohemia,Karlovy Vary,Karlovy Vary,57
8310,,Bohemia,Kernberg,Kernberg,57
8311,,Bohemia,NULL,Kladnow,57
8312,,Bohemia,Konigsberg,Konigsberg,57
8313,,Bohemia,Kremze,Kremze,57
8314,,Bohemia,Krepice,Krepice,57
8315,,Bohemia,Krkavec,Krkavec,57
8316,,Bohemia,Krupka,Krupka,57
8316,,Bohemia,NULL,Krupka,57
8317,,Bohemia,Kutna Hora,Kutna Hora,57
8318,,NULL,NULL,Kuttenberg,57
8319,,Bohemia,Kuttenberg,Kuttenberg,57
8320,,Bohemia,Lebositz,Lebositz,57
8321,,Bohemia,Lillenberg,Lillenberg,57
8322,,Bohemia,Litomerice,Litomerice,57
8323,,Bohemia,Loket,Loket,57
8324,,Bohemia,Merunice,Merunice,57
8325,,Bohemia,Michalovy Hory,Michalovy Hory,57
8326,,Bohemia,Mies,Mies,57
8327,,Bohemia,Milesov,Milesov,57
8328,,Bohemia,Mlada Vozice,Mlada Vozice,57
8329,,Bohemia,Most,Most,57
8330,,Bohemia,Neuhammer,Neuhammer,57
8331,,Bohemia,Obri Dul,Obri Dul,57
8332,,Bohemia,Olovi,Olovi,57
8333,209,Oregon,Lane Co.,Bohemia,228
8334,,Bohemia,Osek,Osek,57
8335,,Bohemia,Pchery,Pchery,57
8336,,Bohemia,Pisek,Pisek,57
8337,,Bohemia,Pribram,Pribram,57
8338,,NULL,NULL,Przibram,57
8339,,Bohemia,Radejcin,Radejcin,57
8340,,Bohemia,Ratiborice,Ratiborice,57
8341,,Bohemia,Repcice,Repcice,57
8342,,Bohemia,Rheinbreitbuck,Rheinbreitbuck,57
8343,,Bohemia,Ronsperk,Ronsperk,57
8344,,Bohemia,Roudny,Roudny,57
8345,,Bohemia,Schillenkin,Schillenkin,57
8346,,Bohemia,Stadice,Stadice,57
8347,,Bohemia,Stara Vozice,Stara Vozice,57
8348,,Bohemia,Strasice,Strasice,57
8349,,Bohemia,Stribro,Stribro,57
8350,,Bohemia,Svata Dobrotiva,Svata Dobrotiva,57
8351,,Bohemia,Trenice,Trenice,57
8352,,Bohemia,Usti Nad Labem,Usti Nad Labem,57
8353,,Bohemia,Usti Region,NULL,57
8354,,Bohemia,Valec,Valec,57
8355,,Bohemia,Vrapice,Vrapice,57
8356,,Bohemia,Zalezly,Zalezly,57
8357,,Bohemia,Zbiroh,Zbiroh,57
8358,,NULL,NULL,Zinnwald,57
8359,,Bohemia,NULL,Zinnwald,57
8360,,NULL,NULL,NULL,14
8361,,NULL,NULL,NULL,14
8362,,NULL,NULL,NULL,14
8363,189,Michigan,Ontonagon Co.,NULL,228
8364,195,NULL,NULL,NULL,197
8364,70,NULL,NULL,NULL,197
8364,70,NULL,NULL,NULL,NULL
8365,,NULL,NULL,Bohio (Quarry At),168
8366,,NULL,NULL,"Bohio Station, Prr (1/3 Mi W Of)",168
8367,189,Vastra Gotaland Co.,NULL,Karlsborg,208
8368,189,Colorado,Boulder Co.,NULL,228
8369,,NULL,NULL,NULL,NULL
8370,70,Wisconsin,Door,NULL,228
8370,70,Wisconsin,Marathon,NULL,228
8371,,NULL,NULL,NULL,179
8372,,Primorskiy Kray,Dal'negorsk,Dal'negorsk,180
8373,189,NULL,NULL,NULL,NULL
8374,,NULL,NULL,NULL,NULL
8375,189,Piaui,NULL,NULL,30
8376,,NULL,NULL,NULL,30
8377,,North Carolina,Cleveland Co.,NULL,228
8378,,North Carolina,NULL,NULL,228
8379,189,North Carolina,Henderson Co.,NULL,228
8380,,NULL,Hungary,NULL,98
8381,220,Maine,NULL,Milbridge,228
8382,,Auvergne,Puy-De-Dome Dept.,NULL,74
8383,193,Lower Normandy,NULL,NULL,74
8384,,Auvergne-Rhône-Alpes,NULL,NULL,74
8385,,Rhône-Alpes,Loire Dept.,NULL,74
8386,,Quebec,Nord Co.,NULL,38
8387,,Idaho,Ada Co.,NULL,228
8389,189,Idaho,Boise Co.,NULL,228
8391,,Idaho,Ada,Boise,228
8392,,Idaho,Idaho,NULL,228
8392,248,Idaho,NULL,Boise,228
8394,193,Idaho,NULL,Boise Area,228
8397,189,Idaho,Elmore,NULL,228
8397,189,Idaho,Elmore Co.,NULL,228
8398,,NULL,NULL,Boiset,74
8399,,Auvergne,Puy-De-Dome Dept.,NULL,74
8400,,NULL,NULL,NULL,74
8401,,Puy-de-dome,Puy-de-dome,NULL,74
8402,,NULL,NULL,Boitza,98
8403,,NULL,Valenca,Valenca,175
8403,,NULL,Valencia,Valencia,175
8404,,NULL,NULL,NULL,100
8405,189,NULL,NULL,NULL,100
8406,,NULL,NULL,NULL,81
8407,,NULL,NULL,NULL,231
8408,,NULL,NULL,NULL,99
8409,,NULL,NULL,Near Jos,159
8410,,NULL,NULL,Jos,159
8411,,NULL,NULL,NULL,81
8412,,NULL,South Africa,NULL,200
8413,189,Atacama Prov,NULL,Charnacillo,43
8414,,Atacama,NULL,NULL,43
8415,,Atacama,NULL,NULL,43
8416,,NULL,NULL,"Bolaerne, Christianiafiord",163
8417,,NULL,NULL,NULL,203
8418,189,NULL,Mexico,NULL,140
8419,189,NULL,NULL,NULL,140
8420,189,Guanajuato,NULL,NULL,140
8421,,NULL,NULL,NULL,81
8422,189,Crisana - Maramures,Cavnic,Cavnic,179
8423,,Baja California,NULL,NULL,140
8424,189,Baja California,NULL,Santa Rosalia,140
8425,189,Baja California,NULL,NULL,140
8426,,Estado de Baja California,NULL,NULL,140
8427,,Baja California,NULL,NULL,140
8428,,Estado de Baja California Sur,Mulegé,Santa Rosalia,140
8429,,NULL,NULL,NULL,NULL
8430,,Baja California,NULL,NULL,140
8431,,California,NULL,NULL,228
8432,,Baja California,NULL,NULL,140
8433,,Baja California,NULL,NULL,140
8434,189,NULL,NULL,NULL,174
8435,189,Vasterbotten,NULL,NULL,208
8436,189,Wroclaw,NULL,NULL,174
8437,189,NULL,NULL,NULL,174
8438,,NULL,Bolet,Bolet,208
8439,,Oklahoma,NULL,NULL,228
8440,70,Minnesota,Stearns,NULL,228
8441,189,NULL,NULL,NULL,208
8442,189,Vasterbotten,NULL,Boliden,208
8442,189,Vasterbotten,NULL,NULL,208
8443,,Vasterbotten,NULL,NULL,208
8444,,California,California,NULL,228
8445,,California,NULL,NULL,228
8446,,Texas,Newgulf,Newgulf,228
8447,,Texas,Matagorda Co.,NULL,228
8448,,Texas,NULL,NULL,228
8449,189,New South Wales,New South Wales,NULL,13
8450,189,Oruro,NULL,NULL,26
8451,189,Potosi,NULL,NULL,26
8452,189,Potosi Dept,NULL,NULL,26
8453,,Bolivar,NULL,NULL,233
8454,,NULL,Bolivia,NULL,26
8454,,NULL,NULL,NULL,26
8455,,Oruro,NULL,NULL,26
8456,189,NULL,Colombia,NULL,47
8457,,Varmland,NULL,Langban,208
8458,189,Potosi,NULL,NULL,26
8459,,NULL,NULL,NULL,26
8460,185,NULL,NULL,NULL,26
8461,189,NULL,NULL,NULL,43
8462,189,Atacama Prov,NULL,NULL,43
8463,189,Atacama Prov,NULL,NULL,43
8464,,NULL,NULL,NULL,NULL
8465,189,NULL,NULL,NULL,220
8466,,Baden-Württemberg,NULL,NULL,81
8467,189,NULL,NULL,NULL,81
8468,189,North Rhine-Westphalia,NULL,NULL,81
8469,193,Bavaria,NULL,Nördlinger,81
8470,,NULL,NULL,Bollstadt,81
8471,,NULL,NULL,NULL,106
8473,,Emilia-Romagna,NULL,NULL,106
8474,,NULL,NULL,NULL,106
8475,,Emilia-Romagna,NULL,NULL,106
8476,,Emilia-Romagna,NULL,NULL,106
8477,,Emilia-Romagna,NULL,NULL,106
8478,,Emilia-Romagna,NULL,NULL,106
8479,,Emilia-Romagna,NULL,NULL,106
8480,,Emilia-Romagna,NULL,NULL,106
8481,,Emilia-Romagna,NULL,NULL,106
8482,,Emilia-Romagna,NULL,NULL,106
8483,,Emilia-Romagna,NULL,NULL,106
8484,,NULL,NULL,Bologna,106
8485,,Emilia-Romagna,NULL,NULL,106
8486,,Latium,NULL,NULL,106
8487,70,Rieti,Viterbo,NULL,106
8488,70,Rieti,Viterbo,NULL,106
8489,220,Siberia,NULL,NULL,180
8490,185,Kamchatka,NULL,NULL,180
8491,189,NULL,NULL,NULL,26
8492,,NULL,NULL,NULL,99
8493,,NULL,NULL,NULL,99
8494,112,NULL,NULL,NULL,NULL
8495,,NULL,Boltino,Boltino,106
8496,193,Massachusetts,Bolton,Bolton,228
8496,193,Massachusetts,Worcester Co.,NULL,228
8497,189,Vermont,Chittenden Co. (?),NULL,228
8498,,Connecticut,Tolland Co.,NULL,228
8499,,Massachusetts,Bolton,Bolton,228
8500,193,Massachusetts,NULL,Bolton,228
8501,,NULL,Bolton,Bolton,13
8503,,Massachusetts,Worcester Co.,NULL,228
8504,189,England,Cumbria,NULL,227
8505,189,Cumbria,Rookhope,Rookhope,227
8506,189,Durham,Rookhope,Rookhope,227
8507,189,England,Durham,NULL,227
8508,,New York,Essex Co.,NULL,228
8509,,NULL,NULL,Bolvershahn,81
8510,189,Potosi,NULL,NULL,26
8511,189,Georgia,Dahlonega,Dahlonega,228
8512,,Trentino-Alto Adige,NULL,NULL,106
8513,,Trentino-Alto Adige,NULL,NULL,106
8514,,Trentino-Alto Adige,NULL,NULL,106
8515,,Trentino-Alto Adige,NULL,NULL,106
8516,,Bolzano,Alpe di Siusi,Puflach,106
8517,,Trentino-Alto Adige,NULL,NULL,106
8518,,Trentino-Alto Adige,NULL,NULL,106
8519,,Trentino-Alto Adige,NULL,NULL,106
8520,,Trentino-Alto Adige,NULL,NULL,106
8521,,Trentino-Alto Adige,NULL,NULL,106
8522,,Trentino-Alto Adige,NULL,NULL,106
8523,,Trentino-Alto Adige,NULL,NULL,106
8524,,Trentino-Alto Adige,NULL,NULL,106
8525,,Trentino-Alto Adige,NULL,NULL,106
8527,,Minas Gerais,NULL,NULL,30
8528,189,Bahia,Brumado,Brumado,30
8529,190,Bahia,NULL,Bom Jesus dos Meiras,30
8530,189,Bahia,Brumado,Brumado,30
8531,,NULL,NULL,NULL,224
8532,,NULL,NULL,NULL,224
8533,,NULL,NULL,NULL,NULL
8534,,NULL,NULL,Milos,84
8535,185,South Aegean,Milos,Milos,84
8537,,NULL,NULL,NULL,100
8541,,NULL,NULL,NULL,100
8542,,NULL,NULL,NULL,100
8544,,NULL,NULL,NULL,100
8545,,NULL,NULL,NULL,100
8546,,NULL,NULL,NULL,100
8547,,NULL,NULL,NULL,100
8548,,Maharashtra,Bombay,Bombay,100
8548,220,Maharashtra,NULL,NULL,100
8549,193,Maharashtra,Bombay,Bombay,100
8549,193,Maharashtra,Khandivali,Khandivali,100
8549,193,Maharashtra,Maharashtra,NULL,100
8551,,NULL,Bombay,Bombay,100
8551,,NULL,NULL,NULL,100
8552,,NULL,NULL,NULL,100
8553,,Maharashtra,NULL,Bombay,100
8554,,NULL,NULL,NULL,100
8555,,Western Ghats,NULL,NULL,100
8556,,NULL,NULL,Bombiana,106
8557,205,NULL,NULL,NULL,13
8558,,NULL,NULL,Bomela,163
8559,,NULL,NULL,Bomelo,163
8560,,NULL,Liberia,NULL,122
8561,189,NULL,NULL,NULL,122
8562,,NULL,NULL,Bomi Hills,122
8563,,NULL,Bomlo,Bomlo,163
8564,,Shaba,NULL,NULL,49
8565,189,Utah,NULL,NULL,228
8566,,NULL,South Africa,NULL,200
8567,,Transvaal,Barberton,Barberton,200
8568,189,NULL,NULL,NULL,200
8569,193,Connecticut,NULL,S Glastonbury,228
8570,193,New Hampshire,Alstead,Alstead,228
8571,,NULL,NULL,NULL,147
8572,,Constantine,Constantine,NULL,3
8573,189,Colorado,Hinsdale,NULL,228
8574,,NULL,NULL,NULL,NULL
8575,,NULL,NULL,NULL,NULL
8576,,Sardinia,NULL,NULL,106
8577,,NULL,NULL,NULL,147
8578,,Alabama,Baldwin,NULL,228
8578,,Alabama,Mobile,NULL,228
8579,,Bonai,NULL,NULL,100
8580,,Bonai,NULL,Siljora-Burda Area,100
8581,,NULL,NULL,NULL,86
8582,189,Nevada,NULL,NULL,228
8583,189,Arizona,NULL,Washington Camp,228
8584,,Alaska,NULL,NULL,228
8585,,Yukon Territory,Dawson City,Dawson City,38
8586,189,Utah,Ibapah,Ibapah,228
8587,,California,NULL,NULL,228
8588,189,NULL,NULL,NULL,140
8588,185,NULL,NULL,NULL,157
8589,189,Nevada,NULL,NULL,228
8590,189,Alaska,Alaska,NULL,228
8590,189,Alaska,NULL,Kennecott,228
8590,189,Alaska,NULL,Kennecott Area,228
8590,189,Alaska,NULL,"Latouche Island, Detroit, Valdez",228
8590,189,Alaska,NULL,NULL,228
8591,189,Arizona,NULL,NULL,228
8591,189,Arizona,Yuma Co.,NULL,228
8592,189,British Columbia,NULL,NULL,38
8593,189,California,Tuolumne Co.,NULL,228
8593,189,California,Tuolumne Co.,Sonora,228
8594,189,Colorado,San Juan Co.,NULL,228
8595,189,Kansas,Cherokee Co.,Galena,228
8596,189,Montana,Granite Co.,Flint Creek,228
8597,189,Nevada,Elko Co.,Contact,228
8597,189,Nevada,Esmeralda Co.,NULL,228
8598,189,New Mexico,NULL,NULL,228
8599,189,Oregon,Baker Co.,NULL,228
8599,189,Oregon,Oregon,NULL,228
8600,189,Nevada,NULL,Goodsprings,228
8601,189,Utah,Juab,NULL,228
8602,189,Zacatecas,NULL,NULL,140
8603,189,Kansas,Cherokee Co.,Galena,228
8604,189,Northwest Territories,NULL,NULL,38
8605,,Utah,NULL,NULL,228
8607,,NULL,NULL,NULL,106
8608,,NULL,NULL,NULL,106
8609,,Newfoundland,NULL,NULL,38
8610,,NULL,NULL,NULL,220
8611,,NULL,NULL,NULL,208
8612,189,NULL,NULL,NULL,240
8613,,NULL,NULL,NULL,240
8614,70,Wisconsin,Polk,NULL,228
8615,70,NULL,Liverpool Land,NULL,85
8616,70,NULL,Liverpool Land,NULL,85
8617,70,NULL,Liverpool Land,NULL,85
8618,70,NULL,Liverpool Land,NULL,85
8619,70,NULL,Liverpool Land,NULL,85
8620,70,NULL,Liverpool Land,NULL,85
8621,193,NULL,NULL,NULL,107
8622,189,NULL,NULL,NULL,122
8622,193,NULL,NULL,NULL,122
8623,,NULL,NULL,Nassau,81
8624,,NULL,NULL,NULL,78
8625,,NULL,NULL,NULL,78
8626,,Rhône-Alpes,Savoie Dept.,NULL,74
8627,,NULL,NULL,Bonike,122
8628,220,NULL,NULL,NULL,108
8629,,Colorado,San Juan Co.,NULL,228
8630,,Colorado,NULL,NULL,228
8631,,NULL,NULL,NULL,81
8632,,North Rhine-Westphalia,NULL,NULL,81
8633,,NULL,NULL,NULL,81
8634,,NULL,NULL,"Bonn (Near), Obercassel",81
8635,,NULL,NULL,NULL,81
8636,,NULL,NULL,Bonn,81
8637,,NULL,NULL,"Bonn, Roderberg",81
8638,189,Montana,Beaverhead Co.,NULL,228
8639,,South Carolina,Berkeley,NULL,228
8640,189,Colorado,San Juan,Silverton,228
8641,189,Virginia,Shenandoah Co.,NULL,228
8642,70,Ohio,Holmes,NULL,228
8643,70,Ohio,Holmes,NULL,228
8644,70,Ohio,Holmes,NULL,228
8645,70,Ohio,Holmes,NULL,228
8646,70,Ohio,Holmes,NULL,228
8647,70,Ohio,Holmes,NULL,228
8648,70,Ohio,Holmes,NULL,228
8649,,Yukon,NULL,NULL,38
8650,189,Colorado,NULL,NULL,228
8651,189,Colorado,NULL,NULL,228
8652,189,Michigan,NULL,NULL,228
8653,189,Colorado,NULL,NULL,228
8654,70,Alaska,Alexander Archipelago,NULL,228
8655,70,Alaska,Alexander Archipelago,NULL,228
8656,70,Alaska,Alexander Archipelago,NULL,228
8657,,California,San Diego Co.,NULL,228
8658,189,Victoria,NULL,Ballart,13
8659,,California,NULL,NULL,228
8660,,NULL,NULL,Bonte,147
8661,189,NULL,NULL,"Bontoc, Suyoc",172
8662,189,California,Plumas Co.,Indian Valley,228
8663,220,NULL,NULL,NULL,101
8664,,Georgia,Floyd Co.,Booger Hollow,228
8666,,Colorado,Mesa Co.,NULL,228
8667,,Utah,NULL,NULL,228
8668,,Colorado,Mesa Co.,NULL,228
8670,189,Michigan,Iron Co.,NULL,228
8671,189,Virginia,Buckingham Co.,NULL,228
8672,189,Maine,Topsham,Topsham,228
8673,193,Maine,Bowdoinham,Bowdoinham,228
8674,,South Australia,NULL,NULL,13
8675,,South Australia,South Australia,NULL,13
8676,189,South Dakota,Pennington Co.,NULL,228
8677,189,Colorado,Lake Co.,NULL,228
8677,189,Colorado,Park Co.,NULL,228
8678,,NULL,NULL,NULL,NULL
8679,189,Queensland,NULL,NULL,13
8680,252,NULL,NULL,NULL,NULL
8681,205,NULL,NULL,NULL,13
8682,189,West Virginia,Logan County,Monclo,228
8683,,Alabama,Tuscaloosa,NULL,228
8684,193,Tennessee,Washington Co.,NULL,228
8685,193,Tennessee,Washington Co.,NULL,228
8686,,Tennessee,NULL,NULL,228
8687,,North Carolina,NULL,NULL,228
8688,,North Carolina,NULL,NULL,228
8689,,New Jersey,Morris Co.,NULL,228
8690,193,Oregon,NULL,Gaston,228
8691,189,California,Placer Co.,NULL,228
8692,193,Maine,NULL,Jonesboro,228
8693,220,NULL,NULL,NULL,NULL
8694,193,Maine,NULL,Waldsboro,228
8695,189,Nevada,NULL,NULL,228
8698,,England,Cumbria,NULL,227
8699,,NULL,NULL,NULL,101
8700,189,Wisconsin,NULL,NULL,228
8701,,Maryland,Montgomery Co.,NULL,228
8702,,New York,NULL,Willsboro,228
8703,189,Paraiba,NULL,NULL,30
8704,189,Rio Grande Do Norte,NULL,NULL,30
8705,,Rio Grande Do Norte,NULL,NULL,30
8706,,Rio Grande Do Norte,Rio Grande Do Norte,NULL,30
8707,185,NULL,NULL,NULL,65
8708,189,Minas Gerais,NULL,NULL,30
8709,189,NULL,NULL,NULL,NULL
8710,189,Serbia,Bor,Bor,192
8711,189,Far-Eastern Region,Primorskiy Kray,Dalnegorsk,180
8712,189,Primorskiy Kray,NULL,NULL,180
8713,193,Primorskiy Kray,Dal'negorsk,Dal'negorsk,180
8713,193,Primorskiy Kray,NULL,Dalnegorsk,180
8714,220,French Polynesia,NULL,NULL,76
8715,,NULL,NULL,NULL,180
8716,,California,San Bernardino Co.,NULL,228
8717,,NULL,NULL,NULL,220
8718,,California,San Bernardino Co.,NULL,228
8719,,California,Kern Co.,NULL,228
8720,,California,San Bernardino Co.,NULL,228
8721,,California,NULL,NULL,228
8722,,California,NULL,NULL,228
8723,,California,NULL,NULL,228
8724,,NULL,NULL,NULL,179
8725,,Nevada,NULL,Borax City,228
8726,189,California,San Bernardino Co.,NULL,228
8727,,California,Lake Co. (?),NULL,228
8728,,California,Lake Co.,NULL,228
8729,,California,San Bernardino Co.,NULL,228
8730,,California,Lake Co.,NULL,228
8731,205,California,Lake Co.,NULL,228
8732,,California,NULL,NULL,228
8733,,California,California,NULL,228
8734,,California,Lake Co. (?),NULL,228
8735,,California,Lake Co.,NULL,228
8736,,California,San Benito Co.,NULL,228
8737,,California,San Bernardino Co.,NULL,228
8738,,California,NULL,NULL,228
8739,,Nevada,NULL,NULL,228
8740,189,California,Los Angeles Co.,NULL,228
8741,189,California,Inyo Co.,NULL,228
8742,189,California,Lake Co.,NULL,228
8743,,California,San Bernardino Co.,NULL,228
8744,,California,Ryan,Ryan,228
8745,,NULL,NULL,NULL,179
8746,221,NULL,NULL,NULL,30
8747,221,NULL,NULL,NULL,30
8748,221,NULL,NULL,NULL,30
8749,221,NULL,NULL,NULL,30
8750,221,NULL,NULL,NULL,30
8751,221,NULL,NULL,NULL,30
8752,221,NULL,NULL,NULL,30
8753,221,NULL,NULL,NULL,30
8754,221,NULL,NULL,NULL,30
8755,221,NULL,NULL,NULL,30
8756,221,NULL,NULL,NULL,30
8757,221,NULL,NULL,NULL,30
8758,221,NULL,NULL,NULL,30
8759,221,NULL,NULL,NULL,30
8760,221,NULL,NULL,NULL,30
8761,221,NULL,NULL,NULL,30
8762,221,NULL,NULL,NULL,30
8763,221,NULL,NULL,NULL,30
8764,221,NULL,NULL,NULL,30
8765,221,NULL,NULL,NULL,30
8766,221,NULL,NULL,NULL,30
8767,221,NULL,NULL,NULL,30
8768,221,NULL,NULL,NULL,30
8769,221,NULL,NULL,NULL,30
8770,221,NULL,NULL,NULL,30
8771,189,NULL,Colombia,NULL,47
8772,,NULL,NULL,BorcsLaw,174
8773,,Beira Prov,NULL,"Bordallo, Coimbra",175
8775,,New Jersey,NULL,NULL,228
8776,,New Mexico,NULL,NULL,228
8777,,Poitou-Charentes,Vienne Dept.,NULL,74
8778,,NULL,NULL,NULL,43
8779,,California,San Diego Co.,NULL,228
8780,,Bartin Province,NULL,Amasra,220
8781,,NULL,NULL,NULL,240
8782,,NULL,NULL,NULL,240
8783,,NULL,NULL,NULL,240
8784,,NULL,NULL,NULL,240
8785,,NULL,NULL,NULL,240
8786,,NULL,NULL,NULL,240
8787,,NULL,NULL,NULL,240
8788,,NULL,NULL,NULL,240
8789,,NULL,NULL,NULL,240
8790,,NULL,NULL,NULL,240
8791,,NULL,NULL,Osecna,57
8792,,NULL,NULL,Slaný,57
8792,,Slaný,NULL,NULL,57
8793,189,Minas Gerais,NULL,Espera Feliz,30
8794,189,North Carolina,Granville Co.,NULL,228
8795,,NULL,NULL,Borenore,3
8796,185,NULL,NULL,NULL,99
8797,,NULL,NULL,NULL,99
8798,189,Minas Gerais,NULL,Espera Feliz,30
8799,,Sicily,NULL,NULL,106
8800,,Graubunden,NULL,NULL,209
8801,189,Arizona,Mohave Co.,NULL,228
8801,189,Arizona,NULL,NULL,228
8802,189,Arizona,Mohave Co.,NULL,228
8802,189,Arizona,Mohave Co.,Yucca Area,228
8803,,Saxony,Saxony,NULL,81
8804,189,NULL,NULL,NULL,33
8805,189,Smolyan Oblast,NULL,Madan,33
8806,189,NULL,Madan,Madan,33
8807,,Bohemia,Bohemia,NULL,57
8807,,Bohemia,Teplice,Teplice,57
8808,,Galicia,NULL,NULL,174
8809,,NULL,NULL,NULL,174
8810,189,Zacatecas,NULL,NULL,140
8811,248,NULL,NULL,NULL,NULL
8812,220,NULL,NULL,NULL,101
8812,220,NULL,NULL,Pleihari,101
8812,220,NULL,NULL,"Pleihari, 4 Paal E Of",101
8812,220,NULL,NULL,"Pleihari, 8 Mi From",101
8812,220,NULL,NULL,"Pleihari, On Road From",101
8813,220,East Malaysia,NULL,NULL,131
8814,,Borneo Island,NULL,NULL,101
8815,189,Queensland,NULL,Heberton,13
8816,189,Queensland,NULL,Herberton,13
8817,,NULL,NULL,NULL,101
8818,,Borneo,Borneo,NULL,101
8819,,NULL,NULL,Bornershof,81
8820,,Northwest Territories,NULL,NULL,38
8821,,New Mexico,Lincoln Co.,NULL,228
8822,,California,Kern Co.,NULL,228
8823,189,California,Kern Co.,NULL,228
8823,189,California,NULL,NULL,228
8824,189,Michigan,NULL,NULL,228
8825,189,California,Kern Co.,NULL,228
8825,189,California,NULL,NULL,228
8826,189,California,Kern Co.,Boron,228
8826,189,California,Kern Co.,NULL,228
8826,189,California,NULL,Boron,228
8827,,Primorskiy Kray,NULL,NULL,180
8828,,California,Kern Co.,NULL,228
8829,,California,Inyo Co.,NULL,228
8829,,California,Kern Co.,NULL,228
8829,,California,Kern Co. (?),NULL,228
8829,,California,NULL,NULL,228
8829,,NULL,NULL,Boron,228
8830,,California,Kern Co.,NULL,228
8831,,Western Australia,Coolgardie,Coolgardie,13
8834,193,Lower Silesia,NULL,Strzegom,174
8835,189,California,Inyo Co.,NULL,228
8836,,Braga,Braga,NULL,175
8837,193,Michigan,Monroe Co.,NULL,228
8838,,England,Cumbria,NULL,227
8839,,NULL,NULL,NULL,179
8840,,Chitinskaya Oblast,Chitinskaya Oblast,NULL,180
8842,,Borsod-Abauj Zemplen county,NULL,Felsobanya,98
8843,,Borsod-Abauj-Zemplen,NULL,NULL,98
8845,,Borsod-Abauj-Zemplen,NULL,Tokager Berg,98
8846,,Borsod-Gomor,NULL,NULL,98
8847,,Chelyabinskaya Oblast,Kyschtym,Kyschtym,180
8848,,NULL,NULL,"Boryslaw, Galacia",14
8850,,NULL,NULL,NULL,14
8851,,NULL,NULL,"Boryslaw, Galicia",14
8852,,NULL,NULL,NULL,98
8853,183,NULL,NULL,NULL,202
8854,,Trentino-Alto Adige,NULL,Tirol,106
8855,,New Hampshire,Merrimack Co.,NULL,228
8856,,NULL,NULL,NULL,200
8857,,NULL,NULL,NULL,227
8858,,NULL,NULL,NULL,227
8859,,NULL,NULL,NULL,227
8860,221,NULL,NULL,NULL,106
8861,,NULL,NULL,Bosenberg,81
8862,,NULL,NULL,NULL,57
8863,,NULL,Bosing,Bosing,196
8864,,NULL,NULL,NULL,200
8865,189,Kansas,NULL,"Picher, Oklahoma (Near)",228
8867,,Bohemia Region,NULL,NULL,57
8869,193,England,NULL,Cornwall,227
8870,,NULL,NULL,NULL,27
8872,,Bosnia,Basovaca,Basovaca,27
8873,,Bosnia,Busovaca,Busovaca,27
8874,,NULL,NULL,NULL,NULL
8875,,NULL,NULL,NULL,NULL
8876,,NULL,NULL,NULL,NULL
8877,,NULL,NULL,NULL,NULL
8878,,Bosnia,Muskara,Muskara,27
8879,,Bosnia,NULL,"Province Of Bosnia, Kreschero",220
8880,,NULL,NULL,NULL,NULL
8881,,NULL,Spain,NULL,202
8883,,NULL,NULL,NULL,140
8884,,Guanajuato,NULL,NULL,140
8885,189,California,Mariposa Co.,NULL,228
8886,189,Nevada,Clark Co.,NULL,228
8887,189,Utah,NULL,NULL,228
8888,189,Montana,NULL,Pony,228
8889,189,Utah,Juab Co.,NULL,228
8890,,NULL,NULL,NULL,179
8892,,Massachusetts,NULL,Waltham,228
8893,,Massashusetts,NULL,Stoneham,228
8894,189,Alaska,NULL,Juneau,228
8895,,Massachusetts,Boston,Boston,228
8896,189,Utah,NULL,Muddy Fork,228
8897,189,Utah,Bingham Canyon,Bingham Canyon,228
8898,189,Ontario,Cobalt,Cobalt,38
8899,,Ontario,NULL,NULL,38
8900,189,New Mexico,Grant Co.,NULL,228
8901,,New Mexico,Silver City,Silver City,228
8902,,New Mexico,NULL,NULL,228
8903,189,Michigan,Houghton Co.,NULL,228
8904,189,Montana,NULL,NULL,228
8905,189,Nevada,Elko Co.,Contact,228
8905,189,Nevada,White Pine Co.,NULL,228
8906,,Massachusetts,Boston,Boston,228
8907,189,North Carolina,Mitchell Co.,Estatoe,228
8908,,California,NULL,NULL,228
8909,,California,NULL,NULL,228
8910,189,Sonora,NULL,NULL,140
8911,,NULL,NULL,NULL,82
8912,,Aust-Agder,NULL,NULL,163
8913,,NULL,NULL,NULL,38
8914,193,England,NULL,Cornwall,227
8915,189,Cornwall,Wendron,Wendron,227
8916,189,NULL,NULL,Snarum,163
8917,189,Cornwall,St. Just,St. Just,227
8918,189,England,Cornwall And Isles Of Scilly,NULL,227
8918,189,England,NULL,NULL,227
8919,,England,Cornwall And Isles Of Scilly,NULL,227
8920,,NULL,NULL,NULL,NULL
8921,,New South Wales,NULL,NULL,13
8922,189,Zacatecas,NULL,NULL,140
8923,189,NULL,NULL,NULL,179
8924,189,Transylvania,Bucium,Bucium,179
8925,,Transilvania Region,Hunedoara Co.,NULL,179
8926,,Transilvania Region,NULL,NULL,179
8927,,Transilvania Region,NULL,NULL,179
8928,,NULL,NULL,NULL,179
8929,,Transilvania Region,NULL,NULL,179
8930,,Zacatecas,NULL,NULL,140
8931,,Transilvania Region,NULL,NULL,179
8932,,Telemark,NULL,NULL,163
8933,,Transilvania Region,NULL,NULL,179
8934,,NULL,NULL,NULL,28
8935,70,Tuscany,Lucca,NULL,106
8936,189,England,Cornwall,NULL,227
8938,189,Tuscany,NULL,NULL,106
8938,189,Tuscany,Serravezza,Serravezza,106
8938,189,Tuscany,Tuscany,NULL,106
8939,,NULL,NULL,Bottino,106
8939,,NULL,NULL,NULL,106
8942,,Toscana,NULL,NULL,106
8943,,Tuscany,NULL,NULL,106
8944,,California,NULL,NULL,228
8945,97,NULL,NULL,NULL,NULL
8946,97,NULL,NULL,NULL,NULL
8947,,South Carolina,Charleston,NULL,228
8948,,maine,maine,NULL,228
8949,,Virginia,New Kent,NULL,228
8950,,Newfoundland,NULL,NULL,38
8951,,Chelyabinskaya Oblast,Kyschtym,Kyschtym,180
8952,209,Souss-Massa-Draa,Ouarzazate,Tazenakht,147
8953,189,NULL,NULL,NULL,147
8954,,NULL,Bou Azzer,Bou Azzer,147
8954,,NULL,Bou Azzer,NULL,147
8954,,NULL,NULL,Bou Azzer,147
8954,,NULL,NULL,Bou Azzur,147
8954,,NULL,NULL,NULL,147
8954,,NULL,NULL,Tamdrost,147
8954,,NULL,Ouarzazate Province,NULL,147
8955,189,NULL,Bou Becker,Bou Becker,147
8956,,NULL,Bou Behen,Bou Behen,147
8957,,NULL,NULL,NULL,147
8958,,NULL,NULL,NULL,147
8959,,NULL,Bou Bider,Bou Bider,147
8960,,NULL,NULL,NULL,147
8961,,Constantine,Constantine,NULL,3
8962,,Khenifra,Mibladen,Mibladen,147
8963,,NULL,NULL,NULL,147
8964,,NULL,Bou Ousel,Bou Ousel,147
8965,,NULL,NULL,NULL,53
8966,,NULL,NULL,NULL,147
8967,,NULL,Bou Skour,NULL,147
8967,,NULL,NULL,NULL,147
8968,,Oarzazate,Skoura,Skoura,147
8969,,NULL,Bou Tazoult,Bou Tazoult,147
8969,,NULL,NULL,NULL,147
8970,189,NULL,Imini,NULL,147
8971,,NULL,Algeria,NULL,3
8972,,Menkes-Tafilalet Region,Khenifira Prov.,NULL,147
8973,,NULL,Bouarfa,Bouarfa,147
8974,101,Arizona,NULL,NULL,228
8975,228,NULL,NULL,NULL,NULL
8976,189,North Rhine-Westphalia,NULL,NULL,81
8978,,NULL,NULL,NULL,155
8979,,Bavaria,NULL,NULL,81
8980,,Bouenza Dept.,M'fouti dist.,NULL,50
8981,,England,Cumbria,NULL,227
8982,,NULL,NULL,NULL,74
8983,189,England,York,Cleveland,227
8984,189,NULL,Cleveland,Cleveland,227
8985,189,England,Cleveland,NULL,227
8986,,Maine,NULL,NULL,228
8987,,Wyoming,NULL,NULL,228
8988,,Colorado,Jefferson County,NULL,228
8989,,Colorado,NULL,NULL,228
8990,,Nevada,NULL,NULL,228
8991,,Nevada,NULL,NULL,228
8992,189,Idaho,NULL,NULL,228
8993,,Colorado,NULL,NULL,228
8994,248,NULL,NULL,NULL,NULL
8995,205,Colorado,NULL,NULL,228
8996,,Idaho,Shoshone Co.,Roundtop Area,228
8997,,Arizona,NULL,NULL,228
8997,,Nevada,NULL,NULL,228
8998,,Arizona,Arizona,NULL,228
8999,,Western Australia,NULL,Lakeview And Star Ltd.,13
9000,,Nevada,Nevada,NULL,228
9001,,NULL,NULL,NULL,NULL
9002,,CO,Boulder,NULL,228
9003,,Colorado,NULL,NULL,228
9004,,Colorado,NULL,NULL,228
9006,,Utah,Garfield,NULL,228
9007,,Chelyabinskaya oblast,Miass,Miass,180
9008,,California,NULL,NULL,228
9009,,NULL,NULL,NULL,86
9010,,NULL,NULL,"Boulouvis, Esterel",74
9011,,New Jersey,NULL,NULL,228
9011,,New Jersey,Somerset Co.,NULL,228
9013,248,NULL,NULL,NULL,NULL
9014,,Yukon Territory,NULL,NULL,38
9016,248,NULL,NULL,NULL,NULL
9017,209,Washington,NULL,NULL,228
9018,,NULL,NULL,"Bounoudou, Area",90
9020,,NULL,NULL,Bounoudou,90
9020,,NULL,NULL,"Bounoudou, Area",90
9022,189,Arizona,Mohave Co.,NULL,228
9023,112,NULL,NULL,NULL,NULL
9024,,Champagne-Ardenne,Haute-Marne Dept.,NULL,74
9025,,Auvergne,Puy-De-Dome Dept.,NULL,74
9026,,NULL,France,NULL,74
9027,,Auvergne-Rhône-Alpes,Isère,Bourg D'Oisans,74
9027,,NULL,NULL,NULL,74
9028,,Rhône-Alpes,Isere Dept.,NULL,74
9029,,Rhone-Alpes,Isere Dept.,NULL,74
9030,,NULL,NULL,"Bourges (Near), Cherbourg",74
9031,70,NULL,NULL,NULL,74
9031,195,NULL,NULL,NULL,74
9031,70,NULL,NULL,NULL,NULL
9031,,NULL,NULL,NULL,NULL
9032,70,Savoie,NULL,NULL,74
9033,,Bourgogne-Franche-Compte Region,Saone-et-Loire Dept.,"Margenne, Autun",74
9034,189,NULL,NULL,NULL,200
9035,189,Transvaal,NULL,NULL,200
9036,189,Transvaal,NULL,NULL,200
9037,,Auvergne,NULL,NULL,74
9038,205,Auvergne,Haute-Loire,Le Puy,74
9039,189,Nevada,Elko Co.,Jarbidge,228
9040,,Arizona,La Paz Co.,NULL,228
9041,,Arizona,NULL,NULL,228
9042,189,NULL,NULL,NULL,147
9043,220,NULL,NULL,NULL,NULL
9044,189,NULL,NULL,NULL,3
9045,,Auvergne-Rhône-Alpes,Haute-Loire,Chanteloube,74
9046,193,Vermont,Washington Co.,Barre Twp,228
9046,193,Vermont,Washington Co.,NULL,228
9047,,NULL,NULL,NULL,74
9048,,NULL,NULL,NULL,8
9049,172,NULL,NULL,NULL,NULL
9050,,Devon,Devon,NULL,227
9051,,England,Devon,NULL,227
9052,,England,Devon,NULL,227
9053,,England,Devon,NULL,227
9054,,NULL,NULL,NULL,38
9055,193,Maine,NULL,Freeport,228
9056,,NULL,NULL,NULL,NULL
9057,,NULL,NULL,NULL,13
9058,189,Nevada,NULL,Ely,228
9059,189,Nevada,NULL,NULL,228
9060,,NULL,NULL,NULL,13
9061,,New York,Pierrepont,Pierrepont,228
9062,189,Idaho,Boise Co.,NULL,228
9063,,DE,NULL,NULL,228
9064,,New York,St. Lawrence Co.,NULL,228
9065,,NULL,NULL,NULL,NULL
9066,189,North Carolina,Jackson Co.,NULL,228
9067,,NULL,NULL,NULL,NULL
9068,128,NULL,NULL,NULL,NULL
9069,189,Virginia,NULL,Timberville,228
9070,189,Colorado,Boulder Co.,NULL,228
9071,,Virginia,Gouldin,Gouldin,228
9073,,Arizona,Graham Co.,NULL,228
9074,189,Arizona,Yavapai Co.,Copper Mt.,228
9076,193,New Hampshire,NULL,Fitzwilliam,228
9077,,New South Wales,NULL,NULL,13
9078,,NULL,NULL,NULL,NULL
9080,193,Scotland,Strathclyde,NULL,227
9081,,North Carolina,Yancey Co.,NULL,228
9082,189,Nevada,Eureka Co.,Eureka,228
9082,189,Nevada,NULL,NULL,228
9083,,North Dakota,NULL,NULL,228
9084,,British Columbia,NULL,NULL,38
9084,,British Columbia,NULL,Prince George,38
9085,,British  Columbia,NULL,NULL,38
9085,,British Columbia,NULL,NULL,38
9086,134,Minnesota,Itasca,NULL,228
9087,,NULL,NULL,NULL,NULL
9088,,California,NULL,NULL,228
9090,,Arizona,Alamo,Alamo,228
9091,,Arizona,Mohave Co.,NULL,228
9092,56,Nevada,NULL,NULL,228
9093,,Utah,Box Elder Co.,Lucin,228
9094,,Colorado,Arapahoe Co.,NULL,228
9096,189,Saskatchewan,Lake Athabaska,Goldfields,38
9097,189,Wyoming,NULL,Pumpkin Buttes,228
9098,,North Rhine-Westphalia,NULL,NULL,81
9099,205,Montana,Hill Co.,NULL,228
9100,,Montana,Hill Co.,NULL,228
9101,,Utah,NULL,NULL,228
9102,205,Montana,Hill Co.,NULL,228
9103,,Alabama,Fayette,NULL,228
9104,,Northern Territory,NULL,NULL,13
9105,,Northern Territory,NULL,NULL,13
9106,,North Carolina,Halifax Co.,NULL,228
9108,,MN,NULL,NULL,228
9109,,Boyaca Dept,NULL,Muzo,47
9110,,Boyaca Dept,NULL,"Muzo, Hoyo Chanare",47
9111,,Boyaca Dept,NULL,"Tequendama, Muzo",47
9112,,Boyaca,NULL,Chivor,47
9113,,Boyaca,Boyaca,NULL,47
9114,,Boyaca,Muzo,Muzo,47
9115,189,Tennessee,NULL,NULL,228
9116,189,Tennessee,NULL,NULL,228
9117,106,NULL,NULL,NULL,NULL
9118,106,NULL,NULL,NULL,NULL
9119,189,Ontario,NULL,NULL,38
9120,189,Tennessee,NULL,NULL,228
9121,,New Mexico,NULL,NULL,228
9122,,NULL,NULL,NULL,NULL
9123,,Pennsylvania,Buchanan,Buchanan,228
9124,189,New South Wales,NULL,Yetholma,13
9125,,NULL,NULL,NULL,NULL
9126,,Virginia,Shenandoah Co.,NULL,228
9127,,Virginia,Shenandoah Co.,NULL,228
9128,189,Pennsylvania,Berks Co.,NULL,228
9129,,Pennsylvania,Berks Co.,NULL,228
9132,248,NULL,NULL,NULL,NULL
9133,193,Scotland,NULL,NULL,227
9133,193,Scotland,Renfrew,NULL,227
9133,193,Scotland,Renfrewshire,NULL,227
9134,,NULL,NULL,NULL,104
9135,,NULL,NULL,NULL,227
9139,,NULL,NULL,NULL,11
9140,,NULL,NULL,NULL,150
9141,,NULL,NULL,Brabant,21
9142,189,Aveiro,NULL,NULL,175
9143,,Aveiro,NULL,NULL,175
9144,,NULL,Bracal,Bracal,175
9145,,Liguria,Liguria,NULL,106
9146,,NULL,NULL,NULL,74
9147,24,NULL,NULL,NULL,13
9148,24,NULL,NULL,NULL,13
9149,189,Connecticut,NULL,NULL,228
9150,189,California,Inyo Co.,NULL,228
9151,,NULL,NULL,NULL,227
9152,,Maine,NULL,NULL,228
9153,193,Arkansas,NULL,Little Rock,228
9153,193,Arkansas,Pulaski Co.,Little Rock,228
9154,189,NULL,NULL,NULL,43
9155,193,Kentucky,Breckinridge,NULL,228
9156,,Alaska,NULL,NULL,228
9157,,Nevada,NULL,Eureka,228
9158,248,Colorado,NULL,NULL,228
9159,70,Wyoming,Teton,NULL,228
9160,70,Wyoming,Teton,NULL,228
9161,70,Wyoming,Teton,NULL,228
9162,70,Wyoming,Teton,NULL,228
9163,70,Wyoming,Teton,NULL,228
9164,70,Wyoming,Teton,NULL,228
9165,189,Idaho,NULL,Stibnite,228
9166,113,NULL,NULL,NULL,NULL
9167,189,NULL,NULL,NULL,89
9168,189,Nevada,NULL,NULL,228
9169,113,NULL,NULL,NULL,NULL
9170,,Arizona,NULL,NULL,228
9171,,Maryland,NULL,NULL,228
9172,193,New Jersey,Hawthorne,Hawthorne,228
9172,193,New Jersey,Passaic Co.,NULL,228
9174,,NULL,Portugal,NULL,175
9175,209,NULL,NULL,Moncorvo,175
9176,,NULL,Braganca,Braganca,175
9176,,NULL,NULL,Braganza,175
9176,,NULL,NULL,Braganza Province,175
9176,,NULL,NULL,NULL,175
9177,,Braganca,Braganza,Braganza,175
9178,,Bragança,NULL,NULL,175
9179,,Bragança,NULL,"Tras-Os-Montes, Braganza",175
9180,,Alabama,Lowndes,Braggs,228
9181,,Alabama,Lowndes,NULL,228
9182,193,North Carolina,NULL,NULL,228
9183,,Brahin,NULL,NULL,180
9185,,massachusetts,massachusetts,NULL,228
9186,221,Massachusettes,Norfolk,Quincy,228
9186,189,Massachusettes,Norfolk,Weymouth,228
9186,4,Massachusettes,Suffolk,Boston,228
9187,189,Massachusetts,Norfolk,Weymouth,228
9188,,Saxony,NULL,NULL,81
9189,189,Colorado,NULL,NULL,228
9190,70,Michigan,Delta,NULL,228
9192,,Lower Saxony,NULL,NULL,81
9193,248,NULL,NULL,NULL,NULL
9195,,Indiana,Scott,NULL,228
9196,189,Massachusetts,Berkshire Co.,Richmond Center,228
9197,,Michigan,"BRANCH, MI",NULL,228
9199,193,Connecticut,Branchville,Branchville,228
9199,193,Connecticut,Connecticut,NULL,228
9199,193,Connecticut,Ridgefield,Ridgefield,228
9200,193,Connecticut,NULL,Branchville,228
9202,,South Carolina,Orangeburg,NULL,228
9204,,NULL,NULL,NULL,NULL
9205,,NULL,NULL,NULL,150
9206,,Erongo,NULL,NULL,150
9207,,Erongo Region,NULL,NULL,150
9208,,NULL,NULL,NULL,NULL
9209,,NULL,NULL,NULL,NULL
9210,,Kentucky,Meade Co.,NULL,228
9211,,Saxony,NULL,NULL,81
9212,193,Lower Saxony,NULL,NULL,81
9213,,NULL,NULL,"Brandoharum, Ingo, Helsingfors (W Of)",73
9214,193,Vermont,Rutland Co.,Brandon Station,228
9215,189,Vermont,Rutland Co.,Brandon,228
9216,,Vermont,Rutland Co.,Brandon Station (2 Miles S25e From),228
9217,,Vermont,NULL,Sudbury Twp,228
9218,,NULL,NULL,NULL,163
9219,70,Michigan,Menominee,NULL,228
9220,70,Michigan,Menominee,NULL,228
9221,189,Cumbria,Caldbeck Falls,Caldbeck Falls,227
9221,189,Cumbria,Caldbeck Fells,Caldbeck Fells,227
9222,189,England,Cumbria,NULL,227
9223,,England,Cumbria,NULL,227
9224,,Virginia,Culpeper Co.,NULL,228
9226,193,Delaware,New Castle Co.,NULL,228
9226,193,Delaware,Wilmington,Wilmington,228
9227,,Delaware,NULL,NULL,228
9228,193,Pennsylvania,Chester Co.,Nothingham,228
9230,,Delaware,NULL,NULL,228
9232,,NULL,NULL,NULL,NULL
9233,,New York,Warren Co.,NULL,228
9234,,New York,Horicon,Horicon,228
9236,228,NULL,NULL,NULL,NULL
9237,,Utah,Rich Co.,NULL,228
9238,,Utah,NULL,NULL,228
9239,220,NULL,NULL,NULL,NULL
9240,,Piedmont,NULL,NULL,106
9241,189,Aust-Agder,NULL,NULL,163
9242,,NULL,NULL,NULL,209
9243,,NULL,Bratislava,Bratislava,196
9244,,Slovensko,NULL,NULL,196
9245,189,Varmland,Nordmark,Nordmark,208
9245,189,Varmland,NULL,NULL,208
9246,189,NULL,NULL,NULL,163
9247,,Langesundsfjord,Larvik,Larvik,163
9248,,Vestfold,NULL,NULL,163
9249,,North Rhine-Westphalia,NULL,NULL,81
9250,,NULL,Braubach,Braubach,81
9250,,NULL,NULL,NULL,81
9251,,Rhineland-Palatinate,NULL,NULL,81
9252,,Rhineland-Palatinate,NULL,NULL,81
9253,,Rhineland-Palatinate,NULL,NULL,81
9255,,Rhineland-Palatinate,NULL,NULL,81
9256,,Rhineland-Palatinate,NULL,NULL,81
9257,,Rhineland-Palatinate,NULL,NULL,81
9258,,NULL,NULL,Braunau,81
9259,,North Rhine-Westphalia,NULL,NULL,81
9260,189,Bohemia Region,NULL,NULL,57
9261,,Saxony,NULL,NULL,81
9262,,Saxony,NULL,NULL,81
9263,,Saxony,NULL,NULL,81
9264,,NULL,NULL,NULL,81
9265,,Saxony-Anhalt,NULL,NULL,81
9266,,Saxony,NULL,NULL,81
9267,,Saxony-Anhalt,NULL,NULL,81
9268,,Saxony,NULL,NULL,81
9269,,Saxony-Anhalt,NULL,NULL,81
9270,,NULL,Germany,NULL,81
9271,,NULL,NULL,NULL,81
9272,,NULL,NULL,NULL,81
9273,,Lower Saxony,NULL,NULL,81
9274,,Saxony,NULL,NULL,81
9275,,NULL,NULL,NULL,81
9276,,Lower Saxony,NULL,NULL,81
9277,,Lower Saxony,NULL,NULL,81
9278,,NULL,NULL,NULL,81
9279,,Lower Saxony,NULL,NULL,81
9280,,Lower Saxony,NULL,NULL,81
9281,,NULL,NULL,NULL,81
9282,,NULL,NULL,NULL,81
9283,,Saxony,NULL,NULL,81
9284,,Saxony,NULL,NULL,81
9285,,Saxony,NULL,NULL,81
9286,,NULL,Braunsdorf,Braunsdorf,81
9286,,NULL,NULL,NULL,81
9287,,Saxony,NULL,NULL,81
9288,,Saxony,NULL,NULL,NULL
9289,,Saxony,NULL,NULL,81
9290,,NULL,NULL,NULL,NULL
9291,248,NULL,NULL,NULL,NULL
9292,,NULL,NULL,NULL,NULL
9293,189,Nevada,NULL,NULL,228
9294,70,Minnesota ,Otter Tail,NULL,228
9295,189,Nevada,NULL,NULL,228
9296,,Aveiro,NULL,NULL,175
9297,,NULL,NULL,NULL,30
9297,,NULL,NULL,Nuovo Ritrovumento,30
9297,,NULL,NULL,NULL,NULL
9298,,Indiana,NULL,NULL,228
9299,124,NULL,NULL,NULL,NULL
9299,252,NULL,NULL,NULL,NULL
9299,,NULL,NULL,NULL,NULL
9300,,NULL,NULL,NULL,NULL
9301,81,NULL,NULL,NULL,NULL
9304,,NULL,NULL,NULL,30
9305,,Minas Gerais Ca.,NULL,NULL,30
9306,,Minas Gerais,NULL,NULL,30
9307,,NULL,NULL,NULL,NULL
9308,,NULL,Brazil,NULL,30
9309,78,NULL,NULL,NULL,NULL
9310,97,NULL,NULL,NULL,NULL
9311,112,NULL,NULL,NULL,NULL
9312,,NULL,NULL,NULL,43
9313,,NULL,NULL,NULL,43
9315,,New Mexico,NULL,NULL,228
9317,,Texas,NULL,Richmond,228
9318,248,NULL,NULL,NULL,228
9319,,Texas,NULL,NULL,228
9320,,Texas,Burleson,Mumford,228
9320,,Texas,Falls,Baileyville,228
9320,,Texas,Falls,Reagan,228
9320,248,Texas,NULL,Eloise,228
9324,,NULL,NULL,NULL,50
9325,,NULL,Brazzaville,Brazzaville,49
9326,,NULL,NULL,Brazzaville,50
9327,,Brazzaville,NULL,NULL,50
9328,,NULL,NULL,NULL,50
9329,,England,Cornwall And Isles Of Scilly,NULL,227
9330,,England,Cornwall,NULL,227
9331,,Wyoming,NULL,NULL,228
9332,,Colorado,NULL,NULL,228
9333,,Wyoming,NULL,NULL,228
9334,,Wyoming,NULL,NULL,228
9335,,NULL,NULL,NULL,NULL
9337,189,Kentucky,Breckinridge Co.,Garfield,228
9337,189,Kentucky,Breckinridge Co.,NULL,228
9338,,Colorado,Lake Co.,Leadville,228
9339,,Colorado,Summit Co.,NULL,228
9340,,Colorado,NULL,NULL,228
9341,112,NULL,NULL,NULL,NULL
9342,209,Colorado,NULL,Breckinridge,228
9342,209,Colorado,NULL,NULL,228
9343,,NULL,NULL,NULL,74
9344,,NULL,NULL,"Bredbad, Elfdalen (Near)",208
9345,,NULL,NULL,NULL,81
9346,,North Rhine-Westphalia,NULL,NULL,81
9347,,Blagoevgrad,NULL,NULL,33
9348,189,Colorado,Lake Co.,Leadville,228
9349,189,Colorado,Lake Co.,Leadville,228
9350,,Colorado,Lake Co.,Leadville,228
9351,,Colorado,Lake Co.,Leadville,228
9352,,Colorado,Lake Co.,Leadville,228
9353,189,Colorado,Lake Co.,Breece Hill,228
9353,189,Colorado,Lake Co.,Leadville,228
9353,189,Colorado,Lake Co.,NULL,228
9354,189,Michigan,NULL,NULL,228
9355,193,Minnesota,NULL,Kasota,228
9356,,NULL,NULL,NULL,106
9357,,NULL,NULL,NULL,209
9360,,NULL,NULL,Breiberg,81
9361,,Rhine,NULL,NULL,81
9362,,NULL,NULL,NULL,NULL
9363,,NULL,NULL,NULL,81
9364,,Saxony,NULL,NULL,81
9365,,NULL,NULL,NULL,81
9366,,NULL,NULL,Breitenbach,74
9367,,Saxony,NULL,NULL,81
9368,,Saxony,NULL,NULL,81
9369,,Saxony,NULL,NULL,81
9370,,Saxony,NULL,NULL,81
9371,,Saxony,NULL,NULL,81
9372,,Minas Gerais,Minas Gerais,NULL,30
9373,,Minas Gerais,NULL,NULL,30
9374,,NULL,Bamble,Bamble,163
9375,,NULL,NULL,NULL,99
9376,209,New Mexico,Grant Co.,"Silver City, Bremen Distchloride Flat",228
9376,209,New Mexico,Grant Co.,"Silver City, Bremens Dis",228
9378,,Virginia,Fluvanna Co.,NULL,228
9379,,England,Somerset,NULL,227
9380,,England,Cumbria,NULL,227
9381,189,Kansas,Kiowa Co.,NULL,228
9382,,Texas,Washington Co - Austin,NULL,228
9383,,NULL,NULL,NULL,81
9384,,NULL,NULL,NULL,81
9385,193,Rhineland-Palatinate,NULL,"Asbach, Near",81
9386,193,Maryland,Anne Arundel Co.,NULL,228
9387,,Trentino-alto Adige,Bolzano,Bolzano,106
9389,,Ontario,NULL,NULL,38
9390,,Ontario,NULL,NULL,38
9391,,Ontario,NULL,NULL,38
9392,,Ontario,NULL,NULL,38
9393,,Ontario,NULL,NULL,38
9394,,Ontario,NULL,NULL,38
9395,,Ontario,NULL,NULL,38
9396,,Ontario,NULL,NULL,38
9397,,Ontario,NULL,NULL,38
9398,,NULL,NULL,NULL,38
9399,,Piedmont,NULL,NULL,106
9400,,Brescia Province,NULL,Niardo,106
9401,,Lombardy,NULL,NULL,106
9402,,NULL,NULL,NULL,74
9403,,NULL,NULL,NULL,74
9404,189,Oregon,Malheur Co.,NULL,228
9405,,Aosta,NULL,NULL,106
9405,,NULL,NULL,NULL,106
9406,,North Carolina,Transylvania Co. (?),NULL,228
9407,195,NULL,NULL,NULL,74
9407,70,NULL,NULL,NULL,74
9407,70,NULL,NULL,NULL,NULL
9408,,NULL,NULL,Brevig,163
9409,,NULL,NULL,NULL,163
9410,,NULL,NULL,NULL,163
9411,,Telemark,NULL,NULL,163
9412,,NULL,NULL,NULL,163
9413,,Telemark,NULL,NULL,163
9414,,NULL,NULL,NULL,163
9415,,Telemark,NULL,NULL,163
9416,,NULL,NULL,NULL,163
9417,,Telemark,NULL,NULL,163
9418,189,South Carolina,Chesterfield Co.,NULL,228
9419,189,Georgia,Cedartown,Cedartown,228
9420,189,Arkansas,Newton Co.,NULL,228
9421,189,South Carolina,Chesterfield,Chesterfield,228
9421,189,South Carolina,Chesterfield Co.,Chesterfield,228
9421,189,South Carolina,Chesterfield Co.,Jefferson,228
9421,189,South Carolina,Chesterfield Co.,NULL,228
9421,189,South Carolina,Jefferson,Jefferson,228
9421,189,South Carolina,NULL,NULL,228
9422,,Texas,NULL,NULL,228
9423,70,Illiinois,Kane,NULL,228
9424,70,Illiinois,Kane,NULL,228
9425,70,Illiinois,Kane,NULL,228
9427,,Florida,NULL,NULL,228
9428,,New York,Putnam Co.,NULL,228
9429,,New York,NULL,NULL,228
9430,,New York,NULL,NULL,228
9431,189,Kentucky,Grayson Co.,NULL,228
9432,,Bohemia Region,NULL,NULL,57
9433,189,Nevada,Nye Co.,NULL,228
9434,,Bohemia Region,NULL,NULL,57
9435,,NULL,NULL,NULL,NULL
9436,224,NULL,NULL,NULL,NULL
9437,,New York,Dutchess Co.,NULL,228
9438,,New York,New York,NULL,228
9439,,Nordland,NULL,NULL,163
9440,189,Arkansas,Hot Spring Co.,NULL,228
9441,193,Pennsylvania,Pennsylvania,NULL,228
9442,,NULL,NULL,NULL,74
9443,189,Montana,Beaverhead Co.,NULL,228
9444,,NULL,NULL,NULL,213
9445,189,New Mexico,NULL,NULL,228
9446,,New Mexico,NULL,Lake Valley,228
9447,,Oregon,NULL,NULL,228
9448,,New Mexico,NULL,NULL,228
9449,,Wyoming,NULL,NULL,228
9450,,NULL,NULL,NULL,NULL
9451,,NULL,NULL,NULL,227
9452,,Virginia,Grayson County,Galax (near),228
9454,,British Columbia,NULL,Lillooet,38
9454,,British Columbia,NULL,NULL,38
9455,,British  Columbia,NULL,NULL,38
9455,,British Columbia,NULL,NULL,38
9456,,England,NULL,NULL,227
9457,193,Connecticut,NULL,S Outhford,228
9458,193,Connecticut,NULL,Southford,228
9459,,England,NULL,NULL,227
9461,,Wyoming,NULL,NULL,228
9462,,Wyoming,NULL,NULL,228
9464,,Wyoming,Wyoming,NULL,228
9465,189,Nova Scotia,Nova Scotia,NULL,38
9466,227,Pennsylvania,NULL,NULL,228
9467,,Nova Scotia,NULL,NULL,38
9468,,Nova Scotia,Pictou Co.,NULL,38
9469,189,New Jersey,Bound Brook,Bound Brook,228
9470,,New Jersey,NULL,NULL,228
9473,,Maine,Cumberland Co.,NULL,228
9474,,NULL,Switzerland,NULL,209
9475,,NULL,NULL,NULL,209
9476,,Massachusetts,NULL,Lanesboro,228
9477,,NULL,NULL,NULL,NULL
9478,189,Arizona,Cochise Co.,NULL,228
9479,189,Colorado,Gilpin Co.,NULL,228
9480,189,England,Cumbria,NULL,227
9481,,Arizona,Bisbee,Bisbee,228
9482,,Utah,NULL,NULL,228
9483,,Arizona,NULL,NULL,228
9484,189,Colorado,Ouray,NULL,228
9484,189,Colorado,Ouray,Ouray,228
9485,,Utah,Utah,NULL,228
9486,,England,Sussex,NULL,227
9487,,England,NULL,NULL,227
9488,,Massachusetts,Boston,Boston,228
9489,,Utah,NULL,NULL,228
9490,,Alabama,Baldwin,NULL,228
9491,,Maryland,Prince George's,NULL,228
9492,,Maryland,Prince George's,NULL,228
9493,,Maryland,Prince George's,NULL,228
9494,,Maryland,Prince George's,NULL,228
9498,193,England,NULL,Cornwall,227
9499,189,NULL,NULL,NULL,43
9500,189,Coquimbo,La Serena,La Serena,43
9501,189,NULL,NULL,NULL,43
9502,189,Wyoming,Lincoln County,NULL,228
9503,189,Arizona,NULL,NULL,228
9504,,Alabama,Marion Co.,NULL,228
9505,,NULL,NULL,NULL,81
9506,,North Rhine-Westphalia,NULL,NULL,81
9507,,Massachusetts,NULL,Mouson,228
9509,112,NULL,NULL,NULL,NULL
9510,,Castilla Y Leon,NULL,NULL,202
9511,,North Carolina,Burke Co.,NULL,228
9512,189,Virginia,NULL,NULL,228
9513,189,Virginia,NULL,Brinton,228
9514,112,NULL,NULL,NULL,NULL
9515,189,Aust-Agder,NULL,NULL,163
9517,,British Colombia,Ice River,Ice River,38
9517,,British Colombia,NULL,NULL,38
9517,,British Colombia,Riondel,Riondel,38
9518,,British Columbia,Atlin,Atlin,38
9518,,British Columbia,British Columbia,NULL,38
9518,,British Columbia,Cariboo Regional District,NULL,38
9518,,British Columbia,Clinton,Clinton,38
9518,,British Columbia,Coast,NULL,38
9518,,British Columbia,Endako,Endako,38
9518,,British Columbia,Ice River Alkaline Complex,Ice River Alkaline Complex,38
9518,,British Columbia,Kootenay,NULL,38
9518,,British Columbia,Kootenay,Roger's Pass,38
9518,,British Columbia,NULL,Atlin,38
9518,,British Columbia,NULL,Beaverdell,38
9518,,British Columbia,NULL,Burnaby,38
9518,,British Columbia,NULL,Clinton,38
9518,,British Columbia,NULL,Hector Station (7 Mi S),38
9518,,British Columbia,NULL,Hope,38
9518,,British Columbia,NULL,Kimberley,38
9518,,British Columbia,NULL,Mcdame Creek,38
9518,,British Columbia,NULL,North Yellanhead Pass,38
9518,,British Columbia,NULL,"S.E. British Columbia, Fernie Area",38
9518,,British Columbia,NULL,Tete Jaune ?,38
9518,,British Columbia,NULL,Texada,38
9518,,British Columbia,NULL,Timothy,38
9518,,British Columbia,NULL,Vancouver Island,38
9518,189,British Columbia,NULL,Vernon,38
9518,,British Columbia,NULL,Victoria,38
9518,,British Columbia,Penticton,Penticton,38
9518,,British Columbia,Texada Island,Texada Island,38
9518,,British Columbia,Vancouver Island,Zeballos,38
9518,,British Columbia,Victoria,Victoria,38
9519,,Brittany,Finistere Dept.,Brest,74
9519,,Brittany,Finistere Dept.,Huelgoat,74
9519,,Brittany,Finistere Dept.,NULL,74
9519,,Brittany,NULL,Brest,74
9519,,Brittany,NULL,Ile De Groix,74
9521,189,Colorado,Custer Co.,NULL,228
9521,189,Colorado,Custer Co.,Rosita,228
9522,,Connecticut,Hartford Co.,NULL,228
9523,189,Connecticut,Bristol,Bristol,228
9524,,England,Avon,NULL,227
9524,189,England,Buckinghamshire,Woburn Sands,227
9524,189,England,Cumbria,NULL,227
9524,,England,Gloucestershire,NULL,227
9524,189,England,NULL,"Buckingham, Woburn Sands",227
9525,189,Gwynedd,Snowdon,Snowdon,227
9526,189,Michigan,Iron Co.,NULL,228
9527,189,Nevada,Lincoln Co.,NULL,228
9527,209,Nevada,NULL,Adeliane Claim,228
9527,209,Nevada,NULL,NULL,228
9531,189,New Hampshire,NULL,Alstead,228
9533,189,New Hampshire,Alstead,Alstead,228
9537,189,New South Wales,NULL,Barrier Range,13
9537,189,New South Wales,NULL,NULL,13
9538,,New York,NULL,Bristol (Ravine Near),228
9538,193,New York,Onondaga Co.,Baighton,228
9543,193,Pennsylvania,Chester Co.,NULL,228
9543,193,Pennsylvania,NULL,West Chester,228
9547,,South Carolina,Marion,NULL,228
9549,189,Tasmania,Zeehan,Zeehan,13
9553,,Uri,Uri,NULL,209
9555,,Uri,Uri,NULL,209
9556,189,Wales,NULL,NULL,227
9558,193,Pennsylvania,West Town,West Town,228
9559,,NULL,NULL,NULL,86
9562,189,NULL,NULL,NULL,209
9562,,Uri,Uri,Uri,209
9563,220,NULL,NULL,NULL,169
9564,,British Columbia,NULL,NULL,38
9566,,British Columbia,NULL,NULL,38
9567,,British Columbia,NULL,Hector,38
9569,112,NULL,NULL,NULL,NULL
9571,,Brittany,Morbihan Dept.,NULL,74
9571,,Brittany,NULL,NULL,74
9571,,NULL,NULL,Brittany,74
9571,,NULL,NULL,NULL,74
9575,,NULL,NULL,NULL,NULL
9577,,Tyrol,NULL,NULL,14
9579,,NULL,NULL,NULL,99
9588,189,Alabama,Alabama,NULL,228
9588,189,Alabama,Clay Co.,NULL,228
9589,193,District of Columbia,NULL,NULL,228
9591,,Massachusetts,NULL,Ludlow,228
9592,,Vermont,Plymouth,Plymouth,228
9593,101,AZ,NULL,NULL,228
9594,,Virginia,NULL,NULL,228
9595,189,New Mexico,NULL,NULL,228
9596,,Connecticut,New London Co.,Preston City,228
9598,,Virginia,Loudoun Co.,NULL,228
9598,193,Virginia,Loudoun Co.,NULL,228
9601,,New York,Ulster Co.,NULL,228
9601,,New York,Ulster County,NULL,228
9605,,North Island,NULL,NULL,156
9607,189,Montana,NULL,NULL,228
9608,,New York,New York,New York,228
9609,,New York,New York,New York,228
9610,189,Colorado,Lake Co.,Leadville,228
9610,189,Colorado,NULL,NULL,228
9612,189,Colorado,San Juan Co.,NULL,228
9615,189,Colorado,Colorado,NULL,228
9616,,Nevada,NULL,NULL,228
9617,189,Pennsylvania,Chester Co.,Phoenixville,228
9619,,Massachusetts,Lancaster,Lancaster,228
9620,,NULL,NULL,Brocken,81
9620,,NULL,NULL,NULL,81
9624,,NULL,NULL,NULL,99
9627,,NULL,Sweden,NULL,208
9628,,NULL,Broddbo,Broddbo,208
9629,,Kopparberg,NULL,NULL,208
9630,,Maine,NULL,NULL,228
9633,,Rhine,NULL,NULL,81
9637,,NULL,NULL,Brohlthal,81
9640,,NULL,Brokarr,Brokarr,73
9642,134,Minnesota,Houston,NULL,228
9643,189,Ontario,Sudbury,NULL,38
9645,189,NULL,NULL,NULL,240
9646,189,NULL,NULL,NULL,240
9646,189,NULL,Zambia,NULL,240
9647,189,Arizona,Greenlee Co.,NULL,228
9649,189,Central,Kabwe,Kabwe,240
9651,189,New South Wales,NULL,Broken Hill,13
9651,189,New South Wales,NULL,"Broken Hill, Barrier Range",13
9651,189,New South Wales,NULL,NULL,13
9657,189,Northern Cape,Aggeneys,Aggeneys,200
9658,189,New South Wales,Broken Hill,Broken Hill,13
9658,189,New South Wales,New South Wales,NULL,13
9658,189,New South Wales,NULL,NULL,13
9659,189,New South Wales,NULL,Broken Hill,13
9660,,NULL,Broken Hill,Broken Hill,13
9661,,NULL,NULL,NULL,50
9662,,Varmland,NULL,NULL,208
9665,189,New South Wales,NULL,NULL,13
9668,,New South Wales,NULL,NULL,13
9669,,NULL,NULL,NULL,NULL
9672,,NULL,NULL,NULL,NULL
9674,,State of New South Wales,Broken Hill Municipality,NULL,13
9676,,NULL,NULL,Broken Hill,240
9676,,NULL,NULL,NULL,240
9679,,NULL,NULL,NULL,241
9681,,Alabama,Escambia,NULL,228
9682,128,NULL,NULL,NULL,NULL
9682,,NULL,NULL,NULL,NULL
9683,183,Idaho,NULL,NULL,228
9684,185,Oregon,NULL,Golden Lake,228
9685,178,Oregon,NULL,NULL,228
9686,209,New Mexico,NULL,NULL,228
9689,189,New Mexico,NULL,NULL,228
9690,209,New Mexico,Sierra Co.,NULL,228
9691,,Kristianstad,NULL,NULL,208
9692,,Varmland,NULL,NULL,208
9694,,Quebec,NULL,NULL,38
9694,,Quebec,Sherbrooke Co.,NULL,38
9695,,NULL,NULL,NULL,209
9696,,NULL,NULL,Bronken,81
9697,,NULL,Bronterrnac,Bronterrnac,38
9698,,New York,NULL,NULL,228
9699,,New York,NULL,NULL,228
9700,189,Arizona,Mohave Co.,NULL,228
9701,235,Western Australia,NULL,Exmouth,13
9702,189,Pennsylvania,Chester Co.,Phoenixville,228
9704,,Oregon,NULL,NULL,228
9706,,District Of Columbia,NULL,Brookland,228
9706,,District Of Columbia,NULL,"Brookland, Petworth",228
9707,189,Utah,Grand Co.,NULL,228
9708,,New Hampshire,Hillsborough Co.,"Brookline Village, (E Side)",228
9709,,New Hampshire,Hillsborough Co.,"Brookline Village, E Side)",228
9711,,Alabama,Conecuh,NULL,228
9712,,Alabama,Conecuh,NULL,228
9712,,Alabama,Escambia,NULL,228
9713,70,Wyoming,Albany,NULL,228
9714,189,Utah,NULL,Salt Lake City,228
9715,189,Utah,Juab Co.,NULL,228
9716,189,Colorado,San Juan,Silverton,228
9717,189,Nevada,Elko Co.,Contact,228
9717,189,Nevada,Lincoln Co.,Pahranegat District,228
9717,189,Nevada,Nye Co.,NULL,228
9718,189,New Mexico,Socorro Co.,NULL,228
9719,189,Utah,NULL,NULL,228
9720,189,Connecticut,NULL,NULL,228
9721,,Alabama,Conecuh,NULL,228
9721,,Alabama,Escambia,NULL,228
9722,,New York,NULL,NULL,228
9723,,Virginia,Campbell Co.,NULL,228
9724,,NULL,NULL,NULL,NULL
9725,134,Manitoba,NULL,NULL,38
9726,134,Manitoba,NULL,NULL,38
9727,134,Manitoba,NULL,NULL,38
9728,134,Manitoba,NULL,NULL,38
9729,134,Manitoba,NULL,NULL,38
9730,,North Carolina,Cleveland Co.,NULL,228
9731,189,North Carolina,Cleveland Co.,NULL,228
9731,189,North Carolina,NULL,NULL,228
9732,,Pennsylvania,Armstrong Co.,"Fairmont (Near), Brooks Farm",228
9733,189,North Carolina,Lattimore,Lattimore,228
9734,,Alaska,NULL,NULL,228
9735,,Alaska,Alaska,NULL,228
9737,189,Pennsylvania,Dauphin Co.,Lykens Valley Dist.,228
9738,189,Illinois,Madison Co.,Troy,228
9739,,New Jersey,Morris,Mendham,228
9740,,Alabama,Coosa Co.,NULL,228
9741,,New Jersey,NULL,NULL,228
9742,,Nova Scotia,NULL,NULL,38
9743,,Alabama,Jefferson,NULL,228
9743,,Alabama,Tuscaloosa,NULL,228
9744,193,Scotland,NULL,Aberdeen,227
9745,224,NSW,NULL,NULL,13
9746,189,Pennsylvania,Shimersville,Shimersville,228
9747,,NULL,NULL,NULL,81
9748,220,NULL,NULL,NULL,NULL
9749,,NULL,NULL,NULL,74
9750,189,NULL,NULL,NULL,106
9751,189,Piedmont,NULL,NULL,106
9752,189,Valle D'Aosta,NULL,NULL,106
9753,189,Piedmont,Ivrea,Ivrea,106
9754,,Campania,NULL,NULL,106
9755,,NULL,NULL,NULL,106
9756,,Piedmont,NULL,NULL,106
9757,,NULL,NULL,"Brosso, Torino",106
9758,,Piedmont,NULL,NULL,106
9760,,NULL,NULL,NULL,86
9763,,Thuringia,NULL,NULL,81
9764,,NULL,NULL,NULL,227
9765,,England,Cumbria,NULL,227
9766,,Quebec,NULL,NULL,38
9767,189,Ontario,NULL,NULL,38
9768,,Champagne-Ardenne,Haute-Marne Dept.,NULL,74
9769,189,England,Cumbria,NULL,227
9770,189,Alaska,NULL,NULL,228
9771,97,NULL,NULL,NULL,242
9772,209,Colorado,Chaffee Co.,NULL,228
9773,,Colorado,NULL,NULL,228
9774,,Texas,NULL,NULL,228
9775,248,Oregon,NULL,NULL,228
9776,189,Colorado,Gunnison Co.,Ohio City,228
9777,189,Colorado,Gunnison Co.,NULL,228
9777,189,Colorado,Gunnison Co.,Ohio,228
9777,189,Colorado,Montrose Co.,NULL,228
9777,189,Colorado,Ohio City,Ohio City,228
9778,189,Western Australia,Kalgoorlie,Kalgoorlie,13
9780,189,NULL,Manganese,NULL,55
9781,189,Virginia,Wythe Co.,Brown Hill,228
9782,113,NULL,NULL,NULL,NULL
9783,189,South Carolina,York Co.,NULL,228
9784,189,Virginia,Franklin Co.,NULL,228
9785,189,California,Inyo Co.,NULL,228
9786,,NULL,NULL,NULL,NULL
9788,189,Alabama,Cherokee Co.,NULL,228
9789,,NULL,NULL,NULL,NULL
9790,,NULL,NULL,NULL,NULL
9791,189,California,Inyo Co.,NULL,228
9792,193,Maine,Hancock Co.,Dedham,228
9793,,NULL,NULL,NULL,NULL
9794,,Kentucky,Casey,NULL,228
9795,189,Virginia,Wythe Co.,Austinville,228
9795,189,Virginia,Wythe Co.,NULL,228
9796,189,New South Wales,NULL,NULL,13
9797,193,Vermont,Rutland Co.,"Pawlet,",228
9798,70,Minnesota,Hennepin,NULL,228
9799,70,Minnesota,Hennepin,NULL,228
9800,70,Minnesota,Hennepin,NULL,228
9801,70,Minnesota,Hennepin,NULL,228
9802,,NULL,NULL,NULL,NULL
9804,70,Michigan,Alcona,NULL,228
9805,189,Cumbria,Alston,Alston,227
9805,189,Cumbria,Alston Moor,Alston Moor,227
9805,189,Cumbria,Nenthead,Nenthead,227
9806,189,England,Cumbria,NULL,227
9806,189,England,NULL,NULL,227
9807,,NULL,Namibia,NULL,150
9808,,Colorado,Chaffee Co.,NULL,228
9809,189,New South Wales,NULL,Blayney,13
9810,189,Northern Territory,NULL,NULL,13
9811,189,Northern Territory,NULL,NULL,13
9812,,New Hampshire,Goffstown,Goffstown,228
9813,,South Carolina,Georgetown,Rhems,228
9814,,South Carolina,Georgetown,Rhems,228
9815,189,NULL,NULL,NULL,156
9816,,California,Tuolumne Co.,NULL,228
9817,,NULL,NULL,NULL,156
9818,,Wyoming,NULL,NULL,228
9819,,Ohio,Wayne County,NULL,228
9820,70,Ohio,Wayne,NULL,228
9821,,Utah,NULL,NULL,228
9822,,Northern Territory,Rum Jungle,Rum Jungle,13
9823,,Northern Territory,NULL,NULL,13
9825,220,NULL,NULL,NULL,NULL
9826,189,California,Inyo Co.,NULL,228
9827,,VA,NULL,NULL,228
9828,,Ohio,NULL,NULL,228
9829,,Texas,Kennedy Co.,NULL,228
9830,,Texas,Brown Co.,NULL,228
9831,193,Massachusetts,Dracut,Dracut,228
9831,193,massachusetts,massachusetts,NULL,228
9833,70,Wisconsin,Burnett,NULL,228
9834,189,Northern Territory,NULL,NULL,13
9835,,Piemonte,Piemonte,NULL,106
9836,,Leinster,Meath,Donore,104
9837,,Leinster,Meath,Dowth,104
9838,,Leinster,Meath,Donore,104
9839,189,Michigan,Lake Huron,Lake Huron,228
9840,189,Ontario,NULL,NULL,38
9843,,Texas,NULL,NULL,228
9844,189,Nevada,Gabbs,Gabbs,228
9845,193,Nevada,NULL,NULL,228
9846,193,Quebec,Gatineau Co.,NULL,38
9848,,North Rhine-Westphalia,NULL,NULL,81
9849,,NULL,NULL,NULL,NULL
9850,,Ontario,NULL,NULL,38
9851,189,NULL,NULL,NULL,81
9853,189,Kansas,Cherokee Co.,NULL,228
9854,,NULL,Barcelona,Barcelona,202
9855,189,Kansas,NULL,"Picher, Oklahoma (Near)",228
9856,,Catalonia,NULL,NULL,202
9857,,Kentucky,Elliott Co.,NULL,228
9858,,NULL,NULL,NULL,200
9859,189,Bahia,NULL,NULL,30
9860,,Utah,NULL,NULL,228
9861,,Indiana,Helmsburg,Helmsburg,228
9862,,Indiana,Brown Co.,NULL,228
9863,,Indiana,Monroe Co.,NULL,228
9864,,Quebec,NULL,NULL,38
9865,4,Montana,Adams,NULL,228
9866,189,Ohio,NULL,NULL,228
9867,,Idaho,Idaho,NULL,228
9868,,Idaho,Owyhee Co.,NULL,228
9871,,Trentino-Alto Adige,NULL,NULL,106
9872,,Telemark,NULL,NULL,163
9873,,NULL,NULL,NULL,NULL
9874,189,California,Kern Co.,Kernville,228
9874,189,California,Kern Co.,NULL,228
9875,,NULL,NULL,NULL,209
9878,255,Colorado,NULL,NULL,228
9879,189,California,NULL,Grass Valley,228
9880,,NULL,Sweden,NULL,208
9881,189,Orebro,NULL,NULL,208
9882,,NULL,NULL,Brunsjo,208
9883,193,Orebro,NULL,NULL,208
9884,193,Orebro Ca.,NULL,NULL,208
9885,189,New Brunswick,Bathurst,Bathurst,38
9886,,Saxony,NULL,NULL,81
9887,,Maine,Sagadahoc Co.,NULL,228
9888,189,Oklahoma,NULL,Dougherty,228
9889,189,California,Nevada Co.,NULL,228
9889,189,California,NULL,Grass Valley,228
9890,189,New Brunswick,Gloucester Co.,NULL,38
9890,189,New Brunswick,NULL,NULL,38
9891,,NULL,NULL,NULL,81
9892,,Maine,Cumberland Co.,NULL,228
9893,,Maine,NULL,NULL,228
9894,209,New Brunswick,NULL,NULL,38
9895,,Wroclaw,NULL,NULL,57
9896,220,Gävleborg,NULL,NULL,208
9897,,California,Los Angeles Co.,NULL,228
9898,189,California,Sierra Co.,Alleghany,228
9899,,Alabama,Lamar,NULL,228
9900,70,Montana,Sheridan,NULL,228
9901,70,Montana,Sheridan,NULL,228
9902,70,Montana,Sheridan,NULL,228
9903,70,Montana,Sheridan,NULL,228
9904,70,Montana,Sheridan,NULL,228
9905,,NULL,NULL,NULL,227
9906,205,Texas,NULL,NULL,228
9907,189,Missouri,Bixby,Bixby,228
9907,189,Missouri,Reynolds Co.,NULL,228
9908,,Alabama,Monroe,NULL,228
9909,70,Arkansas,Monroe,NULL,228
9910,,Virginia,NULL,NULL,228
9911,189,NULL,NULL,NULL,150
9912,,NULL,NULL,Brussiansk,180
9913,,Val D'Aosta,NULL,NULL,106
9914,,Val D'Aosta,NULL,NULL,106
9915,,NULL,NULL,Brux,57
9915,,NULL,NULL,NULL,NULL
9916,189,New Jersey,Morris Co.,NULL,228
9917,189,Colorado,Boulder Co.,NULL,228
9918,189,Idaho - Montana,NULL,Mine Dump No 2,228
9919,189,Oregon,Cornucopia,Cornucopia,228
9920,189,Nevada,Elko Co.,Contact,228
9921,189,Montana,NULL,Philipsburg,228
9921,189,Montana,NULL,Phillipsburg,228
9922,189,New Jersey,Morris Co.,Succasunna,228
9923,193,Maine,Maine,NULL,228
9924,209,Montana,Beaverhead Co.,NULL,228
9925,97,NULL,NULL,NULL,NULL
9926,,Kjosar Sysla,Kjosar Sysla,NULL,99
9927,,North Carolina,Swain Co.,NULL,228
9928,,North Carolina,NULL,NULL,228
9929,,Quebec,NULL,NULL,38
9930,,Quebec,NULL,NULL,38
9931,189,Georgia,Macon Co.,NULL,228
9932,,Wroclaw,NULL,NULL,174
9933,,NULL,NULL,NULL,NULL
9934,,NULL,NULL,NULL,98
9935,,NULL,NULL,NULL,129
9936,,NULL,NULL,NULL,99
9937,97,NULL,NULL,NULL,NULL
9938,,NULL,NULL,NULL,3
9939,220,NULL,NULL,NULL,101
9940,189,NULL,NULL,NULL,106
9941,189,Tuscany,NULL,NULL,106
9942,,Alabama,Choctaw,NULL,228
9943,189,Virginia,Buchanan County,Big Rock,228
9944,199,NULL,NULL,NULL,38
9945,189,California,Madera Co.,NULL,228
9945,189,California,Tuolumne Co.,NULL,228
9946,189,North Carolina,North Carolina,NULL,228
9947,,NULL,NULL,Buchanan,122
9948,,Oregon,NULL,NULL,228
9949,,NULL,Afghanistan,NULL,1
9950,,Badakhshan,Badakhshan,NULL,1
9951,,Harz,Harz,NULL,81
9952,,NULL,NULL,NULL,106
9953,,NULL,NULL,NULL,NULL
9954,,Saxony,NULL,Buchholz,81
9955,,Transilvania Region,NULL,NULL,179
9956,189,Nevada,Pershing Co.,Rochester,228
9958,189,North Carolina,Clay Co.,NULL,228
9959,189,North Carolina,Macon Co.,NULL,228
9959,189,North Carolina,North Carolina,NULL,228
9960,193,Indiana,Harrison,NULL,228
9961,,Alaska,Alaska,NULL,228
9962,,North Carolina,Macon,NULL,228
9962,112,North Carolina,NULL,NULL,228
9962,248,North Carolina,NULL,NULL,228
9963,,North Carolina,Clay Co.,NULL,228
9964,,North Carolina,Macon Co.,NULL,228
9965,70,Michigan,Alger,NULL,228
9966,70,Minnesota,Itasca,NULL,228
9967,189,Colorado,Teller Co.,Cripple Creek,228
9968,189,Michigan,Iron Co.,NULL,228
9969,,California,Modoc Co.,NULL,228
9971,,NULL,NULL,Granville Grove 720JT,200
9972,,Cumbria,Carney Fell,Carney Fell,227
9973,189,New York,NULL,Peekskill,228
9974,189,West Virginia,Wyoming County,Stephenson,228
9975,189,NULL,NULL,NULL,228
9976,189,Arizona,Cochise Co.,NULL,228
9976,189,Arizona,NULL,NULL,228
9976,189,Arizona,Pinal Co.,NULL,228
9977,189,California,Stanislaus Co.,NULL,228
9977,189,California,Stanislaus County,NULL,228
9978,189,Colorado,Lake Co.,Leadsville,228
9978,189,Colorado,San Juan Co.,NULL,228
9979,189,Montana,NULL,Butte,228
9980,189,Nevada,Twin River District,Twin River District,228
9981,189,Utah,NULL,NULL,228
9982,,Arkansas,Shady,Shady,228
9983,112,Colorado,Lake County,NULL,228
9983,112,Colorado,NULL,NULL,228
9984,189,Nevada,White Pine Co.,NULL,228
9985,,NULL,NULL,NULL,NULL
9986,,Maine,Maine,NULL,228
9987,,Maine,NULL,NULL,228
9987,,Maine,Oxford Co.,NULL,228
9988,189,Illinois,Fulton Co.,NULL,228
9989,189,Michigan,Iron Co.,NULL,228
9990,,Colorado,Colorado,NULL,228
9991,248,NULL,NULL,NULL,NULL
9992,189,Colorado,Boulder Co.,NULL,228
9992,189,Colorado,Jamestown,Jamestown,228
9993,,Utah,NULL,NULL,228
9994,,New Mexico,Grant Co.,NULL,228
9995,,California,Lake Co.,NULL,228
9997,189,Cornwall,St. Austell,St. Austell,227
9998,189,England,Cornwall And Isles Of Scilly,NULL,227
9999,220,NULL,NULL,NULL,NULL
10000,189,Idaho,Lemhi Co.,NULL,228
10001,,NULL,NULL,NULL,NULL
10002,,Kentucky,NULL,NULL,228
10003,,Tennessee,Tennessee,NULL,228
10004,,Pennsylvania,Bradford Co.,NULL,228
10005,189,Maine,Granite,"Bucks Harbor, South Brooksville",228
10006,189,Connecticut,NULL,NULL,228
10007,189,Missouri,Morgan Co.,NULL,228
10007,189,Missouri,NULL,NULL,228
10008,255,Colorado,Lake County,NULL,228
10008,255,Colorado,Park County,NULL,228
10008,255,Colorado,Summit County,NULL,228
10009,,Colorado,Park Co.,NULL,228
10010,189,Colorado,Boulder Co.,NULL,228
10010,189,Colorado,Chaffee Co.,NULL,228
10010,189,Colorado,Chaffee Co.,Phillips Lode,228
10011,189,Colorado,Chaffee Co.,NULL,228
10012,,Colorado,Park Co.,NULL,228
10013,189,NULL,NULL,NULL,114
10014,,New Jersey,Franklin,Franklin,228
10014,189,New Jersey,Sussex Co.,Franklin,228
10014,189,New Jersey,Sussex Co.,NULL,228
10014,,New Jersey,Sussex County,NULL,228
10016,189,New Jersey,Franklin,Franklin,228
10016,189,New Jersey,NULL,Franklin,228
10016,189,New Jersey,NULL,NULL,228
10016,189,New Jersey,Sussex Co.,NULL,228
10017,189,New Jersey,Sussex Co.,NULL,228
10017,,New Jersey,Sussex County,NULL,228
10018,189,New Jersey,Sussex Co.,NULL,228
10019,193,New Jersey,Sussex Co.,NULL,228
10020,189,New Jersey,Sussex Co.,NULL,228
10021,189,New Jersey,Sussex Co.,NULL,228
10022,189,Colorado,Gunnison Co.,NULL,228
10024,,Washington,Thurston Co.,NULL,228
10025,227,Ohio,Crawford,NULL,228
10026,227,Ohio,Crawford,NULL,228
10027,227,Ohio,Crawford,NULL,228
10028,227,Ohio,Crawford,NULL,228
10029,227,Ohio,Crawford,NULL,228
10030,,NULL,NULL,NULL,98
10031,,NULL,NULL,Budapest,98
10031,,NULL,NULL,NULL,98
10032,,Budapest City,NULL,NULL,98
10033,,NULL,NULL,Budeda Hill (50' Below Summit),224
10033,,NULL,NULL,NULL,224
10034,,NULL,NULL,Budikov,57
10035,,Karnataka,Karnataka,NULL,100
10036,,Budkerud,NULL,NULL,163
10037,189,Missouri,Jasper Co.,Joplin,228
10038,,California,Tuolumne Co.,NULL,228
10039,70,Wisconsin,Portage,NULL,228
10040,70,Wisconsin,Portage,NULL,228
10041,,Arizona,Apache Co.,NULL,228
10041,,Arizona,NULL,NULL,228
10042,,New Mexico,McKinley Co.,NULL,228
10043,,Arizona,NULL,NULL,228
10043,,Arizona,NULL,Wickenburg,228
10044,,Arizona,NULL,NULL,228
10045,189,Colorado,NULL,Redding,228
10046,189,Atacama,Tres Puntas,Tres Puntas,43
10047,189,Tarapaca,NULL,NULL,43
10048,189,Chihuahua,Francisco Portillo,Francisco Portillo,140
10048,189,Chihuahua,NULL,NULL,140
10049,189,New Mexico,NULL,NULL,228
10050,189,Kentucky,Boyd Co.,NULL,228
10051,189,Arizona,Santa Cruz Co.,NULL,228
10052,189,California,San Luis Obispo Co.,NULL,228
10053,189,Colorado,Teller Co.,NULL,228
10054,189,Nevada,NULL,NULL,228
10055,,California,Amador Co.,Ione,228
10056,189,Kentucky,Breathitt Co.,Frozen Creek,228
10057,,New Jersey,Atlantic,Buena,228
10058,189,Zacatecas,NULL,Nuevo Mercurio,140
10059,,Minas Gerais,NULL,NULL,30
10060,,Buenos Aires,Buenos Aires,Buenos Aires,10
10060,,Buenos Aires,NULL,NULL,10
10061,,Oriente,Oriente,NULL,55
10062,,NULL,NULL,NULL,55
10064,,Trentino-alto Adige,Val Di Fassa,Val Di Fassa,106
10065,189,Iowa,Dubuque Co.,NULL,228
10066,178,Texas,NULL,Houston,228
10068,,Vermont,Plymouth,Plymouth,228
10069,,New Mexico,NULL,NULL,228
10070,193,New York,Erie Co.,Buffalo,228
10071,,North Carolina,Cleveland Co.,NULL,228
10073,193,Vermont,Caledonia Co.,Hardwick Twp,228
10074,209,Idaho,Idaho Co.,NULL,228
10075,,Idaho,NULL,Elk City,228
10076,209,Idaho,Idaho Co.,NULL,228
10077,189,Arizona,NULL,NULL,228
10078,189,Colorado,Lake Co.,Leadville,228
10079,189,Idaho,Elmore Co.,NULL,228
10080,189,Ontario,NULL,Cobalt,38
10080,189,Ontario,NULL,NULL,38
10081,189,Virginia,Nelson Co.,NULL,228
10081,189,Virginia,NULL,NULL,228
10082,189,Missouri,Morgan Co.,NULL,228
10083,,Virginia,NULL,NULL,228
10084,,Colorado,Park County,NULL,228
10085,,Colorado,NULL,NULL,228
10085,,Colorado,Park Co - Chaffe,NULL,228
10085,,Colorado,Park Co.,NULL,228
10085,,Colorado,Park Co. And Chaffee Co. (Line),NULL,228
10086,248,NULL,NULL,NULL,200
10087,,Arkansas,Searcy Co.,NULL,228
10088,,Colorado,Jefferson Co.,NULL,228
10089,,New York,Erie Co.,NULL,228
10090,,NULL,Buffalo,NULL,228
10091,,Wyoming,Johnson Co.,NULL,228
10092,189,Colorado,Custer Co.,NULL,228
10093,,Tirol,Fassathal,Fassathal,14
10094,,Transvaal,Rustenberg,Rustenberg,200
10095,,Transvaal,NULL,NULL,200
10096,,Nevada,Clark,NULL,228
10097,70,Minnesota,Hennepin,NULL,228
10098,70,Minnesota,Hennepin,NULL,228
10099,70,Minnesota,Hennepin,NULL,228
10100,70,Minnesota,Hennepin,NULL,228
10101,70,Minnesota,Hennepin,NULL,228
10102,70,Minnesota,Hennepin,NULL,228
10103,70,Minnesota,Hennepin,NULL,228
10104,70,Minnesota,Hennepin,NULL,228
10105,70,Minnesota,Hennepin,NULL,228
10106,70,Minnesota,Hennepin,NULL,228
10107,70,Minnesota,Hennepin,NULL,228
10108,70,Minnesota,Hennepin,NULL,228
10109,189,California,Trinity Co.,NULL,228
10110,189,Georgia,Bartow Co.,NULL,228
10111,,NULL,NULL,NULL,224
10112,,NULL,NULL,NULL,224
10113,,NULL,NULL,NULL,224
10114,,NULL,NULL,NULL,224
10115,,NULL,NULL,NULL,224
10116,189,NULL,NULL,NULL,181
10117,,NULL,NULL,NULL,181
10118,70,Minnesota,Carlton,NULL,228
10119,70,Minnesota,Carlton,NULL,228
10120,70,Minnesota,Carlton,NULL,228
10121,189,Nevada,Mineral Co.,NULL,228
10122,193,NULL,NULL,NULL,81
10123,,NULL,NULL,NULL,224
10124,,Cornwall,Henbarrow,Henbarrow,227
10125,189,Hambuk,NULL,NULL,114
10126,,NULL,NULL,NULL,101
10127,,NULL,Switzerland,NULL,209
10128,,Hesse,Kassel,Kassel,81
10128,,NULL,NULL,NULL,81
10129,189,NULL,NULL,NULL,81
10130,189,Bavaria,NULL,NULL,81
10131,,NULL,NULL,NULL,33
10132,189,Missouri,Boss,Boss,228
10132,189,Missouri,Iron Co.,NULL,228
10132,189,Missouri,Missouri,NULL,228
10132,189,Missouri,NULL,NULL,228
10132,189,Missouri,Reynolds Co.,NULL,228
10133,,NULL,Buitrago,Buitrago,202
10134,,Bujumbura Rural,NULL,Gakara,35
10135,,NULL,NULL,NULL,213
10136,,NULL,NULL,NULL,57
10139,,Bukovina,Kirlibaba,Kirlibaba,225
10140,,NULL,NULL,NULL,225
10141,,NULL,NULL,NULL,224
10142,,Baden-Württemberg,NULL,NULL,81
10143,70,NULL,NULL,NULL,44
10144,,NULL,NULL,NULL,99
10145,,NULL,Diamer District,Diamer District,165
10146,68,Alaska,NULL,NULL,228
10147,68,Alaska,NULL,NULL,228
10148,68,Alaska,NULL,NULL,228
10149,185,Alaska,NULL,NULL,228
10151,185,NULL,NULL,NULL,NULL
10152,185,NULL,NULL,NULL,NULL
10153,185,NULL,NULL,NULL,NULL
10154,185,NULL,NULL,NULL,NULL
10155,185,NULL,NULL,NULL,NULL
10156,185,NULL,NULL,NULL,NULL
10157,189,Transvaal,NULL,Bandolierkop,200
10158,189,Free State,NULL,NULL,200
10159,189,NULL,NULL,NULL,200
10160,,NULL,NULL,NULL,227
10161,,NULL,NULL,NULL,33
10162,78,NULL,NULL,NULL,33
10163,97,NULL,NULL,NULL,NULL
10164,97,NULL,NULL,NULL,NULL
10165,97,NULL,NULL,NULL,NULL
10166,97,NULL,NULL,NULL,NULL
10167,,Virginia,King George,NULL,228
10167,,Virginia,King George,Passapatanzy,228
10168,,Colorado,Montrose Co.,NULL,228
10169,,Wyoming,NULL,NULL,228
10170,248,Washington,NULL,NULL,228
10171,189,Nevada,NULL,NULL,228
10172,189,Colorado,Custer Co.,NULL,228
10172,189,Colorado,Custer Co.,Rosita,228
10172,189,Colorado,NULL,NULL,228
10173,,Colorado,Colorado,NULL,228
10174,189,Nevada,Rhyolite,Rhyolite,228
10175,,Colorado,Cripple Creek,Cripple Creek,228
10177,189,South Dakota,Custer,Custer,228
10177,189,South Dakota,Custer Co.,NULL,228
10177,189,South Dakota,NULL,Custer,228
10178,,Virginia,NULL,NULL,228
10179,189,Idaho,Custer Co.,NULL,228
10180,,NULL,NULL,NULL,NULL
10181,227,New Brunswick,NULL,NULL,38
10182,,South Carolina,Orangeburg,NULL,228
10183,,Colorado,Colorado,NULL,228
10184,,Colorado,San Miguel Co.,NULL,228
10185,,Colorado,NULL,NULL,228
10186,189,North Carolina,Watauga Co.,NULL,228
10187,189,Virginia,Virginia,NULL,228
10188,193,Virginia,Fairfax Co.,NULL,228
10188,193,Virginia,Loudoun Co.,NULL,228
10188,193,Virginia,NULL,Centerville,228
10188,193,Virginia,NULL,NULL,228
10188,193,Virginia,Virginia,NULL,228
10189,,Virginia,NULL,NULL,228
10190,193,Virginia,Prince William Co.,NULL,228
10191,,Virginia,NULL,NULL,228
10192,189,Utah,Washington Co.,Bull Valley Dist.,228
10193,,Utah,Central,Central,228
10194,,Queensland,NULL,NULL,13
10195,,New South Wales,NULL,NULL,13
10196,,New South Wales,New South Wales,NULL,13
10197,189,Northern Territory,The Granites,The Granites,13
10198,189,Colorado,Mineral Co.,Creede,228
10198,189,Colorado,Mineral Co.,NULL,228
10199,189,Nevada,Lander Co.,NULL,228
10200,,Colorado,NULL,Creede,228
10201,,Western Australia,NULL,NULL,13
10202,,NULL,NULL,NULL,13
10203,,South Island,NULL,NULL,156
10204,189,NULL,South Island,Westland,156
10205,70,Cayo District,NULL,NULL,22
10206,,NULL,NULL,NULL,200
10207,,Nevada,Nye Co.,Beatty Area,228
10208,205,California,NULL,NULL,228
10209,,Nevada,NULL,NULL,228
10210,70,Michigan,St. Joseph,NULL,228
10211,70,Michigan,St. Joseph,NULL,228
10212,193,Montana,Hill Co.,NULL,228
10213,,NULL,NULL,Bullicolliery,13
10214,189,Utah,Tintic,Tintic,228
10215,,Utah,Piute Co.,NULL,228
10216,,Nevada,NULL,NULL,228
10217,189,Alaska,NULL,Sheep Creek,228
10218,189,Colorado,Gunnison Co.,Irwin,228
10218,189,Colorado,NULL,NULL,228
10218,189,Colorado,San Juan,NULL,228
10219,189,Colorado,San Juan,Silverton,228
10220,189,Alaska,NULL,Juneau,228
10221,189,California,Nevada Co.,NULL,228
10221,189,California,Plumas Co.,Indian Valley,228
10221,189,California,Tulare Co.,Mineral King District,228
10222,189,Idaho,Blaine Co.,NULL,228
10223,189,South Dakota,NULL,Keystone,228
10224,189,Montana,Madison Co.,NULL,228
10224,189,Montana,NULL,Butte,228
10225,189,North Carolina,Rowan Co.,NULL,228
10226,189,Utah,Piute Co.,NULL,228
10227,189,Utah,Juab,NULL,228
10229,,Utah,Kane Co.,NULL,228
10230,,Utah,Kane Co.,NULL,228
10231,101,California,NULL,NULL,228
10232,189,Colorado,Lake Co.,Leadville,228
10233,,New Jersey,North Berger,North Berger,228
10234,189,Colorado,Lake County,Leadville,228
10235,,Virginia,Fauquier Co.,NULL,228
10236,,Montana,Blaine Co.,NULL,228
10237,,Montana,Blaine Co.,NULL,228
10238,189,Nevada,Eureka Co.,Eureka,228
10238,189,Nevada,NULL,Eureka,228
10239,189,California,Shasta Co.,NULL,228
10240,,Trengganu,Trengganu,NULL,131
10241,,NULL,NULL,NULL,169
10242,,NULL,NULL,Wau,169
10244,189,Transvaal,NULL,Bandolierkop,200
10245,189,Cape Province,NULL,Kimberley,200
10246,,Cape Province,NULL,Kimberley,200
10247,,NULL,NULL,NULL,200
10248,,Cape,NULL,NULL,200
10248,,Cape Province,NULL,Kimberley,200
10249,189,NULL,NULL,NULL,200
10252,189,Cape Of Good Hope,NULL,Kimberley,200
10254,189,Cape Province,NULL,"Griqualand W., Kimberley (Near)",200
10254,189,Cape Province,NULL,Kimberley,200
10254,189,Cape Province,NULL,NULL,200
10255,189,NULL,NULL,Kimberley Area,200
10255,189,NULL,NULL,NULL,200
10256,193,Indiana,Ripley,NULL,228
10257,,Indiana,Ripley,NULL,228
10258,53,NULL,NULL,NULL,111
10259,,NULL,NULL,NULL,NULL
10260,,Virginia,Carroll County,Fries (near),228
10260,,Virginia,Carroll County,Hillsville (near),228
10261,,NULL,NULL,Anegada,235
10262,193,New South Wales,NULL,NULL,13
10263,,Tennessee,Unicoi Co.,NULL,228
10264,,Tennessee,NULL,NULL,228
10265,248,Washington,NULL,NULL,228
10266,248,Washington,NULL,NULL,228
10267,248,Washington,NULL,NULL,228
10268,,Florida,Jackson,NULL,228
10269,189,Maine,NULL,NULL,228
10269,189,Maine,Oxford Co.,NULL,228
10270,193,Maine,Albany,Albany,228
10270,193,Maine,NULL,Albany Twp,228
10270,193,Maine,NULL,Bethel,228
10271,189,California,Lake Co.,NULL,228
10272,,Western Australia,NULL,NULL,13
10273,,Western Australia,Greenbushes,Greenbushes,13
10274,,Alabama,Pickens,NULL,228
10275,,North Carolina,Buncombe Co.,NULL,228
10276,235,Western Australia,NULL,Exmouth,13
10277,,NULL,NULL,Bunderbach,81
10279,205,Idaho,Clearwater Co.,Bungalow Area,228
10279,205,Idaho,Clearwater Co.,NULL,228
10280,,NULL,NULL,NULL,8
10281,,NULL,NULL,NULL,108
10282,,NULL,NULL,NULL,108
10283,,Kyushu,NULL,NULL,108
10284,,NULL,NULL,NULL,108
10285,,Kyushu,NULL,NULL,108
10286,,NULL,NULL,NULL,108
10287,,NULL,NULL,NULL,108
10288,,Kyushu,NULL,NULL,108
10289,,NULL,NULL,NULL,108
10290,,NULL,NULL,NULL,108
10291,,NULL,NULL,NULL,NULL
10292,189,Arizona,Yavapai Co.,NULL,228
10293,189,Idaho,Wallace,Wallace,228
10294,189,Arizona,NULL,NULL,228
10295,189,Idaho,Kellogg,Kellogg,228
10295,189,Idaho,NULL,NULL,228
10295,189,Idaho,Shoshone Co.,Kellog,228
10295,189,Idaho,Shoshone Co.,NULL,228
10295,189,Idaho,Shoshone County,Kellogg,228
10296,,Pennsylvania,NULL,Jonestown,228
10297,178,Connecticut,NULL,NULL,228
10298,,NULL,NULL,NULL,NULL
10299,227,Michigan,Gogebic,NULL,228
10300,227,Michigan,Gogebic,NULL,228
10301,70,Scoresby Sund,Renland,NULL,85
10302,70,Scoresby Sund,Renland,NULL,85
10303,70,Scoresby Sund,Renland,NULL,85
10304,70,Scoresby Sund,Renland,NULL,85
10305,189,Cornwall,Bugle,Bugle,227
10305,189,Cornwall,St. Austell,St. Austell,227
10306,189,England,Cornwall,NULL,227
10306,189,England,Cornwall And Isles Of Scilly,NULL,227
10307,,NULL,NULL,NULL,NULL
10308,185,NULL,NULL,NULL,224
10309,,Aust-Agder,NULL,NULL,163
10310,,NULL,Arendal,Arendal,163
10311,189,North Carolina,Macon Co.,NULL,228
10312,,England,Devon,NULL,227
10313,,Sardinia,NULL,NULL,106
10314,,NULL,NULL,NULL,181
10315,,North Rhine-Westphalia,NULL,NULL,81
10316,189,New York,Columbia Co.,Burden,228
10317,,Alabama,Pickens,NULL,228
10318,,NULL,NULL,NULL,NULL
10319,252,NULL,NULL,NULL,NULL
10320,189,New Mexico,Hidalgo Co.,NULL,228
10320,189,New Mexico,Socorro Co.,Magdalena,228
10320,189,New Mexico,Socorro Co.,NULL,228
10321,,NULL,Bureno,Bureno,106
10322,,NULL,NULL,NULL,81
10323,,NULL,NULL,NULL,81
10324,,NULL,NULL,Nassau,81
10325,,Vestfold,NULL,NULL,163
10326,,Burgas Oblast,Burgas Obshtina,Banevo,33
10327,,Burgas Oblast,Sozopol Obshtina,Chernomoretz,33
10328,,NULL,NULL,Burgberg Grebenstein,81
10329,,NULL,NULL,"Burgberg, Rieden (Near), Laacher See",81
10331,189,California,California,NULL,228
10332,,Burgenland,NULL,Bernstein,14
10332,,Burgenland,NULL,NULL,14
10333,,Newfoundland,NULL,NULL,38
10334,193,New Jersey,NULL,NULL,228
10334,193,New Jersey,Passaic Co.,NULL,228
10335,,NULL,Burgess,Burgess,38
10335,,NULL,NULL,Burgess,38
10335,,Ontario,Lanark Co.,NULL,38
10335,,Ontario,NULL,NULL,38
10336,,NULL,NULL,NULL,227
10337,189,North Carolina,NULL,NULL,228
10338,189,Utah,Tintic,Tintic,228
10339,,Saxony,NULL,NULL,81
10340,,Saxony,NULL,NULL,81
10341,,NULL,NULL,Burgolbruck,81
10342,,Burgos,Poza De La Sal,Poza De La Sal,202
10343,,NULL,Burgos,Burgos,202
10344,,Trentino Alto Adige,NULL,NULL,106
10345,,Trentino-Alto Adige,NULL,NULL,106
10346,,Saxony,NULL,Burgstadt,81
10347,,NULL,NULL,NULL,NULL
10348,,Tyrol,NULL,NULL,14
10349,,Extremadura,NULL,NULL,202
10350,,Extremadura,NULL,NULL,202
10351,,Tirol,NULL,NULL,14
10352,,Tirol,NULL,NULL,14
10353,,Trentino-alto Adige,Trentino-alto Adige,NULL,106
10354,,Trentino-Alto Adige,NULL,NULL,106
10355,,Valais,Zermatt,Zermatt,209
10356,,Burgundy,NULL,Autun,74
10357,,Burgundy,NULL,Romaniche,74
10358,,Burgundy,Saone-Et-Loire Dept.,NULL,74
10359,,Burgundy,Saone-et-Loire,NULL,74
10360,,Burgundy,NULL,Vaulry,74
10361,,Virginia,Middlesex,NULL,228
10362,220,Maryland Co,NULL,Harper,122
10363,70,Alaska,Brooks Range,NULL,228
10364,,NULL,NULL,NULL,227
10365,70,NULL,NULL,NULL,44
10367,,North Carolina,NULL,NULL,228
10368,,Indiana,Shelby,NULL,228
10369,,Nevada,NULL,NULL,228
10371,,North Carolina,NULL,NULL,228
10372,,NULL,NULL,NULL,81
10373,189,North Dakota,Burleigh County,Wilton (near),228
10374,189,Colorado,Clear Creek Co.,NULL,228
10375,189,Colorado,Clear Creek Co.,NULL,228
10377,189,Virginia,Amherst Co.,NULL,228
10378,,Virginia,Amherst Co.,NULL,228
10379,189,Colorado,Boulder Co.,NULL,228
10380,189,North Dakota,Ward County,Burlington (near),228
10382,189,NULL,NULL,NULL,13
10383,189,South Australia,NULL,NULL,13
10384,,NULL,NULL,NULL,13
10386,,Texas,Burnet Co.,NULL,228
10388,189,California,Del Norte Co.,Gilbert Creek,228
10389,,Tennessee,Cocke Co.,NULL,228
10390,,Tennessee,Cocke Co.,NULL,228
10391,189,New Mexico,Dona Ana Co.,NULL,228
10392,,Texas,NULL,NULL,228
10393,189,California,Sonora,Sonora,228
10394,189,Minas Gerais,NULL,NULL,30
10395,189,Pennsylvania,Luzerne Co.,NULL,228
10396,189,Pennsylvania,NULL,NULL,228
10397,189,Utah,Beaver,NULL,228
10398,189,Utah,Beaver Co.,NULL,228
10399,227,Ohio,Licking,NULL,228
10400,227,Ohio,Licking,NULL,228
10401,227,Ohio,Licking,NULL,228
10402,227,Ohio,Licking,NULL,228
10403,227,Ohio,Licking,NULL,228
10404,189,North Carolina,Macon Co.,Burningtown,228
10405,,Colorado,San Juan Co.,NULL,228
10406,189,Arkansas,Polk Co.,NULL,228
10407,189,Colorado,Teller Co.,NULL,228
10408,,California,Lake Co.,NULL,228
10409,,Oregon,Harney Co.,NULL,228
10409,,Oregon,NULL,NULL,228
10410,,Oregon,NULL,NULL,228
10411,,Kentucky,Pulaski,NULL,228
10412,,California,NULL,NULL,228
10413,,Kentucky,Pulaski,NULL,228
10414,,Pennsylvania,Northumberland Co.,NULL,228
10415,,Oregon,NULL,Burns,228
10416,,North Carolina,NULL,NULL,228
10417,,North Carolina,NULL,NULL,228
10418,,North Carolina,Yancey Co.,NULL,228
10419,,NULL,NULL,NULL,227
10420,,Southern Scotland,Dumfriesshire,Burnswark,227
10421,,Newfoundland,NULL,NULL,38
10422,,Alabama,Escambia,NULL,228
10423,189,Quebec,NULL,NULL,38
10424,189,New Brunswick,Maple Grove,Maple Grove,38
10425,,Maine,Maine,NULL,228
10426,,Maryland,Montgomery Co.,NULL,228
10427,,Montana,Blaine Co.,NULL,228
10428,189,Buryatia Republic,NULL,NULL,180
10429,189,Irkutsk Oblast,NULL,NULL,180
10431,,Buryatia Republic,NULL,NULL,180
10432,,Buryatia Republic,NULL,NULL,180
10433,,Buryatia Republic,NULL,NULL,180
10434,189,Tennessee,Polk Co.,Ducktown,228
10435,189,South Australia,Burra,Burra,13
10435,189,South Australia,NULL,NULL,13
10436,189,Tennessee,NULL,NULL,228
10436,189,Tennessee,Polk Co.,Ducktown,228
10437,,NULL,NULL,Burra Burra,13
10438,189,South Australia,NULL,NULL,13
10439,,NULL,NULL,NULL,227
10440,,Indiana,Vigo,NULL,228
10441,193,England,Cornwall And Isles Of Scilly,NULL,227
10442,189,New Mexico,NULL,Mining Districts,228
10443,189,Colorado,San Miguel Co.,NULL,228
10443,189,Colorado,San Miguel Co.,Slick Rock,228
10444,189,New Mexico,NULL,Mining Districts,228
10445,113,New Mexico,NULL,NULL,228
10446,209,New Mexico,NULL,Mining Districts,228
10447,,New Mexico,Grant Co.,NULL,228
10448,,New Mexico,Grant Co.,NULL,228
10449,,New Mexico,Sierra Co.,NULL,228
10450,,Colorado,NULL,Oplin,228
10451,189,New Hampshire,NULL,Alstead,228
10452,189,Colorado,Hinsdale,NULL,228
10453,,Colorado,Hinsdale Co.,NULL,228
10454,,Bursa,NULL,NULL,220
10455,,NULL,NULL,NULL,220
10456,,Bursa,NULL,NULL,220
10457,,NULL,Burso,Burso,98
10458,70,Iowa,Martin,NULL,228
10460,97,NULL,NULL,NULL,NULL
10461,189,New York,Clinton Co.,NULL,228
10462,189,Newfoundland,NULL,NULL,38
10463,,Maryland,Montgomery Co.,NULL,228
10464,193,England,Durham,NULL,227
10465,,New Jersey,NULL,NULL,228
10466,,NULL,"BURUNDI, AFRICA",NULL,35
10466,,NULL,NULL,NULL,35
10467,189,Arkansas,Howard Co.,NULL,228
10468,189,Texas,El Paso Co.,NULL,228
10469,,Shaba,NULL,NULL,49
10471,193,Pennsylvania,NULL,NULL,228
10472,53,"Southern Nations, Nationals, and Peoples",NULL,NULL,69
10473,,Bushmanland,NULL,NULL,200
10474,189,Transvaal,NULL,NULL,200
10475,198,NULL,NULL,Eastern Bushveld,200
10475,198,NULL,NULL,Jagdlust,200
10475,198,NULL,NULL,Malips Drift Camp,200
10475,198,NULL,NULL,NULL,200
10475,189,NULL,NULL,NULL,200
10475,198,NULL,NULL,Sekukuni,200
10476,198,Eastern Transvaal,Lydenburg,NULL,200
10477,198,Gauteng,NULL,Winterveld-Doornbosch,200
10478,198,Limpopo,Sekhukhune,Greater Tubatse,200
10478,198,Limpopo,Waterberg,Modimolle,200
10479,198,Mpumalanga,Ehlanzeni,Lydenburg,200
10479,198,Mpumalanga,Ehlanzeni,Thorncliffe,200
10479,198,Mpumalanga,Ehlanzeni District,Thaba Chweu,200
10479,198,Mpumalanga,Gert Sibande,Albert Luthuli,200
10479,198,Mpumalanga,NULL,NULL,200
10480,,NULL,NULL,NULL,200
10481,198,Transvaal,Lydenburg,NULL,200
10481,189,Transvaal,NULL,NULL,200
10481,198,Transvaal,NULL,NULL,200
10481,198,Transvaal,NULL,Pretoria,200
10483,198,Limpopo,Sekhukhune,Fetakgomo,200
10483,198,Limpopo,Waterberg,Modimolle,200
10484,198,Mpumalanga,Ehlanzeni,Lydenburg,200
10485,198,Transvaal,Lydenburg,NULL,200
10485,198,Transvaal,NULL,NULL,200
10486,,NULL,NULL,NULL,37
10487,,NULL,NULL,"Bushveld, Rooiberg",200
10488,,South Carolina,Berkeley,NULL,228
10488,,South Carolina,Charleston,NULL,228
10489,,NULL,NULL,NULL,224
10490,,Buskerud Co,NULL,"Bekkelaget, Near Christiania",163
10491,,Buskerud Co,NULL,"Bragernaesaasen, Drammen",163
10492,,Buskerud Co,NULL,"Bragernas, Drammen",163
10493,,Buskerud Co,NULL,"Christ Iania, Holmestrand",163
10494,,Buskerud Co,NULL,"Christiania , Holmestrand",163
10495,,Buskerud Co,NULL,"Christiania, Drammen",163
10496,,Buskerud Co,NULL,"Christiania, Holmestrand",163
10497,,Buskerud Co,NULL,Christiania,163
10498,,Buskerud Co,NULL,"Christiania, Olso",163
10499,,Buskerud Co,NULL,"Christiania, Randvikholmen",163
10500,,Buskerud Co,NULL,"Christiania, Tofteholmen",163
10501,,Buskerud Co,NULL,"Christiania, Toftholmen",163
10502,,Buskerud Co,NULL,"Christiania, Vaekero",163
10503,,Buskerud Co,NULL,Drammen,163
10504,,Buskerud Co,NULL,"Drammen, Tofteholmen",163
10505,,Buskerud Co,NULL,"Drammenfiord, Tofterholmen",163
10506,,Buskerud Co,NULL,Draumien,163
10507,,Buskerud Co,NULL,"Eker, Gunhildsrud",163
10508,,Buskerud Co,NULL,"Grefsen, Near Christiania",163
10509,,Buskerud Co,NULL,"Grorud, Christiania (Near)",163
10510,,Buskerud Co,NULL,"Grorud, Stenbrovand-Stoitrenna",163
10511,,Buskerud Co,NULL,"Grorud, Stoitenna",163
10512,,Buskerud Co,NULL,"Grusletten, Grorud, Near Christiania",163
10513,,Buskerud Co,NULL,"Grussletten, Grorud, Near Christiania",163
10514,,Buskerud Co,NULL,"Hasselbakken, Cristiania",163
10515,,Buskerud Co,NULL,"Huk, Bygdo",163
10516,,Buskerud Co,NULL,"Huk, Near Christiania",163
10517,,Buskerud Co,NULL,Lindoen,163
10518,,Buskerud Co,NULL,"Mjondalen, Steinklevplads",163
10519,,Buskerud,NULL,Kongsberg,163
10519,,Buskerud,NULL,NULL,163
10520,,Buskerud Co,NULL,Christiana,163
10520,,Buskerud Co,NULL,Christiania,163
10520,,Buskerud Co,NULL,Christiania Fiord,163
10520,,Buskerud Co,NULL,Christiania Region,163
10520,,Buskerud Co,NULL,Drammen,163
10520,,Buskerud Co,NULL,Gjone,163
10520,,Buskerud Co,NULL,Grafsen (Near Christiania),163
10520,,Buskerud Co,NULL,Grorud (Near Christiania),163
10520,,Buskerud Co,NULL,Grussletten,163
10520,,Buskerud Co,NULL,Holsaas,163
10520,,Buskerud Co,NULL,Hortekollen,163
10520,,Buskerud Co,NULL,Hovedoen,163
10520,,Buskerud Co,NULL,Lindum,163
10520,,Buskerud Co,NULL,NULL,163
10520,,Buskerud Co,NULL,Ostoen,163
10520,,Buskerud Co,NULL,Randvikholmen,163
10520,,Buskerud Co,NULL,Rotnaes,163
10520,,Buskerud Co,NULL,Stenbrovand,163
10520,,Buskerud Co,NULL,Stoa,163
10520,,Buskerud Co,NULL,Tofteholmen,163
10520,,Buskerud Co,NULL,Toftholmen,163
10520,,Buskerud Co,NULL,Toren,163
10520,,Buskerud Co,NULL,Torvoskjaer,163
10520,,Buskerud Co,NULL,Ullernaasen,163
10520,,Buskerud Co,NULL,Vikesund,163
10521,,Buskerud Co,NULL,"Rundemyr, Drammen",163
10522,,Buskerud Co,NULL,Sandvippen,163
10523,,Buskerud Co,NULL,Sylling,163
10524,,Buskerud Co,NULL,Tofteholmen,163
10525,,Buskerud Co,NULL,"Tofterholmen, Drammen Fiord",163
10526,,Buskerud Co,NULL,"Torro Sjaer, Sandvippen",163
10527,,Buskerud Co,NULL,"Vaekkero, Near Christiania",163
10528,,Buskerud Co,NULL,"Vealosasholmen, Randvikholmen",163
10529,,Buskerud,NULL,Snarum,163
10530,,NULL,Busovaca,Busovaca,27
10531,,Northern Areas,NULL,NULL,165
10532,193,California,Jefferson,NULL,228
10533,189,NULL,NULL,NULL,108
10534,189,Kinki,NULL,NULL,108
10535,,NULL, Sierra Guadarrama, Sierra Guadarrama,202
10536,189,California,NULL,NULL,228
10537,70,Alaska,Kuskokwim,NULL,228
10538,189,South Dakota,Custer Co.,NULL,228
10539,189,South Dakota,NULL,Custer,228
10540,189,Arizona,NULL,NULL,228
10541,189,Nevada,Elko Co.,Jarbidge,228
10542,189,Nevada,Washoe Co.,NULL,228
10543,,Potosi,NULL,NULL,26
10544,193,NULL,NULL,NULL,224
10545,,NULL,NULL,NULL,224
10546,,NULL,NULL,NULL,NULL
10547,189,Montana,NULL,NULL,228
10548,,NULL,NULL,NULL,NULL
10549,,NULL,NULL,NULL,121
10550,,Butha-Buthe Dist.,NULL,NULL,121
10551,189,Pennsylvania,NULL,Pittston,228
10552,,New Jersey,Burlington,Chatsworth,228
10554,189,California,NULL,NULL,228
10555,,NULL,NULL,NULL,NULL
10556,,Tennessee,Johnson Co.,NULL,228
10557,189,New South Wales,NULL,NULL,13
10558,189,New York,Essex Co.,Elizabeth,228
10560,189,Georgia,White Co.,Nacoochee,228
10561,,Montana,Deer Lodge Co.,NULL,228
10562,189,Oregon,Jackson Co.,NULL,228
10563,,California,NULL,NULL,228
10564,,California,NULL,NULL,228
10565,,California,NULL,NULL,228
10566,,California,Butte Co.,Helltown (Across Creek From),228
10567,,California,Butte Co.,Whiskeytown (Above),228
10568,209,Montana,NULL,Butte,228
10569,,Montana,Phillips Co.,NULL,228
10570,,Oregon,Jackson Co.,NULL,228
10571,70,California,Lassen,NULL,228
10572,70,Califronia,Lassen,NULL,228
10573,70,Califronia,Lassen,NULL,228
10574,70,Califronia,Lassen,NULL,228
10575,189,Montana,Butte,Butte,228
10576,,Nevada,Lander Co.,NULL,228
10577,189,Arizona,Mohave Co.,NULL,228
10578,,Nevada,NULL,NULL,228
10579,209,Montana,NULL,NULL,228
10580,,Montana,Silver Bow Co.,NULL,228
10583,189,Colorado,San Juan,NULL,228
10584,189,Arizona,NULL,NULL,228
10585,,Wyoming,NULL,NULL,228
10586,193,Wales,Welshpool,Buttington,227
10587,189,Florida,NULL,Dunellon,228
10588,112,NULL,NULL,NULL,NULL
10589,,NULL,NULL,NULL,81
10590,,England,Derbyshire,NULL,227
10591,,NULL,NULL,NULL,224
10592,70,Istanbul,NULL,NULL,220
10593,70,Istanbul,NULL,NULL,220
10594,70,Istanbul,NULL,NULL,220
10595,70,Istanbul,NULL,NULL,220
10596,70,Istanbul,NULL,NULL,220
10597,70,Istanbul,NULL,NULL,220
10598,70,Istanbul,NULL,NULL,220
10599,189,NULL,NULL,NULL,220
10600,,NULL,NULL,NULL,NULL
10601,,NULL,NULL,NULL,108
10602,,NULL,NULL,NULL,108
10603,,Kyushu,NULL,NULL,108
10604,,NULL,NULL,NULL,108
10605,,NULL,NULL,NULL,33
10607,189,NULL,NULL,NULL,240
10608,189,Utah,Beaver Co.,NULL,228
10609,189,NULL,Zimbabwe,NULL,241
10610,,NULL,NULL,NULL,240
10611,189,NULL,NULL,Ndola,240
10612,189,Copperbelt,Copperbelt,NULL,240
10613,,Shaba,NULL,NULL,49
10614,,NULL,NULL,NULL,240
10615,189,Utah,Beaver Co.,NULL,228
10616,189,Wales,NULL,NULL,227
10617,,NULL,NULL,NULL,100
10618,,Rhine,NULL,NULL,81
10619,,NULL,NULL,NULL,99
10620,,NULL,NULL,NULL,227
10621,,Blagoevgrad,NULL,NULL,33
10622,70,Nebraska,Pottawatomie,NULL,228
10623,,NULL,NULL,NULL,186
10624,185,New South Wales,NULL,NULL,13
10625,,New South Wales,NULL,NULL,13
10626,,New South Wales,NULL,NULL,13
10627,,NULL,NULL,NULL,86
10628,,Bohemia Region,NULL,L'ubietova,57
10629,,Bohemia Region,NULL,NULL,57
10630,,Massachusetts,Athol,Athol,228
10631,,New Jersey,NULL,NULL,228
10632,,NULL,NULL,NULL,NULL
10633,,NULL,NULL,NULL,NULL
10634,185,New South Wales,NULL,NULL,13
10635,,NULL,Arendal,Arendal,163
10637,,NULL,Bystrzyca Gorna,Sadetes,174
10638,,Wroclaw,NULL,NULL,174
10639,,NULL,Bystrzyca,Bystrzyca,174
10640,,Katowice,NULL,NULL,174
10641,,NULL,NULL,Bytom,174
10643,189,Arizona,Gila Co.,Dripping Springs,228
10643,189,Arizona,Gila Co.,NULL,228
10644,,New South Wales,NULL,Wollongong,13
10645,189,Michigan,Michigan,NULL,228
10647,189,Arizona,Gila Co.,NULL,228
10648,189,Arizona,Gila Co.,NULL,228
10649,189,Idaho,Owyhee Co.,Delamar,228
10650,193,Massachusetts,Berkshire Co.,West Stockbridge,228
10650,193,Massachusetts,NULL,West Stockbridge,228
10651,189,Transvaal,Warmbaths,Warmbaths,200
10652,189,Colorado,Teller Co.,NULL,228
10653,189,Rhode Island,NULL,Westerly,228
10656,189,Arizona,NULL,NULL,228
10657,185,NULL,NULL,NULL,89
10658,185,NULL,NULL,NULL,89
10659,185,NULL,NULL,NULL,89
10660,189,New Hampshire,Grafton Co.,NULL,228
10660,189,New Hampshire,Grafton County,NULL,228
10661,,Zacatecas,NULL,Sain Alto,140
10662,185,NULL,NULL,NULL,89
10663,185,NULL,NULL,NULL,89
10664,185,NULL,NULL,NULL,89
10665,185,NULL,NULL,NULL,89
10666,185,NULL,NULL,NULL,89
10667,185,NULL,NULL,NULL,89
10668,185,NULL,NULL,NULL,65
10669,185,NULL,NULL,NULL,89
10670,189,New South Wales,NULL,NULL,13
10671,189,Colorado,Mineral Co.,NULL,228
10672,185,NULL,NULL,NULL,89
10673,185,NULL,NULL,NULL,89
10674,185,NULL,NULL,NULL,89
10675,185,NULL,NULL,NULL,65
10676,185,NULL,NULL,NULL,89
10677,185,NULL,NULL,NULL,89
10678,185,NULL,NULL,NULL,65
10679,185,NULL,NULL,NULL,89
10680,,NULL,NULL,NULL,108
10681,185,NULL,NULL,NULL,89
10682,185,NULL,NULL,NULL,89
10683,185,NULL,NULL,NULL,89
10684,185,NULL,NULL,NULL,89
10685,185,NULL,NULL,NULL,89
10686,185,NULL,NULL,NULL,89
10687,185,NULL,NULL,NULL,65
10688,193,Connecticut,NULL,NULL,228
10689,185,NULL,NULL,NULL,89
10690,189,New Jersey,Morris Co.,NULL,228
10691,,Indiana,Daviess,NULL,228
10692,193,Ohio,Huntsville,Huntsville,228
10693,189,Colorado,Mineral Co.,Wagon Wheel Gap,228
10694,189,Utah,Grand Co.,NULL,228
10695,189,Utah,Grand Co.,NULL,228
10696,193,Maine,York Co.,Biddeford,228
10697,189,Colorado,Dolores Co.,NULL,228
10698,185,NULL,NULL,NULL,NULL
10699,189,Colorado,NULL,NULL,228
10699,189,Colorado,Teller Co.,NULL,228
10700,189,Nevada,White Pine Co.,NULL,228
10701,193,Victoria,NULL,NULL,13
10701,193,Victoria,NULL,Warrnambol,13
10701,193,Victoria,NULL,Warrnambool,13
10702,,Ontario,NULL,Kirkland Lake,38
10703,70,Nunavut,Ellesmere Island,NULL,38
10704,70,Nunavut,Ellesmere Island,NULL,38
10705,70,Nunavut,Ellesmere Island,NULL,38
10706,,Turkana,NULL,NULL,111
10708,185,NULL,NULL,NULL,202
10709,193,Piedmont,NULL,NULL,106
10710,,CA,Fresno,NULL,228
10711,,CA,Madera,NULL,228
10712,228,Kansas,Clark,NULL,228
10713,228,Kansas,Clark,NULL,228
10714,228,Kansas,Clark,NULL,228
10715,228,Kansas,Clark,NULL,228
10716,228,Kansas,Clark,NULL,228
10717,228,Kansas,Clark,NULL,228
10718,228,Kansas,Clark,NULL,228
10719,228,Kansas,Clark,NULL,228
10720,228,Kansas,Clark,NULL,228
10721,,NULL,NULL,"Caapucú, 5 km NW of",170
10722,,NULL,NULL,"Caapucú, N of",170
10723,,NULL,NULL,"Caapucú, near",170
10724,,NULL,NULL,"Caapucú, near",170
10725,,Arizona,Pima,NULL,228
10726,189,New Mexico,New Mexico,NULL,228
10727,,New Mexico,NULL,NULL,228
10728,,Texas,NULL,"Fort Pena, Colorado (Gap 1 Mi S Of Old)",228
10729,,Castilla La Nueva,Toledo,Toledo,202
10730,189,Viseu,Viseu,NULL,175
10732,189,NULL,NULL,NULL,175
10733,,Amazonas,NULL,NULL,30
10734,,Paraiba,NULL,NULL,30
10735,185,NULL,NULL,NULL,NULL
10736,185,NULL,NULL,NULL,NULL
10737,185,NULL,NULL,NULL,NULL
10738,185,NULL,NULL,NULL,NULL
10739,185,NULL,NULL,NULL,NULL
10740,189,Virginia,Nelson Co.,NULL,228
10741,189,Sonora,NULL,Ures,140
10742,,Sonora,NULL,NULL,140
10743,,Atacama,NULL,NULL,43
10744,189,Virginia,Prince William Co.,Dumphries,228
10744,189,Virginia,Prince William County,Dumfries (near),228
10745,,Maryland,Prince George's,NULL,228
10745,,Maryland,Prince George's,Washington East,228
10746,,Wyoming,NULL,NULL,228
10747,248,Washington,NULL,NULL,228
10748,70,NULL,NULL,NULL,NULL
10749,70,Alaska,NULL,NULL,NULL
10750,,Ontario,NULL,Haliburton - Bancroft,38
10751,,Ontario,NULL,Haliburton - Bancroft,38
10752,189,New Mexico,Socorro Co.,Socorro,228
10753,189,NULL,NULL,NULL,140
10754,189,Michoacán,NULL,NULL,140
10754,189,Michoacán,NULL,Tepoxtepec,140
10754,189,Michoacán,NULL,Tepuxtepec,140
10755,189,Montana,NULL,NULL,228
10756,189,Montana,Deer Lodge Co.,NULL,228
10756,189,Montana,NULL,Cable,228
10756,189,Montana,NULL,NULL,228
10757,189,NULL,NULL,NULL,209
10758,,NULL,NULL,NULL,43
10759,,NULL,NULL,NULL,43
10760,,NULL,NULL,NULL,202
10761,,Andalusia,NULL,NULL,202
10762,,NULL,Portugal,NULL,175
10763,,NULL,NULL,NULL,10
10764,,NULL,NULL,NULL,43
10765,,NULL,NULL,NULL,43
10766,,Guarda,Guarda,NULL,175
10767,,Sonora,NULL,NULL,140
10768,252,NULL,NULL,NULL,NULL
10769,,NULL,NULL,NULL,NULL
10770,,Scotland,NULL,NULL,227
10771,189,Zacatecas,NULL,NULL,140
10772,,NULL,Cabreiros,Cabreiros,175
10773,70,St.Thomas,US Virgin Islands,NULL,228
10774,70,St.Thomas,US Virgin Islands,NULL,228
10775,70,St.Thomas,US Virgin Islands,NULL,228
10776,70,St.Thomas,US Virgin Islands,NULL,228
10777,,Rio Grande do Norte,NULL,NULL,30
10778,185,NULL,NULL,NULL,NULL
10779,173,NULL,NULL,NULL,176
10780,185,NULL,NULL,NULL,52
10781,,Durango,NULL,NULL,140
10782,,Extremadura,NULL,NULL,202
10783,,Caceres,Barquilla,Barquilla,202
10784,,Extremadura,NULL,NULL,202
10785,,Extremadura,NULL,NULL,202
10786,,NULL,NULL,NULL,38
10787,,Wyoming,NULL,NULL,228
10788,178,NULL,NULL,NULL,228
10789,178,Colorado,NULL,Fort Collins,228
10790,,Wyoming,NULL,NULL,228
10791,,Wyoming,NULL,NULL,228
10792,,NULL,Mendoza,Mendoza,202
10793,189,Mendoza,Cacheuta,Cacheuta,10
10793,189,Mendoza,NULL,NULL,10
10794,189,Minas Gerais,Itinga,NULL,30
10797,,Kentucky,Kentucky,NULL,228
10798,,California,Inyo Co.,NULL,228
10799,178,MN,Pine,NULL,228
10800,178,MN,St. Louis,NULL,228
10801,178,MN,"Douglas, WI",NULL,228
10802,189,New Mexico,Socorro Co.,NULL,228
10803,189,Utah,NULL,NULL,228
10804,189,Utah,Thompson,Thompson,228
10805,189,Utah,Beaver Co.,NULL,228
10805,189,Utah,Grand Co.,NULL,228
10805,189,Utah,Thompson,Thompson,228
10806,193,Madrid,NULL,Cadalso de los Vidrios,202
10807,,Emilia-Romagna,NULL,NULL,106
10808,,NULL,NULL,NULL,NULL
10809,,Querétaro,NULL,NULL,140
10810,,Querétaro,NULL,NULL,140
10811,,NULL,NULL,NULL,183
10812,,Missouri,Washington Co.,NULL,228
10813,189,Montana,NULL,NULL,228
10814,189,Quebec,Preissac,Preissac,38
10815,252,NULL,NULL,NULL,NULL
10816,189,NULL,NULL,NULL,55
10817,189,Arizona,Gila Co.,Globe City,228
10818,189,Pennsylvania,Armstrong County,Cadogan,228
10820,112,California,San Bernardino County,NULL,228
10821,113,California,San Bernardino Co.,NULL,228
10822,,California,San Bernardino Co.,NULL,228
10823,,California,San Bernardino Co.,NULL,228
10824,189,Bavaria,Nabburg,Nabburg,81
10825,,NULL,NULL,"Caen, Normandy",74
10826,,Wales,Gwynedd,NULL,227
10827,,Wales,NULL,NULL,227
10828,,Sardinia,NULL,NULL,106
10829,,Varmland,NULL,NULL,208
10830,,Sardinia,NULL,NULL,106
10831,,Sardinia,NULL,NULL,106
10832,,NULL,NULL,NULL,106
10833,,Sardinia,NULL,NULL,106
10834,,Sardinia,NULL,NULL,106
10835,,Sardinia,NULL,NULL,106
10836,,Sardinia,NULL,NULL,106
10837,,Sardinia,NULL,NULL,106
10838,,Sardinia,NULL,NULL,106
10839,,Sardinia,NULL,NULL,106
10840,,Sardinia,NULL,NULL,106
10841,,Sardinia,NULL,NULL,106
10842,,Sardinia,NULL,NULL,106
10843,,Sardinia,NULL,NULL,106

