"archive","poc"
"Northern Illinois University Geology Department","	jdodd@niu.edu"
"Paleontological Research Institution (PRI)","	Leslie L. Skibinski, Collection Manager; lls94@cornell.edu"
"University of New Mexico","(360) 929-2233"
"Marine and Geology Repository - Oregon State University","(corelab@ceoas.oregonstate.edu)"
"OSU Marine and Geology Repository","(corelab@coas.oregonstate.edu)"
"Michael Wingate","+61 8 9222 3613"
"EMSL","1000soils@pnnl.gov"
"Environmental Molecular Science Laboratory","1000Soils@pnnl.gov"
"None","11 Minzudaxue Nanlu, Beijing 100081, China. Chen Hong"
"Chinese Academy of Geological Sciences, Institute of Geomechanics","11 Minzudaxue Nanlu, Beijing 100081, China. Chen Hong"
"Chinese Academy of Geological Sciences, Institute of Geomechanics","11 Minzudaxue Nanlu, Beijing 100081, China. Hu Jianmin"
"Chinese Academy of Geological Sciences, Institute of Geomechanics","11 Minzudaxue Nanlu, Beijing 100081, China. Liu Jian"
"Chinese Academy of Geological Sciences, Institute of Geomechanics","11 Minzudaxue Nanlu, Beijing 100081, China. Liu Xiaochun, Email: liuxchqw@yahoo.com.cn"
"Chinese Academy of Geological Sciences, Institute of Geomechanics","11 Minzudaxue Nanlu, Beijing 100081, China. Zhang Shuanhong"
"Chinese Academy of Geological Sciences, Institute of Geomechanics","11 Minzudaxue Nanlu, Beijing 100081, China.Wang Wei"
"UNIVERSITY AT BUFFALO","1rdjacobi@gmail.com"
"China University of Geosciences (Beijing)","3001180080@cugb.edu.cn; 2909506340@qq.com"
"China University of Geosciences (Beijing)","3001180080@cugb.edu.cn; 2909506341@qq.com"
"China University of Geosciences (Beijing)","3001180080@cugb.edu.cn; 2909506342@qq.com"
"China University of Geosciences (Beijing)","3001180080@cugb.edu.cn; 2909506343@qq.com"
"China University of Geosciences (Beijing)","3001180080@cugb.edu.cn; 2909506344@qq.com"
"China University of Geosciences (Beijing)","3001180080@cugb.edu.cn; 2909506345@qq.com"
"China University of Geosciences (Beijing)","3001180080@cugb.edu.cn; 2909506346@qq.com"
"China University of Geosciences (Beijing)","3001180080@cugb.edu.cn; 2909506347@qq.com"
"China University of Geosciences (Beijing)","3001180080@cugb.edu.cn; 2909506348@qq.com"
"China University of Geosciences (Beijing)","3001180080@cugb.edu.cn; 2909506349@qq.com"
"China University of Geosciences (Beijing)","3001180080@cugb.edu.cn; 2909506350@qq.com"
"China University of Geosciences (Beijing)","3001180080@cugb.edu.cn; 2909506351@qq.com"
"China University of Geosciences (Beijing)","3001180080@cugb.edu.cn; 2909506352@qq.com"
"China University of Geosciences (Beijing)","3001180080@cugb.edu.cn; 2909506353@qq.com"
"China University of Geosciences (Beijing)","3001180080@cugb.edu.cn; 2909506354@qq.com"
"China University of Geosciences (Beijing)","3001180080@cugb.edu.cn; 2909506355@qq.com"
"China University of Geosciences (Beijing)","3001180080@cugb.edu.cn; 2909506356@qq.com"
"China University of Geosciences (Beijing)","3001180080@cugb.edu.cn; 2909506357@qq.com"
"China University of Geosciences (Beijing)","3001180080@cugb.edu.cn; 2909506358@qq.com"
"China University of Geosciences (Beijing)","3001180080@cugb.edu.cn; 2909506359@qq.com"
"China University of Geosciences (Beijing)","3001180080@cugb.edu.cn; 2909506360@qq.com"
"China University of Geosciences (Beijing)","3001180080@cugb.edu.cn; 2909506361@qq.com"
"China University of Geosciences (Beijing)","3001180080@cugb.edu.cn; 2909506362@qq.com"
"China University of Geosciences (Beijing)","3001180080@cugb.edu.cn; 2909506363@qq.com"
"China University of Geosciences (Beijing)","3001180080@cugb.edu.cn; 2909506364@qq.com"
"China University of Geosciences (Beijing)","3001180080@cugb.edu.cn; 2909506365@qq.com"
"China University of Geosciences (Beijing)","3001180080@cugb.edu.cn; 2909506366@qq.com"
"China University of Geosciences (Beijing)","3001180080@cugb.edu.cn; 2909506367@qq.com"
NULL,"a-packman@northwestern.edu"
"Northwestern University","a-packman@northwestern.edu"
"Lamont-Doherty Earth Observatory (LDEO)","A. Borunda"
"University of Johannesburg (UJ)","A. Hofmann, ahofmann@uj.ac.za"
"University of Georgia","aaronT@uga.edu"
"Colorado Mesa Univ.","aaslan@coloradomesa.edu"
"University of Michigan - Ann Arbor","aboles@umich.edu"
"University of Georgia","acherkin@uga.edu"
"Name of institution, museum, or repository where the sample is currently stored.","Address and/or email of the person who should be contacted for information about or access to the sample."
"Name of institution, museum, or repository where the sample was originally stored.","Address and/or email of the person who should be contacted for information about the sample's original archive."
"University of Nebraska - Omaha Soils Laboratory","adere@unomaha.edu"
"University of Nebraska - Omaha","adere@unomaha.edu"
"Hebrew University of Jerusalem","Adi Torfstein"
"University of California, Santa Cruz","Adina Paytan"
"Institute of Geochemistry and Petrology, Department of Earth Sciences, ETH Zürich, Switzerland","Aditi Chatterjee"
"Boston University","adunlea@bu.edu"
NULL,"adutton@ufl.edu"
"Univeristy of Florida Department of Geological Sciences","adutton@ufl.edu"
"University of Florida Department of Geological Sciences","adutton@ufl.edu"
"Univ of Michigan - EES","afiege@umich.edu"
"University of South Florida, Tampa, Florida, USA","agerma@usf.edu"
"Geosciences Barcelona (GEO3BCN-CSIC), Lluis Sole i Sabaris s/n, 08028 Barcelona","ageyer@geo3bcn.csic.es"
NULL,"ageyer@geo3bcn.csic.es"
"GEO3BCN-CSIC","ageyer@geo3bcn.csic.es"
"Geosciences Barcelona (GEO3BCN) Carrer de Lluís Solé i Sabarís, s/n, 08028 Barcelona, Spain +34 93 409 54 10","ageyer@geo3bcn.csic.es"
"Institute of Earth Sciences Jaume Almera (ICTJA-CSIC) Carrer de Lluís Solé i Sabarís, s/n, 08028 Barcelona, Spain +34 93 409 54 85","ageyertraver@gmail.com"
"Geociences Barcelona (GEO3BCN-CSIC)","ageyertraver@gmail.com"
"Geosciences Barcelona (GEO3BCN - CSIC)","ageyertraver@gmail.com"
"Geosciences Barcelona (GEO3BCN) Carrer de Lluís Solé i Sabarís, s/n, 08028 Barcelona, Spain +34 93 409 54 10","ageyertraver@gmail.com"
"Institute of Earth Sciences Jaume Almera (ICTJA-CSIC) Carrer de Lluís Solé i Sabarís, s/n, 08028 Barcelona, Spain +34 93 409 54 10","ageyertraver@gmail.com"
"Institute of Earth Sciences Jaume Almera (ICTJA-CSIC) Carrer de Lluís Solé i Sabarís, s/n, 08028 Barcelona, Spain +34 93 409 54 100","ageyertraver@gmail.com"
"Institute of Earth Sciences Jaume Almera (ICTJA-CSIC) Carrer de Lluís Solé i Sabarís, s/n, 08028 Barcelona, Spain +34 93 409 54 101","ageyertraver@gmail.com"
"Institute of Earth Sciences Jaume Almera (ICTJA-CSIC) Carrer de Lluís Solé i Sabarís, s/n, 08028 Barcelona, Spain +34 93 409 54 102","ageyertraver@gmail.com"
"Institute of Earth Sciences Jaume Almera (ICTJA-CSIC) Carrer de Lluís Solé i Sabarís, s/n, 08028 Barcelona, Spain +34 93 409 54 103","ageyertraver@gmail.com"
"Institute of Earth Sciences Jaume Almera (ICTJA-CSIC) Carrer de Lluís Solé i Sabarís, s/n, 08028 Barcelona, Spain +34 93 409 54 104","ageyertraver@gmail.com"
"Institute of Earth Sciences Jaume Almera (ICTJA-CSIC) Carrer de Lluís Solé i Sabarís, s/n, 08028 Barcelona, Spain +34 93 409 54 105","ageyertraver@gmail.com"
"Institute of Earth Sciences Jaume Almera (ICTJA-CSIC) Carrer de Lluís Solé i Sabarís, s/n, 08028 Barcelona, Spain +34 93 409 54 108","ageyertraver@gmail.com"
"Institute of Earth Sciences Jaume Almera (ICTJA-CSIC) Carrer de Lluís Solé i Sabarís, s/n, 08028 Barcelona, Spain +34 93 409 54 109","ageyertraver@gmail.com"
"Institute of Earth Sciences Jaume Almera (ICTJA-CSIC) Carrer de Lluís Solé i Sabarís, s/n, 08028 Barcelona, Spain +34 93 409 54 11","ageyertraver@gmail.com"
"Institute of Earth Sciences Jaume Almera (ICTJA-CSIC) Carrer de Lluís Solé i Sabarís, s/n, 08028 Barcelona, Spain +34 93 409 54 110","ageyertraver@gmail.com"
"Institute of Earth Sciences Jaume Almera (ICTJA-CSIC) Carrer de Lluís Solé i Sabarís, s/n, 08028 Barcelona, Spain +34 93 409 54 111","ageyertraver@gmail.com"
"Institute of Earth Sciences Jaume Almera (ICTJA-CSIC) Carrer de Lluís Solé i Sabarís, s/n, 08028 Barcelona, Spain +34 93 409 54 112","ageyertraver@gmail.com"
"Institute of Earth Sciences Jaume Almera (ICTJA-CSIC) Carrer de Lluís Solé i Sabarís, s/n, 08028 Barcelona, Spain +34 93 409 54 113","ageyertraver@gmail.com"
"Institute of Earth Sciences Jaume Almera (ICTJA-CSIC) Carrer de Lluís Solé i Sabarís, s/n, 08028 Barcelona, Spain +34 93 409 54 114","ageyertraver@gmail.com"
"Institute of Earth Sciences Jaume Almera (ICTJA-CSIC) Carrer de Lluís Solé i Sabarís, s/n, 08028 Barcelona, Spain +34 93 409 54 115","ageyertraver@gmail.com"
"Institute of Earth Sciences Jaume Almera (ICTJA-CSIC) Carrer de Lluís Solé i Sabarís, s/n, 08028 Barcelona, Spain +34 93 409 54 116","ageyertraver@gmail.com"
"Institute of Earth Sciences Jaume Almera (ICTJA-CSIC) Carrer de Lluís Solé i Sabarís, s/n, 08028 Barcelona, Spain +34 93 409 54 117","ageyertraver@gmail.com"
"Institute of Earth Sciences Jaume Almera (ICTJA-CSIC) Carrer de Lluís Solé i Sabarís, s/n, 08028 Barcelona, Spain +34 93 409 54 118","ageyertraver@gmail.com"
"Institute of Earth Sciences Jaume Almera (ICTJA-CSIC) Carrer de Lluís Solé i Sabarís, s/n, 08028 Barcelona, Spain +34 93 409 54 119","ageyertraver@gmail.com"
"Institute of Earth Sciences Jaume Almera (ICTJA-CSIC) Carrer de Lluís Solé i Sabarís, s/n, 08028 Barcelona, Spain +34 93 409 54 12","ageyertraver@gmail.com"
"Institute of Earth Sciences Jaume Almera (ICTJA-CSIC) Carrer de Lluís Solé i Sabarís, s/n, 08028 Barcelona, Spain +34 93 409 54 13","ageyertraver@gmail.com"
"Institute of Earth Sciences Jaume Almera (ICTJA-CSIC) Carrer de Lluís Solé i Sabarís, s/n, 08028 Barcelona, Spain +34 93 409 54 14","ageyertraver@gmail.com"
"Institute of Earth Sciences Jaume Almera (ICTJA-CSIC) Carrer de Lluís Solé i Sabarís, s/n, 08028 Barcelona, Spain +34 93 409 54 15","ageyertraver@gmail.com"
"Institute of Earth Sciences Jaume Almera (ICTJA-CSIC) Carrer de Lluís Solé i Sabarís, s/n, 08028 Barcelona, Spain +34 93 409 54 16","ageyertraver@gmail.com"
"Institute of Earth Sciences Jaume Almera (ICTJA-CSIC) Carrer de Lluís Solé i Sabarís, s/n, 08028 Barcelona, Spain +34 93 409 54 17","ageyertraver@gmail.com"
"Institute of Earth Sciences Jaume Almera (ICTJA-CSIC) Carrer de Lluís Solé i Sabarís, s/n, 08028 Barcelona, Spain +34 93 409 54 18","ageyertraver@gmail.com"
"Institute of Earth Sciences Jaume Almera (ICTJA-CSIC) Carrer de Lluís Solé i Sabarís, s/n, 08028 Barcelona, Spain +34 93 409 54 19","ageyertraver@gmail.com"
"Institute of Earth Sciences Jaume Almera (ICTJA-CSIC) Carrer de Lluís Solé i Sabarís, s/n, 08028 Barcelona, Spain +34 93 409 54 20","ageyertraver@gmail.com"
"Institute of Earth Sciences Jaume Almera (ICTJA-CSIC) Carrer de Lluís Solé i Sabarís, s/n, 08028 Barcelona, Spain +34 93 409 54 21","ageyertraver@gmail.com"
"Institute of Earth Sciences Jaume Almera (ICTJA-CSIC) Carrer de Lluís Solé i Sabarís, s/n, 08028 Barcelona, Spain +34 93 409 54 22","ageyertraver@gmail.com"
"Institute of Earth Sciences Jaume Almera (ICTJA-CSIC) Carrer de Lluís Solé i Sabarís, s/n, 08028 Barcelona, Spain +34 93 409 54 23","ageyertraver@gmail.com"
"Institute of Earth Sciences Jaume Almera (ICTJA-CSIC) Carrer de Lluís Solé i Sabarís, s/n, 08028 Barcelona, Spain +34 93 409 54 24","ageyertraver@gmail.com"
"Institute of Earth Sciences Jaume Almera (ICTJA-CSIC) Carrer de Lluís Solé i Sabarís, s/n, 08028 Barcelona, Spain +34 93 409 54 25","ageyertraver@gmail.com"
"Institute of Earth Sciences Jaume Almera (ICTJA-CSIC) Carrer de Lluís Solé i Sabarís, s/n, 08028 Barcelona, Spain +34 93 409 54 26","ageyertraver@gmail.com"
"Institute of Earth Sciences Jaume Almera (ICTJA-CSIC) Carrer de Lluís Solé i Sabarís, s/n, 08028 Barcelona, Spain +34 93 409 54 27","ageyertraver@gmail.com"
"Institute of Earth Sciences Jaume Almera (ICTJA-CSIC) Carrer de Lluís Solé i Sabarís, s/n, 08028 Barcelona, Spain +34 93 409 54 51","ageyertraver@gmail.com"
"Institute of Earth Sciences Jaume Almera (ICTJA-CSIC) Carrer de Lluís Solé i Sabarís, s/n, 08028 Barcelona, Spain +34 93 409 54 52","ageyertraver@gmail.com"
"Institute of Earth Sciences Jaume Almera (ICTJA-CSIC) Carrer de Lluís Solé i Sabarís, s/n, 08028 Barcelona, Spain +34 93 409 54 53","ageyertraver@gmail.com"
"Institute of Earth Sciences Jaume Almera (ICTJA-CSIC) Carrer de Lluís Solé i Sabarís, s/n, 08028 Barcelona, Spain +34 93 409 54 54","ageyertraver@gmail.com"
"Institute of Earth Sciences Jaume Almera (ICTJA-CSIC) Carrer de Lluís Solé i Sabarís, s/n, 08028 Barcelona, Spain +34 93 409 54 55","ageyertraver@gmail.com"
"Institute of Earth Sciences Jaume Almera (ICTJA-CSIC) Carrer de Lluís Solé i Sabarís, s/n, 08028 Barcelona, Spain +34 93 409 54 56","ageyertraver@gmail.com"
"Institute of Earth Sciences Jaume Almera (ICTJA-CSIC) Carrer de Lluís Solé i Sabarís, s/n, 08028 Barcelona, Spain +34 93 409 54 57","ageyertraver@gmail.com"
"Institute of Earth Sciences Jaume Almera (ICTJA-CSIC) Carrer de Lluís Solé i Sabarís, s/n, 08028 Barcelona, Spain +34 93 409 54 58","ageyertraver@gmail.com"
"Institute of Earth Sciences Jaume Almera (ICTJA-CSIC) Carrer de Lluís Solé i Sabarís, s/n, 08028 Barcelona, Spain +34 93 409 54 59","ageyertraver@gmail.com"
"Institute of Earth Sciences Jaume Almera (ICTJA-CSIC) Carrer de Lluís Solé i Sabarís, s/n, 08028 Barcelona, Spain +34 93 409 54 60","ageyertraver@gmail.com"
"Institute of Earth Sciences Jaume Almera (ICTJA-CSIC) Carrer de Lluís Solé i Sabarís, s/n, 08028 Barcelona, Spain +34 93 409 54 61","ageyertraver@gmail.com"
"Institute of Earth Sciences Jaume Almera (ICTJA-CSIC) Carrer de Lluís Solé i Sabarís, s/n, 08028 Barcelona, Spain +34 93 409 54 62","ageyertraver@gmail.com"
"Institute of Earth Sciences Jaume Almera (ICTJA-CSIC) Carrer de Lluís Solé i Sabarís, s/n, 08028 Barcelona, Spain +34 93 409 54 63","ageyertraver@gmail.com"
"Institute of Earth Sciences Jaume Almera (ICTJA-CSIC) Carrer de Lluís Solé i Sabarís, s/n, 08028 Barcelona, Spain +34 93 409 54 64","ageyertraver@gmail.com"
"Institute of Earth Sciences Jaume Almera (ICTJA-CSIC) Carrer de Lluís Solé i Sabarís, s/n, 08028 Barcelona, Spain +34 93 409 54 65","ageyertraver@gmail.com"
"Institute of Earth Sciences Jaume Almera (ICTJA-CSIC) Carrer de Lluís Solé i Sabarís, s/n, 08028 Barcelona, Spain +34 93 409 54 66","ageyertraver@gmail.com"
"Institute of Earth Sciences Jaume Almera (ICTJA-CSIC) Carrer de Lluís Solé i Sabarís, s/n, 08028 Barcelona, Spain +34 93 409 54 67","ageyertraver@gmail.com"
"Institute of Earth Sciences Jaume Almera (ICTJA-CSIC) Carrer de Lluís Solé i Sabarís, s/n, 08028 Barcelona, Spain +34 93 409 54 68","ageyertraver@gmail.com"
"Institute of Earth Sciences Jaume Almera (ICTJA-CSIC) Carrer de Lluís Solé i Sabarís, s/n, 08028 Barcelona, Spain +34 93 409 54 69","ageyertraver@gmail.com"
"Institute of Earth Sciences Jaume Almera (ICTJA-CSIC) Carrer de Lluís Solé i Sabarís, s/n, 08028 Barcelona, Spain +34 93 409 54 70","ageyertraver@gmail.com"
"Institute of Earth Sciences Jaume Almera (ICTJA-CSIC) Carrer de Lluís Solé i Sabarís, s/n, 08028 Barcelona, Spain +34 93 409 54 71","ageyertraver@gmail.com"
"Institute of Earth Sciences Jaume Almera (ICTJA-CSIC) Carrer de Lluís Solé i Sabarís, s/n, 08028 Barcelona, Spain +34 93 409 54 72","ageyertraver@gmail.com"
"Institute of Earth Sciences Jaume Almera (ICTJA-CSIC) Carrer de Lluís Solé i Sabarís, s/n, 08028 Barcelona, Spain +34 93 409 54 73","ageyertraver@gmail.com"
"Institute of Earth Sciences Jaume Almera (ICTJA-CSIC) Carrer de Lluís Solé i Sabarís, s/n, 08028 Barcelona, Spain +34 93 409 54 74","ageyertraver@gmail.com"
"Institute of Earth Sciences Jaume Almera (ICTJA-CSIC) Carrer de Lluís Solé i Sabarís, s/n, 08028 Barcelona, Spain +34 93 409 54 75","ageyertraver@gmail.com"
"Institute of Earth Sciences Jaume Almera (ICTJA-CSIC) Carrer de Lluís Solé i Sabarís, s/n, 08028 Barcelona, Spain +34 93 409 54 76","ageyertraver@gmail.com"
"Institute of Earth Sciences Jaume Almera (ICTJA-CSIC) Carrer de Lluís Solé i Sabarís, s/n, 08028 Barcelona, Spain +34 93 409 54 99","ageyertraver@gmail.com"
"Institute of Earth Sciences Jaume Almera (ICTJA-CSIC) Carrer de Lluís Solé i Sabarís, s/n, 08028 Barcelona, Spain +34 93 409 54 98","ageyertraver@gmail.com"
"Institute of Earth Sciences Jaume Almera (ICTJA-CSIC) Carrer de Lluís Solé i Sabarís, s/n, 08028 Barcelona, Spain +34 93 409 54 77","ageyertraver@gmail.com"
"Institute of Earth Sciences Jaume Almera (ICTJA-CSIC) Carrer de Lluís Solé i Sabarís, s/n, 08028 Barcelona, Spain +34 93 409 54 97","ageyertraver@gmail.com"
"Institute of Earth Sciences Jaume Almera (ICTJA-CSIC) Carrer de Lluís Solé i Sabarís, s/n, 08028 Barcelona, Spain +34 93 409 54 78","ageyertraver@gmail.com"
"Institute of Earth Sciences Jaume Almera (ICTJA-CSIC) Carrer de Lluís Solé i Sabarís, s/n, 08028 Barcelona, Spain +34 93 409 54 79","ageyertraver@gmail.com"
"Institute of Earth Sciences Jaume Almera (ICTJA-CSIC) Carrer de Lluís Solé i Sabarís, s/n, 08028 Barcelona, Spain +34 93 409 54 80","ageyertraver@gmail.com"
"Institute of Earth Sciences Jaume Almera (ICTJA-CSIC) Carrer de Lluís Solé i Sabarís, s/n, 08028 Barcelona, Spain +34 93 409 54 96","ageyertraver@gmail.com"
"Institute of Earth Sciences Jaume Almera (ICTJA-CSIC) Carrer de Lluís Solé i Sabarís, s/n, 08028 Barcelona, Spain +34 93 409 54 95","ageyertraver@gmail.com"
"Institute of Earth Sciences Jaume Almera (ICTJA-CSIC) Carrer de Lluís Solé i Sabarís, s/n, 08028 Barcelona, Spain +34 93 409 54 94","ageyertraver@gmail.com"
"Institute of Earth Sciences Jaume Almera (ICTJA-CSIC) Carrer de Lluís Solé i Sabarís, s/n, 08028 Barcelona, Spain +34 93 409 54 93","ageyertraver@gmail.com"
"Institute of Earth Sciences Jaume Almera (ICTJA-CSIC) Carrer de Lluís Solé i Sabarís, s/n, 08028 Barcelona, Spain +34 93 409 54 81","ageyertraver@gmail.com"
"Institute of Earth Sciences Jaume Almera (ICTJA-CSIC) Carrer de Lluís Solé i Sabarís, s/n, 08028 Barcelona, Spain +34 93 409 54 82","ageyertraver@gmail.com"
"Institute of Earth Sciences Jaume Almera (ICTJA-CSIC) Carrer de Lluís Solé i Sabarís, s/n, 08028 Barcelona, Spain +34 93 409 54 83","ageyertraver@gmail.com"
"Institute of Earth Sciences Jaume Almera (ICTJA-CSIC) Carrer de Lluís Solé i Sabarís, s/n, 08028 Barcelona, Spain +34 93 409 54 92","ageyertraver@gmail.com"
"Institute of Earth Sciences Jaume Almera (ICTJA-CSIC) Carrer de Lluís Solé i Sabarís, s/n, 08028 Barcelona, Spain +34 93 409 54 84","ageyertraver@gmail.com"
"Institute of Earth Sciences Jaume Almera (ICTJA-CSIC) Carrer de Lluís Solé i Sabarís, s/n, 08028 Barcelona, Spain +34 93 409 54 91","ageyertraver@gmail.com"
"Institute of Earth Sciences Jaume Almera (ICTJA-CSIC) Carrer de Lluís Solé i Sabarís, s/n, 08028 Barcelona, Spain +34 93 409 54 90","ageyertraver@gmail.com"
"Institute of Earth Sciences Jaume Almera (ICTJA-CSIC) Carrer de Lluís Solé i Sabarís, s/n, 08028 Barcelona, Spain +34 93 409 54 89","ageyertraver@gmail.com"
"Institute of Earth Sciences Jaume Almera (ICTJA-CSIC) Carrer de Lluís Solé i Sabarís, s/n, 08028 Barcelona, Spain +34 93 409 54 88","ageyertraver@gmail.com"
"Institute of Earth Sciences Jaume Almera (ICTJA-CSIC) Carrer de Lluís Solé i Sabarís, s/n, 08028 Barcelona, Spain +34 93 409 54 87","ageyertraver@gmail.com"
"Institute of Earth Sciences Jaume Almera (ICTJA-CSIC) Carrer de Lluís Solé i Sabarís, s/n, 08028 Barcelona, Spain +34 93 409 54 86","ageyertraver@gmail.com"
"Institute of Earth Sciences Jaume Almera (ICTJA-CSIC) Carrer de Lluís Solé i Sabarís, s/n, 08028 Barcelona, Spain +34 93 409 54 28","ageyertraver@gmail.com"
"Institute of Earth Sciences Jaume Almera (ICTJA-CSIC) Carrer de Lluís Solé i Sabarís, s/n, 08028 Barcelona, Spain +34 93 409 54 29","ageyertraver@gmail.com"
"Institute of Earth Sciences Jaume Almera (ICTJA-CSIC) Carrer de Lluís Solé i Sabarís, s/n, 08028 Barcelona, Spain +34 93 409 54 30","ageyertraver@gmail.com"
"Institute of Earth Sciences Jaume Almera (ICTJA-CSIC) Carrer de Lluís Solé i Sabarís, s/n, 08028 Barcelona, Spain +34 93 409 54 31","ageyertraver@gmail.com"
"Institute of Earth Sciences Jaume Almera (ICTJA-CSIC) Carrer de Lluís Solé i Sabarís, s/n, 08028 Barcelona, Spain +34 93 409 54 32","ageyertraver@gmail.com"
"Institute of Earth Sciences Jaume Almera (ICTJA-CSIC) Carrer de Lluís Solé i Sabarís, s/n, 08028 Barcelona, Spain +34 93 409 54 33","ageyertraver@gmail.com"
"Institute of Earth Sciences Jaume Almera (ICTJA-CSIC) Carrer de Lluís Solé i Sabarís, s/n, 08028 Barcelona, Spain +34 93 409 54 34","ageyertraver@gmail.com"
"Institute of Earth Sciences Jaume Almera (ICTJA-CSIC) Carrer de Lluís Solé i Sabarís, s/n, 08028 Barcelona, Spain +34 93 409 54 35","ageyertraver@gmail.com"
"Institute of Earth Sciences Jaume Almera (ICTJA-CSIC) Carrer de Lluís Solé i Sabarís, s/n, 08028 Barcelona, Spain +34 93 409 54 36","ageyertraver@gmail.com"
"Institute of Earth Sciences Jaume Almera (ICTJA-CSIC) Carrer de Lluís Solé i Sabarís, s/n, 08028 Barcelona, Spain +34 93 409 54 37","ageyertraver@gmail.com"
"Institute of Earth Sciences Jaume Almera (ICTJA-CSIC) Carrer de Lluís Solé i Sabarís, s/n, 08028 Barcelona, Spain +34 93 409 54 38","ageyertraver@gmail.com"
"Institute of Earth Sciences Jaume Almera (ICTJA-CSIC) Carrer de Lluís Solé i Sabarís, s/n, 08028 Barcelona, Spain +34 93 409 54 39","ageyertraver@gmail.com"
"Institute of Earth Sciences Jaume Almera (ICTJA-CSIC) Carrer de Lluís Solé i Sabarís, s/n, 08028 Barcelona, Spain +34 93 409 54 40","ageyertraver@gmail.com"
"Institute of Earth Sciences Jaume Almera (ICTJA-CSIC) Carrer de Lluís Solé i Sabarís, s/n, 08028 Barcelona, Spain +34 93 409 54 41","ageyertraver@gmail.com"
"Institute of Earth Sciences Jaume Almera (ICTJA-CSIC) Carrer de Lluís Solé i Sabarís, s/n, 08028 Barcelona, Spain +34 93 409 54 42","ageyertraver@gmail.com"
"Institute of Earth Sciences Jaume Almera (ICTJA-CSIC) Carrer de Lluís Solé i Sabarís, s/n, 08028 Barcelona, Spain +34 93 409 54 43","ageyertraver@gmail.com"
"Institute of Earth Sciences Jaume Almera (ICTJA-CSIC) Carrer de Lluís Solé i Sabarís, s/n, 08028 Barcelona, Spain +34 93 409 54 44","ageyertraver@gmail.com"
"Institute of Earth Sciences Jaume Almera (ICTJA-CSIC) Carrer de Lluís Solé i Sabarís, s/n, 08028 Barcelona, Spain +34 93 409 54 45","ageyertraver@gmail.com"
"Institute of Earth Sciences Jaume Almera (ICTJA-CSIC) Carrer de Lluís Solé i Sabarís, s/n, 08028 Barcelona, Spain +34 93 409 54 46","ageyertraver@gmail.com"
"Institute of Earth Sciences Jaume Almera (ICTJA-CSIC) Carrer de Lluís Solé i Sabarís, s/n, 08028 Barcelona, Spain +34 93 409 54 47","ageyertraver@gmail.com"
"Institute of Earth Sciences Jaume Almera (ICTJA-CSIC) Carrer de Lluís Solé i Sabarís, s/n, 08028 Barcelona, Spain +34 93 409 54 48","ageyertraver@gmail.com"
"Institute of Earth Sciences Jaume Almera (ICTJA-CSIC) Carrer de Lluís Solé i Sabarís, s/n, 08028 Barcelona, Spain +34 93 409 54 49","ageyertraver@gmail.com"
"Institute of Earth Sciences Jaume Almera (ICTJA-CSIC) Carrer de Lluís Solé i Sabarís, s/n, 08028 Barcelona, Spain +34 93 409 54 50","ageyertraver@gmail.com"
"Department of Soil Science, Luiz de Queiroz College of Agriculture (ESALQ), University of Sa˜o Paulo (USP), Piracicaba, Sa˜o Paulo 13418-900, Brazil","agfboim@usp.br"
"Soil Science Department, Luiz de Queiroz College of Agriculture, University of São Paulo (ESALQ-USP), Av. P´adua Dias 11, CEP 13418-900, Piracicaba, Sao Paulo, Brazil","agfboim@usp.br"
"Department of Soil Science, Luiz de Queiroz College of Agriculture (ESALQ), University of São Paulo (USP), Piracicaba, São Paulo, 13418-900, Brazil","agfboim@usp.br"
"U.S. Geological Survey","agilmer@usgs.gov"
"Scripps Institution of Oceanography","ahangsterfer@ucsd.edu"
"University of South Carolina","Aimee Pusz"
"Northern Arizona University","ak767@nau.edu"
"Universität Bremen, Geosciences Dpt., Bremen, Germany","akluegel@uni-bremen.de"
"University of Maine Climate Change Institute","akurbatov@maine.edu"
"Berkeley Geochronology Center","al@bgc.org"
"OSU","Alan Mix"
"Pacific Northwest National Laboratory-Sequim, WA","Alan Roebuck"
"Geological Survey of Newfoundland and Labrador","alanahinchey@gov.nl.ca"
NULL,"Alessandro Frigeri"
"Istituto di Astrofisica e Planetologia Spaziali IAPS INAF","alessandro.frigeri@inaf.it"
"University of Parma, Italy","alessio.lucca@studenti.unipr.it"
"Geological Survey of Canada, 601 Booth St., Ottawa, ON, K1A0E8","alex.zagorevski@nrcan-rncan.gc.ca"
"Geological Survey of Canada, 601 Booth St., Ottawa, ON, K1A0E7","alex.zagorevski@nrcan-rncan.gc.ca"
"USC rock archive","Alexander D Lusk"
"Lamont-Doherty Earth Observatory","Alexandra Bausch"
"University of California, San Diego, Scripps Institution of Oceanography, La Jolla, CA, 90237, USA","Alexandra Hangsterfer"
"Institute of Volcanology and Seismology, Russia","Alexey Ozerov"
"Brown University Department of Earth, Environmental and Planetary Sciences; Providence, RI","alexia_rojas@brown.edu"
"Utah State University Department of Geology","alexis.ault@usu.edu"
"Utah State University","alexis.ault@usu.edu"
NULL,"Alican Aktag"
"University College London","Alice Carter-Champion"
NULL,"alissa.kotowski@gmail.com"
"Geoscience Australia","Alix Post"
"Temple University; Philadelphia, PA","alix@temple.edu"
"University of Johannesburg (UJ)","Allan Wilson"
"Biomarker Technologies Inc.","allegra@geomodelingsolutions.com"
"Biomarker Technologies","allegra@geomodelingsolutions.com"
"CoreLab","allegra@geomodelingsolutions.com"
"Weatherford","allegra@geomodelingsolutions.com"
"GeoMark","allegra@geomodelingsolutions.com"
"Biomarker Technologies, Inc.","allegra@geomodelingsolutions.com"
"Allegra Hosford Scheirer","allegra@geomodelingsolutions.com"
"Stanford University: Minh Tran","allegra@geomodelingsolutions.com"
"Weatherford Lab","allegra@geomodelingsolutions.com"
"Kenneth J Bird house","allegra@geomodelingsolutions.com"
"Biomarker Technologies, Inc.","allegra@greatbearpetro.com"
"Allegra Hosford Scheirer","allegras@stanford.edu"
"UNC Chapel Hill","Allen Glazner"
"LDEO","Allison Franzese"
"Lamont-Doherty Earth Observatory (LDEO)","Allison Jacobel"
"Brown University","Allison Jacobel"
"LDEO","Allison Jacobel"
"Pacific Northwest National Laboratory Sequim Campus","Allison Myers-Pigg; allison.myers-pigg@pnnl.gov"
"Brown University","Allison W. Jacobel"
NULL,"Allison W. Jacobel"
"Lamont-Doherty Earth Observatory (LDEO)","alloyd@ldeo.columbia.edu"
"Lamont Doherty Earth Observatory - Geochemistry","alloyd@ldeo.columbia.edu"
"LDEO","Allsion Franzese"
"Arizona State University, School of Earth and Space Exploration","amanda.clarke@asu.edu"
"Weatherford Labs","Amanda.Kennedy@Weatherfordlabs.com"
"National Oceanographic Centre, Southampton, UK","Amaya Menendez"
"National Oceanographic Centre, Southampton, UK","Amaya Menendez Gamella"
"NOCS, Southampton, UK","Amaya Menendez Gamella"
"USGS Astrogeology Science Center, Flagstaff, Arizona","Amber Gullikson, agullikson@usgs.gov; Tenielle Gaither, tgaither@usgs.gov"
"Utah State University","amoser1@fandm.edu"
"Utah State University Department of Geology","amoser1@fandm.edu"
"National Autonomous University of Mexico","analil@geofisica.unam.mx"
"LacCore","Anders Noren"
"Stanford U.","Andrea Erhardt"
NULL,"Andreas.Lueckge@bgr.de"
"The University of Maine","Andrei Kurbatov"
"IUPUI","Andrew Barth"
"Indiana University-Purdue University Indianapolis (IUPUI)","Andrew Barth"
"University of Florida","angelbarbosae@gmail.com"
"Occidental College","Ann Blythe"
"University of Texas NPL UT000004547 NPL1-006233","Ann Molineux"
"Non-Vertebrate Palentology Laboratory","Ann Molineux"
"Non-Vertebrate Paleontology Laboratory","Ann Molineux"
"University of Texas NPL UT000004616 NPL1-007054","Ann Molineux"
NULL,"Ann Molineux annm@austin.utexas.edu"
"Lamont-Doherty Earth Observatory","Anna Barth acb2219@columbia.edu"
"University of Helsinki, Finland","Anna M. R. Sartell, anna.sartell@helsinki.fi"
"Lund University, Sweden","Anna M. R. Sartell, anna.sartell@helsinki.fi"
"Geoscience Australia","Anna Potter"
"NTNU","anna.lim@ntnu.no"
"Woods Hole Oceanographic Institution","Anne Cohen"
NULL,"annm@austin.utexas.edu"
"UC Davis","Anthony J. Menicucci"
"Oregon State University, College of Earth, Ocean, and Atmospheric Sciences (CEOAS)","Anthony Koppers (akoppers@coas.oregonstate.edu)"
"LSCE CEA Paris-Saclay","anthony.foucher@lsce.ipsl.fr"
"LSCE. France","anthony.foucher@lsce.ipsl.fr"
"LSCE, Saint-Aubin, France","anthony.foucher@lsce.ipsl.fr"
"LSCE, Gif-sur-Yvette, France","anthony.foucher@lsce.ipsl.fr"
"Oregon State University","anthony.koppers@oregonstate.edu"
"Anton Kutyrev","anton.v.kutyrev@gmail.com"
"Cardiff University","anton.v.kutyrev@gmail.com"
"KGS-Earth Analysis Research Library","Antonia Bottoms (antonia.bottoms@uky.edu)"
"Instituto Andaluz de Ciencias de la Tierra","Antonio Sánchez N / Carlos J. Garrido (carlos.garrido@csic.es), IACT, Av. Palmeras 4, 18100 Armilla, Granada, Spain"
"Università degli studi di Palermo, Dipartimento di Scienze e Tecnologie Biologiche Chimiche e Farmaceutiche (STEBICEF)","antonio.caruso@unipa.it"
NULL,"anutman@uow.edu.au"
"Woodwell Climate Research Center","Anya Suslova"
"American Museum of Natural History","API"
"ARF","ARF"
NULL,"ARF"
"Antarctic Marine Geology Research Facility (AMGRF)","ARF"
"Antarctic Marine Geology Research Facility (AMGRF)","arf.curator@gmail.com"
"AMGRF","arf.curator@gmail.com"
"ARF; Antarctic Marine Geology Research Facility","arf.curator@gmail.com"
"Antarctic Marine Geology Research Facility (AMGRF)","arf.curator@gmail.gom"
"ARF; Antarctic Marine Geology Research Facility","arf.fsu@gmail.com"
"Florida State University, Antarctic Marine Geology Research Facility (FSU-ARF)","arf.fsu@gmail.com"
"Antarctic Marine Geology Research Facility (AMGRF)","arf.fsu@gmail.com"
"ARF","arf.fsu@gmail.com"
"ARF: Antarctic Marine Geology Research Facility","arf.fsu@gmail.com"
"Antarctic Marine Geology Research Facility (AMGRF)","arf.fsu@gnail.com"
"IMBE (ISNI:0000 0004 0600 2381)","ARNAUD F (ORCID:0000-0002-8706-9902)"
"GENEVE","ARNAUD F (ORCID:0000-0002-8706-9902)"
"CHRONO-ENVIRONNEMENT","ARNAUD F (ORCID:0000-0002-8706-9902)"
"EDYTEM UMR5204 (ISNI:0000 0001 2109 3638)","ARNAUD F (ORCID:0000-0002-8706-9902)"
"Environnements, DYnamiques et TErritoires de la Montagne (EDYTEM)","ARNAUD Fabien (ORCID:0000-0002-8706-9902) curateur-edytem@univ-smb.fr"
"University of California Riverside","arogyaswamy@gmail.com"
"MARUM, Bremen, Germany","arovere@marum.de"
"MARUM","arovere@marum.de"
"Universidad Nacional Autónoma de México","Arturo Gómez-Tuena"
"Weatherford","Ashley.Rodriguez@Weatherfordlabs.com"
"Caltech","asimow@caltech.edu"
"Illinois State Geological Survey, Champaign-Urbana/Northwestern University, Evanston","astumpf@illinois.edu/n-blair@northwestern.edu"
"College of Staten Island","Athanasios Koutavas"
NULL,"audrey.taillefer@gmail.com"
"ISTerre","audrey.taillefer@gmail.com"
"University of Johannesburg (UJ)","Axel Hofmann ahofmann@uj.ac.za"
"Institute of Earth Sciences, Heidelberg University, Heidelberg, Germany","axel.schmitt@geow.uni-heidelberg.de"
"Arizona State University","axel.wittmann@asu.edu"
"UCLA","axel@oro.ess.ucla.edu"
"The Lyell Centre, Heriot-Watt University","Babette Hoogakker"
"Universitetet bergen (ISNI:0000 0004 1936 7443)","BAKKE J (ORCID:0000-0001-6114-0400) Jostein.Bakke@geo.uib.no"
"Laboratory of Environmental Microbiology, Institute of Microbiology of the Czech Academy of Sciences, Prague","baldrian@biomed.cas.cz"
"Istituto di Geoscienze e Georisorse, Consiglio Nazionale delle Ricerche, Florence, Italy & University of Melbourne Thermochronology","balestrieri@igg.cnr.it"
"Univeristy of Texas at Austin; Austin, TX","banner@jsg.utexas.edu"
"Lawrence Berkeley National Laboratory","Baptiste Dafflon, BDafflon@lbl.gov"
"University of Wyoming (UWYU)","Barbara John (bjohn@uwyo.edu)"
"University of Wyoming (UWYU)","Barbara John bjohn@uwyo.edu"
"SLAC/SSRL","bargar@slac.stanford.edu"
"Northern Territory Geological Survey, Darwin, NT, 0800","barry.reno@gmail.com"
"Bremen Core Repository, University of Bremen, Leobener Strasse 8, 28371 Bremen","bcr@marum.de"
"Bremen Core Repository, University of Bremen, Leobener Strasse 8, 28375 Bremen","bcr@marum.de"
"IODP Bremen Core Repository","bcr@marum.de"
"Bremen Core Repository, University of Bremen, Leobener Strasse 8, 28374 Bremen","bcr@marum.de"
"Bremen Core Repository, University of Bremen, Leobener Strasse 8, 28370 Bremen","bcr@marum.de"
"Bremen Core Repository, University of Bremen, Leobener Strasse 8, 28367 Bremen","bcr@marum.de"
"Bremen Core Repository, University of Bremen, Leobener Strasse 8, 28376 Bremen","bcr@marum.de"
"Bremen Core Repository, University of Bremen, Leobener Strasse 8, 28364 Bremen","bcr@marum.de"
"Bremen Core Repository, University of Bremen, Leobener Strasse 8, 28365 Bremen","bcr@marum.de"
"Bremen Core Repository, University of Bremen, Leobener Strasse 8, 28366 Bremen","bcr@marum.de"
"Bremen Core Repository, University of Bremen, Leobener Strasse 8, 28373 Bremen","bcr@marum.de"
"Bremen Core Repository, University of Bremen, Leobener Strasse 8, 28369 Bremen","bcr@marum.de"
"Bremen Core Repository, University of Bremen, Leobener Strasse 8, 28359 Bremen","bcr@marum.de"
"Bremen Core Repository, University of Bremen, Leobener Strasse 8, 28368 Bremen","bcr@marum.de"
"Bremen Core Repository, University of Bremen, Leobener Strasse 8, 28360 Bremen","bcr@marum.de"
"Bremen Core Repository, University of Bremen, Leobener Strasse 8, 28361 Bremen","bcr@marum.de"
"Bremen Core Repository, University of Bremen, Leobener Strasse 8, 28362 Bremen","bcr@marum.de"
"Bremen Core Repository, University of Bremen, Leobener Strasse 8, 28372 Bremen","bcr@marum.de"
"Bremen Core Repository, University of Bremen, Leobener Strasse 8, 28363 Bremen","bcr@marum.de"
"GeoZentrum Nordbayern, Friedrich-Alexander Universität Erlangen-Nürnberg, Germany","Beier, C."
"GeoZentrum Nordbayern, Friedrich-Alexander Universität Erlangen-Nürnberg","Beier, C."
"EDYTEM UMR5204 (ISNI:0000 0001 2109 3638)","BELLE S curateur-edytem@univ-savoie.fr"
"CHRONO-ENVIRONNEMENT (ISNI:  0000 0001 2188 3779)","BELLE S null"
"University of Wisconsin Oshkosh","Ben Hallett"
"Harvard University","Benjamin Geyman"
"Royal Holloway University of London","Benjamin Jost (benjamin.m.jost@gmail.com)"
"Ghent University","benjamin.amann.ugent@gmail.com"
"Rensselaer Polytechnic Institute (RPI)","benwhallett@gmail.com"
"Woods Hole Oceanographic Institution (WHOI)","Berhnhard Peucker-Ehrenbrink"
"CAROTHEQUE UNIVERSITE DE BORDEAUX UMR EPOC","Bernard DENNIELOU bernard.dennielou@ifremer.fr"
"Ghent University","Bernard S."
"WHOI - Clark - Basement Walk-in Fridge","Bernhard Peucker-Ehrenbrink"
"Woods Hole Oceanographic Institution (WHOI)","Bernhard Peucker-Ehrenbrink"
"Woods Hole Oceanographic Institution (WHOI)","Bernhard Peucker-Erhenbrink"
"Ghent University","Bertrand S"
"Ghent University","Bertrand S."
"Ghent University","Bertrand S.."
"Ghent University","bertrand.sebastien@ugent.be"
"Colby College","Bess Koffman"
"Istituto di Geologia Ambientale e Geoingegneria of the Italian National Research Council (IGAG-CNR) Rome","Biagio Giaccio"
"University of Iowa","bill-mcclelland@uiowa.edu"
"Lamont-Doherty Earth Observatory (LDEO)","Bill Ryan"
"Solsten","bill@solstenxp.com"
"University of Alaska Anchorage, Applied Science Engineering and Technology Laboratory (ASET)","Birgit Hagedorn"
"University of Alaska Anchorage (UAA)","Birgit Hagedorn"
"Oak Ridge National Lab - TES SFA Archive","birkebakjm@ornl.gov"
"CAROTHEQUE UNIVERSITE DE BORDEAUX UMR EPOC","BLAMART Dominique Dominique.Blamart@lsce.ipsl.fr"
"Institute of Marine Sciences and Limnology, National Autonomous University of Mexico","blanchons@gmail.com"
"U.S. Geological Survey","bmagnin@usgs.gov"
"Lamont-Doherty Earth Observatory - Tree Ring Lab","bmb@ldeo.columbia.edu"
"Lamont Tree Ring Lab","bmb@ldeo.columbia.edu"
"University of Arizona","bmoravec@arizona.edu"
"LDEO","Bob Anderson"
NULL,"Boise State University"
"Scripps Institution of Oceanography (SIO)","bowlesj@uwm.edu"
"University of Wisconsin-Milwaukee (UWM)","bowlesj@uwm.edu"
"SLAC/SSRL","boye@slac.stanford.edu"
"SLAC SSRL","boye@slac.stanford.edu"
"Department of Terrestrial Magnetism, Carnegie Institution for Science","Brad Peters, bpeters@carnegiescience.edu"
"Earth and Planets Laboratory, Carnegie Institution for Science","Brad Peters, bradley.peters@erdw.ethz.ch"
NULL,"bradley-cramer@uiowa.edu"
"University of Iowa","Bradley Cramer"
"ETH Zurich, Scripps Institution of Oceanography","Bradley J. Peters"
"ETH Zurich; Scripps Institution of Oceanography","Bradley J. Peters"
"ETH Zurich; Carnegie Institution for Science Earth and Planets Laboratory","Bradley J. Peters"
"Scripps Institution of Oceanography","Bradley J. Peters"
"Oregon State University: College of Earth, Ocean, and Atmospheric Sciences","bradwpitcher@gmail.com"
"Pennsylvania State University, Department of Geosciences","brantley@eesi.psu.edu"
"Pennsylvania State University, Department of Geosciences","brantley@essc.psu.edu"
NULL,"Brendt, F."
"The University of the West Indies","Brent Wilson"
"U.S. Extended Continental Shelf Samples Repository (ECS)","Brian Buczkowski"
"ECS","Brian Buczkowski"
"Scripps Institution of Oceanography (SIO)","Brian House"
"Smithsonian National Museum of Natural History","Brian Huber"
"ECS Samples Repository, U.S. Geological Survey","Brian J. Buczkowski, curator"
"U.S. Extended Continental Shelf Samples Repository (ECS)","Brian J. Buczkowski, curator"
"INSTAAR, CU Boulder","Brigitta Rongstad"
"University of South Florida","brosenheim@usf.edu"
"CAROTHEQUE UNIVERSITE DE BORDEAUX UMR EPOC","Bruno MALAIZE bruno.malaize@u-bordeaux.fr"
NULL,"Butterfield_Dave"
NULL,"Butterfield_David"
"USGS","Byron Stone"
"Dept. Earth and Environmental Sciences - University of Pavia","C Lupi claudia.lupi@unipv.it"
NULL,"C. Rose"
"University of South Florida","C. smith"
"University of South Florida","C. Smith"
NULL,"cadenhowlett@arizona.edu"
"Lamont-Doherty Earth Observatory (LDEO)","cai@ldeo.columbia.edu"
"Lamont-Doherty Earth Observatory","cai@ldeo.columbia.edu"
"CAROTHEQUE UNIVERSITE DE BORDEAUX UMR EPOC","CALEY Thibaut thibaut.caley@u-bordeaux.fr"
"Arizona Geological Survey, University of Arizona","carichardson@arizona.edu"
"Department of Earth & Planetary Sciences, Harvard University, Cambridge, Massachusetts, 02138, USA","Carl Francis"
"Harvard University, Department of Earth and Planetary Sciences (EPS)","Carl Francis"
"IACT (Instituto Andaluz de Ciencias de la Tierra), CSIC-UGR, 18100 Armilla, Granada, Spain","Carlos J. Garrido (carlos.garrido@csic.es)"
"Instituto Andaluz de Ciencias de la Tierra (IACT), Armilla, Granada, Spain","Carlos J. Garrido (carlos.garrido@csic.es)"
"Instituto Andaluz de Ciencias de la Tierra (IACT), Granada, Spain","Carlos J. Garrido (carlos.garrido@csic.es)"
"IACT, Granada, Spain,","Carlos J. Garrido (carlos.garrido@csic.es)"
" Instituto Andaluz de Ciencias de la Tierra","Carlos J. Garrido (carlos.garrido@csic.es), IACT, Av. Palmeras 4, 18100 Armilla, Granada, Spain"
"Instituto Andaluz de Ciencias de la Tierra","Carlos J. Garrido (carlos.garrido@csic.es), IACT, Av. Palmeras 4, 18100 Armilla, Granada, Spain"
"Instituto Andaluz de Ciencias de la Tierra","Carlos J. Garrido (carlos.garrido@csic.es), IACT, Av. Palmeras 4, 18100 Armilla, Granada, Spain."
" Instituto Andaluz de Ciencias de la Tierra","Carlos J. Garrido (carlos.garrido@csic.es), IACT, Av. Palmeras 4,18100 Armilla, Granada, Spain"
"Instituto Andaluz de Ciencias de la Tierra","Carlos J. Garrido (carlos.garrido@csic.es), IACT, Av. Palmeras 4,18100 Armilla, Granada, Spain"
"IACT, Armilla, Granada, Spain","Carlos J. Garrido (IACT) carlos.garrido@csic.es"
"Shell Exploration & Production Co.","Carlos Pirmez"
"Utah State University","carol.dehler@usu.edu"
"Royal Netherlands Institute for Sea Research(NIOZ)","Caroline Cleroux"
"LDEO","Caroline Cleroux"
"with Collector","carolinebouvet@ntu.edu.sg"
"University of Arkansas Department of Geosciences; Fayetteville, AR","casuarez@uark.edu"
"Andes University","Catalina González"
NULL,"Catherine KISSEL catherine.kissel@lsce.ipsl.fr"
"University of Southern California","cawood.tk@gmail.com"
"Lawrence Berkeley National Laboratory, CA, USA","ccastanha@lbl.gov"
"none","ccreamer@usgs.gov"
"ISRAD","ccreamer@usgs.gov"
"U.S. Geological Survey","ccreamer@usgs.gov"
"U.S. Geological Survey Soil Sample Archive","ccreamer@usgs.gov"
"Queens College, NY","Cecilia McHugh"
"Queens College","Cecilia McHugh"
"LDEO","Celeste Pallone"
"Centro de Geociencias","cerrazuriz@geociencias.unam.mx"
"Michigan Tech","Chad Deering"
"California State University Bakersfield","Chandranath Basak"
"Lamont-Doherty Earth Observatory (LDEO)","Chandranath Basak"
"U. Delaware","Chandranath Basak"
"LDEO","Chandranath Basak"
"EDYTEM UMR5204 (ISNI:0000 0001 2109 3638)","CHANUDET V  curateur-edytem@univ-savoie.fr"
"Harvard University","Charles Langmuir"
"NOAA Atlantic Oceanographic and Meteorological Laboratory (AOML)","charles.featherstone@noaa.gov"
"CAROTHEQUE UNIVERSITE DE BORDEAUX UMR EPOC","CHAUMILLON Eric echaumil@univ-lr.fr"
"University of Connecticut","chelsea.mackaman-lofland@uconn.edu"
"Chinese Academy of Geological Sciences, Institute of Geomechanics","Chen Hong"
"Rutgers University","Chen Li"
"School of Ocean and Earth Science, Tongji University","chengfan.yang@obs-vlfr.fr"
"Petroteca - dipartimento di Scienze della Terra - Pisa","Chiara Montomoli"
"Dept. Earth and Environmental Sciences - University of Pavia","chiara.amadori@unipv.it"
"University of Pavia","chiara.amadori@unipv.it"
"UNIVERSITY OF PAVIA","CHIARA.AMADORI@UNIPV.IT"
"University Rhode Island","Chip Heil"
"Scripps","Chris Charles"
"NSDEM","Chris White"
"Christian-Albrechts-University Kiel","Christian-Albrechts-University Kiel, Institute of Geosciences, Ludewig-Meyn-Str, 10, 24118 Kiel, ann-sophie.jonas@ifg.uni-kiel.de"
"University of Cambridge","Christina Larkin"
"University of California, Santa Cruz","Christina Ravelo, Gerald Rustic"
"Northern Arizona University School of Earth and Sustainability","Christine Regalla"
"Dept of Geology, Colorado College, Colorado Springs, CO , 80903, USA","Christine Siddoway"
"Dept of Geology, Colorado College, Colorado Springs, CO, 80903, United States","Christine Siddoway"
"Northern Arizona University","christine.regalla@nau.edu"
"GeoZentrum Nordbayern, Friedrich-Alexander Universität Erlangen-Nürnberg, Germany","Christoph Beier"
"University of Southern Mississippi","Christopher Hayes"
"Massachusetts Institute of Technology","Christopher Kinsley & David McGee"
"NSDEM","Christopher.E.White@novascotia.ca"
"Monterey Bay Aquarium Research Institute","clague@mbari.org"
"Monterey Bay Aquarium Research Institute (MBARI)","clague@mbari.org"
NULL,"Clague_Dave"
"LDEO","Clara Chang"
"Lamont–Doherty Earth Observatory","class@ldeo.columbia.edu"
"Lamont-Doherty Earth Observatory","class@ldeo.columbia.edu"
"Lamont-Doherty Earth Observatory","CLASS@LDEO.COLUMBIA.EDU"
NULL,"claudiocalvo@t-online.de"
"USGS Soil Archive","clawrence@usgs.gov"
"Stanford Doerr School of Sustainability Geoscience Specimen Collection","cngarcia@stanford.edu"
"Manitoba Geological Survey","colin.epp@gov.mb.ca"
NULL,"Collasius_Tito"
"archive","contact"
"University of Southern California","cooperdo@usc.edu"
"OSU Marine and Geology Repository","corelab@coas.oregonstate.edu"
"Oregon State University, Marine Geology Repository (OSU-MGR)","corelab@coas.oregonstate.edu"
"Lamont-Doherty Core Repository at Columbia University (LDCR)","corelab@ldeo.columbia.edu"
"USGS Soil Archive","Corey Lawrence"
"USGS, Federal Center, Denver, CO","Corey Lawrence, clawrence@usgs.gov"
"USGS-Menlo Park","Courtney Creamer"
"University of Arizona","Craig Rasmussen"
"University of St Andrews","Craig Smeaton"
"Lamont-Doherty Earth Observatory (LDEO)","Cristina Recasens"
"CAROTHEQUE Environnements et paléoenvironnements océaniques et continentaux (EPOC)","Crosta Xavier xavier.Crosta@u-bordeaux.fr"
"CAROTHEQUE UNIVERSITE DE BORDEAUX UMR EPOC","CROSTA Xavier xavier.crosta@u-bordeaux.fr"
"EDYTEM UMR5204 (ISNI:0000 0001 2109 3638)","CROUZET C curateur-edytem@univ-savoie.fr"
NULL,"cshu@sjziam.ac.cn"
"Universit de Savoie, EDYTEM UMR5204","curateur-edytem@univ-savoie.fr"
"EDYTEM UMR5204 (ISNI:0000 0001 2109 3638)","curateur-edytem@univ-savoie.fr"
"Odrade NOUGUE curateur-edytem@univ-smb.fr","curateur-edytem@univ-smb.fr"
"ARNAUD Fabien (ORCID:0000-0002-8706-9902)","curateur-edytem@univ-smb.fr"
"BELLE S curateur-edytem@univ-smb.fr","curateur-edytem@univ-smb.fr"
"WILHELM B (ORCID:0000-0002-0555-1915)","curateur-edytem@univ-smb.fr"
"WILHELM B (orcid:0000-0002-0555-1915)","curateur-edytem@univ-smb.fr"
"VON GRAFENSTEIN U (ORCID:0000-0002-3338-5627)","curateur-edytem@univ-smb.fr"
"VERNEAUX V curateur-edytem@univ-smb.fr","curateur-edytem@univ-smb.fr"
"VANNIERE B (ORCID:0000-0002-6779-6053)","curateur-edytem@univ-smb.fr"
"CROUZET C curateur-edytem@univ-smb.fr","curateur-edytem@univ-smb.fr"
"DOMAIZON I (ORCID:0000-0001-9785-3082)","curateur-edytem@univ-smb.fr"
"ENTERS D curateur-edytem@univ-smb.fr","curateur-edytem@univ-smb.fr"
"FANGET B curateur-edytem@univ-smb.fr","curateur-edytem@univ-smb.fr"
"FOUINAT Laurent (ORCID:0000-0002-1231-917X)","curateur-edytem@univ-smb.fr"
"FROSSARD V curateur-edytem@univ-smb.fr","curateur-edytem@univ-smb.fr"
"THEVENON F curateur-edytem@univ-smb.fr","curateur-edytem@univ-smb.fr"
"GIGUET-COVEX C (ORCID:0000-0002-5141-4815)","curateur-edytem@univ-smb.fr"
"GUEDRON S curateur-edytem@univ-smb.fr","curateur-edytem@univ-smb.fr"
"HOBLEA F curateur-edytem@univ-smb.fr","curateur-edytem@univ-smb.fr"
"SABATIER P (ORCID:0000-0002-9620-1514)","curateur-edytem@univ-smb.fr"
"REY Pierre Jerome curateur-edytem@univ-smb.fr","curateur-edytem@univ-smb.fr"
"POULENARD Jerome (ORCID:0000-0003-0810-0308)","curateur-edytem@univ-smb.fr"
"JENNY JP (ORCID:0000-0002-2740-174X)","curateur-edytem@univ-smb.fr"
"JONES Matt curateur-edytem@univ-smb.fr","curateur-edytem@univ-smb.fr"
"Philip Deline curateur-edytem@univ-smb.fr","curateur-edytem@univ-smb.fr"
"PERGA ME (ORCID:0000-0002-9003-0769)","curateur-edytem@univ-smb.fr"
"MOCCI F curateur-edytem@univ-smb.fr","curateur-edytem@univ-smb.fr"
"MIRAMONT C curateur-edytem@univ-smb.fr","curateur-edytem@univ-smb.fr"
"MILLET L curateur-edytem@univ-smb.fr","curateur-edytem@univ-smb.fr"
"Messager Erwan (ORCID:0000-0001-5192-9088)","curateur-edytem@univ-smb.fr"
"MANON BAJARD (ORCID:0000-0003-4622-0482)","curateur-edytem@univ-smb.fr"
"LYAUTEY E curateur-edytem@univ-smb.fr","curateur-edytem@univ-smb.fr"
"M2C (ISNI:0000 0004 0618 0276)","curateur-m2c@univ-rouen.fr"
"Continental and Coastal Morphodynamics (M2C; ISNI:0000 0004 0618 0276)","curateur-m2c@univ-rouen.fr"
"EDYTEM UMR5204 (ISNI:0000 0001 2109 3638)","Curateur Edytem curateur-edytem@univ-savoie.fr"
"INRA CARRTEL (ISNI:0000 0001 2176 1085)","Curateur Edytem curateur-edytem@univ-savoie.fr"
"Polar Rock Repository at Ohio State University","Curator"
"Polar Rock Repository, Byrd Polar and Climate Research Center, Ohio State University","Curator"
"Texas A&M University, Integrated Ocean Drilling Program, College Station, TX, 77845, USA","Curator"
"U.S. Polar Rock Repository at Ohio State University","Curator"
"Integrated Ocean Drilling Program (IODP)","Curator"
"US Polar Rock Repository, Byrd Polar Research Center, Ohio State University","Curator"
"Universit de Savoie, EDYTEM","curator-edytem@univ-savoie.fr"
"EDYTEM","curator-edytem@univ-savoie.fr"
"EDYTEM France","curator-edytem@univ-savoie.fr"
"URI Marine Geological Samples Repository, Graduate School of Oceanography, Narragansett, RI","Curator: mgsl@etal.uri.edu"
"Marine Geological Samples Laboratory, Gradaute School of Oceanography, University of Rhode Island, Narragansett, RI 02882","Curator: mgsl@etal.uri.edu"
"GEO3BCN-CSIC","curator@geo3bcn.csic.es"
"Gulf Coast Repository","curator@iodp.tamu.edu"
"IODP Gulf Coast Repository","curator@iodp.tamu.edu"
"Gulf Coast Repository (https://iodp.tamu.edu/curation/gcr/index.html)","curator@iodp.tamu.edu"
"IODP Kochi Core Facility","curator@jamstec.go.jp"
"IODP Kochi Repository, Japan","curator@jamstec.go.jp"
"Kochi Core Center","curator@jamstec.go.jp"
"British Geological Survey, NERC Isotope Geosciences Laboratory (NIGL)","D. Sahy (dihy@bgs.ac.uk)"
"University of Hull","d.bond@hull.ac.uk"
"LDEO","Dallas Abbott"
"Lamont-Doherty Earth Observatory (LDEO)","Dallas Abbott"
"Universidade Federal de Santa Maria, Department of Soil","dalmolinrsd@gmail.com"
"Princeton U.","Daniel Sigman"
"Princeton University (Princeton)","Daniel Sigman"
"Geochron.org","daniel.brennan1@postgrad.curtin.edu.au"
"Savannah River National Lab","daniel.kaplan@srnl.doe.gov"
"Lamont-Doherty Earth Observatory","danielr@ldeo.columbia.edu"
"StFX University","darchiba@stfx.ca"
"BSU","DARINSCHWARTZ@boisestate.edu"
"Pete Phillips Wood Utilization Laboratory, 165 Phoenix Road, Rm 111, Athens, GA 30602","darke@uga.edu"
NULL,"darke@uga.edu"
"NOAA PMEL EOI Program","Dave Butterfield"
NULL,"David Bell"
"MBARI","David Clague"
NULL,"David Felix dfel@sbcglobal.net"
"Harvard University (Harvard)","David Ferguson"
"University of Leeds","David Ferguson"
"Harvard University","David Ferguson"
"Canbridge","David Hodell"
"University of Connecticut","David Lund"
"CAROTHEQUE UNIVERSITE DE BORDEAUX UMR EPOC","David MENIER david.menier@univ-ubs.fr"
"U.S. Geological Survey (USGS)","David Miller"
"Durham University, UK","David Selby, david.selby@durham.ac.uk"
NULL,"David Thornalley"
"University College London","David Thornalley"
"University College London ","David Thornalley"
"Geological Survey of Newfoundland and Labrador","DavidDiekrup@gov.nl.ca"
"Geological Survey of Alabama","davidkm@gsa.state.al.us"
"Tectonics & Sedimentation Laboratory, University of South Carolina","dbarbeau@geol.sc.edu"
"University of Noth Carolina at Chapel Hill Dept. of Geological Sciences; Chapel Hill, NC","dcoleman@email.unc.edu"
"Dept. of Geological Sciences, University of North Carolina; Chapel Hill, NC","dcoleman@unc.edu"
"University of North Carolina at Chapel Hill, Department of Geological Sciences","dcoleman@unc.edu"
"with Collector; additional at University at Buffalo and Smithsonian Natural History Museum","dcs34@buffalo.edu"
"US Forest Service Pacific Northwest Research Station ","ddamore@fs.fed.us"
"US Forest Service Pacific Northwest Research Station","ddamore@fs.fed.us"
"Western Washington University","debari@wwu.edu"
"SOEST, University of Hawaii at Manoa; Honolulu, HI","Deborah Eason, deborahe@hawaii.edu"
"SOEST, University of Hawaii at Manoa, Honolulu, HI","deborahe@hawaii.edu"
"EDYTEM UMR5204 (ISNI:0000 0001 2109 3638)","DEBRET M curateur-edytem@univ-savoie.fr"
"Louisiana State University","DeCesare"
"Woods Hole Oceanographic Institution (WHOI)","Delia Oppo/William Curry"
NULL,"Dennis Kent"
"American Museum of Natural History","Denton Ebel"
"Wellesley College","Dept of Geosciences, Wellesley College, 106 Central St Wellesley, MA 02481"
"Oregon State University","desilvas@geo.oregonstate.edu"
"Montana State University ","devon.orme@montana.edu"
"Geographisches Institut - Department für Geowissenschaften; Universität zu Köln; D-50931 Köln","dgademann@outlook.de"
"University of Cologne, Institute of Geography","dgademann@outlook.de"
"University of Cologne, Department of Geography","dgademann@outlook.de"
"Dalhousie University","dgrujic@dal.ca"
"Wellesley College","dhawkins@wellesley.edu"
NULL,"dhebbeln@marum.de"
"Geological Survey of Alabama/State Oil and Gas Board of Alabama (GSA/OGB)","dhills@gsa.state.al.us"
"Geological Survey of Alabama","dhills@gsa.state.al.us"
"Cal State Fullerton","Diane Clemens-Knott"
"BGS-NIGL","dihy@bgs.ac.uk"
"Birbal Sahni Institute of Palaeosciences","Divya Verma"
"Dave Kohlstedt, University of Minnesota","dlkohl at umn.edu"
"JAMSTEC","dmo@jamstec.go.jp "
"University of South Florida","Domack"
"EDYTEM UMR5204 (ISNI:0000 0001 2109 3638)","DOMAIZON I (ORCID:0000-0001-9785-3082)"
"University of Southern Denmark--Department of Biology","Don Canfield"
"University of California – Berkeley","Don DePaolo"
"Stanford University (Stanford)","Don Lowe, drlowe@stanford.edu"
"LDEO","Dorothy Peteet"
"GEO3BCN-CSIC","dpedrazzi@geo3bcn.csic.es"
"Institute of Earth Sciences Jaume Almera (ICTJA-CSIC) Carrer de Lluís Solé i Sabarís, s/n, 08028 Barcelona, Spain +34 93 409 54 12","dpedrazzi@ictja.csic.es"
"Institute of Earth Sciences Jaume Almera (ICTJA-CSIC) Carrer de Lluís Solé i Sabarís, s/n, 08028 Barcelona, Spain +34 93 409 54 77","dpedrazzi@ictja.csic.es"
"Institute of Earth Sciences Jaume Almera (ICTJA-CSIC) Carrer de Lluís Solé i Sabarís, s/n, 08028 Barcelona, Spain +34 93 409 54 76","dpedrazzi@ictja.csic.es"
"Institute of Earth Sciences Jaume Almera (ICTJA-CSIC) Carrer de Lluís Solé i Sabarís, s/n, 08028 Barcelona, Spain +34 93 409 54 75","dpedrazzi@ictja.csic.es"
"Institute of Earth Sciences Jaume Almera (ICTJA-CSIC) Carrer de Lluís Solé i Sabarís, s/n, 08028 Barcelona, Spain +34 93 409 54 74","dpedrazzi@ictja.csic.es"
"Institute of Earth Sciences Jaume Almera (ICTJA-CSIC) Carrer de Lluís Solé i Sabarís, s/n, 08028 Barcelona, Spain +34 93 409 54 66","dpedrazzi@ictja.csic.es"
"Institute of Earth Sciences Jaume Almera (ICTJA-CSIC) Carrer de Lluís Solé i Sabarís, s/n, 08028 Barcelona, Spain +34 93 409 54 80","dpedrazzi@ictja.csic.es"
"Institute of Earth Sciences Jaume Almera (ICTJA-CSIC) Carrer de Lluís Solé i Sabarís, s/n, 08028 Barcelona, Spain +34 93 409 54 65","dpedrazzi@ictja.csic.es"
"Institute of Earth Sciences Jaume Almera (ICTJA-CSIC) Carrer de Lluís Solé i Sabarís, s/n, 08028 Barcelona, Spain +34 93 409 54 64","dpedrazzi@ictja.csic.es"
"Institute of Earth Sciences Jaume Almera (ICTJA-CSIC) Carrer de Lluís Solé i Sabarís, s/n, 08028 Barcelona, Spain +34 93 409 54 81","dpedrazzi@ictja.csic.es"
"Institute of Earth Sciences Jaume Almera (ICTJA-CSIC) Carrer de Lluís Solé i Sabarís, s/n, 08028 Barcelona, Spain +34 93 409 54 63","dpedrazzi@ictja.csic.es"
"Institute of Earth Sciences Jaume Almera (ICTJA-CSIC) Carrer de Lluís Solé i Sabarís, s/n, 08028 Barcelona, Spain +34 93 409 54 62","dpedrazzi@ictja.csic.es"
"Institute of Earth Sciences Jaume Almera (ICTJA-CSIC) Carrer de Lluís Solé i Sabarís, s/n, 08028 Barcelona, Spain +34 93 409 54 61","dpedrazzi@ictja.csic.es"
"Institute of Earth Sciences Jaume Almera (ICTJA-CSIC) Carrer de Lluís Solé i Sabarís, s/n, 08028 Barcelona, Spain +34 93 409 54 60","dpedrazzi@ictja.csic.es"
"Institute of Earth Sciences Jaume Almera (ICTJA-CSIC) Carrer de Lluís Solé i Sabarís, s/n, 08028 Barcelona, Spain +34 93 409 54 82","dpedrazzi@ictja.csic.es"
"Institute of Earth Sciences Jaume Almera (ICTJA-CSIC) Carrer de Lluís Solé i Sabarís, s/n, 08028 Barcelona, Spain +34 93 409 54 59","dpedrazzi@ictja.csic.es"
"Institute of Earth Sciences Jaume Almera (ICTJA-CSIC) Carrer de Lluís Solé i Sabarís, s/n, 08028 Barcelona, Spain +34 93 409 54 58","dpedrazzi@ictja.csic.es"
"Institute of Earth Sciences Jaume Almera (ICTJA-CSIC) Carrer de Lluís Solé i Sabarís, s/n, 08028 Barcelona, Spain +34 93 409 54 57","dpedrazzi@ictja.csic.es"
"Institute of Earth Sciences Jaume Almera (ICTJA-CSIC) Carrer de Lluís Solé i Sabarís, s/n, 08028 Barcelona, Spain +34 93 409 54 56","dpedrazzi@ictja.csic.es"
"Institute of Earth Sciences Jaume Almera (ICTJA-CSIC) Carrer de Lluís Solé i Sabarís, s/n, 08028 Barcelona, Spain +34 93 409 54 55","dpedrazzi@ictja.csic.es"
"Institute of Earth Sciences Jaume Almera (ICTJA-CSIC) Carrer de Lluís Solé i Sabarís, s/n, 08028 Barcelona, Spain +34 93 409 54 54","dpedrazzi@ictja.csic.es"
"Institute of Earth Sciences Jaume Almera (ICTJA-CSIC) Carrer de Lluís Solé i Sabarís, s/n, 08028 Barcelona, Spain +34 93 409 54 83","dpedrazzi@ictja.csic.es"
"Institute of Earth Sciences Jaume Almera (ICTJA-CSIC) Carrer de Lluís Solé i Sabarís, s/n, 08028 Barcelona, Spain +34 93 409 54 53","dpedrazzi@ictja.csic.es"
"Institute of Earth Sciences Jaume Almera (ICTJA-CSIC) Carrer de Lluís Solé i Sabarís, s/n, 08028 Barcelona, Spain +34 93 409 54 52","dpedrazzi@ictja.csic.es"
"Institute of Earth Sciences Jaume Almera (ICTJA-CSIC) Carrer de Lluís Solé i Sabarís, s/n, 08028 Barcelona, Spain +34 93 409 54 85","dpedrazzi@ictja.csic.es"
"Institute of Earth Sciences Jaume Almera (ICTJA-CSIC) Carrer de Lluís Solé i Sabarís, s/n, 08028 Barcelona, Spain +34 93 409 54 51","dpedrazzi@ictja.csic.es"
"Geosciences Barcelona (GEO3BCN - CSIC)","dpedrazzi@ictja.csic.es"
"Institute of Earth Sciences Jaume Almera (ICTJA-CSIC) Carrer de Lluís Solé i Sabarís, s/n, 08028 Barcelona, Spain +34 93 409 54 50","dpedrazzi@ictja.csic.es"
"Institute of Earth Sciences Jaume Almera (ICTJA-CSIC) Carrer de Lluís Solé i Sabarís, s/n, 08028 Barcelona, Spain +34 93 409 54 49","dpedrazzi@ictja.csic.es"
"Institute of Earth Sciences Jaume Almera (ICTJA-CSIC) Carrer de Lluís Solé i Sabarís, s/n, 08028 Barcelona, Spain +34 93 409 54 48","dpedrazzi@ictja.csic.es"
"Institute of Earth Sciences Jaume Almera (ICTJA-CSIC) Carrer de Lluís Solé i Sabarís, s/n, 08028 Barcelona, Spain +34 93 409 54 47","dpedrazzi@ictja.csic.es"
"Institute of Earth Sciences Jaume Almera (ICTJA-CSIC) Carrer de Lluís Solé i Sabarís, s/n, 08028 Barcelona, Spain +34 93 409 54 46","dpedrazzi@ictja.csic.es"
"Institute of Earth Sciences Jaume Almera (ICTJA-CSIC) Carrer de Lluís Solé i Sabarís, s/n, 08028 Barcelona, Spain +34 93 409 54 45","dpedrazzi@ictja.csic.es"
"Institute of Earth Sciences Jaume Almera (ICTJA-CSIC) Carrer de Lluís Solé i Sabarís, s/n, 08028 Barcelona, Spain +34 93 409 54 44","dpedrazzi@ictja.csic.es"
"Institute of Earth Sciences Jaume Almera (ICTJA-CSIC) Carrer de Lluís Solé i Sabarís, s/n, 08028 Barcelona, Spain +34 93 409 54 43","dpedrazzi@ictja.csic.es"
"Institute of Earth Sciences Jaume Almera (ICTJA-CSIC) Carrer de Lluís Solé i Sabarís, s/n, 08028 Barcelona, Spain +34 93 409 54 42","dpedrazzi@ictja.csic.es"
"Institute of Earth Sciences Jaume Almera (ICTJA-CSIC) Carrer de Lluís Solé i Sabarís, s/n, 08028 Barcelona, Spain +34 93 409 54 41","dpedrazzi@ictja.csic.es"
"Institute of Earth Sciences Jaume Almera (ICTJA-CSIC) Carrer de Lluís Solé i Sabarís, s/n, 08028 Barcelona, Spain +34 93 409 54 40","dpedrazzi@ictja.csic.es"
"Institute of Earth Sciences Jaume Almera (ICTJA-CSIC) Carrer de Lluís Solé i Sabarís, s/n, 08028 Barcelona, Spain +34 93 409 54 39","dpedrazzi@ictja.csic.es"
"Institute of Earth Sciences Jaume Almera (ICTJA-CSIC) Carrer de Lluís Solé i Sabarís, s/n, 08028 Barcelona, Spain +34 93 409 54 38","dpedrazzi@ictja.csic.es"
"Institute of Earth Sciences Jaume Almera (ICTJA-CSIC) Carrer de Lluís Solé i Sabarís, s/n, 08028 Barcelona, Spain +34 93 409 54 37","dpedrazzi@ictja.csic.es"
"Institute of Earth Sciences Jaume Almera (ICTJA-CSIC) Carrer de Lluís Solé i Sabarís, s/n, 08028 Barcelona, Spain +34 93 409 54 36","dpedrazzi@ictja.csic.es"
"Institute of Earth Sciences Jaume Almera (ICTJA-CSIC) Carrer de Lluís Solé i Sabarís, s/n, 08028 Barcelona, Spain +34 93 409 54 35","dpedrazzi@ictja.csic.es"
"Institute of Earth Sciences Jaume Almera (ICTJA-CSIC) Carrer de Lluís Solé i Sabarís, s/n, 08028 Barcelona, Spain +34 93 409 54 34","dpedrazzi@ictja.csic.es"
"Institute of Earth Sciences Jaume Almera (ICTJA-CSIC) Carrer de Lluís Solé i Sabarís, s/n, 08028 Barcelona, Spain +34 93 409 54 33","dpedrazzi@ictja.csic.es"
"Institute of Earth Sciences Jaume Almera (ICTJA-CSIC) Carrer de Lluís Solé i Sabarís, s/n, 08028 Barcelona, Spain +34 93 409 54 32","dpedrazzi@ictja.csic.es"
"Institute of Earth Sciences Jaume Almera (ICTJA-CSIC) Carrer de Lluís Solé i Sabarís, s/n, 08028 Barcelona, Spain +34 93 409 54 86","dpedrazzi@ictja.csic.es"
"Institute of Earth Sciences Jaume Almera (ICTJA-CSIC) Carrer de Lluís Solé i Sabarís, s/n, 08028 Barcelona, Spain +34 93 409 54 31","dpedrazzi@ictja.csic.es"
"Institute of Earth Sciences Jaume Almera (ICTJA-CSIC) Carrer de Lluís Solé i Sabarís, s/n, 08028 Barcelona, Spain +34 93 409 54 29","dpedrazzi@ictja.csic.es"
"Institute of Earth Sciences Jaume Almera (ICTJA-CSIC) Carrer de Lluís Solé i Sabarís, s/n, 08028 Barcelona, Spain +34 93 409 54 87","dpedrazzi@ictja.csic.es"
"Institute of Earth Sciences Jaume Almera (ICTJA-CSIC) Carrer de Lluís Solé i Sabarís, s/n, 08028 Barcelona, Spain +34 93 409 54 28","dpedrazzi@ictja.csic.es"
"Institute of Earth Sciences Jaume Almera (ICTJA-CSIC) Carrer de Lluís Solé i Sabarís, s/n, 08028 Barcelona, Spain +34 93 409 54 88","dpedrazzi@ictja.csic.es"
"Institute of Earth Sciences Jaume Almera (ICTJA-CSIC) Carrer de Lluís Solé i Sabarís, s/n, 08028 Barcelona, Spain +34 93 409 54 27","dpedrazzi@ictja.csic.es"
"Institute of Earth Sciences Jaume Almera (ICTJA-CSIC) Carrer de Lluís Solé i Sabarís, s/n, 08028 Barcelona, Spain +34 93 409 54 89","dpedrazzi@ictja.csic.es"
"Institute of Earth Sciences Jaume Almera (ICTJA-CSIC) Carrer de Lluís Solé i Sabarís, s/n, 08028 Barcelona, Spain +34 93 409 54 26","dpedrazzi@ictja.csic.es"
"Institute of Earth Sciences Jaume Almera (ICTJA-CSIC) Carrer de Lluís Solé i Sabarís, s/n, 08028 Barcelona, Spain +34 93 409 54 90","dpedrazzi@ictja.csic.es"
"Institute of Earth Sciences Jaume Almera (ICTJA-CSIC) Carrer de Lluís Solé i Sabarís, s/n, 08028 Barcelona, Spain +34 93 409 54 25","dpedrazzi@ictja.csic.es"
"Institute of Earth Sciences Jaume Almera (ICTJA-CSIC) Carrer de Lluís Solé i Sabarís, s/n, 08028 Barcelona, Spain +34 93 409 54 91","dpedrazzi@ictja.csic.es"
"Institute of Earth Sciences Jaume Almera (ICTJA-CSIC) Carrer de Lluís Solé i Sabarís, s/n, 08028 Barcelona, Spain +34 93 409 54 24","dpedrazzi@ictja.csic.es"
"Institute of Earth Sciences Jaume Almera (ICTJA-CSIC) Carrer de Lluís Solé i Sabarís, s/n, 08028 Barcelona, Spain +34 93 409 54 23","dpedrazzi@ictja.csic.es"
"Institute of Earth Sciences Jaume Almera (ICTJA-CSIC) Carrer de Lluís Solé i Sabarís, s/n, 08028 Barcelona, Spain +34 93 409 54 92","dpedrazzi@ictja.csic.es"
"Institute of Earth Sciences Jaume Almera (ICTJA-CSIC) Carrer de Lluís Solé i Sabarís, s/n, 08028 Barcelona, Spain +34 93 409 54 22","dpedrazzi@ictja.csic.es"
"Institute of Earth Sciences Jaume Almera (ICTJA-CSIC) Carrer de Lluís Solé i Sabarís, s/n, 08028 Barcelona, Spain +34 93 409 54 21","dpedrazzi@ictja.csic.es"
"Institute of Earth Sciences Jaume Almera (ICTJA-CSIC) Carrer de Lluís Solé i Sabarís, s/n, 08028 Barcelona, Spain +34 93 409 54 93","dpedrazzi@ictja.csic.es"
"Institute of Earth Sciences Jaume Almera (ICTJA-CSIC) Carrer de Lluís Solé i Sabarís, s/n, 08028 Barcelona, Spain +34 93 409 54 20","dpedrazzi@ictja.csic.es"
"Institute of Earth Sciences Jaume Almera (ICTJA-CSIC) Carrer de Lluís Solé i Sabarís, s/n, 08028 Barcelona, Spain +34 93 409 54 94","dpedrazzi@ictja.csic.es"
"Institute of Earth Sciences Jaume Almera (ICTJA-CSIC) Carrer de Lluís Solé i Sabarís, s/n, 08028 Barcelona, Spain +34 93 409 54 19","dpedrazzi@ictja.csic.es"
"Institute of Earth Sciences Jaume Almera (ICTJA-CSIC) Carrer de Lluís Solé i Sabarís, s/n, 08028 Barcelona, Spain +34 93 409 54 95","dpedrazzi@ictja.csic.es"
"Institute of Earth Sciences Jaume Almera (ICTJA-CSIC) Carrer de Lluís Solé i Sabarís, s/n, 08028 Barcelona, Spain +34 93 409 54 18","dpedrazzi@ictja.csic.es"
"Institute of Earth Sciences Jaume Almera (ICTJA-CSIC) Carrer de Lluís Solé i Sabarís, s/n, 08028 Barcelona, Spain +34 93 409 54 10","dpedrazzi@ictja.csic.es"
"Institute of Earth Sciences Jaume Almera (ICTJA-CSIC) Carrer de Lluís Solé i Sabarís, s/n, 08028 Barcelona, Spain +34 93 409 54 100","dpedrazzi@ictja.csic.es"
"Institute of Earth Sciences Jaume Almera (ICTJA-CSIC) Carrer de Lluís Solé i Sabarís, s/n, 08028 Barcelona, Spain +34 93 409 54 17","dpedrazzi@ictja.csic.es"
"Institute of Earth Sciences Jaume Almera (ICTJA-CSIC) Carrer de Lluís Solé i Sabarís, s/n, 08028 Barcelona, Spain +34 93 409 54 101","dpedrazzi@ictja.csic.es"
"Institute of Earth Sciences Jaume Almera (ICTJA-CSIC) Carrer de Lluís Solé i Sabarís, s/n, 08028 Barcelona, Spain +34 93 409 54 103","dpedrazzi@ictja.csic.es"
"Institute of Earth Sciences Jaume Almera (ICTJA-CSIC) Carrer de Lluís Solé i Sabarís, s/n, 08028 Barcelona, Spain +34 93 409 54 104","dpedrazzi@ictja.csic.es"
"Institute of Earth Sciences Jaume Almera (ICTJA-CSIC) Carrer de Lluís Solé i Sabarís, s/n, 08028 Barcelona, Spain +34 93 409 54 105","dpedrazzi@ictja.csic.es"
"Institute of Earth Sciences Jaume Almera (ICTJA-CSIC) Carrer de Lluís Solé i Sabarís, s/n, 08028 Barcelona, Spain +34 93 409 54 106","dpedrazzi@ictja.csic.es"
"Institute of Earth Sciences Jaume Almera (ICTJA-CSIC) Carrer de Lluís Solé i Sabarís, s/n, 08028 Barcelona, Spain +34 93 409 54 107","dpedrazzi@ictja.csic.es"
"Institute of Earth Sciences Jaume Almera (ICTJA-CSIC) Carrer de Lluís Solé i Sabarís, s/n, 08028 Barcelona, Spain +34 93 409 54 108","dpedrazzi@ictja.csic.es"
"Institute of Earth Sciences Jaume Almera (ICTJA-CSIC) Carrer de Lluís Solé i Sabarís, s/n, 08028 Barcelona, Spain +34 93 409 54 109","dpedrazzi@ictja.csic.es"
"Institute of Earth Sciences Jaume Almera (ICTJA-CSIC) Carrer de Lluís Solé i Sabarís, s/n, 08028 Barcelona, Spain +34 93 409 54 16","dpedrazzi@ictja.csic.es"
"Institute of Earth Sciences Jaume Almera (ICTJA-CSIC) Carrer de Lluís Solé i Sabarís, s/n, 08028 Barcelona, Spain +34 93 409 54 11","dpedrazzi@ictja.csic.es"
"Institute of Earth Sciences Jaume Almera (ICTJA-CSIC) Carrer de Lluís Solé i Sabarís, s/n, 08028 Barcelona, Spain +34 93 409 54 96","dpedrazzi@ictja.csic.es"
"Institute of Earth Sciences Jaume Almera (ICTJA-CSIC) Carrer de Lluís Solé i Sabarís, s/n, 08028 Barcelona, Spain +34 93 409 54 110","dpedrazzi@ictja.csic.es"
"Institute of Earth Sciences Jaume Almera (ICTJA-CSIC) Carrer de Lluís Solé i Sabarís, s/n, 08028 Barcelona, Spain +34 93 409 54 15","dpedrazzi@ictja.csic.es"
"Institute of Earth Sciences Jaume Almera (ICTJA-CSIC) Carrer de Lluís Solé i Sabarís, s/n, 08028 Barcelona, Spain +34 93 409 54 111","dpedrazzi@ictja.csic.es"
"Institute of Earth Sciences Jaume Almera (ICTJA-CSIC) Carrer de Lluís Solé i Sabarís, s/n, 08028 Barcelona, Spain +34 93 409 54 112","dpedrazzi@ictja.csic.es"
"Institute of Earth Sciences Jaume Almera (ICTJA-CSIC) Carrer de Lluís Solé i Sabarís, s/n, 08028 Barcelona, Spain +34 93 409 54 113","dpedrazzi@ictja.csic.es"
"Institute of Earth Sciences Jaume Almera (ICTJA-CSIC) Carrer de Lluís Solé i Sabarís, s/n, 08028 Barcelona, Spain +34 93 409 54 114","dpedrazzi@ictja.csic.es"
"Institute of Earth Sciences Jaume Almera (ICTJA-CSIC) Carrer de Lluís Solé i Sabarís, s/n, 08028 Barcelona, Spain +34 93 409 54 115","dpedrazzi@ictja.csic.es"
"Institute of Earth Sciences Jaume Almera (ICTJA-CSIC) Carrer de Lluís Solé i Sabarís, s/n, 08028 Barcelona, Spain +34 93 409 54 99","dpedrazzi@ictja.csic.es"
"Institute of Earth Sciences Jaume Almera (ICTJA-CSIC) Carrer de Lluís Solé i Sabarís, s/n, 08028 Barcelona, Spain +34 93 409 54 116","dpedrazzi@ictja.csic.es"
"Institute of Earth Sciences Jaume Almera (ICTJA-CSIC) Carrer de Lluís Solé i Sabarís, s/n, 08028 Barcelona, Spain +34 93 409 54 14","dpedrazzi@ictja.csic.es"
"Institute of Earth Sciences Jaume Almera (ICTJA-CSIC) Carrer de Lluís Solé i Sabarís, s/n, 08028 Barcelona, Spain +34 93 409 54 98","dpedrazzi@ictja.csic.es"
"Institute of Earth Sciences Jaume Almera (ICTJA-CSIC) Carrer de Lluís Solé i Sabarís, s/n, 08028 Barcelona, Spain +34 93 409 54 97","dpedrazzi@ictja.csic.es"
"Institute of Earth Sciences Jaume Almera (ICTJA-CSIC) Carrer de Lluís Solé i Sabarís, s/n, 08028 Barcelona, Spain +34 93 409 54 13","dpedrazzi@ictja.csic.es"
"Institute of Earth Sciences Jaume Almera (ICTJA-CSIC) Carrer de Lluís Solé i Sabarís, s/n, 08028 Barcelona, Spain +34 93 409 54 73","dpedrazzi@ictja.csic.es"
"Institute of Earth Sciences Jaume Almera (ICTJA-CSIC) Carrer de Lluís Solé i Sabarís, s/n, 08028 Barcelona, Spain +34 93 409 54 72","dpedrazzi@ictja.csic.es"
"Institute of Earth Sciences Jaume Almera (ICTJA-CSIC) Carrer de Lluís Solé i Sabarís, s/n, 08028 Barcelona, Spain +34 93 409 54 71","dpedrazzi@ictja.csic.es"
"Institute of Earth Sciences Jaume Almera (ICTJA-CSIC) Carrer de Lluís Solé i Sabarís, s/n, 08028 Barcelona, Spain +34 93 409 54 70","dpedrazzi@ictja.csic.es"
"Institute of Earth Sciences Jaume Almera (ICTJA-CSIC) Carrer de Lluís Solé i Sabarís, s/n, 08028 Barcelona, Spain +34 93 409 54 78","dpedrazzi@ictja.csic.es"
"Institute of Earth Sciences Jaume Almera (ICTJA-CSIC) Carrer de Lluís Solé i Sabarís, s/n, 08028 Barcelona, Spain +34 93 409 54 69","dpedrazzi@ictja.csic.es"
"Institute of Earth Sciences Jaume Almera (ICTJA-CSIC) Carrer de Lluís Solé i Sabarís, s/n, 08028 Barcelona, Spain +34 93 409 54 68","dpedrazzi@ictja.csic.es"
"Institute of Earth Sciences Jaume Almera (ICTJA-CSIC) Carrer de Lluís Solé i Sabarís, s/n, 08028 Barcelona, Spain +34 93 409 54 79","dpedrazzi@ictja.csic.es"
"Institute of Earth Sciences Jaume Almera (ICTJA-CSIC) Carrer de Lluís Solé i Sabarís, s/n, 08028 Barcelona, Spain +34 93 409 54 67","dpedrazzi@ictja.csic.es"
NULL,"dpli@cugb.edu.cn"
"University of Hawaii at Manoa (UH Manoa)","Dr Craig Smith"
"Department of Earth Sciences, Indian Institute of Technology Kanpur, Kanpur UP 208016, India","Dr Indra S. Sen, Associate Professor"
"Drexel University","Dr Loÿc Vanderkluysen"
"National Museums Collection Centre, Mineral Collection","Dr Rachel Walcott"
"Middlebury College","Dr. Allison W. Jacobel"
"University of Quebec at Montreal","Dr. Anne de Vernal"
"University of Iowa","Dr. Bradley Cramer"
"Texas A&M Univ., Dept. of Geology and Geophysics, 3115 TAMU, College Station TX 77843-3115","Dr. Brent V. Miller, Texas A&M Univ., Dept. of Geology and Geophysics, 3115 TAMU, College Station TX 77843-3115, bvmiller@geos.tamu.edu, (979) 458-3671"
"British Antarctic Survey","Dr. Claus-Dieter Hillenbrand"
"University of Cambridge, Department of Geography (CAM-GEOG)","Dr. Clive Oppenheimer"
NULL,"Dr. Curtis Marean"
"Universidad Nacional Autónoma de México (UNAM)","Dr. Elsa Arellano-Torres"
"UNLV Department of Geoscience","Dr. Eugene Smith"
"UNLV","Dr. Eugene Smith"
"Indian Institute of Science Education and Research","Dr. Gyana Ranjan Tripathy"
NULL,"Dr. James Evans"
NULL,"Dr. James Evans  Utah State University"
NULL,"Dr. James Evans Utah State University"
NULL,"Dr. James Evans, Utah State University"
"Northern Illinois University Department of Geology","Dr. Justin Dodd jdodd@niu.edu"
"University of Tennessee Knoxville","Dr. Linda Kah"
"University of Kansas","Dr. Marina Suarez; mb.suarez@ku.edu"
"University of Toronto","Dr. Melissa Anderson"
"Birbal Sahni Institute of Palaeosciences","Dr. Pawan Govil"
"Complutense University of Madrid, Spain","Dr. Raul Merinero"
"Tongji University, School of Ocean and Earth Science","Dr. Simon Hohl"
"GEOMAR Helmholtz Centre for Ocean Research","Dr. Sven Petersen"
"Syracuse University","Dr. Tripti Bhattacharya"
"IEO Malaga, Spain","Dr. Victor Diaz del Río"
"physical evidence as sonar date of an Island ","dr.t@dr.com"
"c2news.site","dr.t@dr.com"
"University of Wisconsin-Milwaukee","drcordie@uwm.edu"
"University of North Carolina at Chapel Hill (UNC)","Drew Coleman"
"Department of Geology, Bryn Mawr College, Bryn Mawr, PA, 19010, USA","Drew Mirante"
"Duke University, A205 Lab; Lev Sci Res Ctr, Science Drive, Durham, NC 27708","drichter@duke.edu"
"Duke University, Durham, NC 27708","drichter@duke.edu"
"University of Pennsylvania; Dept. Earth & Environmental Science Permanent Collections","drvann@sas.upenn.edu"
"University of Wollongong","dtanner@uow.edu.au"
"Simon Fraser University","Dthorkel@sfu.ca"
"CAROTHEQUE UNIVERSITE DE BORDEAUX UMR EPOC","DUCASSOU Emmanuelle emmanuelle.ducassou@u-bordeaux.fr"
"University of Arizona, Department of Geosciences","ducea@email.arizona.edu; kemurray@email.arizona.edu"
NULL,"dustin.sweet@ttu.edu"
NULL,"Dustin.sweet@ttu.edu"
"University of Wisconsin - Madison","dutton3@wisc.edu"
"University of Wisconsin-Madison","dutton3@wisc.edu"
"Lamont-Doherty Earth Observatory","dwalker@ldeo.columbia.edu"
"University of Minnesota – Twin Cities","dwhitney@umn.edu"
"Tufts University","dylan.vasey@tufts.edu"
NULL,"E. Toth"
"University of British Columbia","e.brown@oceans.ubc.ca"
"Simon Fraser University","eas15@sfu.ca"
"Colorado School of Mines","ebora@mines.edu"
"Santa Barbara Museum of Natural History","Ed Sweeney"
"Gazel Lab, Department of Earth and Atmospheric Science, Cornell University, Ithaca, NY","egazel@cornell.edu"
"Cornell University","egazel@cornell.edu"
"NCSU","ehyland@ncsu.edu"
"LDEO - Einat Lev","einatlev@ldeo.columbia.edu or ruprecht@ldeo.columbia.edu"
"Catlos Research Group, Univeristy of Texas at Austin, Jackson School of Geosciences, Dept. of Geological Sciences, Austin, TX, USA","ejcatlos@jsg.utexas.edu"
"LSCE","elisabeth.michel@lsce.ipsl.fr"
"Cassel Lab UI","Elizabeth Cassel"
"University of Wisconsin-Madison","Elizabeth Ceperley"
"LDEO","Elizabeth Ferriss"
"Lamont-Doherty Earth Observatory (LDEO)","Elizabeth Ferriss"
NULL,"Elizabeth Herndon"
"Department of Geology, Kent State University, Kent, OH; eherndo1@kent.edu","Elizabeth Herndon; eherndo1@kent.edu"
"Virginia Tech Deprtment of Geosciences","elizabethrc@vt.edu"
"Denison University Department of Geosciences","Ellen Chamberlin"
"Universidad Nacional Autónoma de México (UNAM)","Elsa Arellano"
"School of Earth Sciences, University of Melbourne; Parkville, VIC, Australia","ematchan@unimelb.edu.au"
"Duke University","Emily Klein"
"Idaho State University","Emma McCorkle"
"Emma Aronson","emmaa@ucr.edu"
"University of Wisconsin- Madison","emnelson8@wisc.edu"
"Northern Illinois University","Engler"
"British Geological Survey","enquiries@bgs.ac.uk"
"Istituto di Astrofisica e Planetologia Spaziali IAPS INAF","enrico.bruschini@inaf.it"
"GEOPOLAR (ISNI:0000 0001 2297 4381)","ENTERS D curateur-edytem@univ-savoie.fr"
"EDYTEM UMR5204 (ISNI:0000 0001 2109 3638)","ENTERS D curateur-edytem@univ-savoie.fr"
"Geological Survey of Alabama/State Oil and Gas Board of Alabama (GSA/OGB)","epatterson@ogb.state.al.us"
"CAROTHEQUE EPOC UNIVERSITE DE BORDEAUX","EPOC UNIVERSITE DE BORDEAUX xavier.crosta@u-bordeaux.fr"
NULL,"Eric James Ryan"
"Eric James Ryan","Eric James Ryan"
"Simon Fraser University","ericschmidtke@yahoo.com"
"Carnegie","Erik Hauri"
"Illinois Water Survey/Northwestern University","Erin Bauer/Neal Blair"
"MIT, Sam Bowring Lab","Erin Shea, eshea2@alaska.edu"
"Dartmouth College","erin.e.donaghy@dartmouth.edu"
NULL,"esolomn@u.washington.edu"
"Erik Sperling Lab Group","esper@stanford.edu"
"North Carolina State University","Ethan Hyland, ehyland@ncsu.edu"
"University of South Florida (USF)","Eugene Domack"
"University of Cincinnati","eva.enkelmann@uc.edu"
"University of Calgary","eva.enkelmann@ucalgary.ca"
"University of Calgary, Department of Geoscience","eva.enkelmann@ucalgary.ca"
NULL,"ExxonMobil Upstream Research Company"
"CAROTHEQUE UNIVERSITE DE BORDEAUX UMR EPOC","EYNAUD Frederique frederique.eynaud@u-bordeaux.fr"
"CAROTHEQUE UNIVERSITE DE BORDEAUX UMR EPOC","EYNAUD Frédérique frederique.eynaud@u-bordeaux.fr"
NULL,"F. Macdonald"
"Goethe University Frankfurt","f.brenker@em.uni-frankfurt.de"
"CAROTHEQUE UNIVERSITE DE BORDEAUX UMR EPOC","F.EYNAUD frederique.eynaud@u-bordeaux.fr"
"Environnements, DYnamiques et TErritoires de la Montagne (EDYTEM)","Fabien Arnaud (ORCID:0000-0002-8706-9902) curateur-edytem@univ-smb.fr"
"Universit de Savoie, EDYTEM","fabien.arnaud@univ-savoie.fr"
"EDYTEM UMR5204 (ISNI:0000 0001 2109 3638)","FANGET B curateur-edytem@univ-savoie.fr"
NULL,"Fanny Coutelot"
"Instituto Portugues do Mar e Atmosfera","Fatima Abrantes"
"Fanny Coutelot ","fcoutel@clemson.edu"
"Rutgers University","feigy@eps.rutgers.edu"
"Polytechnique Montreal","felix.gervais@polymtl.ca"
"Lamont Doherty Earth Observatory - Geochemistry","ferriss@ldeo.columbia.edu"
"LDEO - Elizabeth Ferriss","ferriss@ldeo.columbia.edu"
"WHOI","fhorton@whoi.edu"
"Grand Valley State University","Figen Mekik"
"University of New Mexico, Department of Earth and Planetary Sciences (UNM-EPS)","fischer@unm.edu"
"Tobias Fischer, University of New Mexico","fischer@unm.edu"
"Volcanology Lab - University of New Mexico","fischer@unm.edu"
"A78","Fission track lab in CUG (Wuhan)"
"CD574","Fission track lab in CUG (Wuhan)"
"CD575","Fission track lab in CUG (Wuhan)"
"CD583","Fission track lab in CUG (Wuhan)"
"CD578","Fission track lab in CUG (Wuhan)"
"CD582","Fission track lab in CUG (Wuhan)"
"CD577","Fission track lab in CUG (Wuhan)"
"CD581","Fission track lab in CUG (Wuhan)"
"CD576","Fission track lab in CUG (Wuhan)"
"CD580","Fission track lab in CUG (Wuhan)"
"CD579","Fission track lab in CUG (Wuhan)"
"Geological Survey of Spain (IGME)","fj.gonzalez@igme.es"
"Georgia State University Geosciences","fkaminer1@student.gsu.edu"
"WILHELM B (ORCID:0000-0002-0555-1915)","flavio.anselmetti@geo.unibe.ch"
NULL,"florias.mees@africamuseum.be"
"Florias Mees","florias.mees@africamuseum.be"
"EDYTEM UMR5204 (ISNI:0000 0001 2109 3638)","FOUINAT L curateur-edytem@univ-savoie.fr"
"Texas A&M U.","Franco Marcantonio"
"LDEO","Frankie Pavia"
"CAROTHEQUE UNIVERSITE DE BORDEAUX UMR EPOC","Frédérique Eynaud frederic.eynaud@u-bordeaux.fr"
"CAROTHEQUE UNIVERSITE DE BORDEAUX UMR EPOC","Frederique Eynaud frederique.eynaud@u-bordeaux.fr"
"CAROTHEQUE UNIVERSITE DE BORDEAUX UMR EPOC","Frédérique EYNAUD frederique.eynaud@u-bordeaux.fr"
"University of Cincinnati Organic Geochemistry Lab","freimuej@mail.uc.edu"
"EDYTEM UMR5204 (ISNI:0000 0001 2109 3638)","FROSSARD V curateur-edytem@univ-savoie.fr"
"CHRONO-ENVIRONNEMENT (ISNI:  0000 0001 2188 3779)","FROSSARD V null"
"Institute of Geology and Geophysics, Chinese Academy of Sciences","Fu-Yuan Wu"
"Antarctic Research Centre","Gavin Dunbar"
"University of Alberta (Ualberta)","gdpearso@ualberta.ca"
"University of Alberta (Ualberta)","gdpearson@ualberta.ca"
"University of Arkansas","gdumond@uark.edu"
"Universität Salzburg","Geiger, C. A."
"UNLV Department of Geoscience","Gene Smith"
"University of South Carolina (SC)","Gene Yogodzinski"
"University of South Carolina","Gene Yogodzinski"
"Alaska Volcano Observatory (AVO)","Gene Yogodzinski"
"Lamont-Doherty Earth Observatory (LDEO)","Gene Yogodzinski"
"Geological Survey of Finland, GTK","geodata@gtk.fi"
"Alaska Volcano Observatory","geodiva@avo.alaska.edu"
NULL,"Geological Survey of Western Australia"
"Arizona Geological Survey (AZGS)","geopass@azgs.az.gov"
"AMNH #100242","George Harlow"
"American Museum of Natural History --> Lamont Doherty Earth Observatory","George Harlow --> Elizabeth Ferriss"
"Axel Munnecke Personal Archive","GeoZentrum Nordbayern - Univeristat Erlangen"
"Axel Munnecke Personal Archive","GeoZentrum Nordbayern - Universitat Erlangen"
"University of Erlangen-Nuremberg, GeoZentrum Nordbayern","GeoZentrum Nordbayern - Universitat Erlangen"
"Lamont-Doherty Earth Observatory","Gerald Rustic"
"LDEO","Gerald Rustic"
"LDEO","Gerald T. Rustic"
"Oxford","Gideon Henderson"
"Univ. of Colorado","Gifford Miller"
"EDYTEM UMR5204 (ISNI:0000 0001 2109 3638)","GIGUET-COVEX C (ORCID:0000-0002-5141-4815)"
"LSU PAST Laboratory Coral Collection","Gil Ouellette"
"CAROTHEQUE UNIVERSITE DE BORDEAUX UMR EPOC","GILLET Hervé herve.gillet@u-bordeaux.fr"
"Petroteca - dipartimento di Scienze della Terra - Pisa","Giovanni Musumeci"
"Petroteca - DST Pisa","Giovanni Musumeci"
"CAROTHEQUE UNIVERSITE DE BORDEAUX UMR EPOC","GIRAUDEAU Jacques j.giraudeau@epoc.u-bordeaux1.fr"
"LDEO","Gisela Winckler"
"University of California, Berkeley","gleesonm@berkeley.edu"
"Pontificia Universidad Católica de Chile, Santiago, Chile","Gloria Arancibia, garancibia@ing.puc.cl"
"https://nucleus.iaea.org/wiser/index.aspx","gnir@iaea.org"
"Fort Lewis College","gonzales_ds@fortlewis.edu"
"Universidad de Buenos Aires","gonzaloronda@gmail.com"
"Prof Brian Upton","Grant Institute, The King's Buildings, James Hutton Road, Edinburgh"
NULL,"Gray Bebout"
"University of Arkansas","gsharman@uark.edu"
NULL,"guang@uow.edu.au"
"EDYTEM UMR5204 (ISNI:0000 0001 2109 3638)","GUEDRON S curateur-edytem@univ-savoie.fr"
"ISTERRE","GUEDRON S curateur-edytem@univ-savoie.fr"
"Northern Illinois University, DeKalb IL","Guillaume Girard, ggirard@niu.edu"
"Northern Illinois University, Department of Geology","Guillaume Girard, ggirard@niu.edu"
"Department of Environmental Science and Engineering","gzdedj@live.com"
"UCSB","hacker@geol.ucsb.edu"
"University of Illinois","Haley Cabaniss"
"Lamont-Doherty Earth Observatory (LDEO)","Hannah Rabinowitz"
"Lamont-Doherty Organic Geochemistry Lab","hannahr@ldeo.columbia.edu"
"JAMSTEC, Yokosuka, Japan","hanyut@jamstec.go.jp"
"UNCW EOS","haproffp@uncw.edu"
"RSES, ANU","Harri Kokkonen"
"USGS Virginia","Harry Dowsett"
"Memorial University of Newfoundland","Harunur Rashid"
NULL,"Harunur Rashid"
"Bedford Institute of Oceanography","Harunur Rashid"
NULL,"Harvard sample archieve"
"University of Minnesota","hblatchf@emich.edu"
"Lamont-Doherty Earth Observatory (LDEO)","Heather Savage"
"UC Santa Cruz","Heather Savage"
"ETH Zürich","Heather Stoll"
"University of Oviedo, Spain","Heather Stoll"
"Pennsyvalnia State University; State College, PA","hed5147@psu.edu"
"Uppsala University","henning.lorenz@geo.uu.se"
"Department of Geology, Kent State University, Kent, OH","Herndon (eherndo1@kent.edu)"
"CAROTHEQUE UNIVERSITE DE BORDEAUX UMR EPOC","Hervé GILLET herve.gillet@u-bordeaux.fr"
"CAROTHEQUE UNIVERSITE DE BORDEAUX UMR EPOC","Hervé GILLET herve.gillet@u-bordeaux1.fr"
"CAROTHEQUE EPOC UNIVERSITE DE BORDEAUX","Hervé GILLET isabelle.billy@u-bordeaux.fr"
"British Antarctic Survey","hibl@bas.ac.uk"
"Texas A&M Department of Geology and Geophysics","Hiroko Kitajima"
"EDYTEM UMR5204 (ISNI:0000 0001 2109 3638)","HOBLEA F curateur-edytem@univ-savoie.fr"
NULL,"Holden_Jim"
"University of Washington","hrcoth1@uw.edu"
"AZGS Document Repository, DGM-115","http://repository.azgs.az.gov/sites/default/files/dlio/files/nid1701/coronadetucson_azgs_dgm-115_final.pdf"
"AZGS Document Repository, DGM-121","http://repository.azgs.az.gov/sites/default/files/dlio/files/nid1739/middlecampmountain_dgm121_final.pdf"
"Alaska Geologic Materials Center","http://www.dggs.alaska.gov/gmc/"
"Geologic Materials Center, Anchorage AK","https://dggs.alaska.gov/gmc/"
NULL,"Huber_Julie/Holden_Jim"
NULL,"Huber_Julie/Murdock"
"Curtin University","Hugo Olierook"
"Arizona LaserChron Center; Tucson, AZ","ibanezm@arizona.edu"
"University of Rochester Isotope Geochemistry Lab","ibanezm@mit.edu"
"IUPUI/USGS","ibsz100@iupui.edu"
"IUPUI","ibsz100@iupui.edu"
"Boise State University","iglinfo@boisestate.edu"
"Boise State Univeristy","iglinfo@boisestate.edu"
"Boise State Universtiy","iglinfo@boisestate.edu"
"Boise State Univerisity","iglinfo@boisestate.edu"
NULL,"iglinfo@boisestate.edu"
"Boise  State University","iglinfo@boisestate.edu"
"Boise State University","IGLinfo@boisestate.edu"
"Boise State University","iglinfo@boisestate.eduOlympic Dam Region"
"Indiana Geological and Water Survey, Indiana University; Bloomington, IN","igsacm@indiana.edu"
"Stanford University","inessa@stanford.edu"
"University of Cologne","Institute of Geology and Mineralogy Zuelpicher Str. 49a 50674 Koeln"
"Scripps Institution of Oceanography (SIO), La Jolla, CA, 90237, USA","Institution Curator"
"University of California, San Diego, Scripps Institution of Oceanography, La Jolla, CA, 90237, USA","Institution Curator"
"Scripps Institution of Oceanography (SIO)","Institution Curator"
"Carlos J. Garrido","Instituto Andaluz de Ciencias de la Tierra"
"Carlos J. Garrido (carlos.garrido@csic.es), IACT, Av. Palmeras 4,18100 Armilla, Granada, Spain","Instituto Andaluz de Ciencias de la Tierra"
"Carlos J. Garrido (carlos.garrido@csic.es), IACT, Av. Palmeras 4,18100 Armilla, Granada, Spain","Instituto Andaluz de Ciencias de la Tierra.IACT, Av. Palmeras 4,18100 Armilla, Granada, Spain"
"University of Science and Technology of China(USTC)","IPE  of USTC"
"Polar Research Institute of China (PRIC)","IPE of USTC"
"University of Science and Technology of China(USTC)","IPE of USTC"
"University of Science and Technology of China(USTC)","IPE USTC"
"Institute for Rock Magnetism, University of Minnesota, Minneapolis MN","irm@umn.edu"
"University of Minnesota, Institute for Rock Magnetism (UMN-IRM)","irm@umn.edu"
"Die Milzener e.V.; Melaune 28, 02894 Vierkirchen","isabel.hohle@dainst.de"
"Instituto Português do Mar e da Atmosfera","Isabelle Gil"
"OLD SAC C-Block, IIT KANPUR","isen@iitk.ac.in"
"Chinese Academy of Geological Sciences, Institute of Geomechanics","It is a dark rock with granular and liminated blastic texture and liminated  structure. The rock contains hornblende,  biotite  and  a little plagioclase."
"Chinese Academy of Geological Sciences, Institute of Geomechanics","It is a grey-black rock  with coarse granular texture and massive structure. The rock contains microcline, quartz, muscovite, biotite and  Fe-Ti oxide."
"U. Bern","Ivan Hernandez Almeida"
"Institute of Experimental Mineralogy, Russian Academy of Sciences, Chernogolovka, Russia","ivanlab211@gmail.com"
"Lorraine university Archive","izart.alain@gmail.com"
"Burgundy university Archive","izart.alain@gmail.com"
"University of Birmingham","J. Bendle"
"University of Kansas, Department of Geology","J. Douglas Walker"
"California State University Los Angeles Geosciences Department","J. Garrison"
NULL,"J. Strauss"
"Pomona College","J.S. Lackey (JadeStar.Lackey@pomona.edu)"
"PGI-NRI","jacek.grabowski@pgi.gov.pl"
"The University of Adelaide, Department of Earth Sciences","jack.gillespie@adelaide.edu.au"
"University of Adelaide","jack.gillespie@adelaide.edu.au"
"University of Adelaide, Department of Earth Sciences","jack.gillespie@adelaide.edu.au"
"Dept. Earth and Climate Sciences, Tufts University, Medford, MA 02155","jack.ridge@tufts.edu"
"CAROTHEQUE UNIVERSITE DE BORDEAUX UMR EPOC","Jacques GIRAUDEAU jacques.giraudeau@u-bordeaux.fr"
"Pomona College, CA","Jade Star Lackey (JadeStar.Lackey@pomona.edu)"
"Pomona College Geology Dept, 185 East 6th Street, Claremont, CA 91711 USA","jadestar.lackey@pomona.edu"
"Pomona College Geology Department","jadestar.lackey@pomona.edu"
"Georgia Institute of Technology","Jake Leech"
"Georgia Institute of Technology","Jake Leetch"
"LDEO","James D Hays"
NULL,"James D. Hays"
"LDEO","James D. Hays"
"Lamont-Doherty Earth Observatory (LDEO)","James D. Hays"
"University of California, Santa Cruz (UCSC)","James Gill"
NULL,"James Griffith/Stephen Barker"
"Lamont-Doherty Earth Observatory (LDEO)","James Hays"
"Rutgers U","James Wright"
"Bureau of Economic Geology, Core Research Center, University of Texas","James.Donnelly@beg.utexas.edu"
"Denver Museum of Nature and Science","james.hagadorn@dmns.org"
"University of Rhode Island, Graduate School of Oceanography (URI-GSO)","jandrys@uri.edu"
"Cardiff University","jansenmn@cardiff.ac.uk"
"Geological Survey of Newfoundland and Labrador","jaredbutler@gov.nl.ca"
"Rice U.","Jason Francis"
NULL,"Jason Price"
"Texas A&M, some at MemU","jasonsylvan@tamu.edu"
"Texas A&M, frozen","jasonsylvan@tamu.edu"
"Texas A&M frozen, some at MemU","jasonsylvan@tamu.edu"
"Texas A&M frozen","jasonsylvan@tamu.edu"
"Texas A&M","jasonsylvan@tamu.edu"
"University of Georgia, Department of Geology, Clay Lab; Athens, GA","jaycaustin@live.com"
"University of Georgia, Geology Department, Clay Lab; Athens, GA","jaycaustin@live.com"
"University of Georgia, Geology Department, Clay Lab, Athens, GA","jaycaustin@live.com"
"Woods Hole Oceanographic Institution (WHOI)","jbroda@whoi.edu"
"Bowling Green State University","jcstref@bgsu.edu"
"University of Texas at Austin","jdbarnes@jsg.utexas.edu"
"The University of Texas at Austin","jdbarnes@jsg.utexas.edu"
"Northern Illinois University Geology Department","jdodd@niu.edu"
"Coastal Systems Group; Woods Hole Oceanographic Institution","jdonnelly@whoi.edu"
"University of Kansas (KU)","jdwalker@ku.edu"
"CAROTHEQUE UNIVERSITE DE BORDEAUX UMR EPOC","Jean-Luc Schneider jean-luc.schneider@u-bordeaux.fr"
"Litoteque de Institut Universitaire Européen de la Mer, 29280 Plouzané France","jean-pierre.oldra@univ-brest.fr"
"Georgia Institute of Technology","Jean Lynch-Stieglitz"
"Georgia Tech","Jean Lynch-Stieglitz"
"Middlebury College","Jeff Munroe, Dept. of Earth & Climate Sciences"
"Middlebury College","Jeff Munroe, Dept. of Geology"
"Harvard University","Jen Middleton"
"Texas A&M","Jennifer Hertzberg"
"U. Connecticut","Jennifer Hertzberg"
"Texas A&M University, Department of Oceanography","Jennifer Hertzberg"
"Harvard University (Harvard)","Jennifer Middleton"
"LDEO","Jennifer Middleton"
"UC Davis","Jennifer Middleton"
"Michigan Geological Repository for Research and Education","Jennifer.L.Trout@wmich.edu"
"CHRONO-ENVIRONNEMENT","JENNY JP (ORCID:0000-0002-2740-174X)"
"INRA CARRTEL (ISNI:0000 0001 2176 1085)","JENNY JP (ORCID:0000-0002-2740-174X)"
"EDYTEM UMR5204 (ISNI:0000 0001 2109 3638)","JENNY JP (ORCID:0000-0002-2740-174X)"
"MBARI","Jenny Paduan"
"Bureau de Recherches Géologique et Minière, Orléans","Jérémie Melleton"
"LDEO","Jerry McManus"
"Lamont-Doherty Earth Observatory (LDEO)","Jerry McManus"
"Lamont-Doherty Earth Observatory","Jerry McManus"
"U Arizona","Jess Tierney"
"Woods Hole Oceanographic Institution (WHOI)","Jessica Tierney"
"University of Arizona","Jessica Tierney"
NULL,"jharden@usgs.gov"
"Department of Geology, Pomona College","jharris@pomona.edu"
"Missouri S&T","jhogan@mst.edu"
"China University of Geosciences, Wuhan","Jiang-Hai Yang"
"Tufts University","jill.vantongeren@tufts.edu"
"Tufts University, Boston, MA","Jill.Vantongeren@tufts.edu"
"Jim Walker","Jim Walker"
"Rutgers U.","Jim Wright"
"Boise State University","jimcrowley@boisestate.edu"
"Australian National University","Jimin Yu"
"The Australian National University","Jimin Yu"
NULL,"Jimin Yu"
"Australia National University","Jimin Yu"
"LDEO","Jingzhi (Amanda) Liang"
"Memorial U","jjamieson@mun.ca"
"Memorial University","jjamieson@mun.ca"
"Memorial University of Newfoundland, St. John’s, NL, Canada","jjamieson@mun.ca"
"University of Hawaii-Manoa","jkonter@hawaii.edu"
"CSIC, GEO3BCN","jlfernandez@geo3bcn.csic.es"
"Instituto de Ciencias de la Tierra Jaume Almera","jlfernandez@ictja.csic.es"
"Missississippi Embayment Research Center","jlpckrng@memphis.edu"
"George Mason University","jnord@gmu.edu"
"Cambridge","Joanna Kerr"
"IODP Gulf Coast Repository/University of Sydney","jody.webster@sydney.edu.au"
"LDEO","Joe Morley"
"College of Charleston (CofC)","John Chadwick"
"University of Delaware","John F Wehmiller"
"Pennsylvania State University, Department of Geosciences","John Leeman"
"University of Erlangen-Nuremberg","John O’Connor"
"Colorado State University","John Singleton"
"University of Hawaii SOEST","John Sinton"
"University of Hawai‘i SOEST","John Sinton"
"Vanderbilt University, Department of Earth and Environmental Sciences","john.c.ayers@vanderbilt.edu"
"Department of Soil, Water and Environmental Science, University of Arizona","Jon Chorover"
"Department of Environmental Science, University of Arizona","Jon Chorover"
"Jet Propulsion Laboratory","Jon Zaloumis"
"LDEO","Jonathan E. Nichols"
"Lamont-Doherty Earth Observatory","Jonathan E. Nichols"
"Lamont-Doherty Earth Observatory","Jonathan Nichols"
"Lamont-Doherty Core Repository at Columbia University (LDCR)","Jonathan Nichols, jnichols@ldeo.columbia.edu"
NULL,"Jonathan Warnock"
"University of Toronto","jonathan.umbsaar@mail.utoronto.ca"
"EDYTEM UMR5204 (ISNI:0000 0001 2109 3638)","JONES M curateur-edytem@univ-savoie.fr"
"EDYTEM UMR5204 (ISNI:0000 0001 2109 3638)","JONES Matt curateur-edytem@univ-savoie.fr"
"U.S. Geological Survey (USGS)","Joseph Wooden"
"Oak Ridge National Lab - Terrestrial Ecosystem Science SFA","Joshua Birkebak"
"Oak Ridge National Lab - TES SFA","Joshua Birkebak"
"Oak Ridge National Lab -  Terrestrial Ecosystem Science SFA","Joshua Birkebak"
"Oak Ridge National Lab - TES SFA Archive","Joshua Birkebak"
"Oak Ridge National Lab - Currently Missing","Joshua Birkebak"
"Dept of Geosciences, Penn State","Joshua Garber"
"BAKKE J (ORCID:0000-0001-6114-0400)","Jostein.Bakke@geo.uib.no"
NULL,"jreimink@psu.edu"
"Jesse Reimink Research","jreimink@psu.edu"
"Colorado School of Mines","jshirey1@mines.edu"
"California Institute of Technology","jstock@caltech.edu"
"Unidad Académica de Sistemas Arrecifales del ICML, UNAM","Juan Pablo Carricart-Ganivet"
"ISTO-CNRS","juan.andujar@cnrs-orleans.fr"
"LDEO","Julia Gottschalk"
"University of Texas at Dallas (UT Dallas)","Julia Ribeiro; juliairibeiro@utdallas.edu"
"University of Vermont","julia.perdrial@uvm.edu"
"University of Vermont","Julia.Perdrial@uvm.edu"
"Dartmouth College","Justin Strauss"
"Dartmouth College","justin.v.strauss@dartmouth.edu"
"Dartmouth College","Justin.V.Strauss@dartmouth.edu"
"University of Arkansas","jwfekete@uark.edu"
"Geosciences and Environmental Change Science Center, USGS Federal Center, Lakewood, CO","K. Dana Chadwick, kdc@stanford.edu"
"Stanford University","K. Dana Chadwick, kdc@stanford.edu"
"GEOMAR, Kiel, Germany","Kaj Hoernle"
"China University of Geosciences (Beijing)","Kangh@cugb.edu.cn"
"BDC Personal Archive","Kansas Geological Survey"
"Kansas Geological Survey (KGS)","Kansas Geological Survey"
"Colgate University, Department of Geology","Karen Harpp kharpp@colgate.edu"
"Simon Fraser University","Karen Kohfeld"
"UC Davis","Kari Cooper"
"The City College Of New York, CCNY","Karin Block"
"The City College of New York, CUNY","Karin Block"
"WHOI","Kassandra Costa"
"Lamont-Doherty Earth Observatory (LDEO)","Kassandra Costa"
"LDEO","Kassandra Costa"
"Lamont-Doherty Earth Observatory (LDEO)","Kassandra Costa / Jerry McManus"
"LDEO","Katharina Pahnke"
"University of Rhode Island Marine Geological Samples Laboratory (MGSL)","Katherine Kelley"
"University of Rhode Island, Graduate School of Oceanography (URI-GSO)","Katherine Kelley"
"Graduate School of Oceanography, University of Rhode Island","Katherine Kelley"
"Marine Geological Samples Laboratory, University of Rhode Island","Katherine Kelley"
"University of Rhode Island, Marine Geological Samples Laboratory (MGSL)","Katherine Kelley"
"University of Rhode Island Marine Geological Samples Laboratory (MGSL)","Katherine Kelley, Steve Carey"
"URI Marine Geological Samples Repository, Graduate School of Oceanography, Narragansett, RI","Katherine Kelley: kelley@uri.edu"
"University of Rhode Island Marine Geological Samples Laboratory (MGSL)","Katherine Kelley; kelley@gso.uri.edu"
"University of Rhode Island","Katherine Kelley; kelley@gso.uri.edu"
"Idaho State University","Kathleen Lohse"
"U.S. Geological Survey, Menlo Park Science Center","Kayla Iacovino"
"SLAC/SSRL","kboye@slac.stanford.edu"
"Stored in barrels","kbuesseler@whoi.edu"
"Woods Hole Oceanographic Institution","kbuesseler@whoi.edu"
"Woods Hole Oceanographic Institution","KBuesseler@whoi.edu"
"Stored in barrels","KBuesseler@whoi.edu"
"Georgia Institute of Technology; Atlanta, Georgia, USA","kcobb@gatech.edu"
"Louisiana State University Coastal Studies Institute","kdelong@lsu.edu"
"Princeton University","Keiran A Swart"
"Princeton","Keiran Swart"
"U.S. Geological Survey (USGS)","Keith Howard"
"Stanford University (Stanford)","Kelley Brumley, researcher"
"Marine Geological Samples Laboratory, Gradaute School of Oceanography, University of Rhode Island, Narragansett, RI 02882","kelley@uri.edu"
NULL,"Kelley_Deborah"
"LDEO","Kelsey Dyez"
"Lamont-Doherty Earth Observatory","Kelsey Dyez"
"Argonne National Lab","kemner@anl.gov"
"Woods Hole Oceanographic Institution","Ken Buesseler kbuesseler@whoi.edu"
"University of Hawaii","Ken Rubin"
"University of Hawaii (Hawaii)","Ken Rubin"
"Idaho State University","kendramurray@isu.edu"
"Purdue University","Kenneth Ridgway"
"Jet Propulsion Laboratory (JPL)","Kenneth.H.Williford@jpl.nasa.gov"
"Ocean Worlds Laboratory, JPL","Kevin Hand"
"SOEST","Kevin Johnson"
"CEOAS – Oregon State University","Kevin Konrad"
"U.S. Geological Survey, Denver Core Research Center","Kevin McKinney - kcmckinney@usgs.gov"
"Northern Illinois University","Kevin Voelz"
"University of Colorado, Boulder","Kevin.Mahan@colorado.edu"
"Colgate University","kharpp@colgate.edu"
"Geology Department, Faculty of Science, Kafrelsheikh University, Egypt","khedrzm75@gmail.com"
"University of Cambridge, Department of Geography (CAM-GEOG)","ki247@cam.ac.uk"
"Chesapeake Biological Lab","kilbourn@umces.edu"
"Chesapeake Biological Lab, Solomons, MD","kilbourn@umces.edu"
"Auburn University","kingdat@auburn.edu"
"UH-Manoa","kjonso2@hawaii.edu"
"Colorado Geological Survey","kolindsey@mines.edu"
"Michigan State University","kranssus@msu.edu"
"USGS/Alaska Volcano Observatory","Kristi L. Wallace"
"LSU Past Lab","Kristine DeLong"
NULL,"Kron, M. Stanley"
"University of hawaii","krubin@hawaii.edu"
"University of Wyoming Dept. of Geology & Geophysics","ksims7@uwyo.edu"
"State of Alaska Geologic Materials Center","Kurt Johnson"
"State of Alaska Geologic Materials Center, 3651 Penland Parkway, Suite 135, Anchorage, AK 99508","Kurt Johnson, kurt.johnson@alaska.gov"
"Philip Kyle","kyle@nmt.edu"
"Rice University","L. Prothro"
"LacCore; Minneapolis, MN","laccore@umn.edu"
"LacCore","laccore@umn.edu"
"University of Arizona","Lael Vetter"
NULL,"Lamont-Doherty Earth Observatory"
"Lamont-Doherty Earth Observatory (LDEO)","Lamont-Doherty Earth Observatory"
"Berkeley Lab","langlang-li@berkeley.edu"
"Berkeley Lab","Langlang Li langlang-li@berkeley.edu"
"Chinese Academy of Sciences, Institute of Geology and Geophysics (IGGCAS)","Larsemann area"
"City College of New York","Laura Larocca"
"New Mexico Institute of Mining and Technology","Laura Waters / Matt Zimmerer"
"U.S. Geological Survey, Reston Nannofossil laboratory","Laurel Bybell - LBybell@usgs.gov"
"University of Kansas","Lawrence, KS"
"University of Kansas (KU)","Lawrence, KS"
NULL,"LDEO"
"University of Nebraska-Lincoln","lelkins@unl.edu"
"Lamont-Doherty Earth Observatory (LDEO)","Leo Pena"
"Lamont-Doherty Earth Observatory (LDEO)","Leopoldo Pena"
NULL,"Leopoldo Pena"
NULL,"Leslie Hsu"
"Lamont-Doherty Earth Observatory (LDEO)","Leslie Hsu"
"Paleontological Research Institution (PRI)","Leslie L. Skibinski, Collection Manager; collections@priweb.org"
"Paleontological Research Institution (PRI)","Leslie L. Skibinski, Collection Manager; lls94@cornell.edu"
"Paleontological Research Institution (PRI)","Leslie L. Skibinski, Collections Manager; collections@priweb.org"
"Paleontological Research Institution","Leslie L. Skibinski, Collections Manager; collections@priweb.org"
"Colgate University","Leventer"
"Colgate College","Leventer, A."
"Non-Vertebrate Paleontology, Jackson School Museum of Earth History, University of Texas at Austin","liathappleton@austin.utexas.edu"
"University of Salzburg; Department for Chemistry and Physics of Materials","lindnerma55@gmail.com"
"U.S. Geological Survey, St. Petersburg Coastal and Marine Science Center","Lisa Robbins, researcher"
"IPGP-Chambon la Foret","lithotheque@ipgp.fr"
"IPGP - Chambon la Forêt","lithotheque@ipgp.fr"
"IPGP-Chambon la forêt","lithotheque@ipgp.fr"
"IPGP - Chambon la Foret","lithotheque@ipgp.fr"
"IPGP Chambon la Forêt","lithotheque@ipgp.fr"
"IPGP, Chambon la Forêt","lithotheque@ipgp.fr"
"IPGP-Chambon la Forêt","lithotheque@ipgp.fr"
"IPGP Chambon la forêt","lithotheque@ipgp.fr"
"Chinese Academy of Sciences, Institute of Geology and Geophysics (IGGCAS)","Liu Xiaohan xhliu@mail.igcas.ac.cn  Zhou Xuejun xjzhou@mail.iggcas.ac.cn"
"Chinese Academy of Sciences, Institute of Geology and Geophysics (IGGCAS)","Liu Xiaohan xhliu@mail.igcas.ac.cn  Zhou Xuejun xjzhou@mail.iggcas.ac.cn;010-82998001"
"Chinese Academy of Geological Sciences, Institute of Geology","Liudong Ren，No.26,Baiwanzhuang Street,Xicheng District,Beijing.100037.ldren@cags.net.cn"
"Chinese Academy of Geological Sciences, Institute of Geology","Liudong Ren，No.26,Baiwanzhuang Street,Xicheng District,Beijing.100037.ldren@cags.net.cn;
(010)68999727"
"Penn State University Geosciences","Liz Hajek"
"CU Boulder Chemical Sedimentology Lab","lizzy.trower@colorado.edu"
"University of Texas at EL Paso, Department of Geological Sciences","ljin2@utep.edu"
"University of Texas at El Paso, Department of Geological Sciences","ljin2@utep.edu"
"Woods Hole Oceanographic Institution (WHOI)","Lloyd Keigwin"
"University of Wollongong, Australia","Lloyd White"
"University of Wollongong, Australia","Lloyd White (lloydw@uow.edu.au)"
"Paleontological Research Institution (PRI)","lls94@cornell.edu"
NULL,"lofedele@unina.it"
"LDEO","Louisa Bradtmiller"
"U Southern California","Lowell Stott"
"USC","Lowell Stott"
"University of Southern California","Lowell Stott"
"USC","Lowell Stott-USC Professor, 3651 Trousdale Pkwy. ZHS Rm. 117-Los Angeles, CA 90089-0740; 213-740-5120/stott@usc.edu"
"University of Oklahoma; Norman, Oklahoma","lsoreg@ou.edu"
NULL,"Lupton_John"
"INRA CARRTEL (ISNI:0000 0001 2176 1085)","LYAUTEY E curateur-edytem@univ-savoie.fr"
"EDYTEM UMR5204 (ISNI:0000 0001 2109 3638)","LYAUTEY E curateur-edytem@univ-savoie.fr"
"Bryn Mawr College","Lynne Elkins"
"Bryn Mawr College; GEOMAR","Lynne Elkins; Colin Devey"
"Bryn Mawr College; University of Bergen","Lynne Elkins; Rolf Pedersen"
"University of Dhaka, Department of Geology","M. Saiful Islam"
"Montana State University, Department of Earth Sciences","Madison Myers"
"UTEP Dept. of Geological Sciences","maengle@utep.edu"
"Environmental Molecular Science Laboratory","maggie.bowman@pnnl.gov"
"CAROTHEQUE UNIVERSITE DE BORDEAUX UMR EPOC","MALAIZE Bruno b.malaize@epoc.u-bordeaux1.fr"
"CAROTHEQUE Environnements et paléoenvironnements océaniques et continentaux (EPOC)","Malaize Bruno bruno.Malaize@u-bordeaux.fr"
"CAROTHEQUE UNIVERSITE DE BORDEAUX UMR EPOC","MALAIZE Bruno bruno.malaize@u-bordeaux.fr"
"University of Texas","malkowski@jsg.utexas.edu"
"Dept. of Geological  Sciences, East Carolina University","mallinsond@ecu.edu"
"East Carolina University","mallinsond@ecu.edu; watsonj@ecu.edu"
"EAFIT University","manuel.paez@gmail.com"
"marc.hendrix@mso.umt.edu","marc.hendrix@mso.umt.edu"
"Istituto di Astrofisica e Planetologia Spaziali IAPS INAF","marco.ferrari@inaf.it"
"Asian School of the Environment & Earth Observatory of Singapore, Nanyang Technological University","Marcus Phua"
"Department of Geology, Bryn Mawr College, Bryn Mawr, PA, 19010, USA","Maria Luisa Crawford"
"Texas A&M University","Maria Reimi"
"Portland Community College","Mariah Tilman"
NULL,"Mariek Schmidt"
"The University of Kansas, Dept. of Geology","Marina Suarez, mb.suarez@ku.edu"
"University of New England (Earth Science)","marissa.betts@une.edu.au"
"Massachusetts Institute of Technology","Marjorie Cantine"
"U Mass Dartmouth","Mark Altabet"
"UMASS Dartmouth, SMAST","Mark Altabet"
"Mount Holyoke College (MHC)","Mark McMenamin"
"Boise State Isotope Geology Laboratory","Mark Schmitz (markschmitz@boisestate.edu)"
"University of Oregon, Department of Earth Sciences","Marli Miller, millerm@uoregon.edu"
"CAROTHEQUE UNIVERSITE DE BORDEAUX UMR EPOC","MARTINEZ Philippe philippe.martinez@u-bordeaux.fr"
"Institut de Physique du Globe de Paris (IPGP)","Mathilde Cannat"
"Princeton U.","Matthew Lacerra"
"Old Dominion University--Department of Earth and Atmospheric Sciences","Matthew Schmidt"
"Institute of Volcanology and Seismology, Russia","Maxim Gavrilenko"
"University of Kansas","mb.suarez@ku.edu"
"The University of Kansas","mb.suarez@ku.edu"
"Idaho Geological Survey, Boise, Idaho","mbarton@uidaho.edu"
"Argonne National Lab","mboyanov@anl.gov"
"Maryjo N. Brounce","mbrounce@gps.caltech.edu"
"University of Rhode Island, Graduate School of Oceanography (URI-GSO)","mbrounce@gps.caltech.edu"
"University of Rhode Island, Graduate School of Oceanography (URI-GSO)","mbrounce@my.uri.edu"
"Maryjo Brounce, University of California Riverside","mbrounce@ucr.edu"
"Pennsylvania State University (PSU)","mdf12@psu.edu"
"Self-collection ","meghomitadas@gmail.com"
"Self-collection","meghomitadas@gmail.com"
"UNevada-Reno","meghomitadas@gmail.com"
"Sonoma State University","meghomitadas@gmail.com"
"Qingdao Institute of Marine Geology, China","meixi@mail.cgs.gov.cn"
"United States Forest Service; Athens, Georgia 30647","melanietaylor@fs.fed.us"
"United States Forest Service; Athens, Georgia 30602","melanietaylor@fs.fed.us"
"United States Forest Service; Athens, Georgia 30603","melanietaylor@fs.fed.us"
"United States Forest Service; Athens, Georgia 30604","melanietaylor@fs.fed.us"
"United States Forest Service; Athens, Georgia 30605","melanietaylor@fs.fed.us"
"United States Forest Service; Athens, Georgia 30606","melanietaylor@fs.fed.us"
"United States Forest Service; Athens, Georgia 30607","melanietaylor@fs.fed.us"
"United States Forest Service; Athens, Georgia 30608","melanietaylor@fs.fed.us"
"United States Forest Service; Athens, Georgia 30609","melanietaylor@fs.fed.us"
"United States Forest Service; Athens, Georgia 30610","melanietaylor@fs.fed.us"
"United States Forest Service; Athens, Georgia 30611","melanietaylor@fs.fed.us"
"United States Forest Service; Athens, Georgia 30612","melanietaylor@fs.fed.us"
"United States Forest Service; Athens, Georgia 30613","melanietaylor@fs.fed.us"
"United States Forest Service; Athens, Georgia 30614","melanietaylor@fs.fed.us"
"United States Forest Service; Athens, Georgia 30615","melanietaylor@fs.fed.us"
"United States Forest Service; Athens, Georgia 30616","melanietaylor@fs.fed.us"
"United States Forest Service; Athens, Georgia 30617","melanietaylor@fs.fed.us"
"United States Forest Service; Athens, Georgia 30618","melanietaylor@fs.fed.us"
"United States Forest Service; Athens, Georgia 30619","melanietaylor@fs.fed.us"
"United States Forest Service; Athens, Georgia 30620","melanietaylor@fs.fed.us"
"United States Forest Service; Athens, Georgia 30621","melanietaylor@fs.fed.us"
"United States Forest Service; Athens, Georgia 30622","melanietaylor@fs.fed.us"
"United States Forest Service; Athens, Georgia 30623","melanietaylor@fs.fed.us"
"United States Forest Service; Athens, Georgia 30624","melanietaylor@fs.fed.us"
"United States Forest Service; Athens, Georgia 30625","melanietaylor@fs.fed.us"
"United States Forest Service; Athens, Georgia 30626","melanietaylor@fs.fed.us"
"United States Forest Service; Athens, Georgia 30627","melanietaylor@fs.fed.us"
"United States Forest Service; Athens, Georgia 30628","melanietaylor@fs.fed.us"
"United States Forest Service; Athens, Georgia 30629","melanietaylor@fs.fed.us"
"United States Forest Service; Athens, Georgia 30630","melanietaylor@fs.fed.us"
"United States Forest Service; Athens, Georgia 30631","melanietaylor@fs.fed.us"
"United States Forest Service; Athens, Georgia 30632","melanietaylor@fs.fed.us"
"United States Forest Service; Athens, Georgia 30633","melanietaylor@fs.fed.us"
"United States Forest Service; Athens, Georgia 30634","melanietaylor@fs.fed.us"
"United States Forest Service; Athens, Georgia 30635","melanietaylor@fs.fed.us"
"United States Forest Service; Athens, Georgia 30636","melanietaylor@fs.fed.us"
"United States Forest Service; Athens, Georgia 30637","melanietaylor@fs.fed.us"
"United States Forest Service; Athens, Georgia 30638","melanietaylor@fs.fed.us"
"United States Forest Service; Athens, Georgia 30639","melanietaylor@fs.fed.us"
"United States Forest Service; Athens, Georgia 30640","melanietaylor@fs.fed.us"
"United States Forest Service; Athens, Georgia 30641","melanietaylor@fs.fed.us"
"United States Forest Service; Athens, Georgia 30642","melanietaylor@fs.fed.us"
"United States Forest Service; Athens, Georgia 30643","melanietaylor@fs.fed.us"
"United States Forest Service; Athens, Georgia 30644","melanietaylor@fs.fed.us"
"United States Forest Service; Athens, Georgia 30645","melanietaylor@fs.fed.us"
"United States Forest Service; Athens, Georgia 30646","melanietaylor@fs.fed.us"
"United States Forest Service; Athens, Georgia 30648","melanietaylor@fs.fed.us"
"United States Forest Service; Athens, Georgia 30649","melanietaylor@fs.fed.us"
"United States Forest Service; Athens, Georgia 30650","melanietaylor@fs.fed.us"
"United States Forest Service; Athens, Georgia 30651","melanietaylor@fs.fed.us"
"United States Forest Service; Athens, Georgia 30652","melanietaylor@fs.fed.us"
"United States Forest Service; Athens, Georgia 30653","melanietaylor@fs.fed.us"
"United States Forest Service; Athens, Georgia 30654","melanietaylor@fs.fed.us"
"U. Connecticut","Melissa Cote"
"ETH Zurich, Geological Institute, Zurich","melissa.s.schwab@jpl.nasa.gov"
"ETH Zurich, Geological Institute, Zurich","melissa.schwab@erdw.ethz.ch"
"ETH Zurich","melissaschwab@gmx.net"
"Nancy Merino","merino4@llnl.gov"
NULL,"merino4@llnl.gov"
"Lawrence Livermore National Lab; Livermore, CA","merino4@llnl.gov"
"URI Marine Geological Samples Repository, Graduate School of Oceanography, Narragansett, RI","mgsl@etal.uri.edu"
"University of Rhode Island, Marine Geological Samples Laboratory","mgsl@etal.uri.edu"
"University of Rhode Island Marine Geological Samples Laboratory (MGSL)","mgsl@etal.uri.edu"
"Marine Geological Samples Laboratory, University of Rhode Island Graduate School of Oceanography","mgsl@etal.uri.edu"
"Marine Geological Samples Laboratory, Graduate School of Oceanography, University of Rhode Island","mgsl@etal.uri.edu"
"University of Rhode Island, Marine Geological Samples Laboratory (MGSL)","mgsl@etal.uri.edu"
"Marine Geological Sample Laboratory","mgsl@etal.uri.edu"
"St. Lawrence University","mholland@stlawu.edu"
"Autralian National University","Michael Ellwood"
NULL,"Michael Manga"
"MIT Geochemistry Laboratory","Michael P Eddy"
"Lamont Doherty Earth Observatory","Michael R. Sandstrom"
"USGS Virginia","Michael Toomey"
"Jet Propulsion Laboratory (JPL)","Michael Tuite"
NULL,"Michael Tuite"
"University of Missouri","Michael Underwood"
"Northern Arizona University","michael.e.smith@nau.edu"
"University of Montana","michael.hofmann@umontana.edu"
"Curtin University WA","mick.oleary@curtin.edu.au"
"Curtin University","mick.oleary@curtin.edu.au"
NULL,"Miguel Leon (leonmi@sas.upenn.edu)"
"Lund University","Mikael Calner"
"Grand Canyon National Park","mikaela_pulsipher@partner.nps.gov"
NULL,"Mikayla Borton"
NULL,"Mikayla Borton/Byron C.Crump"
NULL,"Mikayla Borton/Byron Crump"
"University of Florida","Mike Perfit"
"EDYTEM UMR5204 (ISNI:0000 0001 2109 3638)","MILLET L curateur-edytem@univ-savoie.fr"
"CHRONO-ENVIRONNEMENT (ISNI:  0000 0001 2188 3779)","MILLET L lmillet@univ-fcomte.fr"
"CHRONO-ENVIRONNEMENT (ISNI:  0000 0001 2188 3779)","MILLET L null"
"Georgia Institue of Technology","Minda Monteagudo"
"Georgia Tech","Minda Monteagudo"
"California Institute of Technology","Miquela Ingalls"
"EDYTEM UMR5204 (ISNI:0000 0001 2109 3638)","MIRAMONT C curateur-edytem@univ-savoie.fr"
"Geosciences and Geological and Petroleum Engineering Department","Missouri University of Science and Technology, 1400 N. Bishop Avenue_McNutt 332, Rolla, MO 65409"
"Geosciences and Geological and Petroleum Engineering Department","Missouri University of Science and Technology, 1400 N. Bishop Avenue_McNutt 332, Rolla, MO 65410"
"WHOI","mktivey@whoi.edu"
"WHOI, some at MemU","mktivey@whoi.edu"
"Geological Survey of Alabama/State Oil and Gas Board of Alabama (GSA/OGB)","mmcintyre@gsa.state.al.us"
"Geoloical Survey of Alabama","mmcintyre@gsa.state.al.us"
"Geological Survey of Alabama","mmcintyre@gsa.state.al.us"
"Shahrood University of Technology","mobasheri.mohsen@yahoo.com"
"Shahrood university of technology and ISTerre, University Grenoble Alps ","mobasheri.mohsen@yahoo.com"
"Shahrood university of technology and Instituto Andaluz de Ciencias de la Tierra (IACT)","mobasheri.mohsen@yahoo.com"
"EDYTEM UMR5204 (ISNI:0000 0001 2109 3638)","MOCCI F curateur-edytem@univ-savoie.fr"
"David Moecher","moker@uky.edu"
"Mokhles K. Azer","mokhles72@yahoo.com"
"Binghamton University","Molly Patterson"
"Brigham Young University-Idaho, Department of Geology","moored@byui.edu"
"Oregon State University","Morgan Haldeman"
"University of Florida (UF)","mperfit@ufl.edu"
"University of Florida","mperfit@ufl.edu"
"Reference number: RS3950789 SA Core Facility","Mr David Groom,  Program Coordinator
Drill Core Operations, South Australia Drill Core Reference Library
Tonsley Innovation District
5 Tonsley Boulevard
Tonsley SA 5042"
"Reference number: RS3950817 SA Core Facility","Mr David Groom,  Program Coordinator
Drill Core Operations, South Australia Drill Core Reference Library
Tonsley Innovation District
5 Tonsley Boulevard
Tonsley SA 5043"
"Reference number: RS3953202 SA Core Facility","Mr David Groom,  Program Coordinator
Drill Core Operations, South Australia Drill Core Reference Library
Tonsley Innovation District
5 Tonsley Boulevard
Tonsley SA 5044"
NULL,"mrking@western.edu"
"WHOI Sea Floor Samples Lab","mstarr@whoi.edu"
"WHOI Sea Floor Samples Lab","mstarr@whoi.edu, burann@whoi.edu"
"Utah Valley University","mstearns@uvu.edu"
"Northern Arizona University, USA","mtablescrap@gmail.com"
"Jet Propulsion Laboratory (JPL)","mtuite@jpl.nasa.gov"
"Astrobiogeochemistry Laboratory, Jet Propulsion Lab","mtuite@jpl.nasa.gov"
"Astrobiogeochemistry Lab, Jet Propulsion Laboratory, Pasadena, California","mtuite@jpl.nasa.gov"
"Jet Propulsion Laboratory, Pasadena, CA","mtuite@jpl.nasa.gov"
"Jet Propulsion Laboratory","mtuite@jpl.nasa.gov"
"Astrobiogeochemistry Laboratory, Jet Propulsion Lab, Pasasdena, California","mtuite@jpl.nasa.gov"
"Jet Propulsion Lab. California Insittute of Technology","mtuite@jpl.nasa.gov"
"Astrobiogeochemistry Laboratory, Jet Propulsion Lab, Pasadena, California","mtuite@jpl.nasa.gov"
"Astrobiogeochemistry Laboratory, Jet Propulsion Lab, Pasasdena, California","mtuite@jpl.nasa.gpv"
"CAROTHEQUE UNIVERSITE DE BORDEAUX UMR EPOC","MULDER Thierry t.mulder@epoc.u-bordeaux1.fr"
"CAROTHEQUE UNIVERSITE DE BORDEAUX UMR EPOC","MULDER Thierry thierry.mulder@u-bordeaux.fr"
"Texas A&M University, Department of Geology and Geophysics, 3115 TAMU, College Station TX 77843","myers.kd@tamu.edu"
"CITEL; State College, PA","mzx102@psu.edu"
"Northwestern University; Blair Laboratory","n-blair@u.northwestern.edu"
"University of Cologne, Institute of Geology and Mineralogy","n.leicher@uni-koeln.de"
"University of Cologne, Germany","n.leicher@uni-koeln.de"
"MILLET L n/r","n/r"
"NA","NA"
"NTODD","Nancy S Todd"
"Northwestern University","nanxilv2@gmail.com"
"Colorado Geological Survey","narogers@mines.edu"
"Bureau of Economic Geology Core Research Center (CRC)","Nathan Ivicic
Phone: 512-475-9561
Email: nathan.ivicic@beg.utexas.edu"
"Bureau of Economic Geology Core Research Center (CRC)","Nathan IvicicPhone: 512-475-9561Email: nathan.ivicic@beg.utexas.edu"
"Weatherford-Golden Sample 7-9G","Nathan.Skinner@Weatherford.com"
"Weatherford-Golden","Nathan.Skinner@Weatherford.com"
"Weatherford-Golden Sample 1-13G","Nathan.Skinner@Weatherford.com"
"Weatherford-Golden Sample 1-3G","Nathan.Skinner@Weatherford.com"
"Weatherford-Golden Sample 2-12G","Nathan.Skinner@Weatherford.com"
"Weatherford-Golden Sample 2-17G","Nathan.Skinner@Weatherford.com"
"Weatherford-Golden Sample 2-20G","Nathan.Skinner@Weatherford.com"
"Weatherford-Golden Sample 2-27G","Nathan.Skinner@Weatherford.com"
"Weatherford-Golden Sample 2-35G","Nathan.Skinner@Weatherford.com"
"Weatherford-Golden Sample 2-37G","Nathan.Skinner@Weatherford.com"
"Weatherford-Golden Sample 2-44G","Nathan.Skinner@Weatherford.com"
"Weatherford-Golden Sample 2-47G","Nathan.Skinner@Weatherford.com"
"Weatherford-Golden Sample 2-54G","Nathan.Skinner@Weatherford.com"
"Weatherford-Golden Sample 2-57G","Nathan.Skinner@Weatherford.com"
"Weatherford-Golden Sample 2-7G","Nathan.Skinner@Weatherford.com"
"Weatherford-Golden Sample 3-11G","Nathan.Skinner@Weatherford.com"
"Weatherford-Golden Sample 3-14G","Nathan.Skinner@Weatherford.com"
"Weatherford-Golden Sample 3-24G","Nathan.Skinner@Weatherford.com"
"Weatherford-Golden Sample 3-34G","Nathan.Skinner@Weatherford.com"
"Weatherford-Golden Sample 3-41G","Nathan.Skinner@Weatherford.com"
"Weatherford-Golden Sample 3-44G","Nathan.Skinner@Weatherford.com"
"Weatherford-Golden Sample 3-4G","Nathan.Skinner@Weatherford.com"
"Weatherford-Golden Sample 4-16G","Nathan.Skinner@Weatherford.com"
"Weatherford-Golden Sample 4-26G","Nathan.Skinner@Weatherford.com"
"Weatherford-Golden Sample 4-36G","Nathan.Skinner@Weatherford.com"
"Weatherford-Golden Sample 4-46G","Nathan.Skinner@Weatherford.com"
"Weatherford-Golden Sample 4-56G","Nathan.Skinner@Weatherford.com"
"Weatherford-Golden Sample 4-66G","Nathan.Skinner@Weatherford.com"
"Weatherford-Golden Sample 4-6G","Nathan.Skinner@Weatherford.com"
"Weatherford-Golden Sample 4-74G","Nathan.Skinner@Weatherford.com"
"Weatherford-Golden Sample 4-76G","Nathan.Skinner@Weatherford.com"
"Weatherford-Golden Sample 4-86G","Nathan.Skinner@Weatherford.com"
"Weatherford-Golden Sample 6-14G","Nathan.Skinner@Weatherford.com"
"Weatherford-Golden Sample 6-21G","Nathan.Skinner@Weatherford.com"
"Weatherford-Golden Sample 6-24G","Nathan.Skinner@Weatherford.com"
"Weatherford-Golden Sample 6-34G","Nathan.Skinner@Weatherford.com"
"Weatherford-Golden Sample 6-41G","Nathan.Skinner@Weatherford.com"
"Weatherford-Golden Sample 6-44G","Nathan.Skinner@Weatherford.com"
"Weatherford-Golden Sample 6-4G","Nathan.Skinner@Weatherford.com"
"Weatherford-Golden Sample 6-54G","Nathan.Skinner@Weatherford.com"
"Weatherford-Golden Sample 6-58G","Nathan.Skinner@Weatherford.com"
"Weatherford-Golden Sample 6-60G","Nathan.Skinner@Weatherford.com"
"Weatherford-Golden Sample 6-62G","Nathan.Skinner@Weatherford.com"
"Weatherford-Golden Sample 6-64G","Nathan.Skinner@Weatherford.com"
"Weatherford-Golden Sample 6-66G","Nathan.Skinner@Weatherford.com"
"Weatherford-Golden Sample 6-68G","Nathan.Skinner@Weatherford.com"
"Weatherford-Golden Sample 6-70G","Nathan.Skinner@Weatherford.com"
"Weatherford-Golden Sample 6-72G","Nathan.Skinner@Weatherford.com"
"Weatherford-Golden Sample 6-74G","Nathan.Skinner@Weatherford.com"
"Weatherford-Golden Sample 6-76G","Nathan.Skinner@Weatherford.com"
"Weatherford-Golden Sample 6-78G","Nathan.Skinner@Weatherford.com"
"Weatherford-Golden Sample 6-80G","Nathan.Skinner@Weatherford.com"
"Weatherford-Golden Sample 6-82G","Nathan.Skinner@Weatherford.com"
"Weatherford-Golden Sample 6-84G","Nathan.Skinner@Weatherford.com"
"Weatherford-Golden Sample 6-86G","Nathan.Skinner@Weatherford.com"
"Weatherford-Golden Sample 6-88G","Nathan.Skinner@Weatherford.com"
"Weatherford-Golden Sample 6-8G","Nathan.Skinner@Weatherford.com"
"Weatherford-Golden Sample 6-90G","Nathan.Skinner@Weatherford.com"
"Weatherford-Golden Sample 6-92G","Nathan.Skinner@Weatherford.com"
"Weatherford-Golden Sample 6-93G","Nathan.Skinner@Weatherford.com"
"Weatherford-Golden Sample 7-10G","Nathan.Skinner@Weatherford.com"
"Weatherford-Golden Sample 7-10G-A","Nathan.Skinner@Weatherford.com"
"Weatherford-Golden Sample 7-11G","Nathan.Skinner@Weatherford.com"
"Weatherford-Golden Sample 7-11G-A","Nathan.Skinner@Weatherford.com"
"Weatherford-Golden Sample 7-12G","Nathan.Skinner@Weatherford.com"
"Weatherford-Golden Sample 7-12G-A","Nathan.Skinner@Weatherford.com"
"Weatherford-Golden Sample 7-13G","Nathan.Skinner@Weatherford.com"
"Weatherford-Golden Sample 7-13G-A","Nathan.Skinner@Weatherford.com"
"Weatherford-Golden Sample 7-14G","Nathan.Skinner@Weatherford.com"
"Weatherford-Golden Sample 7-14G-A","Nathan.Skinner@Weatherford.com"
"Weatherford-Golden Sample 7-15G","Nathan.Skinner@Weatherford.com"
"Weatherford-Golden Sample 7-15G-A","Nathan.Skinner@Weatherford.com"
"Weatherford-Golden Sample 7-16G","Nathan.Skinner@Weatherford.com"
"Weatherford-Golden Sample 7-16G-A","Nathan.Skinner@Weatherford.com"
"Weatherford-Golden Sample 7-17G","Nathan.Skinner@Weatherford.com"
"Weatherford-Golden Sample 7-17G-A","Nathan.Skinner@Weatherford.com"
"Weatherford-Golden Sample 7-18G","Nathan.Skinner@Weatherford.com"
"Weatherford-Golden Sample 7-20G","Nathan.Skinner@Weatherford.com"
"Weatherford-Golden Sample 7-22G","Nathan.Skinner@Weatherford.com"
"Weatherford-Golden Sample 7-24G","Nathan.Skinner@Weatherford.com"
"Weatherford-Golden Sample 7-25G","Nathan.Skinner@Weatherford.com"
"Weatherford-Golden Sample 7-26G","Nathan.Skinner@Weatherford.com"
"Weatherford-Golden Sample 7-28G","Nathan.Skinner@Weatherford.com"
"Weatherford-Golden Sample 7-2G","Nathan.Skinner@Weatherford.com"
"Weatherford-Golden Sample 7-30G","Nathan.Skinner@Weatherford.com"
"Weatherford-Golden Sample 7-32G","Nathan.Skinner@Weatherford.com"
"Weatherford-Golden Sample 7-34G","Nathan.Skinner@Weatherford.com"
"Weatherford-Golden Sample 7-36G","Nathan.Skinner@Weatherford.com"
"Weatherford-Golden Sample 7-38G","Nathan.Skinner@Weatherford.com"
"Weatherford-Golden Sample 7-3G","Nathan.Skinner@Weatherford.com"
"Weatherford-Golden Sample 7-40G","Nathan.Skinner@Weatherford.com"
"Weatherford-Golden Sample 7-42G","Nathan.Skinner@Weatherford.com"
"Weatherford-Golden Sample 7-44G","Nathan.Skinner@Weatherford.com"
"Weatherford-Golden Sample 7-46G","Nathan.Skinner@Weatherford.com"
"Weatherford-Golden Sample 7-48G","Nathan.Skinner@Weatherford.com"
"Weatherford-Golden Sample 7-4G","Nathan.Skinner@Weatherford.com"
"Weatherford-Golden Sample 7-50G","Nathan.Skinner@Weatherford.com"
"Weatherford-Golden Sample 7-52G","Nathan.Skinner@Weatherford.com"
"Weatherford-Golden Sample 7-56G","Nathan.Skinner@Weatherford.com"
"Weatherford-Golden Sample 7-5G","Nathan.Skinner@Weatherford.com"
"Weatherford-Golden Sample 7-66G","Nathan.Skinner@Weatherford.com"
"Weatherford-Golden Sample 7-6G","Nathan.Skinner@Weatherford.com"
"Weatherford-Golden Sample 7-6G-A","Nathan.Skinner@Weatherford.com"
"Weatherford-Golden Sample 7-76G","Nathan.Skinner@Weatherford.com"
"Weatherford-Golden Sample 7-7G","Nathan.Skinner@Weatherford.com"
"Weatherford-Golden Sample 7-7G-A","Nathan.Skinner@Weatherford.com"
"Weatherford-Golden Sample 7-86G","Nathan.Skinner@Weatherford.com"
"Weatherford-Golden Sample 7-8G","Nathan.Skinner@Weatherford.com"
"Weatherford-Houston","Nathan.Skinner@Weatherford.com"
"Weatherford-Golden Sample 7-9G-A","Nathan.Skinner@Weatherford.com"
"Weatherford-Golden Sample 7-8G-A","Nathan.Skinner@Weatherford.com"
"Geological Survey of Canada","Natural Resources Canada NRCan - Geological Survey of Canada 9860 West Saanich Road, Sidney, BC, Canada V8L 4B2"
"Northwestern University, Evanston IL","Neal Blair, n-blair@northwestern.edu"
"Northwestern University, Evanston IL","Neal Blar, n-blair@northwestern.edu'"
"IDWR","neal.farmer@idwr.idaho.gov"
"Colorado School of Mines","nell.hoagland@gmail.com"
"Department of Environmental Sciences, University of San Francisco","nell.hoagland@gmail.com"
"Pennsylvania State University","nell.hoagland@gmail.com"
"Department of Geology and Geological Engineering, Colorado School of Mines","nell.hoagland@gmail.com"
"Department of Geosciences, The Pennsylvania State University","nell.hoagland@gmail.com"
"Mammal Collection (Vouchers [Standard Sampling at Diversity Plots]) (NEONMAMC-VDP)","NEON Biorepository (biorepo@asu.edu)"
"Mosquito Collection (Pinned Vouchers) (NEONMOSC-PV)","NEON Biorepository (biorepo@asu.edu)"
"Tick Collection (Pathogen Extracts) (NEONTICC-PE)","NEON Biorepository (biorepo@asu.edu)"
"Benthic Macroinvertebrate Collection (Chironomids) (NEONBMIC-CH)","NEON Biorepository (biorepo@asu.edu)"
"Benthic Macroinvertebrate Collection (DNA Extracts) (NEONBMIC-DNA)","NEON Biorepository (biorepo@asu.edu)"
"Benthic Macroinvertebrate Collection (Fluid Preserved Chironomids) (NEONBMIC-CH)","NEON Biorepository (biorepo@asu.edu)"
"Benthic Macroinvertebrate Collection (Fluid Preserved Oligochaetes) (NEONBMIC-OL)","NEON Biorepository (biorepo@asu.edu)"
"Benthic Macroinvertebrate Collection (Slide Mounted Chironomids and Oligochaetes) (NEONBMIC-MS)","NEON Biorepository (biorepo@asu.edu)"
"Terrestrial Plant Collection (Leaf Tissue) (NEONTPLC-LT)","NEON Biorepository (biorepo@asu.edu)"
"Fish Collection (Vouchers) (NEONFISC-V)","NEON Biorepository (biorepo@asu.edu)"
"Benthic Macroinvertebrate Collection (Taxonomy Reference Collection) (NEONBMIC-TR)","NEON Biorepository (biorepo@asu.edu)"
"Terrestrial Plant Collection (Litterfall) (NEONTPLC-LF)","NEON Biorepository (biorepo@asu.edu)"
"Terrestrial Plant Collection (Herbarium Vouchers) (NEONTPLC-HV)","NEON Biorepository (biorepo@asu.edu)"
"Mammal Collection (Fecal Samples) (NEONMAMC-FE)","NEON Biorepository (biorepo@asu.edu)"
"Terrestrial Plant Collection (Belowground Biomass [Megapit]) (NEONTPLC-BBM)","NEON Biorepository (biorepo@asu.edu)"
"Mammal Collection (Ear Tissue) (NEONMAMC-EA)","NEON Biorepository (biorepo@asu.edu)"
"Mammal Collection (DNA Extracts) (NEONMAMC-DNA)","NEON Biorepository (biorepo@asu.edu)"
"Mammal Collection (Blood Samples) (NEONMAMC-BL)","NEON Biorepository (biorepo@asu.edu)"
"Benthic Macroinvertebrate Collection (Taxonomy Subsample) (NEONBMIC-TS)","NEON Biorepository (biorepo@asu.edu)"
"Invertebrate Bycatch Collection (Trap Sorting) (NEONIVBC-TS)","NEON Biorepository (biorepo@asu.edu)"
"Invertebrate Bycatch Collection (Archive Pooling) (NEONIVBC-AP)","NEON Biorepository (biorepo@asu.edu)"
"Benthic Macroinvertebrate Collection (Unsorted Bulk Sample) (NEONBMIC-UB)","NEON Biorepository (biorepo@asu.edu)"
"Soil Collection (NEONSOIC)","NEON Biorepository (biorepo@asu.edu)"
"Zooplankton Collection (Unsorted Bulk Sample) (NEONZOOC-UB)","NEON Biorepository (biorepo@asu.edu)"
"Zooplankton Collection (Remaining Bulk Taxonomy Sample) (NEONZOOC-RB)","NEON Biorepository (biorepo@asu.edu)"
"Mammal Collection (Vouchers [Standard Sampling at Pathogen Plots]) (NEONMAMC-VPP)","NEON Biorepository (biorepo@asu.edu)"
"Zooplankton Collection (DNA Extracts) (NEONZOOC-DNA)","NEON Biorepository (biorepo@asu.edu)"
"Benthic Microbe Collection (Sterivex Filters) (NEONBEMC-SF)","NEON Biorepository (biorepo@asu.edu)"
"Terrestrial Plant Collection (Canopy Foliage) (NEONTPLC-CF)","NEON Biorepository (biorepo@asu.edu)"
"Carabid Collection (Trap Sorting) (NEONCARC-TS)","NEON Biorepository (biorepo@asu.edu)"
"Herptile Voucher Collection (Ground Beetle Sampling Bycatch Archive Pooling) (NEONHEVC-GBAP)","NEON Biorepository (biorepo@asu.edu)"
"Carabid Collection (Pinned Vouchers) (NEONCARC-PV)","NEON Biorepository (biorepo@asu.edu)"
"Terrestrial Plant Collection (Belowground Biomass [Standard Sampling]) (NEONTPLC-BBS)","NEON Biorepository (biorepo@asu.edu)"
"Carabid Collection (DNA Extracts) (NEONCARC-DNA)","NEON Biorepository (biorepo@asu.edu)"
"Aquatic Macroalgae Collection (Chemical Preservation [Clip Harvests]) (NEONAMAC-CPCH)","NEON Biorepository (biorepo@asu.edu)"
"Carabid Collection (Archive Pooling) (NEONCARC-AP)","NEON Biorepository (biorepo@asu.edu)"
"Aquatic Macroalgae Collection (Chemical Preservation [Point Counts]) (NEONAMAC-CPPC)","NEON Biorepository (biorepo@asu.edu)"
"Herptile Voucher Collection (Ground Beetle Sampling Bycatch Trap Sorting) (NEONHEVC-GBTS)","NEON Biorepository (biorepo@asu.edu)"
"Aquatic Microalgae Collection (Chemical Preservation) (NEONAMIC-CP)","NEON Biorepository (biorepo@asu.edu)"
"Mosquito Collection (Pathogen Extracts) (NEONMOSC-PE)","NEON Biorepository (biorepo@asu.edu)"
"Aquatic Microalgae Collection (Freeze-dried) (NEONAMIC-FD)","NEON Biorepository (biorepo@asu.edu)"
"Aquatic Microalgae Collection (Microscope Slides) (NEONAMIC-MS)","NEON Biorepository (biorepo@asu.edu)"
"Particulate Mass Filter Collection (NEONPMFC)","NEON Biorepository (biorepo@asu.edu)"
"Soil Collection (Distributed Periodic) (NEONSOIC-DP)","NEON Biorepository (biorepo@asu.edu)"
"Mammal Collection (Vouchers [Standard Sampling]) (NEONMAMC-VSS)","NEON Biorepository (biorepo@asu.edu)"
"Aquatic Microalgae Collection (Sterivex Filters) (NEONAMIC-SF)","NEON Biorepository (biorepo@asu.edu)"
"Aquatic Plant, Bryophyte, and Lichen Collection (Herbarium Vouchers [Clip Harvests]) (NEONAPLC-HVCH)","NEON Biorepository (biorepo@asu.edu)"
"Aquatic Plant, Bryophyte, Lichen, and Macroalgae Collection (Herbarium Vouchers [Clip Harvests]) (NEONAPLC-HVCH)","NEON Biorepository (biorepo@asu.edu)"
"Mosquito Collection (DNA Extracts) (NEONMOSC-DNA)","NEON Biorepository (biorepo@asu.edu)"
"Aquatic Plant, Bryophyte, and Lichen Collection (Herbarium Vouchers [Point Counts]) (NEONAPLC-HVPC)","NEON Biorepository (biorepo@asu.edu)"
"Aquatic Plant, Bryophyte, and Lichen Collection (Herbarium Vouchers [Standard Sampling]) (NEONAPLC-HVSS)","NEON Biorepository (biorepo@asu.edu)"
"Herptile Voucher Collection (Small Mammal and Fish Sampling Bycatch) (NEONHEVC-SMFB)","NEON Biorepository (biorepo@asu.edu)"
"Soil Microbe Collection (Bulk Subsamples) (NEONSOMC-BS)","NEON Biorepository (biorepo@asu.edu)"
"Mosquito Collection (Bulk Identified) (NEONMOSC-BI)","NEON Biorepository (biorepo@asu.edu)"
"Herptile Voucher Collection (Small Mammal Sampling Bycatch) (NEONHEVC-SMMB)","NEON Biorepository (biorepo@asu.edu)"
"Wet Deposition Collection (NEONWDC)","NEON Biorepository (biorepo@asu.edu)"
"Mosquito Collection - Pinned Vouchers (NEONMOSC)","NEON Biorepository (biorepo@asu.edu)"
"Aquatic Plant, Bryophyte, and Macroalgae Collection (Herbarium Vouchers [Standard Sampling]) (NEONAPLC-HVSS)","NEON Biorepository (biorepo@asu.edu)"
"Aquatic Plant, Bryophyte, Lichen and Macroalgae Collection (Herbarium Vouchers [Standard Sampling]) (NEONAPLC-HVSS)","NEON Biorepository (biorepo@asu.edu)"
"Mammal Collection (Hair Samples) (NEONMAMC-HA)","NEON Biorepository (biorepo@asu.edu)"
"Aquatic Plant, Bryophyte, Lichen, and Macroalgae Collection (Herbarium Vouchers [Point Counts]) (NEONAPLC-HVPC)","NEON Biorepository (biorepo@asu.edu)"
"Mammal Collection (Pathogen Extracts [Blood]) (NEONMAMC-PEBL)","NEON Biorepository (biorepo@asu.edu)"
"Mammal Collection (Pathogen Extracts [Ear Tissue]) (NEONMAMC-PEEA)","NEON Biorepository (biorepo@asu.edu)"
"Fish Collection (DNA Extracts) (NEONFISC-DNA)","NEON Biorepository (biorepo@asu.edu)"
"Mammal Collection (Vouchers [Ground Beetle Sampling Bycatch Trap Sorting]) (NEONMAMC-VGBT)","NEON Biorepository (biorepo@asu.edu)"
"Mammal Collection (Vouchers [Outside of Standard Sampling]) (NEONMAMC-VOS)","NEON Biorepository (biorepo@asu.edu)"
"Aquatic Plant, Bryophyte, and Macroalgae Collection (Herbarium Vouchers [Point Counts]) (NEONAPLC-HVPC)","NEON Biorepository (biorepo@asu.edu)"
"Herptile Voucher Collection (Small Mammal and Fish Sampling Bycatch) (NEONHEVC-SMMB)","NEON Biorepository (biorepo@asu.edu)"
"Surface Water Microbe Collection (Sterivex Filters) (NEONSWMC-SF)","NEON Biorepository (biorepo@asu.edu)"
"Aquatic Plant, Bryophyte, and Macroalgae Collection (Herbarium Vouchers [Clip Harvests]) (NEONAPLC-HVCH)","NEON Biorepository (biorepo@asu.edu)"
"Soil Microbe Collection (DNA Extracts ) (NEONSOMC-DNA)","NEON Biorepository (biorepo@asu.edu)"
"Twin Metals Minnesota","nhoffmann@twin-metals.com"
"University of Johannesburg (UJ)","Nic Beukes, nbeukes@uj.ac.za"
"U. Hawaii Manoa","Nicholas Hawco"
"University of Hawaiʻi Mānoa","Nicholas Hawco"
"LDEO","Nicholas O'Mara"
"Texas A&M University","Nicholas Perez"
"Idaho State University","Nicholas R. Patton"
"Dept of EPS, UC Berkeley","Nicholas Swanson-Hysell"
"Department of Earth and Planetary Science, University of California Berkeley","Nicholas Swanson-Hysell"
NULL,"nicholas.richard@huskers.unl.edu"
"LDCR","Nichole Anest"
"Lamont-Doherty Earth Observatory of Columbia University","Nichole Anest"
"Lamont Doherty Earth Observatory","Nichole Anest"
"Lamont-Doherty Core Repository","Nichole Anest"
"LDEO Core Repository","Nichole Anest"
"Lamont-Doherty Core Repository at Columbia University (LDCR)","Nichole Anest"
"Lamont-Doherty Core Repository at Columbia University (LDCR)","Nichole Anest peridote@ldeo.columbia.edu"
"Lamont-Doherty Core Repository","Nichole Anest peridote@ldeo.columbia.edu"
"Lamont-Doherty Core Repository","Nichole Anest, peridote@ldeo.columbia.edu"
"LDCR","Nichole Anest, peridote@ldeo.columbia.edu"
"Lamont-Doherty Core Repository at Columbia University (LDCR)","Nichole Anest, peridote@ldeo.columbia.edu"
"UT Austin Geomechanics Lab","nicole.ferrie@utexas.edu & demian@ig.utexas.edu"
"National Rock & Ore Collection, Smithsonian National Museum of Natural History","NMNH-MineralSciences@si.edu"
"National Gem Collection, Smithsonian National Museum of Natural History","NMNH-MineralSciences@si.edu"
"National Rock Collection, Smithsonian National Museum of Natural History","NMNH-MineralSciences@si.edu"
"National Mineral Collection, Smithsonian National Museum of Natural History","NMNH-MineralSciences@si.edu"
"Massachusetts Institute of Technology, Department of Earth, Atmospheric and Planetary Sciences (MIT-EAPS)","Noah McLean"
"EAPS, MIT, Cambridge, MA, 02141, USA","Noah McLean"
"MIT, Sam Bowring Lab","Noah McLean, noahmc@ku.edu"
"University of Kansas Dept. of Geology","noahmc@ku.edu"
"Not available","Not available"
"MN DNR Drill Core Library","nowar005@d.umn.edu"
"null","null"
"GENEVE","null null"
"CAROTHEQUE UNIVERSITE DE BORDEAUX UMR EPOC","null philippe.martinez@u-bordeaux.fr"
"CAROTHEQUE UNIVERSITE DE BORDEAUX UMR EPOC","null xavier.crosta@u-bordeaux.fr"
"The Hebrew University of Jerusalem ","oded.navon@huji.ac.il"
"GEO3BCN","odorado@geo3bcn.csic.es"
"EDYTEM UMR5204 (ISNI:0000 0001 2109 3638)","Odrade NOUGUE curateur-edytem@univ-savoie.fr"
"GEO3BCN","olayadorado@gmail.com"
"University of Oslo","Olivier Galland, olivier.galland@geo.uio.no"
"LSCE, Gif Sur Yvette, France","olivier.evrard@lsce.ipsl.fr"
"LSCE CEA Paris-Saclay","olivier.evrard@lsce.ipsl.fr"
"Laboratoire des Sciences du Climat, Gif-sur-Yvette, France","olivier.evrard@lsce.ipsl.fr"
"Laboratoire des Sciences du Climat et de l'Environnement (LSCE),, Unité Mixte de Recherche 8212 (CEA/CNRS/UVSQ), L'Orme des Merisiers, 91191 Gif-Sur-Yvette, France","olivier.evrard@lsce.ipsl.fr"
"Laboratoire des Sciences du Climat et de l'Environnement (LSCE), L'Orme des Merisiers, 91191 Gif-Sur-Yvette, France","olivier.evrard@lsce.ipsl.fr"
"Laboratoire des Sciences du Climat et de l'Environnement (LSCE), 91190 Saint-Aubin, France","olivier.evrard@lsce.ipsl.fr"
"LSCE, France","olivier.evrard@lsce.ipsl.fr"
"LSCE, Gif-sur-Yvette, France","olivier.evrard@lsce.ipsl.fr"
"LSCE, Univ. Paris-Saclay, France","olivier.evrard@lsce.ipsl.fr"
"LSCE, Gif-Sur-Yvette, France","olivier.evrard@lsce.ipsl.fr"
NULL,"olivier.evrard@lsce.ipsl.fr"
"Argonne National Lab","oloughlin@anl.gov"
"Texas Christian University","omar.harvey@tcu.edu"
"Stanislav Opluštil","oplustil@natur.cuni.cz"
"Oregon State University Marine and Geology Repository","OSU-MGR
4700 SW Research Way
Corvallis, Oregon 97333
osu-mgr@oregonstate.edu"
"OSU-MGR","osu-mgr@oregonstate.edu"
"Oregon State University Marine and Geology Repository","osu-mgr@oregonstate.edu"
"Institute of Environmental Radioactivity Fukushima University, Kanayagawa, Fukushima, 960-1246","p.chaboche@protonmail.com"
"Institute of Environmental Radioactivity Fukushima University, Kanayagawa, Fukushima, 960-1254","p.chaboche@protonmail.com"
"Institute of Environmental Radioactivity Fukushima University, Kanayagawa, Fukushima, 960-1255","p.chaboche@protonmail.com"
"Institute of Environmental Radioactivity Fukushima University, Kanayagawa, Fukushima, 960-1249","p.chaboche@protonmail.com"
"Institute of Environmental Radioactivity Fukushima University, Kanayagawa, Fukushima, 960-1256","p.chaboche@protonmail.com"
"Institute of Environmental Radioactivity Fukushima University, Kanayagawa, Fukushima, 960-1250","p.chaboche@protonmail.com"
"Institute of Environmental Radioactivity Fukushima University, Kanayagawa, Fukushima, 960-1257","p.chaboche@protonmail.com"
"Institute of Environmental Radioactivity Fukushima University, Kanayagawa, Fukushima, 960-1258","p.chaboche@protonmail.com"
"Institute of Environmental Radioactivity Fukushima University, Kanayagawa, Fukushima, 960-1253","p.chaboche@protonmail.com"
"Institute of Environmental Radioactivity Fukushima University, Kanayagawa, Fukushima, 960-1260","p.chaboche@protonmail.com"
"Institute of Environmental Radioactivity Fukushima University, Kanayagawa, Fukushima, 960-1245","p.chaboche@protonmail.com"
"Institute of Environmental Radioactivity Fukushima University, Kanayagawa, Fukushima, 960-1252","p.chaboche@protonmail.com"
"Institute of Environmental Radioactivity Fukushima University, Kanayagawa, Fukushima, 960-1244","p.chaboche@protonmail.com"
"Institute of Environmental Radioactivity Fukushima University, Kanayagawa, Fukushima, 960-1259","p.chaboche@protonmail.com"
"Institute of Environmental Radioactivity Fukushima University, Kanayagawa, Fukushima, 960-1263","p.chaboche@protonmail.com"
"Institute of Environmental Radioactivity Fukushima University, Kanayagawa, Fukushima, 960-1262","p.chaboche@protonmail.com"
"Institute of Environmental Radioactivity Fukushima University, Kanayagawa, Fukushima, 960-1247","p.chaboche@protonmail.com"
"Institute of Environmental Radioactivity Fukushima University, Kanayagawa, Fukushima, 960-1248","p.chaboche@protonmail.com"
"Institute of Environmental Radioactivity Fukushima University, Kanayagawa, Fukushima, 960-1261","p.chaboche@protonmail.com"
"Institute of Environmental Radioactivity Fukushima University, Kanayagawa, Fukushima, 960-1251","p.chaboche@protonmail.com"
"CAROTHEQUE UNIVERSITE DE BORDEAUX UMR EPOC","PACS EPOC"
"CAROTHEQUE UNIVERSITE DE BORDEAUX UMR EPOC","PACS EPOC frederic.eynaud@u-bordeaux.fr"
"CAROTHEQUE UNIVERSITE DE BORDEAUX UMR EPOC","PACS EPOC frederique.eynaud@u-bordeaux.fr"
"CAROTHEQUE UNIVERSITE DE BORDEAUX UMR EPOC","PACS EPOC jean-luc.schneider@u-bordeaux.fr"
"CAROTHEQUE UNIVERSITE DE BORDEAUX UMR EPOC","PACS EPOC null"
"CAROTHEQUE UNIVERSITE DE BORDEAUX UMR EPOC","PACS EPOC sebastien.zaragosi@u-bordeaux.fr"
"CAROTHEQUE UNIVERSITE DE BORDEAUX UMR EPOC","PACS EPOC x.crosta@epoc.u-bordeaux1.fr"
NULL,"Paduan_Jenny"
"University of California, Davis","palafox@ucdavis.edu"
"Institute of Marine Sciences, Bologna, Italy","Paolo Montagna (paolo.montagna@bo.ismar.cnr.it)"
"LDEO","Patricia Malone"
"UC Irvine","Patrick Rafter"
"University of California Irvine","Patrick Rafter"
"Geological Survey of Canada","patrick.mercier-langevin@nrcan-rncan.gc.ca"
"Colorado School of Mines","patricksullivan@mines.edu"
NULL,"pattnich@isu.edu"
"Alaska Volcano Observatory, ADGGS, USGS, UAF/GI, Fairbanks, Alaska, 99775-5780, USA","Paul  McCarthy"
"U.S. Geological Survey (USGS)","Paul Stone"
"Geotrack International","paul.green@geotrack.com.au"
"Birbal Sahni Institute of Palaeosciences","Pawan Govil"
"University of Vermont; Burlington, VT","pbierman@uvm.edu"
"Scripps Institution of Oceanography","pcastillo@ucsd.edu"
"Gulf Coast Repository, College Station, TX","penkrot@iodp.tamu.edu"
"EDYTEM UMR5204 (ISNI:0000 0001 2109 3638)","PERGA ME (ORCID:0000-0002-9003-0769)"
"Laboratory for Paleoenvironmental Reconstruction, Faculty of Sciences, University of Novi Sad, Serbia","petarkrsm@gmail.com"
"LDEO","Peter demenocal"
"LDEO","Peter deMenocal"
"Lamont-Doherty Earth Observatory (LDEO)","Peter deMenocal"
"Utah Core Research Center","Peter Nielsen"
"Collin College","Peter Thompson"
"University of Jena (FSU)","peter.frenzel @uni-jena.de"
"Peter deMenocal","peter@ldeo.columbia.edu"
"American Museum of Natural History","Petrology Collections Manager"
NULL,"Petronela Sevčíková"
"Georgia Institute of Technology","pgrothe@umw.edu"
"Georgia Institute of Technology","pgrothej@umw.edu"
"Georgia State University","phidalgo@gsu.edu"
"Department of Earth and Environmental Science, New Mexico Institute of Mining and Technology, Socorro, NM 87801, USA","Philip R. Kyle"
"Laboratoire de Géologie de Lyon - Terre, Planètes et Environment","philippe-herve.leloup@univ-lyon1.fr"
"Laboratoire de Géologie de Lyon - Terre, Planète et Environnement","philippe-herve.leloup@univ-lyon1.fr"
"Laboratoire de Géologie de Lyon - Terre, Planètes et Environnement","philippe-herve.leloup@univ-lyon1.fr"
"Lithotèque Laboratoire de Géologie de Lyon","philippe-herve.leloup@univ-lyon1.fr"
"CAROTHEQUE UNIVERSITE DE BORDEAUX UMR EPOC","Philippe Bertrand philippe.martinez@u-bordeaux.fr"
"CAROTHEQUE UNIVERSITE DE BORDEAUX UMR EPOC","Philippe MARTINEZ philippe.martinez@u-bordeaux.fr"
"Bureau of Economic Geology Austin Core Research Center","Physical: Bureau of Economic Geology, The University of Texas at Austin, 10100 Burnet Rd., Bldg 131, Austin, TX 78758-4445
Email: nathan.ivicic@beg.utexas.edu; brandon.williamson@beg.utexas.edu"
"Bureau of Economic Geology Midland Core Research Center","Physical: Midland Core Research Center, 5310A East Business I-20, Midland, TX 79706
Email: nathan.ivicic@beg.utexas.edu; brandon.williamson@beg.utexas.edu"
"Environnements, DYnamiques et TErritoires de la Montagne (EDYTEM)","Pierre Sabatier (ORCID:0000-0002-9620-1514) curateur-edytem@univ-smb.fr"
"Yale","Pincelli Hull"
"University of Arizona","pkapp@arizona.edu"
"University of Colorado at Boulder (CU Boulder)","pkpatkel@gmail.com"
"USGS","plillis@usgs.gov"
"Institute of Earth Sciences, Heidelberg University, Heidelberg, Germany","polina.vakhrameeva@geow.uni-heidelberg.de"
NULL,"portiaclaudius16@gmail.com"
"Curtin University; Bentley Campus; Perth Western Australia","portiaclaudius16@gmail.com"
NULL,"Potter"
"Environnements, DYnamiques et TErritoires de la Montagne (EDYTEM)","Poulenard J (ORCID:0000-0003-0810-0308) curateur-edytem@univ-smb.fr"
"LDEO","Pratigya Polissar"
"Lamont-Doherty Earth Observatory (LDEO)","Pratigya Polissar"
"Lamont-Doherty Earth Observatory>Organic Geochemistry Laboratory","Pratigya Polissar, 61 Route 9W, Palisades, NY 10964, polissar@ldeo.columbia.edu"
"LDEO","Prattigya Polissar"
"Institute of Geology and Mineralogy, Universtiy of Cologne, Germany and IODP Bremen Core Repository, MARUM - University of Bremen Germany","Prof. Dr. Bernd Wagner, wagnerb@uni-koeln.de"
"China University of Geoscience","Prof. Dr. Shaoyong Jiang"
"University of Bergen, Norway","Prof. Nele Meckler, Nele.Meckler@uib.no"
"School of Natural Sciences Rock Store, Building Y3B, Macquarie University, NSW 2109, Australia","Professor Stephen Foley: Stephen.Foley@mq.edu.au"
"DGSE, University of Nevada, Reno","pruprecht@unr.edu"
"University of Nevada-Reno","pruprecht@unr.edu"
"University of Nevada, Reno","pruprecht@unr.edu"
"United States Geological Survey, 3125 Marine Street, Boulder, Colorado 80303","pschuste@usgs.gov"
"WUSTL: St Louis","pskemer@wustl.edu"
"WUSTL: St Louis, MO","pskemer@wustl.edu"
"Argonne National Lab","pweisenhorn@anl.gov"
"Rice University (Rice)","R. Minzoni"
NULL,"R. Valls (rvalls@alicantomining.com)"
"Minnesota Geological Survey","rada0042@d.umn.edu"
"Department of Earth and Environmental Sciences, University of Minnesota-Twin Cities","raia0003@umn.edu"
"William Rose","raman@mtu.edu"
"GeoRessources","raymond.michels@univ-lorraine.fr"
"University of Michigan","Rebecca Lange (becky@umich.edu)"
NULL,"refpgm.rgk@dainst.de"
"Referat für Prospektions- und Grabungsmethodik; Römisch-Germanische Kommission des Deutschen Archäologischen Instituts; D-02894 Melaune (outside depot)","refpgm.rgk@dainst.de"
"LIMESEUM Römerpark Ruffenhofen; D-91749 Wittelshofen","refpgm.rgk@dainst.de"
"Referat für Prospektions- und Grabungsmethodik; Römisch-Germanische Kommission des Deutschen Archäologischen Instituts; D-60325 Frankfurt am Main","refpgm.rgk@dainst.de"
"Geographisches Institut - Department für Geowissenschaften; Universität zu Köln; D-50931 Köln","refpgm.rgk@dainst.de"
"GEOMAR, Kiel, Germany","Reinhard Werner"
"INRS Eau Terre Environnement Research Centre","renaud.soucy_la_roche@inrs.ca"
"University of Vienna, Josef-Holaubek-Platz-2, 1090 Vienna, Austria","rene.asenbaum@univie.ac.at"
NULL,"Renggli, Christian"
"Oregon State Univeristy Marine and Geology Repository (OSU-MGR)","requests@osu-mgr.org"
"Oregon State Core Repository","requests@osu-mgr.org"
NULL,"rexbunn2015@gmail.com"
"Whakarewarewa","rexbunn2015@gmail.com"
"PAWTL2 Project","rexbunn2015@gmail.com"
"EDYTEM UMR5204 (ISNI:0000 0001 2109 3638)","REY Pierre Jerome curateur-edytem@univ-savoie.fr"
"Geosciences and Environmental Change Science Center, U.S. Geological Survey, Denver, CO","rfrazer@usgs.gov"
"Departamento de Mineralogia e Geotectônica, Instituto de Geociências, Universidade de São Paulo","rgazzone@usp.br"
"Australian National University","Richard Arculus, Richard.Arculus@anu.edu.au"
"Australian National University","Richard Arculus; Richard.Arculus@anu.edu.au"
"Department of Terrestrial Magnetism, Carnegie Institution of Washington","Richard Carlson"
"DTM","Richard Carlson"
"School of Geography and Sustainable Development, University of St Andrews","Richard Streeter, rts3@st-andrews.ac.uk"
"U.S. Geological Survey (USGS)","Richard Tosdal"
NULL,"richard.h.styron@gmail.com"
"Rutgers U.","Rick Mortlock"
"U TX Dallas","rjstern@utdallas.edu"
"Lamont-Doherty Earth Observatory","rms@ldeo.columbia.edu"
NULL,"rms@ldeo.columbia.edu"
"Lamont Doherty Earth Observatory","rms@ldeo.columbia.edu"
"Lamont Doherty Earth Observatory; Palisades, NY","rms@ldeo.columbia.edu"
"Lamont Doherty Earth Observatory","rms2213@columbia.edu"
"Lamont Doherty","rms2213@columbia.edu"
"University of Wollongong","rnorth.academic@gmail.com"
"Harvard University (Harvard)","Robert Ackert"
"Zartman - PhD collection (Caltech?)","Robert Zartman (retired)"
"Alaska Division of Geological & Geophysical Surveys","robert.gillis@alaska.gov"
"University of Maryland (UMD)","Roberta Rudnick"
NULL,"Roberta Rudnick"
NULL,"Rong Hu"
"Michigan State University Geoanalytical Laboratory","rooneyt@msu.edu"
"Michigan State University, Earth and Environmental Sciences Department","rooneyt@msu.edu"
"Michigan State Univeristy","rooneyt@msu.edu"
"UNevada-Reno","rowec@unr.edu"
"Universidad de Salamanca","Ruben Diez Fernandez"
"Gulf Coast Repository (GCR)","rumford@iodp.tamu.edu"
"Lamont-Doherty Earth Observatory (LDEO)","ruprecht@ldeo.columbia.edu"
"LDEO","ruprecht@ldeo.columbia.edu"
"Georgia State University Geosciences Department","russ.kirn@gmail.com"
"Boise State University","russdifiori@gmail.com"
"University of Wyoming, Laramie, WY","Russell Callahan"
"Idaho Geological Survey","russelld@uidaho.edu"
"Kentucky Geological Survey - Earth Analysis Research Library","Ryan Pinkston"
"Kentuxky Geological Survey - Earth Analysis Research Library","Ryan Pinkston - ryan.pinkston@uky.edu"
"KGS - Earth Analysis Research Library","Ryan Pinkston (rlpink0@uky.edu)"
"Kentucky Geologic Survey","Ryan Pinkston (rlpink0@uky.edu)"
"Kentucky Geological Survey - Earth Analysis Research Library","Ryan Pinkston (rlpink0@uky.edu)"
" Kentucky Geological Survey Earth Analysis Research Library","Ryan Pinkston (rlpink0@uky.edu)"
"Kentucky Geological Survey","Ryan Pinkston (rlpink0@uky.edu)"
"KGS-Earth Analysis Research Library","Ryan Pinkston (ryan.pinkston@uky.edu"
"Kentucky Geological Survey - Earth Analysis Research Library","Ryan Pinkston (ryan.pinkston@uky.edu"
"Kentucky Geological Survey - Earth Analysis Research Library","Ryan Pinkston (ryan.pinkston@uky.edu)"
"Kentucky Geological Survey Earth Analysis Research Library","Ryan Pinkston (ryan.pinkston@uky.edu)"
"Kentucky Geological Survey","Ryan Pinkston (ryan.pinkston@uky.edu)"
"Kentucky Geological Survey - Earth Analysis Research Library","ryan.pinkston@uky.edu"
"Georg-August-Universität-Göttingen","S. Sengupta"
"Office 242, Batiment 8B, USMB, Savoie","s.roy.unistra@gmail.com"
"EDYTEM UMR5204 (ISNI:0000 0001 2109 3638)","SABATIER P (ORCID:0000-0002-9620-1514)"
"EDYTEM UMR5204 (ISNI:0000 0001 2109 3638)","SABATIER P (ORCID:0000-0002-9620-1514) curateur-edytem@univ-savoie.fr"
"Environnements, DYnamiques et TErritoires de la Montagne (EDYTEM)","SABATIER P (ORCID:0000-0002-9620-1514) curateur-edytem@univ-smb.fr"
"School of Earth and Environment, University of Canterbury","sacha.baldwin@canterbury.ac.nz"
"American Museum of Natural History","Saebyul Choe"
"University of Iceland Geochemistry and Petrology Group Storage","Saemundur Halldorsson (saemiah@hi.is), Eniko Bali, Simon Matthews, Olgeir Sigmarsson, Gudmundur Gudfinnsson"
"Geochemistry and Petrology Group Storage, University of Iceland, Askja, Sturlugata 7, 101 Reykjavik, Iceland","Saemundur Halldorsson (saemiah@hi.is), Eniko Bali, Simon Matthews, Olgeir Sigmarsson, Gudmundur Gudfinnsson"
"San Diego State U.","Samantha Bova"
"British Geological Survey","Samantha Engwell"
NULL,"Samantha Grieger; samantha.grieger@pnnl.gov"
"U. Bern","Samuel Jaccard"
"Melbourne University Thermochronology Group","samuel.boone@unimelb.edu.au"
"University of Melbourne Thermochronology Group","samuel.boone@unimelb.edu.au"
"University of Melbourne Thermochronology","samuel.boone@unimelb.edu.au"
"Acadia University","Sandra Barr"
"Acadia University","sandra.barr@acadiau.ca"
"CAROTHEQUE UNIVERSITE DE BORDEAUX UMR EPOC","SARAGOSI Sébastien sebastien.zaragosi@u-bordeaux.fr"
"National Energy Technology Laboratory, 3610 Collins Ferry Road, B17, Morgantown, WV 26505","Sarah Brown"
"National Energy Technology Laboratory, 3610 Collins Ferry Road, B-17, Morgantown, WV 26537","Sarah Brown - Sarah.Brown@netl.doe.gov"
"National Energy Technology Laboratory, 3610 Collins Ferry Road, B-17, Morgantown, WV 26538","Sarah Brown - Sarah.Brown@netl.doe.gov"
"National Energy Technology Laboratory, 3610 Collins Ferry Road, B-17, Morgantown, WV 26546","Sarah Brown - Sarah.Brown@netl.doe.gov"
"National Energy Technology Laboratory, 3610 Collins Ferry Road, B-17, Morgantown, WV 26539","Sarah Brown - Sarah.Brown@netl.doe.gov"
"National Energy Technology Laboratory, 3610 Collins Ferry Road, B-17, Morgantown, WV 26540","Sarah Brown - Sarah.Brown@netl.doe.gov"
"National Energy Technology Laboratory, 3610 Collins Ferry Road, B-17, Morgantown, WV 26541","Sarah Brown - Sarah.Brown@netl.doe.gov"
"National Energy Technology Laboratory, 3610 Collins Ferry Road, B-17, Morgantown, WV 26545","Sarah Brown - Sarah.Brown@netl.doe.gov"
"National Energy Technology Laboratory, 3610 Collins Ferry Road, B-17, Morgantown, WV 26558","Sarah Brown - Sarah.Brown@netl.doe.gov"
"National Energy Technology Laboratory, 3610 Collins Ferry Road, B-17, Morgantown, WV 26542","Sarah Brown - Sarah.Brown@netl.doe.gov"
"National Energy Technology Laboratory, 3610 Collins Ferry Road, B-17, Morgantown, WV 26543","Sarah Brown - Sarah.Brown@netl.doe.gov"
"National Energy Technology Laboratory, 3610 Collins Ferry Road, B-17, Morgantown, WV 26561","Sarah Brown - Sarah.Brown@netl.doe.gov"
"National Energy Technology Laboratory, 3610 Collins Ferry Road, B-17, Morgantown, WV 26544","Sarah Brown - Sarah.Brown@netl.doe.gov"
"National Energy Technology Laboratory, 3610 Collins Ferry Road, B-17, Morgantown, WV 26572","Sarah Brown - Sarah.Brown@netl.doe.gov"
"National Energy Technology Laboratory, 3610 Collins Ferry Road, B-17, Morgantown, WV 26571","Sarah Brown - Sarah.Brown@netl.doe.gov"
"National Energy Technology Laboratory, 3610 Collins Ferry Road, B-17, Morgantown, WV 26553","Sarah Brown - Sarah.Brown@netl.doe.gov"
"National Energy Technology Laboratory, 3610 Collins Ferry Road, B-17, Morgantown, WV 26552","Sarah Brown - Sarah.Brown@netl.doe.gov"
"National Energy Technology Laboratory, 3610 Collins Ferry Road, B-17, Morgantown, WV 26570","Sarah Brown - Sarah.Brown@netl.doe.gov"
"National Energy Technology Laboratory, 3610 Collins Ferry Road, B-17, Morgantown, WV 26569","Sarah Brown - Sarah.Brown@netl.doe.gov"
"National Energy Technology Laboratory, 3610 Collins Ferry Road, B-17, Morgantown, WV 26568","Sarah Brown - Sarah.Brown@netl.doe.gov"
"National Energy Technology Laboratory, 3610 Collins Ferry Road, B-17, Morgantown, WV 26567","Sarah Brown - Sarah.Brown@netl.doe.gov"
"National Energy Technology Laboratory, 3610 Collins Ferry Road, B-17, Morgantown, WV 26557","Sarah Brown - Sarah.Brown@netl.doe.gov"
"National Energy Technology Laboratory, 3610 Collins Ferry Road, B-17, Morgantown, WV 26560","Sarah Brown - Sarah.Brown@netl.doe.gov"
"National Energy Technology Laboratory, 3610 Collins Ferry Road, B-17, Morgantown, WV 26556","Sarah Brown - Sarah.Brown@netl.doe.gov"
"National Energy Technology Laboratory, 3610 Collins Ferry Road, B-17, Morgantown, WV 26555","Sarah Brown - Sarah.Brown@netl.doe.gov"
"National Energy Technology Laboratory, 3610 Collins Ferry Road, B-17, Morgantown, WV 26554","Sarah Brown - Sarah.Brown@netl.doe.gov"
"National Energy Technology Laboratory, 3610 Collins Ferry Road, B-17, Morgantown, WV 26551","Sarah Brown - Sarah.Brown@netl.doe.gov"
"National Energy Technology Laboratory, 3610 Collins Ferry Road, B-17, Morgantown, WV 26559","Sarah Brown - Sarah.Brown@netl.doe.gov"
"National Energy Technology Laboratory, 3610 Collins Ferry Road, B-17, Morgantown, WV 26507","Sarah Brown - Sarah.Brown@netl.doe.gov"
"National Energy Technology Laboratory, 3610 Collins Ferry Road, B-17, Morgantown, WV 26508","Sarah Brown - Sarah.Brown@netl.doe.gov"
"National Energy Technology Laboratory, 3610 Collins Ferry Road, B-17, Morgantown, WV 26550","Sarah Brown - Sarah.Brown@netl.doe.gov"
"National Energy Technology Laboratory, 3610 Collins Ferry Road, B-17, Morgantown, WV 26549","Sarah Brown - Sarah.Brown@netl.doe.gov"
"National Energy Technology Laboratory, 3610 Collins Ferry Road, B-17, Morgantown, WV 26509","Sarah Brown - Sarah.Brown@netl.doe.gov"
"National Energy Technology Laboratory, 3610 Collins Ferry Road, B-17, Morgantown, WV 26548","Sarah Brown - Sarah.Brown@netl.doe.gov"
"National Energy Technology Laboratory, 3610 Collins Ferry Road, B-17, Morgantown, WV 26574","Sarah Brown - Sarah.Brown@netl.doe.gov"
"National Energy Technology Laboratory, 3610 Collins Ferry Road, B-17, Morgantown, WV 26510","Sarah Brown - Sarah.Brown@netl.doe.gov"
"National Energy Technology Laboratory, 3610 Collins Ferry Road, B-17, Morgantown, WV 26511","Sarah Brown - Sarah.Brown@netl.doe.gov"
"National Energy Technology Laboratory, 3610 Collins Ferry Road, B-17, Morgantown, WV 26512","Sarah Brown - Sarah.Brown@netl.doe.gov"
"National Energy Technology Laboratory, 3610 Collins Ferry Road, B-17, Morgantown, WV 26513","Sarah Brown - Sarah.Brown@netl.doe.gov"
"National Energy Technology Laboratory, 3610 Collins Ferry Road, B-17, Morgantown, WV 26566","Sarah Brown - Sarah.Brown@netl.doe.gov"
"National Energy Technology Laboratory, 3610 Collins Ferry Road, B-17, Morgantown, WV 26514","Sarah Brown - Sarah.Brown@netl.doe.gov"
"National Energy Technology Laboratory, 3610 Collins Ferry Road, B-17, Morgantown, WV 26515","Sarah Brown - Sarah.Brown@netl.doe.gov"
"National Energy Technology Laboratory, 3610 Collins Ferry Road, B-17, Morgantown, WV 26516","Sarah Brown - Sarah.Brown@netl.doe.gov"
"National Energy Technology Laboratory, 3610 Collins Ferry Road, B-17, Morgantown, WV 26517","Sarah Brown - Sarah.Brown@netl.doe.gov"
"National Energy Technology Laboratory, 3610 Collins Ferry Road, B-17, Morgantown, WV 26518","Sarah Brown - Sarah.Brown@netl.doe.gov"
"National Energy Technology Laboratory, 3610 Collins Ferry Road, B-17, Morgantown, WV 26519","Sarah Brown - Sarah.Brown@netl.doe.gov"
"National Energy Technology Laboratory, 3610 Collins Ferry Road, B-17, Morgantown, WV 26520","Sarah Brown - Sarah.Brown@netl.doe.gov"
"National Energy Technology Laboratory, 3610 Collins Ferry Road, B-17, Morgantown, WV 26547","Sarah Brown - Sarah.Brown@netl.doe.gov"
"National Energy Technology Laboratory, 3610 Collins Ferry Road, B-17, Morgantown, WV 26565","Sarah Brown - Sarah.Brown@netl.doe.gov"
"National Energy Technology Laboratory, 3610 Collins Ferry Road, B-17, Morgantown, WV 26521","Sarah Brown - Sarah.Brown@netl.doe.gov"
"National Energy Technology Laboratory, 3610 Collins Ferry Road, B-17, Morgantown, WV 26522","Sarah Brown - Sarah.Brown@netl.doe.gov"
"National Energy Technology Laboratory, 3610 Collins Ferry Road, B-17, Morgantown, WV 26564","Sarah Brown - Sarah.Brown@netl.doe.gov"
"National Energy Technology Laboratory, 3610 Collins Ferry Road, B-17, Morgantown, WV 26523","Sarah Brown - Sarah.Brown@netl.doe.gov"
"National Energy Technology Laboratory, 3610 Collins Ferry Road, B-17, Morgantown, WV 26524","Sarah Brown - Sarah.Brown@netl.doe.gov"
"National Energy Technology Laboratory, 3610 Collins Ferry Road, B-17, Morgantown, WV 26563","Sarah Brown - Sarah.Brown@netl.doe.gov"
"National Energy Technology Laboratory, 3610 Collins Ferry Road, B-17, Morgantown, WV 26525","Sarah Brown - Sarah.Brown@netl.doe.gov"
"National Energy Technology Laboratory, 3610 Collins Ferry Road, B-17, Morgantown, WV 26562","Sarah Brown - Sarah.Brown@netl.doe.gov"
"National Energy Technology Laboratory, 3610 Collins Ferry Road, B-17, Morgantown, WV 26526","Sarah Brown - Sarah.Brown@netl.doe.gov"
"National Energy Technology Laboratory, 3610 Collins Ferry Road, B-17, Morgantown, WV 26527","Sarah Brown - Sarah.Brown@netl.doe.gov"
"National Energy Technology Laboratory, 3610 Collins Ferry Road, B-17, Morgantown, WV 26528","Sarah Brown - Sarah.Brown@netl.doe.gov"
"National Energy Technology Laboratory, 3610 Collins Ferry Road, B-17, Morgantown, WV 26529","Sarah Brown - Sarah.Brown@netl.doe.gov"
"National Energy Technology Laboratory, 3610 Collins Ferry Road, B-17, Morgantown, WV 26573","Sarah Brown - Sarah.Brown@netl.doe.gov"
"National Energy Technology Laboratory, 3610 Collins Ferry Road, B-17, Morgantown, WV 26530","Sarah Brown - Sarah.Brown@netl.doe.gov"
"National Energy Technology Laboratory, 3610 Collins Ferry Road, B-17, Morgantown, WV 26531","Sarah Brown - Sarah.Brown@netl.doe.gov"
"National Energy Technology Laboratory, 3610 Collins Ferry Road, B-17, Morgantown, WV 26532","Sarah Brown - Sarah.Brown@netl.doe.gov"
"National Energy Technology Laboratory, 3610 Collins Ferry Road, B-17, Morgantown, WV 26533","Sarah Brown - Sarah.Brown@netl.doe.gov"
"National Energy Technology Laboratory, 3610 Collins Ferry Road, B-17, Morgantown, WV 26534","Sarah Brown - Sarah.Brown@netl.doe.gov"
"National Energy Technology Laboratory, 3610 Collins Ferry Road, B-17, Morgantown, WV 26535","Sarah Brown - Sarah.Brown@netl.doe.gov"
"National Energy Technology Laboratory, 3610 Collins Ferry Road, B-17, Morgantown, WV 26536","Sarah Brown - Sarah.Brown@netl.doe.gov"
"National Energy Technology Laboratory, 3610 Collins Ferry Road, B17, Morgantown, WV 26545","Sarah Brown Sarah.Brown@netl.doe.gov"
"National Energy Technology Laboratory, 3610 Collins Ferry Road, B17, Morgantown, WV 26507","Sarah Brown Sarah.Brown@netl.doe.gov"
"National Energy Technology Laboratory, 3610 Collins Ferry Road, B17, Morgantown, WV 26508","Sarah Brown Sarah.Brown@netl.doe.gov"
"National Energy Technology Laboratory, 3610 Collins Ferry Road, B17, Morgantown, WV 26509","Sarah Brown Sarah.Brown@netl.doe.gov"
"National Energy Technology Laboratory, 3610 Collins Ferry Road, B17, Morgantown, WV 26510","Sarah Brown Sarah.Brown@netl.doe.gov"
"National Energy Technology Laboratory, 3610 Collins Ferry Road, B17, Morgantown, WV 26511","Sarah Brown Sarah.Brown@netl.doe.gov"
"National Energy Technology Laboratory, 3610 Collins Ferry Road, B17, Morgantown, WV 26512","Sarah Brown Sarah.Brown@netl.doe.gov"
"National Energy Technology Laboratory, 3610 Collins Ferry Road, B17, Morgantown, WV 26513","Sarah Brown Sarah.Brown@netl.doe.gov"
"National Energy Technology Laboratory, 3610 Collins Ferry Road, B17, Morgantown, WV 26514","Sarah Brown Sarah.Brown@netl.doe.gov"
"National Energy Technology Laboratory, 3610 Collins Ferry Road, B17, Morgantown, WV 26515","Sarah Brown Sarah.Brown@netl.doe.gov"
"National Energy Technology Laboratory, 3610 Collins Ferry Road, B17, Morgantown, WV 26516","Sarah Brown Sarah.Brown@netl.doe.gov"
"National Energy Technology Laboratory, 3610 Collins Ferry Road, B17, Morgantown, WV 26517","Sarah Brown Sarah.Brown@netl.doe.gov"
"National Energy Technology Laboratory, 3610 Collins Ferry Road, B17, Morgantown, WV 26518","Sarah Brown Sarah.Brown@netl.doe.gov"
"National Energy Technology Laboratory, 3610 Collins Ferry Road, B17, Morgantown, WV 26519","Sarah Brown Sarah.Brown@netl.doe.gov"
"National Energy Technology Laboratory, 3610 Collins Ferry Road, B17, Morgantown, WV 26520","Sarah Brown Sarah.Brown@netl.doe.gov"
"National Energy Technology Laboratory, 3610 Collins Ferry Road, B17, Morgantown, WV 26521","Sarah Brown Sarah.Brown@netl.doe.gov"
"National Energy Technology Laboratory, 3610 Collins Ferry Road, B17, Morgantown, WV 26522","Sarah Brown Sarah.Brown@netl.doe.gov"
"National Energy Technology Laboratory, 3610 Collins Ferry Road, B17, Morgantown, WV 26523","Sarah Brown Sarah.Brown@netl.doe.gov"
"National Energy Technology Laboratory, 3610 Collins Ferry Road, B17, Morgantown, WV 26524","Sarah Brown Sarah.Brown@netl.doe.gov"
"National Energy Technology Laboratory, 3610 Collins Ferry Road, B17, Morgantown, WV 26525","Sarah Brown Sarah.Brown@netl.doe.gov"
"National Energy Technology Laboratory, 3610 Collins Ferry Road, B17, Morgantown, WV 26526","Sarah Brown Sarah.Brown@netl.doe.gov"
"National Energy Technology Laboratory, 3610 Collins Ferry Road, B17, Morgantown, WV 26527","Sarah Brown Sarah.Brown@netl.doe.gov"
"National Energy Technology Laboratory, 3610 Collins Ferry Road, B17, Morgantown, WV 26528","Sarah Brown Sarah.Brown@netl.doe.gov"
"National Energy Technology Laboratory, 3610 Collins Ferry Road, B17, Morgantown, WV 26529","Sarah Brown Sarah.Brown@netl.doe.gov"
"National Energy Technology Laboratory, 3610 Collins Ferry Road, B17, Morgantown, WV 26530","Sarah Brown Sarah.Brown@netl.doe.gov"
"National Energy Technology Laboratory, 3610 Collins Ferry Road, B17, Morgantown, WV 26531","Sarah Brown Sarah.Brown@netl.doe.gov"
"National Energy Technology Laboratory, 3610 Collins Ferry Road, B17, Morgantown, WV 26532","Sarah Brown Sarah.Brown@netl.doe.gov"
"National Energy Technology Laboratory, 3610 Collins Ferry Road, B17, Morgantown, WV 26533","Sarah Brown Sarah.Brown@netl.doe.gov"
"National Energy Technology Laboratory, 3610 Collins Ferry Road, B17, Morgantown, WV 26534","Sarah Brown Sarah.Brown@netl.doe.gov"
"National Energy Technology Laboratory, 3610 Collins Ferry Road, B17, Morgantown, WV 26570","Sarah Brown Sarah.Brown@netl.doe.gov"
"National Energy Technology Laboratory, 3610 Collins Ferry Road, B17, Morgantown, WV 26569","Sarah Brown Sarah.Brown@netl.doe.gov"
"National Energy Technology Laboratory, 3610 Collins Ferry Road, B17, Morgantown, WV 26568","Sarah Brown Sarah.Brown@netl.doe.gov"
"National Energy Technology Laboratory, 3610 Collins Ferry Road, B17, Morgantown, WV 26567","Sarah Brown Sarah.Brown@netl.doe.gov"
"National Energy Technology Laboratory, 3610 Collins Ferry Road, B17, Morgantown, WV 26566","Sarah Brown Sarah.Brown@netl.doe.gov"
"National Energy Technology Laboratory, 3610 Collins Ferry Road, B17, Morgantown, WV 26565","Sarah Brown Sarah.Brown@netl.doe.gov"
"National Energy Technology Laboratory, 3610 Collins Ferry Road, B17, Morgantown, WV 26564","Sarah Brown Sarah.Brown@netl.doe.gov"
"National Energy Technology Laboratory, 3610 Collins Ferry Road, B17, Morgantown, WV 26563","Sarah Brown Sarah.Brown@netl.doe.gov"
"National Energy Technology Laboratory, 3610 Collins Ferry Road, B17, Morgantown, WV 26562","Sarah Brown Sarah.Brown@netl.doe.gov"
"National Energy Technology Laboratory, 3610 Collins Ferry Road, B17, Morgantown, WV 26561","Sarah Brown Sarah.Brown@netl.doe.gov"
"National Energy Technology Laboratory, 3610 Collins Ferry Road, B17, Morgantown, WV 26560","Sarah Brown Sarah.Brown@netl.doe.gov"
"National Energy Technology Laboratory, 3610 Collins Ferry Road, B17, Morgantown, WV 26559","Sarah Brown Sarah.Brown@netl.doe.gov"
"National Energy Technology Laboratory, 3610 Collins Ferry Road, B17, Morgantown, WV 26558","Sarah Brown Sarah.Brown@netl.doe.gov"
"National Energy Technology Laboratory, 3610 Collins Ferry Road, B17, Morgantown, WV 26557","Sarah Brown Sarah.Brown@netl.doe.gov"
"National Energy Technology Laboratory, 3610 Collins Ferry Road, B17, Morgantown, WV 26556","Sarah Brown Sarah.Brown@netl.doe.gov"
"National Energy Technology Laboratory, 3610 Collins Ferry Road, B17, Morgantown, WV 26555","Sarah Brown Sarah.Brown@netl.doe.gov"
"National Energy Technology Laboratory, 3610 Collins Ferry Road, B17, Morgantown, WV 26554","Sarah Brown Sarah.Brown@netl.doe.gov"
"National Energy Technology Laboratory, 3610 Collins Ferry Road, B17, Morgantown, WV 26553","Sarah Brown Sarah.Brown@netl.doe.gov"
"National Energy Technology Laboratory, 3610 Collins Ferry Road, B17, Morgantown, WV 26552","Sarah Brown Sarah.Brown@netl.doe.gov"
"National Energy Technology Laboratory, 3610 Collins Ferry Road, B17, Morgantown, WV 26551","Sarah Brown Sarah.Brown@netl.doe.gov"
"National Energy Technology Laboratory, 3610 Collins Ferry Road, B17, Morgantown, WV 26541","Sarah Brown Sarah.Brown@netl.doe.gov"
"National Energy Technology Laboratory, 3610 Collins Ferry Road, B17, Morgantown, WV 26542","Sarah Brown Sarah.Brown@netl.doe.gov"
"National Energy Technology Laboratory, 3610 Collins Ferry Road, B17, Morgantown, WV 26543","Sarah Brown Sarah.Brown@netl.doe.gov"
"National Energy Technology Laboratory, 3610 Collins Ferry Road, B17, Morgantown, WV 26550","Sarah Brown Sarah.Brown@netl.doe.gov"
"National Energy Technology Laboratory, 3610 Collins Ferry Road, B17, Morgantown, WV 26549","Sarah Brown Sarah.Brown@netl.doe.gov"
"National Energy Technology Laboratory, 3610 Collins Ferry Road, B17, Morgantown, WV 26548","Sarah Brown Sarah.Brown@netl.doe.gov"
"National Energy Technology Laboratory, 3610 Collins Ferry Road, B17, Morgantown, WV 26547","Sarah Brown Sarah.Brown@netl.doe.gov"
"National Energy Technology Laboratory, 3610 Collins Ferry Road, B17, Morgantown, WV 26546","Sarah Brown Sarah.Brown@netl.doe.gov"
"National Energy Technology Laboratory, 3610 Collins Ferry Road, B17, Morgantown, WV 26544","Sarah Brown Sarah.Brown@netl.doe.gov"
"National Energy Technology Laboratory, 3610 Collins Ferry Road, B17, Morgantown, WV 26535","Sarah Brown Sarah.Brown@netl.doe.gov"
"National Energy Technology Laboratory, 3610 Collins Ferry Road, B17, Morgantown, WV 26536","Sarah Brown Sarah.Brown@netl.doe.gov"
"National Energy Technology Laboratory, 3610 Collins Ferry Road, B17, Morgantown, WV 26537","Sarah Brown Sarah.Brown@netl.doe.gov"
"National Energy Technology Laboratory, 3610 Collins Ferry Road, B17, Morgantown, WV 26538","Sarah Brown Sarah.Brown@netl.doe.gov"
"National Energy Technology Laboratory, 3610 Collins Ferry Road, B17, Morgantown, WV 26539","Sarah Brown Sarah.Brown@netl.doe.gov"
"National Energy Technology Laboratory, 3610 Collins Ferry Road, P.O. Box 880, B17, Morgantown, WV, 26507","Sarah Brown Sarah.Brown@netl.doe.gov"
"National Energy Technology Laboratory, 3610 Collins Ferry Road, B17, Morgantown, WV 26580","Sarah Brown Sarah.Brown@netl.doe.gov"
"National Energy Technology Laboratory, 3610 Collins Ferry Road, B17, Morgantown, WV 26540","Sarah Brown Sarah.Brown@netl.doe.gov"
"National Energy Technology Laboratory, 3610 Collins Ferry Road, B17, Morgantown, WV 26579","Sarah Brown Sarah.Brown@netl.doe.gov"
"National Energy Technology Laboratory, 3610 Collins Ferry Road, B17, Morgantown, WV 26578","Sarah Brown Sarah.Brown@netl.doe.gov"
"National Energy Technology Laboratory, 3610 Collins Ferry Road, B17, Morgantown, WV 26577","Sarah Brown Sarah.Brown@netl.doe.gov"
"National Energy Technology Laboratory, 3610 Collins Ferry Road, B17, Morgantown, WV 26576","Sarah Brown Sarah.Brown@netl.doe.gov"
"National Energy Technology Laboratory, 3610 Collins Ferry Road, B17, Morgantown, WV 26575","Sarah Brown Sarah.Brown@netl.doe.gov"
"National Energy Technology Laboratory, 3610 Collins Ferry Road, B17, Morgantown, WV 26574","Sarah Brown Sarah.Brown@netl.doe.gov"
"National Energy Technology Laboratory, 3610 Collins Ferry Road, B17, Morgantown, WV 26573","Sarah Brown Sarah.Brown@netl.doe.gov"
"National Energy Technology Laboratory, 3610 Collins Ferry Road, B17, Morgantown, WV 26572","Sarah Brown Sarah.Brown@netl.doe.gov"
"National Energy Technology Laboratory, 3610 Collins Ferry Road, B17, Morgantown, WV 26571","Sarah Brown Sarah.Brown@netl.doe.gov"
"National Energy Technology Laboratory, 3610 Collins Ferry Road, B17, Morgantown, WV 26505","Sarah Brown, Sarah.Brown@netl.doe.gov"
"West Virginia Geological and Economic Survey","Sarah Brown, sbrown@geosrv.wvnet.edu"
"UConn Avery Point","Sarah McCart"
"UCONN Avery Point—Department of Marine Sciences","Sarah McCart"
"Brown University","Sarah McGrath"
"University of California, Davis","Sarah Roeske"
"LDEO","Sascha Serno"
"Virginia Tech Dept. of Geosciences, Bemis sample storage","sbemis@vt.edu"
"Marine Geological Sample Laboratory","scarey@mail.uri.edu"
"University of Rhode Island, Marine Geological Samples Laboratory (MGSL)","scarey@mail.uri.edu"
"CAROTHEQUE UNIVERSITE DE BORDEAUX UMR EPOC","SCHNEIDER Jean-Luc"
"University of Georgia","schroe@uga.edu"
"Concord University tephra lab","sckuehn@concord.edu"
"Univeristy of North Carolina Wilmington","Scott Nooner"
"Seafloor Samples Laboratory, Woods Hole Oceanographic Institution; Woods Hole, MA","seafloorsampleslab@whoi.edu"
"Seafloor Samples Laboratory; Woods Hole Oceanographic Institution","seafloorsampleslab@whoi.edu"
"Western Washington University","Sean Mulcahy"
"Western Washington University Geology Department","Sean Mulcahy"
"WWU Geology Collection","Sean Mulcahy"
"Washington State University","sean.p.long@wsu.edu"
"CAROTHEQUE UNIVERSITE DE BORDEAUX UMR EPOC","Sébastien ZARAGOSI sebastien.zaragosi@u-bordeaux.fr"
"Ghent University (Ugent)","sebastien.bertrand@ugent.be"
"Ghent University, Renard Centre of Marine Geology","sebastien.bertrand@UGent.be"
"Ghent University","sebastien.bertrand@UGent.be"
"Ghent Univerisity","sebastien.bertrand@UGent.be"
"GEHCO, Tours, France","sebastien.salvador@univ-tours.fr"
"GEHCO, Tours,  France","sebastien.salvador@univ-tours.fr"
"Earth & Planetary Sciences Collections, Petrology section, University of New Mexico","selver@unm.edu"
"University of New Mexico; Albuquerque, NM","selver@unm.edu"
"John Senko/Shagun Sharma","senko@uakron.edu/shagun2260@gmail.com"
"University of Nevada, Las Vegas, NV, USA","shaima.maa88@gmail.com"
"Boise State University","shainacohen@boisestate.edu"
"Idaho State Uni.","shannonkobs@isu.edu"
"New Mexico Bureau of Geology","Shari A. Kelley"
"LDEO","Sharon Cooper"
"U. North Carolina Wilmington","Sharon Hoffman"
NULL,"Sharon Hoffman"
"University of North Carolina Wilmington","Sharon Hoffman"
"U. North Carolina - Wilmington","Sharon Hoffmann"
"University of North Carolina Wilmington","Sharon Hoffmann"
"University of Kansas","sharon.billings@ku.edu"
"University of South Florida","Shevenell"
"LDEO","Shilei Li"
"Yale","Shun-ichiro, Karato"
"Goteborg University","SHYAM MURTI GUPTA"
"LDEO","Sidney Hemming"
"Rutgers University","Silke Severmann"
"Unipa, Palermo","silvio.rotolo@unipa.it"
"University of Cambridge","simon.stephenson@earth.ox.ac.uk"
"British Geological Survey","Simont@bgs.ac.uk"
NULL,"Simpson, George Gaylord"
"University of Hawaii at Honolulu (UH Honolulu)","sinton@hawaii.edu"
"Salem Satate University; Salem, MA","smana@salemstate.edu"
"Lamont-Doherty Earth Observatory of Columbia University","smstraub@ldeo.columbia.edu"
"National Autonomous University of Mexico","smstraub@ldeo.columbia.edu"
"Centro de Geociencias, UNAM, Queretaro, Mexico","solari@unam.mx"
"LSCE, Gif-sur-Yvette, France","sophie.ayrault@lsce.ipsl.fr"
"Large Lakes Observatory","spano@berkeley.edu"
"University of Alaska Fairbanks","sregan5@alaska.edu"
"Carnegie Institution for Science, Department of Terrestrial Magnetism (DTM)","sshirey@carnegiescience.edu"
"Woods Hole Oceanographic Institution (WHOI)","ssoule@whoi.edu"
"Princeton University","Stacey Edmonsond"
"Mineralogy, Petrology, Tectonics, Dept of Earth Sciences, Uppsala University","Steffi Burchardt"
"Rutgers University, Dept. Marine and Coastal Sciences","Stella Woodard"
"Rutgers University","Stella Woodard"
"LDEO Ages Lab","Stephen Cox, cox@ldeo.columbia.edu"
NULL,"Stephen Eggins"
"Concord University","Stephen Kuehn"
"LPI","Stephen Mackwell"
"Lunar Planetary Institute --> Lamont-Doherty Earth Observatory","Stephen Mackwell --> Elizabeth Ferriss"
"Queens College","Stephen Pekar"
"Oxford","Stergios Zarkogiannis"
NULL,"Steve Barker"
"National Oceanographic Centre, Southampton, UK","Steve Bohaty"
"LDEO","Steve Goldstein"
"Geological Survey of Canada","steve.grasby@canada.ca"
"GSC-Calgary","steve.grasby@canada.ca"
"Solsten","steve.lewis@solstenxp.com"
"Lamont-Doherty Earth Observatory","steveg@ldeo.columbia.edu"
"LDEO","Steven Goldstein"
"The City College of New York, CUNY","Steven Kidder"
"Carnegie Institution for Science, Earth & Planets Laboratory","Steven Shirey"
"Carnegie Institution for Science, Department of Terrestrial Magnetism (DTM)","Steven Shirey"
"University of Adelaide","Stijn Glorie (stijn.glorie@adelaide.edu.au)"
"QUADLAB Roskilde University","storey@ruc.dk"
"Institute of Earth Sciences, Academia Sinica, Taipei 11529, Taiwan, Republic of China","sunyang11@earth.sinica.edu.tw"
"Department of Geosciences, Penn State University","Susan Brantley"
"Pennsylvania State University, Department of Geosciences","Susan Brantley"
"Pennsylvania State University, Department of Geosciences","Susan Brantley sxb7@psu.edu"
"Pennsylvania State University (PSU)","Susan L Brantley"
"Department of Geosciences, Penn State University","Susan L Brantley"
"Pennsylvania State University, Department of Geosciences","Susan L. Brantley"
NULL,"Susan L. Brantley"
"Pennsylvania State University (PSU)","Susan L. Brantley"
"Department of Geosciences, Penn State Unv","Susan L. Brantley"
"National Institute of Oceanography, India","Sushant Naik"
"National Institute of Oceanography, Dona Paula, Goa, India","Sushant Naik"
NULL,"Suzanne Picazo"
"Pennsylvania State University, Earth and Environmental Systems Institute (PSU-EESI)","sxb7@psu.edu"
"Pennsylvania State University (PSU)","sxb7@psu.edu"
"Pennsylvania State University, Department of Geosciences","sxb7@psu.edu"
"U. Lille","T. Sionneau"
"Amherst College","taharms@amherst.edu"
"Okayama University","Takashi Yoshino"
"University of Siena (UNISI)","Talarico, Franco"
"NOAA PMEL EOI Program","Tamara Baumberger"
"University of Kansas, Department of Geology","tbidgoli@kgs.ku.edu"
NULL,"Teasdale_Rachel"
"Cornell University Earth and Atmospheric Sciences","Teresa Jordan"
"Cornell University Earth & Atmospheric Sciences","Teresa Jordan"
"LDEO","Terry Plank"
"Lamont Doherty Earth Observatory (Parent samples)","Terry Plank"
"Lamont-Doherty Earth Observatory","Terry Plank (tplank@ldeo.columbia.edu)"
"Lamont-Doherty Earth Observatory (LDEO)","Terry Plank, LDEO, 61 Rte 9W, Palisades, NY 10960"
"Lamont-Doherty Earth Observatory (LDEO)","Terry Plank, ldeo.columbia.edu"
"Lamont-Doherty Earth Observatory","Terry Plank, tplank@LDEO.columbia.edu"
"MIT - Bowring Lab","terryb@ucsc.edu"
"Oregon State University","Theresa Fritz-Endres"
"EDYTEM UMR5204 (ISNI:0000 0001 2109 3638)","THEVENON F curateur-edytem@univ-savoie.fr"
"CAROTHEQUE EPOC UNIVERSITE DE BORDEAUX","Thierry Mulder t.mulder@epoc.u-bordeaux1.fr"
"CAROTHEQUE UNIVERSITE DE BORDEAUX UMR EPOC","Thierry Mulder t.mulder@u-bordeaux.fr"
"CAROTHEQUE UNIVERSITE DE BORDEAUX UMR EPOC","Thierry MULDER thierry.mulder@u-bordeaux.fr"
"University of St. Thomas","Thomas Hickson"
"British Antarctic Survey","Thomas Williams"
"Boise State University","tiffanyrivera@boisestate.edu"
"Institute for Planetary Materials, Okayama University","tkk@misasa.okayama-u.ac.jp"
"Institute for Study of the Earth's Interior, Okayama University","tkk@misasa.okayama-u.ac.jp"
"Institute for Study of the Earth's Interior Okayama University","tkk@misasa.okayama-u.ac.kp"
"Geological Survey of Alabama Paleontology collection","TLHarrell@gsa.state.al.us"
"Geological Survey of Alabama Paleontology collection; Tuscaloosa, AL","TLHarrell@gsa.state.al.us"
"University of São Paulo","toferreira@usp.br"
"University of Colorado Boulder","Tom Marchitto"
"Oak Ridge National Lab - 1505/271 Dry Archive","Tommy Mead"
"University of Liège (Belgium)","tonin.bechon@uliege.be"
"Lamont Doherty Earth Observatory, Palisades, NY","tplank@ldeo.columbia.edu"
"Lamont Doherty Earth Observatory","tplank@ldeo.columbia.edu"
"Lamont-Doherty Earth Observatory","tplank@LDEO.columbia.edu"
"Lamont Doherty Earth Observatory, Palisades, NY","tplank@LDEO.columbia.edu"
"Westminster College","trivera@westminstercollege.edu"
"Alaska Division of Geological & Geophysical Surveys","trystan.herriott@alaska.gov"
"Institute of Paleontology, Mongolian Academy of Sciences (IP-MAS)","tucker@sun.ac.za"
"Centro de Geociencias, UNAM, Queretaro, Mexico","tuena@dragon.geociencias.unam.mx"
"CAROTHEQUE UNIVERSITE DE BORDEAUX UMR EPOC","TURON Jean-Louis"
"University of New Mexico, Department of Earth and Planetary Sciences (UNM-EPS)","Tyler Mackey"
"Yukon Geological Survey","tyler.ambrose@yukon.ca"
"Michigan State University","Tyrone Rooney"
"Michigan State University Geoanalytical Laboratory","Tyrone Rooney"
"Michigan State University Geoanalytical Laboratory","Tyrone Rooney (rooneyt@msu.edu)"
"Michigan State University Geoanalytical Lab","Tyrone Rooney (rooneyt@msu.edu)"
"MSU Geoanalytical Lab","Tyrone Rooney (rooneyt@msu.edu)"
"Michigan State University Geoanalytical Laboratory","Tyrone Rooney(rooneyt@msu.edu)"
NULL,"U. Bold"
"Massachusetts Institute of Technology","Uli Faul"
NULL,"United States Geological Survey - Reston nannofossil lab"
"University of Iowa (UI)","University of Iowa"
NULL,"University of Kansas"
"University of Kansas","University of Kansas"
"University of Rhode Island Marine Geological Samples Laboratory (MGSL)","University of Rhode Island"
"University of South Florida","Vadman"
"Mount Horeb Research Collections and Educational Center","val.stanley@wgnhs.uwex.edu"
"CHRONO-ENVIRONNEMENT (ISNI:  0000 0001 2188 3779)","VANNIERE B (ORCID:0000-0002-6779-6053)"
"EDYTEM UMR5204 (ISNI:0000 0001 2109 3638)","VANNIERE B (ORCID:0000-0002-6779-6053)"
"Institute of Volcanology and Seismology, Russia","Vera Ponomareva"
"Institute of Volcanology and Seismology, Russia","Vera Ponomareva (00K15), Natalia Gorbach (K1-18B)"
NULL,"Vernadsky, W."
"CHRONO-ENVIRONNEMENT (ISNI:  0000 0001 2188 3779)","VERNEAUX V curateur-edytem@univ-savoie.fr"
"CHRONO-ENVIRONNEMENT (ISNI:  0000 0001 2188 3779)","VERNEAUX V null"
"Department of Geology, University of Patras","vgiamas@ac.upatras.gr"
"Industry","vgillerm@uidaho.edu"
"Industry/UI","vgillerm@uidaho.edu"
"UC Santa Cruz","Vicky Yuan"
"University of Oxford, United Kingdom","victoria.smith@arch.ox.ac.uk"
"Wadia Institute of Himalayan Geology, Dehradun, India","vikas.himg@gmail.com"
"Rutgers University","Vincent Clementi"
NULL,"Vining_Oliver"
"Grand Valley State University Geology Department","Virginia Peterson"
"CAROTHEQUE UNIVERSITE DE BORDEAUX UMR EPOC","VIROLLE Maxime maxime.virolle@u-psud.fr"
"Northwestern University","vivienr@u.northwestern.edu"
"Michael Zelenskii","volcangas@gmail.com"
"LSCE (ISNI:0000 0001 0584 9722)","VON GRAFENSTEIN U (ORCID:0000-0002-3338-5627)"
"EDYTEM UMR5204 (ISNI:0000 0001 2109 3638)","VON GRAFENSTEIN U (ORCID:0000-0002-3338-5627)"
"Institute of Paleobiology, Warsaw, Poland","W. Majewski"
"McGill University","W. Minarik"
"Lamont-Doherty Earth Observatory (LDEO)","Wally Broecker"
NULL,"Wally Broecker"
"LDEO","Wally Broecker"
"Columbia University, Lamont-Doherty Earth Observatory, Boise, ID, 83725, USA","Walter Snyder"
"Lamont-Doherty Earth Observatory (LDEO)","Walter Snyder"
"Key Laboratory of Cenozoic Geology and Environment, Institute of Geology and Geophysics, Chinese Academy of Sciences","wangluo@mail.iggcas.ac.cn"
"WHOI","Wanyi Lu"
"USGS","wcraddock@usgs.gov"
"Woods Hole Oceanographic Institution (WHOI)","WHOI"
NULL,"WHOI"
"Institute of Geological Sciences BERNE (ISNI:0000 0004 0509 4501)","WILHELM B (orcid:0000-0002-0555-1915)"
"EDYTEM UMR5204 (ISNI:0000 0001 2109 3638)","WILHELM B (orcid:0000-0002-0555-1915)"
"CHRONO-ENVIRONNEMENT","WILHELM B (orcid:0000-0002-0555-1915)"
NULL,"WILHELM B (ORCID:0000-0002-0555-1915)"
"EDYTEM UMR5204 (ISNI:0000 0001 2109 3638)","WILHELM B (ORCID:0000-0002-0555-1915)"
"Institute of Geological Sciences BERNE (ISNI:0000 0004 0509 4501)","WILHELM B (ORCID:0000-0002-0555-1915)"
"EDYTEM UMR5204 (ISNI:0000 0001 2109 3638)","WILHELM B (ORCID:0000-0002-0555-1915) curateur-edytem@univ-savoie.fr"
"Environnements, DYnamiques et TErritoires de la Montagne (EDYTEM)","WILHELM B (orcid:0000-0002-0555-1915) curateur-edytem@univ-smb.fr"
"University of Massachusetts","William Daniels"
"Lamont-Doherty Earth Observatory (LDEO)","William Ryan"
"Central Connecticut State University","Wizevichmic@ccsu.edu"
"Key Laboratory of Cenozoic Geology and Environment, Institute of Geology and Geophysics, Chinese Academy of Sciences","wjiang@mail.iggcas.ac.cn"
"Badong National Observatory and Research Station for Geohazards, China University of Geosciences, Wuhan ","wl@cug.edu.cn"
"EPOC","Xavier Crosta xavier.crosta@u-bordeaux.fr"
"CAROTHEQUE UNIVERSITE DE BORDEAUX UMR EPOC","Xavier CROSTA xavier.crosta@u-bordeaux.fr"
"EPOC","xavier.crosta@u-bordeaux.fr"
"Chinese Academy of Sciences, Institute of Geology and Geophysics (IGGCAS)","xhliu@mail.iggcas.ac cn"
"Chinese Academy of Sciences, Institute of Geology and Geophysics (IGGCAS)","xhliu@mail.iggcas.ac.cn"
"Chinese Academy of Sciences, Institute of Tibetan Plateau Research (CAS-ITP)","xhliu@mail.iggcas.ac.cn"
"None","xhliu@mail.iggcas.ac.cn"
"Chinese Academy of Sciences, Institute of Geology and Geophysics (IGGCAS)","xhliu@mail.iggcas.ac.cn
xjzhou@mail.iggcas.ac.cn"
"University of Arkansas","Xiangyang Xie"
"Nanjing University","Xiaozhi Yang"
"XXXXX","XXXXX YYYYY (XXXXX)"
"University of Houston (UH)","Y. Munoz"
"Missouri University of Science and Technology","yangwa@mst.edu"
"University Lancaster","Yani Najman"
NULL,"Yi Yan"
"UC Berkeley","yimingzhang@berkeley.edu"
"Brown University","Yinsui Zheng"
"Colorado School of Mines","ykuiper@mines.edu"
"University of Delaware","yochin@udel.edu"
"Ohio State University, Columbus, 43210","Yoko Miyakawa"
"Kochi Core Center","Yusuke Kubo"
"LDEO","Yuxin Zhou"
"Lamont-Doherty Earth Observatory","Yuxin Zhou"
"Yaakov Weiss","yweiss@ldeo.columbia.edu"
"WASA, Pakistan","zainababbas6@hotmail.com"
"CAROTHEQUE Environnements et paléoenvironnements océaniques et continentaux (EPOC)","Zaragosi Sébastien sebastien.Zaragosi@u-bordeaux.fr"
"CAROTHEQUE UNIVERSITE DE BORDEAUX UMR EPOC","ZARAGOSI Sébastien sebastien.zaragosi@u-bordeaux.fr"
"Oberlin College Geology Department","zeb.page@oberlin.edu"
NULL,"Zhang Fei"
"Institute of Oceanology Chinese Academy of Sciences, Qingdao, China","zhangji9513@163.com"
"Beijing","zhangjw0911@163.com"
"Beijing","zhangjw0911@164.com"
"Beijing","zhangjw0911@165.com"
"Beijing","zhangjw0911@166.com"
"Beijing","zhangjw0911@167.com"
"Beijing","zhangjw0911@168.com"
"Beijing","zhangjw0911@169.com"
"Beijing","zhangjw0911@170.com"
"Beijing","zhangjw0911@171.com"
"Beijing","zhangjw0911@172.com"
"Beijing","zhangjw0911@173.com"
"Beijing","zhangjw0911@174.com"
"Beijing","zhangjw0911@175.com"
"Harvard","Zhongxing Chen"
"China University of Petroleum","zhoutfgeoscience@126.com"
"China University of Petroleum","zhoutfgeoscience@127.com"
"China University of Petroleum","zhoutfgeoscience@128.com"
"China University of Petroleum","zhoutfgeoscience@129.com"
"China University of Petroleum","zhoutfgeoscience@130.com"
"China University of Petroleum","zhoutfgeoscience@131.com"
"China University of Petroleum","zhoutfgeoscience@132.com"
"China University of Petroleum","zhoutfgeoscience@133.com"
"China University of Petroleum","zhoutfgeoscience@134.com"
"China University of Petroleum","zhoutfgeoscience@135.com"
"China University of Petroleum","zhoutfgeoscience@136.com"
"China University of Petroleum","zhoutfgeoscience@137.com"
"China University of Petroleum","zhoutfgeoscience@138.com"
"China University of Petroleum","zhoutfgeoscience@139.com"
"China University of Petroleum","zhoutfgeoscience@140.com"
"China University of Petroleum","zhoutfgeoscience@141.com"
"China University of Petroleum","zhoutfgeoscience@142.com"
"China University of Petroleum","zhoutfgeoscience@143.com"
"China University of Petroleum","zhoutfgeoscience@144.com"
"China University of Petroleum","zhoutfgeoscience@145.com"
"China University of Petroleum","zhoutfgeoscience@146.com"
"China University of Petroleum","zhoutfgeoscience@147.com"
"China University of Petroleum","zhoutfgeoscience@148.com"
"China University of Petroleum","zhoutfgeoscience@149.com"
"China University of Petroleum","zhoutfgeoscience@150.com"
"China University of Petroleum","zhoutfgeoscience@151.com"
"China University of Petroleum","zhoutfgeoscience@152.com"
"China University of Petroleum","zhoutfgeoscience@153.com"
"China University of Petroleum","zhoutfgeoscience@154.com"
"China University of Petroleum","zhoutfgeoscience@155.com"
"China University of Petroleum","zhoutfgeoscience@156.com"
"China University of Petroleum","zhoutfgeoscience@157.com"
"China University of Petroleum","zhoutfgeoscience@158.com"
"China University of Petroleum","zhoutfgeoscience@159.com"
"China University of Petroleum","zhoutfgeoscience@160.com"
"China University of Petroleum","zhoutfgeoscience@161.com"
"China University of Petroleum","zhoutfgeoscience@162.com"
"China University of Petroleum","zhoutfgeoscience@163.com"
"China University of Petroleum","zhoutfgeoscience@164.com"
"China University of Petroleum","zhoutfgeoscience@165.com"
"China University of Petroleum","zhoutfgeoscience@166.com"
"Lehigh University, Core Laboratory","ziy2@lehigh.edu"
"Lehigh University Core Laboratory","ziy2@lehigh.edu"
"Lehigh University (Lehigh)","ziy2@lehigh.edu"
"Lehigh University, Paleoecology Laboratory","ziy2@lehigh.edu"
"Lehigh University Earth and Environmental Sciences","ziy2@lehigh.edu"
"University of Science and Technology of China(USTC)","zjjing@ustc.edu.cn"
"Oberlin College Department of Geosciences","zpage@oberlin.edu"
"Syracuse University","Zunli Lu"
"University of Rhode Island (URI)",NULL
"University of Potsdam, Germany",NULL
"University of Pisa (UniPi)",NULL
"University of Southern California (USC)",NULL
"Chinese Academy of Geological Sciences, Institute of Geology",NULL
"Chinese Academy of Geological Sciences, Institute of Geomechanics",NULL
"University of Otago",NULL
"University of Oslo",NULL
"University of Tennesee",NULL
"University of Tennessee",NULL
"University of Oregon",NULL
"Chinese Academy of Sciences, Institute of Geology and Geophysics (IGGCAS)",NULL
"University of Texas-Austin",NULL
"University of Texas - Austin",NULL
"Chinese Academy of Sciences, Institute of Tibetan Plateau Research (CAS-ITP)",NULL
"University of Texas at Austin",NULL
"University of Texas at Austin (UT Austin)",NULL
"University of Texas at Austin, Department of Geography and the Environment",NULL
"University of New Mexico, Department of Earth and Planetary Sciences (UNM-EPS)",NULL
"Christian Timm; Cornel de Ronde",NULL
"University of New Mexico (UNM)",NULL
"University of New Mexico",NULL
"University of New Hampshire (UNH)",NULL
"University of the Witwatersrand, South Africa",NULL
"University of Nebraska-Lincoln (UNL)",NULL
"China University of Geosciences, Wuhan",NULL
"University of Nebraska",NULL
"China University Geosciences (Wuhan)",NULL
"University of Vermont Geology Department",NULL
"University of Vermont Geology Department and GNS Science Petlab collections",NULL
"University of Montpellier",NULL
"University of Victoria (UVic)",NULL
"University of Minnesota (UMN)",NULL
"Chevron North American Exploration and Production Company",NULL
"University of Washington",NULL
"University of Washington (UW)",NULL
"University of Washington Dept. of Oceanography",NULL
"Centro de Investigacion Cientifi ca y de Educacion Superior de Ensenada",NULL
"University of Wisconsin-Eau Claire (UWEC)",NULL
"University of Minnesota",NULL
"City College of New York, Geochemistry laboratory",NULL
"University of Mighigan",NULL
"University of Wisconsin-Milwaukee",NULL
"Case Western Reserve University (CWRU)",NULL
"University of Michigan (UMich)",NULL
"Colgate University",NULL
"University of Wisconsin Oshkosh",NULL
"University of Michigan",NULL
"University of Melbourne Thermochronology",NULL
"University of Maine (Maine)",NULL
"University of Louisiana at Monroe (ULM)",NULL
"Colorado College",NULL
"University of Kiel",NULL
"University of Kentucky",NULL
"University of Keil",NULL
"University of Kansas (KU)",NULL
"Colorado Geological Survey",NULL
"UNLV",NULL
"University of Kansas",NULL
"Colorado School of Mines",NULL
"Columbia University",NULL
"Uppsala University",NULL
"University of Iowa (UI)",NULL
"University of Iowa",NULL
"Continental and Coastal Morphodynamics (M2C; ISNI:0000 0004 0618 0276)",NULL
"Core Research Center, Bureau of Economic Geology, The University of Texas at Austin",NULL
"Cornell University (Cornell)",NULL
"University of Houston (UH)",NULL
"Crittenden",NULL
"Cumberland",NULL
"University of Hawaii (Hawaii)",NULL
"CUNY - College of Staten Island",NULL
"Curtin University WA",NULL
"CWU Hooper Lab",NULL
"USGS",NULL
"Dartmouth College",NULL
"USGS - Anchorage, AK",NULL
"University of Georgia (UGA)",NULL
"Carnegie Institution of Washington",NULL
"University of Georgia",NULL
"Deemer of PA Collection",NULL
"University of Geneva",NULL
"University of Florida Department of Geological Sciences",NULL
"Department of Earth & Atmospheric Sciences, University of Alberta",NULL
"University of Florida (UF)",NULL
"Department of Earth Sciences, Nanjing University,",NULL
"Carabid Collection (Pinned Vouchers) (NEONCARC-PV)",NULL
"Department of Earth, Environmental and Planetary Sciences, Brown University",NULL
"Carabid Collection (DNA Extracts) (NEONCARC-DNA)",NULL
"Utah State University",NULL
"University of Conneticut",NULL
"Department of Geography, University College London",NULL
"University of Colorado Boulder, Institute of Arctic and Alpine Research (INSTAAR)",NULL
"Canadian Space Agency Planetary Analogue Suite",NULL
"Canadian Geological Survey",NULL
"California State University Northridge and GNS Science Petlab collections",NULL
"California State University Northridge",NULL
"Victoria University of Wellington",NULL
"Virginia Institute of Marine Science (VIMS)",NULL
"Virginia Tech",NULL
"California State University at Long Beach",NULL
"University of Colorado (CU)",NULL
"California State Polytechnic University, Pomona (Cal Poly)",NULL
"California Institute of Technology (Caltech)",NULL
"University of Cologne",NULL
"University of Canterbury",NULL
"Department of Soil Science, Luiz de Queiroz College of Agriculture (ESALQ), University of São Paulo (USP), Piracicaba, São Paulo, 13418-900, Brazil",NULL
"California Institute of Technology",NULL
"University of Cambridge",NULL
"University of California, Santa Cruz (UCSC)",NULL
"Dept of EPS, UC Berkeley",NULL
"Destroyed",NULL
"University of California, Santa Barbara (UCSB)",NULL
"Diamond and Precious Metal Geology Institute, Siberian Branch, Russian Academy of Sciences",NULL
"Division Ciencias de la Tierra, Centro de Investigacion Cientifi ca y de Educaciin Superior de Ensenada",NULL
"University of California, Los Angeles (UCLA)",NULL
"University of California, Davis (UC Davis)",NULL
"Division Ciencias de la Tierra, Centro de Investigacion Cientifi ca y de Educacion Superior de Ensenada",NULL
"Domain Teaching Collection - D14 (NEONDTCD14)",NULL
"Duke University",NULL
"University of Calgary",NULL
"E.C. Andrews Geoscience Centre",NULL
"University of British Columbia",NULL
"University of Bristol, School of Earth Sciences",NULL
"University of Botswana",NULL
"University of Bordeaux",NULL
"University of Bergen",NULL
"Earth & Planetary Sciences Collections, Petrology section, University of New Mexico",NULL
"University of Arkansas",NULL
"East Carolina University (ECU)",NULL
"eBay",NULL
"eBay - gouriminerals2011",NULL
"University of Arizona",NULL
"University of Amsterdam (UvA)",NULL
"University of Alberta",NULL
"University of Alabama, Tuscaloosa and GNS Science Petlab collections",NULL
"University of Alabama (UA)",NULL
"University Kiel",NULL
"University College Dublin",NULL
"Ensenada Center for Scientific Research and Higher Education, Department of Physical Oceanography (CIECESE-DPO)",NULL
"Universität Wien (univie)",NULL
"Universität Salzburg",NULL
"Universitat Mainz",NULL
"Universita di Ferrara",NULL
"Universita degli Studi di Milano",NULL
"Erik Hauri at Carnegie",NULL
"Universidade Federal do Rio Grande do Sul",NULL
"ESS-DIVE",NULL
"Universidade de São Paulo, Piracicaba",NULL
"Universidad Nacional de Colombia, Sede Medellin",NULL
"Universidad Nacional de Colombia",NULL
"Universidad Nacional Autonoma de Mexico (UNAM)",NULL
"Universidad de Sonora",NULL
"Universidad de Chile",NULL
"ExoMars Ma_MISS sample catalogue",NULL
"Universidad Autonoma de Guerrero",NULL
"F. C. Deemer Collection",NULL
"F. C. Deemer, PA",NULL
"Univ. of Hawaii",NULL
"Faculty of ITC, University of Twente",NULL
"Federal Institute for Geosciences and Natural Resources",NULL
NULL,NULL
"Allegheny High School",NULL
"American Museum of Natural History",NULL
"Union Oil Company",NULL
"Florida International University",NULL
"Florida International University (FIU)",NULL
"uncollected",NULL
"Florida State University (FSU)",NULL
"UMass",NULL
"UKY",NULL
"UCSC",NULL
"UCONN",NULL
"Geochemistry laboratory, City College of New York",NULL
"U.S.G.S.",NULL
"Geological Society of Canada",NULL
"U.S. Geological Survey, Mineral Resources Program",NULL
"U.S. Geological Survey (USGS)",NULL
"Geological Survey of Canada",NULL
"U.S. Geological Survey",NULL
"Geological Survey of New South Wales",NULL
"U.S. Extended Continental Shelf Samples Repository (ECS)",NULL
"U. Minnesota",NULL
"U. Arizona",NULL
"Tulane University (Tulane)",NULL
"TU Freiberg",NULL
"Trinity University",NULL
"Tokyo Institute of Technology",NULL
"Tick Collection (DNA Extracts [Pathogen Extracts]) (NEONTICC-PE)",NULL
"Ghent University, Renard Centre of Marine Geology",NULL
"GNS Private Science Bag 1930",NULL
"The Second Institute of Oceanography,SOA",NULL
"The Hebrew University of Jerusalem",NULL
"The First Institute of Oceanography,SOA",NULL
"Texas Christian University",NULL
"Gulf Coast Repository, College Station, TX",NULL
"Hamilton College",NULL
"Texas A&M University, Integrated Ocean Drilling Program, College Station, TX, 77845, USA",NULL
"Harvard University",NULL
"Texas A&M University (TAMU)",NULL
"Harvard University (Harvard)",NULL
"Herptile Voucher Collection (Small Mammal and Fish Sampling Bycatch) (NEONHEVC-SMMB)",NULL
"TEST",NULL
"Terrestrial Plant Collection (Litterfall) (NEONTPLC-LF)",NULL
"Terrestrial Plant Collection (Canopy Foliage) (NEONTPLC-CF)",NULL
"Terrestrial Plant Collection (Belowground Biomass [Standard Sampling]) (NEONTPLC-BBS)",NULL
"Terrestrial Plant Collection (Belowground Biomass [Megapit]) (NEONTPLC-BBM)",NULL
"HIG",NULL
"IACT, Room,",NULL
"Taupo",NULL
"Tamara Baumberger",NULL
"TalTech Department of Geology",NULL
"Tallinn University of Technology, Institute of Geology (IGTUT)",NULL
"Swedish Museum of Natural History",NULL
"Surface Water Microbe Collection (Sterivex Filters) (NEONSWMC-SF)",NULL
"Surface Water Microbe Collection (DNA Extracts) (NEONSWMC-DNA)",NULL
"Idaho State Univeristy",NULL
"Stockholm University",NULL
"Station Biologique de Roscoff (SBR)",NULL
"Idaho State University",NULL
"iglinfo@boisestate.edu",NULL
"Stanford University (Stanford)",NULL
"Indiana-Purdue University",NULL
"Indiana University",NULL
"West Virginia University",NULL
"Western Australia University",NULL
"Bundesanstalt für Geowissenschaften und Rohstoffe (BGR) in Hannover Core repository ",NULL
"Stanford University",NULL
"Indiana University-Purdue University Indianapolis (IUPUI)",NULL
"Indiana University (IU)",NULL
"South Florida University",NULL
"Institut de Ciencies de la terra Jaume Almera",NULL
"Bucknell",NULL
"Brown University",NULL
"Soil Microbe Collection (DNA Extracts) (NEONSOMC-DNA)",NULL
"Soil Microbe Collection (DNA Extracts ) (NEONSOMC-DNA)",NULL
"Soil Microbe Collection (Bulk Subsamples) (NEONSOMC-BS)",NULL
"Soil Collection (Distributed Periodic) (NEONSOIC-DP)",NULL
"Institute for Planetary Materials, Okayama University",NULL
"SOEST",NULL
"Smithsonian Tropical Research Institute",NULL
"Institute of Earth Sciences, The Hebrew University of Jerusalm",NULL
"Skidaway Institute of Oceanography (SkIO)",NULL
"Sisyphus Consulting",NULL
"British Antarctic Survey/ University of Southampton",NULL
"SIO",NULL
"Scripps Institution of Oceanography (SIO)",NULL
"Boston University (BU)",NULL
"Scripps Institute of Oceanography (SIO)",NULL
"San Diego State University",NULL
"San Carlos Indian Reservation",NULL
"Birbal Sahni Institute of Paleobotany (BSIP)",NULL
"Institute of Geochemistry and Petrology, Department of Earth Sciences, ETH Zürich, Switzerland",NULL
"Rutgers University, Piscataway, NJ",NULL
"Bernhard Peucker-Ehrenbrink",NULL
"Benthic Microbe Collection (Sterivex Filters) (NEONBEMC-SF)",NULL
"Institute of Geological and Nuclear Sciences (GNS Science)",NULL
"Russian Academy of Science",NULL
"Institute of Marine Sciences-Bologna (ISMAR)",NULL
"Woods Hole Oceanographic Institution (WHOI)",NULL
"Benthic Microbe Collection (DNA Extracts) (NEONBEMC-DNA)",NULL
"WSU Hooper lab",NULL
"WSU Hooper Lab",NULL
"Richmond Field Station, University of California, Berkeley",NULL
"WUSTL: St Louis",NULL
"Rice University (Rice)",NULL
"RICE University",NULL
"Wyatt Du Frane",NULL
"Institute of Tibetan Plateau Research, Chinese Academy of Sciences",NULL
"Instituto Andaluz de Ciencias de la Tierra",NULL
"Instituto de Geociencias",NULL
"Instituto di Geologi Marina CNR (ISMCNR)",NULL
"pskemer@wustl.edu",NULL
"Integrated Ocean Drilling Program (IODP)",NULL
"Zekangen Techology,Beijing",NULL
"Princeton University Department of Geosciences",NULL
"Zooplankton Collection (DNA Extracts) (NEONZOOC-DNA)",NULL
"Princeton University (Princeton)",NULL
"Integrated Ocean Drilling Program, Bremen Core Repository (IODP-BCR)",NULL
"Zooplankton Collection (Unsorted Bulk Sample) (NEONZOOC-UB)",NULL
"Integrated Ocean Drilling Program, Kochi Core Center (IODP-KCC)",NULL
"Princeton",NULL
"Benthic Macroinvertebrate Collection (Taxonomy Reference Collection) (NEONBMIC-TR)",NULL
"IODP Gulf Coast Repository",NULL
"Iowa State University",NULL
"Portland State University (Portland State)",NULL
"ISTerre",NULL
"Benthic Macroinvertebrate Collection (DNA Extracts) (NEONBMIC-DNA)",NULL
"IUPUI",NULL
"Jackson School of Geosciences, University of Texas-Austin",NULL
"BELLE S null",NULL
"JAMSTEC",NULL
"Japan Agency for Marine-Earth Science and Technology (JAMSTEC)",NULL
"Polish Academy of Sciences, Institute of Paleobiology",NULL
"Polar Research Institute of China (PRIC)",NULL
"Johannes Gutenberg University Mainz",NULL
"Kansas Geological Survey (KGS)",NULL
"Kent State University",NULL
"Petrobras",NULL
"Perm national researh polytechnic university",NULL
"Pennsylvania State University (PSU)",NULL
"Particulate Mass Filter Collection (NEONPMFC)",NULL
"Key Laboratory of Continental Collision and Plateau Uplift, Institute of Tibetan, Plateau Research, Chinese Academy of Sciences",NULL
"KL-16-314",NULL
"Kochi Core Centre",NULL
"KU-IGL; Lawrence KS",NULL
"Australian National University - Research School of Earth Sciences",NULL
"Oxford Brookes University",NULL
"Österreichisches Archäologische Institut",NULL
"Oregon State University (OSU)",NULL
"Oregon State University",NULL
"Old Dominion University",NULL
"Ohio University",NULL
"Ohio State University (OSU)",NULL
"Arizona Geological Survey",NULL
"Lamont-Doherty Core Repository",NULL
"Ocean Drilling Program (ODP)",NULL
"ARF; Antarctic Marine Geology Research Facility",NULL
"ARF, FSU",NULL
"ARF",NULL
"Aquatic Sediments Collection (NEONASC)",NULL
"Oak Ridge National Lab",NULL
"Lamont-Doherty Earth Observatory",NULL
"NRM, Swedish Museum of Natural History",NULL
"Not Provided",NULL
"Not Applicable",NULL
"Northern Illinois University (NIU)",NULL
"Lamont-Doherty Earth Observatory (LDEO)",NULL
"Northern Arizona University (NAU)",NULL
"Northern Arizona University",NULL
"Aquatic Microalgae Collection (Microscope Slides) (NEONAMIC-MS)",NULL
"North Carolina State University (NCSU)",NULL
"Aquatic Microalgae Collection (Freeze-dried) (NEONAMIC-FD)",NULL
"North Carolina State University",NULL
"None",NULL
"Aquatic Macroalgae Collection (Chemical Preservation [Point Counts]) (NEONAMAC-CPPC)",NULL
"none",NULL
"Aquatic Macroalgae Collection (Chemical Preservation [Clip Harvests]) (NEONAMAC-CPCH)",NULL
"Lamont Doherty Earth Observatory",NULL
"Antarctic Marine Geology Research Facility (AMGRF)",NULL
"NIWA",NULL
"AMGRF",NULL
"New Mexico Tech, University of New Mexico",NULL
"New Mexico State University",NULL
"NEON HQ Soil Archive (Megapit) (NEONSOIC-MP)",NULL
"Lancaster University",NULL
"Luquillo Critical Zone Observatory (LCZO)",NULL
"Náttúrufræðistofnun Íslands (Icelandic Institute of Natural History)",NULL
"Laurel Bybell - LBybell@usgs.gov",NULL
"National Museums Scotland, Earth Systems, Mineral Collection",NULL
"Mammal Collection (Blood Samples) (NEONMAMC-BL)",NULL
"Lawrence Berkeley National Laboratory, CA, USA",NULL
"National Museum of Marine Biology and Aquarium (NMMBA)",NULL
"Mammal Collection (Ear Tissue) (NEONMAMC-EA)",NULL
"National Institute of Water and Atmospheric Research (NIWA)",NULL
"Mammal Collection (Fecal Samples) (NEONMAMC-FE)",NULL
"Nanjing University",NULL
"Mammal Collection (Hair Samples) (NEONMAMC-HA)",NULL
"N Illinois University",NULL
"Mammal Collection (Pathogen Extracts [Blood]) (NEONMAMC-PEBL)",NULL
"mtuite@jpl.nasa.gov",NULL
"Mammal Collection (Pathogen Extracts [Ear Tissue]) (NEONMAMC-PEEA)",NULL
"LDCR",NULL
"Moss Landing Marine Laboratories (MLML)",NULL
"Mammal Collection (Vouchers [Outside of Standard Sampling]) (NEONMAMC-VOS)",NULL
"Mosquito Collection (Pinned Vouchers) (NEONMOSC-PV)",NULL
"Mosquito Collection (Pathogen Extracts) (NEONMOSC-PE)",NULL
"Mosquito Collection (DNA Extracts) (NEONMOSC-DNA)",NULL
"Mammal Collection (Vouchers [Standard Sampling]) (NEONMAMC-VSS)",NULL
"Mosquito Collection (Bulk Identified) (NEONMOSC-BI)",NULL
"Monterey Bay Aquarium Research Institute (MBARI)",NULL
"Montclair State University",NULL
"Monash University (Monash)",NULL
"Michigan State University, East Lansing, MI",NULL
"Michigan State University",NULL
"Michigan Geological Survey; Lansing Michigan",NULL
"Louisiana State University (LSU)",NULL
"LDEO",NULL
"Louisiana State University",NULL
"Michael Perfit (mperfit@ufl.edu)",NULL
"Loma Linda University",NULL
"MARUM GeoB Core repository",NULL
"local solar system",NULL
"Livingston",NULL
"Memorial University of Newfoundland",NULL
"Lehigh University",NULL
"Max Planck Insitute for Chemistry",NULL
"McGill University",NULL
"Massachusetts Institute of Technology",NULL
"MBARI",NULL
"Massachussetts Institute of Technology",NULL
"Mauritius Water Resources Unit",NULL
"University of South Carolina (SC)",NULL
"University of Science and Technology of China(USTC)",NULL
"University of South Carolina",NULL
"University of Science and Technology of China",NULL
"University of Rhode Island Marine Geological Samples Laboratory (MGSL)",NULL
