collector,agentLkup,multiLkup
0000-0000-0000-0000,10908,
0000-0000-0068-7943,5789,
0000-0001-5002-5407,7747,
0000-0001-5044-971X,6809,
0000-0001-5083-3789,11424,
0000-0001-5097-4311,10908,
0000-0001-5131-1181,7665,
0000-0001-5229-6366,6570,
0000-0001-5295-8649,12518,
0000-0001-5314-0662,4330,
0000-0001-5349-9843,12002,
0000-0001-5372-078X,9048,
0000-0001-5378-6623,14528,
0000-0001-5388-9729,12458,
0000-0001-5401-430X,8241,
0000-0001-5408-0075,13098,
0000-0001-5494-1832,11189,
0000-0001-5504-4527,12353,
0000-0001-5523-6326,4314,
0000-0001-5569-8352,13620,
0000-0001-5623-6512,9464,
0000-0001-5626-5364,7350,
0000-0001-5717-3867,11378,
0000-0001-5730-2163,4411,
0000-0001-5779-5236,10831,
0000-0001-5833-8133,9474,
0000-0001-5871-8742,10343,
0000-0001-5875-5527,8742,
0000-0001-5912-1913,4056,
0000-0001-5939-3206,4324,
0000-0001-5980-6082,12504,
0000-0001-6073-4397,5701,
0000-0001-6073-9358,5036,
0000-0001-6124-3848,9493,
0000-0001-6193-1800,12778,
0000-0001-6443-4922,10100,
0000-0001-6472-2940,13926,
0000-0001-6493-4425,11581,
0000-0001-6508-1786,12753,
0000-0001-6519-3999,8556,
0000-0001-6532-6229,6783,
0000-0001-6571-8994,5746,
0000-0001-6592-4421,10333,
0000-0001-6597-0276,12593,
0000-0001-6603-4076,14774,
0000-0001-6607-7236,7977,
0000-0001-6610-1881,13691,
0000-0001-6656-515X,13016,
0000-0001-6659-7821,5521,
0000-0001-6709-8856,13512,
0000-0001-6726-6119,8367,
0000-0001-6767-5393,5801,
0000-0001-6771-7557,9014,
0000-0001-6794-9315,6303,
0000-0001-6825-4902,13656,
0000-0001-6846-5179,6691,
0000-0001-6848-3983,14178,
0000-0001-6877-7658,10073,
0000-0001-6892-534X,7972,
0000-0001-6893-5601,9780,
0000-0001-6901-0272,8532,
0000-0001-6932-8707,14206,
0000-0001-7030-3822,11697,
0000-0001-7040-7795,13483,
0000-0001-7106-283X,9481,
0000-0001-7163-2310,13994,
0000-0001-7269-5663,14489,
0000-0001-7332-328X,10793,
0000-0001-7387-4989,10077,
0000-0001-7433-2532,11118,
0000-0001-7448-1116,11356,
0000-0001-7459-8496,4883,
0000-0001-7469-7486,7082,
0000-0001-7471-9462,4870,
0000-0001-7487-4171,14858,
0000-0001-7491-1163,10971,
0000-0001-7519-0636,8534,
0000-0001-7548-3359,9462,
0000-0001-7662-5726,13973,
0000-0001-7717-279X,8378,
0000-0001-7752-1312,4797,
0000-0001-7756-7185,6073,
0000-0001-7784-3864,8950,
0000-0001-7784-4082,12349,
0000-0001-7891-1590,8730,
0000-0001-7904-875X,11510,
0000-0001-7914-5891,9831,
0000-0001-7920-7757,10583,
0000-0001-7985-2908,4981,
0000-0001-7985-6626,14611,
0000-0001-7998-1566,6795,
0000-0001-8044-2578,12480,
0000-0001-8112-7529,11942,
0000-0001-8122-5196,11953,
0000-0001-8237-5292,8542,
0000-0001-8247-7977,8671,
0000-0001-8260-4067,11428,
0000-0001-8329-2149,6294,
0000-0001-8362-7797,10977,
0000-0001-8371-3142,11527,
0000-0001-8397-9370,9755,
0000-0001-8432-494X,14127,
0000-0001-8438-4213,4612,
0000-0001-8485-3403,12952,
0000-0001-8490-5154,4723,
0000-0001-8510-4041,9925,
0000-0001-8573-2099,5561,
0000-0001-8609-3620,14094,
0000-0001-8615-3910,5974,
0000-0001-8629-4086,5641,
0000-0001-8642-686X,5246,
0000-0001-8663-4036,7966,
0000-0001-8766-9222,11523,
0000-0001-8817-1768,10112,
0000-0001-8824-5288,13552,
0000-0001-8835-6113,13658,
0000-0001-8860-6856,13305,
0000-0001-8869-8172,13243,
0000-0001-8986-8911,11748,
0000-0001-9009-8643,12861,
0000-0001-9050-1885,13928,
0000-0001-9076-6525,5522,
0000-0001-9114-7830,17811,
0000-0001-9167-5158,7833,
0000-0001-9180-0940,11792,
0000-0001-9233-8188,11836,
0000-0001-9330-2435,4921,
0000-0001-9335-3304,10393,
0000-0001-9347-5328,7646,
0000-0001-9356-3117,10379,
0000-0001-9432-1283,14353,
0000-0001-9435-6144,6276,
0000-0001-9521-413X,13051,
0000-0001-9529-4416,14097,
0000-0001-9534-7856,12476,
0000-0001-9552-981X,9841,
0000-0001-9581-8937,5593,
0000-0001-9629-6106,8518,
0000-0001-9639-2050,10279,
0000-0001-9713-5304,7684,
0000-0001-9719-1429,7990,
0000-0001-9777-363X,4401,
0000-0001-9817-6482,11060,
0000-0001-9827-4562,8820,
0000-0001-9861-5609,6832,
0000-0001-9903-2499,4372,
0000-0001-9932-2330,13350,
0000-0001-9947-8001,13355,
0000-0001-9968-4139,7030,
0000-0001-9989-8700,6017,
0000-0002-0026-7595,6931,
0000-0002-0070-7108,12544,
0000-0002-0086-8390,13527,
0000-0002-0123-6184,12473,
0000-0002-0174-8921,6725,
0000-0002-0205-7735,7010,
0000-0002-0226-3205,12782,
0000-0002-0409-9322,4739,
0000-0002-0425-3262,7325,
0000-0002-0475-514x,4705,
0000-0002-0594-4276,4715,
0000-0002-0596-3792,8670,
0000-0002-0599-3609,11993,
0000-0002-0640-0000,13415,
0000-0002-0753-5169,11674,
0000-0002-0834-4276,14294,
0000-0002-0845-5830,9248,
0000-0002-0927-4409,5548,
0000-0002-0929-6659,13905,
0000-0002-1017-1124,10303,
0000-0002-1092-1669,10820,
0000-0002-1112-3562,12131,
0000-0002-1116-8058,14360,
0000-0002-1140-7004,8816,
0000-0002-1279-1642,6514,
0000-0002-1289-3729,13594,
0000-0002-1444-9365,10927,
0000-0002-1475-5549,13032,
0000-0002-1491-0369,4351,
0000-0002-1500-0957,14599,
0000-0002-1541-5968,13869,
0000-0002-1556-9123,11954,
0000-0002-1602-2154,8691,
0000-0002-1671-2913,8939,
0000-0002-1727-2294,11973,
0000-0002-1733-4950,8815,
0000-0002-1767-2984,13866,
0000-0002-1768-4424,11601,
0000-0002-1775-3100,9448,
0000-0002-1785-7292,7870,
0000-0002-1799-1619,5625,
0000-0002-1830-0445,5397,
0000-0002-1844-4553,9099,
0000-0002-1848-3114,7512,
0000-0002-1892-7221,7033,
0000-0002-2042-5781,10363,
0000-0002-2086-5736,5386,
0000-0002-2095-4747,4475,
0000-0002-2110-1295,13746,
0000-0002-2110-6248,4641,
0000-0002-2112-9159,5552,
0000-0002-2117-4697,12425,
0000-0002-2135-1091,12356,
0000-0002-2251-7487,7376,
0000-0002-2260-8688,9507,
0000-0002-2330-7246,6545,
0000-0002-2359-6738,13936,
0000-0002-2386-6566,9104,
0000-0002-2406-1604,14735,
0000-0002-2454-5633,6555,
0000-0002-2543-4353,5282,
0000-0002-2580-6989,6062,
0000-0002-2602-3054,9161,
0000-0002-2637-0718,6966,
0000-0002-2639-2781,14134,
0000-0002-2759-254X,13536,
0000-0002-2772-6536,8687,
0000-0002-2833-9853,5134,
0000-0002-2848-7952,13260,
0000-0002-2868-1835,7511,
0000-0002-2892-6169,6270,
0000-0002-2959-088X,14851,
0000-0002-2970-3557,12127,
0000-0002-2980-5449,14226,
0000-0002-3002-3866,11405,
0000-0002-3020-1597,7705,
0000-0002-3030-0990,7729,
0000-0002-3039-5256,9284,
0000-0002-3052-3887,12875,
0000-0002-3121-1658,12090,
0000-0002-3132-1658,15817,
0000-0002-3172-0145,10827,
0000-0002-3172-7101,14014,
0000-0002-3174-4606,12026,
0000-0002-3192-2230,5789,
0000-0002-3309-2269,4823,
0000-0002-3312-3774,9252,
0000-0002-3355-8487,11905,
0000-0002-3407-4177,7922,
0000-0002-3442-2725,10293,
0000-0002-3456-9719,7688,
0000-0002-3462-2065,8251,
0000-0002-3471-5245,9192,
0000-0002-3475-1959,10480,
0000-0002-3485-3744,13389,
0000-0002-3522-531x,10198,
0000-0002-3562-5153,12730,
0000-0002-3657-8125,7549,
0000-0002-3695-352X,8448,
0000-0002-3695-3837,13443,
0000-0002-3704-5849,7244,
0000-0002-3705-3064,8328,
0000-0002-3713-9888,4259,
0000-0002-3752-003X,4167,
0000-0002-3837-840X,12796,
0000-0002-3867-8015,12381,
0000-0002-3973-0882,8871,
0000-0002-3977-7197,8590,
0000-0002-3981-6870,12805,
0000-0002-3991-0445,9731,
0000-0002-4003-1069,12140,
0000-0002-4028-6977,10588,
0000-0002-4055-189X,9808,
0000-0002-4067-8225,10657,
0000-0002-4103-6144,10788,
0000-0002-4139-4427,13950,
0000-0002-4160-7656,8828,
0000-0002-4174-8512,13110,
0000-0002-4194-7642,12162,
0000-0002-4224-8173,5795,
0000-0002-4260-8503,14387,
0000-0002-4290-4660,13654,
0000-0002-4294-0346,7049,
0000-0002-4299-0511,10246,
0000-0002-4299-7043,14163,
0000-0002-4326-7149,12895,
0000-0002-4399-9307,5902,
0000-0002-4400-4199,5409,
0000-0002-4414-9849,7924,
0000-0002-4562-0954,12683,
0000-0002-4565-0256,12524,
0000-0002-4627-175X,4238,
0000-0002-4645-621X,12374,
0000-0002-4736-3533,7928,
0000-0002-4743-3925,7502,
0000-0002-4748-8985,4390,
0000-0002-4754-3665,11872,
0000-0002-4787-8721,6156,
0000-0002-4801-9849,12725,
0000-0002-4810-0129,11519,
0000-0002-4816-2610,7983,
0000-0002-4908-9419,10259,
0000-0002-4945-210X,11280,
0000-0002-4970-6915,5459,
0000-0002-4977-9110,9729,
0000-0002-4985-4248,11890,
0000-0002-5082-0723,6696,
0000-0002-5114-0770,14516,
0000-0002-5131-7716,13000,
0000-0002-5153-9263,6395,
0000-0002-5190-6596,13697,
0000-0002-5239-4860,13664,
0000-0002-5247-174X,9811,
0000-0002-5253-5299,12732,
0000-0002-5308-8582,4585,
0000-0002-5328-740X,14534,
0000-0002-5333-6523,6131,
0000-0002-5339-8724,11334,
0000-0002-5378-780X,12533,
0000-0002-5381-0889,10991,
0000-0002-5431-1379,13704,
0000-0002-5454-7533,10903,
0000-0002-5456-0404,14069,
0000-0002-5456-2901,5982,
0000-0002-5484-7763,13366,
0000-0002-5565-5640,12448,
0000-0002-5575-4200,12834,
0000-0002-5587-1976,4836,
0000-0002-5597-3817,13652,
0000-0002-5669-6276,13248,
0000-0002-5694-7020,9701,
0000-0002-5795-6850,10458,
0000-0002-5795-7263,14345,
0000-0002-5872-682X,13623,
0000-0002-5942-4372,14647,
0000-0002-5948-2855,4427,
0000-0002-5964-2409,7156,
0000-0002-5980-7373,12330,
0000-0002-6053-9222,6992,
0000-0002-6067-4555,6025,
0000-0002-6068-4956,5614,
0000-0002-6107-3313,13114,
0000-0002-6140-758X,14408,
0000-0002-6190-2839,14189,
0000-0002-6220-0994,6967,
0000-0002-6242-9561,13291,
0000-0002-6334-2708,5148,
0000-0002-6351-2586,11448,
0000-0002-6443-1841,6095,
0000-0002-6452-6509,10852,
0000-0002-6510-5837,9151,
0000-0002-6525-9051,10720,
0000-0002-6589-9569,8320,
0000-0002-6609-5941,13492,
0000-0002-6648-295X,11338,
0000-0002-6666-6556,6213,
0000-0002-6680-4162,6884,
0000-0002-6694-2717,7552,
0000-0002-6721-6581,12434,
0000-0002-6738-0023,13241,
0000-0002-6741-7770,14490,
0000-0002-6848-5353,6377,
0000-0002-6853-5728,4463,
0000-0002-6883-9123,12233,
0000-0002-6892-386X,11337,
0000-0002-6929-4954,5580,
0000-0002-6931-9699,14198,
0000-0002-6938-2276,13919,
0000-0002-6940-7496,8535,
0000-0002-6943-948X,11745,
0000-0002-7048-6996,12329,
0000-0002-7056-2952,12146,
0000-0002-7071-0855,9639,
0000-0002-7105-1986,9873,
0000-0002-7118-2425,9822,
0000-0002-7122-6408,12022,
0000-0002-7154-3219,14486,
0000-0002-7158-4969,5645,
0000-0002-7203-5072,14751,
0000-0002-7260-9320,5585,
0000-0002-7370-5672,10447,
0000-0002-7394-9255,8608,
0000-0002-7418-5509,12817,
0000-0002-7424-8717,7807,
0000-0002-7459-3860,10221,
0000-0002-7463-4474,16958,
0000-0002-7517-7842,12901,
0000-0002-7583-9471,5359,
0000-0002-7766-4855,9644,
0000-0002-7776-2789,9123,
0000-0002-7782-1339,9642,
0000-0002-7784-1217,7208,
0000-0002-7814-8692,10649,
0000-0002-7853-8877,7478,
0000-0002-7872-0038,12630,
0000-0002-7943-392X,14918,
0000-0002-7992-1560,10053,
0000-0002-8070-0423,8982,
0000-0002-8095-9355,14102,
0000-0002-8102-9862,7300,
0000-0002-8108-6293,13906,
0000-0002-8159-7966,12770,
0000-0002-8164-7759,12954,
0000-0002-8223-020X,12586,
0000-0002-8241-8261,11107,
0000-0002-8292-5650,8192,
0000-0002-8294-0383,13786,
0000-0002-8312-9357,7669,
0000-0002-8335-145X,11873,
0000-0002-8342-5420,11992,
0000-0002-8352-658X,7971,
0000-0002-8368-2283,11011,
0000-0002-8460-4391,8418,
0000-0002-8470-9898,14128,
0000-0002-8506-6396,13152,
0000-0002-8528-4289,8111,
0000-0002-8561-7100,5999,
0000-0002-8685-0449,12008,
0000-0002-8739-553X,6091,
0000-0002-8751-835X,7557,
0000-0002-8753-0391,12298,
0000-0002-8839-6825,11176,
0000-0002-8860-3644,14096,
0000-0002-8917-3340,5504,
0000-0002-8929-7933,10398,
0000-0002-8962-923X,14876,
0000-0002-9022-4475,9681,
0000-0002-9032-1515,14568,
0000-0002-9095-8110,13922,
0000-0002-9129-5419,11915,
0000-0002-9181-2463,6413,
0000-0002-9190-7358,11610,
0000-0002-9241-5582,11657,
0000-0002-9266-6437,4822,
0000-0002-9318-5213,8774,
0000-0002-9325-7846,7542,
0000-0002-9358-2315,8221,
0000-0002-9397-5936,11336,
0000-0002-9407-8970,7758,
0000-0002-9445-2841,15818,
0000-0002-9463-8595,11816,
0000-0002-9505-7784,14752,
0000-0002-9520-4182,9296,
0000-0002-9557-1628,9200,
0000-0002-9586-2222,11048,
0000-0002-9637-938X,11677,
0000-0002-9642-4478,14355,
0000-0002-9743-3915,10020,
0000-0002-9759-2959,13342,
0000-0002-9771-6042,11396,
0000-0002-9800-6544,13763,
0000-0002-9802-6844,10081,
0000-0002-9814-2044,9323,
0000-0002-9821-3869,6020,
0000-0002-9823-2170,7897,
0000-0002-9864-9216,14496,
0000-0002-9897-9899,6508,
0000-0002-9964-7108,11598,
0000-0003-0035-8320,12765,
0000-0003-0065-3485,4417,
0000-0003-0094-1129,6242,
0000-0003-0109-7329,5026,
0000-0003-0236-373X,9924,
0000-0003-0250-5865,4000,
0000-0003-0271-9396,13203,
0000-0003-0290-2967,12831,
0000-0003-0308-2323,11512,
0000-0003-0331-5916,5611,
0000-0003-0371-727X,13505,
0000-0003-0485-3687,14175,
0000-0003-0554-2602,6119,
0000-0003-0572-3083,11335,
0000-0003-0591-0540,6478,
0000-0003-0607-4441,10800,
0000-0003-0616-1529,10527,
0000-0003-0670-0174,11768,
0000-0003-0674-5356,9268,
0000-0003-0686-286X,14590,
0000-0003-0738-4353,13414,
0000-0003-0743-8788,8316,
0000-0003-0751-0719,7029,
0000-0003-0776-7397,12005,
0000-0003-0811-8364,7904,
0000-0003-0814-3869,13246,
0000-0003-0817-8420,8842,
0000-0003-0836-969X,11531,
0000-0003-0893-0707,11917,
0000-0003-0910-9523,5985,
0000-0003-0953-6058,5811,
0000-0003-0973-4484,10692,
0000-0003-0974-7779,4408,
0000-0003-1050-4539,7411,
0000-0003-1075-1249,12838,
0000-0003-1101-9885,10853,
0000-0003-1119-021X,4271,
0000-0003-1142-4215,14025,
0000-0003-1220-2331,11506,
0000-0003-1224-3096,12543,
0000-0003-1244-0815,7895,
0000-0003-1264-0403,10687,
0000-0003-1265-2180,6483,
0000-0003-1278-5282,8800,
0000-0003-1334-3275,9490,
0000-0003-1337-5330,5725,
0000-0003-1377-960X,8327,
0000-0003-1438-9996,5629,
0000-0003-1443-6940,11343,
0000-0003-1449-7081,9594,
0000-0003-1450-8764,4933,
0000-0003-1476-1962,10387,
0000-0003-1557-3605,4554,
0000-0003-1561-0904,9606,
0000-0003-1571-3196,12706,
0000-0003-1603-0469,13001,
0000-0003-1651-3911,10915,
0000-0003-1678-1246,11811,
0000-0003-1699-6511,4148,
0000-0003-1704-3704,10135,
0000-0003-1800-4053,7766,
0000-0003-1805-1458,12294,
0000-0003-1851-5013,11803,
0000-0003-1865-4814,10666,
0000-0003-1904-3337,9709,
0000-0003-1904-9288,6381,
0000-0003-1933-0416,5436,
0000-0003-1934-4447,10062,
0000-0003-1944-3584,6210,
0000-0003-1979-5694,7860,
0000-0003-1989-8722,12928,
0000-0003-1995-3111,5628,
0000-0003-2007-6435,6363,
0000-0003-2086-5426,13285,
0000-0003-2131-612X,6153,
0000-0003-2154-5213,4523,
0000-0003-2157-7100,9240,
0000-0003-2172-1133,14830,
0000-0003-2362-0002,7097,
0000-0003-2369-8379,10044,
0000-0003-2386-8235,14136,
0000-0003-2426-525X,6061,
0000-0003-2461-1837,8494,
0000-0003-2486-7859,14361,
0000-0003-2593-761X,5371,
0000-0003-2616-3820,8813,
0000-0003-2831-6405,4768,
0000-0003-2892-2018,5986,
0000-0003-2904-2960,12527,
0000-0003-2913-1517,6770,
0000-0003-2918-8281,8430,
0000-0003-2942-5873,7280,
0000-0003-2962-9673,12274,
0000-0003-3018-7817,13295,
0000-0003-3114-5862,5966,
0000-0003-3172-1559,11815,
0000-0003-3196-1405,4591,
0000-0003-3227-3428,8303,
0000-0003-3231-8913,5869,
0000-0003-3463-8507,7692,
0000-0003-3491-5113,11568,
0000-0003-3535-1698,5648,
0000-0003-3691-6662,6593,
0000-0003-3697-1792,9867,
0000-0003-3728-4214,7330,
0000-0003-3744-1769,14241,
0000-0003-3756-1381,6775,
0000-0003-3764-6924,7194,
0000-0003-3765-6727,10176,
0000-0003-3879-1971,8169,
0000-0003-3895-0725,6991,
0000-0003-3902-8601,9396,
0000-0003-3960-0639,6952,
0000-0003-3960-4840,10589,
0000-0003-3985-5922,9871,
0000-0003-3996-570X,12591,
0000-0003-4019-7357,7757,
0000-0003-4032-8716,6746,
0000-0003-4078-7525,13762,
0000-0003-4092-4649,11160,
0000-0003-4094-4260,6892,
0000-0003-4140-8339,9553,
0000-0003-4164-7153,14042,
0000-0003-4194-7703,9768,
0000-0003-4227-0482,5515,
0000-0003-4336-0025,8059,
0000-0003-4347-0996,13167,
0000-0003-4366-4379,7394,
0000-0003-4404-9917,9250,
0000-0003-4469-9952,5634,
0000-0003-4490-301X,10125,
0000-0003-4502-2505,4520,
0000-0003-4593-466X,9513,
0000-0003-4605-6512,7495,
0000-0003-4647-8125,12651,
0000-0003-4673-1215,7529,
0000-0003-4806-3126,6724,
0000-0003-4849-9974,12635,
0000-0003-4885-7081,6427,
0000-0003-4899-6153,8580,
0000-0003-4951-9447,8310,
0000-0003-4958-6412,14616,
0000-0003-4984-7205,9550,
0009-0000-0531-2159,5560,
0009-0000-0790-3075,12609,
0009-0000-2235-7578,11324,
0009-0000-2511-9049,12454,
0009-0000-3406-7017,14746,
0009-0000-5510-5369,10241,
0009-0000-6496-8617,8287,
0009-0000-6786-301X,17812,
0009-0000-7007-8581,16671,
0009-0000-7160-8521,16255,
0009-0000-7236-0361,12171,
0009-0000-7595-9599,13731,
0009-0000-8146-6897,11558,
0009-0000-8439-7188,10595,
0009-0000-8940-8632,8886,
0009-0001-0049-5934,13858,
0009-0001-0554-1813,4665,
0009-0001-0916-2714,17813,
0009-0001-1760-9950,14395,
0009-0001-2037-0282,6163,
0009-0001-2150-8968,17315,
0009-0001-2322-0423,8309,
0009-0001-2412-0301,9244,
0009-0001-2612-3100,4443,
0009-0001-3935-5509,17814,
0009-0001-3938-7148,7803,
0009-0001-4142-9239,4754,
0009-0001-4395-7019,13390,
0009-0001-4681-8196,12456,
0009-0001-5059-5132,16041,
0009-0001-5601-8424,16020,
0009-0001-5608-8465,9450,
0009-0001-5879-4865,11462,
0009-0001-6051-3567,16941,
0009-0001-6154-2087,9126,
0009-0001-6365-6993,7671,
0009-0001-7354-0601,7229,
0009-0001-7601-8771,11505,
0009-0001-9119-065X,9304,
0009-0001-9131-5010,16973,
0009-0002-0067-2133,17815,
0009-0002-0358-0322,6794,
0009-0002-0851-5597,14158,
0009-0002-1350-1448,8268,
0009-0002-2131-5792,7494,
0009-0002-3996-4459,13169,
0009-0002-4115-9563,6988,
0009-0002-4244-2539,6699,
0009-0002-4422-173X,17313,
0009-0002-5194-7475,6557,
0009-0002-7259-5333,15923,
0009-0002-7352-2355,6759,
0009-0002-7486-8104,11894,
0009-0002-7875-020X,6624,
0009-0002-8006-1219,6463,
0009-0002-8245-1237,12147,
0009-0002-9264-3785,16318,
0009-0002-9286-7877,10897,
0009-0002-9678-9896,14001,
0009-0002-9890-216X,16722,
0009-0002-9960-9029,17816,
0009-0003-0009-502X,16005,
0009-0003-0276-9550,16507,
0009-0003-1553-0274,4644,
0009-0003-1775-5645,16761,
0009-0003-2540-1951,4376,
0009-0003-2645-2294,15819,
0009-0003-3113-6517,8848,
0009-0003-3924-4395,7525,
0009-0003-3959-3034,10887,
0009-0003-4783-8804,16113,
0009-0003-5407-4988,9042,
0009-0003-5513-4639,17817,
0009-0003-5783-900X,7504,
0009-0003-6058-0182,5607,
0009-0003-6595-7081,16489,
0009-0003-6644-7278,7675,
0009-0003-6735-0638,17818,
0009-0003-6809-0161,6051,
0009-0003-7923-9435,11595,
0009-0003-8171-9841,14329,
0009-0004-0041-5684,10410,
0009-0004-0301-9767,11804,
0009-0004-0370-0405,14415,
0009-0004-0858-3674,15935,
0009-0004-0916-8982,14587,
0009-0004-1389-5357,9981,
0009-0004-2187-6762,14786,
0009-0004-2725-821X,17135,
0009-0004-4054-4309,16947,
0009-0004-4955-7034,5345,
0009-0004-5090-1218,12493,
0009-0004-7301-0178,7762,
0009-0004-7358-8332,13927,
0009-0004-8985-7365,17147,
0009-0004-9671-061X,14693,
0009-0004-9949-1731,14157,
0009-0005-1689-6184,6578,
0009-0005-2133-045X,13348,
0009-0005-2407-368X,17162,
0009-0005-2996-4772,5594,
0009-0005-3254-6977,6100,
0009-0005-3367-0910,16306,
0009-0005-3443-707X,16473,
0009-0005-4169-543X,17528,
0009-0005-4200-7344,17819,
0009-0005-4412-7737,11914,
0009-0005-4841-3896,4577,
0009-0005-4939-3073,10426,
0009-0005-5531-2786,5139,
0009-0005-6527-0647,13048,
0009-0005-7522-2884,10821,
0009-0005-7635-8599,4983,
0009-0005-9435-7506,17141,
0009-0005-9717-5679,16865,
0009-0006-0993-7467,17820,
0009-0006-1006-4990,12799,
0009-0006-1027-7013,7388,
0009-0006-2974-5382,16627,
0009-0006-5139-9201,17763,
0009-0006-5172-5548,13356,
0009-0006-6432-3978,16830,
0009-0006-6951-6672,9308,
0009-0006-7083-1602,17821,
0009-0006-8449-8804,5714,
0009-0007-1610-5287,13040,
0009-0007-2025-8948,17397,
0009-0007-3339-3196,17822,
0009-0007-3471-3366,6592,
0009-0007-4740-5776,10842,
0009-0007-5874-3025,8432,
0009-0007-7267-6228,8846,
0009-0007-7619-2255,12357,
0009-0007-8272-0974,11322,
0009-0008-0301-7234,10470,
0009-0008-1802-2626,17425,
0009-0008-2132-4166,16079,
0009-0008-2602-8083,16882,
0009-0008-2607-7520,16089,
0009-0008-2811-4380,5002,
0009-0008-3130-8354,12929,
0009-0008-4346-5074,16279,
0009-0008-5127-899X,17761,
0009-0008-6716-0515,5698,
0009-0008-6796-0395,16763,
0009-0008-8868-3972,6556,
0009-0008-9035-6196,17823,
0009-0008-9693-2027,5926,
0009-0008-9728-3620,16186,
0009-0008-9825-3239,16806,
0009-0009-1224-8349,12662,
0009-0009-2144-0906,9358,
0009-0009-2224-2784,17824,
0009-0009-3511-3746,8162,
0009-0009-3573-573X,14235,
0009-0009-3584-4071,12182,
0009-0009-5569-033X,9973,
0009-0009-5636-6419,17766,
0009-0009-6727-603X,13832,
0009-0009-6782-2790,12222,
0009-0009-7353-6459,5779,
0009-0009-7874-840X,9430,
0009-0009-7975-9872,17825,
0009-0009-8777-6701,9673,
0009-0009-9772-3128,13004,
"3-ANDREWS, R.D.",20002,
3-B OIL CO.,20003,
6666 OIL CO.,20004,
a,15898,
A-MELL OIL PRODUCTION,20167,
A-MELL OIL PROPERTIES,20167,
A & K,15899,
A C. Richardson,12336,
A E. Morrow,11030,
A Heyl,8372,
A Hietanen,8391,
A Huerta,8664,
A Neale,11210,
A T DRILLING,20005,
A&M TRADING,20006,
A.  √Ålvarez Valero,14070,
A. A. Olsson,11466,
A. Ashton,4405,
A. B. Aldridge,4146,
A. Beasley,4697,
A. Bolz-C. Calvo,,A. Bolz-C. Calvo
A. Bolz - C. Calvo,,A. Bolz - C. Calvo
A. Borunda,5025,
A. Camacho,5489,
A. D. Morton,11037,
A. Davidson,6310,
"A. E. Blythe, D.W. Burbank, K. A. Farley, E.J. Fielding",,"A. E. Blythe, D.W. Burbank, K. A. Farley, E.J. Fielding"
A. F.,14938,
A. Geyer,7515,
A. Geyer / J.MartÌ,,A. Geyer / J.MartÌ
A. Geyer/J. MartÌ,,A. Geyer/J. MartÌ
A. Gill,7557,
A. Hochstaedter,8472,
A. Jennings,8940,
A. Leventer,9856,
A. Lobo,9993,
"A. M. Oil, Gas and Pipe Line Co.",20007,
A. Mosola,11049,
A. Peyton  Smith,13188,
A. Polo,17826,
A. Posluschny,11961,
A. Roberts,12407,
A. Schroth,12859,
A. Shemesh,13038,
A. Shevenell,13052,
A. Spencer,13347,
A. Tripati,13946,
A. Van Geen,7477,
A. Wendt/S.Brantley,,A. Wendt/S.Brantley
A.&P PRODUCTION CO.,20008,
A.B.C.,15900,
"A.Breckenridge, M.Moretto, M.Bear, M.Hanson, M.Ruhman",,"A.Breckenridge, M.Moretto, M.Bear, M.Hanson, M.Ruhman"
"A.E. Blythe, D.W. Burbank, K.A. Farley, E.J. Fielding",,"A.E. Blythe, D.W. Burbank, K.A. Farley, E.J. Fielding"
A.F. OIL CO.,20009,
A.G. Hare,8092,
A.H. Baker,4500,
A.H.A.,14940,
A.H.C.,14941,
A.J. Fabris,7005,
A.J. Graeff,7728,
A.L. Landes,9672,
A.M. Grunow,7857,
A.M.N.H.,28875,
A.N.R.,14942,
A.O. CO. (???),20010,
A.R. Dernbach,6469,
A.Wendt/S.Brantley,,A.Wendt/S.Brantley
aaa,14943,
aaaa,14944,
aalvarez@battelleecology.org,4001,
aandroski@battelleecology.org,4002,
aanteau@battelleecology.org,4003,
aanteau@neoninc.org,4003,
AARON,14945,
AARON-LINMAN-STOLTENBERG,20012,
Aaron Bingenheimer (ORCID 0000-0001-7471-9462),4870,
Aaron Bradner,5099,
Aaron Coons,6015,
Aaron Knauer (ORCID 0000-0001-5623-6512),9464,
Aaron Mills,10810,
Aaron Packman,11561,
Aaron Schoofs (ORCID 0000-0003-1075-1249),12838,
"Aaron, John",4004,
AB-TEX-WAYNE,20025,
AB-TEX PRODUCTION CO.,20024,
AB TEX-TWIN,20013,
Abbey Holsopple (ORCID 0000-0001-8237-5292),8542,
Abbey Vandenberg (ORCID 0000-0002-0036-730X),14101,
"Abbey, C.",4008,
"ABBEY, RALPH",4009,
ABBOTT,20014,
ABBOTT & RUTLAND,20014,
ABBOTT & TRAXLER,20014,
Abby Askew (ORCID 0000-0003-0974-7779),4408,
Abby Ekland/Shelley J. Meaux,,Abby Ekland/Shelley J. Meaux
Abby Obryant (ORCID 0009-0000-2631-417X),17216,
ABELL & BANCROFT,20015,
ABELL BROTHERS,20016,
ABELL BROTHERS - SHELL OIL CO.,20017,
ABELL BROTHERS OIL CO.,20016,
"ABELL, G.T.",4013,
"ABELL, GEORGE T.",4013,
"ABER, WILLIAM",4014,
"ABERCROBIE, J.S.",4016,
Abercrombie,20018,
ABERCROMBIE,20018,
ABERCROMBIE - ATLANTIC REFINING,20020,
ABERCROMBIE - HARRISON,20020,
ABERCROMBIE & HALBOUTY,20020,
ABERCROMBIE & HARRISON,20020,
ABERCROMBIE & NEUHAUS,20020,
ABERCROMBIE ET AL,20020,
ABERCROMBIE MINERAL CO.,20019,
"ABERCROMBIE, J. S.",4016,
"ABERCROMBIE, J.S & R.H.",20020,
"ABERCROMBIE, J.S.",4016,
"Aberdeen American Petroleum Co., Inc.",20021,
ABERNATHY ET AL,20022,
"ABERNATHY, HEDRICK, & CO.",20022,
"ABERNATHY, J.R.",4018,
"ABERNATHY, JACK",4019,
"ABERNATHY, R.C.",4020,
"Abert, J. J.",4022,
Abigail Rankin (ORCID 0000-0002-4194-7642),12162,
Abigail Schuster (ORCID 0000-0002-3052-3887),12875,
Abigail Shaw (ORCID 0000-0001-6656-515X),13016,
Abildgaard P.,4023,
abingenheimer@battelleecology.org,4024,
abradner@neoninc.org,4026,
Abradner@neoninc.org,4026,
ABRAHAM,15901,
Abraham Karam (ORCID 0000-0002-3471-5245),9192,
ABRAXAS PETROLEUM CORP.,20023,
Abrielle Blonde (ORCID 0009-0001-5601-8424),16020,
AC,15902,
AC/LO,15903,
acampanella@field-ops.org,4032,
ACCO OIL & GAS CO.,20029,
ACCUMULATIVE ROYALTIES CO.,20030,
Ace Drlg. Co.,20031,
ACE OIL & GAS,20032,
ACHNINE,15904,
ACHNING & DAUBERT,20033,
"Ackerman, A.",4036,
aclayton@neoninc.org,4040,
Acmar Landfill,15905,
ACME DRILLING CO.,20034,
Acme Drlg. Co.,20034,
ACORN,20035,
ADA EXPLORATION,20036,
ADA OIL,20037,
ADA OIL & HUNT OIL CORP.,20038,
ADA OIL CO.,20037,
ADAIR & DANIELS,20039,
ADAIR & MCDANIELS,20039,
"ADAIR, J.K. ET AL",4041,
ADAM & HAGGART,20040,
Adam Haynes,8209,
Adam Heathcote,8247,
"Adam Heathcote, Joy Ramstack",,"Adam Heathcote, Joy Ramstack"
Adam Hoffmann,8491,
Adam Hudson,8656,
Adam Killebrew,9355,
Adam Langley,9692,
Adam Nash (ORCID 0000-0001-5494-1832),11189,
Adam Nordsvan; Zheng-Xiang Li,,Adam Nordsvan; Zheng-Xiang Li
"Adam Parris, Paul Bierman, Andrea Lini",,"Adam Parris, Paul Bierman, Andrea Lini"
Adam Price,12021,
Adam Sanchez,12704,
Adam Soule,367,
Adam Soule & Brian Kennedy,,Adam Soule & Brian Kennedy
Adam Wiedewitsch (ORCID 0009-0009-5636-6419),17766,
Adam; Zhengxiang Li,,Adam; Zhengxiang Li
Adams,20042,
ADAMS,20042,
ADAMS-BRADLEY,20043,
ADAMS-HALE,20043,
Adams-Massey Drlg. Co.,20043,
ADAMS-RIDDLE,20043,
ADAMS & HAGGARTY,20043,
ADAMS & HAGGERTY,20043,
ADAMS & LEFEVRE,20043,
ADAMS & LYLES,20043,
ADAMS & WINDHAM,20043,
ADAMS & YOUNKINS,20043,
ADAMS ET AL,20043,
ADAMS ET AL & BAXTER,20043,
ADAMS OIL & GAS,20042,
ADAMS OIL & GAS  (SOHIO OIL-JUPITER),20043,
ADAMS OIL CO.,20042,
ADAMS WATER WELL,20044,
"ADAMS, A.E.",4043,
"ADAMS, F.J.",4047,
"ADAMS, FRED",4048,
"ADAMS, G.J. ET AL",4049,
"ADAMS, G.T.",4050,
"ADAMS, G.T. ET AL",4050,
"ADAMS, GORDON",4051,
"ADAMS, H.B. ET AL",4054,
"ADAMS, H.C.",4052,
"ADAMS, H.H.",4053,
"ADAMS, H.H. & RILEY",4053,
"ADAMS, HARRY",4055,
"ADAMS, HENRY ET AL",4057,
"ADAMS, J.R. - SEITZ",20046,
"ADAMS, K.S. JR.",4042,
"ADAMS, L.G.",4058,
"ADAMS, LYLES & NORMAN",20047,
"ADAMS, M.C.",4059,
"ADAMS, R.T.",4061,
"ADAMS, R.W. & SON",4062,
"ADAMS, SAM",4064,
adavila@neoninc.org,4067,
ADDINGTON ENTERPRISES,20048,
ADDISON,15906,
ADDISON-WARNER,20049,
adejesus@field-ops.org,4069,
Adela Rueter (ORCID 0000-0002-8223-020X),12586,
ADENA EXPLORATION,20050,
"Adi Gilli, Flavio Anselmetti",,"Adi Gilli, Flavio Anselmetti"
Adina Paytan,11693,
Adise Mekkonen,10664,
ADJ OIL CO.,20051,
ADKINS & TEXON OIL,20052,
ADKINS ET AL,20053,
"ADKINS, C.W.",4072,
ADL,15907,
ADLER,15908,
ADM. PETRO.NATL.,20054,
ADM.DE PET.NACIONAL,20054,
admin,14946,
ADMINSON ET AL,20055,
"ADMOR. DRILLING CO., INC.",20056,
ADOBE & PETERSON,20057,
Adobe Oil and Gas Corp.,20058,
ADOBE OIL CO.,20058,
ADOBE RESOURCES CORP.,20059,
"Adolfsson, Stig",4077,
Adrian Bender,17827,
Adrian Fiege/Philipp Ruprecht,,Adrian Fiege/Philipp Ruprecht
Adrian Jaycox,8899,
Adrian Kelly,9274,
Adrian Linsel,1843,
"Adrien Hannus, Eric C Grimm, Pietra G Mueller",,"Adrien Hannus, Eric C Grimm, Pietra G Mueller"
Adrienne Kentner,9313,
ADVANCE OIL CO.,20060,
Advanced Resources International,20061,
aedwards@battelleecology.org,4081,
aelion@battelleecology.org,4082,
"Aertker, W. Pat",4083,
"Agar, W. M.",4086,
Agegnehu Borko,5019,
AGGERS & STEWART,20066,
Agilla,15910,
agray@field-ops.org,4094,
"AGREES, MAX",4095,
"Agrell, S. O.",4096,
Agustin Israel Cruz Ortega,17798,
Agustina Narvaez-Paz (ORCID 0009-0008-5168-5587),17170,
"AHERN, T.J.",4104,
Ahlfeld F.,4107,
Ahlfeld Frederick,4107,
aholdorf@battelleecology.org,4111,
aholdorf@neoninc.org,4111,
Aholdorf@neoninc.org,4111,
ahuddle@battelleecology.org,4112,
Ahuff@field-ops.org,4113,
ahugi@battelleecology.org,4114,
"Ahuva Almogi, Emi Ito, Moti Stein, Steffen Mischke",,"Ahuva Almogi, Emi Ito, Moti Stein, Steffen Mischke"
"AID, HERBERT",4115,
"AID, HERBERT ET AL",4115,
Aidan Buyers,5415,
"AIGUIER, J.D. ET AL",4116,
"AIKER, A.B.",4117,
AIKMAN,14947,
AIKMAN BROS. CORP.,20068,
AIKMAN BROTHERS CORP.,20068,
AIKMAN OIL CORP.,20069,
"Ainsworth, Otis",4118,
AJ Petroleum Corp.,20070,
ajacobs@battelleecology.org,4119,
AJAX DRILLING CO.,20071,
ajimenez@field-ops.org,4120,
AJO OIL CO.,20072,
akantola@battelleecology.org,4123,
akeithline@battelleecology.org,4124,
Akeithline@battelleecology.org,4124,
AKIN-DIMROCK,20073,
AKIN & DIMOCK,20073,
AKIN ET AL,20073,
AKRON PRODUCTION CO.,20074,
akuczera@field-ops.org,4128,
"Al Merit Energy Co., Inc.",20075,
AL&M,15911,
"Ala-D-Oil Co., Inc.",20088,
Alabama-Georgia Gas and Oil Drilling and Development Corp.,20085,
Alabama By-Products Corp.,20076,
Alabama Dept. of Transportation,20077,
"Alabama Energy Group, Inc.",20078,
Alabama Gas Venture,20079,
ALABAMA MINERALS,20080,
"Alabama Natural Resources, Inc.",20081,
Alabama Oil and Development Co.,20082,
Alabama Oil Company,20083,
Alabama Power Co.,20084,
"Alabama, The University Of, Board Of Trustees",28018,
"Alabex, Inc.",20086,
ALADDIN,20087,
ALADDIN OIL CO.,20087,
"Alagasco Energy Co., Inc.",20089,
"Alagasco Energy Co., Inc.-Hawkeye Oil and Gas, Inc.",20089,
"Alagasco Energy Co., Inc.-Raintree Oil, Inc.",20089,
Alain IZART,17828,
Alaina Rodriguez (ORCID 0009-0000-2511-9049),12454,
ALAMO CORP.,20090,
ALAMO PETROLEUM WELL,20091,
ALAMOSA OPERATING CO.,20092,
"Alan Carroll, Tim Lowenstein, Mike Smith",,"Alan Carroll, Tim Lowenstein, Mike Smith"
Alan Deino,41,
Alan Heyvaert,8374,
"Alan Heyvaert, Brant Allen",,"Alan Heyvaert, Brant Allen"
"Alan Heyvaert, Scott Girdner, Mark Buktenica",,"Alan Heyvaert, Scott Girdner, Mark Buktenica"
Alan Selzer&Mike Nielson,,Alan Selzer&Mike Nielson
Alan Tajchman,13670,
Alana Hinchey,1138,
Alana M. Hinchey,1138,
alandes@field-ops.org,4132,
ALASKA & NEWMAN,20093,
ALASKA STEAMSHIP CO.,20096,
Alaska Volcano Observatory,20098,
ALATEX,20099,
"Alatex Energy, Inc.",20099,
"Alatex Energy, Inc. and Bernard/Hickox, Inc.",20099,
ALAZAN OIL CO.,20101,
Albanese,4133,
Albanese J.S.,4133,
"Albanese, John S.",4133,
Albany-Decatur Oil and Gas Co.,20102,
ALBANY OIL-FREEMAN,20102,
ALBAUGH,4134,
"ALBAUGH, RAY",4134,
"ALBAUGH, RAY A.",4134,
"Albee, Edward G.",4136,
Albert C. Peale,11700,
Albert Chern (ORCID 0009-0008-9728-3620),16186,
Albert E. Sanders,12713,
Albert J. Froelich,7362,
Albert L. Toenges,13883,
ALBERTA OIL CO.,20103,
Alberto Caracciolo,1719,
"Alberto Caracciolo, Andrea Ricci",,"Alberto Caracciolo, Andrea Ricci"
"Alberto Caracciolo, Andrea Ricci, Soley Johnson",,"Alberto Caracciolo, Andrea Ricci, Soley Johnson"
Alberto Saal,12649,
"ALBOUGH, RAY",4139,
"ALBRIGHT, BRUCE",4140,
ALBRITTON-NEVITT CORP.,20105,
"ALBRITTON, FORD D. JR.",4141,
ALCO ROYALTY CO.,20106,
ALCO ROYALTY CO. (?),20106,
ALCOA - RICHARD,20108,
ALCOA MINING,20109,
ALCOA MINING-SOUTHERN PRODUCTION,20109,
ALCOA MINING & CROWN CENTRAL,20109,
ALCOA MINING CO.,20109,
ALCOA MINING CO. ET AL,20109,
ALCOA TRUNKLINE ET AL,20110,
ALCORN OIL CO.,20111,
Alcorn Production Co,20111,
Alcorn Production Co.,20111,
ALDER OIL CO.,20112,
ALDRICH ET AL,20113,
"ALDRICH, C.F.",4145,
"ALDRICH, C.F. - SHELL OIL CO.",4145,
ALDRIDGE & STROUD,20114,
Alec Leonardini (ORCID 0000-0001-9552-981X),9841,
Alessandro Frigeri,978,
Alessandro Samuel-Rosa,291,
Alessandro Zanazzi,14860,
Alessio Lucca,986,
Alessio Rovere,371,
Alex Canady (ORCID 0000-0001-6659-7821),5521,
Alex Fager (ORCID 0000-0002-0205-7735),7010,
Alex Gifford (ORCID 0000-0002-9325-7846),7542,
Alex Herzog (ORCID 0009-0007-1423-8174),8351,
Alex Keithline,9250,
Alex Keithline (ORCID 0000-0003-4404-9917),9250,
Alex Marr,17829,
Alex Medvedeff,10650,
Alex Nereson,11244,
"Alex Nereson, Julia Anderson",,"Alex Nereson, Julia Anderson"
ALEX OIL CO.,20115,
Alex Tatum (ORCID 0000-0002-6953-2748),17622,
Alex Tworek (ORCID 0000-0002-3172-7101),14014,
Alex Washburn,1642,
Alex Wynne-ballard (ORCID 0000-0001-6603-4076),14774,
Alex Wynne-Ballard (ORCID 0000-0001-6603-4076),14774,
Alex Zagorevski,14852,
ALEXANDER,4149,
ALEXANDER & LYLES,20118,
ALEXANDER & LYLES ET AL,20118,
ALEXANDER & WESTBROOK,20118,
ALEXANDER BROTHERS,20116,
ALEXANDER ENERGY,20117,
ALEXANDER ET AL,20118,
Alexander G. Webb; Thomas M¸ller; Jiawei Zuo; Peter J. Haproff,,Alexander G. Webb; Thomas M¸ller; Jiawei Zuo; Peter J. Haproff
Alexander Graeff (ORCID 0000-0002-3030-0990),7729,
Alexander Neely,11215,
Alexander Prokopekno,93,
Alexander Prokopenko,93,
Alexander Reiten (ORCID 0000-0003-2962-9673),12274,
ALEXANDER SYNDICATE,20119,
Alexander¬†Wolfe,14697,
"Alexander, A.J. and Butler, O.E., Trustee",,"Alexander, A.J. and Butler, O.E., Trustee"
"ALEXANDER, C.H.",4151,
"ALEXANDER, D.C. ET AL",4153,
"Alexander, Stan",4157,
"ALEXANDER, THOMAS J.",4158,
Alexander_Clark,4152,
Alexandra Krull Davatzes,6301,
Alexandra Tworek (ORCID 0000-0002-3172-7101),14014,
Alexia Rojas,1759,
Alexys Boim,1141,
ALFORD DRILLING CO.,20120,
ALFORD TRUSTEE,20121,
ALFRED,15912,
ALGARD OIL CO.,20122,
ALGORD OIL & SNODEN,20122,
ALGORD OIL CO.,20122,
"ALGREN, W.W.",4161,
Ali Kerschner (ORCID 0009-0008-9825-3239),16806,
"Alia Lesnek, Jason Briner, Elizabeth Thomas, Allison Cluett, Brandon Graham, Nicol·s Young",,"Alia Lesnek, Jason Briner, Elizabeth Thomas, Allison Cluett, Brandon Graham, Nicol·s Young"
ALIANCE,15913,
Alican Aktag,1656,
ALIJHO CO.,20123,
Alireza Islami,8806,
Alison Anders,4237,
Alison Dernbach (ORCID 0000-0002-4557-4900),6470,
Alison Haddad (ORCID 0000-0002-3407-4177),7922,
Alison Shaw,13017,
Alison Shaw & Toby Fisher,,Alison Shaw & Toby Fisher
"Alison,ers",15914,
Alissa Kotowski,1175,
Alistair Alesch (ORCID 0000-0003-1699-6511),4148,
Alistair Hart-Alesch (ORCID 0000-0003-1699-6511),16629,
"Alivia Allison, Molly Davies",,"Alivia Allison, Molly Davies"
ALKEK,14948,
alkhafaji@battelleecology.org,4167,
ALL HANDS,15915,
ALLADIN,14949,
ALLAN CONSTRUCTION CO.,20124,
Allan Giliberson,7556,
"Allan, J. F.",4168,
ALLAUM ET AL OIL CO.,20125,
ALLBRITTON-NEVITT CORP.,20126,
ALLDAY-BENTLIFF,20127,
ALLDAY-TAYLOR,20127,
ALLDAY & BINTLIFF,20127,
ALLDAY TAYLOR,13705,
"ALLDAY, EDWIN",4170,
Allen,15916,
ALLEN,15916,
ALLEN-CORONADO,20132,
ALLEN-PARKER,20132,
ALLEN-SEABOARD,20134,
ALLEN & LARUE & SMITH,20132,
ALLEN & MCCORMICK,20132,
ALLEN & MORRIS,20132,
ALLEN & RITCHIE,20132,
ALLEN & SCHUMATE INC.,20132,
ALLEN & SCHUMATE INC. (PART INTER.: SUN OIL),20132,
ALLEN & WANGER,20132,
ALLEN DRILLING CO.,20131,
ALLEN ET AL,20132,
Allen Nutman,17830,
"Allen, A.",4171,
"ALLEN, B.F.",4172,
"ALLEN, BILL (BROOKWOOD DRILLING CO.)",4173,
"ALLEN, G.T.",4176,
"ALLEN, H.E. ET AL",4177,
"ALLEN, HUGH",4178,
"ALLEN, HUGO",4179,
"ALLEN, I. J. ET AL",4180,
"ALLEN, IRENE",4181,
"Allen, J. C.",4182,
"ALLEN, J.M. ET AL",4183,
"ALLEN, J.W.",4184,
"ALLEN, R.P. OIL CO.",4188,
"Allen, Richardson B.",4190,
"Allen, W.",4193,
"ALLEN, W.",4193,
"ALLEN, W.A. ET AL",4195,
"ALLEN, W.J.",4194,
ALLENDALE OIL CO.,20133,
allenr@battelleecology.org,4196,
Allie Cortese (ORCID 0000-0002-2580-6989),6062,
Allie Pankoff (ORCID 0000-0002-1768-4424),17249,
"Allie Wyman, Jessica Conroy, Melinda Higley, C.Karamperidou",,"Allie Wyman, Jessica Conroy, Melinda Higley, C.Karamperidou"
ALLIED & CO.,20135,
ALLIED & LACAL,20136,
"Allied Chemical Corp., Union Texas Petroleum Div.",20137,
ALLIED HYDRO & EQUITAB,20139,
ALLIED MATERIALS,20138,
ALLIED OIL CO.,20138,
ALLIED PRODUCTION,20138,
ALLIRISH & HOWELL,20140,
ALLISON,4198,
ALLISON-ANDERSON,20142,
ALLISON-GRAHAM,20142,
ALLISON-PRESTRIDGE,20142,
ALLISON-TAYLOR CO.,20142,
ALLISON & ABRAMS,20142,
ALLISON ANDERSON,4241,
ALLISON ET AL,20142,
Allison Holdorf (ORCID 0000-0001-9629-6106),8518,
Allison Hooks,8558,
Allison Myers-Pigg,11167,
Allison Severson,12966,
Allison Till,13849,
Allison Veach,14135,
Allison Vincent and Caroline Nash,,Allison Vincent and Caroline Nash
"Allison Vincent, Caroline Nash",,"Allison Vincent, Caroline Nash"
"ALLISON, F.M.",4200,
"ALLISON, FRED M.",4200,
"ALLISON, L.R.",4201,
"ALLISON, W.M.",4202,
ALLSMAN-BELL,20143,
Allyson Holmes (ORCID 0000-0002-6940-7496),8535,
ALMA OIL CO.,20144,
Alma Suarez (ORCID 0009-0007-8272-0974),17597,
ALMADEN MINING CO.,20145,
ALMAR,15918,
ALMEDA OIL,20146,
"Almquist, J.T.",4208,
ALOCO OIL CO.,20147,
ALPHA PETROLEUM CO.,20148,
ALPINE DEVELOPMENT CO.,20149,
ALPINE OIL,20150,
"Alquijay, P.",4211,
Alsay Pippin,11892,
ALSBROOK,4212,
"ALSOBROOK, J.W.",4213,
ALSTON,15919,
Alta mesa,20151,
"Alta Mesa Services, LP",20151,
ALTANTIC,15920,
"ALTGELT, MASON",20152,
"ALTGELT, MASON (WESTERN GULF DRILLING)",20152,
ALTO OIL & GAS CO.,20153,
ALTON LAWSON ET AL,20154,
Alton Powell Drlg. Co.,20155,
ALUM CREEK OIL CO.,20156,
ALUMINUM CO. OF AMERICA,20107,
ALUMNI,15921,
ALVARADO OIL CO.,20157,
"Alvarez, W.",4218,
Alyse Heaston (ORCID 0000-0001-5401-430X),8241,
Alyssa Schrull (ORCID 0000-0001-9009-8643),12861,
Alyssa Valentyn (ORCID 0000-0002-5456-0404),14069,
Alyssa Van Doorn (ORCID 0000-0001-9529-4416),14097,
Alyssa Voss (ORCID 0000-0001-6932-8707),14206,
AMALGAMATED-BONANZA,20158,
Amanda Davila,6322,
Amanda Jackson Mojica,10898,
Amanda Jackson Mojica (ORCID 0000-0002-4160-7656),8828,
Amanda Ketting-Olivier,9325,
Amanda Vazquez (ORCID 0000-0002-2639-2781),14134,
Amanda Wilcox-Waller (ORCID 0000-0002-9032-1515),14568,
Amanda Willingham,14627,
Amanda Zulema Calle,14930,
Amann Benjamin,4772,
Amarillo Oil Co.,20159,
AMARILLO OIL CO.,20159,
Amaury,15762,
Amaury; Zheng-Xiang Li,,Amaury; Zheng-Xiang Li
AMAX EXPLORATION,20160,
Amax Oil and Gas Inc,20160,
Amax Oil and Gas Inc.,20160,
Amax Petroleum Corp.,20160,
AMBASSADOR OIL & BAY CITY DRILLING CO.,20162,
AMBASSADOR OIL CORP.,20161,
AMBASSADOR OIL CORP. - JOHNSON,20162,
AMBASSADOR OIL CORP. & ULTRA OIL CO.,20162,
Amber Arias (ORCID 0000-0002-1491-0369),4351,
Amber Ciravolo and Shelby Fitch/Eugene Smith and Steve Rowland,,Amber Ciravolo and Shelby Fitch/Eugene Smith and Steve Rowland
Amber Ciravolo/Curtis Marean,,Amber Ciravolo/Curtis Marean
Amber G. Huntoon,8734,
AMBERGY-ESTES,20163,
AMBLER & PEARSON,20164,
AMBURGERY,20165,
AMECHE & PLYMOUTH,20166,
amegill@battelleecology.org,4224,
Amelia Sadlon (ORCID 0009-0009-1224-8349),12662,
"Amelung, F.",4226,
AMER-DILLARD & SCHIEMENZ,20175,
AMER-TEX OIL CO.,20205,
AMER REPUBLIC & CITIES SERVICE,20168,
AMERADA  PETROLEUM,20172,
AMERADA & STANOLIND,20170,
AMERADA HESS & PHILLIPS PETROLEUM,20170,
AMERADA HESS (AMERADA PETRO.),20170,
AMERADA HESS CORP,20169,
Amerada Hess Corp.,20169,
AMERADA HESS CORP.,20169,
"Amerada Hess Corp.-Amarilla Oil-Sarkeys, Inc.",20170,
AMERADA HESS CORP. (COQUAT?),20170,
AMERADA HESS CORP. (PREV. TEXAS PACIFIC OIL CO.),20170,
AMERADA PETR.-RYCADE,20174,
AMERADA PETR.-UPSHUR,20174,
AMERADA PETROLEUM - SKELLY,20173,
AMERADA PETROLEUM - STANOLIND,20173,
AMERADA PETROLEUM - SUN OIL,20173,
AMERADA PETROLEUM CORP,20171,
Amerada Petroleum Corp.,20172,
AMERADA PETROLEUM CORP.,20172,
AMERADA PETROLEUM CORP.-SHELL OIL,20173,
AMERADA PETROLEUM CORP. - DONNELLY,20173,
AMERADA PETROLEUM CORP. - GULF OIL,20173,
"AMERADA PETROLEUM CORP. - HAMMAN, JOHN",8011,
"AMERADA PETROLEUM CORP. - HAMON, J.L.",8024,
AMERADA PETROLEUM CORP. - MIDHURST,20173,
AMERADA PETROLEUM CORP. - MONTERREY,20173,
AMERADA PETROLEUM CORP. - RYCADE,20173,
AMERADA PETROLEUM CORP. - RYCADE OIL,20173,
AMERADA PETROLEUM CORP. - SOLO CO.,20173,
AMERADA PETROLEUM CORP. - STANOLIND,20173,
AMERADA PETROLEUM CORP. - SUN OIL,20173,
AMERADA PETROLEUM CORP. (KILROY CO.),20173,
AMERADA PETROLEUM CORP. ET AL,20173,
AMERICAN,28807,
AMERICAN CHIZUM & O'NEAL,20176,
"AMERICAN COMETRA, INC.",20177,
AMERICAN CRUDE,20178,
AMERICAN DRILLING CORP.,20179,
AMERICAN EXPLORATION (PREV: HDP INC.),20180,
AMERICAN EXPLORATION CO.,20180,
AMERICAN GENERAL,20181,
"American Hunter Exploration, Ltd.",20182,
"American Institute of Mining Engineering, Philadelphia, Pa",20183,
AMERICAN LIBERTY OIL - GUFFEY,20184,
AMERICAN LIBERTY OIL - PACIFIC,20184,
AMERICAN LIBERTY OIL CO.,20184,
AMERICAN LIVESTOCK & FUEL,20185,
AMERICAN MARACAIBO CO.,20186,
AMERICAN NATIONAL GAS,20188,
American Natural Gas,20188,
AMERICAN NATURAL GAS,20188,
American Natural Gas Corp.,20188,
AMERICAN OIL CO.,20189,
AMERICAN PETROFINA,20190,
AMERICAN PETROFINA CO.,20190,
American Petrofina Co. Of Texas,20191,
"American Petrofina Co. Of Texas and Kinard, Curtis A.",20191,
AMERICAN PETROFINA OF TEXAS,20191,
AMERICAN PETROLEUM CO.,20192,
AMERICAN PETROLEUM CORP.,20192,
American Potash and Chemical Corporation and Chemical Corporation,20193,
AMERICAN PROPERTIES,20194,
AMERICAN PUBLIC ENERGY,20195,
AMERICAN PUBLIC ENERGY CO.,20195,
AMERICAN QUASAR,20196,
American Quasar Petr,20196,
American Quasar Petroleum Co.,20196,
American Quasar Petroleum Co. Of New Mexico,20196,
AMERICAN REFINING CO.,20197,
AMERICAN REPUBLIC-HOUSTON OIL,20199,
AMERICAN REPUBLIC-MAGNOLIA,20199,
AMERICAN REPUBLIC & H.O.R.C.,20198,
AMERICAN REPUBLIC ET AL,20199,
AMERICAN REPUBLIC OIL CORP.,20198,
AMERICAN REPUBLIC OIL CORP. ET AL,20199,
AMERICAN TELE.-TELEGRAPH,20200,
AMERICAN TRADING,20201,
AMERICAN TRADING & PRODUCTION CO.,20202,
AMERICAN WELL-PROSPECTING CO.,20203,
"Amerind Oil Co., Inc.",20204,
AMES OIL & GAS,20206,
AMEX PETROLEUM,20207,
AMIB,15925,
Amiele@battelleecology.org,4229,
"AMIS, W.J. SR & JR.",20209,
"Ammex Petroleum, Inc.",20210,
Amnh,28875,
Amo C.,4231,
AMOCO (WESTERN STATES),20211,
Amoco Prod. Co.,20213,
AMOCO PRODUCTION - L.B. OIL CO.,20213,
AMOCO PRODUCTION CO,20212,
AMOCO PRODUCTION CO (PREV: GREAT EXPECTATION OIL),20213,
Amoco Production Co.,20213,
AMOCO PRODUCTION CO.,20213,
"Amoco Production Co.-Hamill, Claude B.",20213,
AMOCO PRODUCTION CO. - ATLANTIC/TIDEWATER/SKELLY,20213,
AMOCO PRODUCTION CO. - CITIES SERVICE,20213,
AMOCO PRODUCTION CO. - CONTINENTAL OIL CO.,20213,
"AMOCO PRODUCTION CO. - KING, CARL B.",20213,
AMOCO PRODUCTION CO. - LANDRETH PRODUCTION CORP.,20213,
AMOCO PRODUCTION CO. - PHILLIPS PETROLEUM CO.,20213,
AMOCO PRODUCTION CO. - STANOLIND OIL & GAS,20213,
AMOCO PRODUCTION CO. - SUN OIL CO.,20213,
AMOCO PRODUCTION CO. (ANDERSON-PRITCHARD OIL),20213,
AMOCO PRODUCTION CO. (FIRST AS PAN AMERICAN),20213,
AMOCO PRODUCTION CO. (HERMANN & HERMANN),20213,
AMOCO PRODUCTION CO. (HONOLULU OIL),20213,
AMOCO PRODUCTION CO. (IP FARMS),20213,
AMOCO PRODUCTION CO. (PAN AMERICAN),20213,
AMOCO PRODUCTION CO. (PAN AMERICAN/ENEXCO),20213,
AMOCO PRODUCTION CO. (PREV: MID-CONTINENT PETROLEUM CORP.),20213,
AMOCO PRODUCTION CO. (PREV: PAN AMERICAN),20213,
AMOCO PRODUCTION CO. (PREV: STANOLIND),20213,
AMOCO PRODUCTION CO. (STANOLIND OIL & GAS),20213,
AMOCO PRODUCTION CO. (UNION OIL OF CALIFORNIA),20213,
AMOCO PRODUCTION CO./HONOLULU OIL CO.,20213,
AMOCO PRODUCTION CO./HONOLULU OIL CORP.,20213,
AMOCO PRODUCTION CO./MOBIL OIL CO.,20213,
AMOCO PRODUCTION CO./STANOLIND OIL,20213,
AMOCO PRODUCTION CO./STANOLIND OIL & GAS,20213,
AMPECO,28808,
AMPOL,15926,
AMROC OIL CORP.,20214,
"AMSLER, H.M.",4233,
AMTEX,28756,
"Amy Ameis, Tina Niemi",,"Amy Ameis, Tina Niemi"
Amy Burgin,5348,
Amy Caldwell (ORCID 0000-0003-0250-5865),4000,
Amy Commendador,853,
Amy Gilmer,1832,
Amy Jacobs (ORCID 0000-0003-0817-8420),8842,
Amy Leventer,9856,
Amy Marcarelli,10285,
Amy Moser,1247,
Amy Myrbo,659,
Amy Myrbo et al,659,
"Amy Myrbo, Anders Noren, Kristina Brady",,"Amy Myrbo, Anders Noren, Kristina Brady"
"Amy Myrbo, Dave Hollander",,"Amy Myrbo, Dave Hollander"
"Amy Myrbo, DCSI students",,"Amy Myrbo, DCSI students"
"Amy Myrbo, Doug Ricketts",,"Amy Myrbo, Doug Ricketts"
"Amy Myrbo, Ed Swain",,"Amy Myrbo, Ed Swain"
"Amy Myrbo, Kari Jones, Phil Woods, Liam Reidy, David Wahl",,"Amy Myrbo, Kari Jones, Phil Woods, Liam Reidy, David Wahl"
"Amy Myrbo, Kelsi Ustipak",,"Amy Myrbo, Kelsi Ustipak"
"Amy Myrbo, Kent Kirkby",,"Amy Myrbo, Kent Kirkby"
"Amy Myrbo, Kevin Theissen",,"Amy Myrbo, Kevin Theissen"
"Amy Myrbo, Marylee Murphy",,"Amy Myrbo, Marylee Murphy"
"Amy Myrbo, Ray Rogers, Byron Karns",,"Amy Myrbo, Ray Rogers, Byron Karns"
"Amy Myrbo, Tom Howes, Shane Loeffler, GIDA camp",,"Amy Myrbo, Tom Howes, Shane Loeffler, GIDA camp"
"Amy Myrbo, Tom Howes, Stef Mayer",,"Amy Myrbo, Tom Howes, Stef Mayer"
Amy Radakovich Block,12116,
Amy Wassmer (ORCID 0009-0004-5717-2206),17726,
Amy Wiedenfeld (ORCID 0000-0002-5315-4009),14552,
An-Son Corp.,20270,
AN-SON CORP.,20270,
AN-SON PETROLEUM CORP.,20272,
Ana Lillian Martin-Del Pozzo,10354,
Ana Samperiz Vizcaino,14188,
ANACONDA,20215,
ANADARKO PRODUCTION CO.,20216,
Analia M. Forasiepi,7233,
ANASTACIO,14950,
Anastasia Ogloff,11422,
ANCON,15927,
ANCON & BEAMAN,20217,
Ancora Corp.,20218,
ANDAR,14951,
ANDARKO PRODUCTION CO.,20216,
ANDERMAN & HAYES,20219,
Anderman Operating Co.,20219,
Anderman Operating Co./Moon and Hines,20219,
Anderman/Smith Operating Co.,20219,
Anders Dahlin,17831,
"Anders Noren, Paul Bierman, Andrea Lini",,"Anders Noren, Paul Bierman, Andrea Lini"
ANDERSON,15928,
ANDERSON-ARMSTRONG,20230,
ANDERSON-COOK,20231,
ANDERSON-GRAHAM,20232,
ANDERSON-KERR,20233,
"ANDERSON-KERR,SLEDGE ET AL",20234,
ANDERSON-KIMBELL,20235,
ANDERSON-KIRKWOOD,20236,
ANDERSON-PARKER-MCCUNE,20237,
ANDERSON-PRICHARD,20238,
ANDERSON-PRICHARD OIL CO.,20239,
ANDERSON-PRICHARD OIL CO. - MAGNOLIA,20239,
ANDERSON-PRICHARD OIL CO. (PAN AMERICAN PETROLEUM CORP.),20239,
ANDERSON-PRITCHARD,20240,
ANDERSON-PRITCHARD ET AL.,20241,
ANDERSON-SUN,20242,
ANDERSON-WORD,20243,
ANDERSON-WORLD,20244,
ANDERSON & BOWMAN,20226,
ANDERSON & COOKIE,20226,
ANDERSON & JOHNSON,20226,
ANDERSON & KERR,20226,
ANDERSON & KERR ET AL,20220,
ANDERSON & MCKENZIE,20226,
ANDERSON & MEE,20226,
ANDERSON & MOORE,20226,
ANDERSON & MUNSON (KIRBY PETROLEUM),20221,
ANDERSON & PRICHARD,20226,
ANDERSON & RUTTER,20226,
ANDERSON & STIEREN,20226,
ANDERSON & WILLIAMS,20226,
ANDERSON & WOODS,20226,
ANDERSON DRILLING CO.,20222,
ANDERSON ET AL,20223,
ANDERSON FUEL,20224,
ANDERSON OIL CO.,20222,
Anderson Oil Explora,20225,
ANDERSON PETROLEUM CO.,20222,
ANDERSON PRICHARD,20227,
"Anderson, A. T.",4240,
"Anderson, Arden A.",4242,
"ANDERSON, CHARLES E.",4246,
"ANDERSON, DORMAN",4247,
"ANDERSON, G.R.",4248,
"ANDERSON, GEORGE",4249,
"Anderson, Harris G.",4250,
"Anderson, J.",4251,
"Anderson, J. and Bartek, L.",,"Anderson, J. and Bartek, L."
"Anderson, J. and Stravers, J.",,"Anderson, J. and Stravers, J."
"Anderson, J. B.",4252,
"ANDERSON, J. F.",4253,
"ANDERSON, J. K.-BOMAR, D. L.",,"ANDERSON, J. K.-BOMAR, D. L."
"Anderson, J.B.",4255,
"Anderson, J.B., Jakobson, M.",,"Anderson, J.B., Jakobson, M."
"ANDERSON, J.L.",4257,
"ANDERSON, J.M.",4258,
"ANDERSON, JAMES",4260,
"Anderson, John J.",4264,
"ANDERSON, PETERS, & BURNS",20228,
"ANDERSON, R.E.",4274,
"ANDERSON, R.S.",4273,
"ANDERSON, R.S. & ANGLE OIL",20229,
"ANDERSON, R.S. & P.W.",20229,
"ANDERSON, R.S. & PENROSE, G.",,"ANDERSON, R.S. & PENROSE, G."
"ANDERSON, RICHARD CO.",4277,
"Anderson, S.",4280,
"ANDERSON, S.D. - MIHOVIL, W.J.",,"ANDERSON, S.D. - MIHOVIL, W.J."
"Anderson, T. A.",4284,
"Anderson, Vernon H",4285,
"ANDERSON, W.D.",4286,
ANDERSON. J.E.,4256,
Anderson_John,4262,
andersono@battelleecology.org,4287,
ANDRADE OIL CO.,20246,
"ANDRADE, C. III",4289,
AndrÈ R Guimar„es,7879,
AndrÈ R Guimar„es; Marthe Kloecking,,AndrÈ R Guimar„es; Marthe Kloecking
Andrea Anteau (ORCID 0000-0001-5939-3206),4324,
Andrea Balbas (Andrea_Balbas@yahoo.com),4515,
Andrea Balbas (Balbasam@caltech.edu),4515,
Andrea Bateman (ORCID 0009-0003-1553-0274),4644,
"Andrea Brunelle, Jessica Spencer",,"Andrea Brunelle, Jessica Spencer"
Andrea Dutton,396,
Andrea Jimenez,8982,
Andrea Jimenez (ORCID 0000-0002-8070-0423),8982,
Andrea Kantola (ORCID 0000-0001-8511-9518),9183,
Andrea Victor (ORCID 0009-0002-0851-5597),14158,
Andreana Madera-Martorell,10213,
Andreas Kl¸gel,9455,
ANDREE DRILLING CO.,20247,
Andrei Khudoley,9341,
Andrej Andreev,4290,
"ANDREL, A.L. ET AL",20248,
Andres Aslan,17832,
Andrew Allibone,4197,
Andrew Barth,292,
Andrew Calvert,5484,
Andrew Dunning,1648,
Andrew Ellstrom (ORCID 0000-0002-6680-4162),6884,
Andrew Gleadow,7615,
Andrew H. Baldwin,4521,
"Andrew Haveles, Kristian Talmadge, David Fox, Kena Fox-Dobbs",,"Andrew Haveles, Kristian Talmadge, David Fox, Kena Fox-Dobbs"
"Andrew Hill, John Kingston, Al Deino, Andy Cohen",,"Andrew Hill, John Kingston, Al Deino, Andy Cohen"
Andrew Kaufmann,9218,
Andrew Price (ORCID 0000-0002-7122-6408),12022,
Andrew Robison & Sarah Bower,,Andrew Robison & Sarah Bower
Andrew Robison and Sarah Bower,,Andrew Robison and Sarah Bower
"Andrew Robison, Sarah Bower",,"Andrew Robison, Sarah Bower"
Andrew Stimetz (ORCID 0000-0003-0371-727X),13505,
Andrew Tyrrell,14020,
Andrew Uccello,14023,
Andrew Vandenbosch (ORCID 0009-0007-5577-3093),17688,
Andrew Zuza,14933,
ANDREWS,15929,
ANDREWS-SMITH ET AL,20252,
ANDREWS & MCCAMEY,20249,
ANDREWS ET AL,20250,
ANDREWS PETROLEUM CO.,20251,
ANDREWS SMITH,13190,
"ANDREWS, BUD",4296,
"ANDREWS, J. D.",4298,
"ANDREWS, J.D.",4299,
"ANDREWS, M.E.",4300,
ANDRUS-BORAH,20254,
ANDRUS & LEBEAUME (JOHNSON COUNTY EXPLORATION),20253,
Andy Breckenridge,5129,
"Andy Breckenridge, Mary Jenc",,"Andy Breckenridge, Mary Jenc"
"Andy Breckenridge, Nigel Wattrus",,"Andy Breckenridge, Nigel Wattrus"
"Andy Breckenridge, P. Fix",,"Andy Breckenridge, P. Fix"
"Andy Breckenridge, Reed Schwarting",,"Andy Breckenridge, Reed Schwarting"
"Andy Breckenridge, Tom Johnson",,"Andy Breckenridge, Tom Johnson"
"Andy Breckenridge, Tom Lowell, Ben Bates",,"Andy Breckenridge, Tom Lowell, Ben Bates"
"Andy Breckenridge, Tom Lowell, Ben Bates, M. Moretto",,"Andy Breckenridge, Tom Lowell, Ben Bates, M. Moretto"
"Andy Breckenridge, Tom Lowell, N.Norris, Ben Bates, M.Moretto, M. Pounder",,"Andy Breckenridge, Tom Lowell, N.Norris, Ben Bates, M.Moretto, M. Pounder"
"Andy Cohen, Tom Johnson, John King, Chris Scholz",,"Andy Cohen, Tom Johnson, John King, Chris Scholz"
"Andy Gray, Beth Watson",,"Andy Gray, Beth Watson"
"Andy Henderson, Doug Ricketts",,"Andy Henderson, Doug Ricketts"
Andy Michelson,10759,
"Andy Michelson, Jill Leonard-Pingel, Amy Myrbo, Keck students",,"Andy Michelson, Jill Leonard-Pingel, Amy Myrbo, Keck students"
Andy Stumpf/Praveen Kumar,,Andy Stumpf/Praveen Kumar
Aneliya Sakaeva (ORCID 0000-0002-8951-4934),12676,
Anewman@battelleecology.org,17188,
Angel Barbosa,4564,
"Angela Berthold, Valerie Stanley,Gary Meyer",,"Angela Berthold, Valerie Stanley,Gary Meyer"
Angela Bolz,910,
"Angela Bolz, Claudio Calvo",,"Angela Bolz, Claudio Calvo"
Angela Hessler,8363,
Angela Mundt (ORCID 0000-0001-7433-2532),11118,
ANGELO PETROLEUM CO.,20255,
Angelos Hannides,8056,
"Angino, Ernest",4310,
"ANGLE, CLARENCE",4311,
ANGLETON OIL & GAS,20256,
ANGLO-TEX,20257,
angood-hardy@battelleecology.org,4313,
"ANGUS ET AL-SHEDDEN, W.D.",20258,
ANGUS PETROLEUM CORP.,20259,
ANKOR E&P Holdings Corporation,20011,
ANKOR EandP Holdings Corporation,20261,
ANLLE OIL CO.,20262,
Ann-Sophie Jonas,778,
Ann Burgess,5346,
Ann Dunlea - Richard Murray,,Ann Dunlea - Richard Murray
Ann Morey Ross,10982,
ANN OIL CO.,20263,
ANN OIL CO. (WEINERT ET AL),20264,
Ann Wright,14740,
Anna Barth,1805,
"Anna Barth, Terry Plank",,"Anna Barth, Terry Plank"
Anna Bradney,5100,
Anna Catherine King (ORCID 0000-0002-7158-4969),5645,
Anna Claire Ferchaud (ORCID 0000-0003-2738-4545),5830,
Anna Henderson,8298,
Anna Klaassen (ORCID 0009-0006-6432-3978),16830,
Anna Kuczera,9585,
Anna M. R. Sartell,17833,
Anna Morreale (ORCID 0000-0002-8368-2283),11011,
"Anna Mpatsi, Dina Ghikas",,"Anna Mpatsi, Dina Ghikas"
Anna Mpatsi/Pavlos Tyrologou,,Anna Mpatsi/Pavlos Tyrologou
Anna Rollosson,12481,
Anna Schneider (ORCID 0000-0001-8929-3679),12823,
Anna Terekhova,13748,
Anna Tracey (ORCID 0000-0002-9095-8110),13922,
Anna Walker (ORCID 0000-0003-1389-3031),14252,
Anna Zirkes (ORCID 0000-0002-7943-392X),14918,
"Anna, Katie",4315,
Anne Cohen,5922,
Anne Devine (ORCID 0000-0003-1265-2180),6483,
Anne Fetrow/Elizabeth Trower,,Anne Fetrow/Elizabeth Trower
Anne Saball (ORCID 0000-0003-4647-8125),12651,
annedevine@battelleecology.org,4316,
Annie Hsiou,8631,
Annie Joseph (ORCID 0009-0007-5227-6673),16771,
"Annie Radke, Amy Myrbo, Phil Woods, Thomas Howes",,"Annie Radke, Amy Myrbo, Phil Woods, Thomas Howes"
"Annie Radke, Tom Howes, Amy Myrbo",,"Annie Radke, Tom Howes, Amy Myrbo"
Annie Saball,12651,
Annika Tolley (ORCID 0000-0002-7906-5928),13887,
"Anoskey, T.",4319,
anovella@battelleecology.org,4320,
ANR,15931,
ANR Production Co.,20265,
ANSCHUTZ CORP.,20266,
ANSCHUTZ CORP. (?),20267,
ANSCHUTZ CORP. (EXXON),20268,
Anschutz Exploration Corp.,20269,
ANSCHUTZ EXPLORATION CORP.,20269,
ANSELMETTI F,4322,
ANSON PETROLEUM CORP.,20271,
ANTELOPE PRODUCTION CO.,20275,
ANTHONY,15932,
Anthony Elion,6863,
Anthony Foucher,1362,
Anthony Foucher/Marion Le Gall/Olivier Evrard/SÈbastien Salvador-Blanes/Olivier Cerdan,,Anthony Foucher/Marion Le Gall/Olivier Evrard/SÈbastien Salvador-Blanes/Olivier Cerdan
Anthony Foucher/Olivier Evrard,,Anthony Foucher/Olivier Evrard
Anthony Furness (ORCID 0009-0006-1027-7013),7388,
Anthony G. Coates,5894,
Anthony Koppers,1,
Anthony Koppers (akoppers@ceoas.oregonstate.edu),1,
Anthony Koppers (akoppers@coas.oregonstate.edu),1,
Anthony Koppers/Paul Wessel,,Anthony Koppers/Paul Wessel
"Anthony Lanati, Joshua Shea",,"Anthony Lanati, Joshua Shea"
"Anthony Lanati, Joshua Shea, Prof. Stephen Foley",,"Anthony Lanati, Joshua Shea, Prof. Stephen Foley"
"Anthony Lanati, Marthe Klˆcking",,"Anthony Lanati, Marthe Klˆcking"
Anthony Reid,12265,
Anthony Shannon-Thorn (ORCID 0000-0002-5131-7716),13000,
ANTIBUS ET AL,20276,
"ANTIBUS, ROBERT (& LEHMAN)",20277,
ANTICLINE OIL CO.,20278,
Antje Schwalb,12882,
Antoine Mercier,1346,
Antoine MERCIER,1346,
Anton Kutyrev,1541,
ANTON OIL CORP.,20279,
Antonia Androski,4302,
Antonia Bottoms,5032,
Antonia Jordan-Millet (ORCID 0009-0001-6154-2087),16768,
Antonio Caruso,17834,
Antonio S·nchez Navas,12703,
ANTWIEL,15933,
Anu Ghuman (ORCID 0009-0003-3924-4395),7525,
Anureet Ghuman (ORCID 0009-0003-3924-4395),16513,
ANZAC ET AL,20280,
ANZAC OIL CORP.,20281,
ANZAC OIL CORP. -  MAXWELL,20283,
ANZAC OIL CORP. - L FRANKLIN,20283,
ANZAC OIL CORP. - MOUTRAY,20283,
ANZAC OIL CORP. - SEMMES,20283,
ANZAC OIL CORP. ET AL,20282,
APACHE-HEALEY-LE BLOND,20288,
APACHE & BENNETT,20286,
APACHE & STUART CO.,20286,
Apache Corp.,20284,
APACHE CORP.,20284,
APACHE CORP. - CHEVRON,20286,
APACHE CORP. - EL PASO,20286,
APACHE CORP. - ODESSA NATURAL GAS,20286,
APACHE CORP. & SOUTHLAND ROYALTY,20286,
APACHE CORP. (M.W.PETROLEUM),20285,
APACHE OIL CO.,20286,
APACHE/HEALEY/LE BLOND,20287,
APC,15934,
APCO OIL CO.,20289,
Apco Oil Corp.,20290,
"APELL, W.H.",4325,
Aperalta@battelleecology.org,4326,
APeralta@battelleecology.org,4326,
APEX DRILLING CO.,20291,
APEXCO,28809,
Apexco-American Quasar,20292,
Api,4327,
apiemonte@field-ops.org,4328,
apitz@battelleecology.org,4329,
APPELL OIL-BALLARD,20295,
APPELL OIL & GAS CO.,20294,
APPLIN & REED,20297,
APRELL & GULF,20298,
April Hugi,8685,
AQUATAINE,22387,
ARAB GAS CORP.,20315,
ARANSAS,20316,
ARANSAS-LIVE OAK RIDGE OIL CO.,20320,
ARANSAS DOCK & CHANNEL CO.,20317,
ARANSAS DRILLING CO.,20318,
ARANSAS FUEL,20319,
ARANSAS FUEL CO.,20319,
araper@battelleecology.org,4335,
Arathy Ravindran,17835,
"Araxas Exploration, Inc.",20321,
Arbuszewski_Jennifer,4338,
ARCADIA REFINING CO.,20323,
Archduke Stephen,13457,
ARCHENHOLD ET AL,20324,
Architect of The Capitol,20325,
ARCO,20326,
ARCO (DYCO PETROLEUM CO),20326,
ARCO (PAN AMERICAN),20327,
ARCO DEVELOPMENT & TWIN CITY OIL & GAS,20326,
ARCO EXPL DIV ATLANTIC-RICHFIELD,20326,
"Arco Oil  and  Gas Co., Div. Of Atlantic Richfield",20328,
ARCO OIL & GAS,20328,
ARCO OIL & GAS CO.,20328,
"Arco Oil & Gas Co., Div. Of Atlantic Richfield",20328,
ARCO OIL & GAS CORP.,20328,
ARCO OIL & GAS CORP. (HENDERSON CLAY),20328,
Arco Oil and Gas Co.,20328,
Arco Oil and Gas Co. Div. Of Atlantic Richfield,20328,
"Arco Oil and Gas Co., Div. Of Atlantic Richfield",20328,
ArcticGRO,20330,
ARD & DEEP OIL DEVELOPMENT CO.,20331,
ARD DRILLING CO.,20332,
"ARD Exploration, LLC",20333,
"ARDIN, LEWIS",4343,
"ARDIN, LEWIS-LEGGETT",20334,
AREADIA REFINING CO.,20335,
Arellano_Shawn,4346,
"Arem, J. E.",4348,
"Areson, Lee",4350,
ARGO & COATES,20337,
ARGO & TXL,20337,
ARGO DEVELOPMENT CO.,20336,
ARGO OIL CORP. (ARCO),20336,
ARGO OIL CORP. (ROCANVILLE CORP.),20336,
ARGO PETROLEUM CORP.,20338,
ARGO PETROLEUM CORP. (PAN AMERICAN PETROLEUM CORP.),20336,
ARGO ROYALTY,20339,
ARGO ROYALTY CORP.,20339,
Argonne Premium Coal samples,20343,
ARGUS OIL & GAS,20344,
Ari Romberg (ORCID 0009-0000-0654-6643),17407,
Ariana Carter (ORCID 0000-0003-0562-3007),5603,
Ariana Tavolino (ORCID 0000-0002-5431-1379),13704,
arias@battelleecology.org,4351,
Aric Hulsey (ORCID 0000-0002-1602-2154),8691,
ariddle@battelleecology.org,4352,
Ariel Borsook,5023,
ARIES OIL CO.,20345,
Aries V,4354,
ARIZONA,28876,
ARIZONA MINING,20350,
Arjun Heimsath,8272,
ARKANSAS-LOUISANA GAS CO.,20357,
ARKANSAS-LOUISIANA GAS,20358,
ARKANSAS FUEL-CRANFILL-REYNOLD,20355,
ARKANSAS FUEL-SUN-SEABOARD,20355,
ARKANSAS FUEL-SUN & SEABOARD,20354,
ARKANSAS FUEL-TAYLOR REFINING,20355,
ARKANSAS FUEL-TIDEWATER,20355,
ARKANSAS FUEL & GAS,20354,
ARKANSAS FUEL & PLACID,20354,
ARKANSAS FUEL & SUN OIL,20354,
Arkansas Fuel Oil Co.,20354,
ARKANSAS FUEL OIL CO.,20354,
ARKANSAS FUEL OIL CO. (CITCO),20354,
ARKANSAS FUEL OIL CO. (HUMBLE),20354,
ARKANSAS FUEL OIL CO. ET AL,20354,
ARKANSAS NATURAL GAS,20356,
ARKLA EXPLORATION,20359,
Arlene Megill (ORCID 0000-0002-4067-8225),10657,
Arlene Megill Irizarry (ORCID 0000-0002-4067-8225),10657,
ARLINGTON,15937,
"ARLINGTON, CITY OF",20360,
"Armadillo Services, Inc. of Alabama",20361,
ARMCO,14952,
ARMER-HOUSTON-FOREST,20362,
ARMER ET AL,20362,
"ARMER, L.H. & H.G. NELMS",20362,
"ARMER, M.B.",4361,
ARMOIL OIL CO.,20363,
ARMOUR PROPERTIES,20364,
"Armour, C. Dale and Sunnyland Contracting Co., Inc.",20365,
"Armour, Dale and Mar",4365,
"Armour, Hamilton et al",4366,
ARMSTRONG,15938,
Armstrong-Layne Central,20368,
ARMSTRONG-MESSER,20368,
ARMSTRONG-THURMAN,20368,
ARMSTRONG BROTHERS,20367,
ARMSTRONG ET AL,20368,
"ARMSTRONG, LE FEVRE & STOREY",20368,
"ARMSTRONG, PAT",4368,
ARNAUD F,4369,
ARNAUD F (ORCID:0000-0002-8706-9902),4369,
ARNAUD Fabien,4369,
Arndt Schimmelmann,12791,
ARNOLD,14953,
"Arnold, R.",4377,
"AROC (Texas), Inc.",20370,
arollosson@field-ops.org,4381,
ARONSON,15939,
arothchild@battelleecology.org,4384,
Arothchild@battelleecology.org,4384,
arothchild@field-ops.org,4384,
ARothchild@field-ops.org,4384,
ARPER-BYERS,20371,
Arron Steiner,13447,
ARROW DRILLING CO.,20372,
ARROW OIL CO.,20372,
ARROW PETROLEUM,20372,
ARROW PETROLEUM & YARBOROUGH,20372,
ARROW PETROLEUM CO.,20372,
ARROWHEAD DRILLING CO.,20373,
ARROWHEAD EXPLORATION,20374,
ARROWHEAD OIL CO.,20373,
Art Bettis,4830,
Art Bettis III/Praveen Kumar,,Art Bettis III/Praveen Kumar
Art White,14507,
Arthur Lakes,9649,
Arthur Mory,11042,
Arthur R. Kinkel Jr.,4389,
ARTZ,15940,
Asafov Evgeny,6996,
asanchez@field-ops.org,4392,
ASARCO,20375,
Asarco Incorporated,20376,
"Asbestos and Asbestos and Asbestic Company, Limited",20377,
aschirmer@field-ops.org,4395,
aschnell@field-ops.org,4396,
ASchnell@field-ops.org,4396,
asdfasdfadf,15941,
asdfasfsdfdsfa,15942,
ASHBORNE,15943,
ASHBURN & DANIEL,20378,
"ASHBURN, H.B.",4399,
ASHBY,14954,
ASHBY & HAGER,20379,
"ASHBY, C.M.",4400,
"Ashcroft Fleischmann, F.N.",4402,
ASHER RESOURCES (PREV: BAKER & TAYLOR DRILLING CO.),20380,
ASHLAND,14955,
ASHLAND EXPLORATION,20381,
ASHLAND EXPLORATION CO.,20381,
ASHLAND EXPLORATION INC.,20381,
Ashland Oil,28790,
ASHLAND OIL & REF CO & CABOT,20381,
"ASHLAND OIL & REFINING CO, INC",20381,
ASHLAND OIL CO.,20381,
Ashlee Dere,428,
Ashley Anderson,4243,
Ashley Ballantyne,4535,
ASHLEY BROTHERS,20382,
Ashley Bryant (ORCID 0000-0002-2543-4353),5282,
Ashley Campbell,5507,
Ashley Gibson (ORCID 0000-0003-4673-1215),7529,
Ashley Landes,9673,
Ashley Landes (ORCID 0009-0009-8777-6701),9673,
Ashley Manning-Berg,716,
Ashley Moerke,10888,
Ashley Spink (0000-0002-5484-7763),13366,
Ashley Spink (ORCID 0000-0002-5484-7763),13366,
"ASHLEY, R.",4404,
ASHMAN & HILLARD,20383,
ASHMUN-HILLARD,20383,
ASHMUN & HILLARD,20383,
ASHMUN & HILLIARD,20383,
ASHMUN & HILLIARD-FOREST,20383,
ASHMUN & HILLIARD - MONTEREY,20383,
ASHMUN & HILLIARD - U.S.SMELTING,20383,
ASHMUN & HILLIARD - UNION PRODUCTION CO.,20383,
ASHMUN & HILLIARD & PAN AMERICAN,20383,
ASHMUN & HILLIARD OIL CO.,20383,
ASHMUND & HILLIARD,20383,
ASHTOLA,15944,
"Ashwill, W.",4406,
"Ashworth, Allan C.",4407,
Asia Sawyer (ORCID 0000-0001-6508-1786),12753,
Asish Basu,4639,
"Askin, Rosemary A",4409,
"Askin, Rosemary A.",4409,
"Aslaug Geirsdotter, Gifford Miller, Darren Larson",,"Aslaug Geirsdotter, Gifford Miller, Darren Larson"
"Aslaug Geirsdotter, Gifford Miller, Kate Zalzal",,"Aslaug Geirsdotter, Gifford Miller, Kate Zalzal"
"Aslaug Geirsdottir, Gifford Miller",,"Aslaug Geirsdottir, Gifford Miller"
Asma Djeddi,6546,
ASMOND & HILLIARD,20383,
ASPEN,15945,
aspink@neoninc.org,4410,
asplin@battelleecology.org,4411,
ASSOC. OIL & GAS-SHELL,20386,
ASSOCIATED,28810,
ASSOCIATED & GULF STATES,20386,
ASSOCIATED DEVELOPMENT CO.,20386,
ASSOCIATED O&G & HALBOUTY,20386,
ASSOCIATED OIL & GAS,20386,
ASSOCIATED OIL CO.,20386,
ASTERN TEX,28757,
astimetz@battelleecology.org,4414,
atajchman@battelleecology.org,4416,
ATASCOSA OIL & GAS CO.,20389,
ATASCOSA TRUST CO.,20390,
ATCHISON,28758,
ATCHLEY,15946,
ATCO OIL CO.,20391,
ATEMAN,14956,
ATEMAN & RANENGER,20392,
ATEX,15947,
ATEX OIL CO.,20393,
"ATHENS, E.J.",4418,
ATKINS,15948,
ATKINS-O'NEIL,20395,
ATKINS-O'NEILL,20395,
ATKINS-PITTMAN,20397,
ATKINS & O'NEIL,20395,
ATKINS ET AL,20394,
ATKINSON,14957,
ATKINSON OIL CO.,20396,
"ATKINSON, WM. H.",4420,
ATKNS & O'NEIL,20395,
ATLANTA,14958,
ATLANTA OIL & GAS,20400,
ATLANTIC,20400,
ATLANTIC-RICHFIELD,20406,
ATLANTIC-RICHFIELD CO.,20406,
ATLANTIC-RICHFIELD CORP.,20406,
ATLANTIC OIL-BOYD,20401,
ATLANTIC OIL-EMPIRE,20401,
ATLANTIC OIL-GULF OIL,20401,
ATLANTIC OIL-ROYALTY,20401,
ATLANTIC OIL-TIDEWATER,20401,
ATLANTIC OIL - CONEHO,20400,
ATLANTIC OIL - CONTINENTAL,20400,
ATLANTIC OIL CO.,20400,
ATLANTIC OIL CORP.,20400,
ATLANTIC OIL CORP.-EATON,20401,
ATLANTIC OIL CORP. - SKELLY,20400,
ATLANTIC OIL CORP. - TIDEWATER,20400,
ATLANTIC OIL CORP. (RANCHO OIL CO.),20400,
ATLANTIC OIL CORP. ET AL,20401,
ATLANTIC OIL PRODUCING,20402,
ATLANTIC PROSPECT,20403,
ATLANTIC REFIINING CO.,20404,
ATLANTIC REFINING-ALAMO,20405,
ATLANTIC REFINING-GULF,20405,
ATLANTIC REFINING-HEYSER-HEARD,20405,
ATLANTIC REFINING-MCCARTHY,20405,
ATLANTIC REFINING-PENN-MIDWEST,20405,
ATLANTIC REFINING-STANOLIND,20405,
ATLANTIC REFINING - SOUTHWOOD OIL,20404,
ATLANTIC REFINING - TRANSWESTERN,20404,
ATLANTIC REFINING (TEXAS INDEPENDENT EXPLORATION),20404,
Atlantic Refining Co,20404,
ATLANTIC REFINING CO & SUN OIL CO.,20404,
Atlantic Refining Co.,20404,
ATLANTIC REFINING CO.,20404,
ATLANTIC REFINING CO. - BARBER,20404,
ATLANTIC REFINING CO. - DELMAR,20404,
ATLANTIC REFINING CO. - DORR,20404,
ATLANTIC REFINING CO. - HOUSTON,20404,
ATLANTIC REFINING CO. - JONES,20404,
ATLANTIC REFINING CO. - NEWMAN BROTHERS,20404,
ATLANTIC REFINING CO. - PENN,20404,
ATLANTIC REFINING CO. - STANDARD,20404,
ATLANTIC REFINING CO. & SINCLAIR,20404,
ATLANTIC REFINING CO. & SUPERIOR,20404,
"ATLANTIC REFINING CO. (CPC, ESSENJAY)",20404,
ATLANTIC REFINING CO. (WESTERN NATURAL GAS),20404,
ATLANTIC REFINING CO. ET AL,20405,
ATLANTIC RICHFIELD,20406,
Atlantic Richfield Co.,20406,
ATLANTIC RICHFIELD CO.,20406,
ATLANTIC RICHFIELD CO. (PHILLIPS PETROLEUM CO.),20406,
ATLANTIC ROYALTY CORP.,20407,
ATLAS-CARBOY-SHAMROCK,20410,
Atlas Methane Development Corp.,20409,
ATLAS OIL CO.,20408,
ATLAS PRODUCTION CO.,20408,
ATLEE OIL CO.,20411,
"ATTEBURY, W.H.",4421,
"ATWOOD, F.K. ET AL",4423,
atworek@battelleecology.org,4424,
Aubrey Labarre,9618,
auccello@battelleecology.org,4426,
auccello@field-ops.org,4426,
AUCHAUER,15949,
AUDA OIL,20413,
Audrey Massmann,10378,
Audrey Salmons (ORCID 0009-0008-2982-4579),12686,
Audrey Taillefer,1738,
Audrey Whaley (ORCID 0000-0001-7269-5663),14489,
auer@battelleecology.org,4427,
"Aughenbaugh, Nolan T.",4429,
AUGUST KOTHMANN,9523,
AULD-CARTER-COQUAT,20415,
AULD-WOODWARD,20415,
AULD & BROWN,20415,
AULD & TUCKER DRILLING,20415,
AULD & WOODWARD,20415,
"AULD, DAN",4430,
"AULD, DAN-BRILL",20415,
"AULD, DAN & ROCK HILL OIL CO.",20415,
"AULD, DAN ET AL",20415,
"AULD, JACK & DAN",20415,
"Aumento, F.",4433,
Aurelie Germa,1829,
AURORA,14959,
Aurora Silleni,17836,
AUSANKA,15950,
AUSTIN,15951,
AUSTIN-ALSABROOK,20418,
AUSTIN-BROWN,20418,
Austin & Ben-Avraham,20418,
Austin Boles,1074,
AUSTIN BRIDGE CO.,20416,
Austin Krupar (ORCID 0009-0002-8133-0847),16849,
AUSTIN OIL & DRILLING CO.,20417,
AUSTIN PRODUCTION CO.,20417,
Austin Riddle (ORCID 0000-0002-2135-1091),12356,
Austin Schessl (ORCID 0000-0002-0226-3205),12782,
"AUSTIN, W.D.",4438,
AUSTRAL,15952,
"AUSTRAL & OWEN, J.P.",20421,
AUSTRAL & PAN AM,20421,
AUSTRAL & SOHIO,20421,
AUSTRAL OIL,20419,
AUSTRAL OIL CO.,20420,
AUSTRAL OIL CO. & CACTUS DRILLING CO.,20420,
AUSTRAL OIL CO. & PAN AMERICAN PETROLEUM CORP.,20420,
AUSTRAL OIL CO. ET AL,20420,
AUTO ORDINANCE CORP.,20424,
Autochem,20425,
AUTOORDNANCE ET AL,20424,
AUTRY ET AL,20426,
Ava Ward (ORCID 0009-0007-2594-7945),17721,
AVALANCHE-JOURNAL PUBLISH. CO.,20427,
Avazquez@battelleecology.org,4441,
"Avent, et al",20428,
"Averill, J. B.",4446,
Avers C.,4448,
AVERY & HULYER,20429,
Avery Berg (ORCID 0000-0001-7752-1312),4797,
Avery Dean (ORCID 0009-0007-6110-2261),16303,
"Avery Shinneman, John Burkhardt",,"Avery Shinneman, John Burkhardt"
AVILA OIL CO.,20430,
AVON ENERGY,20431,
"Avriel Schweinsberg, Jason Briner, O.Bennike, E.Thomas, Heidi Roop,  A.Lesnek, A.Cluett, Nick Young",,"Avriel Schweinsberg, Jason Briner, O.Bennike, E.Thomas, Heidi Roop,  A.Lesnek, A.Cluett, Nick Young"
"Avriel Schweinsberg, Jason Briner, O.Bennike, Joe Licciardi",,"Avriel Schweinsberg, Jason Briner, O.Bennike, Joe Licciardi"
awaldron@field-ops.org,4451,
AWaldron@field-ops.org,4451,
awaller@battelleecology.org,4452,
AWOEB,15953,
Axel Hofmann,8495,
AXELSON,15954,
AXEM RESOURCES,20435,
AXEM RESOURCES INC.,20435,
AYLESWORTH,14960,
Aylin Karadas,9191,
AYLWARD,4458,
AYLWARD-REED,20436,
"AYLWARD, P.J.",4458,
AYNESWORTH,15955,
"AYRES, GEORGE",4462,
Ay≈üeg¸l Feray Meydan,10732,
aytes@battelleecology.org,4463,
AZTEC,28759,
AZTEC OIL & ROYALTY CO.,20437,
AZTEX ET AL,20438,
"B-B-C ROYALTY CO., INC.",20559,
B & C,14961,
B & W,15956,
B Buttler,5412,
B C,15957,
B C. Hearn Jr.,8238,
B C. Parks,11629,
B Doe,6569,
B F & H OIL CO.,20439,
B F. Sturtz,13583,
B Mason,10369,
B W. Gandrud,7428,
B&B OIL CO.,20440,
B&L PRODUCTION CO.,20441,
B&T CO.,20442,
B&T OIL (BLAIR-VREELAND),20442,
B. Briggs,5163,
B. Buckley/ M. MacDonald,,B. Buckley/ M. MacDonald
B. Buckley/E. Cook,,B. Buckley/E. Cook
B. Buckley/G. Jacoby/R. D'Arrigo,,B. Buckley/G. Jacoby/R. D'Arrigo
B. C. Hearn Jr. and Dr. Stephen H. Kirby,,B. C. Hearn Jr. and Dr. Stephen H. Kirby
B. D. Cramer,6128,
B. Ellwood,6888,
B. Glidersleeve,7620,
B. H. H.,15958,
B. H. L.,15959,
B. L. Fillingame,7141,
B. L. Mcclanahan,10479,
B. Lowe,10066,
B. Nicolson,11297,
B. Smith,13191,
B. W. Bates,4651,
B.B.&M. DRILLING CO.,20443,
B.B.M. DRILLING,20443,
B.B.M. DRILLING CO. ET AL,20443,
B.B.S.,14962,
B.C.,14963,
B.D. Cramer,6128,
B.D. Gschwind,7860,
B.D.K.,20444,
B.D.K. OIL CO.,20444,
B.E. Davis,6325,
B.E.G.,14964,
B.H.P. PETROLEUM,20445,
B.H.P. PETROLEUM AMERCAS,20446,
B.L.K.,14965,
B.M.N.H.,15960,
B.S.N.H.,15961,
B.T. Jordan,9121,
B.T. ROYALTIES CO.,20447,
B.T.A.,14966,
BA,14967,
BABB,15962,
"BABB, WAYNE",4467,
"Babcock, Loren",4468,
"Back, J. M.",4469,
BACON-DOUGLASS-BLANTON,20449,
BACON ET AL,20448,
"BACON, W.D.",4474,
badame@battelleecology.org,4475,
BADGER OIL CO.,20451,
"Baez, W.",4480,
baez@battelleecology.org,4479,
BAGGETT,15963,
"BAGLEY, V.",4481,
BAGWELL,15964,
BAHAN-RHODES,20452,
"BAHAN, RHODES & FITZPATRICK",20452,
BAILEY,14968,
BAILEY-BALKEN,20454,
BAILEY-BALKIN,20454,
BAILEY-LOFTON,20454,
Bailey Daniels (ORCID 0000-0001-9435-6144),6276,
BAILEY DEVELOPMENT CO.,20453,
Bailey Hall (ORCID 0000-0001-8663-4036),7966,
"BAILEY, JOE",4490,
"BAILEY, JOE K.",4490,
"BAILEY, JONAS W. - STUDENT THESIS CORE",4491,
"Bailey, L.",4492,
"Baillio, George",4494,
"Baillio, George and Trotter, J.H.",,"Baillio, George and Trotter, J.H."
"Bain, H.",4495,
"Bain, J.",4496,
BAINES CRUDE PETROLEUM,21854,
BAIRD & PFEIFFER,20455,
BAKER,15965,
BAKER-RAY,20458,
BAKER-SHIFLETT,20458,
BAKER-TAYLOR,20461,
BAKER & HODGES,20458,
BAKER & JONES,20458,
BAKER & KEETCH ET AL,20458,
BAKER & TAYLOR,20458,
BAKER & TAYLOR DRILLING,20458,
BAKER & TAYLOR DRILLING CO.,20458,
Baker Day,6358,
Baker Drlg. Co.,20456,
BAKER ET AL,20458,
Baker Hill Water Authority,20457,
"Baker, D. R.",4501,
"BAKER, H.A.",4502,
"BAKER, H.F.",4503,
"BAKER, H.J.",4504,
"BAKER, L.O. ET AL",4505,
"BAKER, LEE",4506,
"BAKER, PAT ET AL",4507,
"BAKER, S.D. ET AL",20458,
BAKERS-TAYLOR,20459,
BAKKE,4511,
BAKKE J,4513,
BAKKE OIL CO.,20462,
"BAKKE, W.E.",4514,
"BAKKE, W.E. CO.",20462,
"BAKKE, W.E. JR.",4514,
"BAKKE, W.E. OF SAN ANTONIO",4514,
"Balco, Greg",4516,
BALCONES OIL CO.,20463,
BALCONES PETROLEUM CO.,20463,
BALCRON OIL,20464,
BALDRIDGE,15966,
BALDRIDGE & KING,20465,
BALDRIDGE & VESSELS,20465,
BALDWIN,15967,
BALDWIN-SULTAN OIL CO.,20468,
Baldwin County Oil And Development Company,20466,
BALDWIN ET AL,20467,
baldwinh@battelleecology.org,4523,
BALKEL-HARCOURT,20469,
BALKEN,15968,
BALKEN-HARCOURT,20470,
BALKIN,15969,
Ball,14969,
BALL & MALONE,20472,
BALL & MEANS,20472,
BALL OIL CO.,20471,
"BALL, GEORGE OIL CO.",20471,
"BALLANGER, AL",4534,
BALLARD,14970,
BALLARD-MERCER,20474,
BALLARD-UNDERWOOD,20474,
BALLARD & CARDELL,20474,
BALLARD & COBY ET AL,20474,
BALLARD & CORDELL,20474,
BALLARD & CORDELL & SOHIO,20474,
Ballard & Mayer,20474,
BALLARD & UNDERWOOD,20474,
Ballard Drlg. Co.,20473,
BALLARD EXPLORATION CO.,20473,
"BALLARD, TROY OIL CO.",20474,
"BALLARD, W.P.",4539,
"BALLARD, WILLY P. JR.",4539,
BALLER & RUTLEDGE,20475,
"BALLEW, DORRIS INC.",20476,
BALTIC & DUPHRONE,20477,
BALTIC CO.,20477,
BALTIC DRILLING CO.,20477,
BALTIMORE - TEXAS SYNDICATE,20478,
BALTO-TEXAS OIL CO.,20479,
"Bam Energy, Inc.",20480,
Bama Oil and Gas Co.,20481,
"Bama Oil and Gas Co.-Landers, R.M.",20481,
BANDER & BARNES,20482,
BANDERA,15970,
BANDERA - COUCH,20483,
"BANDERA, CITY OF.",20484,
Banerji,14971,
BANKERS TRUST CO.,20485,
BANKHEAD DRILLING CO.,20486,
"BANKHEAD JR., CHARLES C.",4546,
"BANKHEAD, A.J.",17838,
"BANKHEAD, A.J. (S.H. HOWELL)",17838,
BANKLINE,14972,
BANKLINE & HURT LTD,20488,
BANKLINE OIL CO.,20487,
"BANKLINE, WILSHIRE BASIN",20488,
BANKS,14973,
BANKS-HAMILTON-SINCLAIR,20489,
BANKS-MILLER OIL CO.,20489,
"Banks, H. H.",4548,
"BANKS, LEE - BOCK, E. R.",,"BANKS, LEE - BOCK, E. R."
"Banks, N. G.",4550,
"BANKS, R.C. AND J.M. HAMILTON",,"BANKS, R.C. AND J.M. HAMILTON"
BANNER ET AL,20490,
BANNER PETROLEUM CO.,20491,
Bannerman Granite Company,20492,
"Bannister, L. Rex",4553,
BANQUETTE OIL CO.,20493,
baptista@battelleecology.org,4554,
BAR-M PETRO,20502,
BAR-M PETROLEUM,20502,
BAR M,20494,
BAR M PETROLEUM,20495,
BAR M PETROLEUM (MW PRODUCTION),20496,
BAR M PETROLEUM CO. INC,20496,
"Baranoski, M.",4557,
Barb Hanes,8042,
Barb Hansen,8060,
Barbara J. Waugh,14371,
BARBARA OIL,20497,
BARBARA OIL CO.,20497,
BARBEE,15971,
BARBEE & HUNTER,20498,
"BARBEE, R.E. ET AL",4560,
BARBER,15972,
"BARBHART, PAUL F.",4562,
Barbosa C.,4565,
BARBOUR,14974,
"BARBRE, R.E. ET AL",4567,
BARGAR,4570,
BARGER,14975,
BARIA & WARNER ET AL,20499,
BARKER EXPLORATION CO.,20500,
"Barker, D. S.",4571,
"BARKER, ROY",4573,
BARKLEY & MEADOWS,20501,
BARLOW,15973,
Barnard A.,4578,
BARNDALL,15974,
BARNES,14976,
BARNES-BRICKHAM,20505,
BARNES-HAMMAN,20505,
BARNES-JONES,20505,
BARNES & BERGER,20505,
BARNES & TRAUGH,20505,
"Barnes Oil and Gas, Inc.",20504,
Barnes Oil Co.,20504,
"BARNES, J.C.",4579,
"BARNES, J.C. & HOLBROOK, F.W.",,"BARNES, J.C. & HOLBROOK, F.W."
"BARNES, J.C. OIL CO.",20504,
"BARNES, J.C. OIL CO. (ATLANTIC RICHFIELD)",20504,
"BARNES, J.C. OIL CO. (RAMSLAND-BARNES-WYNN)",20504,
"BARNES, S.C.",4582,
BARNET PETROLEUM,20507,
BARNETT,14977,
BARNETT - DRAKE,20506,
BARNETT ET AL,20506,
BARNETT PETROLEUM CO.,20507,
"BARNETT, H.Y.",4583,
barnettk@battelleecology.org,4585,
BARNEY-CARTER ET AL,20508,
"Barney, G.",4586,
BARNHARD & B.B.M.,20509,
BARNHART-ROBERTS,20511,
BARNHART & MCDERMOTT,20511,
BARNHART & MCDORMOTT,20511,
BARNHART OIL,20510,
"BARNHART, GILES, & FIBLOS",20511,
BARNSDALL,15975,
BARNSDALL OIL-RUTHERFORD,20512,
BARNSDALL OIL-SHELL,20512,
BARNSDALL OIL - SOHIO,20512,
BARNSDALL OIL CO.,20512,
BARNSDALL OIL CO. & ARCO,20512,
BARNSDALL OIL CO. (SUNRAY),20512,
BARNSDALL OIL CO. ET AL,20512,
BARNSDELL OIL CO.,20512,
"BARNUM, R.G.",4587,
"Barnwell Drilling Co., Inc.",20513,
BARNWELL OIL CO.,20513,
Baroness Burdett-coutts,5341,
baronn@battelleecology.org,4588,
"Barquero, J.",4590,
"BARR, JACK",4592,
barrb@battelleecology.org,4595,
BARREN,14978,
BARREN & GRIFFITH,20514,
Barrett,15976,
BARRETT,15976,
BARRETT-LOW,20515,
BARRETT-LOWE,20515,
BARRETT-RED RIVER,12384,
BARRETT & RED RIVER,20515,
"BARRETT, A.T. JR.",4598,
"BARRETT, E.E. ET AL",4599,
"BARRETT, OLGA ET AL",4601,
"Barrett, P.",4602,
"Barrett, Peter J.",4603,
"Barringer, D. M.",4604,
BARRON,15977,
BARROW,14979,
BARROW & GRIFFITH,20516,
BARROW DRILLING CO.,20517,
"BARROW, L.T.",4605,
BARSODI-CROSBY INC,20518,
"Bart, P.",4606,
"Bart, Philip",4606,
Bartek L. & Luyendyk B.,,Bartek L. & Luyendyk B.
"Bartek, L.",4607,
"Bartek, L. ",4607,
"Bartek, L. & Luyendyke, B.",,"Bartek, L. & Luyendyke, B."
"Bartek, L. and Luyendyk, B.",,"Bartek, L. and Luyendyk, B."
"Bartek, Louis",4608,
"Barth, Ginger",4611,
"Bartholome, P. M.",4613,
BARTLES & DUMENIL,20519,
Bartlett,15978,
BARTLETT,15978,
BARTLETT & ARCHER,20520,
"BARTLETT, E.W.",4614,
BARTLETTE OIL CO.,20521,
BARTLETTS ET AL,20522,
BARTON,15979,
Barton Gross,7845,
"Barton, Mark/Feeney, Dennis",,"Barton, Mark/Feeney, Dennis"
"BARTON, P.M.",4616,
"BARTRUG, A.J.",4617,
Basaltic Volcanism Study Project,20523,
"Bascom, F.",4620,
BASE METAL,20524,
BASHARA,14980,
"BASHARA, M.J. & SON",4622,
"BASHARA, SAM",4623,
BASIC RESOURCES,20525,
"BASIC RESOURCES, INC.",20525,
BASIN OIL CO.,20526,
BASIN OIL CO. (CALIFORNIA),20526,
BASIN OPERATING,20527,
BASIN OPERATING CO.,20526,
BASIN STATES,20528,
"BASON, G.W.",4626,
BASS,15980,
BASS-DILLARD,20533,
BASS-PERINA,20536,
BASS & ATLANTIC,20532,
BASS & RICHARDSON,20532,
BASS & VESSALS,20532,
BASS & VESSELS,20532,
BASS & VESSELS ET AL,20532,
Bass and Brock,20532,
BASS BROTHERS,20529,
BASS BROTHERS ENTERPRISES,20529,
BASS DRILLING,20530,
BASS ENTERPRISES,20531,
BASS ENTERPRISES - ROSS EXPLORATION,20531,
BASS ENTERPRISES PRODUCTION,20531,
Bass Enterprises Production Co.,20531,
BASS ENTERPRISES PRODUCTION CO.,20531,
"BASS, E.L.",4627,
"BASS, HOWARD L.",4628,
"Bass, M. N.",4629,
"BASS, PERRY",4630,
"BASS, PERRY ET AL.",4630,
"BASS, PERRY R.",4630,
"BASS, PERRY R. ET AL.",4630,
"BASS, ROBERT",4631,
"BASS, ROBERT M.",4631,
"BASSEL, P.M.",4633,
Bassett Energy Corp.,20534,
"Bassett, K.",4634,
"Bassler, R. S.",4635,
"Bastien, Thomas",4637,
BASWELL,15981,
BATCHELOR,15982,
batchelorj@battelleecology.org,4641,
"Batchen, J.",4642,
"BATCHER, JACK",4643,
BATEMAN & CAIN,20540,
BATEMAN & CO.,20538,
BATEMAN & PRICE,20540,
BATEMAN DRILLING CO.,20538,
BATEMAN ET AL,20540,
"BATEMAN, E.W.",4645,
"BATEMAN, E.W. TRUSTEE",4645,
"BATEMAN, EARL G.",4646,
"BATEMAN, J.B. ET AL",4647,
"Bateman, P. C.",4649,
BATES,15983,
BATES & CORNELL,20541,
BATES & PHILLIPS,20541,
"Bates, Benjamin W.",4651,
"BATES, F.A. ET AL",4654,
"BATES, R.J.",4655,
Bates_Amanda,4650,
BATEX,14983,
"Batiza, R.",4656,
BATSON & LEELAND,20542,
BATTS ET AL,20543,
"BATTS, R.L.",4659,
"BATTS, STOLLEY ET AL",20543,
Bauer L.H.,4662,
"Bauer, L.H.",4662,
bauerh@battelleecology.org,4663,
BAUGH ET AL (AKA: BAUGH & MCMILLEN),20544,
Baumberger_Tamara,4664,
"BAUSCH, HUGO",4669,
"BAXTER, DICK ET AL",20546,
"BAXTER, M.H.",4670,
"BAXTER, MURPHY H.",4670,
"Baxter, R.",4671,
BAY,15984,
BAY CITY,28877,
BAY CITY DRILLING CO.,20547,
BAY CITY ET AL,20547,
"Bay City Minerals, Inc.",20547,
BAY CITY OIL CO.,20547,
"Bay Gas Storage Company, Ltd",20550,
BAY OIL CO.,20549,
BAY PETROLEUM CO.,20549,
BAY PETROLEUM CO. ET AL,20551,
BAY PETROLEUM CORP. ET AL,20551,
BAY PETROLEUM CORP. ET AL (LATER: HUMBLE),20551,
BAY PETROLEUM INC.,20549,
"Bay Rock Operating Co., Inc.",20552,
BAY SHORE PRODUCTION CO.,20553,
"BAY, C.B.",4672,
"BAY, C.U.",4673,
"BAY, C.U. (LATER: HUMBLE)",4673,
"BAY, C.V. ET AL",4674,
Bayani Cardenas,5549,
"BAYLESS, C. H.",4675,
"BAYLESS, L.J.",4676,
"Bayley, W.",4677,
"Baynard, W.L. and Co.",4678,
"Baynard, Walter L.",4678,
BAYOU OIL CO.,20554,
"BAYTECH, INC.",20555,
BAYTEX,15985,
BAYTEX OIL CO.,20556,
BAYVIEW,28811,
BAYVIEW OIL,20557,
BAYVIEW OIL CO. (CARTER-GIFFORD),20558,
BAYVIEW OIL CORP.,20557,
BAYVIEW OIL CORP. & ATLANTIC,20558,
BAYVIEW OIL CORP. & AZTEC,20558,
"Bazanova, L.",4679,
"BAZELEY, P.G.",4680,
BBC ROYALTY CO.,20559,
BBM DRILLING,20560,
BBM DRILLING CO.,20560,
BC&O,28812,
bcarroll@neoninc.org,4682,
bcook@field-ops.org,4683,
bdrahota@battelleecology.org,4685,
BEACH & PENION,20562,
"BEACH, WILLIAM N. & MCDONALD OIL CORP. (AKA: WILLIAM K. YOUNG)",20563,
BEACON EXPLORATION,20564,
BEACON OIL CO.,20565,
"Beadle, E.",4686,
BEAKLEY,15986,
BEAKLEY ET AL,20566,
"BEAL, CARLTON & ASSOC.",20567,
"BEALL, T. R.",4688,
BEAMAN,14984,
BEAMAN & DIXON,20568,
"BEAMON, R.E.",4690,
BEAR CREEK,20569,
BEAR POND,28813,
BEARD,15987,
BEARD-SCHEFTS,20572,
BEARD-SCHEFTS-MORRISON,20572,
BEARD & TULLOUS,20572,
BEARD DRILLING (PART INTER: SHELL/GULF/UNION CONT.),20571,
BEARD OIL CO.,20571,
"Beard, J.",4696,
"BEARD, JOE ET AL",4696,
BEARTOOTH OIL & GAS,20573,
BEASLEY,15988,
BEASLEY ET AL,20574,
"BEASLEY, W.C.",4698,
Beatrice Oil Co.,20576,
Beatriz Aguirre-Urreta,4100,
Beatriz Aguirre Urreta,4100,
Beatriz Aquirre-Urreta,4333,
Beatriz Ortega,11502,
"Beattie, Robert H.",4699,
BEATTY,14985,
BEATTY ET AL,20577,
BEATY-BOWLES-BORSODI,20578,
Beau Suthard,13616,
BEAUCHAMP PETROLEUM CO.,20579,
"Beauchamp, G.",4700,
Beaudoin,15989,
BEAUFORT Luc,4701,
BEAUKISS OIL CO.,20580,
Beaulieu_Stace,4702,
"Beaven, A. P.",4703,
"Beaver, Douglas",4704,
Becca Osborne (ORCID 0000-0001-7904-875X),11510,
Becca Sonday (ORCID 0009-0007-4740-5776),17540,
BECHTEL ENERGY PARTNERS,20581,
BECK,14986,
BECK-IRON MOUNTAIN,20585,
BECK & DEES,20583,
BECK ET AL,20583,
BECK OIL CO.,20582,
"BECK, A.D.",4711,
"Becker, G. F.",4716,
"BECKER, SLOSS, & HOLLAND",20584,
beckere@battelleecology.org,4718,
"BECKETT, TOM",4719,
BECKNER,15990,
"BECKNER, C.N. ET AL",4721,
Becky Eaves (ORCID 0000-0002-2030-2618),6772,
Becky Long (ORCID 0000-0002-9743-3915),10020,
Becky Miller (ORCID 0000-0002-2030-2618),10769,
"Bedard, Jean H.J.",4722,
BEDNER,15991,
Bee Huir Onyx Marble Company,20587,
BEER & LEWIS,20588,
"BEER, O.H.",4724,
"BEER, O.N.",4725,
"BEER, O.N., INC.",4725,
BEESLEY ET AL,20589,
"BEESON, L.L.",4726,
BEG - SMITS & OOID SHOAL COMPLEX,20590,
BEG/TENRAC,20591,
BEGOL OIL CORP.,20592,
Behier J.,4729,
"Behrendt, John C.",4731,
"Beier, C.",498,
"Beland, J.",4736,
BELBRY ZIZINIA,14920,
BELCHER,15993,
BELCHER-HARDING,20597,
BELCHER & MODISETTE,20594,
BELCHER ET AL,20595,
BELCHER HARDING,23356,
BELCHER PRODUCTION CO.,20596,
BELCO OIL CO.,20598,
BELCO PETROLEUM,20598,
Belco Petroleum Corp.,20598,
BELCO PETROLEUM CORP.,20598,
BELCO PETROLEUM CORP. - N.G.C.,20598,
BELCO PETROLEUM NORTH AMERICA,20598,
BELCO PETROLEUM NORTH AMERICAN,20598,
BELCO.,20598,
Belden and Blake and Co.-ltd. Partnership NO. 74,20599,
Belden and Blake and Co. Ltd. Partnership NO. 1-E,20599,
Belden and Blake and Co. Ltd. Partnership NO. 2-B,20599,
Belden and Blake Cor,20599,
Belden and Blake Corp.,20599,
BELDORT ET AL,20600,
BELEO PETROLEUM CO.,20601,
belew@battelleecology.org,4739,
BELFORT,20602,
BELFORT (FORMERLY SIEMONEITT-MASCHO),20603,
BELFORT OIL CO.,20604,
BELGAM OIL CO.,20605,
BELHOL CORP.,20606,
Bell,15994,
BELL,15994,
BELL-BEELER-SHUMWAY,20609,
BELL-PATTEN-HERBER,20609,
BELL-SHUMWAY,20609,
BELL-WILLIAMS OIL & REFINING,20609,
BELL & DANSFIELL,20609,
BELL & GRADY,20609,
BELL & HAYES,20609,
BELL & MANTON,20609,
Bell & Nomikou,20609,
BELL ET AL,20609,
BELL OIL & GAS CO.,20608,
BELL OIL & GAS CORP.,20608,
BELL OIL & MONTE CHRISTO,20608,
BELL OIL CO.,20607,
BELL OIL CO. ET AL,20608,
BELL OIL CORP.,20607,
BELL OIL ET AL,20608,
BELL PETROLEUM CO.,20607,
BELL PETROLEUM CO. - REAGAN,20607,
"BELL, A.H.",4741,
"BELL, A.H. ET AL",4741,
"BELL, CLAUDE",4742,
"Bell, David",4745,
"BELL, GLADYS OIL CO.",20609,
"Bell, J. S.",4746,
"BELL, KELLY INC",20610,
"BELL, KELLY OIL & GAS",20609,
"Bell, R. A.",4748,
"BELL, S.E., TRUSTEE",4749,
Bella Berube (ORCID 0009-0003-0009-502X),16005,
BELLE S,4752,
Bello A.,4755,
BELLS WELLS OIL CO.,20611,
BELNORTH,15995,
"Belousov, A. B.",4758,
BELRIDGE,15996,
BELTON & HOLMES,20612,
Bement C.S.,4759,
Ben Bond-Lamberty,4993,
Ben Gaglioti,7397,
"Ben Glass-Siegel, Maura Roth-Gormley, Annie Blalock",,"Ben Glass-Siegel, Maura Roth-Gormley, Annie Blalock"
Ben Glass-Siegel. Maura Roth-Gormley. Annie Blalock,,Ben Glass-Siegel. Maura Roth-Gormley. Annie Blalock
Ben Gottloeb,7711,
Ben M. Frieman,17840,
Ben Masters (ORCID 0000-0001-9356-3117),10379,
Ben McClellan,10482,
Ben Patterson (ORCID 0000-0002-9241-5582),11657,
"Ben Schupack, Giff Miller",,"Ben Schupack, Giff Miller"
Ben Sweet,13635,
Benbatta Ahmed,4110,
BENDER,15826,
Bender and Langmuir,,Bender and Langmuir
BENDIX FIELD ENGINEERING,20614,
BENEDUM,14987,
BENEDUM-TREES,20615,
Benedum-Trees Oil Co.,20615,
BENEDUM & TREES,20615,
BENEDUM & TREES ET AL,20615,
BENEDUM & TREES OIL CO.,20615,
BENEDUM TREES OIL CO.,20615,
"BENEDUM, J.C.",4769,
"BENEDUM, PAUL",4770,
"BENEDUM, PAUL G.",4770,
BENEDUN EAST MICHIGAN GAS UTILITY,20616,
BENGAL PRODUCING CO. (PREV: GLASCO-FRYERET AL),20617,
BENIN & SHALETT,20619,
Benjamin Andrews,4295,
Benjamin Carroll (ORCID 0000-0001-9581-8937),5593,
Benjamin Finney,7149,
Benjamin George McCarthy (ORCID 0009-0008-0301-7234),16506,
BENJAMIN GERARD,1184,
Benjamin Hallett,255,
Benjamin Jost,793,
Benjamin Kim (ORCID 0009-0006-2265-295X),16817,
Benjamin Magnin,10222,
Benjamin Marics,10300,
Benjamin Patterson (ORCID 0000-0002-9241-5582),17263,
Benjamin Patterson (ORCID 0009-0003-7026-1767),11657,
Benjamin Shetterly,13051,
Benjamin Shetterly (ORCID 0000-0001-9521-413X),13051,
Benjamin Virnston (ORCID 0000-0001-6848-3983),14178,
"Benjamin Voyd Coody,",6002,
BENNETT,15997,
BENNETT-SORRELLS,20628,
BENNETT & ANDERSON-PRICHARD,20622,
BENNETT & ANDERSON-PRITCHARD,20622,
BENNETT & SORRELLS,20622,
BENNETT & SORRELS,20622,
BENNETT BROTHERS,20620,
BENNETT EXPLORATION,20621,
BENNETT OIL CO.,20621,
BENNETT PROD,20621,
BENNETT PRODUCTION CO. & DYCK OIL,20621,
BENNETT WELL SERVICE,20623,
"BENNETT, FRANK",4774,
"BENNETT, J.T.",4775,
"Bennett, L.",4776,
"BENNETT, MILLS",20624,
"BENNETT, MILLS - DEL MAR",20626,
"BENNETT, MILLS - GULFBOARD",20626,
"BENNETT, MILLS ESTATE",20625,
"BENNETT, MILLS PRODUCTION CO.",20627,
"BENNETT, MILLS PRODUCTION CO. - STANOLIND",20627,
"BENNETT, MILLS PRODUCTION CO. ET AL",20627,
"Bennett, V.C.",4779,
"BENNETT, W.C. & FOLWELL, CHAS.",,"BENNETT, W.C. & FOLWELL, CHAS."
BENNIN,15998,
BENOME,15999,
BENSON,16000,
BENSON BROTHERS,20629,
BENSON ET AL,20630,
"BENSON, BOB",4787,
"Benson, R.",4789,
BENTLEY,14988,
"BENTLEY, GEORGE R.",4791,
"BENTLEY, SHEPPHERD-STEVENS",16001,
"BENTLISS, D.C.",4793,
BENTON-HOLMES,20641,
BENTON & HOLMES,20640,
"Benton, E.",4794,
BENZ OIL,20642,
BERG,4796,
"Berg, F.",4799,
"Berg, J.",4800,
berg@battelleecology.org,4796,
"Berger, G.",4801,
BERGMAN & MINCHEN,20643,
BERGMAN ET AL,20644,
BERING,16002,
"BERING, AUGUST C. JR.",4805,
Berkenbosch_Heidi,4807,
"Berkey, C.",4808,
"Berkman, Paul A.",4809,
Bernard DENNIELOU,6456,
"Bernard, A.",4810,
"Bernard/Hickox, Inc.",20647,
"Bernd Wagner, Niklas Leicher",,"Bernd Wagner, Niklas Leicher"
Bernhard Peucker-Ehrenbrink,208,
Bernhard Peucker-Erhenbrink,208,
Bernhard Sporli,13370,
Bernhardt Saini-Eidukat,12675,
"Bernie Owen, Robin Renault, Tim Lowenstein, Andy Cohen",,"Bernie Owen, Robin Renault, Tim Lowenstein, Andy Cohen"
"BERNOS JR., MILTON J.",4812,
BERRY,16003,
BERRY-ANDERSON,20650,
BERRY-HAYES,20651,
BERRY & HALE,20648,
BERRY & HAYS,20649,
"BERRY, MUL",4813,
"Berryessa, L.",4814,
BERT-MOOS OIL CO.,20655,
BERT ET AL,20652,
BERT RAND ET AL,20653,
"Berthard, E. L.",4815,
BERTMAN & GOODALE,20654,
BERTRAND,16004,
Bertrand E.,4819,
BERTRAND Philippe,11839,
Bertrand S.,359,
BERWSTER & BARTLE,20656,
berzins@battelleecology.org,4822,
beseler@battelleecology.org,4823,
BESS ET AL,20657,
Bess Koffman,1124,
"Bessels, E.",4824,
BEST DRILLING,20658,
"Best Exploration, Inc. & Morrow Oil & Gas Co.",20659,
BEST PETROLEUM,20660,
"BEST, CECIL",4825,
Betancourt P.,4827,
Beth Fisher,7160,
Beth Hoagland,818,
Beth Johnston,9059,
"Beth Kurz, 701-777-5050",4828,
"Beth Markhart, Amy Myrbo, Shane Loeffler",,"Beth Markhart, Amy Myrbo, Shane Loeffler"
Beth Orcutt/Valerie Finlayson,,Beth Orcutt/Valerie Finlayson
Bethany Cobb Faulk (ORCID 0000-0002-4399-9307),5902,
Bethany Drahota,6640,
Bethany Farah (ORCID 0000-0003-0751-0719),7029,
Bethany Lefner (ORCID 0000-0002-4055-189X),9808,
Bethany Neilson,11221,
Betsy Grube (ORCID 0000-0003-4652-8516),16581,
"Betsy Production Co., Inc.",20661,
BETTIS & BOYLE & STOVALL,20662,
BETTIS & SEPHERD-SUN OIL,20662,
BETTIS & SHEPHERD,20662,
BETWEEN PILAR & MARIA CHIQUITA,20663,
BEUSCHER ET AL,20664,
BEXAR METROPOLITAN WATER DISTRICT,20665,
BEXAR PETROLEUM CO.,20666,
bfoster@field-ops.org,4839,
BFoster@field-ops.org,4839,
bgibson@field-ops.org,4840,
BGibson@field-ops.org,4840,
bgottloeb@battelleecology.org,4841,
BH&P PETROLEUM,20667,
BHL,16007,
BHP Ltd,20668,
"BHP Petroleum (Americas), Inc.",20667,
bhudson@battelleecology.org,4845,
Biagio Giaccio,7526,
"BIALLAS, JOSEPH",4846,
"BIARMAN, A.I.",4847,
"BIBB, J.W.",4848,
"Bibby, Theodore",4850,
BICKETT & TORRANS,20670,
"BICKHAM, J.C.",4853,
BID RICH,28814,
"BIDDLE, A.G.W.",4854,
"Biddle, H. L.",4855,
Bideaux R.A.,4856,
Bideaux Richard A.,4856,
"Bideaux, R. A.?",4856,
"Bideaux, Richard A.",4856,
"BIERMAN, A.I.",4860,
"BIG ""6"" DRILLING CO.",20671,
BIG 6 DRILLING CO.,20671,
BIG BASIN,20672,
BIG BEAR,20673,
BIG BEND OIL CO.,20674,
BIG BEND SYNDICATE,20674,
BIG CHIEF,20675,
BIG CHIEF DRILLING CO. ET AL,20675,
BIG DOME INTERESTS,20676,
BIG HILL OIL & GAS CO.,20677,
BIG INDIAN,20678,
BIG INDIAN OIL CO.,20678,
BIG L,20679,
BIG LAKE,20680,
BIG LAKE OIL CO.,20680,
"Big Reef Alabama, LP",20681,
BIG SIX,20682,
BIG SIX OIL CO.,20682,
BIG SPRING EXPLORATION & KEWANEE OIL,20683,
"BIG SPRING EXPLORATION, INC.",20683,
"BIG SPRINGS EXPLORATION, INC.",20683,
BIG SPRINGS PRODUCTION CO.,20683,
BIG WEST,20684,
BIG WEST & MITCHELL,20685,
BIG WEST DRILLING CO.,20686,
BILBO REDDING DRILLING,20687,
BILBREY ALBRITTON,4142,
BILGRAMI S.A.,16008,
BILHARTZ & ASSOCIATES,20688,
BILL & GRAULT,20689,
"Bill Arnold, Jill Kerrigan",,"Bill Arnold, Jill Kerrigan"
"Bill Arnold, Yu-Ping Chin, Brandy Toner, Jessica Gutknecht, Grant Wallace, Brandon McAdams, Ayele Ekue",,"Bill Arnold, Yu-Ping Chin, Brandy Toner, Jessica Gutknecht, Grant Wallace, Brandon McAdams, Ayele Ekue"
Bill Chadwick,5686,
Bill Davenport (ORCID 0000-0001-6794-9315),6303,
Bill Fischer,7154,
BILL FORNEY INC,20691,
Bill Frazer,7320,
Bill Isherwood,8798,
Bill Kennett,9305,
Bill McClelland,1848,
Bill McDowell; Whendee Silver,,Bill McDowell; Whendee Silver
Bill Rader,12120,
Bill Rember,12276,
Billeton Exploration,20692,
BILLINGS,28878,
BILLINGS OIL CO.,20693,
Billiton Metals,20694,
"BILLNOSKI, W.O.",4866,
BILLUPS,14989,
BILLUPS BROTHERS,20695,
"BILLUPS, THOMAS",4867,
Billy Smallen (ORCID 0000-0003-4208-4989),13177,
"BILSKY, W.F.",4869,
"BINTLIFF, DAVID C.",4873,
"BINTLIFF, DAVID C. ET AL",4873,
"BIOCOURT, I.N.",4874,
Birch,16009,
BIRDSONG,14990,
Birgit Hagedorn,373,
Birgit Mueller,11095,
BIRL,16010,
"Bischoff, J.",4880,
BISHOP,14991,
BISHOP-OWENS-MOSS,20703,
BISHOP & HENSHAW,20703,
BISHOP & MOSS,20703,
BISHOP & WOODS,20703,
BISHOP CANYON URANIUM,20701,
BISHOP OIL CO.,20702,
"Bishop Petroleum, Inc.",20702,
"BISHOP, H.C.",4882,
"BISHOP, H.C. ET AL",20703,
"Bison Oil Co., Inc.",20704,
"Bitschene, P. R.",4885,
BIUIE PRODUCTION CO.,20705,
"BIVINS, LEE T.",4886,
biwaniec@battelleecology.org,4887,
BIX,16011,
"Bjareby, G.",4889,
Bj¯rn T. Larsen,9712,
BKB,16012,
"BLACH, J. & CO.",4890,
BLACK,16013,
BLACK-DITTMAN,20724,
BLACK-HARMON,20725,
BLACK & BARTON,20715,
BLACK & EUBANK,20715,
Black Belt Drlg. Co.,20706,
BLACK BUTTE MINE CO.,20707,
BLACK DEVELOPMENT CO.,20708,
BLACK GOLD,20709,
BLACK GOLD & GULF STAR,20710,
BLACK GOLD OIL,20711,
BLACK GOLD OPERATING CO.,20711,
BLACK MAR ET AL,20712,
"Black Oil Co., Inc. Dba R. B. Oil and Gas Co., Inc.",28791,
BLACK PANTHER OIL CO.,20714,
"Black Rock Operating, L.L.C.",20716,
BLACK STONE OIL CO.,20717,
Black Warrior Methane Corp.,20718,
"Black Warrior Petroleum Co., Inc.",20718,
"BLACK, A.C.",4891,
"BLACK, HARRY W.",4892,
"BLACK, J.R.",4893,
"BLACK, M.H. ET AL",20719,
"BLACK, ROY",4894,
"BLACK, W.A. & SON",20721,
"BLACK, W.A. & SONS",20721,
"BLACK, W.H. DRILLING CO. ET AL",20722,
"Blackbird Co., The",20723,
BLACKBURN,16014,
"Blackburn, E.",4895,
"Blackburn, Quin",4896,
"BLACKBURN, W.T.",4898,
BLACKGOLD,16015,
"BLACKMAR, J. KENNETH ET AL",4901,
BLACKSTOCK,16016,
"Blackwelder, E.",4903,
"Blackwelder, E. and Willis, B.",,"Blackwelder, E. and Willis, B."
BLACKWELL,14992,
BLACKWELL & MURRY,20726,
BLACKWELL OIL & GAS CO.,20727,
BLACKWOOD,14993,
BLACKWOOD & NICHOLS,20728,
BLAFFER-FARISH,20730,
"BLAFFER, J. ET AL",4904,
"BLAFFER, JOHN",4904,
BLAINE OIL CO.,20731,
BLAIR,14994,
BLAIR-FRENCH-BTA OIL,20734,
BLAIR-FRENCH & EL PASO PRODUCTION,20734,
BLAIR-FRENCH JR.,20734,
BLAIR-FRENCH JR. & PRICE,20734,
BLAIR-MCCURDY,20734,
BLAIR-MCFARLAND & ALLISON,20734,
BLAIR & FRENCH JR.,20734,
Blair Drlg. Co.,20732,
Blair Oil and Gas Corp.,20732,
Blair Oil and Gas et al,20734,
BLAIR PETROLEUM CO.,20732,
BLAIR SMITH,13194,
BLAIR VREELAND,14216,
"Blair, Donald",4905,
"BLAIR, J. & TEXAS CRUDE",20734,
BLAIRSVILLE MACHINE,20735,
BLAIRSVILLE MACHINE CO.,20735,
Blake Blackwelder,4902,
Blake Dyer,6744,
Blake Thomas (ORCID 0000-0002-8294-0383),13786,
Blake W.,4911,
Blake W.P.,4911,
"BLAKEMORE, W.B.",4912,
BLAMART Dominique,6580,
"BLANCHARD, J.B.",4919,
"BLANCHARD, V. L.",4920,
blanchette@battelleecology.org,4921,
BLANCO-BUCHANAN,20738,
BLANCO-SHELL,20738,
BLANCO & CROWN CENTRAL,20737,
BLANCO OIL-BUCHANAN,20737,
BLANCO OIL-GUFFEY,20737,
BLANCO OIL  (ET AL),20737,
BLANCO OIL & AL BUCHANAN,20736,
BLANCO OIL (& A.L. BUCHANAN),20736,
BLANCO OIL CO ET AL,20737,
BLANCO OIL CO.,20736,
BLANCO OIL CO. - BUCHANAN,20736,
BLANCO OIL CO. & BUCHANAN,20736,
"BLANCO, CITY OF",20739,
BLAND-SCOTT,20741,
"BLAND, J.C. TRUST",20740,
BLANE & DUNBAR,20742,
BLANKE & FROST & FRAZIER,20743,
BLANKENSHIP,16017,
BLANKENSHIP & FLEETHORN,20744,
BLANKS & GLASS,20745,
BLANKS ENERGY,20746,
BLANTON DRILLING ET AL,20747,
Blas Valero-Garces,14071,
"Blas Valero-Garces, Alberto Saez",,"Blas Valero-Garces, Alberto Saez"
"Blas Valero-Garces, Ana Moreno",,"Blas Valero-Garces, Ana Moreno"
"Blas Valero-Garces, Emi Ito",,"Blas Valero-Garces, Emi Ito"
"Blas Valero-Garces, Kerry Kelts, Rodrigo Villa-MartÌnez, Bettina Jenny",,"Blas Valero-Garces, Kerry Kelts, Rodrigo Villa-MartÌnez, Bettina Jenny"
Blas Valero Garces,14071,
"Blasingame, W.H.",4924,
BLAYLOCK,16018,
BLECHAR PRODUCTION CO.,20748,
BLEDSOE OIL & GAS CO.,20749,
BLESSING ENERGY INC.,20750,
Blobrot@battelleecology.org,4930,
"Block T Operating, L",20751,
"BLOCK, SEYMOUR",4932,
BLOCKER,16019,
Bloede C.A.,4934,
BLOOMER,16022,
BLOOMER-SKINNER,20752,
Bloomer_Sherman; Stern_Robert,,Bloomer_Sherman; Stern_Robert
Bloomstrand,14995,
Blount County Exploration Ltd. Partnership #1,20754,
"BLOZE, EARL",4939,
BLUCO PRODUCTION CO.,20755,
BLUE BIRD INVESTMENT CO.,20756,
BLUE RIDGE OIL & GAS EXPLORATION CO.,20757,
BLUE SKY DRILLING,20758,
BLUE STREAK OIL CO.,20759,
BLUEBIRDINVESTMENT CO.,20756,
BLUEBONNET OIL & GAS CO.,20760,
BLUEBONNET OIL CO.,20760,
BLUFF OIL CO.,20761,
BLUFF PETROLEUM CO.,20761,
BLUM ET AL,20762,
BLUMBERG,4941,
BLUMBERG OIL CO.,20763,
"BLUMBERG, ROLAND K.",4941,
"BLUMBERG, ROLAND K. & B. COLEMAN RENICK",20764,
"BLUMENTAL, NINA-RED BANK",4942,
BLUNENTHAL,16023,
Bm(nh),16024,
BMV,16025,
BNK Petroleum (US) Inc.,20765,
BNK PETROLEUM INC.,20765,
Bo Ginn,7580,
BOARD OF WATER ENGINEERS,20766,
BOARD OF WATER INGINEERS,20766,
BOB,14996,
Bob Bertolet,4818,
Bob Booth,5007,
"Bob Booth, Alex Ireland, Sara Hotchkiss, Jennifer schmitz",,"Bob Booth, Alex Ireland, Sara Hotchkiss, Jennifer schmitz"
Bob Gillis,7570,
Bob Hecky,8258,
Bob Nicoll,11296,
Bob Robinson,12427,
Bob Smith,13195,
"Bobo, H.M.",4952,
Bochum,16026,
BOCK & ANDERSON,20767,
"Bockheim, James",4955,
BODERICK & CALVERT,20768,
"BODKINS, J.D.",4957,
"BODKINS, J.D. &  RALPH BARRON (UNION OIL OF CALIFORNIA)",20769,
BODY,16027,
BOEDEKER,16028,
"BOEDEKER, GEORGE ET AL",4958,
BOELL,16029,
"Boeuf, Michel",4961,
Boevers,14997,
"Bogd, C.",4962,
"Bogd, C. and Gobi, S.",,"Bogd, C. and Gobi, S."
BOGER,14998,
"BOGER, OLIVE TRUSTEE",20770,
BOGGS & HAMMOND OIL,20771,
"Bogoyavlenskay, G.",4964,
BOHAGO & BOND,20772,
BOHAN BROTHERS,20773,
BOHNER,16030,
"BOHNER, C.J.",4969,
"Bohrmann, C.",4971,
"Boisard, L.",4973,
Bolick G.,4977,
BOLIN,16031,
BOLIN-HUMPHREY,20779,
BOLIN-WADLEY,20779,
BOLIN ET AL,20777,
BOLIN OIL,20778,
BOLIN OIL CO.,20778,
"BOLIN, D.H.",4978,
"BOLIN, D.H. ESTATE",4978,
"BOLIN, O.H.",4979,
"BOLIN, V.T.",4980,
BOLING,16032,
BOLIVAR DRILLING CO.,20780,
BOLLER,16033,
BOLLING,14999,
BOLLING-DEAN,20781,
BOLLS & GRAVES,20782,
BOLSA CHICA OIL CORP.,20783,
BOLSA CHISA,28815,
BOLTON,16034,
"BOLYARD TRUSTEE, V.E.",20784,
BOMAR-WELLSERY,20785,
BOMER ET AL,20786,
BOMGART & REICHART,20787,
BON RAY ENERGY CORP.,20788,
BONANZA,28816,
BONANZA OIL,20789,
BONANZA OIL CO.,20789,
BOND,16035,
BOND & HARRISON,20790,
BOND OIL CO.,20792,
BOND OIL CORP.,20792,
BOND OPERATING CO.,20792,
"Bond, Durbin and Co.",20793,
"BOND, J.B. DRILLING",20794,
"BOND, R. S.",4990,
"BOND, ROLAND S. ET AL",4992,
BONDS-TROUT,20795,
Bongkeun Song,13307,
BONHAM CITY,20797,
"BONHAM, J.C.",4995,
"BONLES, W.V.",4999,
BONNER & GREEN,20798,
BONNER & THOMPSON,20798,
"BONNER, C.C.",5000,
BONNER/NORTON DRUG,20798,
"BONNEY, A.R.C.",5001,
Bonnie Jacobs,8844,
BONWELL,16036,
BONWELL & HILL,20799,
"BONWELL, G.E. ET AL",5003,
BOOHER OIL CORP.,20800,
BOONE,16037,
BOONE & JORDAN,20802,
BOONE & MOORE OIL CO.,20802,
BOONE BROTHERS,20801,
BOONE BROTHERS ET AL,20801,
BOONE ET AL,20802,
"BOONE, DAN",5004,
"BOONE, H.O.",5005,
"Booth-Rea, Guillermo",5010,
"BOOTH, JOHN",5009,
"Boots Smith Oilfield Services, LLC",20803,
"BOPCO, LP",5011,
"BORAH, O.C.",5013,
Borax Quicksilver Mining Company,20804,
BORDEN,16038,
BORDEN-MAJOR-GIEBEL,20807,
"BORDEN, S.P.",5015,
"Borden, S.P. and Crow Drilling Co., Inc.",20805,
"Borden, S.P. et al",5015,
BORDER EXPLORATION,20808,
BORDER EXPLORATION CO.,20808,
BORDON (?),20810,
BOREN OIL & GAS,20811,
"Borg, Scott G.",5017,
"BORGET, A. J. ET AL",5018,
"BORMAN, F.",5020,
BORN,16039,
BORRON - KIDD,20812,
BORSODI CROSBY INC,20813,
BORSODI PETROLEUM CO.,20814,
"BORSOTI, BEATY, & BOLES",20815,
bosleya@battelleecology.org,5026,
BOSTEX OIL & GAS,20816,
BOSTEX OIL CO. (JANE OIL CO.),20816,
Bostick Drlg. Co.,20817,
BOSTON MIRANDO CO.,20820,
"BOTEL, THEO",5027,
"Botha, E.",5029,
BOTTS,16040,
"Botts, Elton M.",5034,
BOUCHARD ET AL,20823,
Bouchelle-Broadhead,20825,
Bouchelle Drilling Co.,20824,
"Bougault, H.",5037,
Bouglise G.,5038,
Bouha,16044,
"Boulger, J.",5039,
BOUNG,16045,
"BOURKE, R.F.",5042,
BOURLAND,16046,
BOURLAND ET AL,20826,
BOUSE & SHOWALTER,20827,
"Bouslog, M.P.",5046,
"Bow Valley Petroleum, Inc.",20828,
BOWDEN,16047,
BOWDEN-WELCH-SCOTT,20830,
BOWEN,16048,
BOWEN & BAILEY OIL CO.,20832,
BOWEN & SIMMONS,20832,
Bowen Drlg. Co.,20831,
"Bowen, V. T.",5050,
BOWERS,15000,
BOWERS-WITHERSPOON,20834,
BOWERS ET AL,20834,
"Bowin, C.",5056,
"BOWLEN, P.D.",5057,
BOWLES & BORSODI,20835,
BOWLES OIL CO.,20836,
"BOWLES, ROBERT OIL CO.",20836,
"BOWLES, W.B., ET AL",5059,
"BOWLES, W.V.",5060,
"BOWLES, W.V. & CO.",5060,
"BOWLES, W.V. ET AL",5060,
Bowling Drlg. Co.,20838,
"Bowling, J.K.",5062,
"BOWLING, LESLIE",5064,
BOWMAN,15001,
BOWMAN CATTLE CO.,20840,
BOWMAN OIL,20841,
"BOWMAN, W.F.",5066,
"Bowring, S. A.",206,
BOX MURPHY,11133,
BOYCE SMISER-RUNION,13185,
BOYD & McWILLIAMS,20843,
BOYD & VOYLES,20843,
BOYD OIL CO.,20842,
"Boyd, F. R.",5071,
"Boyd, Walter W.",5073,
"Boyer, Steve",5075,
BOYGE LECKLITNER,9779,
BOYKIN BROTHERS & HMH OPERATING,20844,
BOYKIN OIL CO.,20845,
"BOYKIN, F.M.",5076,
"BOYKIN, F.M. JR.",5076,
BOYLE,16049,
BOYLE-STEWART ET AL,20848,
BOYLE & MAYO,20847,
BOYLE & MAYO (ET AL),20846,
"BOYLE, W. STEWART",5077,
"BOYLE, W. STEWART (ET AL)",5077,
"BOYLE, W. STEWART (H.M. COHEN)",5077,
"BOYLE, W. STEWART ET AL",5077,
"BOYLE, W.S.",5077,
BOYLES,16050,
BOYLES-DECK,20847,
BOYLES-SHELL,20847,
BOYLES & MAYO,20847,
BOYLES & STANLEY,20847,
BOYLES & WIMBERLY,20847,
"Boyles, Michael",5079,
"BOYLES, W.V. & CO.",5080,
BOYNTON,15002,
BOYSEN,16051,
BOYSEN & HOTCHKINS,20849,
"BOYSEN, H.K.",5081,
"Boyson, Harold K. and Stebbins, J. Ray",,"Boyson, Harold K. and Stebbins, J. Ray"
BP EXPLORATION,20851,
Bpanos@field-ops.org,5084,
BPE,28760,
bportilla@field-ops.org,5085,
BPortilla@field-ops.org,5085,
"Brachfeld, Stefanie",5087,
BRACKEN ENERGY,20852,
BRACKEN ENERGY CO.,20852,
BRACKEN OIL CO.,20853,
BRACKENRIDGE,15003,
Brad Cramer,1819,
Brad D. Didericksen and Doug Walker,,Brad D. Didericksen and Doug Walker
Brad Hacker,425,
Brad Johnson,9010,
BRADCO & GOLDSON,20855,
BRADCO & MESA,20855,
BRADCO OIL & GAS,20854,
BRADCO OIL & GAS CO.,20854,
Bradco Oil and Gas Co.,20854,
"Braddock, Peter",5089,
"Braddock, W. A.",5090,
BRADER GROVES,7850,
BRADFORD,15004,
BRADFORD-BENTLEY,20856,
"BRADFORD, A.",5091,
"BRADFORD, A. ET AL",5091,
"BRADFORD, C.",5092,
"Bradford, R.",5093,
"BRADHAM, E.G.",5094,
Bradley,16052,
BRADLEY & CARPENTER,20859,
BRADLEY & WINTERS,20859,
Bradley Drlg. Co.,20857,
BRADLEY ET AL,20858,
Bradley J. Peters,1859,
Bradley W Pitcher,865,
"BRADLEY, W. W.",5096,
"BRADLEY, W.W.",5097,
BRADON & MCCONNELL,20860,
BRADON CO.,20861,
BRADSHAW,16053,
BRADSHAW & EIDMAN,20862,
Bradshaw Michael Jr.,5101,
"BRADSHAW, DOBBS",5102,
"Bradshaw, Michael, Jr.-MandH Energy",,"Bradshaw, Michael, Jr.-MandH Energy"
BRADSTREET,16054,
BRADSTREET ET AL,20864,
Brady,16055,
Brady Drlg. Co.,20865,
Brady Foreman,1183,
BRADY OIL & GAS CO.,20865,
Brahim Aajli,17841,
BRAHMAN ENERGY,20866,
BRAILEY,15005,
BRAIN,16056,
"Braitseva, O.",5111,
"BRAMAN, D.H. JR.  (HARKINS)",5113,
"Bramer, J. C., Newson, J. T., Hachl, H. L., and Arnold, R.",,"Bramer, J. C., Newson, J. T., Hachl, H. L., and Arnold, R."
Bramlette,16057,
"BRANCH, B. ET AL",5116,
Brandl,15007,
Brandon,15008,
BRANDON & MCCAMEY,20867,
Brandon Browne,5259,
Brandon Byrne (ORCID 0000-0003-1933-0416),5436,
Brandon Co.,20868,
Brandon Curry,6224,
"Brandon Curry, Eric Grimm",,"Brandon Curry, Eric Grimm"
"Brandon Curry, Justine Petras",,"Brandon Curry, Justine Petras"
Brandon Forsythe,7254,
Brandon Keough,1428,
Brandon Stedman,13435,
BRANDYWINE OIL CO.,20869,
BRANEN AND BROWN,20870,
BRANN ET AL,20871,
"BRANN, E.R.",5120,
BRANNON,16058,
"Brannon Oil & Gas, Inc.",20872,
"BRANNON, M.J.",5121,
"BRANNON, M.J. JR.",5121,
BRANSON & BRACKER ET AL,20873,
Brantley,15009,
"Brantley, S.",139,
BRANTLY-SEE,20874,
BRASTED-HYER-HEDBURG,20875,
BRAZADA OIL CO.,20876,
BRAZORIA OIL & GAS,20877,
BRAZOS,16059,
BRAZOS-MENARD OIL SYNDICATE,20886,
BRAZOS - TEXAS,20878,
BRAZOS & COASTAL STATES,20879,
BRAZOS BEND OIL CO.,20880,
BRAZOS FALLS DEVELOPMENT CO.,20881,
BRAZOS O & G,20882,
BRAZOS O & G (DOW CHEMICAL),20882,
BRAZOS OIL & GAS,20882,
BRAZOS OIL & GAS-HALBOUTY,20882,
Brazos Oil & Gas Co.,20882,
BRAZOS OIL & GAS CO.,20882,
BRAZOS OIL & GAS CO. (MCDANNALD OIL CO.),20882,
BRAZOS RIVER AUTHORITY/MJA CO.,20883,
BRAZOS RIVER GAS CO.,20884,
BRAZOS YOUNG CORP.,20885,
BRAZOS YOUNG OIL CORP.,20885,
Breanna Rivera Waterman,12389,
"Brecke, Devon M.",17842,
"Bredin, B.",5130,
Bree Ann Ortega-Roberts (ORCID 0009-0004-3901-6736),15930,
BREEDING & PERRY ET AL,20887,
BREEDING OIL CO.,20888,
"BREEDING, D.",5131,
BREEDLOVE & ROGERS,20889,
BREGMAN & MIDEN,20890,
BREGMAN & MINCHEN,20890,
BREHM,5132,
"BREHM, C.E. CO.",5133,
brehm@battelleecology.org,5132,
Breier_John,5137,
BRELSFORD & LEA,20891,
Brenda B. Higgins,8393,
Brenda Lord,10042,
Brendan Buckley,1597,
Brendan Buckley/Ed Cook,,Brendan Buckley/Ed Cook
"Brendan Fenerty, Jessi Halligan",,"Brendan Fenerty, Jessi Halligan"
Brendon Williams (ORCID 0009-0004-0916-8982),14587,
BRENHAM OIL CO.,20893,
BRENNAN & WOODS,20894,
Brennan Phillips,11845,
"BRENNAND, R.S.",5145,
BRENNEMAN,16061,
"BRENNER, K.",5146,
Brent Jonah and Nathan Pearson,,Brent Jonah and Nathan Pearson
Brent Turrin,14005,
Brett Hamel (ORCID 0000-0002-1884-3191),7993,
Brett Sherman,13047,
BREUER-CURRAN,20895,
BREUR & CURRAN,20896,
BREVER & CURRAN,20897,
BREVIL,16062,
BREWATER-BARTLE,20898,
BREWER,16063,
BREWER & CURRAN CO. ET AL.,20900,
BREWER & CURRAN OIL,20900,
BREWER & HIXON,20900,
BREWER & HIXON (HENSHAW BROS & E.H. SMITH),20899,
BREWER & NEWMAN,20900,
"Brewer, F.",5151,
"BREWER, R.P. JR.",5150,
"Brewer, William A.",5153,
"Brewer, William A. and Fehlman, Bryant A.",,"Brewer, William A. and Fehlman, Bryant A."
brewerjm@battelleecology.org,5154,
BREWSTER-BARTLE,20902,
BREWSTER-BARTLE DRILLING,20902,
BREWSTER-BARTLE DRILLING CO.,20902,
BREWSTER - BARTLE,20902,
BREWSTER & BARTIE,20902,
BREWSTER & BARTLE,20902,
BREWSTER & BARTLE & SUN,20901,
BREWSTER & BARTLE DRILLING CO.,20902,
BREWSTER & BURTLE,20902,
BREWSTER AND BARTLE,20902,
"BREWSTER, S.H.",5155,
BREWSTERS & BARTLE DRILLING CO.,20902,
"BRG PETROLEUM, INC.",20903,
Bri Richards (ORCID 0000-0002-7048-6996),12329,
BRIAN & RICHARDSON,20904,
Brian Dreyer,299,
Brian Edwards,6803,
"BRIAN ET AL, WEATHERFORD OIL",20904,
Brian Fischer,7155,
"Brian Gruidl, Anders Noren",,"Brian Gruidl, Anders Noren"
Brian Huber and Richard Hobbs,,Brian Huber and Richard Hobbs
Brian Jicha,8981,
Brian Powell,11978,
Brian Schmid,12800,
Brian Smith,13196,
Brian Taylor,13707,
Brianna Richards (ORCID 0000-0002-7048-6996),17381,
Brianna Russell (ORCID 0009-0000-0790-3075),12609,
"BRICKER, JOHN F.",5157,
BRICKMEYER,16064,
BRIDDY-CLARK,20905,
BRIDGE,16065,
BRIDGE OIL,20906,
BRIDGE OIL CO.,20906,
"Bridge Oil Co., L.P.",20906,
"Bridge, J.",5158,
BRIDGEPORT OIL & GAS CO.,20907,
BRIDGES,15010,
BRIDWELL,16066,
BRIDWELL & REEVES,20908,
Bridwell Oil Co.,20909,
BRIDWELL OIL CO.,20909,
BRIDWELL OIL CO. - JACKSON,20909,
BRIDWELL OIL CO. - MABEE,20909,
BRIDWELL OIL CO. - MANZIEL,20909,
BRIDWELL OIL CO. - SULLIVAN,20909,
BRIDWELL OIL CO. - WISE,20909,
BRIDWELL OIL CO. (COASTAL STATES GAS CORP.),20909,
"Bridwell Oil Management of Alabama, LLC",20000,
"BRIDWELL, BILLY",5160,
"BRIDWELL, BILLY ET AL",5160,
"BRIDWELL, TOM",5161,
Brie Hashem (ORCID 0000-0001-5222-4944),8159,
"BRIEN, J.O.",5162,
Briggs and Knapp,,Briggs and Knapp
"Briggs, Sophie",5165,
"BRIGGS, W. W.",5166,
Brigham,16067,
"Brigham-Grette, J.; Melles, M.; Minyuk, P.",,"Brigham-Grette, J.; Melles, M.; Minyuk, P."
Brigham G.L.,5167,
"Brigham, G.L.",5167,
"Brigham, George L.",5167,
BRIGHT-SCHIEF,20913,
BRIGHT-SCHIFF,20913,
BRIGHT-SCHIFF - COASTAL STATES,20913,
BRIGHT & SCHIFF,20912,
"Bright Star Management, LLC",20914,
Bright_Monika,5169,
Bright_Monika; Pradillion_Florence,,Bright_Monika; Pradillion_Florence
Bright_Monika; Shank_Timothy,,Bright_Monika; Shank_Timothy
"BRIGHTWELL, W.J. ET AL",5171,
Brigitte Reeves (ORCID 0009-0005-4617-5791),17361,
BRILL,16068,
BRILL ET AL,20916,
"BRILL, V.A.",5172,
"BRINET, T.L. - COCKBURN",5176,
BRINKERHOFF,16069,
BRINKOETER,15011,
BRINKOETER OIL CO.,20917,
Briony Avenell,4442,
Briony Avernell,4447,
BRISLE TRUSTEE,20918,
"BRISTOE, J.P. ET AL",5177,
BRISTOL OIL & GAS CO.,20919,
Bristol Resources Corp.,20920,
BRISTOL RESOURCES CORP.,20920,
BRISTOW,15013,
BRISTOW-CANTRILL,20923,
BRISTOW ET AL,20921,
"BRISTOW, J.P.",5179,
"BRISTOW, J.P. & CO.",5179,
BRITE & SCHIFT & OATES & PANAM,20924,
"BRITE, L.C.",5180,
BRITISH AMERICAN,20925,
BRITISH AMERICAN & MOSBACHER,20925,
BRITISH AMERICAN OIL,20925,
BRITISH AMERICAN OIL CO.,20925,
BRITISH AMERICAN PETROLEUM CORP.,20925,
BRITISH AMERICAN PRODUCTION CO.,20925,
BRITISH BORNEO,20927,
BRITISH PETROLEUM,20929,
BRITISH TEXAS,20930,
"Britta Suppes, Amy Myrbo",,"Britta Suppes, Amy Myrbo"
Brittany Iwaniec (ORCID 0000-0001-9827-4562),8820,
Brittany Verbeke (ORCID 0000-0001-5686-6485),14139,
Brittney Beazley (ORCID 0000-0002-0475-514x),4705,
Brittni (ORCID 0000-0001-8824-5288),16070,
Brittni Strangis (ORCID 0000-0001-8824-5288),13552,
BRITTON,16071,
BRITTON OIL CO.,20931,
brittonr@battelleecology.org,5181,
"Broadman, Kaufman, Fortin",,"Broadman, Kaufman, Fortin"
Broadwell,16073,
BROCK,15014,
Brock Exploration Corp.,20932,
"BROCK, J.D. ET AL",5185,
"BROCK, KELLY",5186,
BRODAY,15015,
BRODAY DRILLING CO.,20933,
BRODERICK & CALVERT,20934,
BRODERICK & CALVERT & GEORGE LIVERMORE,20934,
BRODERICK & CALVERT ET AL,20934,
BRODERICK & GORDON,20934,
BRODERICK ET AL,20934,
BRODIE,15016,
BROEDECKER,16074,
BROGAN,16075,
BROGAN ET AL,20935,
"Brogden, J.E.",5190,
BRONSTEIN ET AL,20936,
"BROOKIN, C.R.",5192,
BROOKLYN,15017,
BROOKLYN OIL CO.,20939,
BROOKLYN UNION,20940,
BROOKOVER,15018,
BROOKOVER & BURDEN,20941,
"BROOKOVER, W.D.",5193,
BROOKS,16076,
BROOKS-HALL,20943,
BROOKS-LINK,20943,
BROOKS-TURNER,20943,
BROOKS & AULD,20943,
BROOKS & SALINE OIL & DEVELOPMENT CO.,20943,
BROOKS A.F.B.,5195,
BROOKS AEROMEDICAL SCHOOL,20942,
BROOKS SALINE OIL & DEVELOPMENT CO.,20943,
"Brooks, David K.",5196,
"Brooks, David K. and",5196,
"BROOKS, E.B. JR.",5194,
"BROOKS, E.B. JR. (ADA OIL ?)",5194,
"BROOKS, EARL M.",5197,
"BROOKS, R. E.",5198,
"Brooks, Zach Drilling Co.",20944,
"Brooks, Zach Drilling Co. et al",20944,
"Brooks, Zach Drilling Co./Armour and Myers",20944,
BROOKWOOD DRILLING CO.,20945,
BROSECO,16077,
BROSECO-ALCOA,20947,
BROSECO-MCCOM TRUST,20947,
BROSECO CORP.,20946,
BROSEED CORP.,20948,
"Brosier Oil and Gas, Inc.",20949,
"BROTHER, LEE & GLASSCOCK",20950,
BROTHERS OIL CO.,20951,
"BROUN, P.H.",5203,
"BROUSSARD, J.E. ET AL",5205,
BROWN,16078,
BROWN-DEYSER-KENNEDY,20956,
BROWN-HANCOCK-KEOUGH,20956,
BROWN-HEALY-LEBLOND,20956,
BROWN-HEATH-MIDLAND PRODUCTION,20956,
BROWN-KARCHER,20966,
BROWN-WEBB,20956,
BROWN-WHEELER,20956,
BROWN - MEEKER CO.,20956,
BROWN & ASSOC.,20956,
BROWN & BELL,20956,
BROWN & BROWN,20956,
BROWN & CHOATE,20956,
BROWN & DELTA DRILLING,20956,
BROWN & GARDENER,20956,
BROWN & HANCOCK,20956,
BROWN & INTEGRATED ENERGY,20956,
BROWN & LONG,20956,
BROWN & MAN,20956,
BROWN & SCARBER DRILLING (THORN & GULF OIL),20956,
BROWN & SPEAR,20956,
BROWN & STONE,20956,
BROWN & THORP,20956,
BROWN & THORPE OIL CO.,20956,
BROWN & WALLACE,20956,
BROWN & WHEELER,20956,
BROWN & WHEELER ET AL,20956,
Brown & Whittle,20956,
BROWN BROS ET AL,20952,
BROWN DRILLING CO.,20953,
Brown Drlg. Co.,20953,
BROWN EAGLE OIL CO.,20956,
BROWN ET AL,20956,
"BROWN JR., GEO. ET AL",5207,
"BROWN JR., J.W.",5210,
BROWN OIL,20954,
BROWN WELL (?),20959,
"BROWN, A.L.",5212,
"BROWN, AL",5212,
"BROWN, C.",5214,
"Brown, C. E.",5215,
"BROWN, C. L.",5216,
"Brown, C. W.",5217,
"BROWN, C. W.-FITTING, R. B.",,"BROWN, C. W.-FITTING, R. B."
"BROWN, C. W. ET AL",5217,
"BROWN, C.D. ET AL",5218,
"BROWN, C.E.",5215,
"BROWN, C.F.",5219,
"BROWN, C.J.",5220,
"BROWN, C.L.",5216,
"BROWN, C.L. ET AL",5216,
"BROWN, C.W.",5221,
"BROWN, CARROLL",5222,
"BROWN, CRAWFORD E.",5223,
"BROWN, E. ET AL",5224,
"BROWN, E.A.",5225,
"BROWN, E.R.",5226,
"Brown, F. H. & Carmichael, I. S. E.",,"Brown, F. H. & Carmichael, I. S. E."
"BROWN, F.A.",5230,
"Brown, G. M.",5231,
"BROWN, G.R.",5232,
"BROWN, GEO. R.",5234,
"BROWN, GEORGE",5233,
"BROWN, GEORGE R.",5234,
"BROWN, GEORGE R. - GULF",5234,
"BROWN, GEORGE R. ET AL",5234,
"BROWN, GEORGE W.",5235,
"BROWN, GILBERT L.",5236,
"BROWN, H.",5237,
"BROWN, H.L.",5208,
"BROWN, H.L. - SHELL OIL CO.",5238,
"BROWN, H.L. & HEATH, W.J.",,"BROWN, H.L. & HEATH, W.J."
"BROWN, H.L. JR.",5208,
"BROWN, H.L. JR. & HEATH, W.J.",,"BROWN, H.L. JR. & HEATH, W.J."
"BROWN, H.L. JR. & MIDLAND PRODUCTION CO.",20960,
"BROWN, HENRY",5240,
"BROWN, HENRY ET AL",5240,
"BROWN, HERMAN",5241,
"BROWN, HERMAN ET AL",5241,
"BROWN, IRA B.",5242,
"Brown, J.",5243,
"BROWN, J.L. - PENNZOIL",5244,
"BROWN, J.L. JR. & GEORGE, C.E.",,"BROWN, J.L. JR. & GEORGE, C.E."
"BROWN, JAMES",5245,
"BROWN, JAMES G. & ASSOC.",5245,
"BROWN, JOE W.",5247,
"BROWN, LAYTON DRILLING CO.",20962,
"BROWN, R.L. JR.",5211,
"Brown, Robert D.",5249,
"BROWN, SOMIN",5252,
"BROWN, THOMAS C.",5253,
"BROWN, TOM",5253,
"BROWN, TOM DRILLING",20963,
"BROWN, TOM DRILLING CO.",20963,
"BROWN, TOM DRILLING CO. & GOODE",20963,
"BROWN, TOM DRILLING CO., INC.",20963,
"BROWN, TOM DRILLING INC.",20963,
"Brown, Tom, Inc./Integrated Energy, Inc.",20963,
"Brown, W.",5255,
"BROWN, W. JOE",5256,
BROWNE & ARMSTRONG & WALLACE,20964,
BROWNE & ARMSTRONG & WALLACE - ELBERT,20964,
BROWNING,16082,
"Browning  and  Welch, Inc.",20965,
"Browning & Welch, Inc.",20965,
"Browning and Welch, Inc.",20965,
"Browning and Welch, Inc. and Yellowstone Royalty, Inc.",20965,
"BROWNING, FRED",5260,
"BROWNING, PERRY",5262,
Brownlee,15019,
BROWNLEE-POPE O CO.,20967,
BROWNLEE-WALLACE-ARMSTRONG-BANDER,20967,
BROWNLIE-WALLACE-ARMSTRONG,20967,
BROWNSVILLE OIL WELL,20968,
"Broxton Bird, Mark Abbott",,"Broxton Bird, Mark Abbott"
"Brozdowski, R.",5263,
BRUCE-WHITCOMB-TRUSTEE,20970,
Bruce Finney,7150,
"Bruce Finney, Braedon Warner, Joseph Thomas, Carl Jurkowski",,"Bruce Finney, Braedon Warner, Joseph Thomas, Carl Jurkowski"
"Bruce Finney, Mark Shapley",,"Bruce Finney, Mark Shapley"
"Bruce Finney, Mark Shapley, Chris Kirk, Charles Kruger",,"Bruce Finney, Mark Shapley, Chris Kirk, Charles Kruger"
"Bruce Finney, Mark Shapley, Chris Kirk, Tim Wilkins",,"Bruce Finney, Mark Shapley, Chris Kirk, Tim Wilkins"
"Bruce Finney, Mark Shapley, Chris Kirk, Tim Wilkins, Janet Holmgren",,"Bruce Finney, Mark Shapley, Chris Kirk, Tim Wilkins, Janet Holmgren"
Bruce Furukawa,7391,
Bruce Marsh,10320,
"Bruce Moskowitz, Amy Chen",,"Bruce Moskowitz, Amy Chen"
"BRUCE, NORMAN PETROLEUM CO.",20969,
BRUESCHER ET AL,20971,
BRUNDOR,16083,
"BRUNER, A.H.",5269,
"BRUNER, ARNOLD H.",5269,
"BRUNER, ARNOLD H. CO.",5269,
"BRUNER, ROSS",5271,
BRUNI OIL CO.,20972,
BRUNNER & HOLMES,20973,
"BRUNNER, A.H.",5272,
"BRUNNER, ROSS",5274,
Bruno Savoye,12750,
"BRUNS, H. D.",5276,
"BRUSECO, CACTUS",28761,
Brush Collection,20974,
BRUSHY CREEK OIL CO.,20975,
"BRUTER, W.V.",5278,
BRWON-HEALY-LEBLOND,20976,
BRYAN,16084,
BRYAN & ROBERTS,20978,
BRYAN & THARP-WOODS,20978,
Bryan Gentry (ORCID 0009-0002-2131-5792),7494,
Bryan Moravec,10975,
BRYAN PRODUCTION CO.,20977,
Bryan Rybarczyk,12647,
Bryan Shuman,13086,
"Bryan Shuman, Jeffery Stone",,"Bryan Shuman, Jeffery Stone"
BRYAN TEXAS CITY WATER WELL,20979,
BRYAN WELL,16085,
"BRYAN, D.F. PRODUCTION CO.",20977,
"BRYAN, H.E.",5279,
"Bryan, W.",5281,
Bryanna Angood-hardy (ORCID 0000-0001-5523-6326),4314,
Bryanna Angood-Hardy (ORCID 0000-0001-5523-6326),4314,
Bryant,16086,
BRYANT,16086,
BRYANT-COLTHARP,20981,
BRYANT-MCCLELLAN,20981,
BRYANT-STRUM ET AL,20981,
BRYANT-TEX PRODUCTION CO.,20981,
BRYANT & ASSOC.,20980,
"BRYANT, CARL",5283,
"BRYANT, F. ET AL",5285,
"BRYANT, M.D.",5287,
"BRYANT, R.B.",5288,
BRYANT/MCCELLAND CONSULTANTS,20982,
Bryce Nance (ORCID 0000-0001-8489-845X),11183,
"Bryhni, I.",5291,
Bryndis Yr Gisladottir,7592,
BRYNE,16087,
Bryson,16088,
BS,16091,
bsachs@field-ops.org,5293,
BSachs@field-ops.org,5293,
BSchmid@battelleecology.org,5294,
bsherman@field-ops.org,5295,
bsmallen@battelleecology.org,5296,
bsmith02@battelleecology.org,5297,
bstedman@battelleecology.org,5298,
BSW DRILLING CO.,20985,
BTA Oil Producers,20986,
BTA OIL PRODUCERS,20986,
BTA OIL PRODUCTION,20987,
BUCCANEER,16092,
BUCHANAN,16093,
"Buchanan-Banks, J.",5304,
BUCHANAN-SCHOOLFIELD-FRAZIER,20989,
BUCHANAN -NOVASTAD-STOVACK,20988,
BUCHANAN & LAFAVRE,20988,
BUCHANAN & TYRRELL,20988,
BUCHANAN ET AL,20988,
"BUCHANAN, A. L.",5299,
"BUCHANAN, A.A.",5300,
"BUCHANAN, A.A. ET AL",5300,
"BUCHANAN, AL",5299,
"BUCHANAN, C.C.",5301,
"Buchanan, Marion",5302,
"BUCHANAN, W.W.",5303,
BUCHER ET AL,20990,
BUCK CREEK OIL CO.,20991,
"BUCK, J.R.",5307,
BUCKEYE MID-TEXAS OIL CO.,20992,
BUCKEYE OIL CO.,20992,
BUCKINGHAM ET AL,20993,
BUCKINGHAM OIL CO.,20994,
BUCKLEY & VESSELS,20995,
BUCKLEY OIL & GAS CO.,20996,
"BUCKLEY, E.L.",5310,
"BUCKLIN, E.A. (KINCAID-STATTS-BELL)",5311,
"BUCY, R.T.",5312,
BUDA OIL CO.,20998,
"Buddington, A. F.",5314,
BUELL-HAGAN,21000,
BUELL-HAGAN-INDEPENDENT,21000,
BUELL & HAGAN,21000,
"BUELL, J.",5315,
"Buell, W. C.",5316,
BUESCHER ET AL,21001,
BUESCHER OIL CO.,21002,
BUESCHER PARK,16095,
BUFFALO,16096,
BUFFALO-CITIES SERVICE,21004,
BUFFALO DRILLING CO.,21003,
BUFFALO DRILLING SYNDICATE,21003,
BUFFALO OIL CO.,21003,
BUFFALO OIL CO. & MIDSTATES OIL CORP. (CONTINENTAL OIL),21003,
BUFFALO PETROLEUM CORP.,21003,
"BUFFINGTON, D.M.",5319,
BUFORD-GOODWIN ET AL,21006,
BUFORD & GOLIGHTLY,21005,
"BUGBE, T.E. WELL",5321,
BUGHEY,16097,
buhr@battelleecology.org,5322,
BUIE,16098,
BUILDERS OIL & GAS CO.,21007,
BULLINGTON & MCMAHAN,21008,
BULLMAN,15020,
BULLOCK ET AL,21009,
BULLUPS,16099,
BULLUPS-TAUBERT,21010,
BUNDY,16100,
BUNDY & RANSDELL,21015,
BUNDY OIL CORP.,21016,
"BUNDY, C.F.",5328,
BUNHAM,15021,
BUNN,16101,
BUNN-TEXAS CO.,21019,
BUNN BROS,21017,
BUNN BROS.-COATES,21017,
BUNN DRILLING CO.,21018,
BUNN DRILLING CO. ET AL,21018,
BUNN WILLIS,14628,
"BUNN, J.R.",5331,
"BUNN, J.R. DRILLING CO.",21018,
"BUNN, JOHN R.",5331,
BUNTE-WOODLEY,21023,
BUNTE BROTHERS & J.W. FRAZIER,21020,
BUNTE ET AL,21022,
BUNTE INC.,21021,
BUNTE O&G ET AL,21022,
BUNTE OIL-TEXAS-GULF,21022,
BUNTE OIL & GAS,21021,
BUNTE OIL & GAS-SHELL OIL,21021,
BUNTE OIL & GAS ET AL,21022,
"BUNTE, C. B. ET AL",5332,
"BUNTE, C.B.",5332,
"BUNTE, C.B. ET AL",5332,
"BUNTE, C.B. INC ET AL",5332,
"BUNTE, C.B., INC.",21021,
"BUNTE, ET AL",5332,
BUR-KAN,21041,
"Burbank, W. S.",5335,
BURCH ET AL.,21024,
"BURCH, BILL I.",5336,
"Burch, Bob",5337,
"BURCH, FRANK & LYNN, J.C.",21025,
Burchard,5338,
"Burchard, E.",5338,
BURDELL,16103,
BURDELL OIL CO.,21026,
BURDELL OIL CO. ET AL,21026,
BURDEN,16104,
BURDETT-GRAHAM,21028,
Burdett - Coutts,5341,
Burdette,15022,
BUREAN OF ECONOMIC GEOLOGY,21029,
BUREAU OF ECONOMIC GEOLOGY,21031,
BUREAU OF ECONOMIC GEOLOGY (CRC),21029,
BUREAU OF ECONOMIC GEOLOGY (TEXAS PARKS & WILDLIFE),21029,
BUREAU OF RECLAIM/GULF BASIN,21033,
BUREAU OF RECLAIMATION - GULF BASIN,21033,
BUREAU OF RECLAIMATION GULF BASIN,21033,
BUREAU OF RECLAMATION,21034,
BUREAU OF RECLAMATION - GULF BASIN,21033,
BUREAU OF RECLAMATION - GULF BASIN (NUECES),21033,
BUREAU OF RECLAMATION - TEXAS BASIN,21035,
BUREAU OF RECLAMATION TEXAS BASIN,21035,
BURFORD,16105,
BURFORD & BRIMM,21036,
BURFORD & SAMS,21036,
"Burgener, John",5343,
BURGESS ET AL,21037,
BURGOINE,15023,
BURK - GREIS OIL CO.,21038,
BURK ROYALTY,21039,
BURK ROYALTY CO.,21039,
"Burk, C. A.",5349,
"BURK, HAZEL OIL CO.",21040,
"BURKART, CORE HOLE SAMPLE",16106,
BURKE ET AL,21042,
"BURKE, B.B.",5350,
BURKHART,16107,
BURKHART & PEGG BROTHERS,21043,
BURKHEAD,16108,
BURKVILLE,15024,
BURLEIGH & MILLER,21044,
"BURLESON, J.",5354,
"BURLESON, W. H.",5355,
"Burling, R.W.",5356,
BURLINGTON NORTHERN,21045,
BURLINGTON RESOURCES,21046,
BURMA OIL CO. (GETTY),21047,
"Burmester, Russ/Lewis, Reed",,"Burmester, Russ/Lewis, Reed"
"BURNAM, ALLAN",5358,
"BURNAM, ALLEN ET AL",5358,
BURNELL,16109,
BURNETT & CORNELIUS,21048,
"BURNETT, W.C.",5360,
BURNETTE ET AL,21049,
"Burnette Oil Co., In",21050,
BURNHAM  ET AL,21051,
BURNHAM & GRIFFITH,21051,
BURNHAM ET AL,21051,
"BURNHAM, J.M.",5363,
BURNS,16110,
BURNS & KING,21053,
BURNS ESTATE,21055,
BURNS OIL CO.,21054,
BURNS PETROLEUM,21054,
BURNS TRUST #2,21056,
"BURNS, BOBBY",5364,
"BURNS, BOBBY M.",5364,
"Burns, F.",5365,
"BURNS, H.O.",5366,
"BURNS, L.T.",5367,
"BURNS, L.T. - OMOHUNDRO",5367,
"Burns, R.L. Corp.",5368,
"BURNS, R.L. CORP.",5368,
"BURNS, RALPH N.",5369,
burnsmc@battelleecology.org,5370,
"BURR, ALLEN",5372,
Burrage A.C.,5374,
"Burrage,  A.C.",5374,
BURRELL & ICE-HARLAN,21057,
Burrell Drlg. Co.,21058,
"BURRESS, W. ET AL",5376,
"Burrill, Christine",17843,
"BURROUGH, EARL",5377,
BURROW-HAZEL-STAPP,21059,
BURROW-SUNRAY-STAPP,21059,
"BURROW, HENRY F. INC.",5379,
BURT,16111,
BURT-CALVIN,21062,
BURT & DAVIS,21061,
BURT & HUMPHREYS,21061,
BURT DAVIS,6326,
BURT DRILLING CO.,21060,
BURT ET AL,21061,
BURT ET AL.,21061,
BURT OIL CO.,21060,
"BURT, E.R. & L.M.",21061,
"Burt, Frank and Bass, S.L.",,"Burt, Frank and Bass, S.L."
"BURT, J.A.",5384,
"BURT, R.E. & SON",21061,
BURTON,5385,
BURTON & GRIFFITH,21065,
BURTON & GRUNN,21065,
BURTON EXPLORATION CO.,21063,
Burton Mines Corporation,21064,
BURTON OIL CO.,21063,
BURTON SYNDICATE,21066,
BURTON WELL,28869,
"BURTON, C.P.",5387,
"BURTON, H. R.",5388,
"BURTON, L.T. & SUN OIL CO.",21067,
"BURTON, MAURICE C.",5390,
"BURTON, W.T.",5391,
"BURTON, W.T. EXPLORATION",5391,
Burton@battelleecology.org,5385,
"BUSBY, JULIAN M.",5392,
"BUSECHER, CONWAY",5395,
"Bushman, J. R.",5398,
BUSSA,16112,
BUTCHER-ARTHUR,21068,
BUTCHER-ARTHUR (BOYLE ET AL),21068,
BUTCHER-ARTHUR CO.,21068,
BUTCHER & ARTHER,21068,
BUTCHER & ARTHUR,21068,
BUTCHER ARTHUR,21068,
"BUTCHER, ARTHUR",21068,
"BUTCHER, ARTHUR INC.",21068,
Butler,16115,
BUTLER,16115,
BUTLER & GRIFFIN,21069,
BUTLER & HORN,21069,
BUTLER & HORNE,21069,
BUTLER & HORNE DRILLING CO.,21069,
BUTLER & TURNER,21069,
"BUTLER, J.K.",5401,
"BUTLER, J.R.",5402,
"Butler, J.R. et al",5402,
"BUTLER, MIKE",5405,
"Butler, O.E., Trustee",5406,
"BUTLER, P.B.",5407,
"BUTLER, W.E. & W.C.",5408,
"BUTLER, W.E. ET AL",5408,
BUTRAM,15025,
BUTTE,16116,
BUTTE OIL & GAS,21071,
Butterfield_Dave,666,
Butterfield_David,666,
Butterfield_David    Smith_Julie,,Butterfield_David    Smith_Julie
Butterfield_David; Bolton_Sheryl; Evans_Leigh,,Butterfield_David; Bolton_Sheryl; Evans_Leigh
Butterfield_David; Cramer_Jeffrey; Kadko_David; Lilley_Marvin,,Butterfield_David; Cramer_Jeffrey; Kadko_David; Lilley_Marvin
Butterfield_David; Huber_Julie,,Butterfield_David; Huber_Julie
Butterfield_David; Huber_Julie; Baross_John,,Butterfield_David; Huber_Julie; Baross_John
Butterfield_David; Resing_Joseph; Huber_Julie; Cowen_James,,Butterfield_David; Resing_Joseph; Huber_Julie; Cowen_James
Butterfield_David; Smith_Julie,,Butterfield_David; Smith_Julie
BUTTES,15026,
BUTTES GAS & OIL,21072,
BUTTES GAS & OIL CO.,21072,
BUTTES RESOURCES,21072,
BUTTES RESOURCES CO.,21072,
"BUTTON, INC",21073,
BUTTRAM,15027,
BUTTRAM & ASSOCIATES,21074,
BUTTS & MCCLAIN,21075,
"Butts, C.",5414,
BUZZINI DRILLING,21076,
"BUZZINI, JACOB",5419,
BWAB INC.,21077,
bwetherbee@field-ops.org,5420,
BYARS,16117,
BYARS & BENNY,21079,
BYARS & DUNWOODY,21079,
BYARS & GRELLING,21079,
BYARS & KURTH,21079,
BYARS & PEVETO,21079,
BYARS PEVETO ET AL,21080,
BYARS THOMAS BILLUPS DRILLING CO.,21081,
"BYARS, B.G.",5421,
BYBEE & MARSHBURN ET AL,21082,
BYERLEY & ELLIOTT,21083,
byerley@battelleecology.org,5423,
Byerly,16118,
BYERLY,16118,
BYERS,16119,
BYERS-LAKE & SPENCE,21086,
BYERS & KING,21084,
BYERS ET AL,21085,
"BYERS, B.G.",5427,
"Byers, F. M.",5429,
"BYERS, JOHN",5431,
BYRAM,16120,
"BYRAM, JOHN",5432,
BYRD,16121,
BYRD-FROST,21092,
BYRD-FROST & STANOLIND,21087,
BYRD-FROST INC.,21087,
"BYRD-FROST, INC.",21087,
"BYRD & FROST, INC.",21087,
BYRD & GLOLUM,21090,
BYRD & VOYLES,21090,
BYRD ET AL,21088,
BYRD OIL CO.,21089,
Byrd Polar and Climate Research Center,21091,
"BYRD, D.H.",5434,
"BYRD, D.H. ENTERPRISES",5434,
"BYRD, D.H. ET AL",5434,
"BYRNE, RODERT E. (GULF OIL CORP.)",5437,
BYRON & JAMESON,21093,
Byron C. Crump,6188,
Byron Crump,6188,
Byron Crump & Ted Bambakidis,,Byron Crump & Ted Bambakidis
"Byron Crump, Ted Bambakidis",,"Byron Crump, Ted Bambakidis"
"Byron Steinman, Chris Shea",,"Byron Steinman, Chris Shea"
"Byron Steinman, Chris Shea, Laura Cappio",,"Byron Steinman, Chris Shea, Laura Cappio"
"Byron Straw, Ken Hopkins",,"Byron Straw, Ken Hopkins"
"Byron Winston, Sonja Hausman",,"Byron Winston, Sonja Hausman"
C-B,15044,
C-BARRON,15045,
C & G,21094,
C & R CO.,21095,
C A. Herbert,8329,
"C and H Oil Co., Inc.",21096,
"C and K Petroleum, Inc.",21097,
C F. Park Jr.,11614,
C H,16587,
C Hitchcock,8456,
C Hopson,8574,
C M. Stull,13579,
C M. Stull and A E. Morrow,,C M. Stull and A E. Morrow
C P. Ross,12519,
C Schuchert,12863,
C&C DRILLING CO.,21098,
C&G CO.,21099,
C&H OIL CO.,21100,
C&K PETROLEUM,21101,
C&K PETROLEUM CO.,21101,
C&K PETROLEUM CO. (CITIES SERVICE),21101,
C&R CO.,21102,
C&RG DRILLING CO.,21103,
C. Abercrombie,4015,
C. Brake,5112,
C. Burton,5386,
C. Calvo - A. Bolz,,C. Calvo - A. Bolz
"C. Devey, L. Elkins",,"C. Devey, L. Elkins"
C. Durrel,6733,
C. Durrell,6733,
C. Escutia,6960,
C. Hart,8140,
C. Knutson,9482,
C. L. SMITH,13200,
C. N. T. OIL CO.,21105,
C. Nelson,11226,
C. O. Jaggers Co.,8856,
C. Regalla,1864,
C. Rose,12499,
C. Smith,13198,
C. Uhner/J. Kalmbach,,C. Uhner/J. Kalmbach
C. V. Carey And Daphine Oil Co.,,C. V. Carey And Daphine Oil Co.
C. W. Robinson et al,12428,
C. Willmore,14631,
C.A.T.C.,16123,
C.B. DRILLING,21106,
C.C. CAVAZOS #5,21107,
C.C. REFINING CO.,21104,
C.G.A. Harrison,8131,
C.G.D.C.,15028,
C.H. Elliott,6874,
C.K.,16124,
C.L. BROWN,5216,
C.L. Dodson,6567,
C.L.C. OPERATING,21108,
C.M.&W. DRILLING ET AL,21109,
C.M.M.,15029,
C.N.G.,16125,
C.N.G. DEVELOPMENT,21110,
C.N.G. PRODUCTION (COX O&G),21110,
C.N.T. OIL CO.,21111,
C.P.C.,15030,
C.R. Janssen,8883,
C.R. Olsen,11453,
C.R. Thiel,13776,
C.R.A.,16126,
C.R.B. OIL & GAS CO.,21112,
C.R.M. DRILLING & O'NEIL,21113,
C.R.M. DRILLING & WEINERT,21113,
C.R.M. DRILLING CO. ET AL,21113,
C.R.M. ET AL,21114,
C.S.S.G.,16127,
C.V.O.C.,16128,
C.W. Hughes,8669,
"C.W. RESOURCES, INC.",21115,
C02 IN ACTION,21116,
CABBELL & WRIGHT,21117,
CABEEN,16129,
CABILDO OIL PROP,21118,
CABLE TOOL & ROTARY DRILLING,21119,
CABLE TOOL DRILLING CO.,21120,
CABOT,16130,
CABOT-CARBON,21122,
CABOT & HUBER,21121,
CABOT CARBON,21122,
CABOT CARBON CO.,21122,
CABOT CARBON CO. ET AL,21122,
CABOT CORP.,21123,
CABOT CORPORATION,21123,
Cabot Oil and Gas Corporation,21124,
"Cackling, Richard",5441,
CACTUS-BROSECO.,21126,
CACTUS DRILLING,21125,
CACTUS DRILLING & BROSECO,21126,
CACTUS DRILLING CO.,21125,
CADA EXPLORATION,21127,
CADDO,16131,
CADDO DRILLING CO.,21128,
CADDO OIL CO. INC.,21128,
CADE,16132,
Caden J Howlett,1178,
CAESAR OIL CO.,21129,
"Caesar, O.",5443,
CAG and Associates,21130,
"Cahaba Basin Oil  and  Gas Co., Inc.",21132,
"Cahill, G.",5445,
"Cahn, Lazard",5447,
Cai Fulong,1240,
Cailene Gunn,7886,
CAIN,16133,
CAIN-DUNN,21134,
CAIN CHEMICAL CO.,21133,
"CAIN, H. L.",5453,
"CAIN, H.L",5453,
"CAIN, H.L.",5453,
"CAIN, J. W.",5454,
"CAIN, L.D.",5455,
"Cairnes, C.",5456,
"Cairnes, C. E.",5456,
Caitlin Chang (ORCID 0009-0006-8449-8804),5714,
"Caitlin McDonough MacKenzie, Jacquelyn Gill",,"Caitlin McDonough MacKenzie, Jacquelyn Gill"
"Caitlin McDonough MacKenzie, Kit Hamley, Dulcinea Groff, Karen James",,"Caitlin McDonough MacKenzie, Kit Hamley, Dulcinea Groff, Karen James"
Cal,15831,
"CAL-MON & CALLOWAY, J.E.",21181,
CAL-MON OIL CO.,21181,
"CAL-MON/HOOVER, A.C.",21182,
Cal and Linda Heusser,,Cal and Linda Heusser
Cal Stevens,13476,
"CALAHAN, GEORGE ET AL",5457,
CALAPOR,15031,
"CALAWAY, JAMES E.",5458,
CALBERRY-KILROY,21136,
CALCASIEU OIL CO.,21137,
CALCO-MONTEREY,21139,
CALCO-SHELL,21139,
CALCO INC.,21138,
CALDABOARD OIL CO.,21140,
CALDERONI ET AL,21141,
CALDWELL & CLEMMER,21142,
CALDWELL ET AL,21143,
CALDWELL OIL CO.,21144,
"Caldwell, D.A.",17844,
caldwella@battelleecology.org,4000,
Caleb Slemmons (ORCID 0000-0001-9691-3805),13161,
Caleb Toney,13897,
Caley Peyton (ORCID 0000-0003-3500-5197),11823,
CALEY Thibaut,13774,
"Calhoun, Clay",5464,
"Calico Petroleum, Inc.",21145,
CALIFORNIA,28879,
CALIFORNIA-MEDINA,21168,
CALIFORNIA - TEXAS OIL CO.,21158,
CALIFORNIA & GOODRICH & COCKE,21158,
CALIFORNIA & HUMBLE,21158,
CALIFORNIA & SINCLAIR,21158,
CALIFORNIA & SUN,21158,
CALIFORNIA ARRO,21147,
CALIFORNIA ATLANTIC REFINING CO.,21148,
CALIFORNIA CO,21149,
CALIFORNIA CO.,21150,
CALIFORNIA CO. - MILLS BENNETT,21151,
CALIFORNIA CO. (STANDARD OIL OF TEXAS),21151,
"California Co., The",21150,
"California Co., The, Div. Of California Oil Co.",21150,
CALIFORNIA COMPANY,21150,
CALIFORNIA CONSOLIDATED OIL,21152,
CALIFORNIA DEVELOPMENT CO.,21153,
CALIFORNIA EXPLORATION,21154,
CALIFORNIA OIL,21156,
CALIFORNIA OIL CO.,21156,
CALIFORNIA OIL CO. - SUN OIL CO.,21157,
CALIFORNIA OIL CO. - TIDEWATER,21157,
CALIFORNIA REFINING CO.,21159,
CALIFORNIA STANDARD OIL CO.,21160,
CALIFORNIA STATE,21161,
California Time Petr,21167,
"CALIFORNIA TIME PETROLEUM, INC.",21167,
CALIPH RESOURCES,21169,
Calista Hughes (ORCID 0000-0002-0596-3792),8670,
"Calkins, F.",5465,
CALLAHAN,16134,
CALLAHAN-HOWARD-SMITH,21170,
"CALLAHAN, JOHN",5467,
"CALLAHAN, JOHN T. CO.",5467,
"CALLAHAN, T.W.",5470,
CALLARY & HUNT,21171,
CALLAWAY-COYLE,21173,
CALLAWAY & HARVEY,21172,
CALLENDER,16135,
"CALLENDER, L.W.",5471,
CALLERY,16136,
CALLERY & HUNT,21175,
CALLERY & PIONEER,21175,
CALLERY EXPLORATION CO. (AKA: CALLERY-HURT),21174,
"CALLERY, A.F.",5472,
"CALLERY, F.A.",5473,
"CALLERY, F.A. ET AL",5473,
"CALLERY, F.A. INC",5473,
"CALLERY, F.A. INC.",5473,
"CALLERY, F.H.",5474,
"CALLERY, F.L.",5475,
"CALLERY, P.A.",5476,
CALLICUTT & SWEARINGEN,21176,
CALLIHAN,16137,
"CALLIHAN-ELLISON, ET AL",21178,
CALLIHAN-INT.,21177,
CALLIHAN & BLAKELY,21178,
CALLIHAN INTERESTS,21177,
"CALLIHAN, J.T.",5477,
"CALLIHAN, WILSON E.",5478,
CALLON,15032,
Callon Petroleum Co.,21179,
"Callon Petroleum Operating Co., Inc.",21179,
CALLOWAY,16138,
CALLOWAY OIL CO.,21180,
"CALLOWAY, EARL DRILLING CO.",21180,
"CALLOWAY, EARL ET AL",5479,
Callum Bobb,4950,
"CALMBACH, W.",5480,
CALSTAR PETROLEUM CO.,21183,
CALTO OIL CO.,21184,
CALUEA (?),21185,
CALUMET PETROLEUM CO.,21186,
"Calvache, M.",5482,
CALVERT,16139,
"CALVERT & MANLEY, INC",21188,
CALVERT ET AL,21188,
CALVERT EXPLORATION,21187,
Calvert Lord John Frederick,7326,
"Calvert, Earl L.",5485,
"CALVERT, J.V.",5486,
Calvert?,15033,
CALVERY,16140,
CALVIN-BELT,21189,
Cam Anderson,4245,
CAM CORP.,21190,
Cam Dasher (ORCID 0000-0001-8329-2149),6294,
CAMBELL ET AL,21192,
CAMBRIA,16141,
CAMBRIAN OIL CO.,21193,
CAMEL OIL CO.,21195,
CAMERON,15034,
CAMERON-BURNS,21199,
CAMERON & SCOTT,21196,
Cameron Chin (ORCID 0009-0009-7353-6459),5779,
Cameron Dasher (ORCID 0000-0001-8329-2149),16294,
CAMERON OIL & REFINING CO.,21197,
Cameron Oil Properties,21198,
"Cameron, E. N.",5493,
"CAMERON, PAUL",5494,
"CAMERON, PAUL INC.",5494,
"Cameron, Richard L.",5495,
Camille Perrett (ORCID 0000-0003-0670-0174),11768,
CAMP,16142,
CAMP & GRACE,21202,
CAMP & GRADY,21202,
CAMP & SON,21202,
CAMP ELM OIL CO.,21201,
CAMP OIL & GAS CO.,21200,
CAMP OIL CO.,21200,
CAMP OIL GAS,21200,
CAMP PRODUCTION CO.,21200,
CAMP SPRINGS OIL & REFINING,21203,
"CAMP, CLIFF",21204,
"CAMP, CLIFF OIL CO.",21204,
"CAMP, H.H.",5499,
"Camp, J.",5500,
"CAMP, J.F.",5501,
"CAMP, J.F.-STANOLIND",5501,
"CAMP, JOHN",5503,
"CAMP, JOHN F & SONS",21205,
"CAMP, JOHN F.",21205,
"CAMP, JOHN F. & SONS",21205,
"CAMP, JOHN F. ET AL",21205,
CAMPANA PETROLEUM CO.,21206,
CAMPBELL,16143,
CAMPBELL-SHELL OIL,21211,
Campbell-Thornton,21212,
CAMPBELL & MOORE ET AL.,21209,
Campbell Bros.,21207,
Campbell Craddock,6120,
Campbell Drlg. Co.,21208,
Campbell Drlg. Co. & A.L. Moore,21208,
Campbell Drlg. Co. & I. Schiffman & Co.,21208,
CAMPBELL ET AL,21209,
Campbell Well Drlg. Co.,21208,
"Campbell, A.",5507,
"CAMPBELL, C.R.",5508,
"CAMPBELL, C.R. & FREEL, J.F.",,"CAMPBELL, C.R. & FREEL, J.F."
"CAMPBELL, E.P. (FORMERLY MID-WEST & ATLANTIC)",21210,
"Campbell, F. A.",5510,
"CAMPBELL, JIM",5513,
"Campbell, M.",5515,
"CAMPBELL, W.R. ET AL",5516,
campbellma@battelleecology.org,5517,
"CAMPEN, C.C. ET AL",5518,
CAMPION & SMITH,21213,
"Campsie, J.",5520,
Canaan Sutton (ORCID 0000-0001-5569-8352),13620,
CANADIAN,28817,
CANADIAN DEVELOPMENT CO.,21214,
Canadian Museum Of Nature,21215,
CANADIAN RIVER GAS CO.,21216,
canady@battelleecology.org,5521,
CANALES INC. & BEER,21218,
Cananea Consolidated Copper Company,21219,
CANARY,16144,
Candace Gossen,7709,
"Candace Gossen, B. Vogt",,"Candace Gossen, B. Vogt"
Candice Gossen,7709,
Candif Oil Co.,21220,
CANDLER HILL,21221,
Canfield F.A.,5525,
"Canfield, F.A.",5525,
CANIDAN,15035,
"CANKIE, LTD.",21222,
"Cann, J.",5526,
"CANNAN, MORRIS",5527,
"CANNAN, MORRIS & HOUSTON OIL",5527,
"CANNAN, MORRIS (INTERN'TL OIL)",5527,
Canning K.,5529,
CANNON & MANN,21223,
"CANNON, J. & GRAY, GORDON",,"CANNON, J. & GRAY, GORDON"
"CANNON, M. & RICHARDSON BROTHERS",21224,
"CANNON, MORRIS",5531,
CANNOR,16145,
"CANON, T.C. & KEEL, O.B. JR.",,"CANON, T.C. & KEEL, O.B. JR."
CANT-BELHI-TAYLOR,21225,
"CANTER, ROGER E.",5534,
"CANTON LTD. - CARAWAY, R.J.",5545,
"CANTOR, ROGER",5536,
"CANTRELL, RALPH",5537,
CANUS,16146,
CANUS PETROLEUM INC.,21226,
CANYON CO. LTD.,21227,
CANYON OIL CO.,21227,
CANYON PLATEAU EXPLORATION,21228,
CAPATAZ OPERATING,21229,
Capital Oil and Gas Co.,21230,
CAPITAL OIL CO.,21230,
CAPITAL PETROLEUM CO.,21230,
CAPITAL PRODUCTION CO.,21230,
CAPITAN,16147,
CAPITOL CITY OIL & GAS CO.,21231,
Capley,16148,
CAPP & SANFORD,21232,
CAPPS-BALDWIN ET AL (JOHN L. NELSON),21234,
CAPPS & MOORE,21233,
CAPPS & SMITH,21233,
"CAPPS, L.W.",5542,
"CAPPS, L.W. ET AL",5542,
"CAPRITO, S.",5543,
CAR-NEL OIL CORP.,21265,
CAR OIL CO.,21235,
Cara Santelli,12728,
CARACAS,16149,
CARACAS PETROLEUM,21241,
CARACAS PETROLEUM CO.,21241,
CARACCA PETROLEUM,21241,
CARAWAY,16150,
CARAWAY OIL,21242,
CARAWAY OIL ET AL,21242,
"CARAWAY, R.J.",5545,
"CARAWAY, R.J. ET AL",5545,
CARBOT CORP.,21243,
CARBUCK OIL CO.,21244,
"Card, K. D.",5547,
"CARDIN, GRANT",5550,
CARDINAL OIL CO.,21246,
CARDINAL PETROLEUM CO.,21246,
cardona@battelleecology.org,5551,
CARDWELL ET AL,21247,
Cares S.,5553,
Cares S. & J.,5553,
"Cares, S.",5553,
Caressa Pratt,17845,
Carey,16151,
CAREY,16151,
CAREY & CAREY,21250,
CAREY & NORBURY,21250,
CAREY OIL CO.,21248,
CARGILL ET AL,21251,
Carina Colombi,5965,
CARL BROTHERS,21252,
Carl Chmielewski (ORCID 0000-0000-0068-7943),5789,
Carl Chmielewski (ORCID 0000-0002-3192-2230),5789,
Carl Malinsky (ORCID 0009-0000-5510-5369),10241,
Carl O. Baird,4497,
Carl Trettin,13939,
Carl Trettin / Julie Arnold,,Carl Trettin / Julie Arnold
"Carl Trettin, Julie Arnold",,"Carl Trettin, Julie Arnold"
"CARL, WILLIAM E.",5557,
Carla Lopez. Tatiana Barreto,,Carla Lopez. Tatiana Barreto
"CARLE, FRANK B.",5558,
CARLEE OIL CO.,21253,
CARLES OIL,21254,
"Carless Resources, Inc.",21255,
CARLISLE-TURNER-WILSON,21256,
CARLISLE BLALOCK,4915,
Carlo Laj,9645,
CARLOS,16152,
Carlos E. Macellari,10189,
Carlos J. Garrido,537,
Carlos P. Carvajal,832,
Carlos Santiago,12729,
Carloss Drlg. Co.,21257,
"Carlson, W. D.",5563,
CARLTON-SPEED,21258,
"CARLTON, EARL",5564,
"CARLYSE, W.",5566,
Carmen Keene (ORCID 0009-0001-2412-0301),9244,
CARMERSON CORP.,21259,
Carmine Wainman,14238,
CARNAHAN OIL CO.,21260,
CARNATION,16153,
"Carne, J.",5570,
Carnegie M.N.H.,21264,
CARNES,15036,
CARNES & WEAVER,21266,
CARNES WEAVER,14378,
"CARNES, S.J.",5571,
"Carney, B.",5572,
Carol Dehler,6428,
Carol Goranson (ORCID 0000-0003-3463-8507),7692,
Carol Hill/David Decker,,Carol Hill/David Decker
CAROLINA - TEXAS OIL & GAS DEVELOPMENT,21267,
CAROLINA - TEXAS OIL CO.,21267,
Carolina Gas Explora,21268,
Carolina Smith,13201,
CAROLINE-HUNT-SANDS,21270,
Caroline Bouvet de Maisonnueve,6378,
Caroline Burbank (ORCID 0009-0002-6818-083X),16102,
Caroline Cort (ORCID 0000-0003-2426-525X),6061,
CAROLINE HUNT,8707,
CAROLINE HUNT SANDS,8704,
CAROLINE HUNT TRUST (CICO OIL & GAS),21269,
Caroline Mackenzie,10198,
Caroline Mackenzie (ORCID 0000-0002-3522-531x),10198,
Caroline MacKenzie (ORCID 0000-0002-3522-531x),10198,
Caroline Seyler,1418,
Caroline Thow (ORCID 0000-0001-6630-0282),13841,
Carolyn Dykoski,6750,
Carothane Corp.,21271,
CARPENTER,16154,
CARPENTER & HOWARD,21274,
CARPENTER & ROBIN,21274,
CARPENTER & SONS,21274,
CARPENTER & VERNON,21274,
CARPENTER ET AL,21274,
CARPENTER OIL CO.,21273,
"CARPENTER, A.H.",5575,
"CARPENTER, F.C.",5576,
"CARPENTER, F.G.",5577,
"CARPENTER, F.H.",5578,
"Carpenter, L.",5579,
"CARPENTER, S.L.",5581,
carpenterp@battelleecology.org,5580,
CARPER DRILLING,21275,
CARR,16155,
"CARR, A.P.",5582,
"Carr, Donald ; Leininger, Richard K.",,"Carr, Donald ; Leininger, Richard K."
"CARR, F. WILLIAM (ET AL)",5584,
"CARR, F.W.",5584,
"Carr, M.",5585,
"CARR, WILLIAM & LAYTON BROTHERS",21276,
Carr_Michael,5585,
Carracedo J. C.; Perez-Torrado F.J.; Fernandez-Turiel J.L.; RodrÌguez-Gonz·lez A.,,Carracedo J. C.; Perez-Torrado F.J.; Fernandez-Turiel J.L.; RodrÌguez-Gonz·lez A.
"Carrara, Paul",5588,
CARRAWAY,16156,
"CARRAWAY, R.J.",5589,
"CARRAWAY, R.J. ET AL (DELTA DRILLING)",5589,
Carrie Schmitt (ORCID 0000-0002-7418-5509),12817,
"CARRINGTON, JOE",5591,
CARRITA OIL & GAS CO.,21277,
"Carrizo Oil and Gas, Inc.",21278,
CARRL,15037,
CARRL & PIONEER,21280,
CARRL OIL,21279,
CARRL OIL-SHORE EXPLORATION CO.,21280,
CARRL OIL & DAN AULD,21280,
CARRL OIL & J.L. HAMMON,21280,
CARRL OIL & TENNESSEE GAS,21280,
CARRL OIL CO.,21279,
CARRL OIL CO. (EASTERN TRANS.?),21279,
CARROL OIL ET AL,21281,
"Carroll, O.G.",5596,
"CARROLL, VAL",5597,
CARRUTH & HAGEN,21282,
CARRUTH & STEWART,21282,
"Carryer, S.J.",5598,
CARSIL OIL & GAS CO.,21283,
Carson Barefoot,4568,
Carson Broaddus/Michael Hofmann,,Carson Broaddus/Michael Hofmann
Carson Richardson,606,
Carson Wahl (ORCID 0009-0009-3573-573X),14235,
CARTER,16157,
CARTER-BROWN,21286,
CARTER-CRAGG,21286,
CARTER-GIFFORD OIL CO.,21286,
CARTER-GREGG,21286,
CARTER-JONES,21286,
CARTER-JONES & SPENCER,21286,
CARTER-JONES DRILLING CO.,21286,
CARTER-ZWEIFEL,21288,
CARTER - GIFFORD,21286,
CARTER & ABERNATHY,21286,
CARTER & CARTER,21286,
CARTER & CARTER (HOLMES DRILLING),21286,
CARTER & LYLE,21286,
CARTER & LYTLE,21286,
CARTER & MCKAMEY,21286,
CARTER & MENDEL,21286,
CARTER & PURE,21286,
CARTER & RUBISON,21286,
CARTER DRILLING CO.,21284,
CARTER ET AL,21286,
CARTER FOUNDATION,21285,
CARTER GRAGG OIL CO.,21286,
CARTER GREGG OIL CO.,21286,
CARTER MUTER & PERKINS,21286,
Carter Oil Co.,21284,
CARTER OIL CO.,21284,
"Carter Oil Co., The",21284,
"CARTER, A. E.",5600,
"CARTER, A.F.",5601,
"CARTER, A.G.",5602,
"CARTER, A.G. - CONTINENTAL",5602,
"CARTER, A.G. ET AL",21287,
"CARTER, A.G./CONTINENTAL OIL",21287,
"CARTER, A.G./PHILLIPS PETROLEUM",21287,
"CARTER, AMON G.",5602,
"CARTER, BARNEY",5604,
"CARTER, C. F.",5605,
"CARTER, E.L.  (?)",5606,
"Carter, L.",5608,
"CARTER, L.L.",5609,
"CARTER, ROY",5613,
"CARTER, ROY I.",5613,
carteral@battelleecology.org,5615,
carterl@battelleecology.org,5617,
CARTHAGE OIL CO.,21289,
CARTHAY LAND CO.,21290,
CARUTHERS PROCTION CO. (SUN OIL),21291,
"CARUTHERS, J.D. JR ET AL (CARUTHERS & SAYE)",21291,
"CARUTHERS, JOHN D. JR.",5618,
CARWAY,16158,
Cary:Luther:Lutz,,Cary:Luther:Lutz
CASA OIL CO.,21292,
"Casadevall, T. J.",5621,
CASCADE,15038,
CASCADE-HONOLULU OIL,21294,
CASCADE PET CO. ET AL,21293,
CASCADE PETROLEUM CO.,21293,
CASE-BOYD OIL CO.,21298,
CASE & POMEROY,21295,
"CASEBOLT, C.E. (FORMERLY MITCHELL)",21297,
CASEX,16159,
CASEY,16160,
CASEY & WEEMPE,21299,
CASEY & WEEMPY,21299,
casey chen (ORCID 0000-0001-6571-8994),5746,
Casey Chen (ORCID 0000-0001-6571-8994),5746,
Casey Jade Ruybal (ORCID 0000-0003-4849-9974),16749,
Casey Luzius (ORCID 0000-0003-1704-3704),10135,
Casey Ruybal (ORCID 0000-0003-4849-9974),12635,
CASH & REYNOLDS,21300,
CASH OIL CO./GREEN E.H.,21301,
CASHCO ENERGY CORP.,21302,
"CASHFLOW EXPLORATION, INC",21303,
"CASHIN, D. ET AL",5626,
"Cashion, Lyle Co.",21304,
"Cashion, Lyle Co.-Daws-Stanley",21304,
"Cashion, Lyle Co.-Gamill, Dave",21304,
"Cashion, Lyle Co.-Scruggs, Mcmillan",21304,
"Cashion, Lyle Co.-Stanley-Daws",21304,
"Caspari, Claus",5627,
casper@battelleecology.org,5628,
cassaday@battelleecology.org,5629,
Cassandra Holman (ORCID 0000-0001-6901-0272),8532,
Cassandra Humphress (ORCID 0009-0002-9890-216X),16722,
Cassandra Mancilla (ORCID 0000-0002-4908-9419),10259,
Cassel,16161,
"Cassidy, B.",5631,
"Cassidy, William A.",5632,
castellanos@battelleecology.org,5634,
"Castillo, Patrick",5638,
Castillo/Lonsdale,,Castillo/Lonsdale
CASTLE,16162,
"Castle Exploration Co., Inc.",21306,
"CASTLE, C.B.",5640,
CASTLEMAN,15039,
CASTLEMAN CREEK OIL CO.,21307,
CASTOR ET AL,21308,
"Caswell, J.",5643,
Cat Beck,4713,
CAT CANYON,21309,
CATAHOULA,16163,
CATE,16164,
"CATE, H.C. ET AL",5644,
Catherine Kissel,9418,
Catherine KISSEL,9418,
Catherine MEVEL,10731,
Catherine Ross,12519,
"Cathy Whitlock, Laurie Stahle",,"Cathy Whitlock, Laurie Stahle"
"Cathy Whitlock, Simon Haberle, Scott Nichols, Jay Chin, Matt Weingart, Loga Fixico,Robert Gresswell, Laurie Stahle",,"Cathy Whitlock, Simon Haberle, Scott Nichols, Jay Chin, Matt Weingart, Loga Fixico,Robert Gresswell, Laurie Stahle"
"Cathy Whitlock, Simon Haberle, Scott Nichols, Kathy Allen, Jay Chin, Matt Weingart, Loga Fixico, Robert Gresswell, Laurie Stahle",,"Cathy Whitlock, Simon Haberle, Scott Nichols, Kathy Allen, Jay Chin, Matt Weingart, Loga Fixico, Robert Gresswell, Laurie Stahle"
Catie Halvorsen (ORCID 0000-0001-9719-1429),7990,
CATIO,16165,
CATLETT & O'NEIL,21310,
"CATLETT, JOHN",5646,
CATO OIL CO.,21312,
catron@battelleecology.org,5648,
CATTLE LAND OIL CO.,21313,
CAUBLE,16166,
CAUBLE & THOMPSON,21314,
CAUBLE ENTERPRISE,21315,
"CAUBLE, REX",5649,
"CAUBLE, REY",5649,
"Cauble, True",5650,
CAUDLE,15040,
CAUSEY,16167,
Causey-Boles,21318,
CAUSEY & POWELL,21316,
Causey Bros. Drlg. Co.,21317,
Causey Brothers/Bill Dalton,,Causey Brothers/Bill Dalton
Causey Drlg. Co.,21317,
CAVALLA,16168,
CAVALLA & AXREN,21320,
CAVALLA & HINKES,21320,
CAVALLA ENERGY,21319,
Cavanaugh_Colleen,5653,
CAVIN,15041,
CAWTHORN ET AL,21321,
CAYCE PETROLEUM CO.,21322,
"Cayeux, L.",5659,
CAYMAN,15042,
CAYMAN CORP. & CAL-MON OIL CO.,21323,
CAYTON,16169,
CAYUNGA,15043,
CB,16170,
cbarber@neoninc.org,5662,
cblumbergs@field-ops.org,5663,
CBlumbergs@field-ops.org,5663,
ccalcaterra@battelleecology.org,5664,
cchmielewski@battelleecology.org,5666,
ccordell@battelleecology.org,5667,
CDX Gas LLC,21324,
"CDX Gas, LLC",21324,
CE-BETH OIL CO.,21326,
"Cebola, Al",5668,
CECIL OIL CO.,21327,
Cecil Radford,12121,
Cecilia McHugh,10554,
Cedar Creek St. Park,21328,
Cedarhill Operating,21329,
"Cedarhill Operating Company, L.L.C.",21329,
CELERON,21330,
CELERON OIL & GAS,21330,
Celeron Oil and Gas Co.,21330,
Celina Suarez,963,
Celine,16171,
Celle C. Prager,11999,
CELSIUS ENERGY,21331,
CELTIC OIL CO.,21332,
cemerson@neoninc.org,5672,
CEN-TEX PETROLEUM CO. (MILTON O'NEAL),21338,
CENERGY,15046,
Cent Land Office,21333,
CENTAUR PETROLEUM,21334,
CENTAUR PETROLEUM CO.,21334,
CENTENNIAL,28762,
Centennial Commission,21335,
CENTER OIL CO.,21336,
Centerville Mining and Milling Company and Milling Company,21337,
CENTRAL,28818,
CENTRAL-WELL SERVICE,21348,
CENTRAL COUNTY PIPELINE,21341,
CENTRAL EXPLORATION CO.,21339,
CENTRAL EXPLORATION OIL CO. ET AL,21342,
CENTRAL OIL & DEVELOPMENT CO.,21339,
Central Oil Co.,21339,
CENTRAL OIL DEVELOPMENT CO.,21339,
CENTRAL SOUTHERN,21344,
CENTRAL SOUTHERN OIL CORP.,21345,
CENTRAL TEXAS OIL & GAS CO.,21346,
CENTRAM,16172,
"Century Exploration New Orleans, LLC",21356,
CENTURY OIL & GAS CO.,21355,
CENTURY PETROLEUM,21355,
"Century Petroleum, Ltd.",21355,
"CERF, M. D.",5676,
CERRO DE PASCO-LYONS-MCCORD,21358,
CERRO DE PASCO & ST. JOS. LEAD,21357,
Cerro De Pasco Copper Corporation,21357,
CERRO DE PASCO.,21357,
CERRO DE PASEO,21359,
CERTAINTEED,21360,
Cesar Ortiz (ORCID 0009-0001-7601-8771),11505,
CEZEAUX ET AL,21362,
CGKM OIL CO.,21363,
cgoranson@battelleecology.org,5679,
cgray@battelleecology.org,5680,
Cgray@Battelleecology.org,5680,
cgray@neoninc.org,5680,
CH,16173,
"Chace, F.",5683,
CHACON OIL CO.,21364,
Chad D. Deering,487,
Chad Foster,7262,
Chad Hauck (ORCID 0000-0003-3879-1971),8169,
Chad King,9383,
Chadwick_William,5686,
CHAFIN PETROLEUM,21365,
"Chagnon, J.",5688,
"CHALK, OTIS",5691,
CHALMERS,28763,
CHALMETTE PETROLEUM CORP.,21366,
CHALMETTE PETROLEUM CORP. (SIGNAL OIL & GAS CO.),21367,
CHAMBERLAIN-FISHER & PRESNALL,21368,
"Chamberlain, Bart, B., Jr.",5692,
"CHAMBERLAIN, FISHER & PRESNALL",21368,
"Chamberlain, K. R.",5693,
"Chamberlain, S.",5696,
"CHAMBERLAIN, SAM",5696,
CHAMBERS,16174,
CHAMBERS-KENNEDY-MEEKER,21370,
CHAMBERS-KENNEDY-TUCKER,21370,
CHAMBERS-KENNEDY ET AL,21370,
CHAMBERS - KENNEDY,21369,
CHAMBERS & KENNEDY,21369,
CHAMBERS & KENNEDY-CHAMPLIN,21369,
"CHAMBERS, JERRY",5700,
CHAMBLESS,28764,
"CHAMION, JOHN J.",5702,
"CHAMP, F. & ASSOC.",21372,
CHAMPION,28819,
CHAMPION-MCKELLAR,21374,
Champion Drlg. Co.,21373,
CHAMPION OIL CO.,21373,
Champion Paper Co.,21373,
"CHAMPION, J.G.",5703,
CHAMPLIN,15047,
CHAMPLIN OIL & REFINING CO.,21375,
CHAMPLIN OIL & REFINING CO. (PAN AMERICAN),21375,
CHAMPLIN PETROLEUM,21375,
CHAMPLIN PETROLEUM (DIXEL RESOURCES),21375,
Champlin Petroleum Co.,21375,
CHAMPLIN PETROLEUM CO.,21375,
CHAMPLIN PETROLEUM CO. - BASS,21375,
CHAMPLIN PETROLEUM CO. - DILCO,21375,
CHAMPLIN PETROLEUM CO. - DOW,21375,
CHAMPLIN PETROLEUM CO. & BASS INC,21375,
CHAMPLIN PETROLEUM CO. & CLARK,21375,
CHAMPLIN PETROLEUM CO. (FISHER-WEBB),21375,
Champlin Refining Co.,21375,
CHAMPLIN TEX & GULF,21376,
"Champlin, Charles D.",5705,
"CHAMPLIN, JOE N.",5706,
"CHAMPMAN, ELISE P. ESTATE",5707,
"CHAMPMAN, H.L.",5708,
CHANCE BROTHERS,21377,
CHANCE DRILLING CO.,21378,
CHANCE ET AL,21379,
Chance Spencer (ORCID 0009-0005-2133-045X),13348,
CHANCE WELL SERVICE,21380,
"CHANCE, J.C.",5711,
"CHANCE, R.L.",5712,
CHANCELLOR,16175,
CHANCELLOR-SLICK,21381,
"CHANCELLOR, C.W. & SLICK OIL",21381,
"CHANCELLOR, SLATOR, & HALL",21381,
CHANDLER,16176,
CHANDLER & ASSOCIATES,21382,
CHANDLER & MUSGROVE,21382,
CHANDLER ET AL,21382,
"CHANDLER, J.H.",5713,
CHANNEL EXPLORATION,21383,
"CHANNELL, R.J.",5718,
"CHANOR , G M ET AL",5719,
Chantal Lapeyrade (ORCID 0009-0006-2096-1505),16884,
CHANUDET V,5720,
"Chao, E. C. T.",5721,
"Chao, E. C. T. and Back, J.",,"Chao, E. C. T. and Back, J."
"Chao, E. C. T. and Edwards, C.",,"Chao, E. C. T. and Edwards, C."
"Chao, E. C. T. and Erickson",,"Chao, E. C. T. and Erickson"
"Chao, E. C. T. and Houston",,"Chao, E. C. T. and Houston"
"Chao, E. C. T. and Mann",,"Chao, E. C. T. and Mann"
"Chao, E. C. T. and Weijun, S.",,"Chao, E. C. T. and Weijun, S."
"Chao, E. C. T. and Yingchen, R.",,"Chao, E. C. T. and Yingchen, R."
"Chao, E. C. T., Edwards, C., and Mann",,"Chao, E. C. T., Edwards, C., and Mann"
Chao_Shih-hui,5722,
CHAPARRAL ENERGY LLC,21384,
CHAPARRAL RESOURCES,21385,
CHAPARROSA OIL CO.,21386,
CHAPEL HILL GAS UNIT,21387,
CHAPLIN-DAVIS,21389,
CHAPLIN & G.W. STRAKE,21388,
Chapman,16177,
CHAPMAN,16177,
CHAPMAN-MCFARLAND,21393,
CHAPMAN & MCFARLAND,21391,
CHAPMAN & MCFARLIN,21391,
CHAPMAN & POLAND,21391,
CHAPMAN & SMITH,21391,
CHAPMAN ET AL,21391,
CHAPMAN MINERALS (LAURA OIL),21391,
CHAPMAN MINERALS CORP.,21390,
CHAPMAN MINING,21390,
CHAPMAN OIL CO.,21390,
"CHAPMAN, E. L.",5724,
"CHAPMAN, E.L.",5724,
"CHAPMAN, FORD, & ASSOC.",21392,
CHAPPARRAL MINERALS,21394,
CHAPPELL,16179,
"CHAPPELL, R.",5726,
"Charaf CHABOU (Univ. SÈtif, Algeria)",5682,
CHARCO REDONDA,21395,
charden,5727,
charden@field-ops.org,5727,
Chariot M M Company,21396,
CHARLE S. BECK,4714,
Charles Bacon,4473,
Charles C. Smith,13202,
Charles Ferguson,7099,
Charles Gehring,7481,
CHARLES H. LAWRENCE,9740,
Charles Kavanagh-Lepage/FÈlix Gervais,,Charles Kavanagh-Lepage/FÈlix Gervais
Charles Langmuir,9693,
Charles Randklev,12155,
CHARLES S. BECK,4714,
Charles Smith for Rob Weems,,Charles Smith for Rob Weems
Charles Umbanhowar,14038,
"Charles Umbanhowar, Mark Edlund, Erin Mittag, Randie Engstrom, Corey Ruder",,"Charles Umbanhowar, Mark Edlund, Erin Mittag, Randie Engstrom, Corey Ruder"
"Charles Umbanhowar, Phil Camill, Becky Teed",,"Charles Umbanhowar, Phil Camill, Becky Teed"
"Charles Umbanhowar, Phil Camill, Becky Teed, Christoph Geiss",,"Charles Umbanhowar, Phil Camill, Becky Teed, Christoph Geiss"
"Charles Umbanhowar, Phil Camill, Christoph Geiss",,"Charles Umbanhowar, Phil Camill, Christoph Geiss"
Charles Umbanhower,14038,
Charles W. Cross,6170,
CHARLESWORTH,16180,
Charlie Cravotta (ORCID 0000-0002-6718-4647),6137,
Charlie Langmuir,9693,
Charlie Pratt (ORCID 0000-0001-5349-9843),12002,
Charlotte Brunner,5273,
Charlotte Desaulnier (ORCID 0009-0002-9264-3785),16318,
CHARLOTTE OIL CO.,21398,
CHARNAS,16181,
CHARO ENERGY CORP.,21399,
"Charpy, L.",5729,
charrell@battelleecology.org,5730,
CHARTER,16182,
CHARTER OIL & GAS CO.,21400,
CHARTERS,16183,
Chas. Miller,10772,
CHASE PETROLEUM CO.,21401,
"Chase, R.",5732,
"Chase, R. L.",5732,
CHASS PRODUCTION CO. (MIM OIL),21402,
CHASTAIN,15049,
"CHASTAIN, G.D. ET AL",5733,
CHASTEEN & HENRY,21403,
"Chatterjee, D.",5735,
CHAUMILLON Eric,5736,
CHAVANNE,15050,
CHAVANNE TRUSTEE,21404,
"CHAVANNE, H.F. ET AL",5738,
"CHAVANNE, H.J.",5739,
CHAVER,16184,
"Chayes, F.",5740,
CHEERYVILLE,21405,
CHEERYVILLE CORP.,21405,
"CHEIGE, C.A.W.",5743,
Chelsea Cordell,6038,
Chelsea Mackaman-Lofland,1845,
Chelsea Proia,12056,
CHEMICAL EXPRESS,21406,
Chen Hong,8552,
chenc@battelleecology.org,5754,
CHENEY,15051,
CHENEY-CONTINENTAL OIL,21407,
CHENEY & MADDEN,21407,
CHENEY & MILLER,21407,
"Cheney, William H. and Williams, Price S., Jr.",,"Cheney, William H. and Williams, Price S., Jr."
Cheng Zhenbo,14895,
Chengmin Huang,8640,
Chengyu Zhu/Guocan Wang,,Chengyu Zhu/Guocan Wang
CHENOWETH,16185,
Chereskin_Teresa,5757,
Cherissa Dukelow,6690,
"CHERNOW, M.W.",5759,
"Cherokee Energy, Inc.",21410,
CHEROKEE OIL DEVELOPMENT CO.,21411,
"Cherokee Ventures, Inc.",21412,
CHERRY,16188,
CHERRY & KIDD,21413,
CHERRY BROTHERS,21414,
CHERRY ET AL,21415,
"CHERRY, A.W.",5761,
"CHERRY, A.W. & BLAIR",5761,
"CHERRY, A.W. ET AL",5761,
"Cherry, Charles L. & Assoc., Inc.",5762,
"Cherry, Charles L. and Assoc., Inc.",5762,
"CHERRY, ET AL",21416,
CHERRYVILLE,21417,
Cherryville Corp.,21417,
CHERRYVILLE CORP.,21417,
"Chesapeake Appalachia, L.L.C.",21418,
CHESAPEAKE OIL CO.,21420,
Chesley Pruet et al,21421,
CHESSLER ET AL.,21422,
CHESTER HUNTER,8723,
CHESTER OIL CO.,21423,
"Chesterman, Charles",5768,
CHEVRON,21425,
CHEVRON - RTI,21426,
CHEVRON & SHELL,21426,
CHEVRON & SHELL OIL CO.,21426,
CHEVRON & STANDARD OF TEXAS,21426,
CHEVRON & SUN,21426,
CHEVRON (GULF OIL CORP.),21426,
CHEVRON (GULF RESEARCH),21426,
CHEVRON (SUN),21426,
Chevron Oil,21424,
Chevron Oil Co.,21424,
CHEVRON OIL CO.,21424,
CHEVRON RESOURCES,21424,
CHEVRON U.S.A.,21424,
"Chevron U.S.A., Inc.",21424,
CHEVRON USA INC.,21424,
"CHEVRON USA, INC.",21424,
CHEVRON/ OCEAN ENERGY/GENERAL ATLANTIC,21426,
CHEVRON/GULF,21426,
CHEW & BRASSETT,21427,
"CHEW, W. D.",5771,
Cheyanne Macagno (ORCID 0000-0003-3765-6727),10176,
CHEYENE,16189,
CHEYENNE,16189,
CHEYENNE OIL CO.,21428,
Cheyne Springbett,13375,
Chi-Yuen Wang,14308,
Chiara Amadori,1180,
CHICAGO - TEXAS OIL & GAS SYNDICATE,21429,
CHICAGO CORP.,21430,
CHICAGO CORP. - DELTA DRILLING CO.,21431,
CHICAGO CORP. (CHAMPLIN O&R CO.),21431,
CHICAGO GULF CORP.,21432,
CHICAGO MILL & LUMBER (SUN OIL CO.),21433,
CHICAGO OIL CO.,21434,
Chief Oil and Gas LLC,21435,
"Chief Scientest: Katelyn McDonough; Team Members Present: Loren Davis, Loren White, Richard Rosencrance",,"Chief Scientest: Katelyn McDonough; Team Members Present: Loren Davis, Loren White, Richard Rosencrance"
CHILDERS DEV.,21436,
CHILDERS DEVELOPING,21436,
"Childers, G.",5774,
CHILDRESS,16191,
CHILDRESS DRILLING CO.,21437,
CHILDRESS ROYALTY CO.,21437,
CHILDRESS ROYALTY CO.-INDIAN ILL.,21437,
CHILDS,16192,
CHILDS DRILLING,21438,
CHILDS ET AL,21439,
CHILES DRILLING CO.,21440,
CHILES WELL SERVICE,21441,
"CHILES, H.E. JR.",5777,
CHILTIPIN OIL & GAS,21442,
CHILTIPIN OIL CO.,21442,
CHIMNEY,16193,
chines@field-ops.org,5783,
Chinese Academy,21454,
chinton@battelleecology.org,5784,
Chip Breier,5136,
"Chisca Oil Co., Inc.",21461,
CHISM & PORTER,21462,
CHISO,16194,
CHISOS MINING CO.,21463,
"Chite, S. D.",5785,
CHITTUM,16195,
CHITWOOD ET AL (SAN MARCUS OIL),21464,
CHIZUM,16196,
"CHIZUM, C.H.",5786,
"CHIZUM, GARLAND H. ET AL",5787,
"CHIZUM, GAYLORD H.",5788,
"CHM Operating Co., Inc.",21465,
"CHM Petroleum, Inc.",21465,
chmielewski@battelleecology.org,5789,
CHOATE,16197,
CHOATE-BROWN,21466,
CHOATE-HENSHAW,21466,
CHOATE-HENSHAW-NEELKE,21466,
CHOATE-MARLAND,21466,
CHOATE-MARLAND-HENSHAW,21466,
CHOATE & HAGAN,21466,
CHOATE & HOGAN,21466,
"CHOATE, L.H. ET AL",5790,
"CHOATE, WARREN",5791,
CHOATES ET AL,21467,
"Choctaw Geological Enterprises, an MBCI Enterprise",21468,
"Choctaw Holdings, In",21469,
CHOCTAW OIL & GAS CO.,21470,
"Choice Exploration, Inc.",21471,
cholman@field-ops.org,5793,
chong@battelleecology.org,5794,
CHOTE-HENSHAW-MARLAND,21472,
"CHOTE, DON L. & WICO OIL",21472,
Chris Bochicchio,4953,
Chris Burton,5386,
"Chris Caldow, Ryan Freedman, Chris Mobley",,"Chris Caldow, Ryan Freedman, Chris Mobley"
"Chris Campisano, Ramon Arrowsmith, Kay Reed, Jonathan Wynn, Andy Cohen, Asfat Asrat",,"Chris Campisano, Ramon Arrowsmith, Kay Reed, Jonathan Wynn, Andy Cohen, Asfat Asrat"
Chris Coueslan,6086,
Chris Duff (ORCID 0009-0000-0851-5218),16349,
Chris Duffy,6686,
Chris Gray (ORCID 0000-0002-9750-4517),7764,
Chris Hollister,8530,
Chris Kelley,9264,
Chris Kelley and Jasper Konter,,Chris Kelley and Jasper Konter
Chris Kirkland,17846,
Chris Morley,11007,
Chris Moy,11068,
"Chris Paola, Jake Bailey",,"Chris Paola, Jake Bailey"
"Chris Paola, Katsumi Matsumoto, Dan Jones",,"Chris Paola, Katsumi Matsumoto, Dan Jones"
"Chris Paola, Katsumi Matsumoto, Jake Bailey",,"Chris Paola, Katsumi Matsumoto, Jake Bailey"
Chris Peterson (ORCID 0000-0002-2389-1411),11798,
Chris Scholz,12835,
Chris Taborsky,13664,
Chris Taborsky (ORCID 0000-0002-5239-4860),13664,
Chris Walls,14279,
"Chris Walls, with PBO",14279,
Chris Webb,14384,
Chris White,14508,
Christa Hurak,8736,
CHRISTENSON & MATTHEWS,21473,
CHRISTI-MITCHELL,21481,
CHRISTI-MITCHELL-MITCHELL,21482,
CHRISTI-MITCHELL & MITCELL,21482,
CHRISTI MITCHELL  & MITCHELL,21474,
CHRISTI MITCHELL & MITCHELL,21475,
CHRISTIAN & CARPENTER,21476,
Christian Ayala,4455,
Christian Bohm,4967,
Christian Bryson (ORCID 0009-0008-2607-7520),16089,
CHRISTIAN ET AL,21477,
Christian Rowan,12548,
Christian Teyssier,13757,
Christian Timm; Cornel de Ronde,13854,
"Christiansen, R. L., Peterson, D. W., and Tilling, R. I.",,"Christiansen, R. L., Peterson, D. W., and Tilling, R. I."
Christianson W.D.,5804,
CHRISTIE,16198,
CHRISTIE-DUNMAN,21480,
CHRISTIE-GRAHAM,21480,
CHRISTIE-MICHILL & MICHELL,21482,
CHRISTIE-MITCHELL,21481,
CHRISTIE-MITCHELL-MITCHELL,21482,
CHRISTIE-MITCHELL ET AL,21482,
CHRISTIE & DUNHAM,21480,
CHRISTIE & MITCHELL & MITCHELL,21482,
CHRISTIE BROTHERS,21479,
CHRISTIE ET AL,21480,
Christie Rowe,1668,
Christie Sampson,12697,
"CHRISTIE, C.B.",5805,
"Christie, D.",5806,
"CHRISTIE, MERLYN",5807,
"CHRISTIE, MITCHELL & MITCHELL",21482,
Christina Calcaterra (ORCID 0000-0002-4970-6915),5459,
Christina Neal,11204,
Christina Smith (ORCID 0000-0003-0271-9396),13203,
Christina Winkler (ORCID 0000-0001-8270-1414),14667,
Christine Deplus,6461,
Christine Gurley (ORCID 0000-0003-1244-0815),7895,
Christine Regalla,1864,
Christine Sandbach,12709,
Christine Y. Chen,999,
"CHRISTMAN, G.B.",5808,
"Christman, R. A.",5809,
CHRISTMANN-WELBORN-MARKHAM,21483,
CHRISTMANN & ASSOCIATES,21483,
"CHRISTMAS, G.B.",5808,
Christof Meile,10660,
Christoph Geiss,7485,
"Christoph Kern, Cynthia Werner",,"Christoph Kern, Cynthia Werner"
Christopher Burton (ORCID 0000-0002-2086-5736),5386,
Christopher Fielding,7128,
Christopher John Nye,11383,
Christopher Moy,11068,
Christopher Peterson,17847,
Christopher Svoboda (svoboda6@msu.edu),805,
Christopher Waythomas,14373,
Christos Stergiou/Pavlos Tyrologou & Nikolaos Koukouzas,,Christos Stergiou/Pavlos Tyrologou & Nikolaos Koukouzas
Chuck Fisher,17848,
"Chuck Mitchell, Bob Jacobi",,"Chuck Mitchell, Bob Jacobi"
"Chunchula Production, Inc.",21484,
churak@battelleecology.org,5812,
Churak@neoninc.org Jgalloway@neoninc.org,,Churak@neoninc.org Jgalloway@neoninc.org
CHURCH & FIELDS,21485,
"CHURCH, G.M.",5813,
"CHURCH, G.M. ET AL",5813,
"CHURCH, GEORGE M.",5813,
CHURCHILL & ARMSTRONG,21486,
CHUSKA OIL CO.,21487,
CIA DE PETROLEOS,21488,
CIA INVERSIONES IND.,21489,
CICO-RULAIR-BLAIR,21491,
CICO OIL & GAS,21490,
CICO.,16199,
"Cifelli, R.",5816,
CIG EXPLORATION (HUNT ENERGY CORP.),21492,
Cilen Joseph,9129,
CILLIAM,16200,
CIMA PETROLEUM,21493,
Cimarex Energy Co.,21494,
CIMAREX ENERGY CO.,21494,
"CINCO, E.C.",5817,
Cindy Looy,10033,
CIRCLE,15052,
"CIRCLE ""W"" OIL CO.",21498,
CIRCLE & PENNINGTON,21495,
CIRCLE DRILLING,21496,
CIRCLE OIL CO.,21497,
CIRCLE OIL CO. (NAVARRO OIL),21497,
CIRCLE W OIL CO.,21498,
CIRCLE W. OIL CO.,21498,
CIRCLE W. OIL CORP.,21498,
cirizarry@field-ops.org,5821,
CISCO,16201,
CITATION OIL & GAS,21499,
CITATION OIL & GAS CORP.,21499,
CITATION OIL & GAS CORP. (L.L.&E.),21499,
CITGO,21500,
CITIES SERVICE,21501,
CITIES SERVICE (ARKANSAS FUEL OIL),21503,
Cities Service Co.,21503,
CITIES SERVICE MINERAL CORP.,21502,
CITIES SERVICE OIL CO.,21503,
CITIES SERVICE OIL CO. - CONTINENTAL,21504,
CITIES SERVICE OIL CO. - SHELL OIL,21504,
CITIES SERVICE OIL CO. - SINCLAIR,21504,
CITIES SERVICE OIL CO. - SINCLAIR-PRAIRIE,21504,
CITIES SERVICE OIL CO. - SKELLY OIL,21504,
CITIES SERVICE OIL CO. - SUN OIL,21504,
CITIES SERVICE OIL CO. - SUNRAY,21504,
CITIES SERVICE OIL CO.  (LL&E),21504,
"CITIES SERVICE OIL CO. & BARNES, J.C.",21504,
CITIES SERVICE OIL CO. & HUMBLE,21504,
CITIES SERVICE OIL CO. & SHAVER,21504,
CITIES SERVICE OIL CO. (?),21503,
CITIES SERVICE OIL CO. (AMARILLO OIL CO.),21504,
CITIES SERVICE OIL CO. (CARNES EXPLORATION),21504,
CITIES SERVICE OIL CO. (G.W. TOWNSEND),21504,
CITIES SERVICE OIL CO. (HOBSON),21504,
CITIES SERVICE OIL CO. (HUNT OIL),21504,
CITIES SERVICE OIL CO. (JOE M. MAHAN),21504,
CITIES SERVICE OIL CO. (OXY USA),21504,
CITIES SERVICE OIL CO. (SUN OIL),21504,
CITIES SERVICE OIL CO. (UNION OIL OF CALIFORNIA),21504,
Cities Services Oil Co.,21503,
CITIES SERVICES OIL CO.,21503,
CITITIES SERVICE OIL CO.,21503,
CITIZEN SYNDICATE,21505,
CITIZENS OIL DEVELOPMENT CO.,21506,
"Citmoco Services, In",21507,
"Citmoco Services, Inc.",21507,
"Citmoco, Inc.",21507,
"Citron, R.",5824,
"Citronelle Operating Co., LLC",21508,
CITY OF ALPINE,21511,
CITY OF AUSTIN,21512,
CITY OF BERTRAM,21513,
CITY OF BURNET,21514,
City of Harpersville,21515,
CITY OF KERMIT,21516,
CITY OF MCGREGOR,21517,
"City Of Tuscaloosa, Alabama",21518,
CITY SERVICE,21519,
CITY WATER BOARD,21521,
CIZO OIL & GAS CO.,21523,
cjuneau@field-ops.org,5825,
ckingsley@battelleecology.org,5826,
ckipp@field-ops.org,5827,
CKipp@field-ops.org,5827,
"Clague, D. A.",5829,
Clague_Dave,5829,
Clague_David,5829,
Clague_David;Chadwick_William,,Clague_David;Chadwick_William
Clague_David;Rubin_Ken,,Clague_David;Rubin_Ken
Claire Bendersky,4765,
Claire Bendersky/Don Forsyth,,Claire Bendersky/Don Forsyth
Claire Cohenuram (ORCID 0009-0008-9693-2027),5926,
Claire Harrigan,8113,
Claire Hilsinger (ORCID 0000-0002-8951-4934),16679,
Clara Thiel (ORCID 0000-0003-4435-4161),13777,
"CLARDY, BRUCE",5833,
CLARION OIL CO.,21524,
"CLARIT, BRUCE",5834,
CLARK,16202,
CLARK-OGG,21532,
CLARK & COWDEN,21527,
CLARK & COWDEN - SHELL,21527,
CLARK & COWDEN ET AL,21527,
CLARK & COWDEN ET AL (EASTLAND OIL),21527,
CLARK & COX,21527,
CLARK & HUDSON,21527,
CLARK & JONES,21527,
CLARK & STELZIG,21527,
CLARK DRILLING,21526,
CLARK DRILLING CO.,21526,
CLARK ET AL,21527,
CLARK EXPLORATION,21526,
CLARK FUEL,21526,
CLARK FUEL PRODUCING,21526,
CLARK OIL,21526,
CLARK OIL & REFINING,21526,
CLARK OIL CO.,21526,
CLARK PLYMOUTH,11922,
"CLARK, A.D.",5836,
"Clark, C.",5837,
"CLARK, C.W.",5838,
"CLARK, DAN L.",5839,
"CLARK, E. B. DRILLING ET AL",21529,
"CLARK, E.B.",5842,
"CLARK, E.B. & H. WHITTINGTON",21529,
"CLARK, E.B. DRILLING CO.",21528,
"CLARK, J.E.",5844,
"CLARK, J.O. JR.",5835,
"CLARK, JACK",5845,
"Clark, James",5846,
"CLARK, JOE",5847,
"CLARK, LESTER",5848,
"Clark, M.",5849,
"Clark, Noel D.",5850,
"CLARK, O.R.",5851,
"CLARK, O.T.",5852,
"CLARK, R.",5853,
"Clark, Reid",5853,
"Clark, Reid et al",5853,
"CLARK, ROARK, HOOKER-HILL",21531,
"CLARKE, C.S. ET AL",5855,
"Clarke, R. S.",5857,
Clarkwin Oil Co.,21533,
CLARKWOOD,16203,
Claudia Mack,10195,
Claudia Santiago (ORCID 0000-0002-3562-5153),12730,
Claudia Wrozyna /Peter Frenzel,,Claudia Wrozyna /Peter Frenzel
Claudio Calvo,1104,
Claudio Calvo & Angela Bolz,,Claudio Calvo & Angela Bolz
Claus Siebe,13096,
"CLAWSON, P.E.",5860,
CLAY,16204,
CLAY-WALKER & PERRYMAN,21542,
Clay Coward (ORCID 0000-0002-6109-3306),6097,
CLAY CREEK,28820,
CLAY ET AL,21534,
Clay Kelly,9276,
Clay Lovelace (ORCID 0000-0003-1934-4447),10062,
Clay Mineral Society,21536,
Clay Mineral Standards,21535,
CLAY OIL & GAS CORP.,21537,
"CLAY, R.C.",5861,
CLAYEA OIL & PIPELINE CO.,21538,
CLAYON WILLIAMS ENERGY (SUN OIL CO.),21540,
CLAYTON & DWYER DRILLING CO.,21539,
Clayton Morgan (ORCID 0000-0002-5381-0889),10991,
CLAYTON WILLIAMS,14589,
CLAYTON WILLIAMS ENERGY,21540,
"CLAYTON WILLIAMS JR., INC.",21541,
CLEARFORK OIL CO. - WITHERSPOON,21543,
CLEARY-CANSO-DUNCAN,21546,
CLEARY PETROLEUM,21544,
Cleary Petroleum Corp.,21544,
CLEARY PETROLEUM CORP.,21544,
Cleary Petroleum Corp. and Cardinal Petroleum Corp.,21545,
CLEARY PETROLEUM CORP. ET AL,21545,
"CLEARY, DAN",5862,
CLEGG & HUNT,21547,
CLEGG & HUNT ET AL,21547,
CLEMENT,16205,
Clement and Stover;,21548,
"Clement, H.",5865,
Clementine Hamelin,1366,
CLEMENTS ENERGY INC.,21549,
CLEMENTS ROACH,12398,
"CLEMENTS, BLACK",5868,
"CLEMENTS, W.",5870,
CLEMMER & CALDWELL,21550,
Clevand Quarries,21552,
CLIFF OIL CO.,21553,
CLIFFS,16206,
CLillard@field-ops.org,5874,
CLIMAX CORP.,21556,
CLIMAX MOLYBDENUM CO.,21557,
Clinch Drilling Co.,21558,
Clinch Drilling Co.-Reese Theobald,21558,
"CLINE JR., WALTER D.",5875,
CLINGINGSMITH,16207,
"Clint Cowan, Amy Myrbo",,"Clint Cowan, Amy Myrbo"
CLINTON,16208,
CLINTON OIL,21559,
CLINTON OIL (STANOLIND OIL & GAS),21559,
Clinton Oil Co.,21559,
CLINTON OIL CO.,21559,
CLINTON OIL CO. (PREV: PAN AMERICAN),21559,
"Clinton, H.",5877,
Clive Calver,5483,
Clive Oppenheimer,11487,
"Clive Oppenheimer, Kayla Iacovino",,"Clive Oppenheimer, Kayla Iacovino"
"Cloos, M.",5878,
clopez@battelleecology.org,5879,
clopez@field-ops.org,5879,
CLOPTON-MTICHELL-ZIMMERMAN,21560,
CLOPTON & MITCHELL,21560,
CLOPTON & REED,21560,
CLOPTON ET AL,21560,
"CLOPTON, JOHN H.",5880,
"CLOPTON, VERNE",5881,
CLOSUIT,15053,
CLOUD,16209,
"CLOUD, R.E.",5883,
"Clough, L.",5884,
CLOVER ET AL,21561,
"CLOWER, R.C.",5886,
CLOYES-ALPHA PETROLEUM CO.,21562,
CLOYES & LOUSE,21562,
"CLOYES, SID",5887,
cluzius@battelleecology.org,10135,
CLYMORE INC.,21563,
CLYMORE PRODUCTION CO.,21563,
cmackenzie@battelleecology.org,10198,
cmckenzie@battelleecology.org,5890,
cmorris01@battelleecology.org,5891,
CNG Producing Co.,21564,
CNG/D.L.RAY INC.,21564,
CO-OPERATORS,10842,
COALINGA CORP.,21565,
"Coaltech, Inc.",21566,
COAST CO.,21567,
COAST OIL & GAS CO.,21567,
COAST PETROLEUM CO.,21567,
COASTAL,16210,
COASTAL-HUNTER,21572,
COASTAL-SMITH-MCBRIDE,21572,
COASTAL & MASSINGILL,21572,
COASTAL & MAYFAIR,21572,
COASTAL & MCFARLAND,21572,
COASTAL AREA DEVELOPMENT CO.,21568,
COASTAL DEVELOPMENT CO.,21569,
COASTAL DRILLING CO.,21569,
COASTAL ESTATES,21569,
COASTAL ET AL,21572,
COASTAL EXPLORATION,21569,
COASTAL OIL & GAS,21570,
COASTAL OIL & GAS CORP.,21570,
COASTAL OIL & REFINING CO.,21571,
Coastal Oil and Gas Corp.,21570,
COASTAL OIL AND REFINING,21571,
COASTAL OIL CO.,21570,
COASTAL PETROLEUM CORP.,21573,
COASTAL PLANES,21574,
COASTAL REFINERIES INC.,21575,
COASTAL REFINERIES INC. - KENNARD,21575,
"COASTAL REFINERIES, INC.",21575,
COASTAL REFINING - HENSHAW BROTHERS,21576,
COASTAL REFINING CO.,21576,
COASTAL REFINING ET AL,21576,
COASTAL STATES-BRIGHT-SHIFF,21578,
COASTAL STATES & MCFARLAND,21577,
COASTAL STATES G.P.C.,21577,
COASTAL STATES GAS CORP.,21577,
COASTAL STATES GAS CORP. (JOHN PACE),21577,
COASTAL STATES GAS PRODUCTION CO.,21577,
COASTAL STATES GAS PRODUCTION ET AL,21577,
COASTAL STATES OIL & GAS,21577,
COASTAL STATES OIL CO.,21577,
COASTAL STATES PRODUCTION,21577,
COASTAL STATES PRODUCTION CO.,21577,
COASTAL TREND,21581,
COASTLAND & KEYSTONE,21582,
COASTLINE OIL,21583,
COATES,15834,
COATES-FOSTER,21585,
COATES-MOKEEN,21585,
COATES & FOSTER,21585,
COATES & JACKSON,21585,
COATES & MCGEE,21585,
COATES & MOORE,21585,
COATES & ROBBINS,21585,
COATES DRILLING CO.,21586,
COATES ENERGY TRUST,21584,
COATES ET AL,21585,
"COATES, A. ET AL",5893,
"COATES, ALTON",5893,
"Coates, Donald A.",5895,
"COATES, G.H.",5896,
"COATES, GEORGE",5896,
"COATES, GEORGE H.",5896,
"COATES, GEORGE H. ESTATE",5896,
"COATES, W.M.",5898,
COATS DRILLING CO.,21586,
"COATS, W.M.",5900,
COAVINA OIL CORP.,21587,
COBB-WATSON (SUNSET INTERNATIONAL),21591,
COBB & ROCK,21588,
COBB & SHIELD,21588,
"COBB, DALTON-RUWWE, JOHN",,"COBB, DALTON-RUWWE, JOHN"
"COBB, DALTON & AIKMAN",21589,
"COBB, DALTON & KERNS CO. LANDS",21589,
"COBB, DALTON & RUWWE, JOHN",,"COBB, DALTON & RUWWE, JOHN"
"COBB, DALTON H.",5903,
"COBB, DALTON H. & J. CECIL RHODES",21589,
"COBB, DEHON-RUWWE, JOHN",,"COBB, DEHON-RUWWE, JOHN"
"COBB, R. & R.O.C. OIL",21588,
"COBB, WALTER & SONS",21590,
cobbfaulk@battelleecology.org,5908,
COBLE,16211,
COBLE PETROLEUM CO.,21592,
COBOT CARBON CORP.,21593,
COBRA,15054,
COBRA OIL & GAS,21594,
Cobra Oil & Gas Corp.,21594,
Cobra Oil & Gas Corporation,21594,
Cobra Oil and Gas Corp.,21594,
COCHRAN,16212,
COCHRAN & CAIN,21595,
COCKBURN,16213,
COCKBURN-HARGROVE,21597,
COCKBURN-TEMPLE-HARGROVE,21597,
COCKBURN & HARGROVE,21597,
COCKBURN & SMITH,21597,
COCKBURN OIL - SHELL OIL,21596,
COCKBURN OIL CO.,21596,
COCKBURN OIL CO. & HARGROVE,21596,
COCKBURN OIL CORP.,21596,
COCKBURN OIL ET AL,21597,
"COCKBURN, H.C.",5911,
COCKERELL,15055,
COCKERELL OIL CORP.,21599,
"COCKERELL, ERNEST JR.",5912,
"COCKERELL, ERNEST JR. & MEACOM",21598,
"COCKERELL, ERNEST JR. ET AL",21598,
"COCKRAY JR., F.B.",5913,
COCKRELL,15056,
COCKRELL-CONTINENTAL,21601,
COCKRELL-MCILROY,21601,
COCKRELL & HOLMES,21601,
COCKRELL CORP.,21600,
"COCKRELL JR., E.",5914,
COCKRELL OIL CO.,21600,
"COCKRELL, E.",5914,
"COCKRELL, E. JR.",5914,
"COCKRELL, E. JR. ET AL",21601,
"COCKRELL, E.C.",5914,
COCKSON & STEWART OIL CO.,21602,
"CODDING, R.B.",5915,
Codillo,16214,
Cody Hinton (ORCID 0000-0002-3044-1400),8449,
Cody Juneau (ORCID 0000-0002-6510-5837),9151,
Cody Lee Colleps,5947,
CODY OIL CO. (GLOBE OIL & REFINING),21603,
Cody Watson (ORCID 0000-0002-1116-8058),14360,
Cody Williams (ORCID 0000-0003-0686-286X),14590,
"COE, R.O.",5916,
COFFEE,16215,
COFFEE-HOLMES DRILLING CO.,21605,
COFFEE & DUNWOODY,21604,
"COFFEE, J.B.",5917,
"COFFEE, J.B. ET AL",5917,
"COFFEE, JOHN B.",5917,
"COFFEE, JOHN B. ET AL",5917,
"COFFEE, JOHN ET AL",5917,
COFFELD ET AL,21606,
COFFIELD,15057,
COFFIELD-GUTHRIE,21606,
COFFIELD-HALE-NOACK,21606,
COFFIELD-SHELL-COFFIELD,21606,
COFFIELD & ALBERT,21606,
"COFFIELD & GUTHERIE, INC.",21606,
COFFIELD & GUTHRIE,21606,
COFFIELD & HARDIN,21606,
"COFFIELD, H.H.",5918,
"COFFMAN, THOMAS D. EXPLORATION",5919,
"COFFMAN, THOMAS D. INC.",5919,
COGDELL ET AL,21607,
"COHAGAN, S. R. C.",5920,
COHEN-GARDNER,21609,
"COHEN, H.M. (W.S. BOYLE ET AL)",5924,
COHN BROTHERS,21610,
COKER,15059,
COKER & MURPHY,21611,
COKINOS,16216,
COKINOS & BIG SIX,21612,
COL-TEX REFINING CO.,21650,
Col. J. A. Montgomery,10924,
COLCORD-COLCORD,21614,
COLCORD-WEEKLY,21614,
"COLCORD, RAY",5927,
COLE,15060,
COLE-GRUBER-COBURN,21616,
COLE & DARDEN,21616,
"COLE & DARDEN (R.S. FIELDS , JR./ APPLEBY OIL CO.)",21616,
COLE & HARELL DRILLING,21615,
COLE & HART,21616,
Cole Buttram (ORCID 0000-0002-1128-3558),5413,
Cole Harrell (ORCID 0000-0002-8528-4289),8111,
COLE PETROLEUM CO.,21617,
"COLE, E.V.",5930,
"COLE, H.S & HUBER, J.M.",,"COLE, H.S & HUBER, J.M."
"COLE, H.S. JR.",5928,
Coleman,16217,
COLEMAN,16217,
COLEMAN-RENICK,21620,
COLEMAN & WASSON OIL CO.,21618,
COLEMAN OIL CO.,21619,
"Coleman, R. G.",5938,
Colin Belby,4738,
"Colin Belby, A.Engelson, J.Nissen",,"Colin Belby, A.Engelson, J.Nissen"
"Colin Belby, Joan Bunbury, J.LaRue",,"Colin Belby, Joan Bunbury, J.LaRue"
"Colin Belby, Joan Bunbury, Jordan Keller",,"Colin Belby, Joan Bunbury, Jordan Keller"
Colin Long,10022,
"Colin Long, Kendra McLauchlan",,"Colin Long, Kendra McLauchlan"
Colin Mayhew (ORCID 0009-0005-4939-3073),10426,
Colin Mckenzie,10570,
Colin Padget,11563,
"Colin Plank, Bryan Shuman",,"Colin Plank, Bryan Shuman"
"Colin Plank, Herb Wright",,"Colin Plank, Herb Wright"
COLINE OIL,21622,
COLINE OIL CORP.,21622,
Collasius_Tito,5944,
COLLE & SOUTHWIRTH,21623,
"COLLE, JACK",5945,
Collector,5946,
Collector / Chief Scientist name,10842,
Collector Niklas Leicher,1214,
Colleen O'Brien,1378,
"Collet Oil Ventures, Inc.",21627,
COLLIER,16218,
COLLIER COUNTY DEVELOPMENT CORP.,21628,
"COLLIER, G.C.",5948,
Collin Storlie (ORCID 0000-0002-2759-254X),13536,
"COLLINGS, J.D.",5950,
COLLINS,16219,
COLLINS & ALLEN,21630,
"COLLINS & ALLEN, S.H.",21630,
COLLINS & BREWER,21630,
COLLINS & WARE,21630,
COLLINS & WARE INC.,21630,
"COLLINS & WARE, INC. (HALLIBURTON)",21630,
COLLINS & WHEELOCK,21630,
Collins E.L.,5951,
COLLINS ET AL,21630,
"Collins, E.L.",5951,
"COLLINS, GEORGE",5953,
"Collins, H.F.",5954,
"Collins, J.H. & H.F.",5954,
"COLLINS, J.L.",5955,
"COLLINS, J.L. & CO.",5955,
"COLLINS, L. J.",5956,
"COLLINS, TOM",5958,
"COLLINS, W.B.",5959,
"COLLINS, W.J.",5960,
collinskf@battelleecology.org,5961,
"Collinson, James W.",5962,
COLLITON ET AL,21631,
"COLNIN, E.B. ET AL",5964,
COLOMA,21632,
COLOMA OIL CO.,21632,
COLOMBIAN-JOSEY,21633,
COLOMBIAN FUEL,21663,
COLONIAL,16220,
Colonial Exploration,21634,
COLONIAL OIL CO.,21634,
COLONY,16221,
COLORADO,15061,
COLORADO-ANDERSON & COOKIE,21647,
COLORADO INTERSTATE GAS,21639,
Colorado Marble Stone Company,21640,
COLORADO O&G CORP.,21637,
COLORADO OIL & GAS,21637,
COLORADO OIL CO.,21637,
COLORADO OIL CO. - TEX OIL CO.,21637,
COLORADO RIVER OIL CO.,21641,
COLORADO SON,21644,
Colorado Yule Marble Company,21646,
"COLQUITT, C.B.",5968,
COLT OIL,21648,
"Colt Petroleum, Inc.-Kern, Marshall K.",21649,
COLTEX,16222,
COLTON & COLTON,21651,
COLTON ET AL,21652,
Colton Wetch (ORCID 0000-0002-7154-3219),14486,
COLUMBIA,21660,
Columbia-Intercoastal Oil Co.,21661,
COLUMBIA-RUSH-ANDERSON-MOORE,21657,
COLUMBIA-SOUTHERN CHEMICAL CO.,21657,
COLUMBIA CARBON,21653,
COLUMBIA DRILLING,21653,
COLUMBIA FUEL,21653,
COLUMBIA GAS,21653,
COLUMBIA GAS DEVELOPMENT,21654,
COLUMBIA GAS DEVELOPMENT (WCS),21654,
Columbia Gas Development Corp.,21654,
COLUMBIA GAS DEVELOPMENT CORP.,21654,
COLUMBIA GAS DEVELOPMENT CORP. (K-B EXPLORATION),21654,
Columbia Gas Transmission Corp.,28792,
COLUMBIA OIL & GAS,21655,
COLUMBIA OIL & GAS CO.,21655,
COLUMBIA OIL CORP.,21656,
Columbia Petroleum LLC,21658,
Columbia Talc Company,21659,
COLUMBIAN-CARBON,21662,
COLUMBIAN CARBON,21662,
COLUMBIAN CARBON CO.,21662,
COLUMBIAN FUEL CORP.,21663,
COLUMBUS,16223,
COLUMBUS OIL & SEC. CO.,21664,
COLVERT WELL,21666,
COMANCHE CORP.,21667,
COMANCHE OIL ASSN,21668,
COMBINATION OIL CO.,21669,
COMBINED OIL,21670,
COMBS-OAKES,21671,
Cominco American,21672,
COMINCO AMERICAN,21672,
"COMINCO American, Inc",21672,
"Cominco American, Inc.",28793,
COMINEO,16224,
"Cominico American, Inc",28793,
COMMERCE,16225,
COMMERCE DEVELOPMENT CO.,21673,
COMMERCE OIL CO.,21673,
COMMERCIAL OIL CO.,21674,
COMMERCIAL PETROLEUM & TRANS,21674,
COMMERCIAL PETROLEUM & TRANS.,21674,
COMMERCIAL PRODUCTION CO.,21674,
COMMODORE OIL CO.,21676,
"Commons, G.D.",5972,
Commonwealth Gas Corp.,28794,
COMMONWEALTH OIL & GAS,21677,
Commonwealth Oil Co.,21677,
COMMONWEALTH OIL CO.,21677,
Como Drilling Co.,21679,
COMPANIA PETROLERA,21681,
COMPASS,16226,
COMPLETE OIL CO.,21682,
COMPLETE OIL WELL SERVICE,21682,
COMPTON & CO.,21683,
COMPTON OIL CO.,21683,
COMRAD OIL CO.,21685,
COMSTOCK OIL & GAS CO.,21686,
COMSTOCK OIL & GAS INC.,21686,
"COMSTOCK OIL & GAS, INC.",21686,
CON-TEX,21724,
CON-TEX & MANTEX,21725,
CON-TEX OIL CO.,21726,
"CONAWAY, LYDIS",21687,
CONBRO OIL,21688,
CONCHO PETROLEUM CO.,21690,
CONCHO PETROLEUM CO. & KARCHER,21690,
CONCHO PETROLEUM CO. ET AL,21689,
"CONCHO RESOURCES, INC. (CROWNQUEST)",21689,
concklin@battelleecology.org,5974,
"Concor Petroleum, Inc.",21691,
CONCORD,16227,
CONDOR-MERRY BROS.-PERINI,21694,
CONDOR PETROLEUM,21693,
CONDOR PETROLEUM CO.,21693,
CONDRY,15062,
coneil@battelleecology.org,5977,
COneil@battelleecology.org,5977,
Confederate Oil Production,21695,
"CONINE, JIM INC.",5978,
Conklin L.H.,5980,
"CONKLIN, J.A.",5979,
CONKLING & JONES,21696,
CONKLING ET AL,21696,
Conn Engineering Services,21697,
CONN. REMINGTON,21698,
CONNALLY,16229,
CONNALLY-THORNTON,21700,
CONNALLY ET AL,21700,
"CONNALLY OIL CO, INC.",21699,
CONNALLY OIL CO.,21699,
CONNAN DRILLING CO.,21701,
"CONNELL, H.P.",5983,
CONNER,16230,
"CONNER, W.E.",5987,
CONNERS & ZIMMERMAN,21702,
"CONNERS, L. W.",5988,
Connor Brown (ORCID 0009-0008-2132-4166),16079,
CONNOR ET AL,21703,
Connor Minx (ORCID 0000-0001-5779-5236),10831,
Connor Parker,11619,
Connor Sherrill (ORCID 0009-0005-6527-0647),13048,
Connors T.,5990,
CONOCO,21705,
CONOCO - HAMILTON,21704,
CONOCO - HARRIS,21704,
CONOCO - SUN,21704,
CONOCO - SUNRAY,21704,
CONOCO - SUPERIOR,21704,
CONOCO (BLOCKER EXPLORATION CO.),21705,
CONOCO INC.,21705,
"Conoco, Inc.",21705,
CONOCOPHILLIPS,21705,
CONORER,16231,
"Conover, George B.",5991,
CONQUEST EXPLORATION CO.,21706,
CONQUEST OIL,21706,
conradt@battelleecology.org,5992,
CONROE DRILLERS,21707,
CONROE DRILLING CO.,21707,
CONROE WELL SERVICE,21707,
CONROY INC.,21708,
CONSERVATIVE,21711,
CONSERVATIVE OIL CO.,21711,
Consol,16232,
Consol Coal,21716,
Consol Energy,21717,
CONSOLIDATED,21718,
CONSOLIDATED & PREMIER,21718,
Consolidated Gas Supply Corp.,21719,
CONSOLIDATED OIL & GAS,21720,
CONSOLIDATED OIL CO.,21720,
CONSTANTINE,16233,
CONSTANTINE ET AL,5995,
"CONSTANTINE, E. JR. ET AL.",5995,
"Constellation Energy project, L.J. Hughes and Sons Inc driller",21722,
CONSUMER POWER,21723,
CONTINENTAL OIL,21728,
CONTINENTAL OIL - ANZAC ET AL,21730,
CONTINENTAL OIL - MARLAND OIL,21729,
CONTINENTAL OIL - SINCLAIR,21729,
CONTINENTAL OIL - SUN,21729,
CONTINENTAL OIL  (ATLANTIC),21729,
CONTINENTAL OIL (PREV: TEXACO/TXL),21728,
CONTINENTAL OIL CO,21728,
continental oil co.,21728,
Continental Oil Co.,21728,
CONTINENTAL OIL CO.,21728,
CONTINENTAL OIL CO. - BRIDWELL,21729,
CONTINENTAL OIL CO. - GROUP OIL,21729,
CONTINENTAL OIL CO. - MAGNOLIA,21729,
CONTINENTAL OIL CO. - SACKETT,21729,
CONTINENTAL OIL CO. - SEITZ,21729,
CONTINENTAL OIL CO. - SHELL,21729,
CONTINENTAL OIL CO. - SINCLAIR,21729,
CONTINENTAL OIL CO. - SUN OIL CO.,21729,
CONTINENTAL OIL CO. - TEXAS CO.,21729,
CONTINENTAL OIL CO. - UNITED PRODUCTION,21729,
CONTINENTAL OIL CO. (ABERCROMBIE DRILLING INC.),21729,
CONTINENTAL OIL CO. (LONE STAR),21729,
CONTINENTAL OIL CO. (PETROLEUM CORP OF TEXAS),21729,
CONTINENTAL OIL CO. (PREV: APPLEBY OIL CO.),21728,
CONTINENTAL OIL CO. ET AL,21730,
CONTINENTAL OIL ET AL,21730,
CONTINENTAL OIL(NAVARRO OIL & C.B. BUNTE),21729,
Convest Energy Corp.,21732,
Convest Production Co.,21732,
CONWAY & BUESCHER,21733,
Cook,16234,
COOK,16234,
COOK-ARNOLD-MORRIS,21736,
Cook-Hembree Oil Co.,21737,
COOK & MANSELL,21735,
COOK & MAYO,21735,
COOK & MAYO - SHELL,21735,
COOK BROS. & LANPHAR OIL & GAS,21734,
Cook D.,6006,
COOK ET AL,21735,
"Cook Jr., William R.",6004,
"COOK, C.C.",6005,
"COOK, J.C.",6008,
"Cook, R. A.",6009,
"COOK, TOM JR.",6003,
"COOK, V.E.",6011,
COOKE,16235,
"Coombs, D.",6012,
"COON, H. JR.",6014,
Cooper,16236,
COOPER,16236,
COOPER-GILLETT,21741,
COOPER-HERRING-PEVETO,21741,
COOPER-HERRING AND PEVETO,21741,
COOPER-MONSANTO,21744,
COOPER & CABBELL,21741,
COOPER & CLARK,21741,
COOPER & HERRING,21741,
COOPER & PROCTOR,21741,
COOPER & STEED,21741,
COOPER BROS.,21738,
COOPER BROTHERS,21738,
COOPER BROTHERS - SALLEE,21739,
COOPER ET AL,21741,
COOPER GAS & OIL CO.,21740,
COOPER GAS CO.,21740,
COOPER PETROLEUM CO.,21740,
"COOPER, DR.",6016,
"Cooper, J. R.",6019,
"COOPER, J.L.",6018,
"COOPER, JANE L.",6018,
"COOPER, ROBERT",6026,
COOPERATIVE PRODUCTION ASSOC.,21742,
COOPERATIVE REFINING CO.,21743,
cooperjc@battelleecology.org,6030,
"Coost, G. H.",6031,
COPANO OIL CO.,21745,
COPAZ OIL & GAS CORP.,21746,
COPE & DALTON,21747,
COPPERAS CREEK OIL CO.,21749,
COPPERAS CRK. OIL ASSOC.,21749,
COQUAT & AMERADA PETROLEUM,21750,
COQUAT & BARNSDALL OIL CO.,21750,
COQUAT & HAWN (MAULDIN ET AL),21750,
COQUAT & MARRS MCLEAN,21750,
COQUAT & PHILLIPS PETROLEUM CO.,21750,
COQUAT & QUINN,21750,
COQUAT ET AL,21750,
COQUAT ET AL (ROWAN & HOPE),21750,
"COQUAT, H.",6033,
"COQUAT, HENDERSON",6033,
"COQUAT, HENDERSON-WILCOX",21750,
"COQUAT, HENDERSON #1",6033,
"COQUAT, HENDERSON (STANOLIND O&G)",21750,
"COQUAT, HENDERSON (WESTERN NAT. GAS)",21750,
"COQUAT, HENDERSON (WESTERN NATURAL GAS)",21750,
"COQUAT, HENDERSON ET AL",21750,
COQUINA,16237,
COQUINA OIL CO.,21751,
COR-TEX OIL CO.,21775,
"Coral Drilling, Inc.",21752,
CORBETT & GILL,21753,
"CORBETT, WILLIAM C.",6036,
CORDELL,16238,
CORDELL-CORDELL,21754,
CORDOVA UNION,21755,
CORDOVA UNION OIL CO.,21755,
CORDOVA UNION OIL CORP.,21755,
CORE DRILLING,21756,
CORE SERVICES INC.,21758,
CoreLab,21759,
CORETA OIL,21761,
Corey Jarrett,777,
Corey Lawrence,1078,
Corey R Lawrence,1078,
Corey Wall,14264,
Corey Wallace,14268,
"CORGEY, A.D.",6045,
Corianne Tatariw,13696,
Corinne Casper (ORCID 0000-0003-1995-3111),5628,
CORKEY & RICE,21762,
"CORKILL, LEE",6046,
Corley,16239,
CORLEY,16239,
CORLEY-BLAIR,21763,
CORLEY & FAGG,21762,
CORLEY & GEISELMAN,21762,
CORLEY & VAUGHN,21762,
"CORLEY, J.F.",6047,
"CORLEY, J.F. ET AL",6047,
"Corliss, J.",6048,
Cormier_Marie-Helene,6049,
Cornelia Class,889,
Cornelia Class/ Anthony Koppers,,Cornelia Class/ Anthony Koppers
CORNELL-SPEARY,21766,
CORNELL OIL CO.,21764,
"Cornell, N.",6053,
"CORNING, L.",6054,
"Cornu, F.",6055,
"Cornwall, H.",6056,
CORONADO,16240,
"Coronado Alabama, LLC",21767,
CORONADO CORP.,21768,
CORONADO CORP. (STANOLIND O&G - PAN AMERICAN),21768,
CORONADO EXPLORATION CO.,21768,
CORONET,15063,
CORP OF ENGINEERS,21769,
CORP.US CHRISTI,28765,
CORP.US CHRISTI REFINING CO.,21771,
Corps of Mining Engineers (Centennial Commission?),21770,
CORPUS CHRISTI,28765,
CORPUS CHRISTI REFINING CO.,21771,
"Correa, F.",6058,
CORRIGAN - CRUMP,21772,
"CORRIGAN, HUGH",6059,
CORSICANA BANK,21773,
CORSICANA DEEP WELL CO.,21774,
CORSICANA PETROLEUM CO.,21774,
cort@battelleecology.org,6061,
cortese@battelleecology.org,6062,
CORTEZ,16241,
CORUM PRODUCTION CO.,21776,
Cory Micahel Drilling Co.,21777,
Cory Snook (ORCID 0000-0002-6242-9561),13291,
"CORZELIOUS, F.M.",6063,
"COSBY, E.R.",6064,
COSDEN,15064,
COSDEN-SCHENCK & FRENCH ET AL,21780,
COSDEN & GUTHRIE,21779,
COSDEN & MOORE,21779,
COSDEN & ROWAN,21779,
COSDEN OIL CO.,21778,
COSDEN OIL CO. & ROESER,21778,
COSDEN OIL CO. ET AL,21779,
COSDEN PETROLEUM CO.,21778,
COSDEN PETROLEUM CORP.,21778,
COSDEN PETROLEUM CORP. (AMERICAN PETROFINA TEXAS),21778,
"COSDEN, J.S.",6065,
COSEKA RESOURCES LTD,21781,
"COSEY, CARL",6067,
"COSNER, J. W.",6070,
"COSNER, J.W.",6070,
"COSNER, J.W. ET AL",6070,
"COSNER, JOE ET AL",6071,
COSTA OIL CO.,21782,
COSTAL STATES DRILLING,21783,
"COSTLEY, E.N.",6074,
"COSTLEY, E.N. ET AL",6074,
"Coston, Otis D.",6075,
Cote,16242,
COTETCO,16243,
COTHRAN,16244,
"Cottage Hill Oil Co., Ltd.",21784,
"COTTEN, LESHE & MITCHELL",21785,
COTTON-BELT OIL CO.,21788,
Cotton Drlg. Co.,21786,
COTTON PETROLEUM,21787,
COTTON PETROLEUM CO.,21786,
COTTON WOOD,16245,
"Cottrell, E.",6082,
"COTULLA, R.E. ET AL",6084,
COUCH,16246,
COUCH & CHERRY,21789,
COUCH HUFFMAN OIL CO.,21790,
COUCH OIL CO.,21791,
COULSON & HACK,21792,
Courtnay Lewis (ORCID 0000-0003-3697-1792),9867,
Courtney Carroll (ORCID 0009-0005-2996-4772),5594,
Courtney Creamer,1246,
Courtney Pijanowski (ORCID 0000-0002-4754-3665),11872,
Courtney Roush (ORCID 0000-0003-1224-3096),12543,
"COURTNEY, E.",6090,
"COURTNEY, E.A.",6090,
COVERT MOTOR CO.,21793,
COW BAYOU CO.,21794,
COWDEN & BOWSER,21795,
COWDEN & HEBERT,21795,
COWDEN ET AL,21795,
"Cowdery, Seth",17849,
COWLEY & WHITNEY,21796,
COX,15770,
COX-HAMON,21799,
COX-HAMON-COATES,21799,
COX & CLARK,21799,
COX & COX,21799,
COX & HAMMOND,21799,
COX & HAMON,21799,
COX & HANNON,21799,
COX & HARMON,21799,
COX & HOOPER,21799,
COX & PERKINS EXPLORATION,21799,
COX & WOOD,21799,
COX AND COX,21797,
COX DRILLING CO.,21798,
COX DRILLING CO. - HAMON,21798,
COX DRILLING CORP.,21798,
COX DRILLING CORP. - HAMON,21798,
COX ET AL,21799,
"Cox Exploration, Inc.",21798,
"Cox Oil and Gas, Inc.",21798,
"COX, C.R. ET AL",21799,
"Cox, Craig A.",6102,
"COX, CUMMINS & WALKER ET AL",21799,
"Cox, D. and Cox, C.",,"Cox, D. and Cox, C."
"COX, E.L.",6104,
"COX, EDWIN",6104,
"COX, EDWIN ET AL",21799,
"COX, EDWIN L.",6104,
"COX, EDWIN L. & BARRY",6104,
"COX, EDWIN L. (PREV. LISTED AS FOREST DEVELOPMENT CO.)",6104,
"Cox, Edwin L.; Gammi",6104,
"COX, HUGH",6105,
"COX, J. T.",6106,
"COX, JOHN L.",6107,
"COX, JOHN L. (SUNRAY & MID-CONTINENT OIL CO.)",6107,
"COX, LEE",6109,
"COX, S.E.J. REALIZATION CO.",21801,
"COX, W.T.",6112,
COYLE & CONCORD OIL CO.,21802,
COYLE & CONCORD OIL CO. - STERLING,21802,
COYLE CONCORD CO.,21802,
"COYLE, LESS",6113,
COYNE,15065,
CP&L,28821,
CPC EXPLORATION,21803,
cpeterson@battelleecology.org,6114,
cpoage@battelleecology.org,6115,
cpratt@battelleecology.org,6116,
CR Montes,10921,
"CRABB, CLYDE",6117,
"CRABB, M.H.",6118,
"Craddock, Campbell",6120,
"Craddock, John",6121,
"Craddock, R.",6122,
CRADER OIL CO.,21804,
"CRAFE, ADAM K.",6124,
Craft Oper. Co.,21805,
"Craft Operating Company IX, LLC",21806,
"Craft Petroleum Co., Inc.",21805,
CRAFTON,16247,
CRAFTON OIL CO.,21807,
CRAFTON OIL CO. (FORMERLY AMON G. CARTER),21807,
Craig,16248,
CRAIG-MORTON,21810,
CRAIG & SCOGGINS,21808,
Craig Allen,4175,
"Craig Allen, Fraser Goff, Peter Fawcett",,"Craig Allen, Fraser Goff, Peter Fawcett"
Craig Feibel,7073,
"Craig Feibel, Chris Campisano, Dan Olago, Andy Cohen",,"Craig Feibel, Chris Campisano, Dan Olago, Andy Cohen"
Craig M. White,14509,
Craig Rasmussen,12174,
Craig Spencer,13349,
Craig White; Mark Schmitz,,Craig White; Mark Schmitz
"CRAIG, C.L. - HAMMAN CO. (AKA: DON ROSS)",21809,
"CRAIG, C.L. & JULIAN B. SMITH",,"CRAIG, C.L. & JULIAN B. SMITH"
"CRAIG, EARLE M. JR.",6125,
CRAISE ET AL,21811,
CRANE & GRACEY,21812,
CRANE NEW YORK OIL,21813,
CRANFILL,16250,
CRANFILL-REYNOLDS,21815,
CRANFILL-REYNOLDS-ALEXANDER,21815,
CRANFILL-STALEY,21815,
CRANFILL - REYNOLDS CO.,21815,
CRANFILL & GERMANY,21815,
CRANFILL & GERMANY DRILLING CO.,21815,
CRANFILL & REYNOLDS,21815,
CRANFILL & REYNOLDS-BELL,21815,
CRANFILL & REYNOLDS ET AL,21815,
CRANFILL & SCHULTZ,21815,
CRANFILL BROS,21814,
CRANFILL BROTHERS,21814,
"CRANFILL, BRITT (AKA: CRANFIELD/ROGERS?)",6134,
CRATER OIL CO.,21816,
"Craven, David",6136,
CRAWFORD,16251,
"CRAWFORD , J.L.",6140,
CRAWFORD ENERGY,21817,
CRAWFORD ET AL,21818,
"Crawford, H.N. et al",6139,
"CRAWFORD, J.K.",6141,
"CRAWFORD, PAUL D.",6143,
"CRAWFORD, PAULINE",6144,
"Crawford, R.",6145,
"CRAWFORD, T.H.",6146,
CREBBS,15067,
CREBBS & PARAFFIN,21820,
CREBBS & PARAFFINE,21820,
"CREBBS, C.",6148,
"CREBBS, C.M.",6148,
"CREBBS, CHESTER",6148,
"CREBBS, CHESTER M.",6148,
CREDO,16252,
CREE,15068,
CREE-BAY PETROLEUM,21822,
CREE-PAINE,21822,
CREE & HOOVER,21821,
CREE & SCHWARTZ,21821,
CREE DRILLING CO.,21821,
CREE DRILLING CO. ET AL,21822,
CREE PRODUCTION CO.,21822,
"CREE, C.B. ET AL",21822,
"CREE, G.B.",6149,
"CREE, G.B. DRILLING",21823,
CREEL CARPENTER,16253,
CREIGHTON-HART,21824,
CREIGHTON ET AL,21824,
CREMIN & BROWN,21825,
CRESCENT PETROLEUM,21826,
CRESENT,16254,
CRESENT DRILLING CO.,21827,
CRESENT PETROLEUM,21828,
CRESLENN,21829,
Creslenn Oil Co.,21829,
CRESLENN OIL CO.,21829,
Cressa Pratt (ORCID 0009-0001-2150-8968),17315,
"Cressa, Caressa Pratt (ORCID 0009-0001-2150-8968)",17315,
CRESSLENN,21829,
Cresslenn Oil Co.,21829,
CRESTMONT,21830,
CRESTMONT OIL,21830,
"CREWS, C.K.",6152,
crippen@battelleecology.org,6153,
Cristal Henriquez-paulino (ORCID 0000-0002-6589-9569),8320,
Cristal Henriquez-Paulino (ORCID 0000-0002-6589-9569),8320,
Cristin Cassaday (ORCID 0000-0003-1438-9996),5629,
"CRISWELL, R.V.",6154,
CRM - BUNTE,21832,
"CROCKER, WALTER OIL CO.",21833,
crockerbuta@battelleecology.org,6156,
CROCKETT DRILLING SYNDICATE,21834,
Croff Bell,4744,
Crofff Bell,4744,
CROMWELL,16257,
CROMWELL-KIMBERLIN,21835,
CROMWELL & MARLAND,21835,
"CROMWELL, CARL",6160,
CRON,16258,
CRON & GRACEY,21836,
CRON & GRACEY-DE ARMAN,21836,
CRON & GRACEY ET AL,21836,
CRON & GRACY,21836,
CRON & NELSON,21836,
"CRON , LON H.",6162,
"CRON, A.F., ET AL.",6161,
CROSBIE ET AL,21837,
CROSBY,15069,
"CROSBY , WAYNE",6167,
CROSBY CULP,6207,
CROSBY DRILLING CO.,21838,
CROSBY ET AL,21839,
CROSBY INC.,21838,
CROSBY PRODUCTION CO.,21838,
"CROSBY, A.W.",6164,
"Crosby, F. W.",6165,
"Crosby, F. W. and Ries, H.",,"Crosby, F. W. and Ries, H."
"Crosby, W. A.",6166,
"CROSBY, WYNN DRILLING CO.",21840,
"Crosbys Creek Oil & Gas, LLC",21841,
Crosbys Creek Oil an,21841,
"Crosbys Creek Oil and Gas, LLC",21841,
"CROSLEY, A.W.",6169,
CROSS DEVELOPMENT CO.,21842,
CROSS TIMBERS OIL ASS'N,21843,
CROSS TIMBERS OIL CO.,21843,
CROSS TIMBERS OPERATING,21843,
"Cross, C. W.",6170,
"Cross, L. T. and Smith",6171,
CROSSMAN AND MCCOWAN,21844,
Crosta Xavier,14776,
CROSTA Xavier,14776,
CROUCH,16259,
CROUCH GRAHAM,23099,
"CROUCH, LOUIS",6175,
"CROUCH, LOUIS (PASCO OPERATING)",6175,
"CROUCH,E B",6174,
CROUZET C,6176,
CROW & HARRIS,21846,
CROW DRILLING CO.,21845,
CROW DRILLING CO. - SHELL OIL,21845,
CROW ET AL,21846,
"CROW, DAVID",6177,
"CROW, F.A. ET AL",6178,
"Crow, J.F. Well Serv",21847,
"Crow, J.F. Well Servicing Co.-Gunn, Wall and Wilson, Earl R.",7887,
"CROW, LON H. ET AL",6179,
"CROW, ROBERT K.",6180,
Crowden Drlg. Co.,21848,
"Crowder, Dwight",6182,
"Crowder, Dwight F.",6182,
Crowe Drlg. Co.,21849,
Crowell,16260,
CROWLEY,16261,
CROWN,16262,
CROWN-CENTRAL,21851,
CROWN CENTRAL,21851,
CROWN CENTRAL-FRAMER,21850,
CROWN CENTRAL PETROLEUM,21851,
CROWN CENTRAL PETROLEUM - ALCOA,21851,
CROWN CENTRAL PETROLEUM CO.,21851,
CROWN CENTRAL PETROLEUM CORP.,21851,
CROWN CENTRAL PETROLEUM CORP. ET AL,21850,
CROWN GENERAL,21852,
CROWN PETROLEUM,21852,
CROWN PRODUCTION,21852,
CRUDE OIL ROYALTY CO ET AL,21853,
"CRUMLEY, L.D. JR.",6187,
"CRUMLY, L.D. JR.",6187,
CRUMP & BLACK,21855,
CRUMP & HANNIGAN,21855,
CRUMP & WATSON,21855,
"CRUMP, J.L. & CLARK PRODUCTION",21855,
Crunden,16263,
Crunk Drlg. Co.,21856,
CRUSADER PETROLEUM,21857,
CRUTCHER & TUFTS,21858,
Crystal Hooten/Melissa Scruggs,,Crystal Hooten/Melissa Scruggs
Crystal Ng,11278,
CRYSTAL OIL & LAND CO.,21859,
CRYSTAL OIL CO.,21859,
Crystal Oil Company,21859,
csandbach@battelleecology.org,6192,
Csandbach@field-ops.org,6192,
csantiago@battelleecology.org,6194,
cslemmons@BattelleEcology.org,6196,
cslemmons@neoninc.org,6196,
Csmpbell Well Drlg. Co.,21861,
cso,16264,
ctaborsky@battelleecology.org,6197,
cthiel@battelleecology.org,6198,
ctran@neoninc.org,6199,
CUBA,16265,
Cuba Copper Company,21863,
CUBAN GULF OIL,21864,
CUERO O&G CO.,21865,
CULBERSON,16266,
CULBERSON-IRWIN,21867,
CULBERSON BROTHERS,21866,
"CULBERSON, FRED G.",6201,
CULBERTSON IRWIN,8791,
"CULBERTSON, DEW",6202,
CULLEN & BENDER (AKA: CULLEN ET AL),21869,
CULLEN & WEST,21869,
CULLEN CO.,21868,
Cullen Kortyna,9516,
"CULLEN, H.R.",6203,
"CULLEN, H.R. ET AL",21869,
"CULLEN, H.R. ET AL & MAYO, J.",21869,
"Cullet, Harry L.",6204,
CULLINAN MURT,11150,
"CULLINAN, J.S.",6205,
Cullman-Jefferson Co. Gas District,21871,
Cullman Oil and Drilling Co.,21870,
CULLUM BROTHERS,21872,
"CULMORE, C.B. ET AL",6206,
CULTON,16267,
CULTON-MEADORS,21874,
CULTON ET AL,21873,
CULTON ET AL - OSO DRILLERS,21873,
"CULTON, J. K.",6208,
"CULTON, J.K.",6208,
"CULTON, J.K. (CHARLES HANNAH ET AL)",21873,
CUMBERLAND,21875,
CUMMINGS-GAGE,21878,
CUMMINGS ET AL,21876,
CUMMINGS OIL CO.,21877,
CUMMINS & WALKER,21880,
CUMMINS & WALKER OIL CO.,21880,
Cummins and Walker O,21879,
Cunningham,16268,
CUNNINGHAM,16268,
CUNNINGHAM-O'NEAL-JENSEN ET AL,21881,
"Cunningham, Dickson",6212,
"CUNNINGHAM, SAM",6214,
"CUNNINGHAM, SAM CO.",6214,
cunninghamja@battelleecology.org,6215,
CUPAZ,16269,
Curator,6217,
"Curator, Kochi Core Center, 200 Monobe-otsu Nankoku, Kochi 783-8502, Japan, curator@jamstec.go.jp",17926,
"CURRAN CAMBELL,H.S.COLE;&BAR",,"CURRAN CAMBELL,H.S.COLE;&BAR"
CURREY,15070,
Currey Oil Co.,21882,
CURRIE,15071,
"CURRIE, AGNEW",6220,
"CURRIE, JAMES R.",6221,
"Currie, K.",6222,
"Currie, V. Monta, Jr",6219,
"Currie, V. Monta, Jr.",6219,
CURRY,15072,
CURRY-EAKINS,21885,
Curry Bros. Drlg. Co.,21883,
CURRY FERRY,21884,
"CURRY, H. L.",6226,
"CURRY, H.L.",6226,
Curt Harden,8080,
Curt Smith,13208,
CURTIS-HUGHES,21889,
CURTIS-SINGLETON-STANOLIND,21890,
CURTIS & WILSON,21887,
CURTIS ET AL (FORMERLY HULTZ),21888,
Curtis Marean,10294,
"CURTIS, HAZEL",6229,
CURTUS ET AL,21891,
CUSACK,16270,
"CUSACK, J.P.",6234,
CUSHING,16271,
CUSHING REFINING & GAS CO.,21892,
"Cushing, H.",6235,
CUTHRELL OIL CO.,21893,
"CUTLER, C.C.",6236,
"Cutler, Charles H., Trustee",6237,
CW Lambert,9660,
CW OIL,21894,
cwatson@battelleecology.org,6238,
cwillet@field-ops.org,6239,
cwojan@battelleecology.org,6240,
cwojan@field-ops.org,6240,
CWojan@field-ops.org,6240,
"CXY Energy, Inc.",21896,
Cynthia Gardner,7438,
"Cynthia McClain, K. Maher, S. Fendorf, B. Devaney, B. McIlvride",,"Cynthia McClain, K. Maher, S. Fendorf, B. Devaney, B. McIlvride"
CYPRESS,21898,
CYPRESS & MEREDITH,21898,
CYPRESS OIL CO.,21898,
CYPRESS OIL DEVELOPMENT CO.,21898,
CYPRUS,21899,
Cyprus Amax Minerals Company,21900,
Cyprus Metals Exploration Corp.,21902,
CYPRUS OIL & GAS,21903,
CYPRUS OIL CO.,21903,
CYPRUS OIL CO. & FLAITZ & MITCHELL,21903,
CYPRUSS OIL CO.,21903,
Cyrus Hester,8364,
D E EXPLORATION,21906,
D Frasche,7314,
D Huntley,8733,
D J. Parker,11620,
D J. Parker and W W. Kessler,,D J. Parker and W W. Kessler
D M. Coulter,6088,
D&D DRILLING,21907,
D&D DRILLING CO.,21907,
D&E,16272,
D&J EQUIPMENT CO.,21908,
D&R,16273,
D. & D.,21909,
D. & D. OIL CO.,21909,
D. Beilman,4733,
D. Booth,5008,
D. Burger,5344,
D. Condon,5975,
D. D. OIL CO.,21909,
D. E.,16274,
D. Elliot,6871,
D. Ellis; Zhengxiang Li,,D. Ellis; Zhengxiang Li
D. H. H. B.,15073,
D. Harwood,8157,
D. Lavelle,9735,
D. Moutlacan,11066,
D. Moynihan,11071,
D. Neumann,11253,
D. O. Terry,13749,
D. Pedrazzi/G. Aguirre-DÌaz,,D. Pedrazzi/G. Aguirre-DÌaz
D. Predazzi/G. Aguirre-DÌaz,,D. Predazzi/G. Aguirre-DÌaz
D. Pride,12032,
D. Rio,12377,
D. Sahy,393,
D. Smith,13209,
D. Soteropoulos,13320,
D. Steinberg,13443,
D. Stockwell,13513,
D. Williams,14591,
D. Winter,14677,
D. Woodring,14715,
D.& E. GENERAL CRUDE,21910,
D.C. Martin,10331,
D.D. FELDMAN ET AL OIL & GAS,21911,
D.D. OIL CO.,21909,
D.E.L. BYERS,5428,
D.G. & E. - SLOCUM LTD.,21912,
D.G. & E. LTD. PARTNERSHIP,21912,
D.H. BYRD,5434,
D.H.H.B.,16275,
D.Livingstone,9978,
D.Meagher,10638,
D.N. Steinberg,17850,
D.O.E.,27828,
D.R.S. EXPLORATION INC. (STARKWEATHER),21913,
D01DRC25,16276,
D01EJH18,15074,
D01JMA29,16277,
D01JRS08,15075,
D01KAK22,15076,
D01NIH14,15077,
D02LRC12,15078,
D03AAE23,15079,
D03ADG12,15080,
D03AMH21,15081,
D03BYG14,15082,
D03CIJ08,15083,
D03CLB26,15084,
D03CRF18,15085,
D03CRP21,15086,
D03EEW30,15087,
d03elc17,15088,
D03ESP24,15089,
D03JAK04,15090,
D03KCM04,15091,
d03kes09,15092,
D03ML03,15093,
D03MLK24,15094,
D03RV26,15095,
D05AAS26,15096,
D05JSH11,15097,
D05SGW10,15098,
D07AJB23,15099,
D07BGA03,15100,
D07CLB12,15101,
D07DKM20,15102,
D07SET04,15103,
D08JCW01,15104,
D08KMH18,15105,
D08NRD08,15106,
D08TDW18,15107,
"DACBER, LEON",6243,
DAGLISH,15108,
Dail Drlg. Co.,21914,
"DAILY, HOWARD",6251,
"DAILY, ROGER",6252,
Daina Beebe (ORCID 0009-0004-6645-8978),15992,
DAISY OIL & GAS CO.,21915,
DAKAMONT EXPLORATION CORP.,21916,
"DAKES, PAPA & LILLIE-MOORE",21917,
DAKOTA TEXAS,21918,
DALCO,16281,
Dale Armour,4365,
DALE O & G CO.,21919,
"Dale, N.",6253,
"Dale, N. C.",6253,
"Dale, Robert",6254,
"Dale, T. N.",6255,
DALECO,16282,
DALHART OIL CO.,21920,
DALLAS-SUNBELT,21923,
DALLAS HUSKY ET AL,21923,
DALLAS OIL CO.,21922,
DALLAS PRODUCTION,21922,
DALLAS PRODUCTION - DOW CHEMICAL,21923,
DALLAS PRODUCTION - WESSON ENERGY,21923,
"Dallas Production, Inc.",21922,
"DALLAS, CITY OF",21924,
DALPORT,16283,
DALPORT OIL CO.,21925,
Dalrymple,16284,
DALTEX ENERGY CO.,21926,
DALTON & BOWIE,21927,
DALTON OIL CO.,21928,
Dalton Seymour/CGS,12972,
"Dalton, Bill",6259,
"Dalton, R.",6260,
"Daly, S.",6262,
"Dalziel, Ian W.D.",6263,
"Dalziel, Ian WD",6263,
DAMON,16285,
DAMSON,16286,
Damson Oil Corp.,21929,
"Dan A. Hughes Co., LP",8673,
"Dan A. Hughes Company, L.P.",8673,
Dan Condon,5975,
"Dan Engstrom, Bill Arnold, Tim LaPara, Jill Kerrigan, Kyle Sandberg",,"Dan Engstrom, Bill Arnold, Tim LaPara, Jill Kerrigan, Kyle Sandberg"
"Dan Engstrom, Emi Ito, Eric Grimm",,"Dan Engstrom, Emi Ito, Eric Grimm"
"Dan Engstrom, Emi Ito, Mark Shapley",,"Dan Engstrom, Emi Ito, Mark Shapley"
"Dan Engstrom, Jim Almendinger, Jasmine Saros, Kristin Strock",,"Dan Engstrom, Jim Almendinger, Jasmine Saros, Kristin Strock"
Dan Fornari,7249,
Dan Fornari & Katleen Robert,,Dan Fornari & Katleen Robert
Dan Kaplan,9184,
Dan Leary,17851,
"Dan Livingstone, J. Curt Stager, GW Kling",,"Dan Livingstone, J. Curt Stager, GW Kling"
"Dan Livingstone, Robert Kendall",,"Dan Livingstone, Robert Kendall"
"Dan Livingstone, Tom Harvey",,"Dan Livingstone, Tom Harvey"
Dan Mikros,10765,
"Dan Morgan, Jaakko Putkonen, Ted Bibby",,"Dan Morgan, Jaakko Putkonen, Ted Bibby"
Dan Peacock (ORCID 0000-0001-7030-3822),11697,
Dan Rasmussen,573,
"Dan Rasmussen, Alexander Lloyd",,"Dan Rasmussen, Alexander Lloyd"
"Dan Rasmussen, Amanda Lough",,"Dan Rasmussen, Amanda Lough"
"Dan Rasmussen, Diana Roman",,"Dan Rasmussen, Diana Roman"
"Dan Rasmussen, Diana Roman, Amanda Lough",,"Dan Rasmussen, Diana Roman, Amanda Lough"
"Dan Rasmussen, Pete Stelling, Alexander Lloyd",,"Dan Rasmussen, Pete Stelling, Alexander Lloyd"
DANA & SHY,21930,
Dana Scholtens (ORCID 0000-0002-5575-4200),12834,
"Dana, J.",6266,
DANCIGER,15109,
DANCIGER & SINGLETON,21934,
DANCIGER DEVELOPEMENT SYNDICATE,21931,
DANCIGER DEVELOPMENT SYNDICATE,21931,
DANCIGER ET AL,21934,
DANCIGER OIL,21932,
DANCIGER OIL-PEARSON,21934,
DANCIGER OIL & AMERICAN REPUBLIC,21934,
DANCIGER OIL & REFINING CO.,21933,
Danciger Oil and Refining Co.,21933,
DANCINGER,15109,
DANDY OIL,21935,
DANEIGER,16287,
Dani Lipski and Jan Roletto,,Dani Lipski and Jan Roletto
DANICK EXPLORATION,21936,
DANIEL & RUTIS,21937,
Daniel Asplin (ORCID 0000-0001-5730-2163),4411,
Daniel Barker,4572,
Daniel D. Richter,12347,
Daniel Donohue (ORCID 0009-0007-3471-3366),6592,
Daniel Dorosheff (ORCID 0000-0002-7940-8177),6603,
Daniel F. Stockli,867,
"Daniel F. Stockli, Trevor A. Dumitru, Michael O. McWilliams, Kenneth A. Farley",,"Daniel F. Stockli, Trevor A. Dumitru, Michael O. McWilliams, Kenneth A. Farley"
Daniel F. Stockli; Eugene Szymanski,,Daniel F. Stockli; Eugene Szymanski
Daniel Fornari,7249,
Daniel Griffin (ORCID 0009-0001-3938-7148),7803,
Daniel Ibarra,8762,
Daniel MËge,10167,
Daniel Moore,131,
Daniel Muhs,11102,
DANIEL OIL & REFINING CO.,21937,
DANIEL OIL CO.,21937,
Daniel Peacock (ORCID 0000-0001-7030-3822),17270,
DANIEL PRODUCTION CO.,21937,
Daniel Pyle (ORCID 0000-0002-3121-1658),12090,
Daniel Quick,12097,
Daniel R. Muhs,11102,
Daniel Rasmussen,573,
"Daniel Rasmussen, Amanda Lough",,"Daniel Rasmussen, Amanda Lough"
Daniel Richter,12347,
Daniel Ruiz,12592,
Daniel Rutte,1073,
Daniel Stockli,867,
Daniel T. Brennan,1089,
"Daniel, Charles N.",6271,
"Daniel, J.",6272,
"DANIEL, J.B.",6273,
"Daniel, Jack",6274,
Danielle Byerley (ORCID 0000-0002-9199-3997),5424,
Danielle Conti (ORCID 0000-0002-8561-7100),5999,
Danielle Farkas (ORCID 0000-0002-1892-7221),7033,
Danielle Lipski,9940,
Danielle Steinberg,13443,
Danielle Steinberg (ORCID 0000-0002-3695-3837),13443,
DANIELS,15110,
DANIELS & DORN,21938,
DANIELS & MCMAHON,21938,
DANIELS & MCMAHON (?),21938,
DANIELS & PATTEN,21938,
DANIELS & RHODES,21938,
DANIELS ET AL,21938,
"DANIELS, J.B.",6278,
"DANIELS, ORIAN",6279,
"Dann, J.",6282,
DANREY OIL CO.,21939,
DANSON,15111,
Dante Huff,8665,
DANTEX,16289,
DANVER,16290,
DANVERS,15112,
DANVERS & HARRISON,21940,
"DANWOODY, C.G.",6283,
DANZIGER,15113,
Dapeng Li,967,
DARBY,15114,
DARBY & MERRY BROS & PERINIE,21942,
DARBY PETROLEUM,21943,
DARBY PETROLEUM CO.,21943,
DARBY PETROLEUM CORP.,21943,
"DARBY, H. SWIFT",6285,
"DARCY, HARRIS P. (MONSANTO)",6287,
Daren Fang,669,
"DAREY, W G",6288,
Darin Schwartz,1566,
"DARLING, WOOD, & SHEILD",21944,
Darr,16292,
Darrell Kaufman,9216,
"Darrell Kaufman, Anne Krawiec",,"Darrell Kaufman, Anne Krawiec"
"Darrell Kaufman, Berg, Brandon Boldt, Jon Griffith, LaBrecque",,"Darrell Kaufman, Berg, Brandon Boldt, Jon Griffith, LaBrecque"
"Darrell Kaufman, David Fortin, A. Roudston",,"Darrell Kaufman, David Fortin, A. Roudston"
"Darrell Kaufman, Dion Obermeyer, Retelle",,"Darrell Kaufman, Dion Obermeyer, Retelle"
"Darrell Kaufman, Jason Briner, Brandon Boldt, Al Werner",,"Darrell Kaufman, Jason Briner, Brandon Boldt, Al Werner"
"Darrell Kaufman, Jason Briner, David Fortin, Elizabeth Ceperley",,"Darrell Kaufman, Jason Briner, David Fortin, Elizabeth Ceperley"
"Darrell Kaufman, Jon Griffith",,"Darrell Kaufman, Jon Griffith"
"Darrell Kaufman, Kristi Wallace, Brandon Boldt, Katherine Cooper",,"Darrell Kaufman, Kristi Wallace, Brandon Boldt, Katherine Cooper"
"Darrell Kaufman, Scott Anderson, Paul Zander, Andrew Henderson, Hannah Bailey",,"Darrell Kaufman, Scott Anderson, Paul Zander, Andrew Henderson, Hannah Bailey"
"Darrell Kaufman, Scott Anderson, Paul Zander, Martina Tingley",,"Darrell Kaufman, Scott Anderson, Paul Zander, Martina Tingley"
Darren Chertkoff,5763,
Darren Larsen,9714,
DART,16293,
DART & CRAWFORD,21945,
"Darton, N.",6293,
Daryl Domning,6582,
DASH & COLTON OIL CO.,21947,
DASH PRODUCTION - BLANCO OIL CO.,21947,
DASH PRODUCTION CO.,21948,
Dashiell Lagoyda (ORCID 0009-0005-9717-5679),16865,
"Dashiell, P. J.",6295,
"DASHMAN, H.E.",6296,
DASKAM BROTHERS,21949,
"DASKAM, OSCAR",6297,
DAUBE,16295,
DAUBE & DAUBE,21951,
DAUBERT,16296,
DAUBERT-DOLCHOK A. EHMAN,21953,
DAUBERT & ACHNING,21953,
DAUBERT & AUCHING,21953,
DAUBERT & LIPS,21953,
DAUBERT ET AL,21953,
DAUBERT OIL & GAS,21952,
DAUBERT OIL & GAS CO.,21952,
DAUGHERTY,15115,
DAUGHERTY-DENVER ET AL,21954,
DAUNCHY,16297,
Dave Butterfield,666,
Dave Butterfield / Peter Girguis,,Dave Butterfield / Peter Girguis
Dave Foster,7263,
Dave Hawkins,8185,
"Dave Hodell, Mark Brenner",,"Dave Hodell, Mark Brenner"
"Dave Hodell, Mark Brenner, Flavio Anselmetti, Daniel Ariztegui",,"Dave Hodell, Mark Brenner, Flavio Anselmetti, Daniel Ariztegui"
Dave Hollander,8524,
Dave McWethy,10624,
"Dave McWethy, Aldo McWethy, Pico Alt, Hannah Funke",,"Dave McWethy, Aldo McWethy, Pico Alt, Hannah Funke"
"Dave McWethy, Cathy Whitlock",,"Dave McWethy, Cathy Whitlock"
"Dave McWethy, Cathy Whitlock, Simon Haberle, Keely Mills, Alexa Benson",,"Dave McWethy, Cathy Whitlock, Simon Haberle, Keely Mills, Alexa Benson"
"Dave McWethy, G.Pederson",,"Dave McWethy, G.Pederson"
"Dave McWethy, Holz, Zaret",,"Dave McWethy, Holz, Zaret"
"Dave McWethy, Kim, Phil Davis, Laurie Stahle, Hannah Funke",,"Dave McWethy, Kim, Phil Davis, Laurie Stahle, Hannah Funke"
"Dave McWethy, Laurie Stahle, Hannah Funke",,"Dave McWethy, Laurie Stahle, Hannah Funke"
"Dave McWethy, Matt Weingardt, Laurie Stahle, Hannah Funke",,"Dave McWethy, Matt Weingardt, Laurie Stahle, Hannah Funke"
"Dave McWethy, Pico Alt, G.Pederson",,"Dave McWethy, Pico Alt, G.Pederson"
"Dave McWethy, R.Everett",,"Dave McWethy, R.Everett"
"Dave McWethy, S.Aldo",,"Dave McWethy, S.Aldo"
"Dave McWethy, Sauny Sewell, Aldo McWethy, Pico Alt",,"Dave McWethy, Sauny Sewell, Aldo McWethy, Pico Alt"
"Dave McWethy, Sewell",,"Dave McWethy, Sewell"
"Dave McWethy, Simon Haberle, Keely Mills",,"Dave McWethy, Simon Haberle, Keely Mills"
"Dave McWethy, Simon Haberle, Keely Mills, Alexa Benson",,"Dave McWethy, Simon Haberle, Keely Mills, Alexa Benson"
"Dave McWethy, Teresa Krause",,"Dave McWethy, Teresa Krause"
"Dave McWethy, Teresa Krause, Jason Baldes",,"Dave McWethy, Teresa Krause, Jason Baldes"
Dave Moynihan,11071,
Dave O'Hanley,11425,
Dave Powell,11980,
Dave Rhode,12313,
Dave Schwartz,12887,
Dave Stewart,13487,
Dave Van Horn,14090,
"DAVE,  RUBIN",6302,
DAVENPORT,15116,
DAVENPORT & LOCKHART,21955,
DAVENPORT & SNEED,21955,
DAVENPORT & TALBOT,21955,
DAVENPORT ET AL,21955,
"DAVENPORT, D.",6304,
"DAVENPORT, DEE",6304,
"DAVENPORT, DEE (FINA OIL & CHEMICAL)",21955,
"DAVES, NOAH",6305,
DAVEY,15117,
DAVID & BEASLEY,21956,
David A. Clague,5829,
David Bell,4745,
David Bond,4989,
David Burney,5361,
David C. Prowell,12065,
David Cavell,17852,
David Christie,5806,
David Clague,5829,
David D'Amore,6265,
David Decker/David Decker,,David Decker/David Decker
David Diekrup,6515,
"David Dinter, Brian Haskell, Doug Schnurrenberger, Manuel Palacios, Joe Rosenbaum, Walt Dean, Andy Cohen",,"David Dinter, Brian Haskell, Doug Schnurrenberger, Manuel Palacios, Joe Rosenbaum, Walt Dean, Andy Cohen"
David Durden (ORCID 0000-0001-9572-8325),6729,
David E.E.,6307,
DAVID FASKEN,7047,
David Flannery,7187,
DAVID FLOOD,7205,
"David Fortin, Darrell Kaufman",,"David Fortin, Darrell Kaufman"
"David Fortin, Stacy Kish, Chris Benson, Darrell Kaufman",,"David Fortin, Stacy Kish, Chris Benson, Darrell Kaufman"
David G. Johnson (J-G Schilling sponsor),9013,
David Gonzales,17853,
David Hilton,8433,
David Inouye,8784,
David J. Lidke,9908,
David K. Brooks,5196,
David Kopaska-Merkel,9509,
"David L. Barbeau, Jr.",293,
David L. Govoni,7719,
David L. Govoni(uncertain),7719,
David L. LePain,9844,
David Lescinsky,9847,
David Mallinson,639,
David Malone,10251,
David MENIER,10681,
David Miller,10773,
David Moynihan,11071,
David Naar,17854,
David Och,11401,
David P. Huber,8647,
David R. Cordie,6040,
"David Roberts, et.al.",12412,
David S. Powars,11976,
"David Schink, Dale Krause",,"David Schink, Dale Krause"
David Smith,13211,
David Speth (ORCID 0009-0006-5172-5548),13356,
David Szumigala,13660,
David T. Dockery,6562,
David W. McGregor,10546,
David Walker,689,
David Weed,14402,
"DAVID, R.A.",6308,
"DAVID, R.A. ET AL",6308,
DAVIDOR & DAVIDOR,21957,
DAVIDSON,15118,
DAVIDSON-FITZGERALD,21960,
DAVIDSON-FITZGERLAD,21960,
DAVIDSON & PEMBROOK,21960,
DAVIDSON ET AL,21960,
DAVIDSON GEOCHEMICAL,21958,
DAVIDSON OIL,21959,
"DAVIDSON, DAVID ET AL",6311,
"DAVIDSON, JOHN P.",6312,
"DAVIDSON, L.",6313,
"DAVIDSON, LELAND",6313,
"DAVIDSON, LELAND ET AL",6313,
Davin Wallace,14270,
DAVIS,16298,
DAVIS-WHITE,21973,
DAVIS & CO.,21962,
DAVIS & KEITH,21963,
DAVIS BROS.,21961,
DAVIS DRILLING,21962,
DAVIS DRILLING CO.,21962,
DAVIS ET AL,21963,
DAVIS OIL CO - RTI,21963,
Davis Oil Co.,21962,
DAVIS OIL CO.,21962,
DAVIS OIL CO. - PHILLIPS PETROLEUM,21963,
DAVIS OIL CO. & KOSSERT,21963,
DAVIS OIL CO. ET AL,21963,
DAVIS RANCH,21964,
"Davis, A.W.T. and Jaynes, J.L.",,"Davis, A.W.T. and Jaynes, J.L."
"DAVIS, BURT",6326,
"Davis, C.",6327,
"DAVIS, C.B.",6328,
"DAVIS, C.B. & SALT DOME OIL",21963,
"DAVIS, C.W.",6329,
"DAVIS, CURRIE B.",6328,
"DAVIS, DANVERS, & HARRISON",21963,
"Davis, Daryl",6330,
"DAVIS, E.M. CO.",6331,
"DAVIS, ED DRILLING CO.",21965,
"DAVIS, EDGAR DRILLING",21966,
"DAVIS, EDWARD M.",6331,
"DAVIS, FRED",6332,
"DAVIS, FRED - CHAMBERS & KENNEDY",6332,
"DAVIS, FRED A.",6332,
"DAVIS, GEORGE T.",6333,
"DAVIS, GUY A.",6334,
"DAVIS, J.M. ET AL",6335,
"DAVIS, J.M. ET AL (DA-MAC OIL)",6335,
"DAVIS, J.O.",6336,
"DAVIS, LEE ET AL",6337,
"DAVIS, M.E.",6339,
"DAVIS, N.K.",6341,
"DAVIS, R.",6343,
"DAVIS, R.L. ET AL",6344,
"DAVIS, R.V. (SHORELINE OPERATING CO.)",6345,
"DAVIS, S. H.",6347,
"DAVIS, THORNTON",6348,
"DAVIS, W.K.",6349,
"DAVIS, W.K. & CHILES DRILLING CO.",21968,
"DAVIS, W.R.",6350,
"DAVIS, W.R. & CO.",6350,
"Davis, W.R. Co.",6350,
"DAVIS, W.R. INC.",6350,
"DAVIS, W.R., INC.",6350,
"DAVIS, WILLIAM H.",6351,
"DAVIS, WILLIAM K.",21970,
"DAVIS, WILLIAM K. OIL CO.",21970,
"DAVIS, WM. K.",21970,
"DAVIS,, WILLIAM K.",21970,
Davis_Richard,6346,
DAVISON & PENBROOK,21972,
DAVISON OIL & DEVELOPMENT CO.,21971,
"DAVISON, LELAND",6352,
DAVISSON & HANSON,21972,
DAVISSON HOVGARD,8600,
DAVON,16299,
DAVON OIL CO.,21974,
DAVON OIL CORP.,21974,
DAVY CROCKETT,6157,
"DAVYS, M.A.",6354,
Dawei Liu,804,
Dawn C.S. Ruth,6355,
Daws and Stanley-Lyle Cashion Co.,21975,
DAWSON,15119,
Dawson Fairbanks,7016,
"DAWSON, JOSEPH T.",6356,
"Dawson, Thomas A.",6357,
"Dawson, Thomas A.; Smith, Ned M.",,"Dawson, Thomas A.; Smith, Ned M."
DAY,16300,
DAY & CUTHRELL ET AL,21976,
DAY & TAYLOR,21977,
"Day, D.",6359,
DAYA,15120,
DAYA-FULWILER,21979,
DAYA-OPR,21979,
DAYA OPERATING CO.,21978,
DAYAPOR,21979,
Daybreak Oil and Gas,21980,
DAYTON PRODUCTION CO.,21981,
dayv@battelleecology.org,6366,
dbradley@neoninc.org,6368,
dbyerley@field-ops.org,6369,
"DCOR , LLC",21982,
"DCOR, L.L.C.",21982,
"DCOR, LLC",21982,
dcrandall@neoninc.org,16249,
ddelacruzgaitan@field-ops.org,6374,
De Anne Pinney Stevens,13477,
DE ARMAN & SHELTON,21983,
DE ARMAN BROTHERS,21984,
"DE CLERA, PAUL",6376,
"DE CLEVA, PAUL",6376,
"DE CLEVE, PAUL",6376,
DE CRAFT & REID,21985,
DE GENTHER,16301,
DE GRAZIER,16302,
DE KALB,9170,
"De Ronde, C.",6382,
"De Soto Oil and Gas, Inc.",21986,
"De Soto Oil Properties, LLC",21987,
"de Wit, Maarten",6387,
DEAN,15121,
DEAN BROS.,21988,
DEAN BROTHERS,21988,
DEAN BROTHERS ET AL,21988,
Dean Kebert,9236,
"DEAN, BOB",6390,
"DEAN, JOE S.",6392,
"DEAN, ROBERT A.",6393,
"DEAN, ROBT. A.-WINDHAM, L.E.",,"DEAN, ROBT. A.-WINDHAM, L.E."
"DEAN, ROBTERT A.",6393,
Dearborn G.,6398,
"Dearborn, Grace",6398,
DEARBORNE,16304,
Deardorff_Nicholas,6399,
DEARING & NOBLE,21989,
DEARING & SONS,21989,
"DEARING, ROY ET AL",6400,
"DEARMAN, HENRY",6401,
DEARMAND,16305,
"DEARMAND, E.T.",6402,
DEARMON,15122,
DEARMOND BROS,21990,
"DEAS JR., RUTLEDGE H.",6403,
"Deason, J.H.  and  Drummond, H.E.",,"Deason, J.H.  and  Drummond, H.E."
DEATON-SON,21991,
"Deavours, Ruth",6405,
Deb Kelley,9265,
Deb Shulman,13084,
Deborah Smith,13186,
DEBRET M,17855,
DEC OIL CO.,21992,
DeCesare,6410,
DECKER-HOUSH-SCHOOLFIELD,21993,
"DECKER, LAVERNE",6414,
"Decker, R.",6416,
"DECLERA, PAUL",6417,
"DECLEVA, PAUL",6418,
"DECLEVA, PAUL INC",6418,
"DEDARE, FLOYD C.",6419,
Deejay Co.; Mutex an,21994,
Deemer,6420,
Deemer of PA,6420,
DEENING,16308,
DEEP OIL DEVELOPMENT CO.,21995,
DEEP OIL DEVELOPMENT CO. - CHRISTIE,21996,
DEEP ROCK,21997,
DEEP ROCK-GRISHAM-HUNTER,22000,
DEEP ROCK OIL-AMERADA PETROLEUM,21999,
DEEP ROCK OIL CO.,21998,
DEEP ROCK OIL CORP.,21998,
DEEP ROCK OIL CORP. - HANCOCK,21999,
DEEP ROCK OIL CORP. - SHELL OIL,21999,
DEEP ROCK OIL CORP. (TRIPPLEHORN PETROLEUM CORP.),21999,
DEEP ROCK OIL CORP. ET AL,21999,
Deep Sea Drilling Project,22001,
DEEP SOUTH,22002,
DEEP SOUTH OIL,22003,
DEEP SOUTH OIL CO.,22003,
DEEP SOUTH OIL CO. OF TEXAS,22003,
DEEP TEX OIL,22004,
DEEP WELL,22005,
Deep Well Drlg. Co.,22006,
DEERFIELD,16309,
DEERING - FRAZIER,22008,
DEERING & BATSON,22008,
DEERING & KAISER,22008,
DEERING & KAYSER,22008,
"DEERING, JOHN",6423,
"DEERING, JOHN A.",6423,
DEES,16310,
DEFORD,15123,
degrande@battelleecology.org,6427,
DEGRAZIER CO.,22009,
DEHA,15124,
DEKALB,22010,
"DEKALB AGR. ASSOC., INC.",22010,
DEKALB AGRI.,22010,
DEKALB AGRICULTURAL ASSN,22010,
DEKALB AGRICULTURE ASSOC.,22010,
DEKALB AGRICULTURE ASSOC. (BARB B. MITCHELL),22010,
DEKALB AGRL. ASSN. INC,22010,
DEKALB ENERGY,22011,
"DEKAULB AGRO ASSOC, INC",22010,
DEKLAB,22012,
DEKLAB AGRICULTURE ASSOC.,22010,
DEL-BASIN,22023,
DEL MAR,16311,
DEL MAR DRILLERS (RICHARDSON),22013,
DEL MAR DRILLING - DONIGAN - SELBY,22013,
DEL MAR DRILLING CO. ET AL,22014,
"DELAFIELD, J.B.",6431,
DELAMERS ET AL,22015,
Delaney,16312,
DELANEY,16312,
DELANEY ET AL,22016,
Delaney J.,6432,
DELANEY OIL CO.,22017,
DELANEY OIL CO. - GRISHAM,22017,
"Delaney, J.",6432,
"DELANEY, M. J.",6433,
"DELANEY, M.G.",6434,
"DELANEY, M.J.",6433,
"DELANEY, T.G.",6435,
DELANGE,15125,
DELANGE-DANBERT & ACHNING,22018,
DELANGE-EISEN,22018,
DELANGE-FRATES,22018,
DELANGE-NEATHRY (SUN OIL),22018,
DELANGE-SNIDER,22018,
DELANGE & EISOR,22018,
DELANGE & MCBRIDE,22018,
DELANGE & NEATHERY,22018,
DELANGE & PURNELL,22018,
DELANGE & ROWE,22018,
"DELANGE, HAWKINS & NICHOLS",22018,
"DELANGE, R. ET AL",6436,
"DELANGE, RODNEY",6436,
"DELANGE, RODNEY(NEATHERLY-UNION PROD.)",6436,
DELANY,16313,
DELAWARE-LOCKHART,22022,
DELAWARE & STEWART,22022,
DELAWARE DAVIS PETROLEUM,21963,
Delaware Davis Petroleum Corp.,22022,
DELAWARE DRILLERS,22019,
DELAWARE DRILLERS-MURRAY,22020,
DELCO,22024,
"Delco Operating Company, L.P.",22025,
Delenora Grey,7798,
DELFERN OIL (CENARD OIL & GAS),22026,
DELFERN OIL CO.,22026,
DELFERN OIL ET AL,22026,
DELHI-TAYLOR,22029,
DELHI-TAYLOR & MAYFIELD,22029,
DELHI-TAYLOR CORP.,22029,
DELHI-TAYLOR OIL CO.,22029,
DELHI-TAYLOR OIL CORP.,22029,
DELHI & TAYLOR,22029,
DELHI OIL CO.,22028,
DELHI OIL CORP.,22028,
DELHI OIL CORP. (GLEN A. MARTIN),22028,
DELHI TAYLOR,22029,
DELHI TAYLOR OIL CORP.,22029,
DELHI TAYLOR U.P.R.R.,22029,
Dellashaw Drlg. Co.,22030,
DELMAR & ROCHE,22031,
DELMAR OIL CO.,22032,
DELNOX,16314,
DELNOX OIL,22033,
DELNOX OIL CO.,22033,
DELNOX OIL CORP.,22033,
DELOMAR-DRILLING CO.,22034,
"Deloreme, T.L. et al",6443,
"Delphi Oil, Inc.",22035,
DELRAY OIL CO.,22036,
DELRAY OIL INC.,22036,
DELTA,22037,
DELTA-SUN,22042,
DELTA & DAVIS,22042,
DELTA & SKLAR,22042,
DELTA DEVELOPMENT CO.,22038,
DELTA DRILLING,22038,
DELTA DRILLING-GULF-RENWAR,22039,
DELTA DRILLING-GULF-WEINER,22039,
DELTA DRILLING-PAULEY & WORTH,22042,
DELTA DRILLING-PAULEY PETROLEUM,22040,
DELTA DRILLING - CARPENTER ET AL,22039,
DELTA DRILLING - GULF,22042,
DELTA DRILLING - GULF OIL CO.,22042,
DELTA DRILLING - PAULEY PETROLEUM,22042,
DELTA DRILLING CO.,22038,
DELTA DRILLING CO. - SAMEDAN,22042,
DELTA DRILLING CO. - SHELL,22042,
DELTA DRILLING CO. &  NENNY W.,22042,
DELTA DRILLING CO. & PAULEY,22042,
DELTA DRILLING CO. (L.L. & E.),22038,
DELTA DRILLING CO. (SUN OIL CO.),22038,
DELTA DRILLING ET AL,22039,
DELTA GULF DRILLING,22041,
DELTA OIL CO.,22038,
DELTA OIL CO. & SUN OIL CO.,22038,
Delta Petroleum Corp.,22038,
Delta Royalty Co. and Morrow Oil and Gas Co.,22042,
Delta Well & Supply,22043,
DELVA - TEXAS CO.,22044,
DELVATEX PETROLEUM CORP.,22045,
DEMAD,16315,
Demark R.S.,6444,
DeMaster,16316,
DEMBROOK & LIEDTKE,22046,
deMenocal_Peter,536,
"DEMENT, G.M.",6447,
"Deming, M.",6448,
"DEMON, SUTTON",6449,
DEMPSEY MONTGOMERY,22047,
DEMPSIE HENLEY,23472,
DEMROW OIL,22048,
"Denbury Onshore, LLC",22049,
Denbury Resources,22050,
"Dence, M. R., Shoemaker, C. S., and D, C.",,"Dence, M. R., Shoemaker, C. S., and D, C."
"Dengo, C.",6454,
"Dengo, G.",6455,
Denise Hills (collector) for Nigel Blamey (PI),,Denise Hills (collector) for Nigel Blamey (PI)
Denise Stetson,13473,
DENMAN-NULL,22053,
"DENMAN, GILBERT TRUST",22052,
Dennis Dahms,6247,
Dennis Donaldson,6583,
Dennis Feeney,7071,
Dennis Feeny,7071,
Dennis Geist,7487,
"Dennis Geist, Karen Harpp",,"Dennis Geist, Karen Harpp"
DENNIS OIL CORP.,22054,
Dennis Trabant,13920,
DENNY,16317,
DENNY-MEXIA,22055,
Denny Geist,7487,
DENNY MEXIA SYN.,22055,
DENTLER &DENTLER,22056,
DENTON-MARSHALL-AKINS,22057,
DENTON & AKIN,22057,
DENTON & MARSHALL,22057,
DENTON PETROLEUM CORP.,22058,
"Denton, George",6457,
"DENTON, LLOYD MILITARY HWY.",22057,
DENVER,28880,
DENVER PRODUCTION & REFINING CO.,22061,
deoyarzabalbarba@battelleecology.org,6459,
"DePaolo, Donald",6460,
DEPCO,22096,
DEPCO INC.,22096,
DEPCO INC. - SUN OIL CO.,22096,
DERBY,15126,
"Derby, O.",6464,
Derek Field,701,
Derek Kober (ORCID 0009-0009-0366-2767),16840,
Derek Tate (ORCID 0000-0002-5190-6596),13697,
Derek Thorkelson,13836,
Derek Wadley (ORCID 0000-0002-2980-5449),14226,
"DERMOTT, J.R.",6467,
dernbach@battelleecology.org,6468,
DEROL & NELSON,22098,
deRonde_Cornel Deardorff_Nicholas Tunnicliffe_Verena,,deRonde_Cornel Deardorff_Nicholas Tunnicliffe_Verena
deRonde_Cornel; Deardorff_Nicholas,,deRonde_Cornel; Deardorff_Nicholas
DERRICK & BOYER,22099,
Derrick Vaughn,14130,
"DERRICK, J. ROY ET AL",6471,
DESCO,15127,
"DESERT RESOURCES, INC.",22100,
"DESKIN, ROY",6473,
DESMET MARC,10283,
Desoto Oil and Gas Co.,22101,
DESOTO OIL CO.,22101,
DETEX OIL,22103,
DEVANT & GRAHAM,22107,
"Devey, C.W.",6481,
DEVILS BACKBONE,22109,
"Devin Hougardy, Mark Edlund, Steve Coleman",,"Devin Hougardy, Mark Edlund, Steve Coleman"
DEVINE,16320,
Devon Orme,11496,
DEVONIAN OIL,22110,
DEVONIAN OIL CO.,22110,
DEVONIAN OIL CO. (HOWETH & SWIGER),22110,
DEVONIAN OIL CO. (WARREN PET-GULF),22110,
DEVONIAN OIL CO. ET AL,22110,
DEVORE,16321,
DEVORE & SLADE,22111,
DEVORE ET AL,22111,
DEW-CULBERSON,22113,
DEWARE,16322,
DEWBRE PETROLEUM CORP. (FORNEY & CO.),22112,
DEWEY,15128,
"Dewey, F. P.",6485,
DEXTER,16323,
DEYER RANCH,22114,
dfarkas@battelleecology.org,6486,
dfountaine@battelleecology.org,6487,
dgilberti@field-ops.org,6489,
dhall-stratton@field-ops.org,6491,
DIADEM OIL CO.,22115,
DIAL,15129,
"DIAL, J.B.",6498,
DIAMEX,16324,
DIAMOND,22117,
DIAMOND DRILLING,22117,
DIAMOND DRILLING CO.,22117,
DIAMOND DRILLING ET AL,22117,
Diamond Energy Corp.,22117,
DIAMOND HALF-SHELL,22119,
DIAMOND HALF OIL (JANE OIL CO.),22118,
DIAMOND HALF OIL CO.,22118,
DIAMOND HALF OIL CO. (ET AL),22119,
DIAMOND PETROLEUM CO.,22117,
DIAMOND RANCH,22120,
DIAMOND S OIL CO.,22117,
DIAMOND SHAMROCK,22121,
DIAMOND SHAMROCK-RTI,22122,
DIAMOND SHAMROCK CORP.,22121,
DIAMONDBACK E&P LLC,22123,
DIANA OIL CO.,22124,
"Diana Roman, Christoph Kern, Cindy Werner",,"Diana Roman, Christoph Kern, Cindy Werner"
Diana Sahy,393,
Diana Soteropoulos,13320,
Diane Skipton,13154,
Diane Van Hoy (ORCID 0000-0001-6726-4973),14098,
DIBBLE ET AL,22125,
DICK SCHWAB,12878,
"DICK, C.J. DRILLING",22126,
"Dick, H.",6502,
"DICK, WILLIAM J. JR.",6501,
"DICKENS, J. L.",6505,
DICKENSON ET AL,22127,
DICKERSON,16325,
"DICKERSON, C.D.",6506,
"DICKERSON, H.G.",6507,
DICKEY ET AL,22128,
"DICKINSON, ROY",6509,
DICKSON,16326,
DICKSON ET AL,22129,
"DICKSON, C.J.",6510,
Didier Jegaden,8932,
Dierk Hebbeln,8252,
DIETLER & OLESON,22131,
DIETS DRILLING,22132,
DIETZ (TRUSTEE),22133,
"DIETZ, W. ET AL",6521,
DiIorio_Daniela,6523,
DILDAY-STROHM,22134,
DILLARD,16327,
DILLARD-GRAHAM,22135,
DILLARD-WALTERMIRE,22135,
DILLARD-WALTERMIRE-MECOM,22135,
DILLARD & GULF OIL,22135,
"DILLARD & MEYER, W.",22135,
"DILLARD & MIRE, WALTER",22135,
DILLARD & TENNESSEE TRANS. GAS CO.,22135,
DILLARD & WALTEMIRE,22135,
DILLARD & WALTERMIRE,22135,
"DILLARD & WALTERMIRE, INC.",22135,
DILLARD & WOOD,22135,
DILLARD ET AL,22135,
DILLARD SCHIEMENZ & JONES,22135,
"DILLARD, A.R.",22136,
"DILLARD, A.R. CO.",22136,
"DILLARD, A.R. JR.",22136,
"DILLARD, PRYOR",6524,
"DILLARD, PRYOR ET AL",22135,
"DILLARD, WHITE, & DUNCAN",22135,
Dillen,15130,
"Diller, J. S.",6525,
"DILLIARD, WARREN",6527,
DILLINGHAM ENERGY,22137,
DILLINGHAM ENERGY RESOURCES INC.,22137,
DILLINGS ET AL,22138,
Dillon,15131,
Dillon Brown (ORCID 0009-0003-7102-6750),16081,
Dillon Ragar,12126,
"DILLON, H.L.",6528,
DILLY PRODUCTION CO.,22139,
"Dimitrov, Petko; Coleman, Dwight",,"Dimitrov, Petko; Coleman, Dwight"
"Dimroth, E.",6531,
DINERO OIL CO.,22140,
DINGER OIL CO.,22141,
Dingler Drlg. Co.,22142,
DINGMAN DRILLING CO.,22143,
Dirk van der Wal / Jean Louis Bodinier,,Dirk van der Wal / Jean Louis Bodinier
Dirk Verschuren,14148,
DIRKS-SLICK OIL CO.,22147,
DIRKS-WOOD ET AL,22147,
DIRKS & WOOD,22147,
DIRKS BROS.,22145,
DIRKS BROS. & MCMURRY,22146,
DIRKS BROTHERS,22145,
DIRKS BROTHERS & HENDERSON COQUAT,22146,
DIRKS BROTHERS & M.T. GRUBB,22146,
DIRKS BROTHERS & TIDEWATER ET AL,22146,
DIRKS BROTHERS (GASOLINE PRODUCTION),22146,
DIRKS BROTHERS (SIZNOD OIL),22146,
DIRKS BROTHERS (TULETA OIL CO),22146,
DIRKS BROTHERS ET AL,22146,
DIRKS BROTHERS ET AL (R.E. WOLFF),22146,
"DIRKS BROTHERS, H. COQUAT & SLICK",22146,
"DIRKS, C.",6534,
"DIRKS, H.E.",6535,
"DIRKS, M.D.",6536,
"DIRKS, WOOD & FALCO.",22147,
"Disbrow, W. S.",6537,
Discovery Corp.,22149,
DISCOVERY OIL & GAS,22148,
DISCOVERY OPERATING INC.,22148,
DISHMAN & LUCAS,22150,
Disko Suite,28822,
"Dismer, H.",6538,
DITTMAN,16328,
DITTMAN DRILLING CO.,22151,
"DITTRICH, A.E.",6539,
DIVALL,15132,
"DiVenere, Victor",6541,
DIVIDE,15133,
DIXEL RESOURCES (CHAMPLIN PETROLEUM),22154,
DIXIE,15134,
"Dixie-Shamrock Oil and Gas, Inc.",22157,
DIXIE-SUM,22157,
DIXIE FARMS,22156,
DIXIE OIL,22155,
Dixie Oil and Gas Company,22155,
DIXIE OIL CO.,22155,
DIXIE OIL CO. - PHILLIPS,22157,
DIXIE OIL SYNDICATE,22155,
DIXIE WINNER OIL CO.,22158,
DIXIELAND SYNDICATE - BELL,22159,
DIXILYN,16329,
DIXILYN-FIELD DRILLING CO.,22160,
"DIXILYN CORP., ET AL",22160,
DIXION - K&H DRILLING CO.,22161,
DIXON,15135,
DIXON-IRVIN,22165,
DIXON-YATES,22165,
DIXON CREEK,22163,
DIXON DRILLING,22162,
DIXON DRILLING CO.,22162,
Dixon Management Corp.,22164,
DIXON MGM CORP.,22164,
DIXON OIL CO.,22162,
"Dixon, Donald",6542,
"Dixon, J.G.",6543,
"DIXON, JOHN",6544,
Djordje Grujic,1049,
dmikros@battelleecology.org,6548,
dmitchell@neoninc.org,6549,
DMO CO.,22166,
dmonahan@neoninc.org,6551,
DOANE RANCH,22167,
DOB OIL,22168,
DOB OIL CO.,22168,
DOBBS,16330,
DOBBS & BRADSHAW,22170,
DOBBS ET AL,22170,
DOBBS OIL CO.,22169,
dobbse@battelleecology.org,6557,
DOD CO.,22171,
"DODD, G. E.",6563,
"DODD, W.H. & SONS",22172,
DODDY OIL CO.,22173,
"Dodge, F. C.",6566,
DODSON,16332,
DODSON & MUCKELROY,22174,
Dodson & Son Drlg. Co.,22175,
Dodson Drlg. Co.,22176,
DODSON ET AL,22177,
"DODSON, FLOYD",6568,
"DODSON, FLOYD C. ET AL",6568,
DODWELL ET AL,22178,
"DODWELL, L.J.-ANDERSON PETR.",22178,
"DOE's National Energy Technology Laboratory, Northeast Natural Energy, West Virginia University and Ohio State University",22075,
DOE - GRUY FEDERAL INC.,22179,
Doe Run Company,22181,
"Doe, B.",6569,
doefler@battelleecology.org,6570,
doerfler@battelleecology.org,6570,
"DOERING, H.R.",6571,
DOGIE OIL CO.,22183,
"DOHENY, E.L.",6572,
"DOHERTY, JOHN",6573,
"DOHONEY, E.L. JR.",6574,
DOLAN & PATE (PREV: SNYDER),22184,
Dold S. Van Nieuwenheuse,14092,
DOLLINS,16333,
DOLLWOOD OIL,22185,
DOLPHIN,16334,
DOLPHIN PRODUCTION CO.,22186,
Domack,6575,
"Domack, E.",6575,
"Domack, E. ",6575,
"Domack, E. and Anderson J.",,"Domack, E. and Anderson J."
"Domack, E. and Karl, D.",,"Domack, E. and Karl, D."
"Domack, E.W.",6576,
"Domack, E.W., Vernet, M., Scambos, T.",,"Domack, E.W., Vernet, M., Scambos, T."
"Domack, E.W., Visbeck, M.",,"Domack, E.W., Visbeck, M."
"Domack, Eugene",6575,
"Domack, Eugene B.",17856,
Domack_Eugene,6575,
DOMAIN OIL CO.,22187,
DOMAIZON I,6577,
DOMAIZON Isabelle (ORCID:0000-0001-9785-3082),6577,
"Dome Oil Co., Inc.",22189,
DOME PETROLEUM,22189,
DOMESTIC EXPLORATION,22190,
"Domeyko, I.",6579,
"Dominex, Inc.",22191,
Dominik Weber/Marc Hendrix,,Dominik Weber/Marc Hendrix
"Dominion Black Warrior Basin, Inc.",22192,
DON ERNEY,6954,
Don Forsyth,7253,
Don Lowe,10067,
Don Murphy,11135,
DON OIL CO.,22193,
"Don Rodbell, Nathan Stansell",,"Don Rodbell, Nathan Stansell"
Don S. Williams,14592,
Don Sargent,17857,
Don Sullivan,13595,
Donald A. Coates,5895,
Donald E. Soholt,13301,
"Donald Hussong, Seiya Uyeda",,"Donald Hussong, Seiya Uyeda"
Donald L. Turner,13990,
Donald R. Lowe,10067,
Donald Richter,12348,
Donald Smith Drlg. Co.,22194,
"Donaldson, T.",6584,
DONLEY,16335,
"DONLEY, OSCAR",6587,
Donn Branstrator,5122,
Donna L. Whitney,1340,
DONNALLY-MANN,22195,
DONNELLY,16336,
DONNELLY - GERKE,22196,
DONNELLY & MONK OIL CO.,22196,
Donnelly Archibald,4341,
DONNELLY ET AL,22196,
"DONNELLY, W.J.",6591,
Donnie Day,6359,
DONNIE PETROLEUM CO.,22197,
donoso@battelleecology.org,6593,
Donovan Mitchell (ORCID 0009-0008-0141-6610),17118,
DONREY OIL CO.,22198,
Doorn,16337,
DOPPLEMAN,16338,
DOPPLEMAN & BUNDY,22199,
DORAN & MCGEE,22200,
DORBANT DOSS,6608,
DORCHESTER,15136,
DORCHESTER EXPLORATION,22201,
"DORCHESTER EXPLORATION, INC.",22201,
DORCHESTER GAS PRODUCTION CO.,22201,
DORE,16339,
DORIAN ET AL,22202,
DORINE OIL CO.,22203,
DORN,15137,
DORN-BENNETT,22204,
"DORN, DALE H",6601,
dorosheff@battelleecology.org,6603,
Dorothy M. Peteet,821,
Dorothy Peteet,821,
"Dorr, J. V.",6604,
"DORR, J.J.",6605,
DORRANCE,16340,
"DORRANCE, J. K.",6606,
"DORRANCE, J.K.",6606,
"DORRANCE, J.K. & AMERICAN TRADING",22205,
"DORRANCE, J.K. ET AL",22205,
DORSET-CARTER ET AL,22206,
DORSEY,15138,
Dorsey Wanless,14323,
Dosse Vivian,14186,
DOSWELL,16341,
"DOSWELL, THOMAS W.",6610,
"DOSWELL, THOMAS W. ET AL",6610,
"Doten, R. K.",6611,
DOTHAN DRILLING CO.,22207,
"Dott Jr., Robert H.",6612,
"Doubik, Y.",6613,
DOUBLE FIVE,22208,
DOUBLE U,22209,
Doug Faulkner,7054,
Doug Ricketts,12352,
Doug Schnurrenberger,12828,
"Doug Schnurrenberger, Dave Hollander",,"Doug Schnurrenberger, Dave Hollander"
"Doug Schnurrenberger, James Russell, Chad Wittkop, Jane Teranes, Kerry Kelts",,"Doug Schnurrenberger, James Russell, Chad Wittkop, Jane Teranes, Kerry Kelts"
Doug Walker,21,
Dougal Jerram,17858,
"Dougan, T.",6614,
DOUGHERTY,16342,
DOUGHERTY & DOUGHERTY,22210,
DOUGHERTY ET AL,22210,
DOUGHERTY GROUP ET AL,22210,
"DOUGHERTY, DUDLEY",6615,
"DOUGHERTY, DUDLEY ET AL",6615,
"DOUGHERTY, DUDLEY T.",6615,
"DOUGHERTY, DUDLEY T. (AKA: W.T. DAUGHERTY)",6615,
"DOUGHERTY, DUDLEY T. ET AL",6615,
"DOUGHERTY, J.R.",6616,
"DOUGHERTY, J.R. & TEXAS CO.",6616,
"DOUGHERTY, J.R. ET AL",6616,
"DOUGHERTY, JAMES R. MRS.",6616,
"DOUGHERTY, MRS. JAMES R.",6616,
DOUGHTY BAILEY,4487,
"Doughty, Edna D.",6617,
"DOUGHTY, JAMES",6618,
Douglas,22211,
DOUGLAS,22211,
DOUGLAS-WHITE,22213,
DOUGLAS & BURDEN,22212,
DOUGLAS & GRUELLING,22212,
DOUGLAS & JOHNSON,22212,
DOUGLAS & THOMAS,22212,
Douglas Barber,4561,
DOUGLAS ET AL,22212,
DOUGLAS EXPLORATION,22211,
"Douglas Exploration Co., Inc.",22211,
Douglas Hardy,8089,
DOUGLAS OIL & GAS CO.,22211,
DOUGLAS OIL CO-ROXANA,22212,
DOUGLAS OIL CO.,22211,
Douglas Oil Co. - Ro,22211,
"Douglas Prihar, Richard Fifarek",,"Douglas Prihar, Richard Fifarek"
"DOUGLAS, G.L.",6619,
"Douglas, J. G.",6620,
"DOUGLAS, L. A.",6621,
"DOUGLAS, L.A.",6621,
"DOUGLAS, L.A. ET AL",6621,
"DOUGLAS, NOVAL",6622,
"Doumani, George",6625,
"DOURE, ADOLPH",6626,
DOUTHIT ET AL,22214,
"Dover, James H.",6628,
DOVRE,16343,
DOVYANCE,16344,
DOW CHEM.,22215,
DOW CHEM.-FOX & HOLLAND,22215,
DOW CHEM.-PITTS OIL,22216,
DOW CHEM.-STRATA ENERGY,22216,
DOW CHEMICAL,22215,
DOW CHEMICAL - BLOCKER EXPLORATION,22215,
DOW CHEMICAL - DALLAS PRODUCTION,22215,
DOW CHEMICAL - DELTA DRILLING CO.,22215,
DOW CHEMICAL CO.,22215,
DOW CHEMICAL U.S.A.(TEX.GULF),22217,
"DOW, DR. W. M.",6629,
Downes,16345,
DOWNEY MORTON,11039,
"DOWNIE, CHAS.",6631,
DOWNING & YOUNG,22218,
"DOWNS, PERRY & HUGHES",22219,
DOWSON,15139,
DOYLE,16346,
DOYLE & JONDREAU,22220,
"DOYLE, BILL",6635,
DOZIER,15140,
Dr Craig Smith,225,
Dr Justin Payne,11687,
Dr Reishi Takashima/Dr Alice Du Vivier,,Dr Reishi Takashima/Dr Alice Du Vivier
Dr. Bevan M. French,7342,
Dr. Chris Mattinson,848,
Dr. D. Pedrazzi,15772,
Dr. Dario Pedrazzi,15772,
Dr. Diane E. Moore,10942,
Dr. Dustin Trail and Dr. Nicholas D. Tailby,,Dr. Dustin Trail and Dr. Nicholas D. Tailby
Dr. Edward C. Chao,5721,
Dr. Edward C. Chao and Cheryl Edwards,,Dr. Edward C. Chao and Cheryl Edwards
Dr. Edward C. Chao and Mann,,Dr. Edward C. Chao and Mann
Dr. Edward C. Chao and Ren Yingchen,,Dr. Edward C. Chao and Ren Yingchen
Dr. Edward C. Chao and Sun Weijun,,Dr. Edward C. Chao and Sun Weijun
"Dr. Edward C. Chao, Cheryl Edwards, and Mann",,"Dr. Edward C. Chao, Cheryl Edwards, and Mann"
Dr. Elizabeth Cottrell,17861,
Dr. Erika Rader,1383,
Dr. Erin Adlakha,4074,
Dr. James G. Moore,10949,
Dr. James Luhr,10106,
Dr. James M. Schopf,12844,
Dr. James M. Schopf and B W. Dean,,Dr. James M. Schopf and B W. Dean
"Dr. James M. Schopf, B W. Dean, and Ken Englund",,"Dr. James M. Schopf, B W. Dean, and Ken Englund"
Dr. Jan Kutina,9608,
Dr. Jason Kaiser / Dr. John P. Hogan,,Dr. Jason Kaiser / Dr. John P. Hogan
Dr. Jill VanTongeren,14114,
Dr. Johan Naterstad,11194,
Dr. John Wehmiller,1354,
Dr. Jonathan Obrist-Farner,11398,
Dr. Jorge Crespo,6151,
Dr. Judith Chester; Dr. Franklin Chester,,Dr. Judith Chester; Dr. Franklin Chester
Dr. Justin Dodd,6564,
Dr. K. Halimeda Kilbourne,9352,
Dr. Mario Rivera,12386,
Dr. Mark Cloos,5878,
Dr. Mattia Pistone,17862,
Dr. Michelle Coombs,17863,
Dr. Milene Cormier,6050,
Dr. Motoaki Sato,12741,
Dr. Nathan Steeves,13438,
Dr. Pan Zhao,982,
Dr. Paul C. Bateman,4649,
Dr. Peter Girguis,7589,
Dr. Rachel J. Beane,4693,
Dr. Richard White,17864,
Dr. Rick Hoblitt,8470,
Dr. Robert Embley,6901,
Dr. Rodey Batiza,4657,
Dr. Rosalind T. Helz,8290,
Dr. Sorena S. Sorensen,13318,
Dr. Stephen Mattox,10401,
Dr. Thomas L. Wright,14753,
Dr. Thomas Mann,552,
Dr. Thurston Elroy Sawyer II,1470,
Dr. Victor Diaz del RÌo,6430,
Dr. Vikas,17865,
Dr. Vikas Adlakha,14165,
Dr. William Cordua,6043,
Dr. William G. Melson,10671,
Dr. William Melson,10671,
Dra. A. Geyer,7515,
DRACO,15141,
Dragon Energy Corporation,22221,
Dragovic,15142,
"Drake, C.",6641,
DRAPER & GOODALE,22222,
DRAPER & GOODALL,22222,
DRAPER GOODALE & CO.,22222,
"DRAPER, GOODIE & CO.",22222,
Draven Killian (ORCID 0009-0009-2144-0906),9358,
DREEBEN ET AL,22223,
DREW CORNELL,6052,
"Drexel Oil & Gas Corp., Inc.",22224,
"Drexler, J.",6644,
Drey Hilson (ORCID 0009-0007-5874-3025),8432,
"DREYFUS, LOUIS",6646,
DRILL-WELLS,22231,
DRILLERS,22227,
DRILLERS INC.,22227,
DRILLING & EXLPORATION CO.,22228,
DRILLING & EXPLORATION CO.,22229,
DRILLING & EXPLORATION OF DELAWARE,22230,
"DRISCOLL, V.A. ET AL",6653,
Driscoll_Neal,6652,
DRISKILL,16347,
"DRISKILL, P.E.",6654,
"DRONOT, JAS.",6655,
DROPPLEMAN,16348,
Droxler_Andre,6656,
Druid Wilson,14642,
DRUMMETT ET AL,22232,
dshipman@field-ops.org,6661,
DShipman@field-ops.org,6661,
dsmith1@battelleecology.org,6662,
dsoteropoulos@neoninc.org,6663,
dsteinberg@battelleecology.org,6664,
Dstetson@battelleecology.org,6665,
dstetson@neoninc.org,6665,
"DUBOSE, TILDA",6671,
DUCASSOU Emmanuelle,6672,
Duckworth,15143,
DUCKWORTH,15143,
"Dud·s, F. √ñ.",6674,
"DUDLEY, J. D.",6676,
"Duebendorfer, Ernest",6677,
DUEGNUECE (?) OIL CO.,22233,
DUER-WAGNER & CO.,22234,
DUER WAGNER,22234,
Duer Wagner and Co.,22234,
DUERR & MCCLINTOCK,22235,
"DUFF, R.C.",6679,
DUFFEY,16350,
"DUFFEY, B. A.",6680,
DUFFIELD,16351,
DUFFIELD CO.,22236,
DUFFIELD ET AL,22237,
"DUFFIELD, LESTER",6681,
"DUFFIELD, LESTER-PLYMOUTH",6682,
"DUFFIELD, THOMAS",6683,
DUFFY,15145,
DUFFY-KING,22240,
DUFFY ET AL,22238,
"DUFFY, B. O.",6684,
"DUFFY, B.A. - UNION",6685,
"Duffy, James L.",6687,
"Duffy, James L. & Harrington, Jack P.",,"Duffy, James L. & Harrington, Jack P."
"Duffy, James L. and Diamond, Woodson",,"Duffy, James L. and Diamond, Woodson"
"Duffy, James L. and Harrington, Jack",,"Duffy, James L. and Harrington, Jack"
"Duffy, James L. and Harrington, Jack P.",,"Duffy, James L. and Harrington, Jack P."
"Duffy, James L. and Justiss-Mears Oil Co., Inc.",,"Duffy, James L. and Justiss-Mears Oil Co., Inc."
"Duffy, James L. and Rowe, Frank H., Jr et al",,"Duffy, James L. and Rowe, Frank H., Jr et al"
"Duffy, James L. and Rowe, Frank H., Jr.",,"Duffy, James L. and Rowe, Frank H., Jr."
"Duffy, James L. et al",6687,
DUGAN BROS. & BRAHANEY,22241,
DUGAN ET AL,22242,
DUGGAN,16352,
"DUGGAN, R.F.",6688,
DUGGAR & HERRING DRILLING CO.,22243,
DUGGER-HERRING,22243,
DUGGER & HERRING-GAYLE,22243,
DUGGER & HERRING DRILLING CO.,22243,
DUGGER & HERRING ET AL,22243,
DUGGER & HOLMES,22243,
"DUGGER,HERRING ET AL",22243,
DUGUESNE,16353,
"Dukas, M.",6689,
DUKE-HOGG CREEK,22245,
dukerschein@battelleecology.org,6691,
DULASKI OIL CORP.,22246,
DULING,15146,
DULUP,16354,
DULUP OIL CO.,22247,
"DUMAS, VERNE ET AL",22248,
DUN & FISHER,22249,
DUNAGAN BROS. & BRAHANEY,22250,
DUNAWAY,16355,
DUNBAR CORP. ET AL,22251,
DUNBAR OIL CO.,22251,
dunbarp@battelleecology.org,6696,
DUNCAN,16356,
DUNCAN-SARTAIN,22253,
DUNCAN & DUNCAN,22253,
DUNCAN & PERKINS,22253,
DUNCAN & PERKINS (SIMMONS OIL),22253,
DUNCAN DRILLING CO.,22252,
DUNCAN ET AL,22253,
Duncan Stewart,13488,
"Duncan, A.",6698,
"DUNCAN, N.V.",6701,
"DUNCAN, N.V. ET AL",6701,
"Duncan, S.",6702,
"DUNCAN, WALTER",6703,
DUNHAM-EDWARDS & PRICE,22254,
DUNHAM ET AL,22254,
"DUNHAM, W.P. ET AL",6705,
"DUNHAM, YOUNG, & SHIELD",22254,
DUNICAN,16357,
DUNIGAN,16358,
DUNIGAN BROS.,22255,
"DUNIGAN, E.J. TRUSTEE",6706,
"DUNIGAN, J.P.",6707,
DUNLAP,15147,
"DUNLAP, W.C.",6708,
DUNN,15148,
DUNN & PHILLIPS,22256,
"DUNN, DR. SAM G.",6713,
"DUNN, J.H.",6711,
"DUNN, L.",6712,
"DUNN, SAM G., DR.",6713,
DUNNAGAN-COLE & BUTLER,22257,
DUNNAM,15149,
"DUNNHAM, E.A.",6714,
DUNNIGAN,16359,
DUNNIGAN & BRAHENY,22258,
DUNNIGAN BROTHERS,22259,
"DUNNIGAN, JAMES P.",6715,
DUNNING,15150,
"DUNNING, W.H.",6717,
"DUNNING, W.H. JR.",6717,
DUNREY OIL CO.,22260,
DUNWOODY-HAMMON,22262,
DUNWOODY JR. & KILROY,22261,
"DUNWOODY, C.G. JR.",6718,
DUPONT <BREWSTER - BATTLE DRILLING,22263,
"Dupre, Dallas D.",6720,
DUPREE ET AL,22264,
"DUPREE, J.M.",6721,
dupuis@battelleecology.org,6723,
DUQUESNE OIL CORP.,22265,
"Durango Operating, LLC",22266,
"Durant, W.T.",6726,
DURBIN,16360,
DURBIN OIL CO.,22267,
"DURBIN, J.H. ET AL",6727,
DURHAM,16361,
"DURHAM DRILLING CO, INC. ET AL",22268,
Durrell,6733,
DUTTON ET AL,22270,
"DUTTON, CHARLES",6736,
"DUTTON, CHAS.",6736,
DUTY,16362,
Duval,15151,
DUVAL,15151,
DUVAL CORP.,22271,
DUVAL OIL CO.,22272,
DUVAL OIL CORP. ET AL (GEO. PINKLEY),22273,
dweller@Battelleecology.org,6739,
Dwight,16363,
Dwight F. Crowder,6183,
DWYER,16364,
Dy-Met Inc,22276,
DYCK OIL CO.,22274,
DYCO PETROLEUM CORP.,22275,
"DYE, R.H.",6742,
DYER,6743,
"DYER, CARL",6745,
dyer@battelleecology.org,6743,
"DYKE, F.J.",6748,
"DYKE, VAN-MEJLANDER",6749,
DYKSTRA,16365,
Dylan Blumentritt,4943,
Dylan Fountaine,7273,
Dylan O'Ryan,1294,
Dylan Peters (ORCID 0000-0001-9180-0940),11792,
Dylan Stockman (ORCID 0000-0001-6709-8856),13512,
Dylan Tarno (ORCID 0000-0001-6610-1881),13691,
Dylan Vasey,17866,
Dymek R.F.,6751,
DYNAMIC PETROLEUM CO.,22277,
dyoung@battelleecology.org,6753,
E-FIRE,22358,
E Benton,4794,
E C. Jeffrey,8929,
E D & H TEAFF,22278,
E G OIL CO.,22279,
E J. Kohnstamm,9497,
E R. Maize,10232,
E&P OPERATING (W/B.E.G.),22281,
E. & B.,22280,
E. B·nffy,4543,
E. Barrera,4596,
E. Borax,5014,
E. Bordet,5016,
E. Cook/J. Palmer,,E. Cook/J. Palmer
E. Crowden,6181,
E. Dale Jackson,8831,
E. Domack,6575,
E. Enkelmann; T. Hadlari,,E. Enkelmann; T. Hadlari
E. L. Winterer,14679,
E. Szymanski,1883,
E.& P. OPERATING,22281,
E.A Merewether,10695,
E.A. Johnston,9061,
E.C. Jestes,8954,
E.Domack,6575,
E.E. ERICKSON,6949,
E.E. Rehn,17867,
E.F. Dosch,6607,
E.G. Jeffreys and Su,8930,
E.L. Winterer,14679,
E.L.M. OIL & GAS INTERESTS,22283,
E.N. & CRUDE,22284,
E.P. OPERATING (ENSEARCH),22285,
E.R. Thieler,13779,
E.T. Bates,4653,
"Eade, J.",6756,
"Eadie, Art",6757,
EAGLE DRILLING CO.,22286,
EAGLE PRODUCTION CO.,22286,
"Eagle, D.",6758,
EARL & RAGSDALE,22287,
Earl E. Brabb,5086,
Earl M. Lemon,9832,
EARLTEX OIL CO.,22288,
"Early, Thomas",6762,
EARTH TECH./HENLEY-JOHNSTON,22296,
EARTH TECH./HENLEY JOHNSTON,22296,
EARTH TECHNOLOGY,22297,
eartz@battelleecology.org,6763,
Eartz@neoninc.org,6763,
Ease & Norwood,22298,
eashcraft@battelleecology.org,6765,
EASON,16367,
Eason Oil Co.,22299,
EASON OIL CO.,22299,
EAST & WEST OIL CO.,22300,
EAST BELL,22301,
EAST CRAWFORD,22303,
EAST DEL RIO OIL CO.,22304,
EAST TEXAS OIL CO.,22305,
EAST TEXAS PRODUCTION CO.,22305,
EAST TEXAS REFINING CO.,22305,
EAST TEXAS STONE CO.,22306,
EAST WEST INVESTMENT,22307,
"EAST, E.H. TRUSTEE",22308,
"EAST, ED",6767,
"EAST, ED ET AL",6767,
"EAST, ED H.",6767,
Eastern American Energy Corp.,22309,
EASTERN ENERGY CORP.,22310,
Eastern Mabelite Corporation,22311,
EASTERN PETROLEUM CO.,22313,
EASTERN STATES,22314,
EASTERN STATES PETROLEUM CO.,22315,
EASTERN TEXAS OIL CO.,22316,
EASTERN TEXAS PETROLEUM CO.,22316,
EASTERWOOD,16368,
EASTHAM,16369,
EASTHAM & R,22317,
EASTLAND,22318,
EASTLAND DRILLING,22318,
EASTLAND DRILLING CO.,22318,
EASTLAND ET AL,22319,
EASTLAND OIL CO.,22318,
"EASTMAN, H.G. JR. ET AL",22319,
"Eastman, Les & Gertrude",22320,
EATON & BUESCHER,22322,
EATON & CONTINENTAL OIL,22322,
"Eaton Enterprises, Inc.",28795,
EATON OPERATING CO.,22321,
eaton@battelleecology.org,6769,
ebarris@battelleecology.org,6773,
ebuckner@field-ops.org,16094,
"EBY, J.B.",6777,
ECA,22326,
"ECA, Cold Affiliates #IM Stream",22327,
"ECA, Schlumberger",22327,
"ECA, Westech Energy NZ Ltd, Schlumberger",22327,
ecastro@battelleecology.org,6778,
echartrand@field-ops.org,6779,
echartrand@neoninc.org,6779,
ECHO OIL,22328,
ECHOLS,16370,
ECHOLS-SLICK,22329,
"ECHOLS, C.L.",6780,
"ECHOLS, CLYDE",6781,
"ECHOLS, CLYDE ET AL",6781,
"ECHOLS, ET AL",22329,
"ECHOLS, GEORGE",6782,
"ECHOLS, GEORGE H.",6782,
"ECHOLS, GEORGE H. (WITH APPLEBOM & SHELL)",6782,
"ECHOLS, GEORGE H. ET AL",6782,
"ECHOLS, GEORGE PETROLEUM CO.",22330,
"ECHOLS, HEBERT & SMITH",22329,
"ECHOLS, HERBERT, & SMITH",22329,
eckerle@battelleecology.org,6783,
"ECKERT, EDWIN",6784,
"ECKERT, EDWIN ET AL",6784,
ECLIPSE OIL CO.,22331,
ECLIPSE OIL CO. (WEST VIRGINIA COAL & OIL),22331,
Eclipse Resources,22332,
ECLWTO OIL (DIAMOND HALF OIL CO.),22333,
ecolberg@battelleecology.org,6785,
Economic Geology Collection,22335,
Ed Ayres,4461,
Ed Cook,6007,
Ed Hansen,8061,
Ed Jestes,8954,
Ed Kearly,9233,
Ed Landing,9675,
Ed O'Loughlin,11451,
"ED, ALLDAY & J.P. OWENS",,"ED, ALLDAY & J.P. OWENS"
Ed. Pittman,11903,
EDCO PETROLEUM,22337,
Eddie Minnick (ORCID 0000-0002-3172-0145),10827,
EDDIE RAY T.T. CO.,22338,
EDDLEMAN ET AL,22339,
Eddy,16371,
EDDY REFINING CO.,22340,
"EDDY, J.H. ET AL",6789,
"EDDY, JAMES H.",6789,
EDEK CORP.,22341,
EDEN,15153,
EDEN OIL CO.,22342,
"EDEN, CITY OF",22343,
EDGAR,15154,
EDGAR-DAVIS,22346,
Edgar Castro Feliu (ORCID 0000-0001-8629-4086),5641,
Edgar Oil Company,22344,
"EDGAR, C.E.-FORTUNE DRILLING",22345,
EDGE - MOEHLMANN,22347,
Edge Joint Venture II,22348,
Edge Petroleum Corp.,22349,
"EDGE, R.L.",6793,
"Edgerton, David G.",6796,
"EDMINSTON, A.",6798,
EDMISTON,16372,
EDMISTON CO. & JOE CANNON,22351,
"EDMISTON, A.",6798,
"EDMISTONI, E.",6799,
Edna Marcott,10291,
Edo Bar-Zeev and Shai Arnon,,Edo Bar-Zeev and Shai Arnon
"Edo Bar-Zeev, Shai Arnon",,"Edo Bar-Zeev, Shai Arnon"
EDSON,16373,
EDSON & PEEBLES ET AL,22352,
EDSON PETROLEUM CO.,22353,
Eduardo Gonzalez Lugo (ORCID 0009-0001-6365-6993),7671,
EDWARD-HERRING,22355,
Edward A. Johnson,9016,
Edward A. Johnson/Robinson,,Edward A. Johnson/Robinson
Edward Cayia,5660,
Edward G. Mitchell,17868,
"Edward Lo, Mike McGlue",,"Edward Lo, Mike McGlue"
Edward Marshall,1689,
"Edward Marshall, Geoffrey Mibei",,"Edward Marshall, Geoffrey Mibei"
"Edward Marshall, Kevin Burton",,"Edward Marshall, Kevin Burton"
"Edward Marshall, Maja Rasmussen",,"Edward Marshall, Maja Rasmussen"
"Edward Marshall, Simon Matthews",,"Edward Marshall, Simon Matthews"
"Edward Marshall, Soley Johnson",,"Edward Marshall, Soley Johnson"
"Edward Marshall, Will Wenrich",,"Edward Marshall, Will Wenrich"
"EDWARD, JOHN ET AL",6802,
EDWARDS,16374,
EDWARDS & BOYD,22356,
EDWARDS & ZOCH,22356,
EDWARDS ET AL,22356,
"EDWARDS, H. L",6806,
"EDWARDS, H.L.",6806,
"EDWARDS, H.L. DRILLING",22357,
"EDWARDS, H.R.",6805,
"EDWARDS, HARRY",6806,
"EDWARDS, HARRY L.",6806,
"EDWARDS, HARRY L. DRILLING CO.",22357,
"EDWARDS, HARRY L. ET AL",6806,
"EDWARDS, J. W.",6807,
"EDWARDS, J.W.",6807,
"EDWARDS, JOHN ET AL",6808,
Edwards_Katrina,6810,
edwardsjm@battelleecology.org,6813,
eedwards@neoninc.org,6815,
EEimers@field-ops.org,6816,
"Eemu Ranta, Olgeir Sigmarsson, Simon Matthews",,"Eemu Ranta, Olgeir Sigmarsson, Simon Matthews"
eentzel@battelleecology.org,6818,
EERC,15155,
EGawanda. JKukulski,,EGawanda. JKukulski
egawanda@battelleecology.org,7466,
"Egbert, J.",6820,
"Ege, John R.",6821,
EGENTHER ET AL,22359,
EGGER,15156,
EGGER-LESH-MCCALL,22360,
"EGGERS, H.D.",6823,
"Eggleston, J.",6825,
"Eggleton, R. E.",6826,
EGSP,22361,
EGSP -Terra Tech,22362,
egullo@battelleecology.org,6828,
ehardiman@field-ops.org,6829,
ehenniger@field-ops.org,6830,
"EHERLY,SNEED",16375,
ehmke@battelleecology.org,6832,
"Ehrenspeck, Helmut",6833,
"Ehrman, Robert V. and Gulf States Gas Corp.",,"Ehrman, Robert V. and Gulf States Gas Corp."
"EI DUPONT DE NEMOURS & CO, INC",22363,
EIDEBACK-MORGAN,22364,
Eileen Mavencamp (ORCID 0009-0004-0041-5684),10410,
EINSTROSS ET AL,22366,
Eirini Poulaki,11970,
EISEN'R,16376,
"EISENMAYER, A.J.",6839,
EISENMEYER,6839,
"EISER, M.W.",6840,
EISNER,16376,
"EISNER, JOHN J.",6841,
Eissas Ouk (ORCID 0000-0001-8371-3142),11527,
"EKE, RICHARD",6845,
ekilburn@field-ops.org,6847,
Eking@battelleecology.org,6848,
"El-Oil, Ltd.",22404,
EL CAPITAN,22367,
EL CAPITAN & MOSS,22367,
EL CAPITAN OIL CO.,22367,
EL CHORO,22368,
EL CINCO,22369,
EL CINCO PRODUCTION,22370,
EL DORADO O&g INC. (TEXAS SOUTHERN OIL & DEV. CO.),22371,
EL PASO,22372,
EL PASO & WESTERN NATURAL GAS,22373,
"El Paso E and P Company, L.P.",22375,
"El Paso EandP Company, L.P.",22375,
EL PASO EXPLORATION,22376,
EL PASO NATIONAL,22377,
EL PASO NATIONAL & ODESSA,22378,
EL PASO NATURAL GAS,22379,
EL PASO NATURAL GAS (SUN OIL CO.),22379,
EL PASO NATURAL GAS CO.,22379,
EL PASO OIL & GAS,22374,
El Paso Production Co.,22374,
EL PASO PRODUCTION CO.,22374,
"EL PASO, CITY OF",22380,
EL RAM,22381,
"EL SHAYEB, TARAK - STUDENT THESIS CORE",6851,
EL TIGRE OIL CO.,22382,
EL TORO OIL CO.,22383,
"ELAM, JACK",6852,
"ELAM, JACK G.",6852,
elamb@battelleecology.org,6853,
elaske@battelleecology.org,6854,
ELDER,16378,
"ELDER, DAVE",6856,
"ELDER, J.F.",6857,
"ELDER, J.H.",6858,
Eldjarn Knut,9480,
ELDORADO,16379,
"Eldridge Prospect, Inc.",22384,
"Eldridge, G. H.",6859,
Eleanor Crawford (ORCID 0009-0001-5169-3949),6138,
ELEANOR OIL CORP.,22385,
Eleanora I. Robbins,12401,
Eleanore Blereau; Chis Clark,,Eleanore Blereau; Chis Clark
Elena Gonick (ORCID 0000-0002-8312-9357),7669,
Elena Hart (ORCID 0009-0006-2974-5382),16627,
Elena Messina (ORCID 0000-0002-6525-9051),10720,
Elena Olsen,17869,
Elenore Lopez (ORCID 0009-0001-6051-3567),16941,
ELEOUSSA OIL CO.,22386,
ELF AQUATINE OIL & GAS,22389,
ELF AQUITAINE,22388,
ELF AQUITAINE INC.,22389,
ELF AQUITAINE OIL & GAS,22389,
"Elf Aquitaine Petroleum, Ltd., Div. Of Elf Aquitaine, Inc.",22389,
"Elf Aquitaine, Inc.",22389,
ELF AQUITANE OIL & GAS,22389,
ELGIN OIL SYNDICATE,22390,
Eli Arbogast (ORCID 0009-0004-0858-3674),15935,
Eliah Gomez (ORCID 0000-0001-5131-1181),7665,
Elinor Utevsky,14059,
Elisabeth L. Sikes,13105,
Elisabeth M. Brouwers,5206,
Elise Brehm (ORCID 0000-0002-2833-9853),5134,
Elise Rappel (ORCID 0009-0000-7236-0361),12171,
Elise van Winden,14095,
Eliza Mclean (ORCID 0000-0001-7920-7757),10583,
Elizabeth Adkins,4073,
Elizabeth Buhr (ORCID 0000-0003-4452-6533),5322,
"Elizabeth C Minor, Hongyu Li, Propser Zigha",,"Elizabeth C Minor, Hongyu Li, Propser Zigha"
Elizabeth Catlos,1815,
Elizabeth Chartrand,5731,
Elizabeth Cottrell/Katherine Kelley,,Elizabeth Cottrell/Katherine Kelley
Elizabeth Curtiss,1424,
Elizabeth Dupuis (ORCID 0000-0003-4806-3126),6724,
Elizabeth Entzel,6935,
Elizabeth Herndon,628,
Elizabeth Herndon; eherndo1@kent.edu,628,
Elizabeth J. Olson,561,
Elizabeth Jagodzinski,8857,
Elizabeth Johnston (ORCID 0000-0002-1342-9821),9063,
Elizabeth Locke (ORCID 0000-0002-6045-187X),9994,
Elizabeth Minor,10828,
Elizabeth Richards (ORCID 0000-0002-5980-7373),12330,
Elizabeth Sanchez,12705,
Elizabeth Sikes,13105,
Elizabeth Trower,1000,
Elizabeth Zbinden,14872,
ELKAY OIL CO.,22391,
Elke Vandekerkhove,379,
ELKHART PETROLEUM CO.,22392,
ELKTON OIL CO.,22393,
ELLA,16380,
Ellen Chamberlin,260,
Ellen Daley,6256,
Ellen Hallingstad (ORCID 0000-0002-4816-2610),7983,
Ellen Martin,10332,
Ellen Nelson,1363,
Ellen Thomas,13794,
ELLENBURGER,16381,
"Ellerman, Pamela J.",6868,
Ellery Vaughan (ORCID 0000-0002-8470-9898),14128,
Ellie Biebesheimer,1569,
Ellie Brown,5227,
"Ellingson, J.",6870,
ELLIOT,16383,
ELLIOT & NICHOLS,22394,
Elliot Abrams,4027,
"Elliot, David H.",6872,
"ELLIOT, H.W.",6873,
"ELLIOT, INC",28743,
ELLIOTT,15157,
ELLIOTT-LAUB-HILL,22397,
ELLIOTT & MATHIESON,22395,
ELLIOTT ET AL,22396,
"Elliott, Harry W.",6876,
"ELLIOTT, L. W.",6877,
"ELLIOTT, L. W.-TR.",6877,
"Elliott, Ray",6878,
Ellis,16384,
ELLIS & ESTES,22398,
ELLIS & GADDY,22398,
Ellis Knoll (ORCID 0009-0006-1507-643X),9471,
"ELLIS, J.C.",6879,
"ELLIS, J.E.",6880,
"ELLIS, J.W.",6881,
"Ellis, T. H.",6882,
ELLISON,16385,
ELLISON & MCBRIDE,22399,
"ELLISON, E.A. ET AL",6883,
"ELLISON, KENNETH",22400,
Ellison/Kuiper,15158,
ELLMAG OIL CORP.,22401,
ellstrom@battelleecology.org,6884,
"Ellsworth, G. G.",6886,
"ELLSWORTH, R.I. ET AL",6887,
"ELLSWORTH, R.L. ET AL",6887,
"ELLSWORTH, WARREN A. JR.",6885,
ELLZEY & BENTLY,22402,
ELM,15159,
ELM OIL CO.,22403,
"ELMORE, BOB",6890,
elmorem@battelleecology.org,6892,
elocke@battelleecology.org,6893,
ELROY,15160,
ELSALINA PETROLEUM CO.,22405,
ELSBURY & SMYTH,22406,
"ELSBURY, JOE W.",6896,
ELSINORE CATTLE CO.,22407,
Elston,16386,
ELTEX,22408,
ELTEX LIMITED,22408,
ELTEX LTD.,22408,
ELTEX LTD. OIL CO.,22408,
ELTEX OIL CORP.,22408,
"ELTEX, LTD.",22408,
ELWELL,16387,
ELWELL & LARIO,22409,
ELY,6899,
"ELY, W. W.",6899,
emccarthy@neoninc.org,6902,
"EMCH, JOHN W.",6903,
"EMCH, JOHNNY",6903,
EMERALD,16388,
EMERALD & PHILLIPS,22411,
EMERALD OIL,22412,
EMERALD OIL CO.,22412,
Emerald Petroleum Corp.,22412,
Emerson Lynch,1544,
Emerson_David,6904,
Emi Ito,8811,
"Emi Ito, Xicheng YU",,"Emi Ito, Xicheng YU"
Emiliano Espinoza (ORCID 0000-0002-6220-0994),6967,
Emily Artz (ORCID 0000-0002-4748-8985),4390,
Emily Ashcraft (ORCID 0000-0001-9777-363X),4401,
Emily Brown,17870,
Emily Catron (ORCID 0000-0003-3535-1698),5648,
Emily Hernandez-Goldstein,8334,
Emily Hernandez Goldstein,8334,
Emily Klein,1394,
Emily Krulc,9573,
Emily Lowery (ORCID 0000-0001-7387-4989),10077,
Emily Paul (ORCID 0000-0001-5608-0482),11669,
Emily Ralston (ORCID 0000-0001-7612-5860),12137,
Emily Slingerland (ORCID 0000-0003-4347-0996),13167,
Emily VandenBerg (ORCID 0000-0002-8095-9355),14102,
Emily Wallis,14278,
Emily Watson-Cook,14368,
eminnick@battelleecology.org,6905,
Emma Aronson,426,
Emma Hendra (ORCID 0009-0001-2322-0423),8309,
Emma Knapp (ORCID 0000-0001-7548-3359),9462,
Emma McCorkle,10495,
Emma Rhodes/Steffi Burchardt,,Emma Rhodes/Steffi Burchardt
Emma Scanlan,12760,
Emma Vasilj (ORCID 0000-0001-8432-494X),14127,
Emmanuel Sepulveda (ORCID 0000-0001-8485-3403),12952,
Emmet Ojeda (ORCID 0000-0003-2952-533x),11431,
Emmett Hughes,8674,
"Emmons, E.",6907,
"Emmons, S. F.",6908,
Emory Byrd,5435,
Emory Wellman,14442,
EMPEROR OIL CO.,22413,
EMPIRE,16389,
EMPIRE - STANDARD OIL OF TEXAS,22414,
EMPIRE DRILLING CO.,22415,
EMPIRE GAS & FUEL CO.,22415,
Empire Gas and Fuel,22415,
EMPIRE OIL & GAS,22415,
EMPIRE OIL & GAS CO.,22415,
EMPIRE OIL & REFINING CO.,22415,
EMPIRE OIL & REFINING CO. - CITIES SERVICE,22415,
EMPIRE OIL & REFINING CO. - DAVIS,22415,
EMPIRE OIL CO. - MARLAND,22415,
EMPIRE SOUTHERN GAS,22416,
EMPIRE SOUTHERN OIL CO.,22417,
EMPRESSA ENERGY LLC,22418,
"Encarnacion, John P.",1824,
ENCINO GAS CO. (PHILLIPS PET.),22419,
ENCINO PRODUCTION CO.,22419,
ENDERS ET AL,22420,
Endlich,16390,
ENERCO EXPLORATION,22421,
Energen Resources Corporation,22422,
ENERGETIC,22423,
ENERGETICS,22423,
"ENERGETICS, INC.",22423,
ENERGEX CEMENT,22424,
ENERGY,16391,
ENERGY ACQUISITION,22425,
Energy Corporation of America,22426,
Energy Corporation of America (now Greylock Energy),22426,
Energy Development Corp.,22427,
ENERGY DEVELOPMENT CORP.,22427,
ENERGY DEVELOPMENT CORP. - CAVALLA,22427,
"Energy Explorations, Inc.",22428,
"Energy Production Service, Inc.",22429,
"Energy Recovery Group, LLC",22430,
ENERGY RESERVE GROUP,22431,
ENERGY RESERVES,22431,
Energy Reserves Grou,22431,
ENERGY RESERVES GROUP,22431,
"ENERGY RESERVES GROUP, INC.",22431,
ENERGY RESOURCE GROUP,22432,
ENERGY RESOURCES,22432,
"Energy Three, Inc.",22433,
"Energypro, Inc.",22434,
"ENFIELD, ROBERT",6912,
"ENGELKE, R.H.",6913,
ENGEO OIL & GAS ET AL,22435,
ENGINEERS,16392,
"ENGLE, G.",6915,
"ENGLE, G.S.",6915,
"Engle, George S.",6915,
"ENGLE, R.B. ET AL",6918,
Engler,6919,
English Home & Auto Supply,22436,
ENGLISH PRODUCTION CO.,22437,
"English, G.",6921,
"English, George L.",6922,
"ENGLISH, J.A.",6923,
"Enhanced Energy Resources, Inc.",22438,
"ENICH, J.W.",6928,
ENLOE,16393,
enloe@battelleecology.org,6931,
ENNIS DEEP,22439,
"ENNIS, CITY OF",22440,
"ENOS, J.W.",22441,
ENRICH OIL,22442,
ENROC PETROLEUM CO. (PREV: MARATHON OIL CO.),22443,
ENROC PETROLEUM CO. (PREV: MARATHON/PLYMOUTH),22443,
"ENROC PETROLEUM CO. (PRIOR: FOSTER, L.E.)",22443,
ENRON,22444,
ENRON OIL & GAS CO.,22445,
Enron Oil and Gas Co.,22445,
ENSEARCH EXPLORATION (SUN OIL CO.),22447,
ENSERCH,22447,
ENSERCH EXPLORATION,22447,
"Enserch Exploration,",22447,
"Enserch Exploration, Inc.",22447,
"Ensight III Energy Management, LLC",22448,
Ensign Operating Company,22449,
ENSTAR,16394,
ENTERPRISES UNLIMITED INC.,22450,
ENTERPRIZE,16395,
ENTERS D,6934,
EO,15161,
EOG RESOURCES,22456,
"EOG Resources, Inc.",22456,
"EOG RESOURCES, INC.",22456,
Eoin L. Brodie,5187,
"EOR, LLC",22457,
EP OPERATING,22458,
EP Operating Co.,22458,
EP OPERATING CO.,22458,
EPCO,16396,
EPPENAUER,6939,
"EPPENAUER, A.R.",6939,
EPPERSON,22459,
"EPPERSON, U.S.",22459,
Epstein,6941,
EQUITY,22460,
"Erd, Richard C.",6943,
ERDA,17871,
ereilly@battelleecology.org,6944,
Eric Becker (ORCID 0000-0002-0594-4276),4715,
Eric Bottos,5033,
"Eric Carson, Ben Bates, Liz Ceperley",,"Eric Carson, Ben Bates, Liz Ceperley"
"Eric Carson, Jack Williams, Ben Bates",,"Eric Carson, Jack Williams, Ben Bates"
Eric Dobbs (ORCID 0009-0002-5194-7475),6557,
"Eric Edelman, U of Utah",6791,
Eric Fernandez,7105,
Eric Grimm,1833,
"Eric Grimm, Pietra Mueller",,"Eric Grimm, Pietra Mueller"
"Eric Grimm, Robert Haselwander, X. Hung",,"Eric Grimm, Robert Haselwander, X. Hung"
Eric Gullo,7883,
Eric HUMLER,8693,
Eric Novotny,11367,
Eric Nowariak,11369,
Eric Roberts,12413,
Eric Roden and Lisa Haas,,Eric Roden and Lisa Haas
Eric Schmidtke,12814,
Eric Stewart,13489,
Erica Boucher (ORCID 0000-0001-6073-9358),5036,
Erica Gunden (ORCID 0009-0001-5387-6466),7885,
Erick Bora,5012,
Erick Bora/Mitch Shirey,,Erick Bora/Mitch Shirey
Erick Burres,5375,
"Ericksen, G. E.",6947,
"Ericksen, George E.",6947,
"Erickson Midwest Oil Corp., Murphy Oil Corp., Brandon Oil Co.",22461,
"Erickson, B.",6948,
"Erickson, E.L.",6950,
"Erik Brown, Amy Myrbo",,"Erik Brown, Amy Myrbo"
"Erik Brown, Blas Valero-Garces, Joe Werne, Peter Fawcett, Magarita Caballero, Socorro Loranzo, Beatriz Ortega",,"Erik Brown, Blas Valero-Garces, Joe Werne, Peter Fawcett, Magarita Caballero, Socorro Loranzo, Beatriz Ortega"
"Erik Brown, Joe Werne, Sergio Contreras",,"Erik Brown, Joe Werne, Sergio Contreras"
"Erik Ekdahl, Jane Teranes, Chad Whittkip",,"Erik Ekdahl, Jane Teranes, Chad Whittkip"
Erik Hauri,212,
Erik Hauri & Jenn Wade,,Erik Hauri & Jenn Wade
Erik Hauri & Lily & Maarten DeMoor,,Erik Hauri & Lily & Maarten DeMoor
Erik Rodriguez (ORCID 0009-0001-4681-8196),12456,
Erik Sperling,13354,
Erika Freimuth,796,
Erika Koontz,9508,
ERIKSEN,16397,
Erin Crandall,6133,
Erin Crandall (ORCID 0000-0001-7072-0706),6133,
Erin DiMaggio,360,
Erin Donaghy,17872,
Erin Hardiman (ORCID 0000-0002-2733-943X),8086,
Erin Hotchkiss,8585,
Erin Matchan,1090,
Erin Murray,11144,
ERIN PRODUCTION CO.,22463,
"Erin Stacy, Nancy Ojeda, Tyler Kappen",,"Erin Stacy, Nancy Ojeda, Tyler Kappen"
Erin Stacy. Nancy Ojeda and Tyler Kappen,,Erin Stacy. Nancy Ojeda and Tyler Kappen
"Erin Stacy. Nancy Ojeda, Tyler Kappen",,"Erin Stacy. Nancy Ojeda, Tyler Kappen"
Erin Stacy. Nancy Ojeda. Tyler Kappen,,Erin Stacy. Nancy Ojeda. Tyler Kappen
Ernest A. Mancini,10260,
Ernest E. Angino,4310,
Ernest Jacob,8839,
ERNEST WELL SERVICE,22464,
Ernie Russel,12607,
ERVIN DRILLING CO.,22465,
ERWIN & MAYER,22466,
ERWIN & MOHRES,22466,
"ERWIN, BOB",6957,
"ERWIN, R.A.",6958,
ESCABA EXPLORATION,22467,
Escambia Oil Company,22468,
Escambia Operating C,22468,
Escambia Operating Co. LLC,22468,
ESCAROT,16399,
ESCI,16400,
"ESCO Oil and Gas, Inc.",22469,
"Esenjay Exploration,",22472,
ESENJAY PETR.,22472,
Esenjay Petroleum Co,22472,
ESLECK ET AL,22473,
"Espenshade, G.",6963,
"Espenshade, G. H.",6963,
"Esperanca, S.",6965,
ESPERSON,16401,
ESPG,16402,
esphahanian@battelleecology.org,6966,
"Esser, Richard",17873,
ESSO EXPLORATION,22474,
"Estabrook, Ray L.",6969,
"Estabrook, Ray L. et al",6969,
ESTACADO E&P,22475,
ESTELL,15162,
ESTES,16403,
ESTES ENGINEERING,22476,
ESTES ENGINEERING CO.,22476,
ESTES ENGINEERING CO. ET AL,22476,
"ESTES, GEORGE",6971,
Esther Bordet,5016,
Esther Claffy,5828,
"ESUNUS, BERNARD",6972,
Ethan Baldwin,4522,
Ethan Hyland,1316,
Ethan Parrish,858,
Ethan Theuerkauf,13772,
Ethan Whitington (ORCID 0000-0002-5328-740X),14534,
Etheridge Drlg. Co.,22477,
ETHYL,15163,
ETHYL & SUBSURFACE,22478,
ETOSHA,16404,
ETZ & ROBERTSON,22479,
"ETZ, HENRY S.",6973,
"Euan Reavie, Amy Kireta",,"Euan Reavie, Amy Kireta"
"Euan Reavie, Donn Branstrator",,"Euan Reavie, Donn Branstrator"
EUBANKS,16405,
Eugene Smith/Curtis Marean,,Eugene Smith/Curtis Marean
Eugene Szymanski,1883,
EURA B. OIL CO.,22480,
EUREKA OIL CO.,22481,
Eva Blockstein (ORCID 0000-0003-1450-8764),4933,
Eva Carlock (ORCID 0009-0000-0531-2159),5560,
Eva Enkelmann,338,
"Eva Lyon, Mike McGlue, Bailey Hodelka",,"Eva Lyon, Mike McGlue, Bailey Hodelka"
Evan Donoso (ORCID 0000-0003-3691-6662),6593,
Evan Gawanda (ORCID 0000-0001-9594-9689),7466,
Evan Horne (ORCID 0000-0001-9247-047X),8577,
Evan Lamb,9655,
Evan Mchenry (ORCID 0000-0002-1118-0428),10552,
Evan Miranda,10835,
Evan Olson (ORCID 0009-0001-5879-4865),11462,
Evan Priebe (ORCID 0000-0001-5549-5889),12033,
Evan Solomon,413,
Evan Starr,13422,
Evan Tucker (ORCID 0000-0001-7662-5726),13973,
Evan Wichman (ORCID 0009-0006-5139-9201),17763,
EVANS,15164,
EVANS-AULD,22485,
EVANS-GANT,22485,
EVANS-HILLIARD,22485,
EVANS-LOVE,22485,
EVANS-WADLEY,22485,
EVANS & GANT,22485,
EVANS & JAMES,22485,
EVANS & KEEN,22485,
EVANS & SPRINKLE,22485,
EVANS ET AL,22485,
Evans Marble Company,22483,
EVANS OIL CO.,22484,
"Evans, C.",6976,
"EVANS, COWBOY",6976,
"Evans, J.B., Jr.",14935,
"EVANS, J.O.",6977,
"Evans, John P.",6979,
"Evans, Kevin",6980,
"EVANS, M. P.",6983,
"EVANS, M. PORTER",6983,
"EVANS, M.P.",6983,
"EVANS, M.P. ET AL",6983,
"Evans, R.",6984,
"EVANS, T.M.",6986,
Evans_Leigh,6982,
EVEREST MINERAL CORP.,22487,
EVEREST MINERALS,22487,
EVERET WELL,22488,
EVERETT,16406,
EVERETT DRILLING CO.,22489,
EVERETT MINERALS,22490,
EVERETTS,15165,
EVERGREEN OIL CO.,22491,
Everley and Assoc.,22492,
EVERS ROAD WATER WELL,22493,
"EVERS, E.F.",6994,
EVERSBERG ET AL,22494,
EVERSOLE & WALSH,22495,
EVERTS,16407,
EVERTS DRILLING CO.,22496,
ewashburne@field-ops.org,6998,
ewatson-cook@battelleecology.org,6999,
EWELL ET AL,22497,
EWING OIL CO.,22498,
"EWING, G.W.",7000,
Ex-governor Haskill et al,22504,
EXCEL ENERGY,22499,
EXCHANGE,22502,
EXCHANGE AND LIVINGSTON,22500,
EXCHANGE OIL,22501,
EXCHANGE OIL - SHELL OIL CO.,22502,
EXCHANGE OIL & GAS,22502,
EXCHANGE OIL & GAS CORP.,22502,
Exchange Oil and Gas,22502,
Exchange Oil and Gas Corp.,22502,
EXETER,16409,
Exeter Oil Co.,22503,
EXPANDING ENERGY,22506,
EXPANDING ENERGY CORP.,22506,
EXPANDO,16410,
EXPLO OIL INC.,22507,
EXPLORATION,22508,
EXPLORATION & DRILLING INC.,22509,
"Exploration Alabama, Inc.",22510,
EXPLORATION CO. OF TEXAS,22511,
EXPLORATION OIL CO.,22512,
EXTENSION OIL CO.,22513,
Exxon,22514,
EXXON,22514,
Exxon #1 Smith,22515,
EXXON / MOBIL,22517,
Exxon Corp.,22516,
EXXON CORP.,22516,
Exxon Mobil,22517,
Exxon Mobil Corp.,22517,
Exxon Mobil Corporation,22517,
EXXON U.S.A,22520,
EXXON U.S.A.,22520,
EXXON/BOBBY HOLT,22519,
EYESLICK ET AL,22521,
EYNAUD Frederique,7003,
EYNAUD FrÈdÈrique,7003,
Ezekiel Stark (ORCID 0000-0002-0640-0000),13415,
EZELL,16412,
F-J OIL CO.,22634,
F-M DRILLING CO. - ARMSTRONG,22681,
F & G OIL,22522,
F Abraham and Son and Son,22523,
F C. Collins,5952,
F G,16485,
F Hardy,8090,
F Hess,8356,
F M,15166,
F W. Crosby,6165,
F&A CO.,22524,
F&M,16413,
F&P,15167,
F. Alton Wade,14222,
F. C. Deemer,6420,
"F. C. Deemer, PA",6420,
F. H. E. OIL CO.,22529,
F. Macdonald,10178,
F. Pavia,11681,
F. Stearns MacNeil,10205,
F.B. ENERGY,22525,
F.C. Deemer,6420,
"F.C. Deemer, PA",6420,
F.C. Null Drlg. Co,22527,
F.EYNAUD,7003,
F.G. BRYANT & ASSOCIATES,22528,
F.H.E. OIL CO.,22529,
F.J. Pettijohn,11814,
F.M./T.M.I.,16414,
F.M.C.,16415,
F.N.R.C.,16416,
Fabien ARNAUD,4369,
fabien.arnaud@univ-savoie.fr,4369,
FAGADAU,7009,
"FAGADAU, S.H.",7009,
FAGEN OIL,22531,
fager@battelleecology.org,7010,
FAGODOA,15169,
"Fahlquist, F. E.",7011,
FAIN-MAGAHA,22533,
FAIN-MCGAHA,22533,
FAIN-MCGAHA-PECKHAM,22533,
FAIN & MCGAHA,22533,
FAIN DRILLING CO.,22532,
FAIN MCGAHA,10531,
"FAIN, EARL JR.",7012,
FAIR,15170,
FAIR-SHELL,22537,
FAIR & DOVER,22536,
FAIR & WOODWARD,22536,
FAIR ENERGY,22534,
FAIR ET AL,22536,
FAIR OIL & MCKELAR,22536,
FAIR OIL CO.,22535,
"FAIR, R. W.",7014,
"FAIR, R.E.",7013,
"FAIR, R.E. ET AL",22536,
"FAIR, R.W.",7014,
"FAIR, R.W. & CLARK, A.D.",,"FAIR, R.W. & CLARK, A.D."
"FAIR, RALPH",7015,
"FAIR, RALPH-MCFARLIN",7015,
"FAIR, RALPH E.",7013,
"FAIR, RALPH E. & WOODWARD",,"FAIR, RALPH E. & WOODWARD"
"FAIR, RALPH E. INC.",7013,
FAIRCHILD,28823,
FAIRWAY,28824,
FAIRWAY OIL & GAS,22538,
FAIRWAY OIL & GAS CO.,22538,
Fairways,28825,
Fairways Explor. & Prod. LLC,22539,
"Fairways Exploration & Production, LLC",22539,
"Fairways Exploration and Production, LLC",22539,
FAITH,16417,
FAITH - DEEP ROCK OIL CORP.,22540,
Faith Arnett (ORCID 0000-0001-9903-2499),4372,
FAITH OIL CO.,22541,
Faith Stemmler (ORCID 0000-0001-7092-2850),13455,
FALCON,22542,
FALCON-SEABOARD,22543,
FALCON-SEABOARD-DUNWOOD,22545,
"FALCON-SEABOARD-VICK, C.W.",22545,
FALCON-SEABOARD - WALKER - NEILSON,22545,
FALCON & SEABOARD,22543,
FALCON CO.,22542,
FALCON OIL CORP.,22542,
FALCON PETROLEUM CO.,22542,
FALCON SEABOARD,22543,
"FALCON SEABOARD & ALLDAY, E.",22543,
FALCON SEABOARD & W. FELIS,22545,
Falcon Seaboard Drilling Co.,22543,
FALCON SEABOARD DRILLING CO.,22543,
FALCON SEABOARD ET AL,22545,
FALCONE-SMITH,22544,
FALEON OIL CO.,22546,
"FALKEN, DAVID",7020,
FALLIN & LEFOSS,22547,
"FALLIN, R.E.",7023,
FALLS PRODUCTION CO.,22548,
FALLS REFINING CO.,22548,
FALVEY ET AL,22549,
"FALVEY, ED ET AL",22549,
"FALVEY, ED ET AL (FIRM OIL)",22549,
FAN & MCGAHA,22550,
FANCHER,16418,
FANGET B,7026,
fanrunlong,7027,
fanrunlong@bjshrimp.cn,7027,
FANSLER,16419,
FANSLER ET AL,22551,
"FANSLER, HARRY",7028,
FAR WEST & BANTA,22552,
FAR WEST OIL CO.,22553,
FAR WEST OIL ET AL,22553,
FAREMAN & YELLOWSTONE,22554,
FARENTHOLD & PITCAIRN,22555,
fargo@battelleecology.org,7030,
"FARISS, J.R. TRUSTEE",7032,
"FARLEA, T.W.",7034,
FARLEY,16420,
"FARLEY, GEORGE E.",7035,
FARM BUREAU,22556,
FARMCO OIL CO.,22557,
FARMER CRISWELL,22558,
"FARMER, HAYDEN",22559,
FARMERS & UNION,22560,
FARMERS OIL & GAS,22561,
FARMERS OIL CO.,22561,
FARMLAND,16421,
FARNSWORTH,16422,
FARNSWORTH & CHAMBERS,22562,
FARR & HANKS,22563,
"FARR, BILL INC. (?)",7038,
"Farr, Eugene",7039,
"FARR, LLOYD",7040,
"FARREL, B.A.",7041,
Farrell,15171,
FARRELL,15171,
FARRELL DRILLING CO.,22564,
FARRELL ET AL,22565,
"FARRELL, RAY",7042,
Farrington,15172,
"FARRINGTON, T.J.",7044,
FARRIS,16423,
FARRIS-CALHOUN,22567,
FARRIS-UNGREN & FRAZIER,22567,
FARRIS & FIKES ET AL,22567,
FARRIS ET AL,22567,
FARRIS OIL CO.,22566,
"FARRIS, R B",7045,
"FARRISH, W.S.",7046,
"FASKEN, DAVID",7047,
"FASKIN, DAVID",7048,
FASTERLINGS,15173,
fastner@battelleecology.org,7049,
"FAUGHT, F.W.",7050,
FAULDS & WHITEHEAD,22568,
"Fauntleroy, W.",7057,
"Faure, Gunter",7058,
"Faust, J.",7059,
"FAUST, THOMAS ET AL",7060,
FAYETTE OIL CO.,22569,
FEARIS-TOPAZ,22570,
Fearon Colin,5942,
"FEATHERSTONE, OLEN F.",7068,
FEAZEL,16424,
FEAZEL & SKELLY,22571,
FECH OIL CO.,22572,
FEDERAL,28766,
"Federal Hill Land Co., Inc.",22574,
FEDERAL PETROLEUM INC.,22573,
FEDERAL ROYALTY,22576,
FEDERAL ROYALTY & SIMONTON,22577,
FEDERAL ROYALTY & WELCH,22577,
FEDERAL ROYALTY CO.,22573,
FEDERATED OIL CO.,22578,
Federico Galster,7419,
"Feeney, Dennis",7071,
Feinglos M.N.,7077,
"Feinglos, M",7077,
"Feinglos, Mark N.",7077,
"Feininger, T.",7078,
Felbeck_Horst; Scott_Kathleen; Hugler_Michael,,Felbeck_Horst; Scott_Kathleen; Hugler_Michael
"Felder, Robert",7083,
FELDERHOFF,16425,
FELDMAN,16426,
FELDMAN OIL & GAS,22579,
FELDMAN OIL CO.,22579,
"FELDMAN, D.D.",22579,
"FELDMAN, D.D. CO.",22579,
"FELDMAN, D.D. OIL & GAS",22579,
"FELDMAN, D.D. OIL & GAS (RIO BRAVO OIL CO.)",22579,
"FELDMAN, J.B. & ADA OIL",22580,
FELDT-ROBINSON,22581,
"FELDT, ROBINSON",22581,
Felipe Sanchez,12706,
Felipe Sanchez (ORCID 0000-0003-1571-3196),12706,
Felix Gervais,7513,
FÈlix Gervais,15776,
Felix Ishimwe,8802,
Felix Ishimwe (ishimwef@msu.edu),8802,
FELL,16427,
FELMONT,16428,
FELMONT & ALLEN,22582,
FELMONT OIL,22583,
FELMONT OIL CO.,22583,
Felmont Oil Corp.,22583,
FELMONT OIL CORP.,22583,
FELMONTOIL CORP.,22583,
"FELSENTHAL, F.E.",7086,
FELTEX-CHABTEX,22584,
FELTMONT OIL,22585,
"FELTNER, LEFEVRE & SPICE",22586,
"FELTNER, R.H.",7087,
"FELTNER, R.H. ET AL",7087,
"FELTS, S.D. & CO.",7088,
"FENDER, H.R.",7089,
Feng Sheng Hu,13039,
"FENN, BILL INC",7093,
"FENN, BILL INC.",7093,
"Fennemann, N.",7095,
"Fenner, C.",7096,
Fennerty et al,22587,
FENSLAND (FORMERLY O.F.M. OIL CO.),22588,
FENSLAND OIL CO.,22588,
"FENTRESS, W.M.",22589,
FERGUSON-BOSWORTH,22591,
FERGUSON & BOSWORTH,22590,
FERGUSON & HILL,22590,
"Ferla, J.",7101,
FERMONT,16429,
"Fernandez-Turiel, J.L.; Gimeno, D.; Saavedra, J.; Ruggieri, F.; Garcia-Valles, M.T.; Cordoba, G.",,"Fernandez-Turiel, J.L.; Gimeno, D.; Saavedra, J.; Ruggieri, F.; Garcia-Valles, M.T.; Cordoba, G."
"Fernandez-Turiel, J.L.; Perez-Torrado, F.J.; Rodriguez-Gonzalez, A.; Saavedra, J.",,"Fernandez-Turiel, J.L.; Perez-Torrado, F.J.; Rodriguez-Gonzalez, A.; Saavedra, J."
"Fernandez-Turiel, J.L.; Perez-Torrado, F.J.; Rodriguez-Gonzalez, A.; Saavedra, J.; Carracedo, J.C.",,"Fernandez-Turiel, J.L.; Perez-Torrado, F.J.; Rodriguez-Gonzalez, A.; Saavedra, J.; Carracedo, J.C."
FERRELL ET AL,22593,
Ferrier,16430,
FERRIER & TIERNEY,22594,
FERRIER AND TIERNEY,22594,
"Ferrier, W.F.",7113,
FERRIS & GOSNER,22595,
FERRISH ET AL,22596,
"Ferry, J. M.",7117,
Festus T. Aka,4122,
"Fettke, C.",7119,
"Fetzer, John",7121,
Feye Abule,4031,
FHE,22597,
FHE OIL CO.,22597,
FHE OIL CORP.,22597,
"Fiandt, Dallas",7123,
"Fiandt, Dallas; Smith, John M.",,"Fiandt, Dallas; Smith, John M."
"FIAR, R.W.",7124,
FICH,16431,
FIDELITY,16432,
FIDELITY OIL & GAS,22598,
FIDELITY OIL & REFINING,22598,
FIDELITY OIL & ROYALTY,22598,
FIELD & TOPAZ,22599,
Field Museum,22600,
Field Museum of Natural History,22600,
"FIELD, HOLLY",7127,
FIELDS,16433,
FIELDS-DEVETO,22602,
FIELDS & PAYNE,22601,
FIELDS & WATSON,22601,
FIELDS ET AL,22601,
"FIELDS, B.",7130,
"FIELDS, BERT",7130,
"FIELDS, BERT ET AL",7130,
"FIELDS, BERT JR.",7130,
"FIELDS, BURT",7130,
"FIELDS, E.A. & CO.",7131,
"FIELDS, J.W.",7132,
FIFTEEN,15174,
FIFTEEN OIL CO.,22603,
"FIKES, LEE - STALLWORTH",22604,
"FIKES, LELAND",7140,
FILMONT,15175,
FINA,16434,
FINA OIL & MINERAL CO.,22605,
Fina Oil and Chemica,22606,
Fina Oil and Chemical Co.,22606,
FINDEISS-BOWER-LAMB,22607,
FINDER,16435,
FINEIAL OIL,22608,
"FINKLE, FRANK & GEORGE",22609,
FINLEY,15176,
FINLEY-CHERRY,22611,
FINLEY-HAMILTON,22611,
FINLEY & CHERRY,22611,
FINLEY & KEYES,22611,
FINLEY CO.,22610,
FINLEY ET AL,22611,
FINLEY OIL,22610,
"Finley Resources, Inc.",22610,
Finn Snead (ORCID 0000-0003-2086-5426),17531,
Finney,15177,
FINSTON OIL CO.,22612,
Fiona,10620,
Fiona McDonald,10620,
Fiona McDonald and Robina Sharpe,,Fiona McDonald and Robina Sharpe
Fiona McRonald,10620,
Fiona McRonald / Robina Sharpe,,Fiona McRonald / Robina Sharpe
Fiona McRonald Kimberley Chia,,Fiona McRonald Kimberley Chia
"Fiona McRonald, Katie Allen",,"Fiona McRonald, Katie Allen"
"Fiona McRonald, Kim Chia",,"Fiona McRonald, Kim Chia"
"fiona McRonald, Kim Chia, Robina Sharpe",,"fiona McRonald, Kim Chia, Robina Sharpe"
"Fiona McRonald, Robina Sharpe",,"Fiona McRonald, Robina Sharpe"
"Fiona McRonald, Robina Sharpe and Kim Chia",,"Fiona McRonald, Robina Sharpe and Kim Chia"
"Fiona McRonald, Robina Sharpe, Kim Chia",,"Fiona McRonald, Robina Sharpe, Kim Chia"
"Fiona McRonald, Robina Sharpe, Kimberely Chia",,"Fiona McRonald, Robina Sharpe, Kimberely Chia"
"Fiona McRonald, Robina Sharpe, Kimberley Chia",,"Fiona McRonald, Robina Sharpe, Kimberley Chia"
Fiona Thatcher (ORCID 0000-0002-9800-6544),13763,
"FIRES, A.J.",7152,
FIREWHEEL OPERATING LLC,22613,
FIRM OIL CO.,22614,
Firnaaz Ahamed,4101,
FIRST ENERGY,22615,
First Energy Corp.,22615,
FIRST ENERGY CORP.,22615,
FIRST ENERGY OF MISSISSIPPI,22616,
FIRST FAIRWAY CORP.,22617,
FIRST MISSISSIPPI CORP.,22619,
FIRST MISSISSIPPI CORP. & TEXAS CRUDE,22620,
FIRST NATIONAL BANK,22621,
FIRST THRALL OIL CO.,22622,
FIRST UNITED,22623,
Fischer_Tobias,352,
Fischer_Tobias; Hilton_David,,Fischer_Tobias; Hilton_David
Fischer_Tobias; Hilton_David; Hauri_Erik,,Fischer_Tobias; Hilton_David; Hauri_Erik
fischerj@battelleecology.org,7158,
FISH & SPARTA,22624,
FISH PRODUCING CO.,22627,
FISH PRODUCTION,22628,
FISHER,22629,
FISHER-LOWERY,22630,
FISHER-STOKER,22630,
FISHER-WEBB,22630,
FISHER & DAVIDSON,22630,
FISHER & HYNES,22630,
FISHER & LOWRIE,22630,
FISHER & TARKINGTN,22630,
FISHER & THOMAS,22630,
FISHER WEBB INC.,22631,
"FISHER, JACK",7164,
"FISHER, JACK-WEBB, FRANK",,"FISHER, JACK-WEBB, FRANK"
"FISHER, JACK & FRANK WEBB",,"FISHER, JACK & FRANK WEBB"
"FISHER, L.M.",7166,
"Fisher, R.",7167,
"FISHER, R.L.",7168,
"FISHER, R.P.",7169,
Fisher_Andrew,7159,
Fisher_Charles,7161,
Fisher_Charles; Fisher_Charles,,Fisher_Charles; Fisher_Charles
Fisher_Charles; Hourdez_Stephane; Kim_Stacy,,Fisher_Charles; Hourdez_Stephane; Kim_Stacy
Fisher_Charles; Hsu-Kim_Helen; Childress_James,,Fisher_Charles; Hsu-Kim_Helen; Childress_James
"FISHMAN, LOUIS",7172,
"Fiske, P.",7173,
FITZGERALD,16436,
FITZJATRECK,16437,
FITZPATRICK,16438,
FITZPATRICK DRILLING CO.,22633,
"FITZSIMMONS, M.L.",7179,
fjames@battelleecology.org,7182,
FLAG & REDFERN,22635,
FLAG REDFERN,12236,
FLAHERTY & MITCHELL,22637,
FLAITZ-MITCHELL,22638,
FLAITZ & MITCHELL,22638,
FLAITZ & MITCHELL & ARKANSAS FUEL,22639,
FLAITZ & MITCHELL & CYPRUS,22639,
FLAKE ET AL,22640,
"FLAM, JACK",7184,
FLANAGAN & NICHOLSON,22641,
FLANAGAN ET AL,22642,
"FLANAGAN, FOSTER",7185,
"Flanagan, William H.",7186,
FLANNERY,16439,
FLANNERY-BRADLEY,22643,
Flannery James (ORCID 0000-0001-9742-8369),8864,
"Flare, Inc.",22644,
"FLATONIA, CITY OF",22645,
Flectcher Petr. Co.,22646,
FLEETBORN,16440,
FLEETWOOD,16441,
FLEETWOOD & KAUFMAN,22647,
"FLEGGER, D.P. ET AL",7190,
"Fleming Energies, Inc.",22648,
"Fleming, Thomas H.",7196,
"FLEMING, W.M.",7197,
FLESH & HOOTKINS,22649,
FLETCHER,16442,
FLETCHER (MOBIL),22651,
FLETCHER O & G,22650,
FLETCHER OIL & GAS,22650,
FLETCHER OIL & GAS CO.,22650,
FLETCHER OIL & GAS DRILLING,22650,
FLETCHER OIL & GAS DRILLING CO.,22650,
FLETCHER OIL & GAS ET AL,22651,
FLETCHER OIL CO.,22650,
Fletcher Pet. Co.,22652,
Fletcher Petr. Corp.,22652,
Fletcher Petroleum Corp.,22652,
"FLETCHER, B.",7198,
"FLETCHER, E.",7199,
FLINCH BAUGH & MCANEY,22653,
Flink Gustav,7896,
"Flink, Gustav",7202,
"Flint, J. M.",7203,
FLIPPIN & HANCOCK,22654,
Flo Drlg. Co.,22655,
FLOBOOTS OIL CO.,22656,
"Flohr, M.",7204,
"FLOOD, DAVID",7205,
FLORENCE,16443,
FLORENCE INVESTMENT CO.,22657,
FLORENCE OIL CO.,22658,
FLORESVILLE OIL & REFINING CO.,22659,
florez@battelleecology.org,7208,
Florias Mees,10654,
Florida Exploration,22660,
FLORIDA EXPLORATION,22660,
Florida Exploration Co.,22662,
FLORIDA GAS,22661,
Florida Gas Exploration and The Louisiana Land and Exploration Co.,22662,
Florida Gas Exploration Co.,22662,
FLORIDA GAS EXPLORATION CO.,22662,
Florida Oil and Gas,22664,
Florida State University,22665,
FLORIDA TEXAS OIL,22667,
"Florida, Alabama Lan",22668,
FLOUR BLUFF & OLSON,22669,
FLOURNEY & HUGHES,22670,
FLOURNEY DRILLING CO.,22671,
FLOURNOY PRODUCTION & ROYALTY OIL & GAS,22672,
Flow Production Co.,22674,
"Flowers, Paul R. & Johnston, Furnie W.",,"Flowers, Paul R. & Johnston, Furnie W."
FLOWING,16445,
FLOYD,16446,
FLOYD OIL CO.,22675,
"FLUDE, JOHN",7214,
"FLY, PAUL",7216,
"FLY, PAUL J.",7216,
"FLYING ""L"" RANCH",22676,
FLYING ACES OIL CORP.,22677,
FLYING DIAMOND,22678,
FLYMER OIL CO.,22679,
FLYNN,16447,
FLYNN BROTHERS,22680,
"Flynn, N.",7218,
"FLYNN, O.P.",7219,
"FLYNN, P.L.",7220,
"FLYNN, PAT",7221,
"Flynn, Shields",7222,
FMP OPERATING CO.,22682,
"Fmp Operating Co., L",22682,
"Fmp Operating Co., Ltd. Ptn.",22682,
FOB,16448,
"Foden, J. D.",7223,
FOGELSON,16449,
FOGELSON & INGELRIGHT,22683,
FOGELSON ET AL,22683,
"FOGELSON, E.",7224,
"FOGELSON, E.E.",7224,
"FOGELSON, E.E. - COSDEN PETROLEUM CORP.",7224,
FOGERSON,15179,
FOHR & UNION PACIFIC,22685,
FOHS - BLUMENTHAL,22688,
FOHS & HARRIGAN,22688,
FOHS DRILLER GROUP,22686,
FOHS OIL CO.,22687,
"FOHS, F.J.",7225,
FOLBRE & EVANS,22689,
"Foley, L.",7226,
FOLSOM,16450,
"FOLWELL, ABERCROMBIE & BENNETT",22690,
"FOLWELL, CHAS",7228,
FONDREN PRODUCTION CO.,22691,
fontanals-cuebas@battelleecology.org,7230,
Foote,15180,
"Foote, A.",7231,
For Ed Chao,5721,
FORBES,16451,
FORBES ET AL,22692,
"Forbes, J. C.",7235,
"Forbes, P. L.",7236,
Forcenergy Inc,22693,
FORCHALL CORP.,22694,
FORD ET AL,22695,
FORD GRACE,23091,
"Ford, Arthur B.",7237,
"FORD, CHAPMAN, & ASSOC.",22695,
"FORD, E. - ARNOLD DRILLING CO.",22695,
"FORD, GRACE",7238,
"FORD, GRACE CO.",7238,
FORDS & CROWN CENTRAL,22696,
FORE ET AL,22697,
FOREE,16452,
FOREE & GUFFEY,22698,
"FOREE, R.L.",7239,
"FOREE, THOMAS",7240,
"FOREM YELLOWSTONE & COX, E.L.",22699,
FOREMAN & CENTRAL & HAMON,22700,
FOREMAN & YELLOWSTONE & COX,22700,
foreman@battelleecology.org,7241,
FOREST,16453,
FOREST & APACHE,22705,
FOREST & KING,22705,
FOREST DEVELOPMENT CO.,22701,
FOREST DEVELOPMENT CO. - KING DRILLING,22702,
FOREST DEVELOPMENT CO. - OIL STATES,22702,
FOREST DEVELOPMENT CORP.,22701,
FOREST OIL CO.,22703,
FOREST OIL CO. & LONE STAR PRODUCING,22704,
Forest Oil Corp.,22703,
FOREST OIL CORP.,22703,
FOREST OIL CORP. - CITIES SERVICE OIL CO.,22704,
FOREST OIL CORP. - HAWN,22704,
FOREST OIL CORP. - HOUSTON OIL,22704,
FOREST OIL CORP. - KIRKWOOD,22704,
FOREST OIL CORP. - MIRACLE,22704,
FOREST OIL CORP. - PAN AMERCAN PETROLEUM,22704,
FOREST OIL CORP. - R.S. BRENNAND,22704,
"FOREST, ET AL.",22705,
FORESTER,16454,
FORESTER-CARR,22706,
"FORESTER, L.W.",7245,
"FORETICK, EDDIE",7246,
"FORHNHOEFER, FRANK",7248,
FORMAN & FERGUSON,22707,
Fornari,7249,
"Fornari, D.",7249,
Fornari:Haymon:Perfit,28767,
Fornari:Jannasch,,Fornari:Jannasch
Fornari_Daniel; Perfit_Michael,,Fornari_Daniel; Perfit_Michael
FORNEY-WINN & TEAGLE,22708,
FORNEY & WORREL (?),22708,
FORNEY & WYNN,22708,
"FORNEY, BILL",7250,
"FORNEY, BILL  (MARALO INC.)",7250,
"FORNEY, BILL (D&G GAS & OIL)",7250,
"FORNEY, BILL INC",7250,
"FORNEY, BILL INC.",7250,
"FORNEY, INC, BILL",7250,
"FORNEY,BILL INC",7250,
FOROY PETROLEUM CORP.,22709,
"Forquites, C.",7251,
FORREST,15181,
Forrest Horton,17874,
FORREST OIL CORP.,22710,
FORRESTER,16455,
FORRESTER ET AL,22711,
"FORRESTER, S.W.",7252,
FORRESTON,16456,
FORSMAN ET AL,22714,
FORSTER,16457,
FORSTER DRILLING ET AL,22715,
FORSYTH OIL CORP.,22716,
Forsyth_Donald,7253,
"Forsythe, Randall",7255,
"Fort Apache Energy, Inc.",22717,
FORT BEND,22718,
FORT BEND OIL CO.,22719,
FORT BEND TEXAS,22720,
FORT STOCKTON OIL SYNDICATE,22722,
Fortenberry Drilling,22723,
"FORTENBERRY, W.O.",7256,
FORTEX,16458,
FORTEX OIL CO.,22724,
Fortin_Danielle,7257,
"Fortner III, Everett H.",7259,
FORTSON & POLK,22725,
FORTSON OIL CO.,22726,
FORTSON OIL CO. (STEINBERGER DRILLING),22726,
FORTUNE,16459,
FORTUNE DRILLING,22727,
FORTUNE DRILLING CO.,22727,
FORTY-FOUR OIL & GAS,22728,
FORWARD - SHACKELFORD REEDER,22729,
FORWARD OIL & GAS,22730,
FORWARD OIL & GAS CO.,22730,
Fosdick,15841,
"Foshag, W. F.",7260,
"Foshee Operating, LLC",22731,
"FOSS, B.W.",7261,
FOSTER,16460,
FOSTER & JEFFERIES,22735,
FOSTER & ZEPHYR,22735,
Foster and Dunnigan,22735,
"Foster and Foster (L. G. Adams, et al)",22735,
FOSTER BROTHERS,22732,
FOSTER DRILLING CO.,22733,
FOSTER ET AL,22735,
FOSTER LUMBER CO.,22733,
FOSTER MINERALS,22734,
FOSTER PETROLEUM CO.,22733,
"FOSTER, C.J  OIL CO. ET AL",22736,
"FOSTER, C.J. DRILLING CO. INC.",22736,
"FOSTER, FRED B. & CO.",7264,
"FOSTER, G.J.",7265,
"FOSTER, J.C.",7266,
"FOSTER, J.F.",7267,
"FOSTER, JAMES T.",7268,
"FOSTER, TOBE",7269,
"FOSTER, TOBE (FORMERLY LANDRETH)",7269,
"Foster, W.",7270,
FOSTERIA,16461,
FOUINAT L,7272,
FOUINAT Laurent,7272,
Found In The Collection,22737,
Fountain Valley School,22738,
"Four Star Oil and Gas Company, Inc.",22739,
Four States Drilling Co.,22740,
FOUR WAY OIL CO.,22741,
Fourcade,7274,
"Fourcade, N.",7274,
FOWLER,22742,
FOWLER OIL CO.,22742,
FOX,16462,
FOX-RANDELL,22744,
FOX-RANSDELL,22744,
FOX-WITHERSPOON,22745,
FOX-WITHERSPOON DRILLING CO.,22745,
FOX - WITHERSPOON,22745,
FOX & RANSDELL,22744,
FOX OIL CO.,22743,
FOX RANDELL,12154,
"Fox, Alfred",7281,
"FOX, C.R.",7282,
"FOX, J.O. ET AL",7285,
"FOX, PERRY",7288,
"FOX, W.E.",7289,
Fox_Christopher,7283,
Foxhall,16463,
Foy English,6920,
FRABOR-HODGES OIL & GAS,22746,
FRABOR & HODGES-SINCLAIR,22746,
"FRAISER, C.E.",7291,
Frakes,16464,
FRAMPTON,16465,
FRANCATIS GAS CO.,22747,
"Frances Malamud-Roam, Lynn Ingram",,"Frances Malamud-Roam, Lynn Ingram"
"FRANCES, K.H.",7294,
Francesco Giuntoli,780,
FRANCIS & BRUNSON,22748,
FRANCIS & BYRNE,22748,
Francis C.A.,5,
Francis Dudas,6675,
FRANCIS ET AL,22748,
Francis Macdonald,10178,
Francis McDonald,10517,
Francis Monastero,10911,
Francis Sousa,1307,
"Francis, C.",5,
"Francis, Carl A.",5,
"FRANCIS, I. Y.",7298,
FRANCITAS GAS (LAVACA PRODUCTION),22749,
FRANCO WESTERN,22750,
Francois Guillemette,7878,
francos@battelleecology.org,7300,
FRANK & GEORGE,22751,
Frank A. Turner,13991,
Frank B. Clark,5843,
Frank Bouchard,5035,
Frank Byers,5430,
Frank C. Calkins and Dr. Thomas P. Thayer,,Frank C. Calkins and Dr. Thomas P. Thayer
Frank C. Whitmore,14537,
Frank Nitsche,309,
"Frank Schaebitz, Asfa Asarat, Andy Cohen, Henry Lamb, Martin Trauth",,"Frank Schaebitz, Asfa Asarat, Andy Cohen, Henry Lamb, Martin Trauth"
Frank Schroyer,12860,
FRANK TURNER,13991,
"Frank, T.",743,
FRANKEL,16467,
FRANKEL & FRANKEL,22753,
FRANKEL & GRAND,22753,
FRANKEL BROTHERS,22752,
FRANKEL BROTHERS - SHELL,22753,
FRANKEL ET AL,22753,
"FRANKEL, FRANK",7302,
"FRANKEL, GEORGE",7303,
"FRANKEL, J.R.",7304,
FRANKFORT,15182,
FRANKFORT & SHELL OIL CO.,22755,
FRANKFORT OIL,22754,
FRANKFORT OIL CO.,22755,
"FRANKIE, A.W.",7305,
FRANKLEY & RICE,22756,
FRANKLIN,16468,
FRANKLIN & ASSOC.,22757,
FRANKLIN & TIDEMAN,22757,
FRANKLIN ET AL,22757,
FRANKLIN OIL & GAS,22757,
FRANKLIN SON,22758,
"FRANKLIN, BEN",7306,
"FRANKLIN, C. R.",7307,
"Franklin, Joe C. and",7308,
"Franklin, L.",7309,
"FRANKLIN, LOUIS",7309,
"FRANKLIN, LOUIS & SON",7309,
FRANKO WESTERN,22760,
FRANKS,16469,
FRANKS & MCCORD,22761,
FRANKWOOD,16470,
FRANKWOOD & DILLARD,22762,
FRANSLER HARRY ET AL,7310,
"FRANZ, KENNETH A.",7312,
"Frasche, D.",7314,
FRASER,16471,
"FRASER, CHARLES E.",7315,
"FRASER, H.H.",7316,
"FRASHER, F.M.",7319,
FRASIER,15183,
FRATES,16472,
FRAZELL,15184,
FRAZIER,15185,
FRAZIER-COCKBURN-HARGRAVES,22763,
FRAZIER-JONES-STASNEY,22763,
FRAZIER-MOSS,22763,
FRAZIER & BUNTE,22763,
FRAZIER & COCKBURN,22763,
FRAZIER & DECKER,22763,
FRAZIER & GREER,22763,
FRAZIER & LOHAN,22763,
FRAZIER & MARTIN,22763,
FRAZIER & REITER,22763,
FRAZIER ET AL,22763,
"FRAZIER, C.E.",7322,
"FRAZIER, HARRY-FRANSIES",22763,
"FRAZIER, J. EST.",7323,
"FRAZIER, JACK",7323,
"FRAZIER, JACK - SINCLAIR",22763,
"FRAZIER, JACK  W.",7324,
"FRAZIER, JACK ET AL",22763,
"FRAZIER, JACK OIL CO.",22764,
"FRAZIER, JACK W.",7324,
"FRAZIER, JACK W. OIL CO.",22764,
"FRAZIER, M. ET AL",22763,
Fred Duennebier,6678,
Fred Fowler,7278,
Frederic P. Dewey,6485,
Frederick Morck,10976,
Frederick W. Taylor,13710,
"FREDERICKSBURG, CITY OF",22765,
FrÈdÈrique EYNAUD,7003,
FREDRICK - ELECTRIC,22766,
"FREDRICKSBURG, CITY OF",22765,
"Fredriksson, K.",7328,
"Freebird Gas Storage, LLC",22767,
FREEDMAN-STRAKE,22768,
Freedman H.H.,7329,
"FREEDMAN, L.H.",7331,
"FREEDMAN, MORTIE & MORRIS JAFFE TRUST",22768,
"FREEDMAN, MORTY",7332,
Freedom Oil Co.,22769,
"FREEL, J.F.",7334,
FREEMAN & MILLER,22771,
FREEMAN & PEIRNEY,22771,
FREEMAN & SELIGMAN,22771,
FREEMAN BROTHERS,22770,
FREEMAN ET AL,22771,
"FREEMAN, EARL",7335,
"FREEMAN, MARTY",7337,
"FREEMAN, W.D. OIL CO.",22772,
FREEMEN & SMITH,22773,
FREEPORT,22774,
"FREEPORT-SULPHUR-MCCOM, J. M.",22777,
FREEPORT OIL CO.,22774,
FREEPORT SULPHUR,22775,
FREEPORT SULPHUR & SUN,22776,
FREEPORT SULPHUR CO.,22776,
FREEPORT SULPHUR ET AL,22776,
"FREESE AND NICHOLS, INC.",22778,
"Freeze, A. C.",7338,
FRENCH OIL CO.,22779,
"French, B. M.",7342,
"FRENCH, JR., C.R.",14936,
"FRENCH, L. R.-BLAIR, J. N.",,"FRENCH, L. R.-BLAIR, J. N."
"FRENCH, L.R .- BLAIR, JACK N.",,"FRENCH, L.R .- BLAIR, JACK N."
"FRENCH, L.R.",7343,
"FRENCH, L.R. - BLAIR, JACK N.",,"FRENCH, L.R. - BLAIR, JACK N."
"FRENCH, L.R. & BLAIR, J.M.",,"FRENCH, L.R. & BLAIR, J.M."
"FRENCH, L.R. JR.",7343,
"FRENCH, W.G.",7344,
"FRENCH, WILLIAM G.",7344,
FRESNO,16475,
FRESNO OIL,22781,
FRESNO OIL CO.,22781,
"Frey, F. A.",7348,
"Friedman, J.",7352,
friedn@battelleecology.org,7353,
"Fries, C.",7355,
FRIO-TEX OIL & GAS,22789,
FRIO DRILLING SPARTAN-BRIDWELL,22785,
Frio Exploration L.L.C.,22786,
FRIO OIL CO.,22787,
FRIO RIVER,22788,
"Frisch, Robin S.",7357,
FRITZ-FUCH,22792,
FRITZ OPERATING CO.,22790,
"FRITZ, HENRY",22791,
"Fritz, Joseph F. Operating Co.",22790,
"FRITZHEROLD, N.D.",7360,
"FRIZZELL, JACK Q.",7361,
FROHNHOEFER,16476,
Frondel Study Material,22793,
Frondel Study Suite,22794,
"FRONTIER DRILLING CO. & HOLT, R.",22796,
FRONTIER FUEL,22795,
FRONTIER OIL CO.,22795,
FRONTIER REFINERY,22795,
frosenbower@battelleecology.org,7363,
Frosenbower@battelleecology.org,7363,
frosenbower@field-ops.org,7363,
Frosenbower@field-ops.org,7363,
FROSSARD V,7364,
FROST,16477,
FROST & BLANCH,22798,
FROST & DUNHAM,22798,
FROST OIL CO.,22797,
"FROST, B.",7365,
"FROST, C.M & V.W.",,"FROST, C.M & V.W."
"FROST, C.M. & V.W.",,"FROST, C.M. & V.W."
"FROST, J., HOWARD, & ED",,"FROST, J., HOWARD, & ED"
"FROST, J.M",7368,
"FROST, JACK",7369,
"FRYAR, G.E.",7371,
FRYER & HANSON-KNICKERBOCKER,22799,
FRYER HANSON DRILLING,22799,
Fryer_Patricia,7373,
fschroyer@battelleecology.org,7374,
FT OIL CO.,22800,
FT. BEND OIL-SMITH & JUDD,22801,
FT. BEND OIL CO.,22801,
FT. WORTH OIL DEVELOPING CO.,22802,
FUCHS,16478,
FUCHS & FALLIN,22805,
FUCHS & RIPLEY,22805,
FUCHS OIL CO.,22804,
"FUCHS, FRITZ",7375,
"Fudali, R. F.",7378,
FUESCHER,15186,
FUG0-MCCELLAND INC(BRA),22806,
FUGO-MCCELLAND INC(BRA),22806,
FUGO-MCCELLAND INC. (BRA),22806,
FUGO-MCCELLAND INC.(BRA),22806,
"FUGRO CONSULTANTS, INC.",22807,
FUGRO/HOLT ENGINEERING,22808,
FUHRMAN PETROLEUM CORP.,22809,
FULL WOOD ET AL,22811,
FULLER,16479,
FULLER BROTHERS,22812,
"Fuller, A. C.",7382,
"FULLER, W.M. & A.D.",22813,
"FULLER, W.M. & A.P.",22814,
FULLERTON,16480,
FULLERTON & RYAN,22816,
FULLERTON OIL & RYAN CONSOL.,22816,
FULLERTON OIL CO.,22815,
FULLICK ET AL,22817,
FULLWOOD,16481,
FULTON,16482,
FULTON & BACKER & TAYLOR,22818,
FULTON AMARILLO OIL,22819,
"FULTON, R. H.",7384,
"FULTON, R.H.",7384,
"FULTON, R.H. & CO.",7384,
"FULTON, R.H. & CO. -  BAKER & TAYLOR",7384,
"FULTON, R.H. & CO. (J.M.HUBER CORP.)",7384,
"FULTON, RH. CO.",7384,
"FULTON, RICHARD H. & CO.",7384,
Fulvio Boano,4949,
FULWILER,15187,
FULWILER & HUGHES,22820,
FUNDAMENTAL OIL CORP.,22821,
"Funk, V.",7386,
FURHMAN,15188,
FURMONT & COTTON BROS.,22822,
furnessa@battelleecology.org,7388,
FURR,16483,
"FURR, ROY",7389,
"FURR, ROY CO.",7389,
Furrh-Guardian Oil C,22823,
"Furrh, James B. and",7390,
"Furrh, James B., Jr.",7390,
"FUSTER, A.R. ET AL",7392,
"Futrex Petroleum, In",22824,
"FutureGen Industrial Alliance, Inc.",22825,
"FutureGen Industrial Alliance, Inc., Battelle; FGA No. 1, Hou-111568",22825,
Fuwu Ji / Hu Wang,,Fuwu Ji / Hu Wang
"FWA Drilling Co., Inc.",22826,
FWA PRODUCTION CO.,22826,
FWF,16484,
G & J,22827,
"G and D Energy, Inc.",22828,
G C. Sprunk,13378,
G C. Sprunk and H J. O'Donnell,,G C. Sprunk and H J. O'Donnell
G J. Flynn Jr.,7217,
G&W DRILLING,22829,
"G, V. A.",16486,
G. Berger,4801,
G. Bottley Co.,5031,
G. BUTLER (PERSIAN GULF),5400,
G. Crowe,6184,
G. G. Simpson,13123,
G. H.,16487,
G. Haxel,8198,
G. J. Greer - Joe Modisette,,G. J. Greer - Joe Modisette
G. Jacoby/N. Davi,,G. Jacoby/N. Davi
G. Kereszturi,9315,
G. Lynn Wingard,14665,
G. Miller,10776,
G. P. Merrill,10704,
G. S. I.,15189,
G. Shor,13074,
G. Webster,14398,
G. Weir,14424,
G.A.S.,15190,
G.C.L.,15191,
G.D. Harris,8119,
"G.D. Harris, R.H. Flowers, K.V.W. Palmer",,"G.D. Harris, R.H. Flowers, K.V.W. Palmer"
G.E. & L. CO.,22830,
G.F.G.,15192,
G.H.B. & HUNT,22831,
G.H.H.,16488,
G.J. Soto,13321,
G.P. KOLINES,9500,
G.R. BROWN,5232,
G.R. Heath,8243,
G.R.C.,15193,
G.S. & C. OIL CO.,22832,
G.S. & S,22833,
G.S.C.,15194,
G.W. Jones & Sons,9094,
Gabbi Bono (ORCID 0009-0008-2811-4380),5002,
Gabby Pirinelli (ORCID 0009-0002-7486-8104),11894,
Gabriel Baez (ORCID 0000-0002-9353-2801),4479,
Gabriel Cardona (ORCID 0000-0002-2112-9159),5552,
Gabriel Leggieri (ORCID 0000-0002-5247-174X),9811,
Gabriel Santos,12733,
Gabriel Tavarez,13702,
Gabriela Pirinelli (ORCID 0009-0002-7486-8104),11894,
Gabrielle Myers (ORCID 0000-0003-4092-4649),11160,
Gaby Davila Ordonez UIUC,11491,
Gaby Gutierrez,7903,
GADDY & RICHARDS,22834,
Gaelin McLeod (ORCID 0000-0002-4028-6977),10588,
GaÈtan Milesi,1342,
"Gaetani, Glenn",17875,
GAGE & KOPEL,22835,
Gage R.B.,7396,
"Gage, R.B.",7396,
"Gail Ashley, Andrea Shilling",,"Gail Ashley, Andrea Shilling"
"Gail Ashley, Cat Beck",,"Gail Ashley, Cat Beck"
Gaines R.V.,7400,
"GAINES, F.C. JR.",7399,
"Gaines, R.V.",7400,
"GAINES, ROY E. ET AL",7401,
"Gair, H.S.",7402,
GALAXY,15195,
"Galaxy Energies, Inc.",22837,
GALAXY OIL,22838,
Galaxy Oil Co.,22838,
GALAXY OIL CO.,22838,
"GALBRAITH, FRED ET AL",22839,
GALE OIL CO.,22840,
"Gale, H.",7406,
Galen Halverson,1747,
GALLACO,16491,
GALLACO & ROCKPORT,22841,
GALLAGHER,16492,
"GALLAGHER, JR., G.R.",7408,
"GALLAGHER, N.D. & LAWSON, L.G.",,"GALLAGHER, N.D. & LAWSON, L.G."
"GALLAGHER, V.R.",7410,
GALLOWAY,15196,
GALLOWAY ET AL,22842,
"GALLOWAY, J.O.",7416,
GALO ENERGY CORP.,22843,
Galore Creek Mining,22844,
GALT-BROWN,22845,
GALT-BROWN-COSDEN,22845,
"GALT, FREEMAN P.",7420,
GALVAN OIL CO.,22846,
GALVESTON,16493,
GAMMA RESOURCES,22847,
"Gammill-Vernon Oil Properties, Inc.",22849,
"Gammill, Dave and Ma",7423,
"Gammill, Dave; Tidew",7423,
GANDY,16494,
GANDY & ERWIN,22850,
"Ganis, G.",7429,
GANNON,16495,
GANNON & CUNNINGHAM,22851,
GANT,16496,
GANT-MEDDERS,22852,
GANT-TEAS-WIGGINS,22852,
GANT & EPLEY,22852,
GANT & FEAGIN,22852,
GANT & GARVIN,22852,
GANT & LOVE,22852,
GANT & TEAS,22852,
GANT WALTER,14289,
"GANT, WALTER H.",7430,
"GANTER, R.K. & ASSOC.",22853,
GAR-TEX OIL CO.,22867,
GAR OIL CO.,22854,
Garbari,16497,
Garber,16498,
Gardebrecht_Antje,7437,
GARDEN & LOWE,22855,
GARDNER,15197,
GARDNER & CYPRUS OIL,22856,
GARDNER BROTHERS,22857,
"Gardner, J.",7439,
"GARDNER, J.H.",7440,
"GARDNER, J.H. ET AL",7440,
"GARDNER, RAY",7441,
"GARDNER, RAY H.",7441,
"GARDNER, ROY",7442,
"GARDNER, ROY R.",7442,
Garett Downing (ORCID 0000-0002-4282-2761),6632,
GARFIELD OIL CO.,22858,
GARLAND,16499,
GARLAND-ANTHONY,22861,
GARLAND & MOTT,22859,
Garland Dever,6479,
Garland Dever Legacy Collection,22860,
"GARLAND, W.L.",7443,
GARLITZ,16500,
GARLITZ & HARDEE,22862,
GARLITZ & KING,22862,
"GARNER, E.",7444,
"GARNER, EUGENE",7444,
GARNETT & SULLIVAN,22863,
"GARNETT, R.S.",7445,
GARONZIK,15198,
GARRET ET AL,22864,
GARRETT,16501,
GARRETT-MOORE & HALBERT,22864,
GARRETT & WYNNE & BLACK,22864,
GARRETT OIL CO.,22865,
Garrett Williams (ORCID 0000-0002-1500-0957),14599,
"GARRETT, CLARENCE",7447,
"GARRETT, H. OIL CO.",22865,
"GARRETT, I. P. ET AL",22864,
"GARRETT, PAUL",7448,
"GARRETT, T.A.",7449,
"GARRETT, W. & MOORE, N.",,"GARRETT, W. & MOORE, N."
GARRIDGE CORP.,22866,
Garry Baglin,4482,
"Garry Baglin, Katie Perin, AB?",,"Garry Baglin, Katie Perin, AB?"
GARVEY & CHRISTI,22868,
"GARVEY, O.C.",7456,
"GARVEY, O.C. ET AL",7456,
GARVIN OIL CO.,22869,
GARY & NORBERRY,22870,
Gary Arce,4339,
Gary Byerly,5426,
GARY ENERGY CORP.,22871,
Gary Henson (ORCID 0000-0003-1377-960X),8327,
GARY MESKO/ DR. CORNELIA CLASS,,GARY MESKO/ DR. CORNELIA CLASS
Gary Stinchcomb/Susan L. Brantley,,Gary Stinchcomb/Susan L. Brantley
GARY WILLIAMS,14600,
"GARY, SAM CO.",7457,
GAS RESEARCH INSTITUTE,22872,
GAS RIDGE SYNDICATE,22873,
GASKILL OIL CO.,22874,
GASOLINE PRODUCTION CO. ET AL,22876,
GASOLINE PRODUCTION CORP.,22875,
GASOLINE PRODUCTION CORP. & H.B. ZACHRY,22876,
GASOLINE PRODUCTION CORP. ET AL,22876,
GATES,16502,
GATES OIL CO.,22877,
"GATES, C.E.",7459,
"GATES, F.T.",7460,
GATLIN,16503,
GATO OIL,22878,
"GATOWESKIE, ACE",7461,
"GATRELL, CHAS. JR.",7462,
"Gattuso, Alessandro",7463,
GAUBERT & MCKEE,22879,
GAULT-BROWN,22880,
"Gauthier, Gilbert",7464,
GAUZE,16504,
Gavin Dunbar,6695,
Gavin Kenny,9309,
Gayle Daane (ORCID 0000-0003-0094-1129),6242,
GAYLORD CONTAINER,22881,
gcain@battelleecology.org,7469,
"Gealy, William",7471,
"Gearhart, G.",7472,
"GEE, W.H.",7476,
geer@battelleecology.org,7478,
GEHLE,16505,
GEHLE ET AL,7479,
Gehrels,137,
GEIER & JACKSON,22883,
GEIER BROTHERS - JACKSON,22885,
GEIR BROTHERS,22884,
GEIR BROTHERS & JACKSON,22885,
GEIR BROTHERS ET AL,22885,
GEISELMAN & CORLEY,22886,
"GEISELMAN, GROVER",22886,
"GELDER, E. L.",7488,
geli-cruz@battelleecology.org,7490,
GEM,28826,
GEM ET AL,22888,
GEM OIL,22887,
GEM OIL CO.,22887,
GEM OIL CO. - SCHWAB,22887,
GEM OIL CO. ET AL,22888,
Gen. Sci. Ser.,22890,
"GENAMER, KATZ",7491,
Gene Pavia,11682,
Gene Yogodzinski,177,
GENERAL,28827,
GENERAL-AMERICAN,22903,
GENERAL AMERICAN,22891,
GENERAL AMERICAN OIL,22892,
GENERAL AMERICAN OIL CO.,22892,
GENERAL AMERICAN OIL CO. (FORMERLY OSAGE DRILLING CO.),22892,
GENERAL AMERICAN OIL CO. OF TEXAS,22893,
"General American Oil Co. Of Texas, Durbin Bond et al",22894,
GENERAL AMERICAN OIL CO. OF TX,22893,
GENERAL AMERICAN OIL OF TEXAS,22893,
"General Atlantic Resources, Inc.",22895,
GENERAL CRUDE,22897,
GENERAL CRUDE - SHELL,22900,
GENERAL CRUDE & OTHERS,22900,
GENERAL CRUDE OIL,22898,
General Crude Oil and Marr Co.,22900,
GENERAL CRUDE OIL C.O,22898,
General Crude Oil Co.,22898,
GENERAL CRUDE OIL CO.,22898,
GENERAL CRUDE OIL CO. - BANKLINE,22899,
GENERAL CRUDE OIL CO. (& PERCY JONES),22899,
GENERAL CRUDE OIL CO. (D.O.E.),22899,
GENERAL CRUDE OIL CO. ET AL,22899,
GENERAL INDUSTRY,22901,
GENERAL OIL CO.,22896,
GENERAL PRODUCTION CO.,22896,
GENERAL WELL SERVICE,22902,
Genth Collection,22906,
"Gentili, M.",7493,
"Gentili, M. E.",7493,
GEO-PACE ET AL,22943,
GEOCHEM,22908,
GEOCHEM. SURVEY DRILLING & EXPLORATION,22909,
GEOCHEMICAL,22908,
GEOCHEMICAL SERVEYS,22910,
GEOCHEMICAL SURVEY-DRILLING & EXPLORATION-S.H. DAVIS,22909,
GEOCHEMICAL SURVEY & SYDNEY DAVIS,22909,
Geochemical Surveys,22910,
GEOCHEMICAL SURVEYS,22910,
Geoff Schwaner,12883,
Geoff Seltzer,12943,
"Geoff Seltzer, Paul Baker",,"Geoff Seltzer, Paul Baker"
Geoffrey Schwaner (ORCID 0000-0002-6187-2510),12883,
Geoffrey Thompson,13810,
GEOFOCUS,22915,
GEOLOGIC EXPLORATION,22917,
Geologic/Mathes Drilling,22919,
Geological Museum,22922,
GEOLOGICAL RESEARCH CENTER,22923,
Geological Survey of Alabama,22925,
Geological Survey Of Canada,22927,
Geological Survey of Western Australia,22932,
GeoMet Inc.,22939,
"GeoMet Operating Co., Inc.",22939,
"GeoMet, Inc.",22939,
Geometer Production Corp.,22940,
GEOPHYSICAL SERVICES CO.,22945,
George's River Granite Company,22951,
GEORGE-EICKELBERG,22950,
GEORGE & GREER,22949,
GEORGE & WRATHER,22949,
George A. Doumani,6625,
GEORGE BROWN,5233,
George Case,5623,
George E. Ericksen,6947,
George G.,7500,
GEORGE GREER,7789,
George Grindley,7827,
George Kukla,9593,
GEORGE MITCHELL & ASSOC'S.,22948,
George O. Baird,4498,
George O. Smith,13225,
George O. Whitman Cross and Samuel F. Emmons,,George O. Whitman Cross and Samuel F. Emmons
"George Smith, James Bischoff, Kirsten Menking",,"George Smith, James Bischoff, Kirsten Menking"
George Switzer,13645,
GEORGE WATFORD,14356,
"GEORGE, J.N.",7501,
GEORGETOWN CITY,22952,
Georgia Houde (ORCID 0000-0002-3977-7197),8590,
Georgina Lukoczki,10109,
GEOTECH,22960,
GEOTECH/S.W.L.,22961,
GEOTEST,22962,
GEOTEST/S.W.L.,22963,
Gerado Soto,13322,
Gerald F. Webers,14396,
GERALD OIL CO.,22966,
Gerardo (ORCID 0000-0001-7491-1163),16509,
Gerardo Morales (ORCID 0000-0001-7491-1163),10971,
"Gerdes, M.",7506,
GERIG,16510,
Germanovich_Leonid; Holden_James; Kelley_Deborah,,Germanovich_Leonid; Holden_James; Kelley_Deborah
GERMANY,28881,
GERMANY-HARDY,22969,
GERMANY & PRICE,22969,
GERMANY ET AL,22969,
Germany Oil Co.,22968,
GERMANY OIL CO.,22968,
"GERMANY, E.B. & SONS",22970,
"GERMANY, GENE",7509,
"GERMANY, J. A. ET AL",7510,
"GERMANY, J.A.",7510,
gerrish@battelleecology.org,7511,
gerry@battelleecology.org,7512,
GETTY,22972,
GETTY-MISSOURI-OHIO,22975,
GETTY & TWA,22975,
GETTY ET AL,22975,
GETTY OIL,22973,
GETTY OIL (TEXACO),22974,
GETTY OIL CO (KAISER OIL),22974,
Getty Oil Co.,22973,
GETTY OIL CO.,22973,
GETTY OIL CO. (?),22973,
GETTY OIL CO. (PAN AMERICAN PETROLEUM CORP.),22974,
GETTY OIL CO. (TEXACO),22974,
GETTY OIL CO. (TIDEWATER OIL CO.),22974,
Getty Oil Co. and Sun Oil Co.,22974,
"Getty Oil Co., Pruet and Hughes Co.-Pelto Oil Co. et al",22974,
"GETTY, GEORGE F.",7514,
GEYER & FRATES,22976,
gfaria@neoninc.org,7519,
gfoley@field-ops.org,7520,
GGG,16511,
ghenson@battelleecology.org,7522,
"Ghent, E.",7523,
GHOLSON,16512,
GHOLSON & DEETER,22979,
Giada Bufarale; Mick Oleary; Chris Eldars,,Giada Bufarale; Mick Oleary; Chris Eldars
Gianluca Sottili,13323,
GIANT OIL CO.,22980,
GIBBONS ET AL,22981,
GIBBS-MAYO-HOHNSON,22983,
GIBBS DRILLING,22982,
"Gibraltar Energy Co., Inc. & Richard H. Mason",,"Gibraltar Energy Co., Inc. & Richard H. Mason"
"Gibraltar Energy Co., Inc. and Richard H. Mason",,"Gibraltar Energy Co., Inc. and Richard H. Mason"
GIBSON,16514,
GIBSON-JENNINGS,22987,
GIBSON-JOHNSON,22987,
GIBSON & CLARK & SAUDER,22987,
GIBSON & JENNINGS,22987,
GIBSON & JOHNSON,22987,
GIBSON & MCMULLEN,22987,
GIBSON & O'DONAHUE,22987,
GIBSON & PHILLIPS,22987,
GIBSON BROTHERS,22985,
GIBSON DRILLING ET AL,22987,
GIBSON ET AL,22987,
GIBSON OIL CO.,22986,
GIBSON OIL CORP.,22986,
GIBSON POLK,11935,
"GIBSON, G.R.",7530,
"GIBSON, H.F.",7531,
"GIBSON, H.H.",7532,
"GIBSON, JOE",7533,
"GIBSON, JOHN",7534,
"GIBSON, W.R. CO.",7537,
Gibson/Weems (uncertain),22987,
"GIEBEL, AARON F.",7539,
"GIEBEL, MAJOR & FOSTER",22988,
GIER & CONE PRODUCTION,22989,
"GIER, JOE M.",7540,
GIESCHE,16515,
"GIESECKE, H.H.",7541,
GIESELMAN,16516,
"Giff Miller, Kate Zalzal",,"Giff Miller, Kate Zalzal"
"Giff Miller, Sarah Crump",,"Giff Miller, Sarah Crump"
GIFFORD,16517,
GIFFORD & MITCHELL,22991,
GIFFORD & PURNELL,22991,
GIFFORD M & WISENBAKER,22991,
Gifford Miller,10776,
"Gifford Miller, Aslaug Geirsdottir",,"Gifford Miller, Aslaug Geirsdottir"
"Gifford Miller, Chris Florian",,"Gifford Miller, Chris Florian"
GIFFORD MITCHELL & WISENBAKER,22991,
GIFFORD OIL CO.,22990,
GIGUERE INDUSTRIES,22992,
GIGUET-COVEX C,22993,
Gil Ouellette,1855,
Gilbert,16518,
GILBERT,16518,
GILBERT-JOHNSON,22995,
GILBERT & JOHNSON,22995,
Gilbert D. Harris et al,22995,
Gilbert Drlg. Co.,22994,
Gilbert H. Epenshade,6937,
"GILBERT, E.",985,
"Gilbert, G. K.",7548,
"GILBERT, S.W.",7551,
gilbertk@battelleecology.org,7549,
Gilbet and Russell and Russell,22996,
GILCHRIST,16519,
GILCHRIST-BENNETT,22998,
GILCHRIST DRILLING CO.,22997,
"GILCHRIST, A.",7553,
GILCREASE,15199,
GILCREASE OIL CO.,22999,
Gilford Miller,10776,
"GILGER, C.C. ET AL",7554,
GILGREASE & ROWDEN,23000,
GILL,15200,
"Gill, A. C.",7558,
"Gill, A. C. and Iddings, J. P.",,"Gill, A. C. and Iddings, J. P."
"GILL, A.G.",7559,
"GILL, EUGENE W.",7561,
"GILL, R.H.",7565,
"GILL, WILLARD PETROLEUM CO.",23001,
Gill_James,189,
GILLAM & CONNER,23002,
GILLAM & LOEGAN,23002,
Gilles Brocard,5183,
GILLESPIE,15201,
GILLESPIE & SON,23003,
GILLESPIE & SONS,23003,
GILLESPIE ET AL,23004,
"GILLESPIE, F.A. & SONS",23003,
GILLET HervÈ,8349,
GILLETE-TARR,23005,
GILLETE-TARR & POTTER,23005,
GILLETT-HICKEY,23006,
GILLETT & BROWN,23006,
GILLETT ET AL,23006,
GILLETTE OIL  (HINDMAN ET AL),23007,
GILLETTE OIL CO.,23008,
GILLEY ET AL,23009,
GILLIAM,16520,
GILLIAM & ALLEN,23010,
GILLIAN,16521,
Gillian Roehrig,12464,
Gillis,15779,
GILLISPIE,15202,
"GILLISPIE, F.A.",7572,
"Gillmore, Fredric, I",7573,
GILLRING OIL CO.,23011,
GILMAN-CRABTREE-SIMMONS,23012,
GILMAN & MCMURRAY,23012,
GILMORE-MARLAND,23014,
GILMORE OIL CO.,23013,
"Gilmore, C.",7575,
"GILMORE, W. H.",7576,
GILPIN,16522,
Ginger Mendoza (ORCID 0009-0007-2097-7627),17085,
Ginny Jiang,8977,
GINSBERG,16523,
"GINTER, GEORGE",7581,
GINTHER,16524,
GINTHER-WARREN,23017,
GINTHER-WARREN-GINTHER,23017,
GINTHER-WARREN-GULF,23017,
GINTHER-WARREN-MAGUIRRE,23017,
GINTHER-WARREN & GINTHER,23015,
GINTHER & WARREN,23015,
GINTHER ET AL,23016,
GINTHER WARREN & GINTHER,23017,
"GINTHER, WARREN, AND GINTHER",23017,
GIRAUDEAU Jacques,8853,
Girguis_Peter,7589,
Girguis_Peter; Shank_Timothy,,Girguis_Peter; Shank_Timothy
Girma Hailu,7945,
"Girty, Gary",7590,
GIST,16525,
GIST-MCCALL,23018,
GIST & GRADDY,23018,
GIST & GRADY,23018,
GIST & MAXWELL,23018,
GIST & MCKELLER,23018,
GIST READ,23019,
"Giuffrida, Giovanni",7593,
"GIULBALT, J.E.",7594,
"Giusti, Collin",17876,
"Given, H. H.",7597,
"GIVENS, E.G. & ASSOC.",23020,
gjiang@BattelleEcology.org,7598,
glacivita@field-ops.org,7599,
GLADYS-BELL,23021,
"GLASCO, G. E.",7602,
"Glasco, L. M.",7603,
"GLASCO, L.M.",7603,
GLASS BROTHERS,23022,
"GLASS, F.D. ET AL",7605,
GLASSCOCK,16526,
GLASSCOCK-TIDELAND & ARK FUEL,23024,
GLASSCOCK & CHAPMAN,23024,
GLASSCOCK & PONTIAC,23024,
GLASSCOCK & PONTIAC REFINING CO.,23024,
GLASSCOCK & TIDELAND,23024,
GLASSCOCK & TIDELANDS,23024,
GLASSCOCK & WITHERSPOON,23024,
GLASSCOCK BROS.,23023,
GLASSCOCK BROTHERS,23023,
"GLASSCOCK, C.G.",7606,
"GLASSCOCK, C.G.-PONTIAC",23024,
"GLASSCOCK, C.G. (W/WALKER SELBY)",23024,
"GLASSCOCK, G.G.",7606,
"GLASSCOCK, JUDGE",7607,
"GLASSCOCK, LEE",7608,
"GLASSCOCK, LONNIE",7609,
"GLASSCOCK, LONNIE (RESACA OIL)",23024,
"GLASSCOCK, LONNIE ET AL",23024,
"GLASSCOCK, W.",7610,
"GLASSCOCK, WOODROW",7610,
"GLASSELL, A.C.",7611,
"GLASSELL, A.C. JR. ET AL",7611,
glawrence@field-ops.org,7613,
GLAZE,15203,
GLEASON,16527,
GLEASON ET AL,23025,
"GLEASON, L.O.",7616,
GLEEN ET AL,23026,
"Gleissner, J.",7617,
Glen Parsons,11639,
GLENDA OIL CO.,23027,
Glenn Brock,5184,
Glenn Brock/Elinor Alexander,,Glenn Brock/Elinor Alexander
GLENN PETROLEUM CORP.,23028,
Glenn Sharman,13010,
Glenn Wills (ORCID 0009-0001-8097-0087),14632,
"GLENN, W.O.",7618,
GLENRIO,16528,
"Glenrose Oil  and  Gas Co., Inc.",23029,
GLENWOOD-WARNEKE,23030,
GLG ENERGY,23031,
GLG ENERGY L.P.,23031,
"GLG ENERGY, L.P.",23031,
"GLIDDEN, H.P.",7619,
GLIDWELL,16529,
GLO,16530,
GLOBE,28828,
GLOBE OIL CO.,23032,
Globo De Plomo,28768,
Glori Energy,23033,
Gloria,16531,
Gloria Arenas Marchena,10288,
"Glover, III, L.",7622,
GLY INC.,23034,
GM&A & INTERNATIONAL NUCLEAR,23035,
GMM,15204,
GMW,16532,
gmyers@battelleecology.org,7624,
GOBLE & SHIVE DRILLING,23038,
GODDARD,15205,
"Goddard, Archibald N.",7629,
GODE,15206,
"GODERY, W.D.",7631,
"Godfrey, J.",7632,
GODLEY,16533,
GODLEY OIL CO.,23039,
GOFF,15207,
GOFF ET AL,23041,
"GOFF, GENE",7636,
"GOFF, H.F.",7637,
"GOFF, L.D.",7638,
GOFFIELD,16534,
GOHLKE,15208,
GOHLKE ET AL,23042,
"GOHLKE, F.H.",7639,
"GOHLKE, R.L.",7640,
"GOHLSON, WALTER ET AL",7641,
GOHLSTON ET AL,23043,
GOLD-RUBIN OIL PROP.,23055,
GOLD FIELDS MINING CO.,23044,
GOLD KING,23045,
GOLD MET ALS,23046,
GOLDEN,16535,
GOLDEN & FALCON SEABOARD,23047,
Golden Buckeye Petroleum Corp.,23048,
GOLDEN OIL CO.,23049,
GOLDENROD DRILLING,23050,
Goldfinger_Christopher,7647,
GOLDING & COCHRAN,23051,
GOLDINS DRILLING CO.,23052,
GOLDKING,16536,
GOLDKING PRODUCTION CO.,23053,
GOLDMAN & MCKAYNE,23054,
"Goldman, M.",7649,
GOLDRUS DRILLING CO.,23056,
GOLDRUS PRODUCING CO.,23056,
GOLDRUSH DRILLING,23057,
GOLDRUSS,16537,
GOLDRUST,16538,
"GOLDSMITH, ALEX",7651,
"GOLDSMITH, R.M.",7652,
GOLDSON,16539,
"GOLDSON, W. L.",7653,
"Goldstand, Patrick",7654,
GOLDSTATE OIL CO.,23058,
GOLDSTEIN,15209,
GOLDSTON,15210,
"GOLDSTON , W.L.",7657,
GOLDSTON OIL CO.,23059,
Goldston Oil Corp.,23059,
GOLDSTON OIL CORP.,23059,
GOLDSTON OIL CORP. ET AL,23059,
Goldston Oil Corporation,23059,
"GOLDSTON, W. ET AL",7657,
"GOLDSTON, W.L.",7657,
GOLIAD OIL CO.,23060,
GOLKE DRILLING CO.,23061,
Gollner_Sabine; Fisher_Charles,,Gollner_Sabine; Fisher_Charles
GOLSTON,16540,
"GOLSTON, ROY",7660,
"GOLSTOU, ROY D. ET AL",7661,
"GOLT, WHITLEY GENE",7662,
Gomez-Tuena,23062,
gomeze@battelleecology.org,7665,
Goni_Miguel,7668,
gonick@battelleecology.org,7669,
"Gonzalez, G.",7673,
Gonzalo Ronda,1298,
GOOD HOPE,23063,
GOOD OIL CO.,23064,
GOODALE-BERTMAN CO.,23065,
GOODALE & BERTMAN,23065,
"GOODALE, DRAPER & CO.",23065,
GOODALL,16541,
GOODALL & BERTMAN,23066,
GOODALL & GREER,23066,
GOODAR TOWNSHIP,23067,
GOODE & MAYTON,23068,
GOODEARTH OIL CO.,23069,
Goodell,16542,
GOODELL,16542,
"GOODEN, PAUL W.",7680,
Goodes,16543,
Goodge,7681,
"Goodge, John W.",7682,
"GOODHUE, JOHN",7683,
GOODLEY ET AL,23070,
goodmanm@battelleecology.org,7684,
GOODNIGHT OIL,23071,
GOODNIGHT OIL CO.,23071,
GOODRICH,15212,
GOODRICH PETROLEUM CORP.,23072,
"Goodrich, B.F., The, Co.",23073,
"GOODRICH, HUGH",7685,
"GOODRICH, S.B.",7686,
GOODSON-DIAL,15213,
GOODWIN & YANTIS,23074,
"Goodwin Engineers, Inc.",23075,
GOODWIN ET AL,23076,
"GOOS, E.L.",7689,
GOOSE CREEK SYND.,23077,
"Gootee, Brian",7691,
"Goranson, R.",7693,
Gordon,16544,
GORDON,16544,
GORDON & BOYLES,23079,
GORDON & PETHYBRIDGE,23079,
GORDON & TEX. EASTERN,23079,
Gordon Jacoby,8852,
Gordon Macdonald,10182,
GORDON OIL CO.,23078,
GORDON STREET,13563,
"Gordon, C.",7695,
"GORDON, DAVID",7696,
"GORDON, DAVID L.",7696,
"GORDON, GEORGE",7697,
"GORDON, M.M.",7698,
"GORDON, W.K.",7700,
GORE,15214,
GORE & HILBURN,23080,
"Gore, B.",7701,
"Gore, T.W.",7702,
GORMAN,16545,
GORMAN-MCDERMOTT,23082,
GORMAN-YOAKAM DAUBART,23082,
GORMAN-YOAKUM,23082,
GORMAN & SCHEIG BROTHERS,23082,
GORMAN & YOAKUM,23082,
GORMAN DRILLING,23081,
GORMAN ET AL,23082,
"GORMAN, J.W.",7704,
GOSE PETROLEUM CO.,23083,
"GOSE, S.",7707,
"GOSE, STEVE",7707,
GOSS DRILLING CO.,23084,
GOSS WELL,23085,
GOSSAGE & THOMPSON,23086,
"Gostin, Victor",7710,
"GOUCHIE, W.G.",7713,
Gouger,16546,
GOULD DRILLING CO.,23088,
GOULETTE,16547,
"GOURAS, JAMES",7714,
"GOURLEY, W.J.",7715,
GOVERNMENT WELLS OIL CO.,23089,
GPA,16548,
GPE,15215,
"Grabau, A.",7721,
"Gracanin, Tomislav M.",7723,
GRACE,16549,
GRACE-FORD DRILLING CO.,23091,
GRACE & GRACE,23091,
GRACE & WOOD,23091,
GRACE DRILLING CO.,23090,
Grace Mcleod (ORCID 0000-0003-3960-4840),10589,
Grace Oh (ORCID 0000-0001-5083-3789),11424,
Grace Petroleum Corp.,23092,
Grace Ramcke (ORCID 0000-0002-4003-1069),12140,
"GRACE, H.",23093,
"GRACE, HENRY PRODUCTION CO.",23093,
"GRACE, JACK",23094,
"GRACE, JACK OIL CO.",23094,
"GRACE, JACK PRODUCTION CO.",23094,
"GRACE, LUKE",23095,
"GRACE, LUKE DRILLING",23095,
GRACEY,16550,
"GRACEY, B.J.",7724,
"Graco Resources, Inc.",23096,
GRADGO,16551,
GRADY,15216,
GRADY CARL ET AL,23097,
Grady Hicks (ORCID 0009-0000-7007-8581),16671,
"Graeber, C.",7727,
"Graeme, Richard W.",7730,
"Graeser, S.",7731,
GRAHAM,15217,
GRAHAM-BRADSTREET,23099,
GRAHAM-KING-WOODS,23099,
GRAHAM - HONEA CO.,23099,
GRAHAM - HUNT TRUST CO.,23099,
GRAHAM & BUCKINGHAM,23099,
GRAHAM & FOREST OIL,23099,
GRAHAM & SPENCER,23099,
Graham Andrews,4297,
GRAHAM CORP.,23098,
GRAHAM ET AL,23099,
GRAHAM ET AL (TEXAS CO.),23099,
Graham Hagen-Peter (Cottle@geol.ucsb.edu),7939,
"Graham Hagen-Peters, Amy Myrbo",,"Graham Hagen-Peters, Amy Myrbo"
Graham Horrocks (ORCID 0000-0003-4899-6153),8580,
Graham Pearson,435,
GRAHAM ROYALTY LTD.,23100,
"GRAHAM, E. A.",7735,
"GRAHAM, E.A.",7735,
"GRAHAM, E.A.-EAST, ED",,"GRAHAM, E.A.-EAST, ED"
"GRAHAM, G.W.",7737,
"GRAHAM, GEORGE",7738,
"GRAHAM, GEORGE W. INC.",7737,
"GRAHAM, GOM",7739,
"GRAHAM, HERMAN",7740,
"GRAHAM, KEITH D.",7742,
"GRAHAM, THOMAS, LUDLOW",23099,
"GRAHAM, TOM",7744,
"GRAHAM, TOM OIL CO.",7744,
"GRAHAM, W.L./PICKENS",23099,
"GRAMMER, BRUCE ET AL",7746,
GRAND FALLS OIL CO.,23103,
GRAND SALINE,23104,
GRANGE CORP.,23106,
GRANITE OIL CO.,23107,
Grant Mosal (ORCID 0009-0004-8985-7365),17147,
GRANT OIL CO.,23109,
GRANT OIL CORP.,23109,
"Grant Two-Bulls, Matt Beckman, Amy Myrbo",,"Grant Two-Bulls, Matt Beckman, Amy Myrbo"
"Grant, B.",7749,
"Grant, Bruce",7749,
"GRANT, DR. V.V.",7753,
"GRANT, T.T. ET AL",7752,
"GRANT, W.H. ET AL",7754,
"GRANT, WALTER H.",7754,
GRAPELAND,23110,
GRAPELAND OIL CO.,23110,
GRAPEVINE PRODUCTION CO.,23111,
Grappin,16552,
GRARIDGE,16553,
"Grasby, R.",7755,
GRASHAM-HUNTER,23112,
GRASSEY ET AL,23113,
GRAUTON & FAULK,23114,
GRAVES & CAMMAK,23116,
GRAVES BROTHERS,23115,
GRAVES ET AL,23116,
"Graves Well Drilling Co., Inc.",23117,
Graves Well Drlg. Co.,23117,
"GRAVES, B.C. ASSOCIATES",23118,
GRAVIS,16554,
GRAVIS & DORAN,23118,
GRAVIS & DOVAN,23118,
GRAVIS & MITCHELL,23118,
GRAVIS (FRANK) & MINTEX PETROLEUM CO.,23118,
"GRAVIS, C.K.",7759,
"GRAVIS, FRANK",7760,
GRAY,16555,
GRAY & ADAMS,23120,
GRAY & DENVER,23120,
GRAY & MAYO,23120,
GRAY & THWEATT,23120,
GRAY & WILLIAMS,23120,
GRAY & WOLF,23120,
GRAY & WOLFE,23120,
Gray Artesian Well Co.,23119,
Gray Bebout,4707,
Gray Drlg. Co.,23119,
GRAY ET AL,23120,
GRAY OIL CO.,23119,
GRAY WOLF,23121,
GRAY WOLFE CO.,23121,
"GRAY, J.A.",7767,
"GRAY, J.H.",7768,
"GRAY, L.F./ARKANSAS FUEL/COLLINS",23120,
"GRAY, MAYO, & WOLF",23120,
"Gray, Patrick Operating Corp.",23122,
"GRAY, S.E.",7770,
"GRAY, WARREN",7772,
GRAYBURG,23123,
GRAYBURG OIL CO.,23123,
GRAYSON,16557,
Grayson Hale (ORCID 0009-0001-3964-2735),7959,
Grayson Jordan (ORCID 0000-0002-7776-2789),9123,
Grayson Webb,14386,
GRE-TEX,23167,
GREAT BASIN,23124,
GREAT BASIN PETROLEUM,23125,
GREAT BASINS,23126,
GREAT BASINS PET.,23128,
GREAT BASINS PETROLEUM,23127,
GREAT BASINS PETROLEUM CO.,23128,
Great Bear Petroleum,20570,
GREAT EASTERN OIL CO.,23129,
GREAT EXPECTATIONS OIL CORP.,23130,
GREAT LAKE CARBON CORP.,23132,
GREAT LAKES,23131,
GREAT LAKES CARBON,23132,
GREAT LAKES CARBON CORP.,23132,
GREAT NORTHERN,23133,
GREAT PLAINS,23134,
GREAT PLAINS OIL CO.,23134,
Great River Oil and,23135,
GREAT SOUTHERN,23136,
GREAT SOUTHERN OIL CO.,23136,
GREAT SOUTHWEST,23137,
GREAT SOUTHWEST OIL & GAS,23137,
GREAT SOUTHWEST OIL & GAS CO.,23137,
GREAT WESTERN,23138,
"GREAT WESTERN & LARUE, E.B.",23139,
GREAT WESTERN DRILLING,23138,
GREAT WESTERN DRILLING-HONOLULU,23139,
GREAT WESTERN DRILLING CO.,23138,
GREAT WESTERN DRILLING ET AL,23139,
"Great Western Onshore, Inc.",23138,
GREAT WESTERN PRODUCTION INC.,23138,
GREATER AMARILLO OIL CO.,23140,
Greater Huntsville Oil & Gas Co.,23141,
GREATER SOUTHWEST,23142,
GREATHOUSE-HOLT-MADDOX,23143,
GREATHOUSE-HOLT & MADDOX,23143,
GREATHOUSE-PIERCE-DAVIS,23143,
GREATHOUSE - PIERCE & DAVIS,23143,
"GREATHOUSE, PIERCE, & DAVIS",23143,
GREATWESTERN DRILLING,23144,
GREBIN & WOODS,23145,
GRECO EXPLORATION,23146,
GREEN,16558,
GREEN-CONKLING & PARKER,23152,
GREEN-MICHAELSON-HMM,23155,
GREEN & WILSON,23149,
GREEN ET AL,23149,
GREEN GAS UNIT 3,23147,
GREEN MOUNTAIN OIL,23148,
GREEN MOUNTAIN OIL CO.,23148,
Green R.,16559,
GREEN VALLEY OIL CO.,23150,
"GREEN, B.L.",7775,
"GREEN, CLOIS",7776,
"GREEN, G.W. - METCALFE, THOMAS",,"GREEN, G.W. - METCALFE, THOMAS"
"GREEN, GUY E.",7778,
"Green, J.",7779,
"Green, John, Jr.",7774,
"Green, Lloyd C.",7780,
"GREEN, S.I. & DONELLY, GEORGE",,"GREEN, S.I. & DONELLY, GEORGE"
"GREEN, V.A.",7783,
"GREEN, W.B. ET AL",7784,
"GREEN, W.E.",7785,
GREENBILL,16560,
GREENBRIAR,23151,
GREENBRIAR CORP.,23151,
GREENBRIAR OIL CO.,23151,
GREENBRIAR OIL CO. ET AL,23151,
GREENBRIER OIL,23151,
GREENCLIFF,16561,
GREENE ET AL,23153,
greenem1@battelleecology.org,16563,
GREENHILL,15218,
GREENLAND,16564,
GREENLEE ET AL,23154,
GREENSPAN-JEFFERSON OIL CO.,23156,
"GREENWADE, W.P.",7787,
GREENWOOD & JOHNSON,23157,
"GREENWOOD, GREENWOOD, BARRETT",23157,
GREEP & KERPER,23158,
GREER,16565,
GREER & AMILCO,23159,
GREER ET AL,23159,
"GREER, ET AL",23159,
"GREER, GEO. J. ET AL",7789,
"GREER, GEORGE J.",7789,
"GREER, J.L.",7790,
Greg Bushey,5397,
Greg Bushey (ORCID 0000-0002-1830-0445),5397,
Greg Chapman,5725,
Greg Dietl,6519,
Greg Dumond,6694,
Greg Ludvigson,10098,
Greg Michalski,10753,
Greg Mineau (ORCID 0009-0005-7522-2884),10821,
Greg Retallack,12291,
"Greg Wiles, Jon Theisen",,"Greg Wiles, Jon Theisen"
GREGG,16566,
GREGG-GULF,23163,
GREGG-SAWYER,23163,
GREGG-TEX-HANLON,23163,
GREGG - TEXAS,23160,
GREGG ET AL,23161,
GREGG OIL,23162,
Gregg Patricia,7791,
GREGORY,16567,
GREGORY-MCCANDLESS,23164,
Gregory Cain (ORCID 0000-0001-9024-0144),5452,
Gregory Chapman (ORCID 0000-0003-1337-5330),16178,
Gregory Dumond,17877,
Gregory Fargo (ORCID 0000-0001-9968-4139),7030,
Gregory Moore,506,
Gregory S. Gohn,7642,
"GREGORY, E.D.",7792,
"Gregory, H.",7793,
GREGSON,16568,
"GREINHART, B.J.",7794,
GRELLING,15219,
GRELLING & BYARS,23165,
GRELLING & ELLISON,23165,
GRELLING & HUGUR,23165,
"GRELLING, GRAHAM,& HUNT",23165,
"GRELLING, L.A.",7795,
Gren Paint Numbers,23166,
GRESHAM,15220,
Greta Vanscoy,14113,
Greta VanScoy,14113,
Gretchen Roost (ORCID 0009-0004-5090-1218),12493,
GREVOLIN,16569,
"Grew, Edward S.",7797,
GREY,15221,
GREY OIL CORP.,23168,
GREYBERG,15222,
GREYNOLDS,15223,
"Griesbach, J.",7800,
"Grieve, R. A.",7801,
GRIFFIN,16570,
GRIFFIN-GRIFFIN,23171,
GRIFFIN PETR.,23169,
"Griffin Resources, Inc.",23170,
"GRIFFIN, A.N.",7802,
"GRIFFIN, FORDON",7804,
"GRIFFIN, JOE",7805,
"GRIFFIN, KIRK",7806,
"Griffin, W. L.",7808,
griffinma@battelleecology.org,7809,
Griffith,16571,
GRIFFITH,16571,
GRIFFITH-NORTON,23172,
GRIFFITH & GRIFFITH,23172,
GRIFFITH ET AL,23172,
"GRIFFITH, BOBBY",7810,
"GRIFFITH, H.J.",7811,
"GRIFFITH, J.O. BROTHERS OIL",23172,
"GRIFFITH, J.O. ET AL",23172,
"GRIFFITH, P. S.",7814,
"GRIFFITH, P.S.",7814,
GRIGGS,16572,
GRIGGS-HOTHAM,23174,
GRIGGS OIL CO.,23173,
"GRIGGS, F.",7815,
"GRIGGS, U.H.",7816,
"GRIGSBY, FRANK",7817,
"GRIGSBY, RISCO CO.",23175,
GRILLING & NEUHAUS,23176,
GRIMES,16573,
GRIMES-EATON,23177,
GRIMES-LIPSCOMD,23177,
GRIMES & FEAGIN ET AL,23177,
GRIMES ET AL,23177,
"Grimes, Craig",7819,
"GRIMES, G.G.",7820,
"GRIMES, H.T. ET AL",7821,
"GRIMES, HARLAN",7822,
"GRIMES, PARK",7823,
GRIMM,16574,
GRIMM-OGLESBY,23179,
GRIMM ET AL,23178,
"GRIMM, JOHNNY",7825,
"Grimsley, G.",7826,
Griner Drlg. Co.,23180,
GRINNELL - TEXAS,23181,
GRINNIGER-HURTT,23182,
GRISHAM,16575,
GRISHAM-HUNTER,23184,
GRISHAM & DILLARD,23184,
GRISHAM & HUNTER,23184,
GRISHAM & HUNTER ET AL,23184,
GRISHAM & MCALLISTER,23184,
GRISHAM BROTHERS,23183,
GRISHAM ET AL,23184,
"GRISHAM, A.J.",7828,
"GRISHAM, M.A. & DELANEY",23184,
"GRISHAM, M.W.",7829,
"GRISHAM, V.I. ET AL",7830,
GRISSO OIL,23185,
"Griswold, L.",7831,
"GRISWORLD, E.H.",7832,
"Grocke, S.",7834,
"GROEBEL, AL P.",7836,
"GROEBEL, TED (PREV: APPLEBY OIL CO.)",7837,
GROEBL,16576,
"GROGAN, J.F.",7839,
"GRONEMAN, H.H.",7841,
GRONNEMAN,16577,
"GROOVER, C E ET AL",7843,
GROSBECK-CHISHOLM,23186,
GROSS BROTHERS,23187,
Group 1 Ventures Llc,23188,
GROUP OIL CO.,23189,
GROUPE OIL CO.,23189,
GROVER,16578,
GROVER-MACCURDY-HOFFACKER,23191,
GROVER-MCCURDY,23191,
GROVER-MCCURDY-KNOX ET AL,23191,
GROVER-ROSE-FARRELL,23190,
GROVER - STILES,23190,
GROVER & ROSE,23190,
GROVER MCCURDY-HOFFAEKER,23191,
GROVER MCCURDY & HOFFACKER,23191,
"GROVER, MACCURDY & HOFFACKER",23191,
"GROVER, MCCURDY & HOFFACKER",23191,
"Groves, I.",7851,
GROW OIL CO.,23192,
GRUBB,16579,
GRUBB-HAWKINS-GILGER,23193,
GRUBBS,16580,
GRUBBS & HAWKINS,23193,
GRUBEN-PRINGLE,23194,
GRUBER & RINGLE,23195,
GRUBER & RINGLE & DENNIS,23195,
"GRUBER, W. W.-OTT, EMIL",,"GRUBER, W. W.-OTT, EMIL"
GRUBSTAKE INVESTMENT ASSN.,23196,
GRUENERWALD & ASSOCIATES,23197,
"Grundel, E.",7855,
Grundmann G.,7856,
"Grunow, Anne M.",7857,
GRUVER ET AL,23198,
GRYNBERG,16582,
GS Oil and Gas Co.,23199,
gschwind@battelleecology.org,7860,
gtavarez@battelleecology.org,7862,
"Guadagno, M.",7864,
GUADALUPE-BLANCO RIVER AUTH.,23202,
GUADALUPE EXPLORATION,23200,
GUADALUPE OIL & GAS CO.,23200,
GUADALUPE VALLEY OIL CO.,23201,
GUARANTY OIL SYNDICATE,23203,
Guardian Oil Co.,23204,
GUARDIAN OIL CO.,23204,
GUEDRON S,7868,
GUERMSEY OIL CO.,23205,
Guernsey Petroleum Corp.,23205,
GUFFEY,16583,
GUFFEY-BREWER-CURRAN,23206,
GUFFEY-MCLAUGHIN,23206,
GUFFEY ET AL,23206,
"GUFFEY, ROY",23206,
"GUFFEY, ROY PRODUCTION CO.",23206,
GUFFY,16584,
GUIBERSON,23207,
"Guiberson, Allen",7874,
"GUIBERSON, S.A. JR.",7873,
"Guido Grosse, Ben Jones",,"Guido Grosse, Ben Jones"
"Guidotti, C.",7875,
"Guild, P.",7876,
"GUILER, SMITH, & JARAM",23208,
Guillaume Caro,5573,
Guillaume Girard,690,
Guillaume Girard/John Stix,,Guillaume Girard/John Stix
Guillermo Booth Rea,5010,
GUINN LEWIS,9869,
Gulf,23209,
GULF COAST,23210,
GULF COAST DRILLING & EXPLORATION,23211,
"Gulf Coast Drilling and Exploration, Inc.",23211,
"Gulf Coast Drilling and Exploration, Inc. and Rudman, M.B.",23211,
GULF COAST LEASEHOLDERS,23212,
GULF COAST LEASEHOLDERS - GLASSELL,23213,
GULF COAST LEASEHOLDERS (SHELL),23213,
"Gulf Coast Mineral, LLC",23214,
GULF COAST OIL CO.,23210,
GULF COAST PRODUCTION CO.,23210,
GULF COAST VENTURES,23216,
GULF DEVELOPMENT ASSOC.,23218,
GULF ENERGY PRODUCING CO.,23219,
GULF INTERSTATE ENGINEERING,23220,
GULF LAKE OIL CO.,23221,
GULF MINERAL RESOURCES,23222,
Gulf Oil,23223,
Gulf Oil & Refg. Co.,23223,
Gulf Oil Co.,23223,
GULF OIL CO.,23223,
Gulf Oil Corp.,23223,
GULF OIL CORP.,23223,
Gulf Oil Corp.-Gulf Production Div.,23223,
Gulf Oil Corp.-Houston Production Div.,23223,
GULF OIL CORP. - CHEVRON,23224,
GULF OIL CORP. - DUNHAM,23224,
GULF OIL CORP. - FERGUSON,23224,
GULF OIL CORP. - H.R. SMITH,23224,
GULF OIL CORP. - HUMBLE,23224,
GULF OIL CORP. - J.W. FRAZIER,23224,
GULF OIL CORP. - OCEAN ENGINEERING,23224,
GULF OIL CORP. - PHILLIPS,23224,
GULF OIL CORP. - SHELL,23224,
GULF OIL CORP. - SUN OIL - SEABOARD,23224,
GULF OIL CORP. - SUTTON,23224,
GULF OIL CORP. - T.C. DUNHAM,23224,
GULF OIL CORP. - WARREN PETROLEUM,23224,
GULF OIL CORP. - WENTZ,23224,
GULF OIL CORP. (JACK FROST),23224,
GULF OIL CORP. (LATER: TEXAS OIL & GAS),23223,
GULF OIL CORP. (PREV: ARGO),23223,
GULF OIL CORP. ET AL,23224,
GULF OIL EXPLORATION & PRODUCTION CO.,23223,
GULF PLAINS CORP.,23225,
GULF PRODUCTION,23217,
Gulf Refining Co.,23226,
Gulf Refining Co.-Houston Production Div.,23226,
Gulf Refining Company,23226,
Gulf Refining Company Of Louisiana,23226,
GULF RESOURCES,23227,
GULF STANDARD,23228,
GULF STATE,23229,
GULF STATES,23230,
Gulf States Gas Corp.,23230,
GULF STATES GAS PRODUCTION CO.,23230,
GULF STATES GEOPSYSICAL,23231,
GULF STATES OIL CO.,23230,
GULF UNIV.,23232,
GULFBOARD,23233,
GULFBOARD & SALT DOME,23234,
GULFSHORE,23235,
GULFSTREAM,23236,
GULLINAN,16585,
GUM HOLLOW OIL CO.,23237,
GUMP OIL CO,23238,
GUNBY,15225,
"GUNBY, MERLE",7884,
"GUNBY, MERLE F.",7884,
GUNN,23239,
GUNN OIL,23239,
GUNN OIL CO.,23239,
"Gunnell, E.M.",7888,
Gunner Redd (ORCID 0000-0002-6883-9123),12233,
Gunner Reds (ORCID 0000-0002-6883-9123),17357,
"Gunner, John D.",7889,
Gunter Faure,7058,
GUNTHER,16586,
Guo-liang Zhang,14883,
gurley@battelleecology.org,7895,
Gurnee Gas Co. L.L.C.,23240,
"Gurnee Gas Co., L.L.C.",23240,
Gustvson Associates,23241,
"Guthie, A.",7898,
GUTHRIE,15226,
"GUTHRIE, A.K.",7899,
"GUTHRIE, GEORGE L.",7900,
"GUTHRIE, W.S.",7902,
GUTOWSKY,23242,
GUTWOSKY INC.,23242,
Guy Fausnaught,17878,
Guy Narbonne,17879,
"Guye, F.",7906,
"Guyot, A.",7907,
"GUYTON, WILLIAM F. - HUNTSVILLE",7908,
Gwen M. Euler,6975,
"Gwin, J. H.",7909,
"GWINNUP, H.G.",7910,
Gwladys Govin,7718,
GWYNN & OVERBY,23243,
GYPSUM COUNTY MINESHAFT,23244,
GYPSY PRODUCTION CO.,23245,
"H-M OIL CO. - HERRING, J. C.",23572,
H & H,23251,
H & K OIL CORP.,23246,
H & R,23247,
"H and S Operating Co., Inc.",23248,
H B. Dean,6391,
H C. Fowler,7279,
H Gorringe,7706,
H Hess,8359,
H J. O'Donnell and L N. Plein,,H J. O'Donnell and L N. Plein
H Thoxbe,13842,
H W Johns Company,23249,
H&A CORP. - MULROY,23250,
H&H DRILLING,23251,
H&H DRILLING CO.,23251,
H&J DRILLING,23252,
H&J DRILLING CO.,23252,
H&L EXPLORATION,23253,
H&W OPERATING CO.,23254,
H. A. Drummond,6657,
H. A. Powers,11991,
"H. A. Stebinger, et al",13433,
H. B‰cker,4471,
H. Blatt,4926,
H. Bougault,5037,
H. Br¸ckner & F. Stock,,H. Br¸ckner & F. Stock
H. Dodson & Son,23255,
H. Dodson Drlg. Co.,23255,
H. Elliott,6875,
H. H. & H.,23256,
H. H. Givans,7596,
H. Hampton,8027,
H. HINES,8443,
H. HUNT TRUST,23257,
H. L. Muncy,11115,
H. M. H. OPERATORS,23258,
H. PHILLIPS,11847,
H. Seyfried - A. Bolz,,H. Seyfried - A. Bolz
H. Spencer,13350,
H. ST. LAND,23259,
H. T. King,9386,
H.A. Presnall,12015,
H.D. & H. INC.,23260,
H.F. Dees,6424,
"H.J.B. Dick, J.T. Natland",,"H.J.B. Dick, J.T. Natland"
H.L. HUNT,8711,
H.L.M.,16589,
H.M.,15227,
H.R. SMITH,13229,
H.U. Schmincke,12815,
H.W. Peerson Drlg. Co.,23261,
HAAS. RICHARD E.,12324,
"Haase, K.M.",7915,
"Haban, Marta A.",7916,
HABE & ALLISON,23262,
HABER RESOURCES CORP.,23263,
HABERLE CO.,23264,
"HABERLE, T.J.",7918,
"HABY, STUART",7919,
HACK,16590,
HACK DRILLING,23265,
HACK DRILLING-WAYNE,23265,
HACK DRILLING CO.,23265,
HACK DRILLING CO. (DELRAY OIL),23265,
HADDAD & BROOKS,23266,
HADDAD & BROOKS - SUN OIL CO.,23266,
haddad@battelleecology.org,7922,
HADLEY & HARMON,23267,
HADLEY ET AL,23267,
Hadlicha and Welles and Welles,23268,
HADLOCK,16591,
HADLOCK-RAMSEY,23269,
HADLOCK ET AL,23269,
"Hadson Petroleum (USA), Inc.",23270,
"HAENEL, E. ET AL",7925,
"HAFFA, TITUS",7927,
"HAFNER, J.A.",7929,
HAGAN & EMCH,23271,
HAGAN & POLIS,23271,
"HAGAN, A.M.",7932,
HAGEN,16593,
"Hagen-Peter, Graham",7939,
HAGEN-STEWART,23273,
HAGEN & BINGHAM ESTATE,23272,
HAGEN & GREENBRIAR,23271,
HAGEN & LITCHFIELD,23271,
HAGEN & MECOM,23271,
HAGEN & STEWART,23271,
HAGEN & TEXAS,23271,
"HAGEN, C.V.",7935,
"HAGEN, CECIL",7936,
"HAGEN, CECIL ET AL",7936,
"Hagen, Erik",7937,
"HAGEN, VAN",7938,
HAGER,15228,
HAGER-LUSE,23274,
HAGER & ASHBY,23274,
HAGER & HINTON,23274,
HAGER & JONES,23274,
HAGER ET AL,23274,
"HAGER, LEE",7940,
HAGERTY,16594,
HAGGERTY & JOHNSON,23275,
HAGGERTY & LEE PETROLEUM,23275,
"HAGGERTY, GEORGE",7941,
HAGRECO,16595,
"Hague, A.",7942,
"Hague, J. D.",7943,
"HAGY, HARRINGTON, & MARSH",23276,
HAHN ET AL,23277,
Haifa/URI,28769,
Haijun Song,13308,
HAIL & SINCLAIR,23278,
HAILE & LEWIS ET AL,23279,
Hailey Pranskaitis (ORCID 0009-0002-4422-173X),17313,
"HAILEY, E.M.",7944,
HAILTON BROTHERS,23280,
"HAINER, J.A.",7946,
HAINES,16596,
"HAINES, G.W.",7947,
hainese@battelleecology.org,7949,
hakala@battelleecology.org,7952,
HALBERT,16597,
HALBERT-STASNEY,23281,
HALBOUTY,23282,
HALBOUTY & CONE,23284,
HALBOUTY & GRAHAM,23284,
HALBOUTY & HAGEN,23284,
HALBOUTY & MOODY,23284,
HALBOUTY & OLIN OIL,23284,
HALBOUTY & PAN AMERICAN,23284,
HALBOUTY & SOHIO,23284,
HALBOUTY ET AL.,23284,
HALBOUTY OIL CO.,23283,
"HALBOUTY, ET AL",23284,
"HALBOUTY, M.T.",7955,
"HALBOUTY, M.T.-GRAHAM, GEORGE",,"HALBOUTY, M.T.-GRAHAM, GEORGE"
"HALBOUTY, MICHAEL T.",7955,
"HALBOUTY, MICHEL",7955,
"HALBOUTY, MICHEL T.",7955,
"HALBOUTY, MICHEL T.-PAN AM.",7955,
"HALBOUTY, MIKE T.",7955,
Hale,23285,
HALE,23285,
HALE-BOWER-LAMB,23289,
Hale-Miller Drlg. Co.,23290,
HALE BROTHERS,23286,
Hale Drlg. Co.,23287,
Hale Oil and Gas Company,23287,
"HALE, D.E.",7958,
"HALE, WEST",23288,
haleg1@battelleecology.org,7960,
"Hales, A.",7962,
HALEX,16598,
HALEY & YOUNG,23291,
Haley Bull,5324,
Haley Bull (ORCID 0000-0002-9408-2523),5324,
Haley Burger (ORCID 0009-0004-4955-7034),5345,
Haley Odom,11413,
Haley Thoresen,1659,
Haley Turner (ORCID 0000-0001-7163-2310),13994,
HALIBURTON,23299,
Halina North (ORCID 0000-0001-7448-1116),11356,
HALL,16599,
HALL-JORDAN,23301,
HALL - GLASCO,23292,
HALL & MESSENGER,23293,
HALL BROOKS OIL CO.,23294,
HALL BROOKS OIL CO. (KANSA-NEBRASKA NAT. GAS),23294,
HALL ET AL,23295,
"HALL, A.G.",7964,
"HALL, BROOKS OIL CORP.",23294,
"Hall, Brooks Oil Corp.-Fundamental Oil Corp.-King Resources",23296,
"Hall, Brooks Oil Corp.-King Resources",23296,
"HALL, C.A. ET AL",7968,
"HALL, G.E.",7969,
"HALL, G.E. (FORMERLY ADAMS & BRADLEY)",7969,
"Hall, J.",7970,
"Hall, Michael D.M.",7973,
"HALL, O.E.",7974,
"Hall, R.",7976,
"HALL, R. E.",7976,
hallb@battelleecology.org,7978,
"Hallet, B.",7980,
Halley Brattkus,5125,
HALLEY DEVELOPMENT CO.,23297,
Halliand Drilling,23298,
HALLIBURTON,23299,
HALLIBURTON OIL PRODUCTION CO.,23300,
hallingstad@battelleecology.org,7983,
halljf@battelleecology.org,7984,
halljr@battelleecology.org,7985,
HALLMARK & SNOWDEN,23302,
HALLMARK PETROLEUM CORP.,23303,
HALLOWAY,16601,
HALLOWAY-HOWELL & HOWELL,23304,
HALLOWAY & SNOWDEN,23304,
HALLSVILLE OIL & GAS CO.,23305,
HALLWOOD,15229,
"Halpern, Martin",7987,
HALSELL,16602,
HAM & BOGGESS,23306,
HAMBURG,15230,
HAMIL,15231,
HAMIL-HAMILL,23307,
HAMIL & SMITH,23307,
HAMIL ET AL,23307,
"HAMIL, C.B.",7995,
"HAMIL, CLAUDE B.",7995,
HAMILL,16603,
HAMILL-SUN,23307,
HAMILL & HAMILL,23307,
HAMILL & SMITH,23307,
HAMILL & SOUTHWORTH,23307,
HAMILL ET AL,23307,
"HAMILL, C.B.",7995,
"HAMILL, CLAUD B.",7995,
"HAMILL, CLAUDE",7995,
"Hamill, Claude B.",7995,
HAMILTON,15232,
HAMILTON-POWELL DRILLING CO.,23312,
HAMILTON & SHERWOOD,23313,
HAMILTON & TORRANCE,23313,
"Hamilton and Cashion, Lyle Co.",23313,
HAMILTON BROS. OIL,23308,
HAMILTON BROS. OIL CO.,23308,
HAMILTON BROTHERS,23308,
HAMILTON BROTHERS ET AL.,23309,
HAMILTON BROTHERS OIL CO.,23308,
HAMILTON DRILLING,23311,
HAMILTON DRILLING - POWELL,23312,
"HAMILTON DRILLING & ENGINEERING, INC.",23311,
HAMILTON ET AL,23313,
HAMILTON OIL & GAS,23311,
"Hamilton, H.A. and R",,"Hamilton, H.A. and R"
"HAMILTON, H.H.",7997,
"Hamilton, W. B. and Neuerburg, G. J.",,"Hamilton, W. B. and Neuerburg, G. J."
"HAMILTON, W.B.",8002,
"Hamilton, W.F.-Armour, C.D.",,"Hamilton, W.F.-Armour, C.D."
"Hamilton, W.F.-Armour, C.D. et al",,"Hamilton, W.F.-Armour, C.D. et al"
"Hamilton, Walter F.",8003,
"Hamilton, Warren",8004,
Hamish Campbell & Chris Adams,,Hamish Campbell & Chris Adams
Hamlin A.C.,8008,
"Hamlin, Augustus C.",8008,
HAMM,16604,
HAMM'S BREWING CO.,23314,
HAMM-O'BRIEN,23319,
HAMM - O'BRIEN,23315,
HAMM & O'BRIEN,23315,
HAMM BREWING,23314,
"HAMM, R.B. & GRAHAM, G.E.",,"HAMM, R.B. & GRAHAM, G.E."
"HAMM, WM. JR.",8009,
HAMMAN,15233,
HAMMAN EXPLORATION CO.,23316,
HAMMAN OIL & REFINING - STATES MARINE CORP.,23316,
HAMMELL & SMITH,23317,
"HAMMER, A.J.",8012,
HAMMILL,16605,
HAMMILL & HAMMILL,23318,
HAMMOCK OIL CO.,23320,
HAMMON HANLON-BUCHANAN,23322,
HAMMON OIL,23321,
HAMMON OIL CO.,23321,
HAMMON OIL CO. ET AL,23322,
"HAMMON, COX, & COATES",,"HAMMON, COX, & COATES"
"HAMMON, JOHN JR. ET AL",8015,
"HAMMON, W.H.",8016,
HAMMOND,16606,
HAMMOND EXPLORATION CO.,23323,
HAMMOND OIL,23323,
HAMMOND OIL CORP.,23323,
"HAMMOND, GEORGE S.",8017,
"HAMMOND, W.",8019,
"HAMMONDS, G.S.",8020,
"HAMMONDS, GEORGE",8021,
"HAMMONDS, LOGUE & PATTERSON",23324,
"HAMMONDS, S.",8022,
HAMON,15234,
HAMON-GUFFEY,23325,
HAMON-HERRING,23325,
HAMON-LAUDERDALE,23325,
HAMON-SUN,23325,
HAMON & COLORADO O & G,23325,
HAMON & EHMAN,23325,
HAMON & GUFFEY,23325,
HAMON & HIGHLAND,23325,
HAMON & L. W. DRILLING CO.,23325,
HAMON & U.S.SMELTING REFINING,23325,
HAMON ET AL,23325,
HAMON WEST TEX,23326,
"HAMON, J. & HUNT",23325,
"HAMON, J.L.",8024,
"HAMON, J.L. - TEXAS PACIFIC",8024,
"HAMON, JACK L.",8024,
"HAMON, JAKE",8024,
"HAMON, JAKE - STEPHEN, E.",,"HAMON, JAKE - STEPHEN, E."
"HAMON, JAKE & RALPH LOWE",,"HAMON, JAKE & RALPH LOWE"
"HAMON, JAKE L.",8024,
"HAMON, JAKE L. - NEARBURG",8024,
"HAMON, JAKE L. & REPUBLIC NATURAL GAS",8024,
"HAMON, JAKE L. & WARREN PETROLEUM",8024,
"HAMON, JAKE L. (CHAMPLIN OIL & GAS)",23325,
"HAMON, JAKE L. (TEXAS INTERSTATE OIL & GAS)",23325,
"HAMON, JAKE L. CO.",8024,
"HAMON, JAKE L. ET AL (KADANE)",8024,
"HAMON, L.L.",8026,
HAMON. JAKE L.,8024,
HAMPTON,16607,
HAMPTON & SON,23328,
HAMPTON ET AL,23329,
"HAMPTON, J.W.",8028,
"HAMPTON, JOHN",8029,
HAMROCK OIL & GAS CORP.,23330,
"HANAN, I.C.",8032,
"HANBERRY, HARRY",8033,
HANCO,16608,
HANCOCK,16609,
HANCOCK-YOUNG (HEDLEY-JOURDAN),23333,
HANCOCK & LANE,23333,
HANCOCK & PRIEST,23333,
Hancock E.P.,8035,
HANCOCK ET AL,23331,
HANCOCK OIL CO.,23332,
"Hancock, E.P.",8036,
"HANCOCK, J.D.",8037,
"HANCOCK, PARKER",8038,
"HANDCOCK, GEORGE",8040,
"HANDLEY, ROY ET AL",8041,
"HANES, C.W. (FORMERLY EWING & HANES)",23334,
HANEY ET AL,23335,
"HANK, MACK OIL CO.",23336,
HANKAMER,16610,
HANKAMER-KIRKLAND,23338,
HANKAMER & CAMP,23338,
HANKAMER ET AL,23338,
HANKAMER INV. CO.,23337,
HANKAMER INVESTMENT CO.,23337,
"HANKAMER, C.",8045,
"HANKAMER, CURTIS",8045,
"HANKAMER, E.C.",8046,
"HANKAMER, ET AL",23338,
HANKHAMER & GLASSCOCK,23338,
HANKISON,15236,
HANKLIN WILSHIRE BASIN,23339,
HANKS,16611,
HANLEY,15237,
HANLON-BOYLE,23341,
HANLON-BUCHANAN,23341,
HANLON & BOYLE,23341,
HANLON BUCHANAN,23341,
HANLON ET AL,23341,
HANLON GAS CO.,23340,
Hanna Wright (ORCID 0009-0000-3406-7017),14746,
"HANNA, CHARLES ET AL",8050,
"Hanna, G. D.",8051,
"HANNA, L.D.",8052,
Hannah Bartholomaus,4612,
Hannah Bartholomaus (ORCID 0000-0001-8438-4213),4612,
Hannah Beeler,4723,
Hannah Beeler (ORCID 0000-0001-8490-5154),4723,
"Hannah Carroll, Jon Downing, C.Filstrup, D.Kendall",,"Hannah Carroll, Jon Downing, C.Filstrup, D.Kendall"
Hannah Cothren,6078,
Hannah Dukerschein (ORCID 0000-0001-6846-5179),6691,
Hannah Duncan (ORCID 0009-0002-4244-2539),6699,
Hannah Gerrish (ORCID 0000-0002-2868-1835),7511,
Hannah Marty (ORCID 0000-0002-2042-5781),10363,
Hannah Miller,10778,
Hannah Schartel (ORCID 0000-0002-8159-7966),12770,
Hannah Shapiro (ORCID 0000-0003-1603-0469),13001,
Hannah Spencer (ORCID 0000-0001-9932-2330),13350,
Hannah Townsend (ORCID 0000-0002-6938-2276),13919,
hannen@battelleecology.org,8054,
HANNIGAN ET AL,23342,
HANNSH,16612,
Hans J¯rgen Kj¯ll,17881,
HANSBORO,16613,
HANSBORO & EVERETT,23344,
HANSBRO,15238,
HANSEN,15239,
Hansen G.R.,8062,
HANSEN MINERALS,23345,
HANSEN OIL CO.,23346,
"Hansen, P.",8063,
Hanson,23347,
HANSON,23347,
HANSON-BASS,23349,
"HANSON & ALLEN, INC.",23348,
"HANSON & ALLEN, INC. & WHITE SHIELD OIL & GAS",23348,
HANSON EXPLORATION CO.,23347,
HANSON MINERALS,23347,
HANSON MINERALS CO.,23347,
HANSON MINERALS CO. (BASS ENTERP.),23348,
HANSON MINERALS CO. (FIRST ENERGY CORP.),23348,
HANSON OIL CORP.,23347,
"HANSON, B.M.-ALLEN, R.D.",,"HANSON, B.M.-ALLEN, R.D."
"HANSON, BRUNO",8068,
"HANSON, H.",8069,
"HANSON, NIEL",8071,
"HANSON, P.M.",8072,
"Hanson, Richard E.",8074,
HANTHO-NELSON (V.G. SCHIMMEL),23350,
HANTHO-NELSON INC (ALMA BELL),23350,
"HAPPY, CITY OF",23351,
Harald B‰cker,4471,
Haraldur Sigurdsson,13102,
"Haraldur Sigurdsson, Steven Carey",,"Haraldur Sigurdsson, Steven Carey"
HARBORTH OIL CO.,23352,
HARCOR EXPLORATION INC.,23353,
"HARDESTY, ELLIOTT",8083,
"HARDESTY, J. S.",8084,
"HARDIE, J.",8085,
HARDIN,16615,
HARDIN-MORGAN,23358,
HARDIN & AMOS,23354,
HARDING,16616,
HARDING BROS,23355,
HARDING BROTHERS,23355,
"HARDING, G.B. & CO.",23357,
"HARDING, R.E.",8087,
HARDY & MCCULLOUGH,23359,
HARDY GAS & OIL,23360,
"HARDY, CHARLES",8088,
"Hardy, Woodruff",8091,
HARGRAVE,16617,
HARGRAVE OIL - COLSON,23361,
HARGRAVES,16618,
HARGROVE,15240,
HARGROVE-FALVEY-DICKSON,23362,
HARGROVE-HACK DRILLING,23362,
HARGROVE-TEMPLE,23362,
"Hargrove, J.",8094,
"HARGROVE, TEMPLE",23362,
HARING ET AL,23363,
"HARING, COX & BOYD",23363,
"HARING, KIRKWOOD & STANOLIND",23363,
"HARING, LOUIS",8095,
HARKEN ENERGY,23364,
HARKEN ENERGY CORP.,23364,
Harker,16619,
HARKINS,16620,
HARKINS-MCGARR,23366,
HARKINS & CO.,23365,
HARKINS & CO. ET AL,23366,
HARKINS & MAYFAIR,23366,
Harkins and Co.,23365,
Harkins and Co. and Pioneer Production Corp.,23366,
"Harkins, Heath and Hodges",23366,
Harland Goldstein,7655,
"HARLEN, ROY",8096,
HARLEY & WHITTINGTON,23367,
"HARLINE, E.C. JR. ET AL",8097,
HARLYN OIL-MCCARTHY-CHRISTIE,23368,
HARMAN P-K,11906,
"Harman, M.",8099,
HARMON,16621,
Harmon Craig,6127,
"HARMON, JAKE",8101,
"HARMON, JAKE L.",8101,
"HARMONSON, A.B.",8102,
HARNELL,16622,
Harold E. Gill,7562,
Harold E. Johnson II,8106,
Harold Stowell,13548,
"Harold T. Stearns, Theodore K. Chamberlain",,"Harold T. Stearns, Theodore K. Chamberlain"
"Harold Wershow, Doug Clark, Nigel Davies, Adam Hawkins",,"Harold Wershow, Doug Clark, Nigel Davies, Adam Hawkins"
"Harold Wershow, Geoff Malich, Dick Birnbaum",,"Harold Wershow, Geoff Malich, Dick Birnbaum"
"HAROLD, J.S. ET AL",8107,
Harper,16623,
HARPER,16623,
HARPER-TURNER,23369,
HARPER & BEALS,23369,
HARPER & KNAPPENBERGER,23369,
HARPER & TURNER,23369,
Harper Baldwin (ORCID 0000-0003-2154-5213),4523,
HARPER ET AL,23369,
Harper J. A.,8108,
"Harper, J.",8108,
"HARPER, J.A. (?)",8108,
"HARPER, J.A. ET AL",8108,
"HARPER, O.C.",8109,
HARREL,15241,
HARRELL,15242,
HARRELL & SOUTHWORTH,23371,
HARRELL DRILLING CO.,23370,
HARRELL OIL CO.,23370,
"HARRELL, H.M.",8112,
"HARRELL, H.M. & LAWRENCE",23371,
HARRIGAN & FOHS,23372,
HARRINGTON,16624,
HARRINGTON & ROBINSON,23373,
"HARRINGTON, D.D.",8114,
"HARRINGTON, MARSH & WAGNER",23373,
HARRIS,16625,
HARRIS-ANDERSON,23375,
HARRIS-FUNK-BRAVADO OIL,23375,
HARRIS-NENNEY,23375,
HARRIS & HANNIE,23375,
HARRIS ET AL,23375,
HARRIS FENDER,23375,
HARRIS OIL CO.,23374,
"Harris, A.",8116,
"HARRIS, ALICE FAYE & PHIL",23375,
"HARRIS, B.",8117,
"HARRIS, DAVE",8118,
"Harris, Dr. William M.",8128,
"Harris, Harry",8120,
"HARRIS, HAWKINS, & DUNN",23375,
"HARRIS, JAMES J.",8121,
"Harris, James W. and Oglesby, Marshall",,"Harris, James W. and Oglesby, Marshall"
"HARRIS, PHIL-FAY, ALICE CO.",23375,
"Harris, R. Merrill",8123,
"HARRIS, R.R.",8124,
"HARRIS, RAY",8125,
"HARRIS, ROGER",8126,
"HARRIS, W.O.",8127,
HARRISON,15243,
HARRISON-ABERCROMBIE,23378,
HARRISON & ABERCROMBIE,23377,
HARRISON & CHILDRESS,23377,
HARRISON & CROMWELL,23377,
HARRISON & DANVERS,23377,
HARRISON & DAVIS,23377,
HARRISON & DAWES,23377,
HARRISON & DILLARD,23377,
HARRISON & ROSS,23377,
HARRISON ET AL,23377,
HARRISON ET AL - ABERCROMBIE CO.,23377,
HARRISON OIL CO.,23376,
"HARRISON, D.J.",8129,
"HARRISON, DAN",8129,
"HARRISON, DAN J. JR.",8129,
"HARRISON, DON JR.",8130,
"Harrison, George M.",8132,
"HARRISON, J.B.",8133,
"HARRISON, JR. OIL CO.",23376,
"HARRISON, L.C.",8134,
"HARRISON, S.G. OIL INC.",23376,
"HARRISON, SAM",8135,
"HARRISON, SAM G.",8135,
"HARRISON, U.M.",8136,
"Harrison, W.",8137,
"HARRISON, W.H. ET AL",8137,
"HARRISON,JR. DAN",8129,
"HARROUN, GLEN ET AL",8138,
Harry J. Dowsett,6634,
Harry Jol,9073,
Harry Ladd,9636,
Harry Rowe,12556,
Harry S. Ladd,9636,
HARSH ET AL,23379,
HART,16626,
HART-HOUSTON-BUTLER,23383,
HART & SON ET AL,23380,
HART ET AL,23381,
HART OIL CO.,23382,
"HART, EDGAR T. ET AL",8141,
"HART, M. E.",8142,
"HART, M.E.",8142,
"HART, M.L.",8143,
"HARTLEY, J.J.",8146,
HARTMAN,16630,
HARTMAN DRILLING CO.,23384,
HARTMAN ET AL,23385,
Hartselle Oil and Gas Co.,23386,
HARTWELL & MCGINLEY,23387,
"HARTZENDORF, A. ET AL",8147,
"HARVE, ARTHUR",8148,
Harvest Monrovia,10917,
HARVEY,16631,
HARVEY-PARK,23395,
HARVEY & CARPENTER,23393,
HARVEY & HENDERSON,23393,
HARVEY BROTHERS,23391,
HARVEY CO. LTD,23392,
HARVEY DRILLING CO.,23392,
HARVEY ET AL,23393,
Harvey J. Meyer,10735,
HARVEY TEX IL CO.,23394,
"HARVEY, ""TEX""",8153,
"HARVEY, ""TEX"" OIL CO.",23394,
"HARVEY, R.O.",8152,
"HARVEY, R.O. ET AL",8152,
"HARVEY, TEX",23394,
"HARVEY, TEX OIL CO.",23394,
"HARVEY, W. W.",8155,
"HARWELL, GRACE",8156,
Harwood et al,23396,
"Harwood, David",8157,
"Harwood, David M.",8157,
HASCHKE-TRUST,23397,
HASKINS DRILLING,23398,
"HASKINS, PAUL E. ET AL",8161,
HASON & SLAKEFORD,23401,
HASSELMAN (SALT DOME OIL),23402,
HASSIE HUNT INC.ORPERATED,23403,
HASSIE HUNT TRUST,23403,
HASTING,16632,
"HASTINGS, C.",8163,
"HASTINGS, J.W.",8164,
"HASTINGS, TOMILSON, & JOHNSON",23404,
Hatanaka,16633,
HATCH DEAN VEGA,23405,
HATHAWAY,23406,
HATHAWAY CO.,23406,
Hattie Oswald (ORCID 0000-0002-4810-0129),11519,
"HATTON, J.H.",8167,
"Hattox, J.W.; Lone S",,"Hattox, J.W.; Lone S"
Hauck R.,8170,
hauck@battelleecology.org,8169,
"HAUMMONS, S.",8171,
"Hauri, E. H.",8172,
HAUTIER,15244,
HAVEN OIL CO.,23407,
"Havennor, W.",8176,
"Havens, C.",8177,
HAVILIEN OIL & GAS CO.,23408,
"Hawes, G.",8181,
"HAWK, JAY OIL CO.",23410,
HAWKENS & HAWKENS,23411,
"HAWKER, H.W. ET AL (ALEXANDER-WILBART)",8182,
Hawkes,16634,
"Hawkeye Oil & Gas, Inc.",23412,
"Hawkeye Oil and Gas, Inc.",23412,
HAWKEYE PETROLEUM CORP.,23412,
HAWKIN,16635,
HAWKIN & GRAHAM,23413,
HAWKINS,15245,
HAWKINS  & MCDONALD,23413,
HAWKINS & CO.,23413,
HAWKINS & GILBERT,23413,
HAWKINS & HAWKINS,23413,
HAWKINS & HOWELL,23413,
HAWKINS & MAYFAIR,23413,
HAWKINS & NICHOLS,23413,
HAWKINS & WADLEY,23413,
Hawkins M.,8191,
"HAWKINS, H.L.",8186,
"Hawkins, Harold N. a",8187,
"HAWKINS, J.C.",8188,
"HAWKINS, J.C. (DELTA DRILLING)",8188,
"Hawkins, L. A.",8190,
"HAWKINS, MARION DONNELY (RUDMAN & WHITEHALL)",23413,
HAWKS-LLOYD-MILLER,23415,
"HAWKS, JEFF CO.",23414,
Hawley Dodson & Sons,23416,
"HAWLEY, JOHN",8193,
HAWN & SHELL,23417,
HAWN BROTHERS,23418,
HAWN BROTHERS - VENUS OIL CO.,23419,
"HAWN, R.H.",8194,
"HAWN, R.H. #1",8194,
"HAWORTH, J. FRED JR. (SEVERY)",8195,
HAWTHERN,16636,
"HAWTHORNE, HUGH",8196,
"HAWTHORNE, HUGH A.",8196,
Hayat Bennouar,4783,
"HAYER, E.S. JR.",8201,
HAYES GOETZ ET  AL,23420,
"Hayes, A.",8202,
"Hayes, A. O.",8202,
"Hayes, C. W.",8203,
"HAYES, CHARLES F.",8204,
"HAYES, MACK",8220,
"HAYES, MACK ET AL",8220,
Hayley Cawthra,5657,
Haymon_Rachel,8208,
"Haynehead Operating Company, LLC",23421,
HAYNER & REEVES (HAYNER ET AL),23422,
HAYNES,16637,
HAYNES-MESSLEY,23424,
HAYNES & OWENBY,23424,
HAYNES & V T DRILLING,23424,
HAYNES & V.T. DRILLING CO.,23424,
HAYNES DRILLING CO.,23423,
"HAYNES, CHARLES A.",8210,
"HAYNES, FRED",8211,
"Haynes, J. T.",8212,
"HAYNES, JOHN",8213,
HAYS,15246,
HAYS GEE,7474,
"HAYS, BREWSTER",8214,
"HAYS, EARL T.",8216,
"HAYS, LEE",8218,
"HAYS, M.A.",8219,
"HAYS, MACK",8220,
"HAYS, MACK & MONTOUR",23425,
HAYTER-WHITTEN,23426,
HAYWARD-WEINER,23427,
Hazel Green Oil and Gas Co.,23428,
"HAZEL, C.B.",8222,
"HAZEL, C.B. & BURROW, H.",,"HAZEL, C.B. & BURROW, H."
HAZELWOOD,16638,
hbartholomaus@battelleecology.org,8225,
hbeeler@battelleecology.org,8226,
hbeeler@field-ops.org,8226,
HBeeler@field-ops.org,8226,
HBPLD Oil Exploration Corp.,23429,
hbrattkus@battelleecology.org,8228,
hbull@battelleecology.org,8229,
HC,16639,
HC-TH,28773,
HC/AC,28770,
HC/CB,16640,
HC/CH/MK,28771,
HC/YB,28772,
hchristofferson@battelleecology.org,8230,
HD&H,28774,
HDP INC.,23430,
HEAD & MCCORD & WELCH,23431,
HEAD & WELCH,23431,
Headden W.P.,8234,
"Headden, W.P.",8234,
"Headden, William Parker",8234,
HEADINGTON,15247,
HEADWATER,23432,
HEADWATERS,23432,
HEADWATERS OIL CO.,23432,
HEALEY-LEBLOND,23433,
HEALEY-LEBLOND-DELWOOD OIL CO.,23433,
HEALEY & LE BLOND,23433,
HEALEY & LEBLONDE,23433,
HEALY PRODUCING CO.,23434,
HEARD,16641,
HEARD & HEARD,23435,
HEARD & HEYSER,23435,
HEARD & SWIFT,23435,
"HEARD, HALL, & YOUNG OIL CO.",23435,
"HEARD, J. W.",8235,
"HEARD, J.W.",8235,
HEARN,16642,
"Hearn, B. C.",8239,
"Hearn, B. C., Shaw, H., and Bateman, A.",,"Hearn, B. C., Shaw, H., and Bateman, A."
heaston@battelleecology.org,8241,
"Heath, E.O., Jr.",8242,
"Heath, Owen",8244,
"HEATH, W.W.",8246,
Heather Winslow,14671,
Heather Winslow/Philipp Ruprecht,,Heather Winslow/Philipp Ruprecht
heaton@battelleecology.org,8248,
"HEBBERT, H.E.",8253,
HEBERT,15248,
HEBERT & CLAYPOOL & MEANS,23436,
HEBERT & SMITH,23436,
"HEBERT, H.B.",8254,
"HEBERT, H.B. ET AL",8254,
HECI,15249,
"Hedberg, J. D.",8260,
HEDDRICK,15250,
HEDGE,16643,
HEDGE OIL CO.,23438,
"HEDGE, R. ET AL",8261,
"HEDGE, R.H.",8262,
"HEDGE, RAYMOND",8261,
HEDINGTON,15251,
"HEDLEY, J.D.",8263,
HEDRICK,23439,
HEDRICK-CHAMBERS,23440,
HEDRICK OIL CO.,23439,
HEDRICK OIL CORP.,23439,
HEEP,15252,
HEEP OIL,23441,
HEEP OIL (SHELTON ET AL),23442,
HEEP OIL CO.,23441,
HEEP OIL CORP.,23441,
HEEP OIL CORP. ET AL,23442,
"HEEP, HERMAN",8264,
HEFLIN & FOX,23443,
HEGAN & STEWART,23444,
HEHSHAW & DAVIS,23445,
"HEID, JAMES",8267,
Heida Diefenderfer,6513,
Heidi Franz (ORCID 0000-0002-4613-9791),7311,
"Heikes, V.",8269,
"HEILIS, W.M.",8271,
HEINEN,16644,
HEINEN & GARONZIK,23446,
Heinrich E. Wm.,8274,
Heinrich E.W.,8274,
"HEINSATH, C.H.",8275,
HEINSOHN,16645,
"Heintz, G.",8276,
HEINZE,15253,
HEINZELMAN ET AL,23447,
"HEISLER, G.",8278,
"Hekinian, R.",8280,
Helaine W. Markewich,10307,
HELBERICH & PAYNE,23448,
Helen Regina da Silva Rossi (ORCID 0000-0003-2904-2960),16278,
Helen Rossi (ORCID 0000-0003-2904-2960),12527,
Helen St. John (ORCID 0000-0002-3485-3744),13389,
HELENA OIL CO.,23449,
HELENEC,16646,
helias @field-ops.org,8281,
HELIS,16647,
HELIS & SUN,23450,
"HELIS, W.G. ESTATE",23451,
"HELIS, WILLIAM G. ESTATE",23451,
HELMERICH & PAYNE ET AL,23453,
HELMERICH & PAYNE INC,23452,
HELMERICH & PAYNE INC.,23452,
"HELMERICH & PAYNE, INC",23452,
"HELMERICH & PAYNE, INC.",23452,
"Helmerich and Payne, Inc.",23452,
HELMERICK & PAYNE ET AL,23453,
HELMRICH & PAYNE,23452,
"HELMRICH & PAYNE, INC.",23452,
"HELMRICK, W.H. ET AL (PAYNE)",23453,
HELMS,16648,
HELMS & HATCH,23458,
HELMS OIL CO.,23459,
Helms Southern States Oil Co.-Clinch Drilling Co.,23460,
"Helms, Fred T.",8283,
"Helper, M.",8284,
"Helper, Mark A.",8285,
"Helsley, C. E.",8286,
HELVITA OIL CO.,23461,
"Helz, R. T.",8288,
"Hembree, Oscar O.",8292,
"Hembree, Oscar O. and Jones, Grady E. DBA Roxy-Ann Oil Co.",26456,
HEMINGWAY & BARTELL,23462,
HEMINGWAY ET AL,23463,
Hemming,16649,
HEMPHILL,16650,
"Henbest, L.",8295,
HENCHAW BROS. ET AL,23464,
HENDERSON,15254,
HENDERSON-LYNN,23468,
HENDERSON & COQUAT,23467,
HENDERSON & HARVEY,23467,
HENDERSON CLAY PRODUCTS,23465,
HENDERSON CO.,23466,
HENDERSON COQUAT,23467,
HENDERSON DRILLING CO.,23466,
HENDERSON ET AL,23467,
Henderson Jr. W.A.,8296,
HENDERSON OIL CO.,23466,
HENDERSON PRODUCTION CO.,23466,
"Henderson, E.",8299,
"Henderson, E. and Fleischer, M.",,"Henderson, E. and Fleischer, M."
"HENDERSON, F.C.",8300,
"Henderson, J. Keller",8302,
"HENDERSON, PETER",8304,
"HENDERSON, R H",8305,
"HENDERSON, R.H.",8305,
"HENDERSON, R.H. ET AL",8305,
"HENDERSON, ROY",8306,
hendersonkm@battelleecology.org,8308,
Hendon Drilling Co.,23469,
HENDRICK,23470,
HENDRICK OIL,23470,
hendricksonj@battelleecology.org,8311,
HENELY-JOHNSTON,23471,
henigan@battelleecology.org,8316,
"HENKLE, G.S.",8317,
HENLEY-JOHNSTON,23472,
HENLEY JOHNSTON,23472,
HENNA,16651,
Henning Lorenz,138,
"HENNINGER, A. E.",8319,
Henri Bougault,5037,
HENRICK-FORTE,23473,
henriquez-paulino@battelleecology.org,8320,
Henry Baumgardner (ORCID 0009-0001-0554-1813),4665,
Henry Dick,6502,
Henry Greene (ORCID 0009-0009-3680-4899),7786,
Henry Lamb,9656,
Henry Meyer,10736,
Henry Neal,11205,
HENRY PETROLEUM,23474,
"HENRY, WINSTON P. ET AL",8321,
HENSER & WORCHEN,23475,
HENSHAW,16652,
HENSHAW-EASON,23478,
HENSHAW-RAMSEY,23478,
HENSHAW & BARNUM,23478,
HENSHAW & CAMP,23478,
HENSHAW & NELSON,23478,
HENSHAW & ROTHERT,23478,
HENSHAW BROS.,23476,
HENSHAW BROS. & HARRISON,23477,
"HENSHAW BROS., HOWE & HENRY",23478,
HENSHAW BROTHERS,23476,
HENSHAW BROTHERS & E.H. SMITH,23477,
HENSHAW ET AL,23478,
HENSHAW JR & CO.,23478,
"HENSHAW, G.A.",8324,
"HENSHAW, GEORGE",8325,
"HENSHAW, H.H.",8326,
HENSON,16653,
"HENSON, CORP.",23479,
henzler@battelleecology.org,8328,
HEPWORTH ET AL,23480,
Herb Wright,14747,
"Herb Wright, Carrie Jennings",,"Herb Wright, Carrie Jennings"
"Herb Wright, Emi Ito, Karin Ahlberg",,"Herb Wright, Emi Ito, Karin Ahlberg"
HERBERT,15256,
HERBERT-CLAYPOOL & MEANS,23483,
HERBERT-CLAYPOOL&MEANS,23483,
HERBERT-STILL & HOOPER,23483,
HERBERT & SMITH,23483,
HERBERT OIL,23481,
HERBERT OIL CO.,23482,
"HERBERT, H.B., ET AL",23483,
HERBETZ OIL CO.,23484,
HERCON,16654,
HERCULES OIL CO.,23485,
HERD PRODUCTION CO.,23486,
HEREFORD OIL & GAS CO.,23487,
HERITAGE RESOURCES,23489,
"Herlihy, John D.",8330,
HERMAN-GRAHAM,23491,
HERMAN BROTHERS,23490,
Herman Yagoda,14789,
"Herman, D.",8331,
HERMANN,16655,
HERMANN BROTHERS,23490,
Hermann Kudrass,9586,
Hermano M. Queiroz,12096,
Hermano Queiroz,12096,
"HERNSTADT, W.L.",8337,
HEROD & ABSHER,23492,
HERRELL,16657,
HERRING,15257,
HERRING-IRELAND,23499,
HERRING DRILLING,23497,
HERRING DRILLING & IRELAND,23498,
HERRING DRILLING ET AL,23498,
"HERRING, D",8341,
"Herring, Maxwell",8342,
"HERRING, OTTO",8343,
"HERRING, S. C.",8344,
"HERRING, S.C.",8344,
Herriott/Gillis,,Herriott/Gillis
HERRMANN,16658,
HERSH,16659,
HERSHEY,16660,
HervÈ GILLET,7568,
HERVEY ET AL,23500,
"Herzer, R.H.",8350,
Hess F.W.,8358,
"Hess, F.",8356,
"Hess, F. L.",8357,
"Hess, H.",8359,
"Hesse, F.W.",8360,
"Hesse, Robert",8361,
HESTER,15258,
HESTER & HYDRO,23502,
HESTER & KINGERY,23502,
HESTER & SON,23502,
HESTER BROTHERS,23501,
"HESTER, B.M.",23503,
"HESTER, B.M. & SON",23502,
"Hester, Joe B.",8365,
heston@battelleecology.org,8367,
"HEVES, EDWARD & SONS",23504,
Hewett,16661,
HEWIT-DOUGHERTY & OGDEN,23505,
HEWIT & DOUGHERTY,23505,
"HEWIT, W.E. ET AL",8369,
HEWITT,16662,
HEWITT-TEXAS PETROLEUM DEVELOPMENT CO.,23505,
HEWITT & BALLARD,23505,
HEWITT & DOUGHARTY,23505,
HEWITT & DOUGHERTY,23505,
HEWITT EST.,23506,
HEWITT ET AL,23505,
"HEWITT, L.C.",8370,
HEXAGON OIL & GAS,23507,
"HEXT, CITY OF",23508,
HEYDRICK,23509,
HEYDRICK PETROLEUM CO.,23509,
"Heyl, G. R.",8373,
HEYSER,16663,
HEYSER-HEARD,23510,
HEYSER-HEARD-CLARDY,23510,
HEYSER-HEARD & JONES,23510,
HEYSER-HEARD & KEY,23510,
HEYSER-HEARD & WALTON,23510,
HEYSER & HEARD,23510,
"HEYSER, HEARD & CLARDY (ET AL)",23510,
hgaya@field-ops.org,8377,
HGaya@field-ops.org,8377,
HHR,16664,
HI-POINT OIL CO.,23570,
hiatt@battelleecology.org,8378,
HIAWATHA,15259,
HIAWATHA OIL-PLYMOUTH OIL,23512,
HIAWATHA OIL-SHAMROCK OIL,23512,
HIAWATHA OIL & GAS,23511,
HIAWATHA OIL & GAS CO.,23511,
HIBANK,15260,
HIBBARD,16665,
HIBBERT,16666,
HIBBERT & BUTLER,23514,
HIBBERT & HALBOUTY,23514,
HIBBERT OIL CO.,23513,
"HIBBERT, R.E.",8379,
HICKCOCK & REYNOLDS,23515,
HICKEY,16667,
HICKEY & CO.,23516,
HICKEY & COLLARD,23516,
HICKEY & STEPHENS,23516,
HICKEY ET AL,23516,
"HICKEY, C.B.",8381,
"HICKEY, JIM",8382,
HICKMAN,16668,
HICKMAN ET AL,23517,
HICKOCK-REYNOLDS,23518,
HICKOCK & REYNOLDS,23518,
HICKOCK & REYNOLDS (KEOUGH?),23518,
HICKOCK PRODUCTION DEVELOPMENT CO.,23519,
HICKOK,16669,
HICKOK & REYNOLDS,23518,
HICKOK & REYNOLDS-DINERO,23518,
"HICKOK & REYNOLDS, INC.",23518,
"Hickox, I. N.",8384,
HICKS,16670,
"HICKS, THEO/KILLAM",,"HICKS, THEO/KILLAM"
"HICKS, THEODORE",8385,
"HICKS, VIRGIL",8386,
HIDALGO OIL,23520,
HIENIE ET AL,23521,
"Hietanen, A.",8391,
HIGGINBOTHAM,15261,
HIGGINBOTHAM-BROWN & GARDENER,23523,
HIGGINS,16673,
Higgins J.B.,8394,
"Higgins, M.",8395,
"HIGGINS, P.",8396,
HIGGS - CUNNINGHAM,23524,
HIGH CREST OIL CO.,23525,
HIGH ISLAND SULPHUR,23526,
HIGHLAND,16674,
HIGHLAND OIL,23527,
Highland Oil Co.,23527,
HIGHLAND OIL CO.,23527,
HIGHLAND RESOURCES,23528,
"Highland Resources-Brown, George R.",5234,
HIGHLAND RESOURCES - G.R. BROWN,5234,
HIGHLAND RESOURCES CORP.,23528,
HIGHLAND RESOURCES INC. (PRIMARY FUELS INC.),23528,
"Highland Resources,",23528,
"HIGHLAND RESOURCES, INC",23528,
"Highland Resources, Inc.",23528,
Highland View Elementary School,23529,
HIGHLANDS OIL,23530,
"HighMount Black Warrior Basin, LLC",23531,
"HIGHNOT, L.G.",8397,
HIGHTOWER,23532,
HIGHTOWER OIL & REF CORP.,23532,
HIGHTOWER OIL & REFINING CO.,23532,
"HILBUN, N.V.",8400,
HILBURN,16675,
HILBURN-AUTRY,23533,
"HILBURN, BAY",8401,
Hilcorp Energy Company,23534,
"Hilcorp Energy Company, Inc.",23534,
Hildebrand,8402,
HILDRETH-WILBURN ET AL,23535,
HILDRETH ET AL,23535,
HILL,8404,
HILL-DUNCAN,23546,
HILL-HILL,23547,
HILL-ROARK-HOOKER,23540,
"HILL-TEXAS OIL-HARRISON, B.J.",23540,
HILL-TRUST,23540,
HILL-WAGNER-HAY,23540,
HILL & ADAMS,23540,
HILL & HILL,23540,
HILL & HILL-CHERRY-OSMOND,23540,
HILL & HILL INC,23540,
HILL & HILL TRUCK LINE,23540,
HILL & MCLEAN,23540,
HILL & MEEKER,23540,
HILL A.G. ET AL,8407,
HILL BROS. & KOONTZE,23536,
HILL COUNTRY CONSERVATION DIST.,23537,
HILL COUNTRY ESTATE,23538,
HILL DEVELOPMENT CORP.,23539,
HILL ET AL,23540,
HILL INTERNATIONAL PRODUCTION CO.,23541,
HILL PRODUCTION CO.,23541,
HILL PRODUCTION CORP.,23541,
HILL TRUST,23542,
"HILL, A.",8405,
"HILL, A.C.",8406,
"HILL, A.G.",8407,
"HILL, A.G. - REYNOLDS",23543,
"HILL, A.G. & HARVEY ET AL",23540,
"HILL, A.G. DRILLING",23544,
"HILL, A.L.G.",8408,
"HILL, D.C.",8411,
"HILL, GREGG",8412,
"HILL, H. HOOKER",8413,
"HILL, J.C.",8414,
"HILL, J.E.",8415,
"HILL, KIRK",8417,
"HILL, P. E. ET AL",8420,
"Hill, R.",8421,
"HILL, VIRGINIA",8423,
hill@field-ops.org,8404,
HILLARD,16676,
HILLBURN,16677,
HILLCREST,23545,
HILLCREST OIL CO.,23545,
HILLER,15262,
HILLIARD,16678,
HILLIARD OIL & GAS CO.,23548,
HILLIARD OIL & GAS INC.,23548,
"Hilliard Oil and Gas, Inc.",23548,
HILLIER & TURNER,23549,
HILLIN-FUNDIMENTAL OIL CORP.,23552,
HILLIN PRODUCTION CO.,23550,
HILLIN SIMON OIL CORP.,23550,
"HILLIN, R.K. & R.N. HILLIN",,"HILLIN, R.K. & R.N. HILLIN"
"HILLIN, R.N.",8426,
"HILLIN, ROBT. K.& R.N.",23551,
"HILLJE, FRED",8427,
"HILLMAN, R. C.",8429,
HILLSBORO MKT.,23553,
HILLSMAN-GREENBERG OIL CO.,23554,
HILLTOP OIL CO.,23555,
"Hillwood Energy Alabama, L.P.",23556,
Hilton_David,8433,
"HILTY, INC",23557,
HINCHLIFF & SMITH,23558,
HINDER-WILLIAMS,23559,
HINDMAN,16680,
"HINDMAN, G.W.",8437,
"HINDMAN, S.J.",8438,
HINDS,16681,
Hinds & Fields,23561,
HINDS & HANCOCK-SHELL,23561,
HINDS DRILLING CO.,23560,
HINDS DRILLING CO. - PHILLIPS,23560,
"HINDS, CLEM",23562,
"HINDS, W.L. ET AL",8439,
HINES,16682,
"HINES, E.J.",8440,
"HINES, F.A. ET AL",8441,
"HINES, F.P. ET AL",8442,
"HINES, H.F.",8443,
"HINES, HARRY",8443,
"HINES, W. L.",8445,
HINKLE,23563,
HINKLE DRILLING CO.,23563,
HINKLE EXPLORATION,23563,
Hinkley  W.P.,8446,
"HINN, A.G.",8447,
HINSON & TIDWELL,23564,
HINSON BROTHERS,23565,
HINTON,16683,
HINTON & DODSON,23566,
HINTON & HAGER,23566,
HINTON & MAGNOLIA PETROLEUM,23566,
HINTON & STEVENS,23566,
HINTON & TIDWELL,23566,
HINTON ET AL,23566,
HINTON PRODUCTION,23567,
HINTON PRODUCTION CO.,23567,
"HINTON, W.B.",8450,
"HINTON, W.B. - AMERICAN LIBERTY",8450,
"HINTON,W.B.",8450,
"Hints, Olle",150,
HIO-MEX,23568,
HIP ET AL,23569,
"HIPKE, DALE",8452,
Hironori Funaki,7385,
"Hironori Funaki, Olivier Evrard",,"Hironori Funaki, Olivier Evrard"
HIRST BONIFIELD,4997,
Hiss W.,8455,
Hiss W.L.,8455,
HISSOM,16684,
HITCHCOCK-COOPER-FELTNER,23571,
HITCHCOCK ET AL,23571,
"Hitchcock, C.",8456,
"Hitchcock, R.",8457,
"Hix, J.",8458,
hkatz@field-ops.org,8460,
HMCIA (???),23573,
HMH,16685,
HMH OPERATORS,23574,
Hoag,16686,
HOBBS PETROLEUM CO.,23575,
"Hobbs, W.",8468,
HOBERT & SMITH,23576,
HOBLEA F,8469,
HOBLITZELLE,23577,
"HOBSCO CORP. (DAVIS, W.R. INC.)",23578,
HOBSON,16687,
HOBSON-MOORE,23579,
Hochstaedter,8472,
"Hodge, T.F.",8475,
"HODGE, T.F.",8475,
"Hodge, T.F. & Morrow Oil & Gas Co.",23580,
"Hodge, T.F. and Morrow Oil and Gas Co.",8475,
HODGES,16688,
HODGES & SLOAN,23580,
HODGES ET AL,23580,
"HODGES, T.F. (FRANK NICE JR)",8475,
"HODGES, T.F. ET AL",8475,
hodom@battelleecology.org,8479,
HOESEL,16689,
HOFCO,15263,
HOFFER OIL CO.,23581,
HOFFER OIL CORP.,23581,
"HOFFER, T. B.",8485,
"HOFFER, T.B.",8485,
HOFFMAN & SIMON,23582,
"HOFFMAN, H.J. ET AL",8486,
"HOFFMAN, J.C.",8487,
"Hoffman, Steven M.",8490,
HOFFMEIR-HEALY,23583,
HOFFPAUIR,16691,
HOGAN,16692,
HOGAN & WHITE,23584,
HOGAN RANCH,23585,
"HOGAN, BEN",8497,
"HOGAN, CECIL",8498,
"HOGAN, D. S.",8499,
"HOGAN, FRED",8500,
HOGG OIL CO.,23586,
"HOGG, MIKE ET AL",8502,
HOGUE POOLE,11948,
"Hohmann, T.",8506,
"HOILLY, H. R.",8507,
"Hoin, W.",8508,
HOKE-PARSONS,23588,
"HOLBROOK, F.W.",8510,
"HOLBROOK, F.W. - MIDLAND PRODUCTION",23590,
"HOLBROOK, F.W. & PAGE",23590,
"HOLBROOK, F.W./BRENNAND, R.S.",,"HOLBROOK, F.W./BRENNAND, R.S."
"HOLBROOK, S.W.",8511,
HOLCOMB & THOMASON,23591,
"Holcomb, R. T.",8512,
"Holcomb, R. T. and JCR",,"Holcomb, R. T. and JCR"
"HOLDBROOK, F.W.",8513,
"HOLDEMAN, J.H.",8514,
HOLDEN,16693,
Holden A.F.,8515,
"Holden,  Alfred Fairchild",8515,
"Holden, Alfred Fairchild",8515,
Holden_James,8516,
Holden_Jim,8516,
"HOLDER, A.C.",8517,
"HOLDITCH, S.A. & ASSOCIATES",23592,
"HOLETZELLE, KARL",8519,
HOLHEN & SMITH,23593,
HOLLAND,23595,
HOLLAND-SHELL,23597,
HOLLAND & SMITH,23596,
HOLLAND & SMITH (ET AL),23596,
HOLLAND CITY,23594,
HOLLAND ET AL,23596,
HOLLAND GAS & OIL CO.,23595,
HOLLAND OIL,23595,
HOLLAND OIL CO.,23595,
HOLLAND OIL CO. (CHARLES HANNAH ET AL),23596,
HOLLAND OIL CO. (HARRY HOTCHKINS),23595,
"Holland Operating Co., Inc.",23595,
HOLLAND PETROLEUM,23595,
Holland Well Co.,23595,
"HOLLAND, W. H.",8522,
"HOLLAND, W.C. ET AL",8521,
"HOLLAND, W.H.",8522,
"HOLLAND, WILSON",8523,
HOLLANDSWORTH DRILLING CO.,23598,
HOLLEMAN,16694,
Holleman and Parks Oil and Gas Co.,23599,
HOLLEY-RODNEY-DE LANGE,23600,
HOLLIDAY,15264,
"HOLLIDAY, SAMUEL",8525,
HOLLIFIELD & NORTEX,23601,
HOLLIMAN-MCLEAN,23602,
HOLLIMEN,15265,
hollinger@battelleecology.org,8526,
HOLLINGSWORTH,16695,
HOLLINGSWORTH-STANOLIND,23603,
HOLLINGSWORTH & TRAVIS,23603,
"HOLLINGSWORTH, EARL & E.C. JOHN",23603,
"Hollock-Houser, S. J",8531,
HOLLUB LAMBERT DRILLING CO.,23604,
HOLLUB LAMBERT DRILLING COMPANY,23604,
HOLLY BROS,23605,
HOLLY DEVELOPMENT CO.,23606,
HOLLY ENERGY INC.,23606,
"Holly Energy, Inc.",23606,
Holly Ewing,7001,
Holly Latta (ORCID 0000-0002-3991-0445),9731,
Holly Michael,10746,
HOLLY URANIUM CORP.,23607,
HOLMAN,16696,
Holman K.,8533,
holmanc@battelleecology.org,8532,
holmanm@battelleecology.org,8534,
HOLMES,16697,
HOLMES-SLICK & MUSSELMAN,23609,
HOLMES & FELDMAN (ET AL),23609,
HOLMES & GOODWIN,23609,
HOLMES & VICK,23609,
Holmes and Mather,23609,
HOLMES DRILLING & MIDWEST OIL,23609,
HOLMES DRILLING & MOSBACHER,23609,
HOLMES DRILLING CO.,23609,
HOLMES ET AL,23609,
"HOLMES, MOSS",8537,
"Holmes, W.",8538,
"HOLMES, W.W. ET AL",8538,
HOLMSTROM & CAFFEY,23610,
holsopple@battelleecology.org,8542,
HOLT-YOUNG-NANNY,23613,
HOLT BROTHERS,23611,
HOLT ENGINEERING,23612,
"HOLT ENGINEERING, INC.",23612,
"HOLT, ROBERT B.",8545,
HOMA,16698,
HOMA ET AL,23614,
HOME,16699,
HOME-STAKE PRODUCTION CO.,23619,
HOME - PEOPLES OIL & GAS CO.,23616,
HOME OIL & REFINING CO.,23615,
HOME OIL CO.,23615,
HOME OIL CO. (WRIGHTSMAN OIL),23616,
HOME PETROLEUM,23615,
HOME PETROLEUM / SEE COMMENT,23615,
HOME PETROLEUM CO.,23615,
HOME PETROLEUM CORP.,23615,
HOMESTAKE,23618,
HOMESTEAD OIL & GAS CO.,23620,
"HOMEYER, ARTHUR W.",8548,
HOMOKLA OIL CO.,23621,
HONDO DRILLING CO.,23622,
HONEA ET AL,23623,
"HONEA, R.F. ET AL",8550,
"Honea, Russell",8551,
HONEY GROVE GAS & OIL,23624,
HONEYCUTT & THOMAS,23625,
Hongyu Mu/Yaoqi Zhou,,Hongyu Mu/Yaoqi Zhou
HONLON ET AL,23626,
"Honnorez, B. M.",8554,
HONOLULU,23627,
HONOLULU-CASCADE,23628,
HONOLULU-OIL CORP.,23627,
HONOLULU - SINCLAIR,23628,
HONOLULU - WAHLENMAIER (PAN AMERICAN PETROLEUM CORP.),23628,
HONOLULU & GULF & ATLANTIC,23628,
HONOLULU & SINCLAIR,23628,
HONOLULU ET AL,23628,
HONOLULU OIL-DEVONIAN OIL,23628,
HONOLULU OIL-SIGNAL OIL,23628,
HONOLULU OIL - LIVERMORE,23628,
HONOLULU OIL CO.,23627,
HONOLULU OIL CORP.,23627,
HONOLULU OIL CORP. - BLACK,23628,
HONOLULU OIL CORP. - PAN AMERICAN,23628,
HONOLULU OIL CORP. - SIGNAL OIL,23628,
HONOLULU OIL CORP. & LLANO,23628,
HONOLULU OIL CORP. (HUNTER TRUSTEE),23628,
HONOLULU OIL CORP. (PAN AMERICAN PETROLEUM CORP.),23628,
HONOLULU OIL ET AL-GULF,23628,
HONOR OIL CO.,23629,
Honora Tisell (ORCID 0000-0002-1541-5968),13869,
HOOD,16700,
HOOD-LINEHAN-STOLTENBERG,23631,
HOOD OIL & GAS,23630,
HOOD OIL & GAS CO.,23630,
"HOOD, H.C.-PAN AMERICAN",23631,
"HOOD, NEELD",23631,
HOOKER,15266,
HOOKER-DEMOHRENSCHILDT,23632,
HOOKER ET AL,23632,
HOOKS & WEAVER,23633,
"HOOKS, CHARLES ET AL",8559,
HOOPER,16701,
HOOPER-RUTHERFORD,23634,
HOOPER-RUTHERFORD-ELEANOR OIL,23634,
HOOPER & DUKE,23634,
HOOPER & HORNE,23634,
HOOPER AND DUKE,23634,
HOOSER,15268,
HOOSER ET AL,23635,
"HOOSER, J.W.",8560,
HOOSIER,16702,
"HOOSIER, JOHN",8561,
"HOOSIER, JOHN ET AL",8561,
"HOOTKINS, SEYMOUR G.",8563,
Hoover,15269,
HOOVER-EDWARD,23636,
HOOVER ET AL,23636,
"HOOVER, B.L.",8564,
"HOOVER, M.C.",8565,
HOPE,15270,
HOPE DRILLING CO.,23637,
HOPE ET AL,23638,
HOPE NATURAL GAS,23637,
HOPE NATURAL GAS CO.,23637,
HOPE OIL CORP.,23637,
HOPE PETROLEUM CO.,23637,
HOPE PRODUCTION CO.,23637,
"HOPE, ALVIN",8566,
"HOPE, ALVIN C.",8566,
"HOPE, ALVIN C. & ADOBE OIL",8566,
"HOPI, INC.",23639,
HOPKINS,16703,
HOPKINS & JACKSON,23640,
HOPKINS LOW,23641,
"HOPKINS, A.A.",8567,
"HOPKINS, E.B.",8568,
"HOPKINS, S.A.",8571,
"Hopkins, T.",8572,
"Hopson, C.",8574,
"Hopson, C. A.",8574,
HORC,15271,
HORDAN CREEK OIL & GAS,23642,
HORE,16704,
HORGARD & FETZGERALD,23643,
HORIZON,23644,
HORIZON OIL,23644,
HORIZON OIL & GAS,23644,
HORIZON OIL & GAS CO.,23644,
HORN,15272,
HORN & TOBIN INC.,23645,
"HORN, A.C.",8575,
HORNADAY,16705,
HORNBERGER,15273,
HORNBERGER & FERGUSON,23646,
HORNBERGER ET AL,23646,
HORNDAY ET AL,23647,
HORNE,15274,
HORNE BROS,23648,
Horne Drlg. Co.,23649,
"Horner, Timothy",8578,
HOROBA OIL & GAS CO.,23650,
HORRIGAN & FOHS,23651,
horrocks@battelleecology.org,8580,
Horst Marschall,470,
HORTON,16706,
HORTON-WIGGINS,23652,
"Horton, F.",8581,
"HORTON, H.",8582,
HORWITZ,16707,
HORWITZ & OLDHAM,23653,
Hˆrz,16708,
HOSS & DOWNEY,23654,
hoswald@battelleecology.org,8583,
"HOTCHKINS, HARRY",8584,
"HOTCHKINS, HARRY (A.A. HUMPHREY)",8584,
"Hotchkiss, W.",8587,
"Hotz, P. E.",8588,
houde@battelleecology.org,8590,
HOUDIN OIL CO.,23655,
"HOUGEN, J.H.",8592,
"Houghton, F.",8593,
Hourdez_Stephane; Gollner_Sabine; Fisher_Charles,,Hourdez_Stephane; Gollner_Sabine; Fisher_Charles
HOUSCH & THOMPSON,23659,
HOUSE,15275,
"HOUSEMAN, SHERMAN",23656,
HOUSER & CAMPBELL,23658,
Houser Drilling Co.,23657,
HOUSER ET AL,23658,
Houser R. G. and Modesett J. W.,,Houser R. G. and Modesett J. W.
"Houser, R. G.",8598,
"Houser, R.G., Contractor For Williams Development Syndicate",8598,
"Houser, R.G., Contractor For Williams, Grady",8598,
"HOUSER, WARREN, GINTHER",23658,
HOUSH,16709,
HOUSH-SCHOOFIELD-THOMPSON,23659,
HOUSH-THOMPSON,23659,
HOUSH-THOMPSON INC.,23659,
HOUSH & AMERICAN REPUBLIC,23659,
HOUSH & THOMPSON,23659,
"HOUSH, C.N.",23660,
HOUSLEY-JACOBS,23661,
HOUSLEY-JACOBS-SWEARING,23661,
HOUSTON,15845,
HOUSTON-HEEP,23666,
HOUSTON-MORGAN,23666,
HOUSTON-TIDEWATER,23666,
HOUSTON COUNTY,23663,
HOUSTON DRILLING - GULFBOARD OIL,23666,
HOUSTON FARMS,23664,
HOUSTON GEOLOGICAL SOCIETY,23665,
HOUSTON L.L.&E.,23666,
HOUSTON NAT. GAS PRODUCTION,23662,
HOUSTON NATURAL GAS,23662,
HOUSTON NATURAL GAS & ENRON,23666,
HOUSTON O.C. & T,23666,
HOUSTON OIL,23662,
HOUSTON OIL-AMERICAN REPUBLIC,23666,
HOUSTON OIL - ATLANTIC REFINING,23666,
HOUSTON OIL & GAS,23662,
HOUSTON OIL & MINERAL,23662,
HOUSTON OIL & MINERALS,23662,
HOUSTON OIL & MINERALS CORP. (TENNECO OIL CO.),23666,
HOUSTON OIL & TAYLOR REFINING,23666,
HOUSTON OIL & VACCUM,23666,
"Houston Oil and Gas Co., Inc.",23662,
Houston Oil and Minerals Corp.,23662,
Houston Oil Co.,23662,
HOUSTON OIL CO.,23662,
HOUSTON OIL CO. - REPUBLIC PRODUCTION CO.,23666,
HOUSTON OIL CO. - SHELL OIL CO.,23666,
HOUSTON OIL CO. & GEO. COATES,23666,
HOUSTON OIL CO. (ARCO),23666,
HOUSTON OIL CO. (ATLANTIC REFINING CO.),23666,
HOUSTON OIL CO. ET AL,23666,
HOUSTON OIL PRODUCTION,23662,
HOUSTON OIL WELL,23662,
HOUSTON OIL WELL SERVICE,23662,
HOUSTON PETROLEUM CO.,23662,
HOUSTON REPUBLIC,23667,
"HOUSTON, CITY OF",23668,
HOVGARD,16710,
HOVGARD-FITZGERALD,23669,
HOVGARD-FITZGERLAD,23669,
HOVGARD-SOJOURNER,23669,
HOVGARD & BRODIE,23669,
HOVGARD & FITZGERALD,23669,
HOVGARD ET AL,23669,
"HOVGARD, CARL",8599,
HOWARD,15846,
HOWARD-ROLLS,23671,
HOWARD & SPENCER,23671,
HOWARD COUNTY OIL CO.,23670,
HOWARD ET AL,23671,
"Howard Mooers, Heidi Rantala",,"Howard Mooers, Heidi Rantala"
"Howard Mooers, Phil Larson",,"Howard Mooers, Phil Larson"
"Howard Mooers, Shane Loeffler",,"Howard Mooers, Shane Loeffler"
HOWARD PETROLEUM CO.,23672,
"HOWARD, EVAN",8601,
"HOWARD, IVAN",8602,
"HOWARD, M.P. ET AL",8605,
"HOWARD, W.M.",8607,
howatt@battelleecology.org,8608,
"Howe, E.",8609,
"Howe, G.",8610,
"Howe, M. W.",8611,
HOWELL,16711,
HOWELL-HOLLOWAY-HOWELL,23674,
HOWELL & FARENTHOLD,23674,
HOWELL & FORNEY,23674,
HOWELL & HOLLOWAY,23674,
HOWELL & HOLLOWAY & HOWELL,23674,
HOWELL & OWENS,23674,
HOWELL & SHELLY,23674,
HOWELL DRILLING INC.,23673,
HOWELL ET AL,23674,
HOWELL EXPLORATION,23673,
HOWELL HOLLOWAY & HOWELL,23674,
Howell Petroleum Cor,23673,
Howell Petroleum Corp.,23673,
"Howell, B.",8612,
"HOWELL, G.C. & J.L.",,"HOWELL, G.C. & J.L."
"HOWELL, H. H.",8614,
"HOWELL, H.H.",8614,
"HOWELL, H.H. & PHILLIPS PET.",8614,
"HOWELL, H.H. ET AL",8614,
"HOWELL, S.H.",8617,
"HOWELL, S.H. (WAYNE OIL CO)",8617,
"HOWELL, S.Y.",8618,
HOWETH,15276,
HOWETH-SWIGER-O'NEIL,23675,
HOWETH & MASON,23675,
HOWETH & O'NEIL,23675,
HOWETH & O'NEIL ET AL,23675,
HOWETH & SWIGER,23675,
"HOWETH, I.K.",8620,
"HOWETH, I.K. ET AL",8620,
"HOWETH, I.K., ET AL",8620,
"HOWETH, IKE",8620,
"HOWETH, IKE ET AL",8620,
HOWISON,16712,
HOWITZ,15277,
"Howland, A. L.",8621,
HOWSE,16713,
HOWSLEY,15278,
HOWSLEY-JACOBS,23676,
HOWSLEY-MCMORDIE,23677,
HOWZE OIL CO.,23678,
HOXI-THOMPSON,23679,
HOXSEY,16714,
Hoyt,16715,
"Hoyt, Helen",8625,
"Hrdlicka, A.",8627,
"Hriskevich, M. E.",8628,
hrodgers@battelleecology.org,8629,
hschartel@battelleecology.org,8630,
hschartel@neoninc.org,8630,
htisell@battelleecology.org,8634,
Hu Jianmin,8636,
Hu Jianming,8636,
Huaiyang Zhou,14900,
Huang Feixin,7079,
HUB OIL CO.,23681,
HUBBARD,15279,
HUBBARD-MONTGOMERY-BELLOWS,23682,
"HUBBARD, CHARLES",8644,
HUBBLE OIL & REFINING CO.,23683,
HUBER - SHELL OIL CO.,23685,
HUBER & KERR MCGEE,23685,
HUBER & SWICK,23685,
Huber Energy LLC,23684,
"Huber, Brian T.",8646,
"Huber, J.M. Corp.",8648,
"HUBER, J.M. CORP.",8648,
"HUBER, J.M. CORP. - LION OIL & REFINING CO.",23685,
"HUBER, J.M. CORP. & MEANS",23685,
"HUBER, J.M., ET AL.",8648,
"Huber, K.",8650,
Huber_Julie,8649,
Huber_Julie/Holden_Jim,,Huber_Julie/Holden_Jim
Huber_Julie/Murdock,,Huber_Julie/Murdock
Hubert David Needham,11213,
Hubert Staudigel,13426,
Hubert Szczygiel (ORCID 0000-0002-4290-4660),13654,
"H¸bscher, C.",8651,
HUCKLEBERRY,16716,
HUCONEY GAS CO.,23686,
HUCONY-MARLAND,23687,
HUCONY GAS CO-PHELPS-MUNDAY,23687,
HUCONY OIL & GAS,23686,
HUDDLE,15280,
HUDSON,16717,
HUDSON-AIRPORT,23688,
HUDSON-STANIFELD,23690,
HUDSON & DEARMAN,23688,
HUDSON RESOURCES CORP.,23689,
"HUDSON, E.R.",8657,
"HUDSON, W.H.",8658,
"HUDSON, WILLIAM A.",8659,
HUDSON. E.R. ET AL,8660,
"HUDSPETH, A.D.",8661,
"Hueber, F. M.",8662,
HUECO BASIN OIL CO.,23691,
HUEHL & HAGAN,23692,
HUENERS,16718,
HUFF,16719,
Huff Drlg. Co.,23693,
"HUFF, EDGAR J.",8666,
HUFFCO,23694,
Huffco Petroleum Corp.,23694,
HUFFINGTON,15281,
"HUFFINGTON, R.M.",8667,
"HUFFINGTON, RAY M.",8667,
"HUFFINGTON, ROY M.",8667,
HUFFMAN & CO.,23695,
"HUFFMAN, H.L. LTD.",23696,
Hugh Daigle,6250,
Hugh H. Wasche,14341,
HUGHE EASTERN CORP.,23699,
HUGHES,15282,
HUGHES-RAWLS & SPOONER,23700,
Hughes-Rawls Corp.-Spooner Petroleum Co.,23700,
Hughes-Rawls Corp./Spooner Petroleum Co.,23700,
HUGHES-REITER,23705,
HUGHES - CANNON,23700,
HUGHES - SCHERLE,23700,
HUGHES - TEXAS,23700,
HUGHES & HUGHES,23700,
HUGHES & SMITH,23700,
Hughes & Son Drlg.,23698,
Hughes and Hughes,23697,
Hughes and Hughes-Pr,23697,
"Hughes and Hughes-Warrior Drilling and Engineering Co., Inc.",23700,
HUGHES DRILLING CO.,23698,
Hughes Eastern Corp.,23699,
Hughes Eastern Corpo,23699,
Hughes Eastern Corporation,23699,
"Hughes Eastern Petroleum, Ltd.",23699,
"Hughes Eastern Petroleum, Ltd.-Michigan Oil Co.",23700,
Hughes Petroleum Cor,23701,
Hughes Petroleum Corp.,23701,
"HUGHES SEEWALD, AGENT",23702,
Hughes Texas Petroleum Corp.,23703,
"HUGHES, A.",8668,
"HUGHES, D.E.",8672,
"HUGHES, FRED",8675,
"Hughes, H.O. and Oglesby, Marshall",,"Hughes, H.O. and Oglesby, Marshall"
"Hughes, H.O. and Rush Oil Co., Inc.",,"Hughes, H.O. and Rush Oil Co., Inc."
"HUGHES, J. H.",8678,
"HUGHES, J.C. ET AL",8677,
"HUGHES, J.H.",8678,
"HUGHES, J.K.",8679,
"HUGHES, J.K. DEVELOPMENT CO.",23704,
"HUGHES, J.K. OIL CO.",23704,
"HUGHES, M.C.",8680,
"HUGHES, MAPLE C.",8680,
"HUGHES, MRS. J.K.",8679,
"HUGHES, V.A.",8681,
"HUGHES, V.A. & WILLIAMS",23700,
"HUGHES, VINC.ENT A.",23700,
hughescr@battelleecology.org,8682,
hughescw@battelleecology.org,8683,
HUGHEY,16721,
"HUGHEY, ET AL",23706,
"HUGHEY, W.R. & PERRYMAN",23706,
"HUGHS, DAN A.",8684,
Hugo Olierook; Fred Jourdan; Chris Clark,,Hugo Olierook; Fred Jourdan; Chris Clark
HUGOTON DRILLING CO.,23707,
Huie,15283,
HULBUT AND BROWN,23708,
HULL-SILK,23709,
HULLSVILLE OIL & GAS,23710,
HULTS & OWENS,23711,
"HULTS, L.E.",8692,
HULTZ ET AL,23712,
Humble,23716,
HUMBLE,23716,
HUMBLE - CITIES SERVICE,23717,
HUMBLE - PLYMOUTH,23717,
HUMBLE - PLYMOUTH (EXXON),23717,
HUMBLE C.L. & F.G. #1,23717,
HUMBLE OIL,23716,
Humble Oil & Ref. Co.,23713,
HUMBLE OIL & REFINGIN CO. (COSDEN ?),23714,
HUMBLE OIL & REFINING,23713,
HUMBLE OIL & REFINING- ET AL,23715,
HUMBLE OIL & REFINING- HINES,23714,
HUMBLE OIL & REFINING- HUMPHREY,23714,
HUMBLE OIL & REFINING- PLYMOUTH,23714,
HUMBLE OIL & REFINING- SHELL,23714,
HUMBLE OIL & REFINING- SMITH OIL,23714,
HUMBLE OIL & REFINING- SUN OIL,23714,
HUMBLE OIL & REFINING-CITIES SERV,23714,
HUMBLE OIL & REFINING-DELTA,23714,
HUMBLE OIL & REFINING-GRELLING,23714,
HUMBLE OIL & REFINING-GULF COAST,23714,
HUMBLE OIL & REFINING-GULF OIL,23714,
HUMBLE OIL & REFINING-IRON MT OIL,23714,
HUMBLE OIL & REFINING-KLEBERG,23714,
HUMBLE OIL & REFINING-MAGNOLIA,23714,
HUMBLE OIL & REFINING-MCCARTHY,23714,
HUMBLE OIL & REFINING-PLYMOUTH,23714,
HUMBLE OIL & REFINING-RICHARDSON,23714,
HUMBLE OIL & REFINING-STRAKE,23714,
HUMBLE OIL & REFINING-SUN OIL,23714,
HUMBLE OIL & REFINING-TENNECO OIL,23714,
HUMBLE OIL & REFINING-WELLINGTON,23714,
HUMBLE OIL & REFINING - CITIES SERVICES,23714,
HUMBLE OIL & REFINING - CONTINENTAL,23714,
HUMBLE OIL & REFINING - D.A. & S. OIL WELL SERVICE,23714,
HUMBLE OIL & REFINING - FRAZIER OIL,23714,
HUMBLE OIL & REFINING - GREEN EHR ET AL,23715,
HUMBLE OIL & REFINING - GULF,23714,
HUMBLE OIL & REFINING - GULF PRODUCTION,23714,
"HUMBLE OIL & REFINING - GULF,SHELL",23714,
HUMBLE OIL & REFINING - MAGNOLIA,23714,
HUMBLE OIL & REFINING - MARLAND,23714,
HUMBLE OIL & REFINING - MEJLAENDER,23714,
HUMBLE OIL & REFINING - OHIO,23714,
HUMBLE OIL & REFINING - PENN,23714,
HUMBLE OIL & REFINING - SHELL OIL,23714,
HUMBLE OIL & REFINING - SUN OIL,23714,
HUMBLE OIL & REFINING - SUN PRODUCTION,23714,
HUMBLE OIL & REFINING - TEXACO,23714,
HUMBLE OIL & REFINING  ET AL,23715,
HUMBLE OIL & REFINING (ANCON O&G),23714,
"HUMBLE OIL & REFINING (HYPERION ENERGY, L.P.)",23714,
HUMBLE OIL & REFINING (LYONS PETROLEUM),23714,
HUMBLE OIL & REFINING (OWWO: WISEMAN & JACKSON),23714,
Humble Oil & Refining Co.,23713,
HUMBLE OIL & REFINING CO.,23713,
HUMBLE OIL & REFINING CO.-MCGILLIURAY,23714,
HUMBLE OIL & REFINING CO. - ADAMS,23714,
HUMBLE OIL & REFINING CO. - BRONTE,23714,
HUMBLE OIL & REFINING CO. - CITIES SERV,23714,
HUMBLE OIL & REFINING CO. - EXXON,23714,
HUMBLE OIL & REFINING CO. - KING RANCH,23714,
HUMBLE OIL & REFINING CO. - KIRBY,23714,
HUMBLE OIL & REFINING CO. - OWWO,23714,
HUMBLE OIL & REFINING CO. - PITZER-WEST,23714,
HUMBLE OIL & REFINING CO. - SUPERIOR OIL,23714,
HUMBLE OIL & REFINING CO. - TENNACO,23714,
HUMBLE OIL & REFINING CO. - TEXACO,23714,
HUMBLE OIL & REFINING CO. & L.L.&E.,23714,
HUMBLE OIL & REFINING CO. (EXXON CORP.),23714,
HUMBLE OIL & REFINING CO. ET AL,23715,
HUMBLE OIL & REFINING ET AL,23715,
Humble Oil and Refin,23713,
Humble Oil and Refining Co.,23713,
Humble Oil Co.,23716,
HUMBLE OIL CO.,23716,
HUMBLE OIL CO. - ALICO,23717,
HUMBLE OIL CO. - SHELL OIL CO.,23717,
Humbolt University,28804,
HUMPHERYS CORP.,23723,
HUMPHREY,16724,
HUMPHREY'S MEXIA CO.,23723,
HUMPHREY - MCCOY,23721,
HUMPHREY & BURTON,23721,
HUMPHREY OIL,23720,
HUMPHREY T.D.,8695,
"HUMPHREY, J. A.",8694,
"HUMPHREY, T. D.",8695,
"HUMPHREY, T.D.",8695,
HUMPHREYS,16725,
HUMPHREYS-COLLITON,23725,
HUMPHREYS & WYNN,23725,
HUMPHREYS CORP.,23724,
HUMPHREYS CORP. - BOYD OIL CO.,23725,
HUMPHREYS OIL CO.,23723,
"HUMPHREYS, A. E. ET AL",8696,
"HUMPHREYS, T.D.",8697,
"HUMPHREYS, T.D. & SON",23723,
HUMPHRIES & HOTCHKINS,23726,
"HUND, E.",8699,
HUNDRED & ONE OIL CO.,23727,
HUNDRED ONE OIL,23727,
"HUNNICUTT, P. ET AL",8701,
HUNT,16726,
HUNT-DUNN & SMITH,23730,
HUNT-MCMILLIAN,23740,
HUNT-SUN,23741,
HUNT - TEXAS CO.,23730,
HUNT & CAUBLE,23730,
HUNT & HOLLAND,23730,
HUNT & MC MILLIAN,23730,
HUNT & MCMORAN,23730,
HUNT & MORGAN,23730,
HUNT & PARKER,23730,
HUNT & SANDS,23730,
HUNT ENERGY,23728,
HUNT ENERGY CORP.,23728,
HUNT HILL TRUST,23729,
Hunt Industries,23728,
HUNT INDUSTRIES,23728,
"HUNT INDUSTRIES, INC.",23728,
"HUNT JR., H.L.",8702,
HUNT OIL,23728,
Hunt Oil Co.,23728,
HUNT OIL CO.,23728,
HUNT OIL CO. & GULF OIL,23730,
HUNT OIL CO. (ANADARKO),23730,
"Hunt Oil Co. and Mattison, Duffy",23730,
Hunt Petroleum Corp.,23728,
HUNT PRODUCTION CO.,23728,
HUNT TRUST,23731,
HUNT TRUST EST.,23731,
HUNT TRUST EST. CO.,23731,
HUNT TRUST ET AL,23731,
HUNT TRUSTEES,23731,
"HUNT, B.M.",8705,
"HUNT, BEN ET AL",8706,
"HUNT, C. H. TRUST",23732,
"HUNT, C. TRUST",23732,
"HUNT, C.H. TRUST",23732,
"HUNT, CAROLINE",8707,
"HUNT, CAROLINE-SANDS",8707,
"HUNT, CAROLINE TRUST",8707,
"HUNT, CAROLINE TRUST ESTATE",8707,
"HUNT, G.H.",8708,
"Hunt, George D.",8709,
"Hunt, George et al",8709,
"HUNT, H L",8711,
"HUNT, H.",8710,
"HUNT, H. L.",8711,
"HUNT, H. L. ET AL",8711,
"HUNT, H. TRUST",8710,
"Hunt, H.L.",8711,
"HUNT, H.L.",8711,
"HUNT, H.L. ESTATE",8711,
"HUNT, H.L. JR.",8711,
"HUNT, H.L. OIL",8711,
"HUNT, H.R. TRUST",8712,
"HUNT, HARRY",8713,
"HUNT, HARRY & SON",8713,
"HUNT, HARRY & SUN OIL CO.",,"HUNT, HARRY & SUN OIL CO."
"HUNT, HASSIE",8714,
"Hunt, Hassie Trust",8714,
"HUNT, HASSIE TRUST",8714,
"HUNT, HASSIE TRUST CO.",8714,
"HUNT, HELEN",8715,
"HUNT, HULLEN",8716,
"HUNT, K.H.H.",8717,
"Hunt, Lamar",8718,
"HUNT, LAMAR",8718,
"HUNT, LAMAR ESTATE",8718,
"HUNT, LAMAR TRUST",8718,
"HUNT, N. B. TRUST CO.",8720,
"Hunt, N.B.",8720,
"HUNT, N.B.",8720,
"HUNT, N.D.",8719,
"HUNT, NELSON & BUNKER",8720,
"HUNT, NELSON B. TRUST",8720,
"HUNT, NELSON BUNKER",8720,
"HUNT, NELSON BUNKER EST.",8720,
"HUNT, SHERMAN",8703,
"HUNT, SHERMAN JR.",8703,
"HUNT, SOHIO & HIGHLAND",23730,
"HUNT, T.L.",8721,
"HUNT, W.H.",8722,
"HUNT, W.H. TRUST",8722,
"HUNT, W.M. HAM",8722,
"HUNT, WILLIAM",8722,
"HUNT, WILLIAM H.",8722,
"HUNT, WM. H.",8722,
"HUNT, WM. HERBERT",8722,
"HUNT, WM. HERBERT EST.",8722,
HUNTER,23733,
HUNTER & AMERICAN LIBERTY,23736,
HUNTER & HUNTER,23736,
HUNTER & MCCORMICK,23736,
HUNTER BROTHERS,23734,
HUNTER CO.,23735,
HUNTER OIL CO.,23735,
HUNTER OIL CORP.,23735,
Hunter Whatley (ORCID 0000-0002-6741-7770),14490,
"HUNTER, BEAVER (NAT W.)",8729,
"HUNTER, F. W.",8724,
"HUNTER, J. C.",8725,
"HUNTER, M.C.-BUNTE, C.B.",,"HUNTER, M.C.-BUNTE, C.B."
"HUNTER, N. W.",8729,
"HUNTER, N.W.",8729,
"HUNTER, NAT W.",8729,
"HUNTER, W.N.",8731,
"Huntington, J.",8732,
HUNTLEY-FARRELL,23739,
"Huntley, D.",8733,
"HUNTLEY, J.F. (GILT AMERICAN & HUNTLEY)",23738,
"HURBUT, S.F. ET AL",8737,
HURD,16727,
HURLBUT,16728,
HURLBUT & BROWN,23742,
HURLBUT (HUMBLE OIL & REFINING),23742,
HURLBUT ET AL,23742,
HURLBUTT,15285,
HURLBUTT-HONOLULU,23743,
"HURLBUTT, S.F. & GEORGE P. LIVERMORE",,"HURLBUTT, S.F. & GEORGE P. LIVERMORE"
"HURLBUTT, S.F. & OLSON",,"HURLBUTT, S.F. & OLSON"
"HURLBUTT, S.F. ET AL",8737,
HURLEY,16729,
HURLEY PETROLEUM 9163,23744,
"HURLEY, E.E.",8738,
"HURLEY, ED E.",8738,
HURNDALL-GRAY,23745,
HURON,15286,
"Hurricane Creek Operating Co., Inc.",23746,
HURST,16730,
Hurst Drlg. Co.,23747,
Hurst Machine Works,23748,
HURT,15287,
HURT & ADA OIL,23749,
"Huseman Oil International, Inc.",23750,
HUSKEY & ZIMITH,23751,
HUSKEY OIL LTD.,23752,
HUSKY,23752,
HUSKY OIL & PANOTECH EXPLORATION,23753,
HUSKY OIL & REFINING CO.,23753,
Husky Oil Co.,23752,
HUSKY OIL CO.,23752,
HUSKY REFINING CO.,23752,
HUSSMAN OIL CO.,23754,
"Hutchings, A.W. Drilling Co.",23755,
HUTCHINS & STILLWELL,23756,
HUTCHINS & VON ROEDER,23756,
HUTCHINSON,23757,
HUTCHINSON DRILLING CO.,23757,
HUTCHINSON OIL CO.,23757,
"Hutchinson, Joseph W",8743,
"Hutchinson, Robert F.",8744,
"HUTH, ALVAN L.",8745,
"Hutson, Fred",8746,
Huyue Song,13309,
HW,16732,
hwhatley@battelleecology.org,8748,
HY 80 - OIL CO. OF TEXAS,23759,
HY OIL CO.,23760,
hyatt@battelleecology.org,8749,
HYDE,15288,
HYDE-MONCRIEF,23762,
HYDE & WIGGINS,23762,
HYDE & WIGGINS (STANOLIND OIL & GAS CO.),23762,
HYDE ET AL,23762,
HYDE OIL & GAS CO.,23761,
"HYDE, A. MICHAEL",8750,
HYDRO-CARBONS,23764,
HYDROCARBON PRODUCTION CO.,23763,
HYER ET AL,8752,
"HYER, F.",8752,
"Hyfield, Mrs. Ollie",8753,
"HYMES, F.P.",8755,
HYNDS,16733,
HYNES & NESSLEY,23765,
"HYNES, F.J. ET AL",8756,
"HYNES, F.P. ET AL",8757,
HYTECH ENERGY,23766,
HYTECH ENERGY CORP.,23766,
I F. Wilson,14646,
"I P Petroleum Company, Inc.",23768,
I&L,28829,
I. Heske (Georg-August-Universit‰t Gˆttingen),8354,
I.M.C. DRILLING MUD INC.,23769,
I.W. LOVELADY ?,10063,
iahmed@battelleecology.org,8759,
Ian Bliss,4929,
Ian MacDougall,10187,
Ian Metcalfe,10725,
Ian Miller,10779,
"Ian Miller, Kirk Johnson, Jeff Honke",,"Ian Miller, Kirk Johnson, Jeff Honke"
"Ian Miller, Tyler Lyson",,"Ian Miller, Tyler Lyson"
IBEX,23770,
IBEX CO.,23770,
ICON CORP.,23771,
"Iddings, J. P.",8765,
"Iddings, J. P. and Pirsson, L. V.",,"Iddings, J. P. and Pirsson, L. V."
"Iddings, J. P. and Weed, W. H.",,"Iddings, J. P. and Weed, W. H."
IDEAL OIL CO.,23775,
Idris Ali Ahmadi Ben Said,4761,
Ihlara Gray (ORCID 0000-0003-1800-4053),7766,
"Iida, Y.",8769,
IILINIOS PETROLEUM CO.,23777,
ilawson@battelleecology.org,8770,
ILLINOIS,23777,
ILLINOIS-TEXIO,23778,
ILLINOIS & AMERICAN MANUFACTURING (PREVIOUSLY WILSON ET AL),23778,
ILLINOIS CRUDE OIL,23777,
ILLINOIS OIL CO.,23777,
ILLINOIS PETR. (PAN AMERICAN),23778,
ILLINOIS PETR. (SWIGER ET AL),23778,
ILLINOIS PETROLEUM (PAN AMERICAN),23778,
ILLINOIS PETROLEUM CO.,23777,
imatlock@field-ops.org,8773,
IMC EXPLORATION,23784,
IMC EXPLORATION CO.,23784,
IMES-GILCHRIST,23785,
immel@battelleecology.org,8774,
IMPEL,16734,
IMPERATOR,23786,
IMPERATOR OIL CORP.,23786,
IMPERIAL,23787,
IMPERIAL ET AL,23789,
IMPERIAL OIL CO.,23787,
INA OIL CO.,23790,
INC.A DRILLING-TOBIN,23792,
INCA DRILLING,23791,
IND. FARM BUREAU,23793,
INDEPENDENT,8776,
INDEPENDENT-ROWAN & TONG,23796,
INDEPENDENT - TIDAL,23796,
INDEPENDENT OIL & GAS,23794,
INDEPENDENT OIL & GAS CO.,23794,
INDEPENDENT OIL CO. & SUN OIL,23796,
INDEPENDENT OPERATOR,23795,
Inderbitzen_Katie,8777,
India Southern,23798,
INDIAN PETROLEUM CO.,23799,
INDIAN PRODUCTION CO.,23799,
INDIAN ROYALTY CO.,23799,
INDIAN STATE OIL CO.,23799,
INDIAN STATES,23806,
INDIAN TERRITORY ILLUM. OIL,23807,
INDIAN TERRITORY ILLUMINATING,23807,
INDIAN TERRITORY ILLUMINATING OIL CO.,23807,
INDIAN TERRITORY ILUMINATING,23807,
INDIAN WELLS OIL CO.,23808,
Indiana University,23810,
INDIOLA OIL CO.,23812,
INDO OIL CO.,23813,
INDO. CITIES SERVICE INC,23815,
INDOCO PETROLEUM,23814,
INDONESIA CITIES SERVICE INC,23815,
Indra Sekhar Sen,12948,
INDRA SEKHAR SEN,12948,
Indra Sen,12948,
INDUSTRIAL GAS SUPPLY CO.,23816,
INDUSTRY OIL CO.,23818,
Inessa Yurchenko,456,
INEXCO,23819,
Inexco Oil Co.,23819,
INEXCO OIL CO.,23819,
INEXCO OIL CO. (L.L. & E.),23819,
INGLEWRIGHT-HUTTS,23821,
INGLEWRIGHT & FOGELSON,23820,
INGRAM,16735,
"INGRAM, TOM",8782,
Ingrid Holstrom (ORCID 0009-0003-8595-4996),8543,
Ingrid Ortiz Gonzalez (ORCID 0000-0003-1220-2331),11506,
Ingrid Ortiz Gonz·lez (ORCID 0000-0003-1220-2331),11506,
"INLAND GAS CO, INC",23823,
"Inland Gas Co., Inc.",23823,
INLAND OIL,23824,
INLAND OIL & GAS-STAR,23825,
"INMAN, CURTIS R.",8783,
Institut f¸r Gesteinkunde Univers. M¸nchen,23831,
INTEGRITY,16736,
INTER-ALLIED OIL CO.,23869,
INTER-CONTINENTAL,23871,
INTER AMERICAN PETROLEUM CORP.,23867,
INTERALLIED,23868,
"Intercomp Resources Development and Engineering, Inc.",23870,
INTERNATIONAL,23872,
INTERNATIONAL BOUNADRY & WATER COMMISSION,23874,
INTERNATIONAL BOUNDARY & WATER COMMISSION,23874,
INTERNATIONAL BOUNDRY & WATER COMMISSION,23874,
International Gas and Oil Co. Of Illinois,23881,
INTERNATIONAL NUCLEAR,23877,
INTERNATIONAL NUCLEAR CORP.,23877,
INTERNATIONAL NUCLEAR MOUNTAIN MINING,23878,
INTERNATIONAL NUCLEAR MTN. MATERIALS,23878,
"International Oil  and  Gas, Inc.",23880,
INTERNATIONAL OIL & GAS,23880,
International Oil and Gas Co. Of Illinois,23881,
"International Oil and Gas Corp. DBA I.O.G.C., Inc.",23880,
International Onyx Company,23882,
INTERNATIONAL PETROLEUM CO.,23883,
"International Petroleum Consultants, Ltd.",23884,
INTERNATIONAL PETROLEUM CORP.,23883,
"INTERNORTH, INC.",23887,
INTERSTATE,23888,
"Interstate Drillers, Inc.",23889,
INTERSTATE EXPLORATION,23890,
INTERSTATE MINERALS,23891,
INTERSTATE MINERALS INC,23891,
INTEX,16737,
INTEX OIL CO.,23892,
INTEX OIL CO. ET AL,23892,
INTREPID OIL CO.,23893,
INVESTMENT DRILLING CO.,23896,
INVESTORS DRILLING,23897,
INVESTORS SYND. PENITAS GAS UT,23898,
INVINCIBLE OIL CO.,23899,
"Ioan Lascu, Colin Plank",,"Ioan Lascu, Colin Plank"
iortiz@battelleecology.org,8786,
IOWA-PAYNE,23900,
IOWA-PAYNE OIL,23900,
IOWA-PAYNE OIL CO.,23900,
IOWA-PAYNE OIL CO. ET AL,23900,
IOWA - TEXAS-OKLAHOMA CO.,23900,
IOWA PARK OIL & DEVELOPMENT CO.,23900,
IOWA PAYNE,23900,
"IP Petroleum Co., Inc.",23902,
"IRA Energies, Inc.",23904,
IREDELL WELL,23905,
IRICK OIL CO.,23906,
Irish,16738,
IRISH-JONES,23907,
IRON MOUNTAIN,23908,
IRON MOUNTAIN OIL,23908,
IRON MOUNTAIN OIL CO.,23908,
IRON MT.,23908,
IRRIGATED FARMS INC. CAMERON,23909,
IRVIN,16739,
IRVIN PRODUCTION,23910,
"IRVIN, CONKLING",8790,
IRVING PRODUCTION,23911,
IRWIN,15289,
IRWIN-MUENCH,23914,
IRWIN & BUCK,23913,
IRWIN & JOHNSON,23913,
IRWIN & PICKETT,23913,
IRWIN MANAGEMENT,23912,
IRWIN MILLER,10780,
"IRWIN, R. A.",8792,
"IRWIN, R.A",8792,
"IRWIN, R.A.",8792,
"IRWIN, R.A. ET AL",8792,
"IRWIN, RICH A.",8792,
"IRWIN, T. K.",8793,
Isaac Matlock,10388,
"ISAACSON, R. H.",8795,
Isabel Eaton (ORCID 0000-0003-2913-1517),6770,
Isabella Anne Ruggiero DuMond (ORCID 0009-0008-1802-2626),17425,
Isabella Viney (ORCID 0000-0001-5068-201X),17698,
"Isbell, John L.",8796,
ISHAM & DURHAM,23916,
"Isherwood, Bill",8798,
ishii-bleeker@battelleecology.org,8800,
"Ishii, T.",8799,
ISNER,16740,
Isthmian Canal Commission,23918,
ITCO,16741,
"ITTNER, FRANK",8812,
IVAN-HOWARD,23927,
Ivan FrËre,8812,
IVY,23928,
IVY-MORGAN,23929,
IVY MINERAL,23928,
IVY MINERALS,23928,
"IVY, J.",8819,
iwaniec@battelleecology.org,8820,
iwaters@field-ops.org,8821,
IXFORD S J,8822,
"J-3 OIL CO., INC.",23940,
J-G. Schilling,12788,
J-W OPERATING COMPANY,24057,
J & C DRILLING CO.,23930,
J & J,23931,
J Auzende,4439,
J Chadwick,344,
J D. Miller,10781,
J E. Driscoll,6651,
J Fleming,7195,
J Friedman,7352,
J H L OIL CO.,23932,
J J. Dowd,6630,
J J. Shields,13059,
J M. Geyer,7517,
J M. S,16742,
J V. Door,6595,
J&C DRILLING CO.,23930,
J&E PETROLEUM,23933,
"J&E PETROLEUM, INC.",23933,
J&E PRODUCTION,23933,
J&F OIL CO.,23934,
J. Anderson,4251,
J. Bendle,4766,
J. Bryan,5280,
J. Byran Cotton,6081,
J. C. Prine,12044,
J. Calzia,5488,
J. E. Andrew,4292,
J. E. Spence,13345,
J. G. Breault,5128,
J. Gee,23,
J. Hagadorn,7931,
J. Hays,8217,
J. Hazzard,8224,
J. Heirtzler,8277,
J. Henning (Goethe-Universit‰t Frankfurt am Main),8318,
J. Hiemstra,8390,
J. Kalmbach,9171,
"J. Karsten, E. Klein",,"J. Karsten, E. Klein"
J. Linden,9925,
J. Martinez,10359,
J. Mauro,10406,
J. Michael Boyles,5078,
J. Michael O'Neill,11483,
J. Olson,11463,
J. Phillips,11848,
"J. R. Pounds, Inc.",8825,
J. R. Sealy,12914,
J. RAY MCDERMOTT,10514,
"J. Roletto, C. King",,"J. Roletto, C. King"
J. Schmauderer,12799,
J. Sclater,12894,
J. Sinton,1877,
J. Strauss,1162,
J. T. R. Molholm,10901,
J. Vargesko,14121,
J. W. Collinson,5962,
J. Wellner,14443,
J.A. Miller,10783,
J.A. Mosely,11044,
"J.B. and Chao, E. C. T.",,"J.B. and Chao, E. C. T."
J.B. Anderson,4255,
J.B. Anderson & D. DeMaster,,J.B. Anderson & D. DeMaster
J.B. Anderson & T.B. Kellogg,,J.B. Anderson & T.B. Kellogg
J.B. DRILLING CO.,23935,
J.B. STODDARD,13515,
J.Buza,5417,
J.C. Hazzard,8224,
J.C. Shepherd,13042,
J.C. TRAHAN,13923,
J.C.C.,16743,
J.D. ARON & CO.,23936,
J.D. Miller,10784,
J.D. Walker,21,
J.E. Andrew,4292,
J.E.W.,16744,
J.H. O'Dell,11409,
J.Hanley,8048,
J.J. Pichon,11861,
J.K. Scott Drlg. Co.,23937,
J.Kevin Meadows,10635,
J.L. DRILLING CO.,23938,
J.M. Batchelor,4640,
J.M. Linden,9925,
J.MILLS,10812,
J.O. Tomkins to J.C. Crowell,,J.O. Tomkins to J.C. Crowell
J.O. Tomkins; Wilshire O. Co. to J.C. Crowell,,J.O. Tomkins; Wilshire O. Co. to J.C. Crowell
J.P. Encarnacien,1824,
J.P. OWENS,11544,
J.P. PRODUCTION CO.,23939,
J.P.OWEN,11539,
J.R. Bowling,5063,
J.Turner,13995,
J.W. MECOM,10643,
JABEE & WOODLEY,23941,
Jabsco Oil,23942,
"Jabsco Oil (Lang, John DBA)",23943,
"Jabsco Oil Operating, LLC",23942,
Jacek Grabowski,17882,
JACHELL,16745,
Jacintoport Corp.,23944,
JACK,16746,
Jack Fekete,7080,
JACK FRAZIER,7323,
JACK FROST OIL CO.,23945,
JACK FROST OIL CO. & SHELL OIL CO.,23945,
Jack Gillespie,512,
JACK H. MARTIN,10340,
Jack Kingsley (ORCID 0000-0003-3902-8601),9396,
Jack Klingele (ORCID 0009-0001-5608-8465),9450,
Jack Lindauer (ORCID 0000-0003-0236-373X),9924,
Jack Nolan,11332,
Jack O'connor (ORCID 0000-0002-3002-3866),11405,
JACK OIL WELL,23946,
Jack Ridge,12358,
Jack Roberts Co.,23947,
Jack Williams,14603,
"Jack Williams, Ben Bates, Ben Watson, Kate Hayes, Tom Lowell, Teresa Krause",,"Jack Williams, Ben Bates, Ben Watson, Kate Hayes, Tom Lowell, Teresa Krause"
"Jack Williams, Ben Bates, Ben Watson, Teresa Krause",,"Jack Williams, Ben Bates, Ben Watson, Teresa Krause"
"Jack Williams, Ben Bates, Kevin Burke, Yue Wang, Tom Lowell, Jackie Rodriguez",,"Jack Williams, Ben Bates, Kevin Burke, Yue Wang, Tom Lowell, Jackie Rodriguez"
"Jack Williams, Jacquelyn  Gill",,"Jack Williams, Jacquelyn  Gill"
"Jack Williams, Jacquelyn Gill",,"Jack Williams, Jacquelyn Gill"
"Jack Williams, Sam Munoz",,"Jack Williams, Sam Munoz"
"Jack, R.",8827,
Jackie Batchelor (ORCID 0000-0002-2110-6248),4641,
Jackie Wells,14447,
JACKPOT OIL CO.,23948,
JACKS ISLAND OIL CO.,23949,
JACKS OIL WELL,23950,
Jackson,16747,
JACKSON,16747,
JACKSON-CATHEART,23956,
JACKSON & DUPREE,23952,
JACKSON & FISHER,23952,
JACKSON & THOMPSON,23952,
JACKSON & VAUGHN,23952,
JACKSON & WERBY,23952,
Jackson Campbell,5512,
Jackson Campbell (ORCID 0000-0001-5860-1210),5512,
JACKSON COUNTY OIL SYN.,23951,
JACKSON ET AL,23952,
Jackson F.R.,8832,
JACKSON&MCGLOTHLIN,23952,
"Jackson, C.T.",8829,
"Jackson, D.",8830,
"Jackson, E. D.",8831,
"JACKSON, F. R.",8832,
"JACKSON, F.B. & WOODLEY PETROLEUM CORP.",23952,
"JACKSON, F.R.",8832,
"Jackson, G.",8833,
"JACKSON, G.",8833,
"Jackson, M.",242,
"JACKSON, M. CO.",242,
"Jackson, S.",8836,
"Jackson, W.",8837,
jacksonmojica@battelleecology.org,8838,
Jacob Anderson (ORCID 0000-0002-3713-9888),4259,
Jacob C. Yde,14805,
Jacob Dickerson (ORCID 0000-0002-9897-9899),6508,
Jacob E. Gair,7403,
Jacob Eldridge (ORCID 0000-0002-4670-7736),6860,
Jacob Freedman (ORCID 0000-0003-3728-4214),7330,
Jacob Hanley,8049,
Jacob Kincaid (ORCID 0000-0002-0720-8811),9375,
Jacob Klingele (ORCID 0009-0001-5608-8465),16834,
Jacob Nesslage,11245,
JACOB OIL & GAS,23957,
JACOB OIL & GAS ET AL,23957,
Jacob Rosenthal,17883,
Jacob Thacker,1131,
Jacob Wessels (ORCID 0000-0001-8685-1428),14475,
"Jacob Yde, Gabby Kleber",,"Jacob Yde, Gabby Kleber"
"JACOB, L. CORP.",23958,
JACOBS-BUZZINI-PICKETT,23961,
"JACOBS, B.M.",8843,
"JACOBS, BUZZINI, & PICKETT",23959,
"JACOBS, BUZZINI, & PICKETT (LOMA OIL CO.)",23959,
"JACOBS, C.E. ET AL",8845,
JACOBSEN ET AL,23962,
Jacobsen Mark I.,10306,
"Jacobsen, Mark I.",8849,
Jacobus Bentley (ORCID 0009-0004-2612-026X),4792,
Jacqueline Llerena (ORCID 0009-0004-1389-5357),9981,
Jacqueline Vander Auwera,14103,
"Jacquelyn Gill, Catherine Hamley, Dulcinea Groff",,"Jacquelyn Gill, Catherine Hamley, Dulcinea Groff"
Jacquelyn Simmons (ORCID 0000-0002-6107-3313),13114,
Jacques GIRAUDEAU,7587,
Jacqui Simmons (ORCID 0000-0002-6107-3313),17513,
JADE,16748,
JADE & PACE,23963,
JADE PETROELUM,23964,
Jade Star Lackey,637,
JAG,15290,
"Jaggar, T. A.",8855,
JAGGED PEAK ENERGY LLC,23965,
JAGGED PEAK ENERGY LLC.,23965,
Jaggers Oil Co.,23966,
Jagodzinski,8857,
Jagodzinski-Reid,,Jagodzinski-Reid
Jaime D. Barnes,656,
Jaime Hendrickson (ORCID 0009-0004-0170-8817),8311,
Jaimie Porta (ORCID 0000-0001-8122-5196),11953,
"Jake Bailey, Katsumi Matsumoto",,"Jake Bailey, Katsumi Matsumoto"
Jake Kitchen,9419,
Jake Lerner,9846,
Jake Makis,10236,
"Jake Walsh, Sam Munoz, T.Shannon",,"Jake Walsh, Sam Munoz, T.Shannon"
Jake White (ORCID 0000-0002-5114-0770),14516,
"Jakobsson, S.",8860,
Jakub Jirasek,8984,
JAL OIL CO.,23967,
jamante@neoninc.org,8863,
JAMEL,16750,
JAMERSON ESTATE,23968,
JAMES,16751,
James Annis,226,
James Basinger,4624,
James Beget,4727,
"James Benes, Cathy Whitlock",,"James Benes, Cathy Whitlock"
James Brewer (ORCID 0000-0002-7181-3370),5152,
James Camp,5502,
James Cash (ORCID 0000-0002-1799-1619),5625,
James Chen,5749,
James Gardner,7439,
James Gill,189,
James Guilinger,7877,
James Hagadorn,7931,
James Hutton,8747,
James Kennett,9307,
James Kershaw,9321,
James Logan,10011,
James Lomax,10018,
James M.D. Day,6360,
James Ormerod,11497,
James P. Owens,11544,
James Ralph,12135,
James Riehle,12365,
James Russell,12615,
"James Russell, Andy Cohen",,"James Russell, Andy Cohen"
"James Russell, Andy Cohen, Kiram Lezzar, Jean-Jaques Tiercelin, Jaques Begot, Yvelyn Mbede",,"James Russell, Andy Cohen, Kiram Lezzar, Jean-Jaques Tiercelin, Jaques Begot, Yvelyn Mbede"
"James Russell, Hendrik Vogel, Satria Bijaksana",,"James Russell, Hendrik Vogel, Satria Bijaksana"
"James Russell, Kerry Kelts, Tom Johnson",,"James Russell, Kerry Kelts, Tom Johnson"
"James Russell, Satria Bijaksana",,"James Russell, Satria Bijaksana"
James Stegen,1880,
James Swenson (ORCID 0000-0002-0614-4414),13639,
James Vallance,14073,
"JAMES, A. TALLEY",13675,
"James, H. L.",8865,
"James, O. B.",8867,
"JAMES, T.L.",8870,
Jamie Galloway,7417,
Jamie Kussmaul (ORCID 0000-0003-1561-0904),9606,
Jamie Ladner (ORCID 0000-0002-7574-2506),9638,
"Jamie Toney, James Russell",,"Jamie Toney, James Russell"
Jamielee Thompson (ORCID 0000-0002-2835-3874),13815,
JAMISON,15291,
JAMISON & BYRON,23970,
JAMISON & POLLARD,23970,
"JAMISON, M.L.",8872,
Jancoba Dorley,6600,
Jane Eisenberg,6838,
JANE OIL CO.,23971,
JANE OIL CO. (ET AL),23972,
JANE OIL CO. (H.H. WEINERT),23971,
JANE OIL CO. (KENDRECKS ET AL),23972,
Jane Selverstone,1874,
JANELLEN OIL CO.,23973,
Janet G. Douglas,6620,
Janet Klein/Ed Berg,,Janet Klein/Ed Berg
Janet Schaefer,12767,
Janet W. Thomson,13830,
Janice Brahney,5110,
"Janik, Fred",8875,
Janine Andrys,1602,
JANISON,16752,
"JANNER, R.R.",8877,
"Janosy, Robert",8879,
"Januzzi, R.",8885,
JAQUA-CROW,23975,
JARED & MOSBACHER,23976,
Jared Butler,5403,
Jared Miller,10785,
JARMAN ET AL,23977,
"JARMAN, JAKE",8892,
JARMON,23978,
JARMON OIL CO.,23978,
JARRELL ET AL,23979,
"JARRELL, W.M.",8893,
"JARRELL, W.M. ET AL (JARBE OIL CO?).",23979,
Jarrett Jamison (ORCID 0000-0002-3973-0882),8871,
"Jase Hixon, Jeffery Stone",,"Jase Hixon, Jeffery Stone"
Jasmine Moertle,10889,
Jason Ash,19,
Jason Austin,471,
"Jason Briner, Avriel Schweinsberg",,"Jason Briner, Avriel Schweinsberg"
"Jason Briner, Darrell Kaufman",,"Jason Briner, Darrell Kaufman"
"Jason Briner, Michael Badding",,"Jason Briner, Michael Badding"
Jason Brown (ORCID 0000-0001-8642-686X),5246,
Jason Cosford,6068,
Jason Flores (ORCID 0000-0002-6388-833X),16444,
Jason Hallman,458,
Jason Kaye,9221,
Jason Price,740,
Jason Rech,12230,
Jaszczak J.,8896,
Jaupart,16753,
JAVELINA OIL CO.,23980,
Javier ESCARTIN,1826,
Javier Marco,10290,
JAX OIL CO.,23981,
Jay Romick,12487,
"Jaynes, J.L.",8900,
"Jaynes, J.L. and Davis, A.W.T.",,"Jaynes, J.L. and Davis, A.W.T."
JAYRED,8901,
"JAYRED, W.B.",8901,
JAYWOOD,16754,
Jazmine Bevers (ORCID 0000-0002-5869-6309),4835,
jbagley@field-ops.org,8902,
JBagley@field-ops.org,8902,
jbarnett@field-ops.org,8903,
jbolis@neoninc.org,8904,
jborra@battelleecology.org,8905,
jboyer@field-ops.org,8906,
jbreault@field-ops.org,8907,
jbrophy@battelleecology.org,8909,
jbrown1@battelleecology.org,8910,
jbuza@battelleecology.org,8911,
jcamp@neoninc.org,8912,
jcelmer@neoninc.org,8913,
jclegg@battelleecology.org,8914,
jcline@battelleecology.org,8915,
jcoats@battelleecology.org,8916,
jcoloso@neoninc.org,8917,
jcramer@battelleecology.org,8918,
jcramer@neoninc.org,8918,
jcrosier@battelleecology.org,8919,
Jean-Guy Schilling,12788,
"Jean-Guy Schilling, Dale Krause",,"Jean-Guy Schilling, Dale Krause"
Jean-Marie Auzende,4440,
"Jean-Marie Auzende, Jean-Philippe Eissen",,"Jean-Marie Auzende, Jean-Philippe Eissen"
Jean-Noel Proust/MATACORE,,Jean-Noel Proust/MATACORE
Jean-Sebastien Barbier,4563,
Jean Francheteau,7296,
"Jean Larmon, Lisa Lucero, Melinda Higely, Jessica Conroy",,"Jean Larmon, Lisa Lucero, Melinda Higely, Jessica Conroy"
Jean M. Self-Trail,12940,
Jebidiah Timm (ORCID 0000-0002-6158-2396),13855,
Jed Day,6361,
"Jedlicka, J.",8926,
jeells@BattelleEcology.org,8927,
JEEMS BAYOU PRODUCTION CO.,23982,
jeff,15293,
JEFF-BOLTON,23983,
Jeff Alt,625,
Jeff Atkins,4419,
Jeff Benowitz,4785,
Jeff Brittain,17884,
Jeff Donnelly,1358,
Jeff Eaton,6771,
"Jeff Gee, Tyler Chandos Brown, Kevin Chamberlain",,"Jeff Gee, Tyler Chandos Brown, Kevin Chamberlain"
"Jeff Havig, Jake Bailey",,"Jeff Havig, Jake Bailey"
Jeff Munroe,1386,
Jeff Over,11528,
Jeff Wood - University of Missouri; Melanie Mayes - Oak Ridge National Lab,,Jeff Wood - University of Missouri; Melanie Mayes - Oak Ridge National Lab
"JEFFERIES, G.",8928,
JEFFERS OIL CO.,23984,
JEFFERSON INC.,23985,
JEFFERSON LAKE,23986,
JEFFERSON LAKE SULFUR CO.,23986,
JEFFERSON OIL CO.,23985,
jefferson.r.heard@gmail.com,238,
Jeffery Stone,13525,
"Jeffery Stone, Matt Brindle",,"Jeffery Stone, Matt Brindle"
"Jeffery Stone, Sabrina Brown",,"Jeffery Stone, Sabrina Brown"
Jeffrey P. Fox,7286,
"JEFFREYS, JIM ET AL",8931,
JEFFRIES & LANDRETH DRILLING CO.,23987,
JEFFRYS ET AL,23988,
jeldridge@neoninc.org,8933,
"Jelks, J. Rukin",8934,
JELLE & PEDERSON,23989,
JEM PETROLEUM,23990,
Jen Harden,8081,
Jen Porter; Neal McNaughton,,Jen Porter; Neal McNaughton
Jen Roquemore,12496,
"Jenco Petroleum, Inc.",23991,
JENKINS,16755,
JENKINS & BROOKINS,23992,
JENKINS & KELSEY (?),23992,
"JENKINS, H.D.",8937,
Jenn Wade,14223,
Jenn Wade & Alison Shaw,,Jenn Wade & Alison Shaw
Jenn Wade & Alison Shaw & David Hilton,,Jenn Wade & Alison Shaw & David Hilton
Jenna Beyer (ORCID 0000-0002-5587-1976),4836,
Jenna C Streffon,783,
Jenna Martinez (ORCID 0009-0000-4369-6878),10359,
Jennifer Adleman,4076,
Jennifer Barnett,4584,
Jennifer Eells,6817,
Jennifer Everhart,6993,
Jennifer Follstad Shah,12985,
Jennifer Harden,8081,
Jennifer Kusler,9605,
Jennifer M. Garrison/Kenneth W.W. Sims,,Jennifer M. Garrison/Kenneth W.W. Sims
Jennifer Thines,13784,
JENNINGS,16756,
JENNINGS - DEEP OIL DEV.,23994,
JENNINGS & DOOLEY,23994,
JENNINGS ET AL,23994,
JENNINGS EXPLORATION,23993,
JENNINGS EXPLORATION CO.,23993,
JENNINGS OIL,23993,
"JENNINGS, H.C.",8942,
Jenny Hengel,8314,
JENNY JP,8944,
"JENSEN, W.",8945,
jepson@battelleecology.org,8948,
Jeremy Cordova,6042,
JERGENS,15294,
JERGINS,23995,
JERGINS & SON,23995,
JERGINS OF TEXAS LTD.,23995,
JERGINS OIL,23995,
JERGINS OIL CO.,23995,
JERNIGAN,16758,
jÈrÙme DYMENT,6752,
JÈrÙme Dyment,6752,
Jesse Keck (ORCID 0000-0003-2157-7100),9240,
Jesse Price (ORCID 0000-0002-3174-4606),12026,
Jesse Reimink,1099,
"Jesse, R.",8953,
"Jessi Halligan, Shawn Joy, Ben McCall, Angelina Perrotti, Morgan Smith",,"Jessi Halligan, Shawn Joy, Ben McCall, Angelina Perrotti, Morgan Smith"
Jessi Poulson (ORCID 0000-0002-1727-2294),11973,
Jessica Bolis (ORCID 0000-0001-7985-2908),4981,
Jessica Buser. Rick Colwell,,Jessica Buser. Rick Colwell
Jessica Conroy,5994,
Jessica Gutierrez,7904,
Jessica Gutierrez (ORCID 0000-0003-0811-8364),7904,
Jessica Hall (ORCID 0000-0002-8352-658X),7971,
Jessica Johnson,9023,
Jessica Larsen,9716,
Jessica M Warren,914,
Jessica McMenamin,10598,
Jessica Rossi,12528,
Jessica Savage,636,
Jessica Schempf (ORCID 0000-0001-6193-1800),12778,
Jessica Schmeidler (ORCID 0009-0006-1006-4990),12799,
Jessica Soine,13302,
"Jessica Soine, Tom Howes",,"Jessica Soine, Tom Howes"
Jessica Volpert (ORCID 0000-0002-6931-9699),14198,
Jessica Warren,914,
Jessie Hall (ORCID 0000-0002-8352-658X),16600,
Jessie Ward,14326,
Jesus Bustamante (ORCID 0009-0003-4783-8804),16113,
Jesus Maldonado (ORCID 0000-0001-5978-6448),16982,
Jesus Qui√±ones,12106,
JET ET AL,23996,
JET OIL CO.,23997,
JETT,15295,
JETT DRILLING (SUN OIL CO.),24000,
Jett Drilling Co.,23999,
JETT DRILLING CO.,23999,
Jett Drlg. Co.,23999,
"Jett Drlg. Co.-Williams Dev. Co.-Mobico Oil Co.-Altmayer, Jay P.",24000,
"Jett, George H.",8956,
"Jett, George H. Drilling Co.",23999,
"JETTA OPERATING COMPANY, INC.",24001,
JEWEL OIL CO.,24002,
JEWELL,24002,
JEWELL OIL,24002,
"Jewell, W. B.",8957,
jflavin@battelleecology.org,8960,
jford@field-ops.org,8961,
Jford@field-ops.org,8961,
jgalloway@battelleecology.org,8962,
jgalloway@neoninc.org,8962,
jgutierrez@battelleecology.org,8963,
Jhadle@battelleecology.org,8964,
jhaggett@field-ops.org,8965,
jhaggett@neoninc.org,8965,
jhausknecht@battelleecology.org,8968,
jhill@field-ops.org,8969,
jhill1@battelleecology.org,8970,
jhudson@neoninc.org,8972,
Jianfeng Ma,1743,
Jiangyu Li; Zhengxiang Li,,Jiangyu Li; Zhengxiang Li
Jianqiu Zheng,14896,
Jiawei Zhang,979,
Jill Coleman Wasik,5934,
"Jill Coleman Wasik, Alex Blel, Fanny Okaikue-Woodi, Jim Almendinger",,"Jill Coleman Wasik, Alex Blel, Fanny Okaikue-Woodi, Jim Almendinger"
Jill Karsten,9204,
Jill Karsten/Emily Klein,,Jill Karsten/Emily Klein
Jill Pyatt (ORCID 0000-0002-9707-6073),12088,
Jill VanTongeren,14114,
"Jim Almendinger, Shawn Schottler, Dan Engstrom, Mark Edlund, Robert Dietz",,"Jim Almendinger, Shawn Schottler, Dan Engstrom, Mark Edlund, Robert Dietz"
"Jim Browning, Ken Miller, Chris Lombardi",,"Jim Browning, Ken Miller, Chris Lombardi"
Jim Coloso (ORCID 0000-0003-3114-5862),5966,
Jim Coloso and Becca Osborne,,Jim Coloso and Becca Osborne
"Jim Coloso, Becca Osborne",,"Jim Coloso, Becca Osborne"
"Jim Cotter, Ashley Woods",,"Jim Cotter, Ashley Woods"
Jim Delgado & Jan Roletto,,Jim Delgado & Jan Roletto
Jim Goodbar/David Decker,,Jim Goodbar/David Decker
Jim Ledwell,9783,
"Jim McManus, Julie Klejeski",,"Jim McManus, Julie Klejeski"
"Jim Russell, Jess Rodysill",,"Jim Russell, Jess Rodysill"
Jim Sickman,13089,
"Jim Teller, Doug Schnurrenberger",,"Jim Teller, Doug Schnurrenberger"
"Jim Teller, Trevor Mellors",,"Jim Teller, Trevor Mellors"
Jim Walter Mines,24004,
Jim Walter Resources,24005,
"Jim Walter Resources, Inc.",24005,
Jing Guo,7891,
Jingeng Sha,12978,
JinJun Kan,9180,
Jiwoon Park,11616,
jjohnson@battelleecology.org,8987,
jjohnson01@field-ops.org,8988,
jkilmer@field-ops.org,8989,
jkraybill@battelleecology.org,8991,
JKukulski. EGawanda,,JKukulski. EGawanda
jkukulski@battelleecology.org,8992,
"JL Resources, LLC",24006,
jleon@field-ops.org,8993,
JLeon@field-ops.org,8993,
jlewis@battelleecology.org,8994,
jmichaels@battelleecology.org,8996,
jmiller@battelleecology.org,8997,
jmonroe@battelleecology.org,8998,
jmonroe@field-ops.org,8998,
JMonroe@field-ops.org,8998,
Jmorella@battelleecology.org,8999,
jmorella@neoninc.org,8999,
JN Exploration and Production Ltd. Partnership,24007,
"JNRICA, A.J.",16759,
Joan And˙jar,4304,
"Joan Bunbury, Sam Munoz",,"Joan Bunbury, Sam Munoz"
Joan Damerow,894,
Joan Esterle,6970,
Joan MartÌ Molist,10329,
Joanathan Santiago-roman (ORCID 0000-0002-5253-5299),12732,
Joanathan Santiago-Roman (ORCID 0000-0002-5253-5299),12732,
"Joanne Ballard, Thomas Lowell",,"Joanne Ballard, Thomas Lowell"
JoAnne Nelson,11233,
JOCELYN-VARN,24008,
JOCELYN-VARN-BROSECO,24008,
Jocelyn Korenek (ORCID 0009-0000-6630-1285),16844,
Joe Bender,4763,
Joe Carter,5607,
Joe Carter (ORCID 0009-0003-6058-0182),5607,
Joe Davis Company,24009,
JOE E. SMITH,13233,
Joe Kukulski (ORCID 0000-0003-1449-7081),9594,
Joe Mckenna,10569,
Joe Modisette et al,9001,
Joe Orlando,11495,
"Joe Rosenbaum, Jeff Honke",,"Joe Rosenbaum, Jeff Honke"
JOE SMITH,13233,
Joe Sullivan,13596,
JOE W. BROWN,5247,
Joe Werne,14465,
"Joe Werne, Erik Brown",,"Joe Werne, Erik Brown"
Joel Kostka,9521,
Joel Saylor,12755,
Joellyn (ORCID 0009-0002-9286-7877),16760,
Joellyn Moine (ORCID 0009-0002-9286-7877),10897,
Joette Crosier,6168,
Johan Anderson & Julia Smith Wellner,,Johan Anderson & Julia Smith Wellner
John (Jack) Ridge,12359,
John B. Anderson,4263,
John Bargar,4570,
John C. Ayers,727,
John C. Behrendt,4731,
John Campbell,5514,
John Chadwick,344,
John Chadwick;Perfit_Michael,,John Chadwick;Perfit_Michael
John Clarke,5856,
John Craddock,6121,
John Curtis,6230,
John D. Gunner,7889,
John Decker,6412,
John Delaney,6432,
John Diemer,6516,
"John Diemer, Missy Epps",,"John Diemer, Missy Epps"
John Diener (ORCID 0000-0002-7599-1801),6517,
"John E ""Jack"" Powell",11983,
"John E. McCool, dba Edward Oil Company",10494,
John Eichelberger,6835,
John F Wehmiller,1354,
John F. Lindsay,9929,
John Flavin (ORCID 0000-0001-8874-8854),7189,
John H. Fetzer Jr.,7120,
John Hanchar,8034,
John Hogan,8501,
John J. Anderson,4264,
John Jaeger,8854,
John Jaeger & Sean Gulick,,John Jaeger & Sean Gulick
John Jaeger/Sean Gulick,,John Jaeger/Sean Gulick
John Jamieson,17885,
John Jenson,8946,
John Kappelman,9187,
John Kelley,9266,
John King,9389,
John Kominoski. Christopher Rizze,,John Kominoski. Christopher Rizze
JOHN L. MARWELL,10366,
John Lewis (ORCID 0000-0003-3985-5922),9871,
John Lupton; Leigh Evans,,John Lupton; Leigh Evans
John Magyar,10225,
John Mark Curtis,17886,
John McCarty,10476,
John McEachern (ORCID 0000-0003-0616-1529),10527,
John P. Evans,6979,
John P. Hogan,8501,
"John Peck, Tim Shanahan, Chris Scholz, John King, Jonathon Overpeck",,"John Peck, Tim Shanahan, Chris Scholz, John King, Jonathon Overpeck"
John R. Cooper,6019,
John R. Sanfilipo,12722,
John Rosol (ORCID 0000-0001-5295-8649),12518,
"John Rucker, Jenica Grady, Sara Lamprise, Joe Nolan",,"John Rucker, Jenica Grady, Sara Lamprise, Joe Nolan"
"John Ruckers, Alicia Fries, Wyatt Walls, David Bonjeur, Landon Quigley",,"John Ruckers, Alicia Fries, Wyatt Walls, David Bonjeur, Landon Quigley"
"John Ruckers, Darrin Wilson, Sean Murphy, Brian Dye, Linda Moore, Hannah Huhman, Kaylee Thomas, Karen Ecton, Catelin Montgomery",,"John Ruckers, Darrin Wilson, Sean Murphy, Brian Dye, Linda Moore, Hannah Huhman, Kaylee Thomas, Karen Ecton, Catelin Montgomery"
"John Ruckers, Joe Nolan, Sarah Lampiere, Sarah Cole, Anne Varner, Brenna Viles, Morgan Staudinger, Aaron Galletly, Miichelle Rush, Josh Bragg",,"John Ruckers, Joe Nolan, Sarah Lampiere, Sarah Cole, Anne Varner, Brenna Viles, Morgan Staudinger, Aaron Galletly, Miichelle Rush, Josh Bragg"
John Ryan,12641,
John Sinton,1877,
John T. White,14518,
John W. Hawkins,8189,
JOHN W. MECOM,10643,
John Wehmiller,1354,
John Wiese,14559,
"John Wilkinson, Anthony Lanati",,"John Wilkinson, Anthony Lanati"
Johns-Manville,24014,
Johns et al,24011,
Johnson,15851,
JOHNSON,15851,
JOHNSON-BRUCE,24018,
JOHNSON-CONE,24018,
JOHNSON-MADDOX OIL & GAS DIV.,24018,
JOHNSON-MYRIN,24018,
JOHNSON-WEEKLEY,24018,
JOHNSON - HAGERTY,24018,
JOHNSON & ACME DIE,24018,
JOHNSON & APPLING,24018,
JOHNSON & BAUMAN,24018,
JOHNSON & BERRY,24018,
JOHNSON & BRUCE (PREVIOUSLY MCGINLEY-SEIGLER),24018,
JOHNSON & JOHNSON,24018,
JOHNSON & ROESERT & PENDLETON,24018,
JOHNSON & ROSENBLUM,24018,
Johnson (Schilling),24018,
JOHNSON BROTHERS,24015,
JOHNSON BROTHERS - PLATEAU OIL CO.,24018,
JOHNSON CITY,24016,
JOHNSON CONE,24018,
JOHNSON DRILLING,24017,
JOHNSON DRILLING-CURTIS POOL,24018,
JOHNSON DRILLING CO.,24017,
JOHNSON ET AL,24018,
Johnson M.,9037,
"JOHNSON, A.B.",9008,
"Johnson, E.C.",9015,
"JOHNSON, E.C.",9015,
"JOHNSON, F. KIRK",9018,
"JOHNSON, F.K.",9018,
"JOHNSON, G.W.",9019,
"JOHNSON, GIBSON, & JOHNSON",24018,
"Johnson, J.",9020,
"JOHNSON, J.M.",9021,
"JOHNSON, J.R.",9022,
"JOHNSON, J.R. & MORRIS",24018,
"JOHNSON, JACK",9020,
"Johnson, L.",9029,
"Johnson, L.W. and Assoc., Inc.",9030,
"Johnson, Larry L. an",9031,
"JOHNSON, LEE",9033,
"JOHNSON, LEO",9034,
"Johnson, Lutz et al",9035,
"JOHNSON, LYNDON BAINES",9036,
"Johnson, Mary",9038,
"JOHNSON, O.L.",9041,
"Johnson, P.",9042,
"JOHNSON, R.E.L ET AL",9043,
"JOHNSON, RALPH",9044,
"JOHNSON, ROY",9045,
"JOHNSON, S.D.",9046,
"JOHNSON, SAM",9047,
"JOHNSON, V.",9053,
"JOHNSON, W.R.",9054,
johnsonsm@battelleecology.org,9056,
JOHNSTON,16765,
"Johnston-Lavis, H.",9069,
JOHNSTON & DYE,24019,
Johnston (Schilling),24019,
Johnston and Hawkins,24019,
JOHNSTON PETROLEUM SYNDICATE,24020,
"JOHNSTON, CARL",9060,
"Johnston, E.C.",9062,
"JOHNSTON, RALPH A.",9067,
"JOHNSTONE JR., CARL",9068,
JOINER,15296,
JOINER-HENSON,24022,
JOINER ET AL,24022,
JOINER OIL CORP.,24021,
"JOINER, C.M.",9071,
"JOINER, C.M. ET AL",9070,
"JOINER, C.N. ET AL",9070,
"JOINER, E.M.",9072,
JOINES ET AL,24026,
Joleisa Cramer,6131,
JoLeisa Cramer (0000-0002-5333-6523),6131,
JoLeisa Cramer (ORCID 0000-0002-5333-6523),6131,
JOLIET OIL CO.,24024,
Jon Chorover,214,
"Jon Chorover, Jen McIntosh, Rachel Gallery, Jon Pelletier",,"Jon Chorover, Jen McIntosh, Rachel Gallery, Jon Pelletier"
Jon Chorover; Rachel Gallery,,Jon Chorover; Rachel Gallery
Jon Hawkings,8183,
Jon Sanger,12724,
"Jon Van Alstine, Doug Ricketts",,"Jon Van Alstine, Doug Ricketts"
Jon Zaloumis,975,
Jonas Noomah (ORCID 0000-0003-1443-6940),11343,
Jonathan Celmer,5670,
Jonathan E. Nichols,520,
Jonathan Iusan (ORCID 0000-0003-2616-3820),8813,
Jonathan Martin,10341,
Jonathan Obrist-Farner,11398,
Jonathan Perry,11771,
Jonathan Umbsaar,1142,
Jonathan Van Wyk (ORCID 0000-0002-8860-3644),14096,
JONES,16766,
JONES-ANDERSON-WORD,24026,
JONES-O'BRIEN OPERATING CO.,24026,
JONES-STASNEY,24026,
JONES-STASNEY-GROVER-ROSE,24026,
JONES-STASNEY-GROVES-ROSE,24026,
JONES-TENNANT,24026,
JONES - STASNEY,24026,
JONES & DAVEY,24026,
JONES & EUBANKS,24026,
JONES & HAGER,24026,
JONES & KUPER,24026,
JONES & LYONS,24026,
JONES & MCLEE,24026,
JONES & O'BRIAN INC.,24026,
JONES & OBRIEN,24026,
JONES & PATTERSON,24026,
JONES & PURDY,24026,
JONES & ROGERS,24026,
JONES & SHELBURN,24026,
JONES & SIMPSON,24026,
JONES & SMITH,24026,
JONES & SONS,24026,
JONES & STASNEY,24026,
JONES & WARE,24026,
JONES DRILLING & HAGER,24026,
JONES ET AL,24026,
JONES EXPLORATION CO.,24025,
JONES FOSTER ET AL,24026,
JONES M,9102,
JONES Matt,10392,
JONES WELL,24027,
"JONES, A.R.",9078,
"JONES, A.V.",9079,
"JONES, A.V. & SONS",24025,
"JONES, A.V. ET AL",9079,
"JONES, ALBERT W.",9080,
"JONES, BRYAN",9083,
"JONES, C.A.",9084,
"JONES, C.R.",9085,
"JONES, C.S.",9086,
"JONES, CARTER",9087,
"JONES, E. M.",9089,
"JONES, E.M.",9089,
"JONES, EDWIN M.",9089,
"JONES, F.A. ET AL",9090,
"JONES, F.B.",9091,
"JONES, F.D.",9092,
"JONES, G.L.",9093,
"Jones, G.W. and Sons",9094,
"JONES, J. PAUL",9095,
"JONES, J.C.",9096,
"JONES, J.E.",9097,
"Jones, L.E. Production Co.",24025,
"JONES, MAC",9103,
"JONES, PERCY",9111,
"JONES, STASNEY",24026,
"JONES, U.F.-STASNEY",24026,
"JONES, VERN",9114,
"Jones, W.",9115,
"JONES, W. K.",9116,
"JONES, W.K.",9116,
"JONES, W.T.",9117,
jonesmc@battelleecology.org,9118,
JONESOBRO,16767,
JONNELL & HALBOUTY,24029,
"Jonnson, Sigidur",9119,
"JOOST, E.D.",9120,
JORDAN,15297,
JORDAN & KRAFTEX,24031,
"Jordan Anderson, Fred Sundberg",,"Jordan Anderson, Fred Sundberg"
Jordan Anschutz (ORCID 0000-0002-0970-4114),4321,
Jordan Deane,6397,
JORDAN DRILLING CO.,24030,
JORDAN DRILLING CO. - KRAFTEX,24031,
Jordan Ehmke (ORCID 0000-0001-9861-5609),6832,
JORDAN OIL & GAS CO.,24030,
Jordan Smalley (ORCID 0009-0000-1773-0614),13178,
Jordan Swenson,13640,
Jordan Welnetz (ORCID 0000-0001-6438-3109),17742,
"JORDAN, THOMAS",9125,
"JORDAN, TOM",9125,
Jorden Hayes,8206,
jorengo@battelleecology.org,9127,
Jˆrg Lewandowski and Birgit Mueller,,Jˆrg Lewandowski and Birgit Mueller
Jorg Pross,12060,
jormerod@battelleecology.org,9128,
Jˆrn Thiede,13775,
JOS PRO WELL,24032,
Jose Constantine,5996,
JosÈ Ignacio CuitiÒo,6200,
Jose Mauro/Max Holmes,,Jose Mauro/Max Holmes
JosÈ Nlandu Wabakanghanzi,14219,
JosÈ Nlandu Wabakanghanzi/Rob Spencer,,JosÈ Nlandu Wabakanghanzi/Rob Spencer
JOSE OIL CO.,24033,
Jose Orengo (ORCID 0000-0001-9995-4821),11492,
"Josef Werne, Bill Gilhooly, Byron Steinman, Molly O'Beirne, Fotios Fouskas",,"Josef Werne, Bill Gilhooly, Byron Steinman, Molly O'Beirne, Fotios Fouskas"
"Josef Werne, Bill Gilhooly, Molly O'Beirne",,"Josef Werne, Bill Gilhooly, Molly O'Beirne"
JOSEPH,16770,
Joseph Andrew,1802,
Joseph Baldus (ORCID 0000-0003-4502-2505),4520,
Joseph Borra,5022,
Joseph Devine,17887,
Joseph E. Andrew,4294,
Joseph E. Hazel,8223,
JOSEPH O'NEILL JR.,11481,
Joseph Ricketts (ORCID 0000-0001-5504-4527),12353,
Joseph Salvatierra (ORCID 0009-0000-4482-4912),17443,
Joseph Wooden,14713,
JOSEPHSON,9130,
"JOSEPHSON, JOE",9130,
JOSEY,16772,
JOSEY & BRUTON,24034,
JOSEY & BURTON,24035,
"JOSEY, L.M.",9131,
"JOSEY, LENDIR M. INC.",9131,
Josh Buza (ORCID 0000-0001-9124-8148),5418,
Josh Cavazos (ORCID 0009-0001-0347-4936),5654,
Josh Eckerle (ORCID 0000-0001-6532-6229),6783,
Josh Ekhoff,6846,
Josh Hoogenboom (ORCID 0000-0001-6519-3999),8556,
Josh Marino (ORCID 0000-0002-1017-1124),10303,
Josh Monroe,10915,
Josh Monroe (ORCID 0000-0003-1651-3911),10915,
Joshua Clegg (ORCID 0000-0002-3625-4008),5863,
Joshua Doby (ORCID 0000-0002-1429-6928),6561,
Joshua Epstein,6941,
Joshua Fischer (ORCID 0000-0002-5964-2409),7156,
Joshua Garber,1739,
Joshua Hoogenboom (ORCID 0000-0001-6519-3999),8556,
JOSHUA OIL CO.,24036,
Joshua Roberti (ORCID 0000-0002-3888-4900),12406,
Joshua Samuels,12701,
Joshua Schwartz,12888,
Joshua Sutter,13618,
Josie Graydon (ORCID 0009-0002-2294-9551),16556,
"JOST, E.D. JR.",9133,
"JOURET, JAMES V. & ASSOC.",24037,
Joy Manufacturing & S. Electirc Gen. Co.,24038,
Joy Manufacturing Co.,24038,
Joy Ramstack,12150,
"Joy Ramstack, Mark Edlund",,"Joy Ramstack, Mark Edlund"
JOYCE-RICHARDSON,24041,
JOYCE OIL CO.,24039,
Joyce Riphagen (ORCID 0009-0004-3819-8988),12380,
JOYCELYN & VARN,24040,
JP CO.,24042,
jporta@BattelleEcology.org,9136,
jpyatt@battelleecology.org,9137,
jpyatt@neoninc.org,17327,
jquinones@neoninc.org,9138,
jrh,16774,
jschempf@battelleecology.org,9140,
jschnebelen@battelleecology.org,9141,
jstilley@field-ops.org,9143,
jsutter@battelleecology.org,9145,
jswenson@battelleecology.org,9146,
JT (ORCID 0009-0001-5059-5132),16041,
JT Boudreau (ORCID 0009-0001-5059-5132),16041,
jthomas@field-ops.org,9147,
JThomas@field-ops.org,9147,
Juan Camilo Piedrahita,5497,
Juan Camilo Restrepo Lopez,12290,
Juan Camilo Valencia,5498,
Juan Carlos Cisneros_UFPI,5822,
"Juan Fedele, June Sayers",,"Juan Fedele, June Sayers"
Juan Florez (ORCID 0000-0002-7784-1217),7208,
Juan SebastÌna Jaramillo,8887,
"Juan, H. J.",9148,
JUBILEE ENERGY CORP.,24043,
JUDGE,16775,
Judith Fierstein,7137,
Judson Partin,11645,
Juergen Kienle,9345,
Juergen Reinhardt,12271,
JUL-TEX DRILLING CO.,24046,
Jula Baldwin,4525,
Julia Baldwin,4525,
Julia Franey (ORCID 0009-0003-4270-5463),16466,
Julia M. G. Miller,10786,
Julia Morris (ORCID 0009-0005-9435-7506),17141,
Julia Nord,11345,
Julia Perdrial,1488,
Julia Soma (ORCID 0000-0001-8860-6856),13305,
Julia Voss,14209,
JULIAN,15298,
JULIAN-PENN ET AL,24045,
Julian Christian GonÁalves da Silva Junior,7667,
JULIAN ET AL,24044,
Julian Janocha,17888,
"Julian Sachs, Ashley Maloney",,"Julian Sachs, Ashley Maloney"
"Julian Sachs, S.Nemiah Ladd, C.Myhrvold, E.Waguk",,"Julian Sachs, S.Nemiah Ladd, C.Myhrvold, E.Waguk"
"Julian Sachs, Tess Clinkingbeard, Ashley Maloney",,"Julian Sachs, Tess Clinkingbeard, Ashley Maloney"
"Julian Sachs, Tessa McGee",,"Julian Sachs, Tessa McGee"
"Julian, A. A.",9149,
Juliana Webber,14391,
Juliana Webber (ORCID 0000-0003-1933-3182),14391,
Julianne Muller (ORCID 0000-0002-8241-8261),11107,
Julie Baldwin,4526,
"Julie Brigham-Grette, Martin Melles, Pavek Minyuk",,"Julie Brigham-Grette, Martin Melles, Pavek Minyuk"
Julie Edwards (ORCID 0000-0001-5044-971X),6809,
Julie Huber / Dave Butterfield,,Julie Huber / Dave Butterfield
Julie Maxson,10413,
Julie Retrum,12292,
Julie Rothey (ORCID 0000-0002-5378-780X),12533,
Julio Sepulveda and Peter Molnar,,Julio Sepulveda and Peter Molnar
"Julio Sepulveda, Peter Molnar, Lina Perez-Angel, Angelica Parrado (Colombia)",,"Julio Sepulveda, Peter Molnar, Lina Perez-Angel, Angelica Parrado (Colombia)"
Jun-Ichi Kimura,9374,
JUNCTION NAT. GAS,24047,
juneau@battelleecology.org,9150,
Juniper K.,9152,
"JUNIPER OILS INC. (SMITH, H.R.)",24048,
Juniper_Kim,9152,
Juniper_Kim;Levesque_Christian,,Juniper_Kim;Levesque_Christian
Juniper_Kim;Tsurumi_Maia,,Juniper_Kim;Tsurumi_Maia
JUNITA OIL,24049,
JUPITER,16776,
JUPITOR OIL CO.,24052,
JUSTICE & MEARS,24055,
JUSTIN & MEARS,24055,
Justin Coleman,5937,
Justin Hall (ORCID 0000-0001-6892-534X),7972,
Justin Hill,8416,
Justin Lowe,10069,
Justin Rattan (ORCID 0009-0009-3584-4071),12182,
Justin Strauss,1162,
"Justin Stroup, Andy Breckenridge, Thomas Lowell",,"Justin Stroup, Andy Breckenridge, Thomas Lowell"
"Justin Stroup, Meredith Kelly, Thomas Lowell",,"Justin Stroup, Meredith Kelly, Thomas Lowell"
Justin V. Strauss,1162,
Justine Sauvage/Richard Murray,,Justine Sauvage/Richard Murray
Justiss-Mears Drilling Co.,24055,
"Justiss-Mears Drilling Co. and Borden, S.P.",24056,
Justiss-Mears Drlg. Co.,24055,
Justiss-Mears Oil Co,24055,
JUSTISS-MEARS OIL CO.,24055,
"Justiss-Mears Oil Co. and Armour, C. Dale",24056,
"Justiss-Mears Oil Co. and Borden, S.P.",24056,
"Justiss-Mears Oil Co., Inc.",24055,
"Justiss-Mears Oil Co., Morgan and Borden",24056,
"Justiss Oil Co., Inc.-Munoco Co.",24054,
"Justiss Oil Co., Inc.-Munoco Co., L.C.",24054,
"Justiss Oil Company, Inc.",24053,
jward@battelleecology.org,9157,
jwebber@field-ops.org,9158,
jwhite@battelleecology.org,9160,
K-B EXPLORATION CO.,24090,
K-H,16811,
K-N OPERATING CORP.,24220,
K-P CO.,24242,
K & H,24058,
K & S CORP.,24060,
K P W,16777,
K&E,16778,
K&H OPERATING,24058,
K. & H. OPERATING & TENN. GAS,24059,
K. Allen,1007,
K. Dana Chadwick,1086,
K. Halimeda Kilbourne,9352,
K. Kobayashi,9483,
K. Licht,9907,
K. Ludwig,10099,
K. Matsumoto,10390,
K. P. W.,16779,
K. Radloff,12124,
K. Rassmann,1677,
K. Sperzel,13355,
K. Verosub,14146,
K. Z.,15299,
K.A.,15300,
K.A. Klepeis,9445,
K.A. Lewis,9872,
K.C. Macdonald,10183,
K.D. Watson,14365,
K.E. Ludwig,10099,
K.H.,15301,
K.M.D.,15302,
K.N. OPERATING CORP.,24062,
K.S. Deffeyes,6425,
K.S. Norris,11350,
K.V. Martin,10342,
K.V.W. and E.L. Palmer,,K.V.W. and E.L. Palmer
"K.V.W., E.L. and R. Palmer",,"K.V.W., E.L. and R. Palmer"
Kaatje Kraft,9538,
Kaci Jones,9098,
kacmarsky@battelleecology.org,9161,
KADANE,15303,
KADANE-ASHLAND OIL,24064,
KADANE-GRIFFIN OIL CO.,24064,
KADANE-GRIFFITH,24064,
KADANE-GRIFFITH OIL CO.,24064,
KADANE & BRACHMAN,24064,
KADANE & SON,24063,
KADANE & SONS,24063,
KADANE DRILLING CO.,24063,
KADANE ET AL,24064,
KADANE GRIFFITH,16780,
"KADANE, G.E.",24065,
"KADANE, G.E. & SONS",24063,
"Kadane, G.E. and Son",24065,
kadey@battelleecology.org,9162,
Kadko_David,9163,
Kahina Faiza,7019,
KAHN,15304,
"KAHN, H. D. CO.",9166,
Kai Robinson (ORCID 0009-0007-2025-8948),17397,
Kailey Carlson (ORCID 0000-0001-8573-2099),5561,
Kailyn Smith (ORCID 0009-0005-4169-543X),17528,
KAISER,16781,
"Kaiser Oil (U.S.), Ltd.",24067,
KAISER OIL CO.,24067,
KAISER OIL U.S. LTD.,24067,
KAISER STEEL,24068,
Kaitlan Jones,9099,
Kaitlan Jones (ORCID 0000-0002-1844-4553),9099,
Kaitlin Andersen (ORCID 0000-0002-4627-175X),4238,
Kaitlin Webb (ORCID 0000-0002-4260-8503),14387,
Kaitlyn Magner (ORCID 0000-0002-7459-3860),10221,
Kaj Hoernle,8484,
"Kakimi, T.",9169,
Kalbie Grassett (ORCID 0000-0003-4019-7357),7757,
Kaleb Scarberry,12761,
KALLISON,15305,
KALLISON-CARVER,24069,
Kalon Shephard (ORCID 0009-0007-1610-5287),17500,
KALOS CORP.,24070,
"KAMANN, ROBERT",9173,
KAMAREK,15306,
"Kamb, Barclay",9174,
KAMON,16782,
KAMON & HOWE,24071,
KAMON & MUDGE,24071,
"KAMP, J. E. CO.",9177,
"Kampf, Anthony R.",9178,
"KAMPRATH, R.W.",9179,
KANABA OIL & CALLON PETROLEUM CO.,24072,
KANAWAH-ANGELO,24073,
KANAWHA-ANGELO OIL CO.,24074,
KANE-TEX OIL CO.,24077,
KANE EXPLORATIONS,24075,
KANEB OIL & GAS,24076,
"Kang Huan, Dapeng Li",,"Kang Huan, Dapeng Li"
KANSAS CITY SYNDICATE,24078,
"Karabacek, H.",9189,
Karabinos,9190,
KARBO,16783,
KARCHER,16784,
"KARCHER, J.P. ET AL",9194,
Karen E. Waters,14354,
Karen Harpp,310,
Karen Harpp/Dennis Geist,,Karen Harpp/Dennis Geist
Karen Houck,8589,
Karen Knee,9465,
Karen Von Damm,14201,
"Kari Cooper, Adam Kent, Chad Deering, Daren Gravley",,"Kari Cooper, Adam Kent, Chad Deering, Daren Gravley"
Kari Lewis (ORCID 0000-0002-7105-1986),9873,
Karima Lacene,9624,
Karin (ORCID 0000-0002-9397-5936),16785,
Karin Block,290,
Karin Hernandez (ORCID 0000-0002-9397-5936),16656,
KARL,16786,
Karl Bellerjeau (ORCID 0009-0001-4142-9239),4754,
Karl Karlstrom,9197,
Karl S. Kellog,9271,
"Karl Wegmann, Lonnie Leithold",,"Karl Wegmann, Lonnie Leithold"
Karol Faehnrich,1177,
"Karons/Bell, Marina",,"Karons/Bell, Marina"
karpiesiuk@battelleecology.org,9200,
Karpinsky Museum,24082,
Karson,9201,
"Karson, Bell",9201,
Karson/Bell,15307,
"Karson/Bell, Cristobo",,"Karson/Bell, Cristobo"
"KARSTAN, F.L.",9203,
KARSTEN,15308,
KARSTEN ET AL,24083,
"KARSTEN, F.L.",9203,
"KARSTEN, FLOYD",9203,
"KARSTEN, FLOYD L.",9203,
"KARSTER, FLOYD",9205,
"KARSTIN, FLOYD L.",9203,
KARSTON,15309,
KASAN CORP..,24084,
Kasey L. Gondek (ORCID 0000-0002-6609-5941),16854,
Kasey Stewart (ORCID 0000-0002-6609-5941),13492,
Kashyap_Srishti;/Holden_James;Butterfield_Dave,,Kashyap_Srishti;/Holden_James;Butterfield_Dave
Kasia Sobczak,13296,
Kassandra Lindsey,9930,
Kassandra Lindsey/Matt Morgan,,Kassandra Lindsey/Matt Morgan
Kassandra Pearl (ORCID 0000-0003-2514-5399),11705,
Kat Hutchins (ORCID 0000-0001-5875-5527),8742,
Kat Ross (ORCID 0000-0002-4565-0256),12524,
Kate Bull,5325,
Kate Hanschke (ORCID 0000-0003-4336-0025),8059,
Kate Kaminski / Eric L. Mittelstaedt,,Kate Kaminski / Eric L. Mittelstaedt
Kate Lazarus (ORCID 0000-0001-8397-9370),9755,
Kate Liddle Broberg,5182,
Kate Ludwig (ORCID 0000-0001-7253-0439),10099,
Kate Morozova (ORCID 0000-0003-1142-5752),11009,
Kate Pound,11974,
Kate Sandusky (ORCID 0000-0002-4570-7750),12721,
Kate Tully,13979,
Katelyn McDonough,10521,
Katelyn Palo,11598,
Katelyn Palo (ORCID 0000-0002-9964-7108),11598,
Katelyn Wright,14751,
Katelyn Wright (ORCID 0000-0002-7203-5072),14751,
Katey Walter,14290,
"Katey Walter Anthony, Joanne Heslop",,"Katey Walter Anthony, Joanne Heslop"
Katharine Bull,5325,
Katharine Gilbert (ORCID 0000-0002-3657-8125),7549,
Katherine A. Kelley,171,
Katherine Allen,1007,
Katherine Croff,6159,
Katherine Croff Bell,6158,
Katherine Guns,1480,
Katherine Hanschke (ORCID 0000-0003-4336-0025),16614,
Katherine Kelley,171,
Katherine Klassen (ORCID 0009-0009-7874-840X),9430,
Katherine Matthiesen (ORCID 0000-0002-8929-7933),10398,
Katherine Nickels (ORCID 0000-0001-6869-2611),11295,
Katherine Sheppard,17889,
Kathleen Lohse,1844,
Kathleen Nicholl,11283,
Kathryn M Kumamoto,913,
Kathryn Petty (ORCID 0000-0003-3172-1559),11815,
Katie Allen,1007,
Katie Allen and Kim Chia,,Katie Allen and Kim Chia
Katie Allen and Kimberley Chia,,Katie Allen and Kimberley Chia
Katie Allen and Robina Sharpe,,Katie Allen and Robina Sharpe
"Katie Allen, Kim Chia",,"Katie Allen, Kim Chia"
"Katie Allen, Kim Chia and Fi",,"Katie Allen, Kim Chia and Fi"
"Katie Allen, Kim Chia and Fiona",,"Katie Allen, Kim Chia and Fiona"
"Katie Allen, Kim Chia and Robina Sharpe",,"Katie Allen, Kim Chia and Robina Sharpe"
"Katie Allen, Kim Chia, Fiona",,"Katie Allen, Kim Chia, Fiona"
"Katie Allen, Kim Chia, Fiona McRonald",,"Katie Allen, Kim Chia, Fiona McRonald"
"Katie Allen, Kimberley Chia",,"Katie Allen, Kimberley Chia"
"Katie Allen, Kimberley Chia, Robina Sharpe",,"Katie Allen, Kimberley Chia, Robina Sharpe"
"Katie Allen, Robina Sharpe",,"Katie Allen, Robina Sharpe"
"Katie Allen, Robina Sharpe, Fiona & Kim Chia",,"Katie Allen, Robina Sharpe, Fiona & Kim Chia"
"Katie Allen, Robina Sharpe, Fiona and Kim Chia",,"Katie Allen, Robina Sharpe, Fiona and Kim Chia"
"Katie Allen, Robina Sharpe, Kim Chia",,"Katie Allen, Robina Sharpe, Kim Chia"
"Katie Allen, Robina Sharpe, Kim Chia and Fiona",,"Katie Allen, Robina Sharpe, Kim Chia and Fiona"
Katie Geiger,7483,
"Katie Glover, Glen MacDonald, Matt Kirby",,"Katie Glover, Glen MacDonald, Matt Kirby"
Katie Goodwin (ORCID 0000-0002-3456-9719),7688,
Katie Kelley,171,
Katie Matthiesen (ORCID 0000-0002-8929-7933),17013,
"Katie Perrin, Garry Baglin",,"Katie Perrin, Garry Baglin"
"Katie Perrin, JG, TB, and SK",,"Katie Perrin, JG, TB, and SK"
Katie Ring (ORCID 0000-0002-4645-621X),12374,
"Katie, Anna",9210,
Katja Diekgers (ORCID 0000-0002-1279-1642),6514,
Katra Laidlaw (ORCID 0000-0002-7782-1339),9642,
Katrina Underhill (ORCID 0000-0003-4164-7153),14042,
KATY,16787,
KATY DRILLING,24085,
Katy Evans,15785,
KATZ,16788,
KATZ-FOX & VENALBLE,24087,
KATZ - GENERAL AMERICAN,24087,
KATZ - VENABLE,24087,
KATZ ET AL,24087,
KATZ OIL - LONE STAR PRODUCTION CO.,24087,
KATZ OIL CO.,24086,
KATZ OIL CO. ET AL,24087,
"Katz, G.",9213,
"KATZ, R.R.",9214,
"KATZ, SID",9215,
kauger@field-ops.org,9219,
Kauger@field-ops.org,9219,
"Kavanagh, P. M.",9220,
"Kavanaugh Energy Services, Inc.",24088,
KAWANEE OIL CO,24089,
Kay,16790,
Kayla Hannen (ORCID 0000-0001-9475-5110),8055,
Kayla Iacovino,209,
Kaysie Cox,6108,
Kazhuito Ozawa,11554,
KB OIL & GAS CO.,24090,
kbailey@field-ops.org,9222,
KBiggert@field-ops.org,9223,
kbrown@neoninc.org,9224,
KBurchinal@field-ops.org,9225,
KCL,16791,
KCM CO.,24091,
kcorbett@field-ops.org,9227,
kcovington@battelleecology.org,9228,
kdoerfler@battelleecology.org,9230,
Kdoerfler@battelleecology.org,9230,
KEAN,16792,
"KEAN, R.H.",9232,
"KEAS, K.C.",9235,
"Keba Oil and Gas Co., Inc.",24092,
KECK,9237,
KECK-PECOS-TRUST,24093,
"Keck, Eric",9239,
"KECK, WILLIAM M.",9241,
"KECK, WILLIAM M. & CROWN CENTRAL",24093,
"KECK, WILLIAM M. JR.",9241,
keck@battelleecology.org,9237,
"KEEBLE, W.C. PETROLEUM CO.",24094,
KEECHI PETROLEUM CO.,24095,
Keely Kohen (ORCID 0000-0001-6124-3848),9493,
"KEEN, BOB",9243,
"KEEN, BOB ET AL",9243,
KEENE & STEVENSON,24097,
KEGAN & BOOKER,24098,
Kei Quinn,12103,
KEIL & KEIL,24099,
KEIL & RANDELL,24099,
Keirsten Kaufmann (ORCID 0009-0007-3391-2822),16789,
"Keisker, A.M. Develo",24100,
KEITH,16793,
KEITH-WELLS,24102,
Keith Doerfler (ORCID 0000-0001-5229-6366),6570,
KEITH GRAHAM,7742,
KEITH GRAHAM CO.,24101,
Keith Howard,8603,
Keith Klepeis,920,
Keith Young,14828,
"Keith, A.",9249,
kelemet@battelleecology.org,9252,
KELFAR OIL CO.,24103,
Kelin Whipple,14505,
KELLAM,16794,
Kellaway G.A.,9253,
KELLER & SAUNDERS,24104,
"KELLER, E.S. CO.",9255,
"Keller, Randy",9258,
"Kellers, H. C.",9263,
"Kelley Industries, Inc.",24105,
Kelley Mccahill,10458,
Kelley Mccahill (ORCID 0000-0002-5795-6850),10458,
Kelley McCahill (ORCID 0000-0002-5795-6850),10458,
Kelley Oil Corp.,24106,
Kelley_Deborah,9265,
Kelley_Deborah; Germanovich_Leonid,,Kelley_Deborah; Germanovich_Leonid
kelleyr@battelleecology.org,9270,
Kellogg,9271,
"Kellogg, Karl",9271,
KELLY,16795,
KELLY-BROCK,24109,
KELLY BROCK,24107,
Kelly Cheah,5742,
Kelly Concklin (ORCID 0000-0001-8615-3910),5974,
Kelly Leffler,9807,
Kelly Luis,10107,
Kelly MacGreggor,10192,
Kelly MacGregor,10192,
"Kelly MacGregor, Amy Myrbo",,"Kelly MacGregor, Amy Myrbo"
"Kelly MacGregor, Catherine Riihimaki",,"Kelly MacGregor, Catherine Riihimaki"
KELLY OIL & GAS CO.,24108,
KELLY OIL CO.,24108,
Kelly Thomson,1750,
"Kelly Wendt, Tom Johnson",,"Kelly Wendt, Tom Johnson"
Kelly Wrighton,1487,
"KELLY, A. A.",9273,
"KELLY, B.C.",9275,
"KELLY, H.B.",9277,
"KELLY, PEARL",9281,
"KELLY, R.D.",9282,
"Kelly, Ray B.",9283,
"Kelly, T.",9284,
"KELLY, W.D.",9285,
kellyt@battelleecology.org,9284,
"KELPETRO, INC. (HOWELL, S.H.)",24110,
KELSEY-HAINES,24111,
KELSEY & FOX,24111,
KELSEY ET AL,24111,
Kelsey Hildebrand,8402,
Kelsey Ruehling,12585,
Kelsey Waterson (ORCID 0000-0002-9642-4478),14355,
Kelsie Lowe (ORCID 0009-0003-7764-2669),10070,
Kelton Co.,24112,
Kelton Estate-Pruet,16796,
Kelton Operating Co.,24112,
"Kelton, Frank H.",9286,
"Kelton, Frank H. Estate",9286,
"Kelton, Frank H., Sr",9286,
Kelvin Ruiz Medina (ORCID 0000-0001-6597-0276),12593,
Kemmerer Coal Company,24113,
KEMP,16797,
KEMP CITY TOWNSITE,24114,
KEMP OIL CO.,24115,
"KEMP, J W",9290,
"Kemp, J. F.",9291,
KEMROW CO.,24116,
KEN-BEN OIL CO.,24117,
Ken Johnston,9065,
Ken Kemner,1212,
Ken McCutchen (ORCID 0009-0003-7355-6149),10507,
Ken Rubin,27,
Ken Williams,14608,
Ken Williams. Alex Newman. Curtis Beutler,,Ken Williams. Alex Newman. Curtis Beutler
KENCO,16798,
Kenda Svoboda (ORCID 0000-0002-5872-682X),13623,
KENDALIA CORP.,24118,
KENDALL,9294,
kendall@battelleecology.org,9294,
KENDELL SHOW,16799,
Kendra Bullock,5326,
Kendra McLauchlan,10578,
"Kendra McLauchlan, Berangere Leys",,"Kendra McLauchlan, Berangere Leys"
Kendra Murray,261,
KENDRICK,15310,
KENDRICK-TIPTON,24121,
Kendrick Geologic Assoc.,24119,
Kendrick Taylor,13714,
KENDRICKS ET AL,24120,
Kenmore Oil Co.,24122,
KENNAN & STEVENSON,24123,
KENNARD,16800,
KENNEDY,16801,
KENNEDY-BRAHANEY-PENNZOIL,24124,
KENNEDY & LYNTON,24124,
KENNEDY ET AL,24124,
Kennedy Ream (ORCID 0009-0009-6782-2790),12222,
"KENNEDY, E.R. - W.D. FAULKNER",,"KENNEDY, E.R. - W.D. FAULKNER"
Kennedy_Chris,9301,
KENNER BROTHERS,24125,
Kenneth Deffeyes,6426,
Kenneth G. Miller,10787,
Kenneth Kodama,9486,
Kenneth Short Drilling co.,24126,
Kenneth W.W. Sims,13124,
Kenneth Williford,14626,
Kenneth Wolf,14695,
KENNON & CANTRELL,24127,
KENNON & CONTRELL,24127,
KENNON & KENNON,24127,
KENO,16802,
KENSLEY,16803,
KENSON CORP.,24128,
KENT-MIDDLETON REFINING CO.,24132,
KENT-SLENTZ,24133,
KENT EXPID INC.,24129,
"Kent Kirkby, Amy Myrbo",,"Kent Kirkby, Amy Myrbo"
KENT OIL INTEREST,24130,
"KENT, G.C.",9312,
Kent_Adam,9310,
KENTUCKY - TEXAS,24134,
Kentucky West Virginia Gas Co.,28870,
KENWOOD,16804,
KENWOOD OIL CO.,24137,
KENYON EXPLORATION CO.,24138,
Kenzie Favero,7062,
KEOUGHAN,15311,
KEPLEY,24139,
KEPLEY ET AL,24139,
KERLYN,16805,
KERLYN-PHILLIPS,24141,
KERLYN OIL CO.,24140,
"KERLYN OIL CO. - GIBBS, L.C.",24141,
KERLYN OIL CO. - KINGREY,24141,
KERLYN OIL CO. BURKE ROYALTY,24141,
KERN,15312,
KERN-LAND RICHFIELD OIL CORP.,24143,
KERN COUNTY LAND,24142,
KERN COUNTY LAND CO.,24142,
KERN COUNTY LAND CO. & PENNZOIL,24143,
KERNER OIL & GAS,24144,
KERNRIDGE,24145,
KERNRIDGE OIL,24145,
KERR-MCGEE,24147,
KERR-MCGEE-WILSON-KAY,24149,
KERR-MCGEE CO.,24147,
Kerr-Mcgee Corp.,24147,
KERR-MCGEE CORP.,24147,
KERR-MCGEE OIL & GAS,24147,
KERR-MCGEE OIL CORP.,24148,
KERR-MCGEE OIL IND INC.,24147,
KERR-MCGEE OIL IND INC.-WILSON,24149,
"KERR-MCGEE OIL INDUSTRIES, INC.",24147,
"KERR-MCGEE,BURK RAYALTY",24149,
KERR & MCGEE,24147,
KERR MCGEE,24147,
KERR MCGEE (PHILLIPS PETROLEUM CO.),24149,
KERR MCGEE CORP.,24147,
KERR MCGEE INDUSTRIES,24147,
"KERR, D.R.",9317,
"KERRVILLE, CITY OF",24150,
"Kerry Howard, Briana Johnson, Paige DePolo",,"Kerry Howard, Briana Johnson, Paige DePolo"
"Kerry Howard, Briana Johnson, Paige DePolo, Paula Noble",,"Kerry Howard, Briana Johnson, Paige DePolo, Paula Noble"
"Kerry Howard, Paula Noble, Paige DePolo",,"Kerry Howard, Paula Noble, Paige DePolo"
"Kerry Howard, Paula Noble, Scott Mensing",,"Kerry Howard, Paula Noble, Scott Mensing"
"Kerry Howard, Scott Mensing, Paula Noble, Claire Archer",,"Kerry Howard, Scott Mensing, Paula Noble, Claire Archer"
Kerry Kelts,9287,
"Kerry Kelts, Charlie Tiller",,"Kerry Kelts, Charlie Tiller"
"Kerry Kelts, Charlie Tiller, Sheri Fritz, Edward Theriot",,"Kerry Kelts, Charlie Tiller, Sheri Fritz, Edward Theriot"
"Kerry Kelts, Doug Schnurrenberger",,"Kerry Kelts, Doug Schnurrenberger"
Kerry McPhail,10615,
KERSHAW & LIVINGSTON,24151,
Kerswell,16808,
Keryn Gedan,7473,
Keshav Arogyaswamy,490,
Kessler,16809,
Kester (Schilling),16810,
KESTER ET AL,24152,
KETTE,15313,
Kevin  Konrad (KKonrad.Geology@gmail.com),815,
Kevin Covington (ORCID 0000-0002-6443-1841),6095,
Kevin Hand,8039,
Kevin Johnson,234,
"Kevin Johnson, Andy Breckenridge",,"Kevin Johnson, Andy Breckenridge"
Kevin Konrad (Konradke@oregonstate.edu),815,
Kevin Neyedley,11274,
Kevin Reifenberg (ORCID 0000-0002-1718-8623),12267,
Kevin Root,12494,
Kevin Ryan,12643,
Kevin Scott (ORCID 0000-0002-7517-7842),12901,
"Kevin Speigel, Samantha Kaplan",,"Kevin Speigel, Samantha Kaplan"
"Kevin Spigel, Erik Larson",,"Kevin Spigel, Erik Larson"
Kevin Theissen,13769,
"Kevin Theissen, Nick Hermann, Tom Hickson, S.Horns, Ashley Brundrett",,"Kevin Theissen, Nick Hermann, Tom Hickson, S.Horns, Ashley Brundrett"
"Kevin Theissen, Nigel Wattrus",,"Kevin Theissen, Nigel Wattrus"
"Kevin Theissen, Thomas Hickson, Eric Stevens, Sarah Horns, Ashley Brundrett,",,"Kevin Theissen, Thomas Hickson, Eric Stevens, Sarah Horns, Ashley Brundrett,"
"Kevin Theissen, Tom Hickson",,"Kevin Theissen, Tom Hickson"
"Kevin Theissen, Will Hobbs, Nicholas Hermann, Alex Blel, Ana Schanzenbach",,"Kevin Theissen, Will Hobbs, Nicholas Hermann, Alex Blel, Ana Schanzenbach"
"Kevin Theissen, Will Hobbs, Nick Hermann, Alex Blel, L.Tousignant",,"Kevin Theissen, Will Hobbs, Nick Hermann, Alex Blel, L.Tousignant"
Kevin Voelz,892,
Kevin Wells (ORCID 0000-0002-2939-423X),14448,
KEWANEE,15314,
KEWANEE OIL,24153,
KEWANEE OIL CO,24153,
KEWANEE OIL CO.,24153,
"KEWANEE OIL CO. (PREV: PRIOR, HERBERT M.)",24153,
"KEWANEE OIL CO. (PREV: VAREL, D.W.)",24153,
KEY,15315,
KEY-STATE DRILLING CO.,24160,
Key C.,9326,
"Key Operating Co., Inc.",24156,
KEYES & CHEERY,24157,
KEYES & CHERRY,24158,
KEYSER-ROBERTS,24159,
"KEYSER, J. F. - KENNEDY, E.R.",,"KEYSER, J. F. - KENNEDY, E.R."
KEYSTONE - TEXAS OIL CO.,24161,
KEYSTONE DRILLING CO.,24162,
KEYSTONE ROYALTIES INC.,24162,
KEYSTONE ROYALTY CO.,24162,
kframpton@battelleecology.org,9328,
kgeiger@battelleecology.org,9329,
kgodfrey@battelleecology.org,9330,
kgoebel@battelleecology.org,9331,
KGS,24135,
KGS-USGS,24164,
KGS-USGS Mapping Program,24165,
KGS-USGS MAPPING PROGRAM,24165,
KGS/IMMR,24163,
khaase@field-ops.org,9332,
Khadija Al-Qazwini,801,
Khalil Williams (ORCID 0009-0009-3914-1250),17774,
khammer@field-ops.org,9333,
khammer@neoninc.org,9333,
khanschke@battelleecology.org,9334,
Khanschke@field-ops.org,9334,
kharris@neoninc.org,9336,
khess@field-ops.org,9339,
khildebrand@battelleecology.org,9340,
KIDD & CHERRY,24166,
"KIDD, BARRON",16812,
KIEFFER CO.,24167,
KIEL-KING OIL CO.,24169,
Kielbaso J.,9344,
"Kienle, R.",9346,
Kieron M.W.,10160,
Kiersten Miller (ORCID 0000-0002-4103-6144),10788,
"Kihle, J.",9348,
KIKER-NEED,24170,
"KILAM, O. W.",9350,
KILGORE & COFFEE,24171,
KILGORE DEVELOPERS,24172,
"KILGORE, E.P.",9353,
KILLAM,9354,
KILLAM-HURD,24174,
KILLAM-LEE,24174,
KILLAM-PHILLIPS,24174,
"KILLAM & HURD, LTD.",24174,
KILLAM & MID STATES,24174,
KILLAM & PHILLIPS,24174,
KILLAM & PHILLIPS ET AL,24174,
KILLAM & WHEATLEY,24174,
KILLAM OIL CO.,24173,
KILLAM PHILLIPS ET AL,24174,
"KILLAM, O. W.",9354,
"KILLAM, O.W.",9354,
"KILLAM, O.W. OIL CO.",24173,
"KILLAM, O.W. OIL CO. & HURD",24174,
KILLAN ET AL,24175,
KILLGORE,16813,
"KILLGORE, J.C.",9356,
KILLIAM,16814,
"KILLIAM, O.W.",9357,
KILLIAN,16815,
"KILLINGSWORTH, SAM",9359,
KILLOUGH & GERMANY,24177,
KILLOUGH & TUCKER,24177,
KILLOUGH OIL CO.,24176,
KILLOUGH PRODUCTION,24176,
KILMAR NOACK,24178,
KILMARNOCK,24179,
KILMARNOCK OIL CO.,24179,
KILROY,16816,
KILROY CO. OF TEXAS INC.,24180,
"KILROY CO. OF TEXAS, INC.",24180,
Kim Chia,5772,
Kim Chia and Katie Allen,,Kim Chia and Katie Allen
"Kim Chia, Katie Allen",,"Kim Chia, Katie Allen"
"Kim Chia, Katie Allen, Robina Sharpe",,"Kim Chia, Katie Allen, Robina Sharpe"
"Kim Chia, Robina Sharpe",,"Kim Chia, Robina Sharpe"
Kim Cobb,5905,
"Kim Robeson, Zoe Shipton/Dr. James Evans",,"Kim Robeson, Zoe Shipton/Dr. James Evans"
Kim Robeson/ Dr. James Evans,,Kim Robeson/ Dr. James Evans
Kim_Stacy,9364,
KIMBALL PRODUCTION CO.,24181,
KIMBELL,15316,
KIMBELL-ANDERSON,24182,
KIMBELL-BOBNER,24182,
KIMBELL & SIMS,24182,
KIMBELL & SWICK,24182,
KIMBELL ET AL,24182,
"KIMBELL, G.T. ET AL",9365,
"KIMBELL, KAY",9366,
Kimberley Chia and Katie Allen,,Kimberley Chia and Katie Allen
"Kimberley Chia, Katie Allen",,"Kimberley Chia, Katie Allen"
"KIMBERLIN, J.",9367,
Kimberly D. Myers,748,
"KIMBERLY, ZAY",9368,
KIMBLE,16818,
KIMBLE LEE CO.,24183,
"KIMBLE, K. W.",9369,
"KIMBLE, KAY",9370,
KIMBRELL,16819,
KIMBRO,15317,
KIMBROUGH,9371,
"Kimbrough, David",9371,
"KIMMELL, C.E.",9372,
KIMPER-KIMBERLIN,24184,
KIMPER-KIMBERLIN (?),24184,
KIMPER & KIMBERLIN,24184,
KIMRICK OIL CO.,24185,
"KIMSEY, R.E. JR.",9373,
KIN OWENS,11547,
kincaid@battelleecology.org,9375,
KINDER MORGAN PR LLC,24186,
"Kinet, Urbain J.",9376,
KING,16820,
KING-BUFORD,24188,
KING-FRANKLIN,24188,
KING-HANEY,24188,
KING-HERRING,24188,
KING-LEWIS & HAMPS,24188,
KING-THEYNE,24188,
KING-WARREN-DYE,24188,
KING-WOOD,24188,
KING & COPAZ OIL & GAS,24188,
KING & FORREST,24188,
KING & KENYE ET AL,24188,
KING & LOCKHART,24188,
KING & MCCURDY,24188,
KING & PHILLIPS,24188,
KING & WOODS OIL,24188,
KING ET AL,24188,
KING FARM,24188,
KING HERRING,24188,
KING HEYNE,24188,
KING OIL CO.,24187,
KING OIL CO. - MCCARTER-COLEMAN,24188,
KING OIL CO. - MCCURDY,24188,
KING OIL CO. - PHILLIPS,24188,
KING OIL CO. ET AL,24188,
KING RANCH,24189,
KING RANCH OIL & GAS INC. (SANTA FE MINERALS),24190,
KING RESOURCE-CHERRVILLE,24188,
KING RESOURCES,24187,
KING RESOURCES & SHELL OIL CO.,24188,
KING RESOURCES CO.,24187,
KING ROYALTY,24187,
"KING, BEN H.",9380,
"KING, CARL",9382,
"KING, CARL B.",9382,
"King, F. P.",9385,
"KING, HENRY A.",9387,
"KING, HUGH JR.",9377,
"KING, J.W. (SUN)",9388,
"King, J.W. and Williams, Earl",,"King, J.W. and Williams, Earl"
"KING, J.W. DRILLING",9388,
"KING, J.W. JR.",9378,
"KING, R. - LA GLORIA",24188,
"KING, R. JR.",9379,
"KING, R. JR. CO.",24187,
"KING, R. JR. ET AL",9379,
"KING, RICHARD",9390,
"KING, RICHARD JR.",9379,
"KING, ROY ET AL",9391,
"KING, WARREN-DYE",24188,
kingac@battelleecology.org,9393,
KINGDORR EXPLORATION CO.,24191,
KINGERY,16821,
KINGERY BROTHERS & A.R. MCELREATH,24192,
KINGERY DRILLING,24193,
KINGERY PATTERSON,24194,
"KINGFORD, ROBERT",9395,
KINGREA-PENDLETON-REISER,24195,
"KINGREA, PENDLETON, & REISER",24195,
KINGSBERRY-PATTERSON-WITHER,24196,
KINGSDON,16822,
KINGSLAND,16823,
KINGSVILLE OIL & DEVELOPMENT CO.,24197,
KINGWOOD,24188,
KINGWOOD OIL,24198,
KINGWOOD OIL CO.,24198,
"Kinkel, A.",9400,
Kinlaw Oil Corp.,24199,
KINNEY WATERWELL,24200,
KINS ROYALTY,24201,
"KINSEY, N.V.",9402,
KINTER COAST,24202,
Kira Homola,1031,
KIRBY,16824,
KIRBY-SHARP-HEEP,24204,
KIRBY-TAYLOR-LINK,24204,
KIRBY & MCCLOUD,24204,
KIRBY & MCFARLAND,24204,
Kirby Bean,4692,
Kirby Hobbs,8466,
Kirby Hobbs/Nicholas Richard,,Kirby Hobbs/Nicholas Richard
KIRBY OIL,24203,
KIRBY OIL CO.,24203,
KIRBY PETR.-MORTEX OIL,24204,
KIRBY PETROLEUM,24203,
KIRBY PETROLEUM (HUMBLE),24205,
KIRBY PETROLEUM CO.,24203,
KIRBY PETROLEUM CO. - EDSON,24204,
KIRBY PETROLEUM CORP.,24203,
KIRBY ROYALTIES,24203,
Kirby Thompson,13816,
KIRBY XIX & MCFARLAND,24204,
"KIRBY, WOODLY",9406,
"Kirianov, V.",9408,
KIRK,16825,
KIRK-NEBB,24207,
KIRK-NEEB,24207,
KIRK-NEEB-LOWE,24207,
KIRK & CHOATE,24207,
KIRK & NEEB,24207,
KIRK & ROBERTSON,24207,
KIRK & SNOWDEN,24207,
KIRK CO.,24206,
KIRK ET AL,24207,
"KIRK, T.A.",9410,
KIRKHAM,15318,
KIRKKWOOD & MORGAN ET AL,24210,
KIRKPATRICK,16826,
KIRKPATRICK & COATES,24208,
KIRKPATRICK & LAMB,24208,
KIRKPATRICK & WILLIAMS,24208,
KIRKPATRICK ET AL,24208,
"KIRKPATRICK, E.R.",24209,
"KIRKPATRICK, GEO. ET AL",24210,
KIRKWOOD,15319,
KIRKWOOD-MORGAN,24210,
KIRKWOOD & ALSOBROOK,24210,
KIRKWOOD & CARTER,24210,
KIRKWOOD & CO.,24210,
KIRKWOOD & CO. ET AL,24210,
KIRKWOOD & COATES,24210,
KIRKWOOD & HUDDLE,24210,
KIRKWOOD & JERGINS,24210,
KIRKWOOD & MORGAN,24210,
KIRKWOOD & WEIGEL,24210,
KIRKWOOD DRILLING & TEXAS GAS EXPLORATION,24210,
KIRKWOOD ET AL,24210,
"Kirsch, Irving D.",9415,
Kirsten Arnell,4371,
KISKA,16827,
KISTLER & STIVERS,24211,
KITCHERING & HART,24212,
"Kitching, J.W.",9420,
"KITE, B.F. (JEFFERIES, G.)",,"KITE, B.F. (JEFFERIES, G.)"
KITSOS,15320,
"KITTEL, W.H.",9422,
KJB,16828,
kjohnson@battelleecology.org,9423,
kjones@field-ops.org,9424,
kjones01@battelleecology.org,9425,
kjones02@battelleecology.org,9426,
kjones03@battelleecology.org,9427,
kjorgenson@battelleecology.org,9428,
Kjorgenson@battelleecology.org,9428,
kjorgenson@field-ops.org,16769,
KK,16829,
KKelly@field-ops.org,9429,
klauger@field-ops.org,9431,
KLAUS H. TRUSTEE,24214,
KLAUS TRUSTEE,24214,
klazarus@battelleecology.org,9432,
KLEBERG COUNTY OIL CO.,24215,
"KLECKA, W.A.",9434,
KLEEDER ET AL (?),24216,
"KLEEDER, MARK (?)",9435,
kleffler@battelleecology.org,9436,
KLEIN,16832,
Klein W.,9441,
"KLEIN, H.W.",9439,
Klein:Perfit,,Klein:Perfit
Klein_Emily; Perfit_Michael,,Klein_Emily; Perfit_Michael
Klein_Emily; Soule_S.Adam; Perfit_Michael,,Klein_Emily; Soule_S.Adam; Perfit_Michael
KLEINER,16833,
KLEINER ET AL (J.R. HILL),24217,
"KLEINER, CHARLES",9443,
KLEMM,15321,
"Klimov, Lev",9447,
klinee@battelleecology.org,9448,
"Klondike Energy, L.P",24218,
KLOPPENBURG,16835,
kludwig@battelleecology.org,9452,
"KLUTHE, JOSEPH G.",9457,
"KLUTHE, OSBORNE & MILLER",24219,
kmatthiesen@battelleecology.org,9458,
kmatthiesen@field-ops.org,9458,
KMatthiesen@field-ops.org,9458,
kmccahill@battelleecology.org,10458,
kmcmahon@field-ops.org,9459,
kmiller@battelleecology.org,9460,
Kmorris@battelleecology.org,9461,
KNEEDLER,15322,
KNEPLEY,16836,
"Knepprath, Nichole",9466,
KNICKERBOCKER,16837,
KNIGHT,15323,
KNIGHT & EWING,24221,
KNIGHT EXPLORATION,24222,
"Knight, M.",9467,
Kniskern_Tara; Orpin_Alan,,Kniskern_Tara; Orpin_Alan
KNODE,15324,
"KNODE, WILLIAM",9469,
KNOTT,16838,
"Knowhon, F.",9473,
"KNOWLES, G.C.",9475,
Knox,16839,
KNOX & BREWER,24224,
KNOX DRILLING CO.,24223,
"Knox, Albert D.",9476,
"KNOX, GORDON-AIKMAN",9477,
"KNOX, GORDON & AIKMAN BROS.",24224,
"KNOX, GORDON & ASSOC.",24224,
"KNOX, GORDON OIL & EXPLORATION",24224,
"KNOX, GORDON OIL & EXPLORATION CO.",24224,
"KNOX, GORDON/AIKMAN",24224,
"KNOX, JOHN",9478,
"KNOX, T.B.",9479,
"KNOX, T.B. ET AL",9479,
KOCH EXPLORATION,24225,
"KOCH, GEORGE C.",9484,
"Kockott, Calle P.",9485,
Kocurek Industries,24227,
kohen@battelleecology.org,9493,
KOHLER ENERGY CORP.,24228,
KOIN CORP.,24229,
KOKOMO GAS,24230,
KOLP,16842,
Kolpak,16843,
KONE & WILLIS,24231,
KONE PRODUCTION CO.,24232,
"KONE, SAM",9503,
"Konigsmark, T. A.",9504,
KONOWA,15325,
KOON KNEEK KLUB,24233,
KOPEL & JESSEN,24234,
"KOPEL, SAL",9510,
"KOPEL, SOL",9511,
korbut@battelleecology.org,9513,
"Korhonen, Fawna J.",9514,
Korien Oostingh: Fred Jourdan,,Korien Oostingh: Fred Jourdan
KORNRUMPH,15326,
KORONA OIL CO.,24236,
KOSSE-MIDWEST,24237,
KOSSE MUTUAL ENGLE ET AL,24237,
"Koster, Samuel",9520,
KOT OIL CO.,24238,
"Kothavala, R.Z.",9522,
"KOTHMAN, A.&B.",24239,
"KOTHMANN, AUGUST",9523,
"KOTYZA, FRED E.",9525,
KOURI,16845,
KOURI ET AL,24240,
"KOURI, MIKE",9527,
KOURY DRILLING CO.,24241,
kowens@battelleecology.org,9530,
"KOZABEER, A.G. ET AL",9531,
"Kozu, S.",9533,
kpalo@battelleecology.org,9534,
kparis@neoninc.org,9535,
KPW,16846,
"KRAAK, JOHN",9536,
Krafft,16847,
Kraft H.,9537,
"KRAGSETH, GUS",9540,
Krantz,16848,
"Krantz, F.",9545,
Krause,15854,
KRAUSE-YATES-MOORE & MOORE,24243,
"Krause, Mcgregor",9547,
"KRE, F.A. JR.",9551,
kressel@field-ops.org,9555,
kricks@field-ops.org,9557,
kring@battelleecology.org,9558,
kring@field-ops.org,9558,
KRing@field-ops.org,9558,
"KRISS, A. ET AL",9559,
"Krissek, Lawrence A.",9560,
Kristen Chestnut-faull (ORCID 0000-0002-6208-6781),5769,
Kristen Chestnut-Faull (ORCID 0000-0002-6208-6781),5769,
Kristen Costello (ORCID 0000-0001-7756-7185),6073,
Kristen Henderson (ORCID 0000-0003-3227-3428),8303,
Kristen Stone (ORCID 0000-0002-0086-8390),13527,
Kristi Smith,13237,
Kristi Wallace,14274,
"Kristiana Lapo, Doug Clark, Tatum McLeod, Garet Huddleston",,"Kristiana Lapo, Doug Clark, Tatum McLeod, Garet Huddleston"
Kristin Boye,1637,
Kristin Godfrey,7633,
Kristin Kennedy,9303,
"Kristin Michels, Sara Hotchkiss, Randy Calcote, Kevin Barrett",,"Kristin Michels, Sara Hotchkiss, Randy Calcote, Kevin Barrett"
Kristina Beuning,4832,
Kristina Brady,5107,
"Kristina Brady, Emi Ito",,"Kristina Brady, Emi Ito"
Kristina Cowell (ORCID 0000-0003-3415-3067),6098,
Kristine L. DeLong,630,
Kristy Adey,17890,
Kristyn Decker (ORCID 0000-0002-9181-2463),6413,
krogers@field-ops.org,9562,
krohde@battelleecology.org,9563,
kross@BattelleEcology.org,9565,
KROUSE ET AL,24244,
"KRUEZ, MARVIN",9568,
"Krufa, Jixi",9569,
KRUGER ET AL,24245,
kruiz-medina@field-ops.org,9572,
kruizmedina@battelleecology.org,9572,
kruizmedina@field-ops.org,9572,
"Krumm, Gerald",9574,
KRUPP OIL & LAND CO.,24246,
ksandusky@neoninc.org,9576,
kschroder@neoninc.org,17467,
kscott@battelleecology.org,9577,
ksmith@field-ops.org,9579,
ksperzel@battelleecology.org,9580,
KT. WEST VA. GAS,28870,
KUBISHAC,16850,
Kuehl_Steven,9587,
"KUENSTIER, A.J.",9589,
"KUENSTLER, A.J.",9590,
KUGLE,16851,
KUGLE & DERR,24247,
"KUGLE, J.D. JR. ET AL",9591,
Kuiper,9592,
Kukui Operating Co.,24248,
KUMKLE & SMITH,24250,
"Kuno, H.",9599,
Kunz G.F.,9600,
KUPP,15328,
"Kurasawa, Hajime",9601,
Kurt Constenius,5997,
Kurt Hildebrandt (ORCID 0000-0001-7298-9805),8403,
"Kurt Refsnider, Giff Miller",,"Kurt Refsnider, Giff Miller"
"Kutina, J.",9607,
Kutnkova,16852,
"KUYKENDALL, POWERS-SWENSON",24252,
"Kuzmenko, M.V.",9610,
kwright@battelleecology.org,9612,
Kyla Choquette/Birgit Hagedorn,,Kyla Choquette/Birgit Hagedorn
Kyla Rohde (ORCID 0000-0002-0123-6184),12473,
Kyle Hasse (ORCID 0009-0009-3511-3746),8162,
Kyle Jones (ORCID 0000-0001-6401-9622),9101,
Kyle Martin (ORCID 0000-0001-5871-8742),10343,
KYLE OIL & GAS CO.,24253,
Kyle Tumpane,13980,
"Kyle, Philip R.",9613,
"KYLE, W.B.",9614,
Kyleen Kelly,9278,
KYNASTON & BOZEMAN,24254,
Kyra Schmidt (ORCID 0000-0002-3981-6870),12805,
"Kyra	Schmidt (ORCID 0000-0002-3981-6870)",12805,
KYSER & GRONNEMAN,24255,
kzoellner@neoninc.org,9615,
L & K,16853,
L & L PETROLEUM,24256,
L A. Turnbull,13988,
L L. Hirst,8454,
L L. Hirst and W S. Landers,,L L. Hirst and W S. Landers
L Moyd,11069,
L N. Plein,11916,
L&E OIL CO.,24257,
L&G DRILLING,24258,
L&G ROYALTY,24258,
L&L DRILLING,24256,
L&L DRILLING CO.,24256,
L&M PRODUCTION CO.,24259,
L&N PRODUCTION CO.,24260,
L&R OIL CO.,24261,
L. and W. Corp.,24262,
L. Barnes,17891,
L. Bartek,4607,
L. Bartek & S. Henrys,,L. Bartek & S. Henrys
L. Burckle,5340,
L. Burkley,5353,
L. Giosan,7582,
L. Krissek,9560,
L. Ling,9934,
L. Prothro,12061,
L. Spillers,13361,
L. TEXAS PETROLEUM,24263,
"L. Wooninck, L. Duncan",,"L. Wooninck, L. Duncan"
L.A. County M.N.H.,24264,
L.A. Killough,9360,
L.B. NEWMAN,11265,
L.F. OIL CO.,24265,
L.K.C.A.,16855,
L.L. & E.,24266,
L.L. & E. AND LATERRE,24266,
L.L.&E.,16856,
L.M. Gray,7769,
L.R. Johnston Drlg. & Testing Lab.,24268,
L.V.O.,16857,
L.Whalen/E. Gazel,,L.Whalen/E. Gazel
LA-GORCE,24300,
LA CIMA CORP.,24269,
LA COSTE OIL CO.,24270,
LA DELTA OFFSHORE CORP.,24271,
LA FERIA OIL CO.,24272,
LA GEORGE,16858,
LA GLORIA,16859,
LA GLORIA-CARRL & CARRY,24274,
LA GLORIA - COX,24274,
LA GLORIA - SHELL OIL CO.,24274,
LA GLORIA & DYKES,24274,
LA GLORIA & POFF,24274,
LA GLORIA CORP.,24273,
LA GLORIA CORP. & MORRIS WAGNER,24274,
LA GLORIA O&G,24273,
LA GLORIA OIL-SHELL OIL,24274,
LA GLORIA OIL & GAS,24273,
LA GLORIA OIL & GAS CO. (BROSECO/SUN),24274,
LA GOLRIA & POFF,24274,
LA GOMICE,24275,
LA GORCE,24276,
LA JITA CORP.,24277,
LA JITA OIL CO.,24277,
LA JITA OIL CORP.,24277,
LA MESA OIL & GAS CO.,24278,
LA QUINTA,24279,
LA SAL VIEJA OIL CO.,24280,
LA SALLE CORP.,24281,
LA SALLE OIL CO.,24281,
LABO RESOURCES,24283,
LABRACHERIE Monique,10914,
"LACEY, H.S.",9626,
"LACEY, ROGER",9627,
"LACHLAN, MAC",9628,
"Lachniet, Matthew",1202,
LACKAWANA,16860,
Lackey,16861,
"Lackey, Larry",9631,
LACO GAS EXPLORATION,24292,
LACO OIL CO.,24293,
Lacroix,15329,
LACY,16862,
LACY & MILLER,24294,
LACY & PRICE,24294,
LACY & WALTON,24294,
LACY ET AL,24294,
"LACY, A.M.",9632,
"LACY, R.",9633,
"LACY, ROGER",9634,
"LACY, ROGER & URBANIE",9634,
"LACY, W. F.",9635,
LADD,15330,
LADD-EVANS,24295,
LADD-SIMON,24295,
LADD ET AL,24295,
LADD PETR.,24296,
LADD PETROLEUM,24296,
Ladd Petroleum Corp.,24296,
LADD PETROLEUM CORP.,24296,
LADD PETROLEUM CORP. (SAXTON PETRO),24295,
"Ladd, H.",9636,
"Ladislaus Strzok, Bob Hecky, Joe Werne",9654,
LAFFLIN,15331,
LAGEL PETROLEUM CO.,24298,
LAGO,16863,
LAGO PETROLEUM CO.,24299,
LAGORCE,16864,
LAGOREE OIL CO.,24301,
Lagrange Petroleum Co.,24302,
LAGROCE,16867,
laidlaw@battelleecology.org,9641,
"Lailah Gifty Akita, Nicole Bˆrner, Ping Peng/ Frenzel Peter",,"Lailah Gifty Akita, Nicole Bˆrner, Ping Peng/ Frenzel Peter"
"Lailah Gifty Akita, Nicole Bˆrner, Ping Peng/ Frenzel Peter and Steffen  Mischke",,"Lailah Gifty Akita, Nicole Bˆrner, Ping Peng/ Frenzel Peter and Steffen  Mischke"
LAIN,16868,
LAIN & HOUZE,24303,
LAIN & SIMMONS,24303,
LAIN ET AL,24303,
"LAIN, F.A.",9643,
"LAIRD, BAKER & YOUNG",24304,
LAJ Carlo,9645,
LAJOYA,15332,
LAKE,16869,
LAKE-SPENCE & BYERS,24308,
LAKE & TOBIAN,24308,
LAKE BROWNWOOD CORE,24305,
Lake Chinnabee Campground,24306,
LAKE OIL CO.,24307,
"LAKE, M.S.",9646,
"LAKE, P.G.",9647,
"LAKE, ROBERT ET AL",9648,
Lakeshore Pipeline,24309,
LAKOTA,16870,
LAMAICO.,16871,
LAMAR HUNT,24310,
LAMAR HUNT TRUST,24311,
LAMAR HUNT TRUST CO.,24311,
LAMAR HUNT TRUST ESTATE,24311,
Lamar Properties,24312,
"LAMAR, H.E. ET AL",9650,
"Lamarche, G.",9651,
LAMARQUE OIL CO.,24314,
LAMB,16872,
LAMB-ET AL,24317,
LAMB-MCGRAW OIL CORP.,24318,
LAMB ET AL,24315,
"Lamb, Ben E., Trustee",9654,
"LAMB, HOMER T.",9657,
"LAMB, JAMES L. JR.",9653,
"Lamb, T.F.",9659,
LAMBERT & JEFFERIES,24316,
"LAMBERT, R.B.",9662,
lambertd@battelleecology.org,9664,
LAMP OIL CO.,24322,
LAMPSON-BENNETT CRUDE,24323,
LAMSON-BENNET,24324,
LAMSON & BENNETT,24324,
LAMSON & BENNETT & COLE,24324,
"LAMSON, BENNETT & COLE",24324,
LANCASTER,16873,
LANCASTER-CLARK,24325,
LANCASTER-WOLF,24325,
LANCELOT Yves,9668,
"Land & Natural Resource Devolopement, Inc.",24327,
"Land and Natural Resource Development, Inc.",24327,
"Land Data Energy Group, Ltd.",24328,
Land Louis,16875,
LANDA,16876,
LANDER,16877,
"LANDER, A.A. ET AL",9669,
LANDERS,15333,
"Landers, R.M.",9670,
"Landers, R.M. & Rutherford, Dave, Trustees",,"Landers, R.M. & Rutherford, Dave, Trustees"
"Landers, R.M. and Rutherford, Dave",,"Landers, R.M. and Rutherford, Dave"
LANDRETH,15334,
LANDRETH-TIDEWATER-PHILLIPS,24332,
LANDRETH PRODUCTION CO.,24330,
LANDRETH PRODUCTION CO. - LLANO,24331,
LANDRETH PRODUCTION CO. - SHELL OIL,24331,
LANDRETH PRODUCTION CO. - TEXAS CO.,24331,
LANDRETH PRODUCTION CO. - WORLD OIL CO.,24331,
LANDRUM,16878,
LANE,16879,
LANE-TEX,24336,
LANE & HENNINGER,24333,
LANE OIL CO.,24334,
LANE WELL,24335,
"Lane, A.",9677,
"LANE, A.V.",9677,
"LANE, C.D.",9678,
"LANE, TIP",9679,
"Laney, F.",9680,
Lang,16880,
LANG,16880,
LANG-UNGER,24342,
LANG BROTHERS,24337,
LANG EXPLORATION,24338,
"Lang, W.",9682,
"Langdale, G.",9683,
"Langdale, J.",9684,
LANGFORD,15335,
LANGFORD & MAXWELL,24339,
LANGFORD ET AL,24340,
LANGFORD INVESTMENT CO.,24341,
"LANGFORD, E.E.",9688,
"Langford, F. F.",9689,
"LANGFORD, P. P.",9690,
"LANGFORD, P.P.",9690,
LANGHAM,16881,
Langlang Li,1549,
Langmuir_Charles,9693,
Langmuir_Charles; Gollner_Sabine,,Langmuir_Charles; Gollner_Sabine
LANIER-HOSSER CO.,24343,
LANIER & CALDWELL,24343,
LANKE INC.,24344,
LANNING-COFFIELD,24345,
LANNING ET AL,24345,
LANSON & BENNETT,24346,
"Lapham, K.",9696,
"Lapham, R.",9697,
lapontediaz@battelleecology.org,9699,
"LAPPE, E.C.",9702,
"LaPrade, Kerby E.",9703,
LARCO,16885,
LARCO-DURBIN,24348,
Larco Drilling and E,24347,
Larco Drilling Co. a,24347,
LARCO DRILLING CO. INC.,24347,
Larco Drilling Co.;,24347,
LARCO GAS & PETROLEUM CO.,24347,
LAREDO EXPLORATION,24349,
LAREDO OIL CO.,24350,
LARIE & FELMONT,24352,
Larima Lacene,9624,
LARIO,16886,
LARIO OIL & GAS,24353,
LARIO OIL & GAS-U.S. SMELTING,24354,
LARIO OIL & GAS CO.,24353,
LARIO OIL (COLUMBIA GAS),24354,
Lark Heston (ORCID 0000-0001-6726-6119),8367,
LARKIN & WARR,24355,
LARORO GAS PETROLEUM CO.,24356,
"Larrabee, D.",9707,
Larry L. Lackey,9631,
Larry Mayer,10419,
Larry Queen,12095,
"Larry Weider, Billy Culver",,"Larry Weider, Billy Culver"
Larry Weldon Driller,14439,
LARRY WYNN,14771,
Larsen Jr. E.S.,9711,
LARSEN OIL,24357,
"Larsen, Daniel",9713,
"Larsen, E.",9715,
Larson,16887,
LARSON-THOMAS,24358,
LARSON ET AL,24358,
LARUE,15336,
LARUE & JACKSON,24359,
LARUE & SMITH,24359,
LARUE & SMITH & ALLEN,24359,
LARUE ET AL,24359,
"Larue, E.B.",9722,
"LARUE, E.B.",9722,
"Larue, I.P.",9724,
"Larue, I.P. and Fred",,"Larue, I.P. and Fred"
"Larue, I.P. and Fred and Commonwealth Oil Co.",,"Larue, I.P. and Fred and Commonwealth Oil Co."
"Larue, I.P. and Fred and Hamilton, W.F.",,"Larue, I.P. and Fred and Hamilton, W.F."
"Larue, I.P. and Fred and Proctor, Sterrett",,"Larue, I.P. and Fred and Proctor, Sterrett"
"Larue, I.P. and Herring, L.B.",,"Larue, I.P. and Herring, L.B."
"Larue, I.P. and Standford, G.G.",,"Larue, I.P. and Standford, G.G."
"LARUE, SAM",9726,
"LARUE, W.B. ET AL",9727,
LARY WELL,24360,
LASALLE & DAVENPORT,24361,
LASALLE OIL CO.,24362,
LASALLE PETROLEUM CORP.,24362,
LASALLE SYNDICATE,24362,
laskowski@battelleecology.org,9729,
LASMO,24363,
LASMO ENERGY CORP.,24363,
"Lasseter Operating Co., Inc.",24364,
LASSITER ET AL,24365,
LATEX OIL CO.,24366,
LaTex Petroleum Corp.,24366,
"LATIMER, JACK",9730,
latta@battelleecology.org,9731,
"Lattim, E. R.",9732,
Lauck W. Ward,9733,
LAUDALE-STRAUGHAN,24367,
LAUDERDALE-STRAUGAN,24367,
LAUDERDALE-STRAUGHAN,24367,
LAUDERDALE & STRAUGHN,24367,
LAUDERDALE ET AL,24367,
"Laudon, Thomas",9734,
LAUGHER BROTHERS OIL,24368,
LAUGHLIN AFB,24369,
Laura Aponte Diaz (ORCID 0000-0001-5314-0662),4330,
"Laura Brosius, Katey Walter Anthony",,"Laura Brosius, Katey Walter Anthony"
LAURA C. OIL CO.,24370,
Laura CalderÛn,5461,
Laura Guanes,7865,
Laura Johnson,9032,
Laura Josler (ORCID 0009-0001-0639-0420),16773,
Laura Knutsen (ORCID 0000-0001-7106-283X),9481,
Laura Leonard,9838,
Laura Lukas (ORCID 0000-0003-3617-6916),10108,
Laura Nagel (ORCID 0000-0002-8839-6825),11176,
Laura Phillips,11853,
Laura Platt (ORCID 0009-0005-4412-7737),11914,
"Laura Rademacher, Kristina Faul, Jason Yun",,"Laura Rademacher, Kristina Faul, Jason Yun"
Laura Sierra (ORCID 0000-0001-5408-0075),13098,
Laura Thomas,13800,
Laura Triplett,13947,
"Laura Triplett, Dean Moosavi",,"Laura Triplett, Dean Moosavi"
LAURDALE-STRAUGHAN,24371,
LAURDALE - STRAUGHAN,24371,
Laurel M. Bybell,5422,
LAUREL OIL CO.,24372,
Lauren Broes,5189,
Lauren Egli,6827,
Lauren Gorman (ORCID 0000-0002-3020-1597),7705,
Lauren Mullineaux,11111,
Lauren Mullineaux/Monika Bright,,Lauren Mullineaux/Monika Bright
Lauren Perez,11747,
"Lauren Ulm, Emily Sammons",,"Lauren Ulm, Emily Sammons"
Lauren Zager (ORCID 0000-0002-2959-088X),14851,
Lauri A. M. Malinen,17892,
LAUTER,16888,
LAVACA OIL & GAS CO.,24374,
"LAVENDER, J.A.",9736,
LAW ENGINEERING,24375,
Law Engineering Testing Co.,24376,
LAWBAR,16889,
LAWLER PETROLEUM CO.,24377,
"LAWLER, LEWIS",16890,
"LAWLER, LEWIS  (OUTLINE OIL)",24378,
LAWLESS DRILLING CO.,24379,
"LAWLESS, JAKE",9738,
"LAWLESS, RICHARD",9739,
LAWRENCE,16891,
"LAWRENCE, D. F.",9742,
"LAWRENCE, GEORGE",9743,
"Lawrence, R.L.",9745,
"LAWRENCE, R.L.",9745,
"LAWRENCE, R.O. ET AL",9746,
LAWSON,16892,
LAWSON-BRITISH AMERICAN,24382,
LAWSON-LEAVELL,24382,
Lawson J.,9749,
LAWSON PETROLEUM,24383,
"LAWSON, ARTHUR D. (STANDARD)",9747,
"LAWSON, ED",9748,
"LAWSON, ED. C.",9748,
LAWSONIA,15337,
LAWTON,16893,
LAWTON-SUN,24385,
"Lawton Oil Co., Inc.",24384,
LAWTON OIL INC.,24384,
"LAWTON, JAMESON, & BYRON",24385,
"Lawver, L.",9751,
"LAYMAN, C.V.",9752,
Layne,15338,
Layne-Central Drlg. Co.,24387,
Layne-Singer,24387,
Layne-Turner,24387,
LAYNE - TEXAS CO.,24387,
LAYNE - WESTERN CO.,24387,
Layne Drlg. Co.,24386,
Layne Drlg. Co. - Ancora Corp.,24387,
"LAYNE, L.A.",9753,
"LAYNE, TEX",9754,
Lazarov and Robilio Oil Group,24388,
lcard,9756,
lcard@battelleecology.org,9756,
Lcard@battelleecology.org,9756,
lcard@neoninc.org,9756,
"LE BLANC, DUDLEY",9758,
"LE BUS, ROY",9759,
LE CLAIRE,24389,
LE SAGE,24391,
LE TEX-STONE,24392,
"Le, M. R.",9762,
LEA CORP.,24393,
"LEA, R",9764,
"LEACH, ED",9766,
leachd@battelleecology.org,9767,
Leah Card (ORCID 0000-0002-0927-4409),5548,
Leah Henigan (ORCID 0000-0003-0743-8788),8316,
Leah Hurst (ORCID 0009-0002-2040-3686),16731,
Leah Sabbeth/Joann Stock,,Leah Sabbeth/Joann Stock
LEANDER OIL CO.,24394,
LEAR,16894,
LEAR-VAUGHN PETROLEUM,24396,
"LEAR PETROLEUM EXPLORATION, INC.",24395,
LEASEHOLDERS PRODUCTION & REFINING CO.,24397,
Leavitt C.,9771,
"Leavitt, Charles",9772,
LEBEN,16895,
LEBLOND & HEALEY,24399,
"LEBOW, SIMON",9773,
LEBUS,16896,
LEBUS-KNIGHT-REVIER,24401,
LEBUS BROTHERS,24400,
"LEBUS, G.F. JR. ET AL",9775,
LECCO OIL CO.,24402,
Lechner,16897,
"Lechner, A.",9776,
"Lechner, Adolf & Moritz",24403,
"LECHNER, W.W.",9777,
LECK-KROFT,24404,
"Leckie, R. Mark",9778,
leclare@battelleecology.org,9780,
Lecture Collection,24405,
LECUNO OIL CO.,24406,
LECUNO OIL CORP.,24406,
LEDGE,16898,
"LEDLOW, J.H.",9782,
Ledwell,16899,
Ledwell_James,9783,
LEE,16900,
LEE-PHILLIPS,24415,
LEE & BURNET,24410,
LEE & GRAPPE,24410,
LEE & HUNT,24410,
LEE BROS.,24407,
LEE BROTHERS,24407,
LEE BROTHERS-PERKINS,24408,
LEE BROTHERS & GLASSCOCK,24408,
LEE BROTHERS OIL CO.,24409,
"Lee Corbett, Meredith Kelly, Yarrow Axford, Erich Osterberg, Sean Birkel",,"Lee Corbett, Meredith Kelly, Yarrow Axford, Erich Osterberg, Sean Birkel"
LEE DRILLING CO.,24409,
LEE DUMONT,24410,
LEE PETROLEUM CORP.,24409,
Lee Siebert,13097,
LEE TEXAS,24411,
Lee White,14520,
"LEE, A.D.",9784,
"LEE, BRUCE",9786,
"Lee, D.",9787,
"LEE, HOMER P.",9788,
"LEE, HUYLER",9789,
"LEE, JOHN E.",9790,
"LEE, JOHN ET AL",9790,
"Lee, O. Ivan",9793,
"Lee, R.",9794,
"LEE, R.",9794,
"Lee, R.A., Inc.",24409,
"LEE, R.C.",9795,
"LEE, R.E. ET AL",9796,
"Lee, Robert A.",9798,
"LEE, ROBERT OIL CO.",24409,
"LEE, ROY LEE TRUSTEE",24412,
"LEE, ROY TRUST",24412,
"LEE, ROY TRUSTEE",24412,
"Lee, W.",9799,
Lee_Ray,9797,
Lee_Ray/Forget_Nathalie,,Lee_Ray/Forget_Nathalie
Lee_Ray/Girguis_Peter,,Lee_Ray/Girguis_Peter
Lee_Ray/Grupe_Ben,,Lee_Ray/Grupe_Ben
Lee_Raymond,9797,
LeeAnn Haaf,7913,
Leeco Oil Co.,24413,
LEECO.,24413,
LEEDE,16901,
"LEEFER, ALAN B.",9803,
LEEK ET AL,24414,
LEFEVER & STOREY,24416,
LEFEVRE & SPICE,24416,
LEFEVRE & STOREY,24416,
LEFEVRE ET AL,24416,
lefner@battelleecology.org,9808,
LEFORS PETROLEUM CO.,24417,
"LEGGETT, J.W.",9810,
legli@neoninc.org,9812,
LeHigh Portland Cement Co.,24418,
Lehigh University,24419,
"LEHMAN, JOHN & MAXWELL, D.S.",,"LEHMAN, JOHN & MAXWELL, D.S."
LEHMANN & ASSOC. INC,24420,
LEHMANN & ASSOC. INC.,24420,
LEHMANN & ASSOC.INC,24420,
"LEHNERTZ, G.M.",9816,
LEIBMAN & GIBSON,24421,
LEIDECKERT,16903,
LEIDECKERT & VAUGHN,24424,
LEIDECKERT & YAUGHN,24424,
"LEIDECKERT, FRED G.",9820,
Leif Hembre,8291,
LEIGH OPERATING CO.,24425,
"LEIGHTON, J.D. ET AL",9821,
LEINDECKER,15339,
"Leininger, Richard K.; Miller, Louis V.",,"Leininger, Richard K.; Miller, Louis V."
LELA OIL CO. - ATLANTA GEO,24426,
LELIA LAKE OIL & GAS,24427,
"LeMasurier, Wesley",9830,
LEMAY,15340,
LEMING OIL & REFINING CO.,24428,
Len Wiener and Chuck Hogxxxx,,Len Wiener and Chuck Hogxxxx
Lena Pacheco (ORCID 0009-0000-8146-6897),11558,
LENDON & HOLLIFIELD,24429,
LENER DRILLING CO.,24430,
LENN-TEX OIL CO.,24431,
LENOX,16904,
LENOX-PATTISON,24432,
LENSGRAPH,16905,
Leon Miller,10789,
Leon Noremore,11346,
LEON SPRINGS,24433,
LEONA,16906,
LEONARD,15341,
LEONARD-LATCH,24435,
LEONARD OIL CO.,24434,
LEONARD PETROLEUM CO.,24434,
"Leonard, B. F.",9836,
"LEONARD, J.A.",9837,
"LEONARD, O. P.",9839,
"LEONARD, O. R.",9840,
"LEONARD, O.P.",9839,
Leonid Danyushevsky,6284,
LePain/Gillis,,LePain/Gillis
Lerer,9845,
Lerer E.M.,9845,
"Lerer, Edna M.",9845,
LERI,16907,
LERR-MCGEE,24146,
LESCO,16908,
LESCO (J.C. VERNON & F. HINES),24436,
LESCO.,16908,
LESH-MCCALL (WESTHEIMER & DANUBE),24437,
LESH & CATO,24437,
LESH & MCCALL,24437,
Lesleigh Anderson,4267,
"Lesley, J.",9849,
Leslie Hsu,1835,
"Leslie Perg, Carrie Jennings",,"Leslie Perg, Carrie Jennings"
LESS ET AL,24438,
"LESS, JOHN R. ET AL",9851,
LESTER,16910,
LESTER-CLARK-COWDEN,24439,
LESTER-DUFFIELD,24439,
LESTER & DUFFIELD,24439,
LESTER DUFFIELD ET AL,24439,
LETCO (MIAMI TRANSIT AUTHORITY,24440,
LETCO (MIAMI TRANSIT AUTHORITY),24440,
"LETCO, INC.",24441,
LETT,16911,
LETT & SEWELL,24442,
"LETT, SAM",9853,
"LETWIN, LIPPETT, & KALLISON",24443,
"LEUSCHNER, E.",9854,
LEUTH & ROBICHAUD (ROBINSHAW?),24444,
LEV & LEBSACK,24445,
Lev Klimov,9447,
Leventer,16912,
"Leventer, A.",9856,
"Leventer, Amy",9856,
LEVERIDGE & BILBO-REDDING,24446,
"LEVIN, M. - PATTON, R. ET AL",,"LEVIN, M. - PATTON, R. ET AL"
LEVINGSTON SHIP BUILDING CO.,24447,
"LEVY, FRANK",9861,
"LEVY, FRANK ET AL",9861,
LEWADNY M.,9862,
LEWIS,15343,
LEWIS-ENGLE,24449,
LEWIS-JONES SYNDICATE,24449,
LEWIS-LUCAS,24449,
LEWIS-REYNOLDS-BAKKE,24449,
LEWIS & FELTNER,24449,
LEWIS & HILLIARD,24449,
LEWIS & JONES,24449,
LEWIS & SLAGEL,24449,
Lewis Energy Corp.,24448,
LEWIS ET AL,24449,
LEWIS OIL CO.,24448,
LEWIS OIL CO. - MILAN DRILLING,24449,
LEWIS OIL CO. & DAUCHY,24449,
"Lewis Operating Co., Inc.",24448,
LEWIS PETROLEUM  PROPERTIES INC.,24448,
LEWIS PETROLEUM CO.,24448,
LEWIS PRODUCTION CO.,24448,
"Lewis, Adam R.",17893,
"LEWIS, C. H.",9865,
"LEWIS, C.G.",9866,
"LEWIS, C.H.",9865,
"LEWIS, GUY",9869,
"LEWIS, H. GUINN",9870,
"Lewis, J.",9871,
"LEWIS, J.O. JR. ET AL",9864,
"Lewis, John",9871,
"LEWIS, JOHN",9871,
"Lewis, Reed",9876,
lewiscm@battelleecology.org,9879,
lewisk@battelleecology.org,9880,
LEWISVILLE OIL & GAS CO.,24450,
"LEWTIN, SAM ET AL",9881,
Lex van Geen,14089,
Lexy Salinas (ORCID 0000-0002-4562-0954),12683,
"Leyerloup, A.",9882,
lguanes@battelleecology.org,9885,
lguanes@field-ops.org,9885,
lhostert@battelleecology.org,9886,
Lhostert@battelleecology.org,9886,
Lhostert@Battelleecology.org,9886,
Liam Gerry (ORCID 0000-0002-1848-3114),7512,
"Liam Riedy, Michael Rosen",,"Liam Riedy, Michael Rosen"
LIBERTY,16913,
LIBERTY & CITIES SERVICE,24451,
LIBERTY OIL & GAS CORP.,24452,
Liberty Oil and Gas,24452,
Liberty Oil and Gas Corp.,24452,
LIBERTY OIL CO.,24452,
LIBERTY WORKOVER,24453,
"LIBERTY, A.M.",9904,
"LIBERTY, J. E.",9905,
Lichner,16914,
LICO EXPLORATION,24454,
"Lidke, David",9908,
LIDO OIL CO.,24455,
Liebener L.,9909,
Liebener Leonhard,9843,
"Liebener, L.",9909,
"Liebener, Leonhard",9909,
LIEBER & LIEBER,24456,
"LIEDTKE '58, LIMPIA ROYALTIES CO. & MONSANTO CHEMICAL CO.",24457,
LIEDTKE & LIEDTKE,24457,
LIGHTFOOT ET AL,24458,
"LIGHTFOOT, H.M.",9911,
"LIGHTFOOT, J.P.",9912,
"Lightman, Gene",9913,
LIGHTNING OIL CO.,24459,
LIGNITE PETROLEUM,24460,
LIGON,16915,
LIGON & JOHNSON,24461,
"LIGON, BERT OIL CO.",24461,
"Ligon, P. H.",9915,
"LIGON, S. E. DRILLING CO.",24462,
Liguang Sun,13605,
Lijie Wei,14410,
LIKINS & HALL,24463,
"LILES, J.H. ET AL",9916,
Liliana Hernandez-Gonzalez,8335,
Liliana Hernanzez-Gonzalez,8335,
Liliana M. Hernandez-Gonzalez,8335,
Lilley / Fuwu Ji / Hu Wang,,Lilley / Fuwu Ji / Hu Wang
Lilley_Marv,9917,
Lilley_Marvin,9917,
Lilley_Marvin; Lupton_John,,Lilley_Marvin; Lupton_John
Lilley_Marvin; Sievert_Stefan; Vetriani_Costantino; VonDamm_Karen,,Lilley_Marvin; Sievert_Stefan; Vetriani_Costantino; VonDamm_Karen
Lillian Jepson (ORCID 0000-0001-7784-3864),16757,
Lilly Jepson (ORCID 0000-0001-7784-3864),8950,
lim@battelleecology.org,9918,
LIN-DAY OIL CO. (PREVIOUS: COMMODORE OIL CO.),24468,
Lincks G.F.,9922,
LINCOLN PETROLEUM,24465,
"LINCOLN, W.W.",9923,
LIND ET AL,24466,
LINDA OIL CO.,24467,
Linda Shane,12995,
lindauer@battelleecology.org,9924,
Linden Merrill (ORCID 0009-0008-8023-0856),17095,
LINDEN PETROLEUM CO.,24469,
"LINDGREN & LEHMAN, INC",24470,
"LINDGREN & LEHMAN, INC.",24470,
"Lindgren, W.",9926,
LINDHOLM OIL,24471,
LINDSAY,16916,
LINDSAY & BOLIN,24472,
LINDSAY BROTHERS,24473,
LINDSAY DRILLING CO.,24474,
Lindsay Wourms (ORCID 0000-0002-2406-1604),14735,
"Lindsay, John",9929,
Lindsey (ORCID 0000-0002-6738-0023),16917,
Lindsey Hadorn (ORCID 0000-0002-4414-9849),16592,
Lindsey Hayter (ORCID 0000-0002-9358-2315),8221,
Lindsey Laskowski (ORCID 0000-0002-4977-9110),9729,
Lindsey Smith (ORCID 0000-0002-6738-0023),13241,
"LINDSEY, S.A.",9931,
"LINE, A.",9932,
LINEHAN & STOLTENBER,24475,
"Linehan, P.",9933,
Linelle Rivera,12385,
LINGEN EXPLORATION,24476,
LINGEN EXPLORATION INC.,24476,
LINGEN EXPLORATION INC. (DILLY PRODUCTION CO.),24476,
"LINGENBRINK, WILLIAM",9935,
LINK & MAYO,24477,
LINK HOLLOW OIL CO.,24478,
LINK OIL CO.,24479,
"LINK, HAROLD",9937,
LINWAY OIL,24480,
LION,16918,
LION COAL CO.,24481,
LION OIL,24482,
LION OIL & REFINING,24482,
LION OIL & REFINING CO.,24482,
LION OIL CO.,24482,
LION OIL CO. ET AL,24483,
LION PETROLEUM CO.,24482,
Lionel Carter,5610,
Lionel Petroleum Cor,24484,
"Liou, J.",9939,
LIPAN OIL-PAUL PAGE,24486,
LIPAN OIL CO.,24485,
"LIPAN OIL CO. - MAGUIRE, R.",24485,
LIPPETT,16919,
LIPSCOMB,16920,
LIPSCOMB - BARRETT,24487,
LIPSCOMB & DELANGE,24487,
LIPSCOMB & FERRANDO,24487,
LIPSCOMB & WRIGHT,24487,
"LIPSCOMB, R.C.",24488,
LIPSCOMP,15344,
LIPTON,16921,
Lisa Doner,6586,
"Lisa Lamb, Rebecca Clotts, Tom Hickson",,"Lisa Lamb, Rebecca Clotts, Tom Hickson"
"Lisa Marlow, Howard Mooers",,"Lisa Marlow, Howard Mooers"
"Lisa Morgan, Pat Shanks, Bill Inskeep, Sheri Fritz, Cathy Whitlock, Daniel Conley; students/postdocs: Luke McKay",,"Lisa Morgan, Pat Shanks, Bill Inskeep, Sheri Fritz, Cathy Whitlock, Daniel Conley; students/postdocs: Luke McKay"
"Lisa Park Boush, Kenton Trubee",,"Lisa Park Boush, Kenton Trubee"
"Lisa Park, Amy Myrbo, Kristina Brady",,"Lisa Park, Amy Myrbo, Kristina Brady"
"Lisa Park, Andy Michelson, Amy Myrbo, Kristina Brady",,"Lisa Park, Andy Michelson, Amy Myrbo, Kristina Brady"
LISTON,16922,
LISTON ZANNER ET AL,24489,
LITHOS EXPLORATION,24490,
LITTLE,15345,
LITTLE 3 DRILLING,24495,
LITTLE CYPRESS,24492,
LITTLE OIL & GAS,24493,
LITTLE RIVER OIL CO.,24494,
LITTLE THREE DRILLING,24495,
LITTLE YORK OIL CO.,24496,
"LITTLE, A.H.",9942,
"LITTLE, A.W.",9943,
"LITTLE, H.W. ET AL",9945,
"LITTLE, J. PAUL",9946,
"LITTLE, WILLIAM ET AL",9947,
LITTLEJOHN ET AL,24497,
LITTLEJOHN L.W.,9948,
"LITTLETON, C.A.",9949,
"Littlewood, William H.",9951,
Liu Jian,9959,
Liu Ting,17894,
Liu Xaohan,9963,
Liu Xiaochun,9964,
Liu xiaohan,9966,
Liu Xiaohan,9966,
"Liu, Shuaijie",17895,
Liujian,9959,
Liuliting,331,
LIVE OAK BASIN OIL CO.,24498,
LIVELY,16923,
"LIVERMANE, GEO. P.",9974,
LIVERMOORE,16924,
LIVERMORE,16925,
LIVERMORE-HONOLULU OIL CORP.,24501,
LIVERMORE & ALAMO,24500,
LIVERMORE & SMITH,24500,
LIVERMORE DRILLING CO.,24499,
"LIVERMORE, G.P.",9976,
"LIVERMORE, GEO. P.",9976,
"LIVERMORE, GEORGE - DEEP ROCK",9976,
"LIVERMORE, GEORGE P.",9976,
"LIVERMORE, GEORGE P. INC.",24499,
"LIVERMORE,GEORGE P.",9975,
"LIVERPOOL, GEORGE P.",9976,
LIVINGSTON,24502,
LIVINGSTON & WELLMAN ET AL,24504,
Livingston Oil Co.,24503,
"Livingston, J.",9977,
LIVINGSTONE,16926,
LIVINGSTONE & WELLMAN,24504,
Lixin Jin,1160,
"Lixin Jin, Lin Ma",,"Lixin Jin, Lin Ma"
Lixin Jin/Lin Ma,,Lixin Jin/Lin Ma
Liz Elmore,6891,
Liz Jagodzinski,8857,
Liz Knapp,9463,
Lizzy Trower,1000,
LL&E,28831,
"Llande Petroleum Marketing, Inc.",24505,
LLANO,15346,
LLANO OIL CO.,24506,
llemmon@field-ops.org,9980,
LLemmon@field-ops.org,9980,
llocke@battelleecology.org,9982,
LLOYD,16927,
LLOYD-SINCLAIR OIL,24508,
LLOYD & ELLIOT,24508,
LLOYD & RUSSELL,24508,
LLOYD ET AL,24508,
LLOYD OIL,24507,
LLOYD OIL CORP.,24507,
LLOYD SMITH INC,24509,
Lloyd White,784,
"Lloyd, David",9984,
"Lloyd, E.",9985,
"LLOYD, E. ET AL",9985,
"LLOYD, H. SMITH & ET AL",24508,
"Lloyd, P.",9986,
"LLOYD, W.R.",9987,
llukas@battelleecology.org,9988,
lmartindale@field-ops.org,9989,
lnagel@battelleecology.org,9990,
Loagan Clements (ORCID 0000-0003-3231-8913),5869,
"LOAS, C.J.",9992,
LOBO,16928,
LOCAL & CYPRUS,24510,
Local Interests,24511,
"Local, Inc.",24513,
LOCKE PURNELL,12079,
LOCKE PURNELL & FORTUNE DRILLING,24515,
"LOCKE, PURNELL & FORTUNE DRILLING",24515,
"Locke, Robert",9996,
"LOCKE, ROGER",9997,
"LOCKER, H.M.",9999,
LOCKHART,16929,
LOCKHART-ROSENBURGH-BENTON (WESTERN STATES OIL CO.),24519,
LOCKHART & BROWN,24519,
LOCKHART & NEWTON,24519,
LOCKHART BROS. & CO.,24517,
LOCKHART BROTHERS,24516,
LOCKHART BROTHERS (WESTERN STATES OIL CO.),24517,
LOCKHART ET AL,24519,
LOCKHART OIL,24518,
LOCKHART OIL-DAVENPORT,24519,
LOCKHART OIL CO.,24518,
LOCKHART OIL CORP.,24518,
"LOCKHART, H.L. ET AL",24519,
"LOCKHART, JIM",10000,
"LOCKHART, L.E.",10001,
"LOCKHART, L.M.",10002,
"Lockwood, J.",10003,
"Lockwood, J. P.",10003,
"LOCKWOOD, JIM",10003,
Loe Glen D.,10004,
LOEW,16930,
"Loewe, Fritz",10006,
LOFFLAND,16931,
LOFFLAND-NAYLOR,24522,
LOFFLAND & LOFFLAND,24521,
LOFFLAND BROS,24520,
LOFFLAND BROS. INC,24520,
LOFFLAND BROTHERS,24520,
LOFFLAND CO.,24521,
"LOFFLAND, T.W. & J.M.",24521,
"LOFTEN, C.B. ET AL",10007,
LOFTON DRILLING,24523,
"LOFTON, B.",10008,
"LOFTON, ROSS",10009,
"LOFTON, W.A.",10010,
"LOFTUS, WILLIAM ET. AL",24524,
LOGAN & DAVIS,24525,
LOGAN & ELLIOTT,24525,
LOGAN & LILLY,24525,
LOGAN & PATTERSON,24525,
Logan Helsley (ORCID 0009-0000-6496-8617),8287,
LOGOKI & ANTHONY,24526,
LOGUE & PATTERSON,24527,
LOGUE & PATTERSON & MACDONALD,24527,
"LOGUE & PATTERSON, INC.",24527,
LOHAM-GARDINER-TEAS-GUFFY,24528,
LOHMAN,16932,
Lohman-Johnson,24530,
LOHMAN & GARDINER,24529,
"Lohman, K.",10013,
"LOHMAN, Z. - HUMBLE",10014,
LOMA OIL CO.,24532,
LOMA VERDE,24533,
LOMAC,16933,
LOMAC & POOLE,24534,
LOMAK,16934,
LOMAK OIL (R.H. FELTNER),24535,
LOMAK OIL CO.,24535,
LOMAK PETROLEUM CO.,24535,
LOMAK PROD CO. (PREV: ARROW OPERATING CO.),24535,
LOMAK PRODUCTION CO. INC.,24535,
LOMAX,16935,
"LOMAX PETR., INC",24536,
LOMAX PETROLEUM,24536,
LOMAX PETROLEUM CO.,24536,
LON DEVELOPMENT CO.,24537,
LONE STAR,24538,
LONE STAR GAS,24539,
LONE STAR GAS - SUN OIL,24540,
LONE STAR GAS CO.,24539,
LONE STAR GAS CO. - TRINITY,24540,
LONE STAR OIL & GAS,24539,
LONE STAR PRODUCING CO.,24539,
LONE STAR PRODUCTION,24539,
LONE STAR PRODUCTION & MUSSELMAN,24540,
LONE STAR PRODUCTION (MORAN CORP.),24540,
LONE STAR PRODUCTION CO.,24539,
LONE STAR PRODUCTION CO. (SUN OIL CO.),24540,
LONE STAR PROUCTION,24539,
LONE STAR STATE DRILLING CO.,24541,
LONE STAR/SOHIO PETROLEUM CO.,24540,
LONESTAR,24538,
LONG,16936,
LONG & LUPTON,24545,
LONG & WOLF,24545,
LONG BELL PETROLEUM,20609,
LONG BROTHERS,24542,
LONG BROTHERS ET AL,24543,
LONG ET AL,24545,
LONG OIL & GAS CO.,24544,
"LONG, CHARLES",10021,
"LONG, F.M. & SMITH",24545,
"LONG, JOE",10023,
"LONG, P.R.",10024,
"Long, William E.",10026,
LONGHORN,16938,
LONGHORN DRILLING CO.,24546,
LONGHORN OIL - AMERICAN GAS CO.,24547,
LONGHORN OIL CO.,24546,
LONGHORN RESOURCES,24546,
"Longleaf Energy Group, Inc.",24548,
LONGLEY & BRADSHAW,24549,
LONGLEY & MCDONALD,24549,
LONGLY,16939,
Lonnie Leithold,9826,
Lonsdale_Peter,87,
LONSGRAT ET AL,24550,
LOOKABOUGH,16940,
"Loomis, T. P.",10032,
"LOPEZ, M.M.",10036,
"LOPEZ, MONROE M.",10036,
lopezog@battelleecology.org,10038,
lopie@battelleecology.org,10040,
Lora Stevens,13479,
"Lora Stevens, Sheri Fritz, Cathy Whitlock, Jeffery Stone",,"Lora Stevens, Sheri Fritz, Cathy Whitlock, Jeffery Stone"
"Lord, Brenda K.",10042,
"Lord, E.",10043,
lordm@battelleecology.org,10045,
"Loren Kroenke, Robert Scott",,"Loren Kroenke, Robert Scott"
LORENZEN ET AL,24551,
Lorenzo Fedele,1783,
Lori Petrauski,11811,
Lori Petrauski (ORCID 0000-0003-1678-1246),11811,
Lorien Lemmon (ORCID 0000-0001-7914-5891),9831,
LORING OIL & GAS CO.,24552,
Lorra Carter (ORCID 0000-0003-0331-5916),5611,
LOS NIETOS,24554,
LOS NIETOS CO.,24554,
LOS OLMOS,24555,
Losey,16943,
"Losey, S.R.",10048,
LOTT,16944,
"LOTT, CITY OF",24556,
LOU-RAY OIL CO.,24564,
louangaphay@battelleecology.org,10052,
LOUDERDALE-STRAUGHAN,24557,
"Loughlin, G.",10055,
Louie Marincovich,10301,
LOUIS CROUCH,6175,
Louis Jacobs,8847,
Louisa Bradtmiller,5104,
Louise Bishop (ORCID 0000-0001-7459-8496),4883,
LOUISIANA GEOLOGICAL SURVEY,24558,
LOUISIANA LAND & EXPLORATION,24559,
LOUISIANA LAND & EXPLORATION (VALENCE OPERATING CO.),24559,
LOUISIANA LAND & EXPLORATION CO.,24559,
Louisiana Land and E,24559,
"Louisiana Land and Exp. Co., The-Adco Prod. Co.-Currie, V. Monta, Jr.",24559,
"Louisiana Land and Exploration Co., The",24559,
LOUISIANA OIL - TEXAS CO.,24560,
LOUISIANA OIL & REFINING CO.,24561,
LOUISIANA SOUTHERN,24562,
LOUISIANA SOUTHERN OIL & GAS,24562,
LOVE,16945,
LOVE & CO.,24566,
LOVE & EVANS-LYMAN,24566,
LOVE OIL CO.,24565,
"LOVE, J.R.",10058,
"LOVE, JACK",10059,
"LOVE, W.P.",10060,
lovelace@battelleecology.org,10061,
"LOVELADY, ET AL",24567,
"LOVELADY, I. W.",10063,
"LOVELADY, I.W.",10063,
"LOVELADY, I.W. & ADOBE OIL CO.",10063,
"LOVELADY, IKE",10063,
"LOVELADY, IKE W.",10063,
"Loveridge, D.E. and Heath, Owen",,"Loveridge, D.E. and Heath, Owen"
LOVERING OIL & GAS CO.,24568,
"LOVERING, F. R. ET AL",10065,
"LOVERING, F.R.",10065,
LOVLACE ET AL,24569,
LOW DRILLING,24570,
LOW DRILLING CO.,24570,
LOWE,16946,
LOWE & SMITH,24571,
LOWE DRILLING,24572,
"LOWE, R.",10072,
"LOWE, RALPH",10072,
"LOWE, RALPH L.",10072,
"Lowenstein, P.",10075,
Lower 15 Oil Corpora,24573,
LOWERY & CUTLER,24574,
LOWERY OPERATORS,24575,
lowerye@battelleecology.org,10078,
Lowndes Co. Highway Dept.,24576,
"Lowry Exploration, Inc.",24577,
LOWRY OIL CO.,24577,
"Lowry, Patrick",10079,
loya@battelleecology.org,10080,
lpetrauski@battelleecology.org,10083,
LPX Co.,24578,
lrobison@field-ops.org,10084,
Lrobison@field-ops.org,10084,
lsepulveda@field-ops.org,10085,
LU-TEX OIL CO.,24598,
LUBBOCK-BRIDGEPORT OIL & GALVESTON CO.,24580,
LUBBOCK MACH. & SUPPLY,24579,
LUBBOCK MACHINE SHOP,24579,
LUCAS,16949,
LUCAS & LEWIS,24581,
Lucas Locke (ORCID 0000-0001-8705-5714),9995,
Lucas Smith (ORCID 0000-0001-8869-8172),13243,
LUCE,16950,
LUCE & ICE,24582,
LUCE & RENAUD,24582,
"LUCE, W.C.",10095,
"LUCE, W.P. ET AL",24582,
LUCERNE,16951,
Lucia Scarsi (ORCID 0000-0003-0035-8320),12765,
"Lucia	Scarsi (ORCID 0000-0003-0035-8320)",12765,
Lucian Rinke-Hardekopf,12376,
LUCKELL,15347,
LUCKEY-NEUHAUS-ADAMS,24584,
LUCKEY JACK,24583,
LUCKY & BLOCKER,24585,
LUCKY OIL & GAS CO.,24586,
LUCKY TEN.,24587,
LUCY,16952,
Lucy Avenson (ORCID 0009-0001-2612-3100),4443,
Lucy E. Edwards,6811,
Lucy Foley,7226,
Lucy Hollis,8529,
Lucy McCartan,10467,
LUCY PETROLEUM CO.,24588,
Lucy Poole (ORCID 0009-0003-2952-3753),11949,
"Luderitz, Heine Soltan",10097,
"Luedke, R. G.",10102,
"Luhr, J. F.",10105,
Luigi Riccardo Berio,1286,
Luis Revilla Mata (ORCID 0000-0003-1805-1458),17372,
Luis Somoza,13306,
LUJON,16953,
LUJON & ET AL,24590,
Luke Bickerton,4852,
Luke Milan,10766,
LULING,16954,
LULING OIL & GAS,24591,
LULING OIL & GAS (COQUAT ET AL),24592,
LULING OIL & GAS (DASH PRODUCTION),24592,
LULING OIL & GAS CO.,24591,
LULING OIL & GAS CO. - AMERADA,24592,
LULING OIL & GAS CO. - JAMES TALLEY,24592,
Lulu McMahon (ORCID 0009-0000-8439-7188),10595,
"Lum, J.",10110,
LUMAC DRILLING CO.,24593,
"Lumbers, S. B.",10111,
LUNDELL PRODUCTION,24596,
"LUNDIE, JOE",10115,
"LUNDIN, JOE",10116,
"Lundquist, C.",10117,
"Lundstrum, Pamela",10118,
Luo Wang,14312,
"Lupita_Renteria, Morgan_Barnes",,"Lupita_Renteria, Morgan_Barnes"
"Lupita_Renteria, Opal_Otenburg",,"Lupita_Renteria, Opal_Otenburg"
Lupita_Renteria; Aaron_Pelly,,Lupita_Renteria; Aaron_Pelly
Lupita_Renteria; Aaron_Pelly; Sophia_McKever,,Lupita_Renteria; Aaron_Pelly; Sophia_McKever
Lupita_Renteria; Josh_Torgeson,,Lupita_Renteria; Josh_Torgeson
Lupita_Renteria; Sophia_McKever,,Lupita_Renteria; Sophia_McKever
Lupker,16955,
Lupton_John,10124,
Lupton_John; Lilley_Marvin,,Lupton_John; Lilley_Marvin
LURIO,16956,
LUSE,16957,
"LUSE, W.P.",10127,
LUTEX,15348,
LUTEX OIL CO.,24598,
Luther_George,10130,
Luther_George; Luther_George,,Luther_George; Luther_George
Luther_George; Vetriani_Costantino,,Luther_George; Vetriani_Costantino
LUTTES ET AL,24599,
Lutz,15349,
Lutz Reinhardt,12272,
"LUTZ, R.T.",10132,
Lutz:Lilley,,Lutz:Lilley
"Luyendyk, Bruce P.",10133,
Luyten_Yvette; Hourdez_Stephane; Fisher_Charles; Girguis_Peter,,Luyten_Yvette; Hourdez_Stephane; Fisher_Charles; Girguis_Peter
Luyten_Yvette; Hourdez_Stephane; Gollner_Sabine; Fisher_Charles; Girguis_Peter,,Luyten_Yvette; Hourdez_Stephane; Gollner_Sabine; Fisher_Charles; Girguis_Peter
Luz Lim (ORCID 0000-0002-4661-2008),9920,
luzius@battelleecology.org,10135,
lvelasquez@battelleecology.org,10136,
"lwilkinson@field-ops.org, jeells@neoninc.org, rvistocci@field-ops.org",10137,
LYAUTEY E,10138,
LYDE-GREER-AMER LIBERTY,24600,
LYDE ET AL,24600,
Lydia Atchley (ORCID 0000-0003-0065-3485),4417,
Lydia Dobberstein (ORCID 0009-0008-8868-3972),6556,
Lydia Roach,12399,
"Lydia Roach, Dan Cayan",,"Lydia Roach, Dan Cayan"
Lyle Nelson/Emmy Smith/Francis MacDonald,,Lyle Nelson/Emmy Smith/Francis MacDonald
LYLES & RAWSON,24602,
"LYLES., G.W. ET AL",10140,
LYMAN,15350,
"LYMAN, C.C.",10141,
"Lyman, O.",10142,
LYNBROOK,16960,
LYNBROOK OIL CO.,24603,
LYNCH,15351,
LYNCH OIL CO.,24604,
"LYNCH, C. B.",10143,
"LYNCH, STAHL, & BURRIS",24605,
"LYNCH, STAHL, POOL",24605,
LYNE ET AL,24606,
LYNN,16961,
Lynn Jacobs (ORCID 0009-0003-3113-6517),8848,
Lynn Yehle,14808,
"LYNN, COFFMAN & WEBSTER",24607,
"LYNN, J.J.",10146,
"LYNN, L.",10147,
LYNNBROOK,16963,
"Lynott, W. J.",10148,
Lynsey Trampush (ORCID 0000-0001-6472-2940),13926,
"Lyon, A.",10150,
lyon@battelleecology.org,10149,
LYONS,15352,
LYONS-PRENTISS-MCCORD,24609,
LYONS-WADLEY,24609,
LYONS & LOGAN,24609,
LYONS & MCCORD,24609,
LYONS & PRENTIS,24609,
LYONS & PRENTISS,24609,
LYONS OIL CO.,24608,
LYONS PETROLEUM,24608,
LYONS PETROLEUM INC.,24608,
"LYONS, L. B.",10153,
"LYONS, R.F.",10154,
LYRIC & DREXLER,24610,
LYTLE,16964,
"LYTLE, C.F.",10156,
"LYTLE, R.S.",10157,
M-R EXPLORATION CO.,25249,
M & H OIL CO.,24611,
"M and S Drilling Co., Inc.",24612,
M Cannat J Karson,,M Cannat J Karson
"M Cannat, J Karson",,"M Cannat, J Karson"
M E B,15353,
M Gerdes,7506,
M Zauala,14870,
M&M DRILLING CO.,24614,
M&M PRODUCTION CO.,24614,
M. Baegi,4478,
M. C. ACC'T,24615,
M. C. L.,15354,
M. Carman,5567,
M. Cita,5823,
M. Claps,5832,
M. Colpron,5967,
M. Da≈àhel (Archaeological Centre Olomouc),6269,
M. Elizabeth Yount,14834,
"M. Gwynn / R. Blackett, Utah Geological Survey",,"M. Gwynn / R. Blackett, Utah Geological Survey"
"M. Gwynn, Utah Geological Survey",7911,
"M. Gwynn, Utah Geological Survey / P. Galanis, US Geological Survey",,"M. Gwynn, Utah Geological Survey / P. Galanis, US Geological Survey"
M. Lea,9763,
M. Molina,10903,
M. N. B.,10158,
M. Nestell,11247,
M. Nichols,11288,
"M. Robinson Cecil, Z.Saleeby, J. Saleeby, K.A. Farley",,"M. Robinson Cecil, Z.Saleeby, J. Saleeby, K.A. Farley"
M. Ryan King,17896,
M. Taviani,13703,
M. Wiedicke-Hombach,14553,
M. Zajac,14854,
M. Zajac (J-G Schilling sponsor),,M. Zajac (J-G Schilling sponsor)
M. Zimmerer,17897,
"M.A. House, B.P.Wernicke, K.A. Farley, T.A. Dumitru",,"M.A. House, B.P.Wernicke, K.A. Farley, T.A. Dumitru"
M.C.O.,16965,
M.C.Z.,16966,
M.D.H.,15355,
M.D.U.,15356,
M.E.G.,15357,
M.E.G. PETROLEUM CORP.,24616,
M.F.C.,15358,
M.G.F,15359,
M.G.F.,16967,
M.G.V. DEVELOPMENT,24617,
M.L. HALBOUTY,7954,
M.L. Kerstein,9322,
M.L. Tavagna,13700,
M.N. Bramlette,5115,
M.N. Deal,6388,
M.N.B,15360,
M.N.B.,15361,
M.P. GILBERT,7550,
M.P.S.,16968,
M.P.S. & VAN DYKE,24618,
M.P.S. PRODUCTION CO.,24619,
M.P.S. PRODUCTION ET AL,24618,
M.R.D.C.,15362,
M.T. HALBOUTY,7955,
M.W.P.L.,16969,
M.W.R. CO.,24620,
M17304,15363,
M19487,15364,
Maarten de Moor,6379,
MABEE,24621,
MABEE (FORMERLY C.C. DUFFY),24621,
MABEE DRILLING CO.,24621,
MABEE PETROLEUM,24621,
"MABEE, GUY",10170,
"MABEE, GUY DRILLING CO.",24621,
"MABEE, J.E.",10171,
"Mabin, Mark",10172,
MABREE,15366,
MABRY & SMITH,24622,
MABRY ARMO,4363,
"MABRY, A.E.",10173,
"MABRY, ARMON",10174,
MAC DRILLING,24623,
MAC DRILLING CO.,24623,
MAC DRILLINGS,24623,
MAC PETROLEUM,24623,
macagno@battelleecology.org,10175,
"MACCURDY, GROVER-HOFFACKER",24624,
"MACCURDY, M.R.",10177,
Macdonald,16970,
MACDONALD OIL,24625,
MACDONALD OIL CO.,24625,
MACDONALD OIL CORP.,24625,
"Macdonald, G. . and Katsura, I.",,"Macdonald, G. . and Katsura, I."
"Macdonald, G. A.",10180,
"MacDonald, R. D.",10185,
"MacDonald, W. D.",10186,
Macdonald:Fox,,Macdonald:Fox
"Macellari, Carlos",10189,
MACEO ET AL,24626,
MACEY & MERSHON,24627,
MACFADDIN TRUST,24628,
"Macfarlane, A.",10190,
"Macgregor, I.",10191,
"Macgregor, I. and Davis, B.",,"Macgregor, I. and Davis, B."
MACHIN & SESCO.,24629,
MACK,16971,
MACKENZIE,16972,
Mackenzie Smith (ORCID 0000-0002-5933-4991),13245,
mackenziec@battelleecology.org,10198,
MACKHANK OIL CO.,24630,
"MacLachlan, J. C.",10202,
"Maclean, H. J.",10204,
MACO STEWART,13493,
MACON ET AL,24631,
Macon Hale Drlg. Co.,24632,
MACPET,16975,
"Macpherson, G.",10206,
"MacPherson, G. J.",10206,
"Macpherson, L.",10207,
Macy Timrick (ORCID 0009-0001-0049-5934),13858,
"Macy	Timrick (ORCID 0009-0001-0049-5934)",13858,
Madaline Ritter (ORCID 0000-0002-3867-8015),12381,
MADDEN,16976,
MADDEN-GOLDSMITH,24634,
"MADDEN, E.B.",10210,
"MADDEN, J.M.",10211,
Maddie Sligh,13166,
MADDOX-WALTER,24635,
MADDOX & DANCIGER,24635,
MADDOX & TATUM,24635,
Maddox Moran (ORCID 0009-0004-2725-821X),17135,
"MADDOX, C.O. ET AL",24635,
"MADE, HENRY",10212,
Madeleine Chura (ORCID 0000-0003-0953-6058),5811,
Madeline Pike,11873,
Madeline Pike (ORCID 0000-0002-8335-145X),11873,
Madelyn Thompson (ORCID 0009-0001-5421-1968),13818,
Madi Walters (ORCID 0000-0002-0834-4276),14294,
Madison Co. Airport Authority,24636,
Madison Janzen (ORCID 0009-0000-8940-8632),8886,
Madison Lancke (ORCID 0009-0007-8200-8661),16874,
Madison Walters (ORCID 0000-0002-0834-4276),17718,
"MADRE, VENA",10214,
Mae Esquibel,6968,
Maggie Cowles (ORCID 0009-0005-3254-6977),6100,
Maggie Crimmins (ORCID 0009-0000-7160-8521),16255,
Maggie Hansen-ellithorpe (ORCID 0000-0002-9345-2676),8066,
Maggie Hansen-Ellithorpe (ORCID 0000-0002-9345-2676),8066,
Maggie Johnson (ORCID 0009-0003-1775-5645),16761,
"MAGHAN, DON E.",10218,
MAGNA,16977,
MAGNA & YOUNG,24637,
MAGNA OIL,24638,
MAGNATEX,24639,
magner@battelleecology.org,10220,
MAGNOLIA,16978,
MAGNOLIA-ANDERSON-PRICHARD,24641,
MAGNOLIA & SUN OIL CO.,24641,
MAGNOLIA NATURAL GAS,24640,
MAGNOLIA OIL CO.,24640,
MAGNOLIA OIL CO. (?),24640,
MAGNOLIA OIL CO. (MOBIL),24641,
MAGNOLIA OIL CO. (SOCONY MOBIL),24641,
MAGNOLIA PETR.-LASSITER,24641,
MAGNOLIA PETROLEUM,24640,
MAGNOLIA PETROLEUM - ABERCROMBIE,24641,
MAGNOLIA PETROLEUM - MOBIL,24641,
MAGNOLIA PETROLEUM - SUN OIL CO.,24641,
MAGNOLIA PETROLEUM  (STANDARD OIL),24641,
MAGNOLIA PETROLEUM (VALOR PRODUCTION),24641,
Magnolia Petroleum C,24640,
Magnolia Petroleum Co.,24640,
MAGNOLIA PETROLEUM CO.,24640,
MAGNOLIA PETROLEUM CO. - ABERCROMBIE,24641,
MAGNOLIA PETROLEUM CO. - ATLANTIC REFINING,24641,
MAGNOLIA PETROLEUM CO. - COATES,24641,
MAGNOLIA PETROLEUM CO. - CONTINENTAL,24641,
MAGNOLIA PETROLEUM CO. - MOBIL,24641,
MAGNOLIA PETROLEUM CO. - SEABOARD,24641,
MAGNOLIA PETROLEUM CO. - STANOLIND,24641,
MAGNOLIA PETROLEUM CO. (GLASSCOCK),24641,
MAGNOLIA PETROLEUM CO. (MOBIL OIL CO.),24641,
MAGNOLIA PETROLEUM CO. (MOBIL),24641,
MAGNOLIA PETROLEUM CO. (SOCONY MOBIL),24641,
MAGNOLIA PETROLEUM CO. ET AL,24641,
MAGNUM-WELDER,24642,
MAGNUS,16979,
MAGNUS OIL CO.,24643,
MAGO OIL CO.,24644,
MAGUIRE,15367,
MAGUIRE & SOHIO PETR.,24647,
MAGUIRE ET AL,24647,
MAGUIRE IND INC.,24645,
MAGUIRE IND INC. BENSON,24645,
MAGUIRE INDUSTRIES,24645,
MAGUIRE OIL CO,24646,
Maguire Oil Co.,24646,
MAGUIRE OIL CO.,24646,
"MAGUIRE, HARVEY",10223,
"MAGUIRE, R.",10224,
"Maguire, Russell",10224,
"MAGUIRE, RUSSELL",10224,
"MAGUIRE, RUSSELL & SUNRAY",24647,
"MAGUIRE, RUSSELL/FISHER EDDIE",,"MAGUIRE, RUSSELL/FISHER EDDIE"
MAHAN,16980,
"Mahieu, L.",10228,
"Mahieux, P.",10229,
MAHO ET AL,24649,
MAHONEY,16981,
Mahpara Mashiyat,10368,
MAHRES,15368,
Maia/Brunelli,,Maia/Brunelli
MAIER & SHIRA,24650,
"Maillet, L. A.",10230,
"Maillet, P. and Jahns, R. H.",,"Maillet, P. and Jahns, R. H."
Mairan Smith (ORCID 0000-0003-0814-3869),13246,
Maja Rasmussen,12176,
"Maja Rasmussen, Eemu Ranta",,"Maja Rasmussen, Eemu Ranta"
Majewski,15369,
Majewski V.,10233,
"Majewski, W.",10234,
MAJO,15370,
MAJOR-GIEBEL & FOSTER,24651,
MAJOR & GIEBEL & FORSTER,24651,
Major Fitzhugh,7178,
"MAJOR, A.W.",10235,
Makenna Haley (ORCID 0009-0006-5139-3432),7963,
Malaize Bruno,5275,
MALAIZE Bruno,5275,
MALARNEE,15371,
MALARNEL OIL CO.,24652,
"Malatex Co., The",24653,
"Malatex, Inc.",24653,
MALCO REFINING,24654,
Malcolm Hodgskiss,8478,
maldonadoj@battelleecology.org,10239,
MALEY-MAGEE,24655,
MALEY & HEEMAN,24655,
"MALHOUF, ABRAHAM INC. (SUN OIL CO.)",24656,
MALHSTEDT-MOOK OIL CO.,24657,
MALLARD-LOCKE,24659,
MALLARD & LOCKE,24659,
Mallard Drilling Corp.,24658,
"Mallard Exploration, Inc.",24658,
Mallard Oil and Gas Co.,24658,
MALLARD PET INC.,24658,
MALLARD PETROLEUM,24658,
MALLARD PETROLEUM - HARWITT,24659,
MALLARD PETROLEUM CO.,24658,
MALLARD PETROLEUM INC,24658,
MALLARD PETROLEUM INC.,24658,
MALLARD PETROLEUM INC. (PREV: HUSKY OIL CO.),24658,
"MALLARD PETROLEUM, INC.",24658,
"Mallet, J.",10245,
Mallinson,16983,
MALLOY KNOLLE OIL CO.,24660,
MALLSTETDT ET AL,24661,
MALOMAR OIL CO.,24662,
"MALONE, C.W. ET AL",10250,
"Maloy, R.",10255,
MALSTEAD,16984,
Malu de Carvalho Ferreira,6375,
MANAHAN,16985,
mancilla@battelleecology.org,10258,
MANCO,16986,
"MANDEL, SAM",10262,
MANER GRAHAM,7743,
MANGOLIA,15372,
MANGRUM,15373,
MANGUM-CHINN ET AL,24676,
MANGUM & WELDER CO.,24676,
"MANGUM, R.O.",10265,
"MANGUM, R.O. ET AL",10265,
MANHATTAN OIL CO.,24677,
MANHATTEN PETROLEUM CO. - CRESCENT,24677,
MANHATTON,15374,
Manistee Oil And Gas Co.,24678,
"MANLEY, J.D.",10266,
MANN,10267,
MANN-BAILEY,24682,
MANN-CANNON-CANNON,24682,
MANN-WOLFORD,24686,
MANN CANNON & CANNON,24682,
MANN EQUITABLE JOINT VENTURE,24680,
MANN ET AL,24682,
MANN OIL CO.,24681,
MANN RANKIN SITTON & NORTON DRILLING CO.,24682,
"MANN, B.C.",10268,
"MANN, E.C.",10269,
"MANN, HANKAMER, & ROGERS",24682,
"MANN, J.C.",10270,
"MANN, ROY K.",10271,
MANNAS,16987,
MANNING,16988,
MANNING & ANDERSON,24684,
MANNING & BROWN,24684,
MANNING & MIDWEST,24684,
MANNING & MOORE,24684,
MANNING INC,24683,
"MANNING, FRED",10273,
MANNUS-SNUGGS,24685,
MANOLIA PETROLEUM CO.,24687,
MANON BAJARD,4499,
MANOR,16989,
MANOR CITY WELL,24688,
MANSANTO,16990,
"MANSFIELD, C.B.",10275,
MANSFORTH,15375,
"Mansker, W.",10276,
MANSON OIL,24689,
Manuel Menzel,10688,
Manuel Paez,11565,
Manuel Paez Reyes,11565,
MANZELL,15376,
MANZIEL,15377,
MANZIEL & SHAW,24690,
"MANZIEL, BOBBY",10278,
"MANZIEL, BOBBY - SHELL OIL",10278,
MAP PRODUCTION CO.,24691,
MAPCO PRODUCTION CO.,24692,
"MAPCO, INC.",24692,
MAR-TEX,24735,
MAR-TEX OIL CO.,24735,
MAR-TEX PETROLEUM CO.,24735,
MARACAIBO EXPLORATION CO.,24693,
MARAGORDA DEVELOPMENT CO.,24694,
MARALO,16991,
MARALO INC (BRAYTON OIL),24695,
MARALO OIL CO.,24695,
MARATHON,24696,
Marathon Oil Co.,24696,
MARATHON OIL CO.,24696,
MARATHON OIL CO. - ASARCO,24697,
MARATHON OIL CO. (OHIO OIL CO.),24697,
MARATHON OIL CO. (OHIO),24697,
MARATHON OIL CO. (PREV: PLYMOUTH OIL CO.),24696,
Marathon Southern Corp.,24698,
MARBACH,16992,
MARBLE CANYON,24699,
"Marble, J. P.",10282,
Marc Hendrix,8312,
"Marc Parisien, Roger Byrne",,"Marc Parisien, Roger Byrne"
Marcelo Ardon,4344,
Marcelo Krause,9546,
MARCH,16993,
Marcio Albuquerque; Fred Jourdan,,Marcio Albuquerque; Fred Jourdan
Marco Andreoli,4291,
MARCO DRILLING CO.,24700,
"Marco Land and Petroleum, Inc.",24700,
Marcos Bissaro,4884,
Marcos Bissaro Jr,4884,
Marcos Tassano,13695,
MARCUM,16994,
Marcus Blair,4908,
Marcus_Jean,10292,
Marcus_Jean;John Chadwick,,Marcus_Jean;John Chadwick
Marcus_Jean;Levesque_Christian;Tsurumi_Maia,,Marcus_Jean;Levesque_Christian;Tsurumi_Maia
MARDON OIL CO.,24701,
MAREK OIL CO.,24702,
"MAREK, FRANK SR.",10295,
Maren Bender,947,
"Maresch, W. V.",10296,
"MARGAN, A.O.",10299,
Margaret Cumberland (ORCID 0000-0003-1944-3584),6210,
Margaret D Thompson,13819,
Margaret Davis,6340,
"Margaret Davis, Kerry Woods",,"Margaret Davis, Kerry Woods"
Margaret Leinen,9823,
Margaret Mangan,10264,
Margaret Mercer (ORCID 0000-0003-0973-4484),10692,
Margaret Odlum,11411,
Margaret S. Torn,13902,
Margaret Treece (ORCID 0000-0002-2359-6738),13936,
MARGAY OIL CO.,24703,
Maria Laura Balestrieri,4528,
Maria Paula Mugnani (ORCID 0000-0002-0753-5169),11674,
Maria Perez (ORCID 0000-0001-8986-8911),11748,
Maria Pesek,11780,
Maria Viggiano (ORCID 0000-0002-4299-7043),14163,
Maria Viggiano Beltrocco (ORCID 0000-0002-4299-7043),14163,
Mariah Tilman,13852,
Marian Lea (ORCID 0000-0002-9445-2184),9763,
Mariana Sandifer,12718,
Marie-Pierre Aubry,4425,
Marien Kramer,9541,
MARIETTA OIL CORP.,24704,
Marina B. Suarez,1092,
Marina Suarez,1092,
MARINE OIL CO.,24706,
MARINE OIL CORP.,24709,
MARINE PRODUCTION CO.,24706,
marinojj@battelleecology.org,10305,
"Mario Williams; Andrea Nurse, Romario Anderson, Kadane Coates",,"Mario Williams; Andrea Nurse, Romario Anderson, Kadane Coates"
MARION,16995,
Marion Corp.,24711,
MARION FOWLER,24712,
MARION PRODUCTION CO.,24713,
Marissa Betts,17898,
Marissa Breslin,5148,
Marissa Breslin (ORCID 0000-0002-6334-2708),5148,
Marith Reheis,12264,
Marjorie Cantine,642,
Mark Abbott,4011,
"Mark Abbott, Aubrey Hillman, JunQing Yu",,"Mark Abbott, Aubrey Hillman, JunQing Yu"
"Mark Abbott, Broxton Bird",,"Mark Abbott, Broxton Bird"
"Mark Abbott, Byron Steinman, Matt Finkenbinder, D.Pompeani",,"Mark Abbott, Byron Steinman, Matt Finkenbinder, D.Pompeani"
"Mark Abbott, Don Rodbell",,"Mark Abbott, Don Rodbell"
"Mark Abbott, Donald Rodbell, Pedro Tapia",,"Mark Abbott, Donald Rodbell, Pedro Tapia"
"Mark Abbott, Geoffery Seltzer",,"Mark Abbott, Geoffery Seltzer"
"Mark Abbott, Liz Arkush, Aubrey Hillman",,"Mark Abbott, Liz Arkush, Aubrey Hillman"
Mark Barton,4615,
"Mark Bowen, Bill Johnson, Chelsy Herring",,"Mark Bowen, Bill Johnson, Chelsy Herring"
"Mark Bowen, William Johnson",,"Mark Bowen, William Johnson"
Mark Edlund,6797,
"Mark Edlund, Adam Heathcote, David Burge",,"Mark Edlund, Adam Heathcote, David Burge"
"Mark Edlund, Adam Heathcote, Kevin Theissen, Lauren Mitchell, Gabrielle Houle, Sam Duncanson",,"Mark Edlund, Adam Heathcote, Kevin Theissen, Lauren Mitchell, Gabrielle Houle, Sam Duncanson"
"Mark Edlund, Charles Umbanhowar",,"Mark Edlund, Charles Umbanhowar"
"Mark Edlund, Charles Umbanhowar, Chiji Ochiaghha",,"Mark Edlund, Charles Umbanhowar, Chiji Ochiaghha"
"Mark Edlund, Dan Engstrom, Jasmine Saros, Kristen Strock",,"Mark Edlund, Dan Engstrom, Jasmine Saros, Kristen Strock"
"Mark Edlund, Dan Engstrom, Shawn Shottler, Euan Reavie, N.Baratono",,"Mark Edlund, Dan Engstrom, Shawn Shottler, Euan Reavie, N.Baratono"
"Mark Edlund, Joy Ramstack",,"Mark Edlund, Joy Ramstack"
"Mark Edlund, Joy Ramstack Hobbs",,"Mark Edlund, Joy Ramstack Hobbs"
"Mark Edlund, Nigel Wattrus, Devin Hagarty, Nolan Baratono",,"Mark Edlund, Nigel Wattrus, Devin Hagarty, Nolan Baratono"
Mark Feigenson,1400,
Mark Grosvenor,7848,
Mark Hannington,8057,
Mark Hendrix,8312,
Mark Holland,8520,
MARK IV ENERGY,24714,
MARK IV PRODUCING,24715,
Mark Jakubauskas,8861,
Mark Jirsa,8985,
Mark Kurz,79,
Mark McMenamin,349,
Mark Mullinger,11112,
Mark Pecha,11710,
MARK PRODUCING,24716,
Mark Reagan,172,
Mark Reilly/Kasia Sobczak,,Mark Reilly/Kasia Sobczak
Mark Schmitz,1872,
"Mark Schmitz, Carol Dehler",,"Mark Schmitz, Carol Dehler"
Mark Shapley,13002,
"Mark Shapley, A.Rozin, R.Goldby",,"Mark Shapley, A.Rozin, R.Goldby"
"Mark Shapley, Bruce Finney, C Krueger",,"Mark Shapley, Bruce Finney, C Krueger"
"Mark Shapley, Bruce Finney, Tim Wilkins",,"Mark Shapley, Bruce Finney, Tim Wilkins"
"Mark Shapley, Lesleigh Anderson, Bruce Finney",,"Mark Shapley, Lesleigh Anderson, Bruce Finney"
"Mark Shapley, Vania Stefanova, Carrie Jennings, L. Loomis",,"Mark Shapley, Vania Stefanova, Carrie Jennings, L. Loomis"
Markel,16996,
MARKEY ET AL,24717,
MARKHAM & CONE ET AL,24718,
MARKLE ET AL,24719,
MARLAND,16997,
MARLAND-ANDERSON,24721,
MARLAND-DONLEY,24721,
MARLAND-DRAKE OIL CO.,24721,
MARLAND-SOUTHERN CRUDE,24721,
MARLAND-ZOOK,24721,
MARLAND & WALLACE,24721,
MARLAND & ZOCH,24721,
MARLAND ET AL,24721,
MARLAND OIL-TEXON,24721,
MARLAND OIL & SIMMS,24721,
MARLAND OIL CO.,24720,
MARLAND OIL CO. - DONNELLY,24721,
MARLAND OIL CO. - DRAKE,24721,
MARLAND OIL CO. - MILEY,24721,
MARLAND OIL CO. - TEXON,24721,
MARLAND OIL CO. - WALSH,24721,
MARLAND OIL CO. - ZOCH OIL,24721,
MARLAND OIL CO. (LATER: CONTINENTAL OIL CO.),24720,
"Marle, J.",10310,
Marlee (ORCID 0000-0001-7784-4082),16998,
Marlee Rickelton (ORCID 0000-0001-7784-4082),12349,
MARLEN OIL,24722,
MARLEY PRODUCTION,24723,
MARLIN EXPLORATION INC. ET AL,24724,
MARLIN OIL CO.,24725,
"MARLOWE, MARK V.",10312,
MARNSDALL,16999,
"Marott, George J., II",10314,
"MAROTT, GEORGE T.",10315,
Marquez Melissa (ORCID 0000-0003-1865-4814),10666,
MARQUISE & ART,24726,
MARR,17000,
MARR-VAUGHN,24730,
MARR & BROWN,24728,
MARR & FIELD,24728,
MARR DRILLING CO.,24727,
"MARR, JOE DRILLING CO.",24727,
"MARR, M.H.",10316,
"MARR, M.H. ET AL",10316,
"MARROT, GEORGE J. ET AL",10317,
MARRS-MCLEAN,24729,
"MARSH II, C.E.",10319,
Marsh Operating Co.,24731,
"MARSH, C. E.",10321,
"MARSH, C.E.",10321,
"MARSH, TOM INC.",24732,
"Marshak, Stephen",10322,
MARSHALL,17001,
MARSHALL & ESKRIDGE,24734,
"MARSHALL & WINSTON, INC.",24734,
MARSHALL ET AL,24734,
MARSHALL EXPLORATION,24733,
Marshall Oglesby,11421,
"MARSHALL, A.B.",10323,
"MARSHALL, C.E. ET AL",10324,
Marshall_Jeffrey,10326,
MARSHELL,10328,
"MARSHELL, J.W.",10328,
MARTENIZ,15378,
MARTEX,17002,
MARTEX OIL CO.,24735,
"Martha A. House, Brian P. Wernicke, Kenneth A . Farley",,"Martha A. House, Brian P. Wernicke, Kenneth A . Farley"
"Martha A. House, Brian P. Wernicke, Kenneth A. Farley",,"Martha A. House, Brian P. Wernicke, Kenneth A. Farley"
MARTIN,15379,
Martin-Barajas_Arturo; Stock_Joann,,Martin-Barajas_Arturo; Stock_Joann
MARTIN-CONSOLIDATED,24737,
MARTIN-MILTON,24737,
MARTIN-SHELLY-THOMAS,24737,
MARTIN-SHELLY-THOMAS-TEXITA,24737,
MARTIN-SKELLY-THOMAS,24737,
MARTIN & HINES,24737,
MARTIN & ROBERTS,24737,
MARTIN & SON,24737,
MARTIN & THOMPSON,24737,
MARTIN ET AL,24737,
MARTIN ET AL (MOORE),24737,
MARTIN FIELDS,7133,
"Martin Grosjean, Bruno Messerli, Kerry Kelts, Blas Valero-GarcÈs",,"Martin Grosjean, Bruno Messerli, Kerry Kelts, Blas Valero-GarcÈs"
Martin Lindner,1167,
MARTIN OIL & DEVELOPMENT CO.,24736,
MARTIN OIL & GAS,24736,
MARTIN OIL CO.,24736,
Martin Palkovic,11582,
MARTIN PROPERTY,24738,
MARTIN THOMPSON,13820,
"MARTIN, F. W.",10334,
"MARTIN, GLEN",10335,
"MARTIN, GLENN",10335,
"MARTIN, GUY",10336,
"MARTIN, H. W.",10337,
"MARTIN, HARRY L.",10338,
"MARTIN, J. P.",10339,
"MARTIN, J.P.",10339,
"MARTIN, N.G. ET AL",10346,
"MARTIN, R.H.",10347,
"MARTIN, RAY L.",10348,
"MARTIN, ROY L.",10349,
"MARTIN, SAM",10350,
"MARTINEZ, F.C.",10358,
martinkv@battelleecology.org,10361,
"Martitia Tuttle, Zamara Fuentes",,"Martitia Tuttle, Zamara Fuentes"
MARTS-BEAVEN & KILLIAM,24739,
MARTS & BEAVEN,24739,
MARTS & BEAVEN INC.,24739,
"MARTS & BEAVEN, INC",24739,
"MARTS, E.R.",10362,
Marty Briggs and Juliette Lamoureux,,Marty Briggs and Juliette Lamoureux
Marty Halpern,7988,
Marv Lilley / Lee Evans,,Marv Lilley / Lee Evans
Marv Lilley; Giora Prokurowski,,Marv Lilley; Giora Prokurowski
MARVIN GATHERING CO.,24740,
"Marvine, A.",10364,
Marwan A. Wartes,14340,
Marwan Wartes,14340,
Mary Conlin (ORCID 0000-0002-5456-2901),5982,
"Mary Edwards, Kim Davies, Pete Langdon, Katey Walter Anthony",,"Mary Edwards, Kim Davies, Pete Langdon, Katey Walter Anthony"
Mary Leech,9802,
Mary Lynn Fitzpatrick (ORCID 0009-0003-8956-9905),16962,
Mary Strickland,13567,
MaryAnne Russell,17899,
MARYLAND OIL CO.,24741,
MARYLAND OIL CORP.,24741,
MARYLAND OIL CORP. ET AL,24741,
Marylee Murphy,11138,
MARZO,17003,
MARZO ET AL,24742,
MARZO OIL CO.,24743,
Marzoli Andrea,1826,
MASCHO OIL CO.,24744,
"MASCHO, J.A.",10367,
Mashuri Waite (ORCID 0000-0002-8265-3907),14240,
MASIRAN,17004,
MASON,17005,
MASON-JOHNSON & ASSOC.,24746,
"MASON-JOHNSON & ASSOC., INC.",24746,
MASON-JOHNSON & ASSOC.INC,24746,
MASON-JOHNSON & ASSOC.INC.,24746,
MASON-JOHNSON & ASSOCIATES,24746,
MASON-JOHNSTON,24747,
Mason C.,10370,
MASON JOHNSTON,9066,
"Mason, B.",10369,
"Mason, C.",10370,
"MASON, CITY OF",24745,
"MASON, JOHN",10371,
MASS. TEX.,24748,
MASSAD,17006,
MASSART & SMITH,24750,
MASSBACHER,17007,
"MASSBACHER, ROBERT",10374,
"MASSEY, J. V.-TUBB, J. B.",,"MASSEY, J. V.-TUBB, J. B."
MASSIE,15380,
MASSIE & BLACK,24751,
MASSIE & BLACK A,24751,
MASSINGALE,15381,
MASSINGALE & KELLER,24752,
MASSINGILL,17008,
MASSINGILL & HOWETH,24753,
MASSINGILL & MOORE,24753,
"MASSINGILL, M.L.",10377,
MASTEN-HOWELL-HYDE OIL,24754,
MASTERSON ET AL,24755,
MATADOR PETROLEUM CO.,24756,
MATAGORDA OIL CO.,24757,
MATAGORDA PETROLEUM CO.,24757,
MATERIALS TESTING LAB,24758,
Mather,17009,
"MATHEW, D. C.",10382,
MATHEWS,17010,
"MATHEWS, R.S.",10384,
"MATHEWS, W.H.",10385,
Mathez,17011,
Mathidle CANNAT,5528,
Mathilde CANNAT,5528,
"MATHIS, ED ET AL",10386,
Matias Bambi (ORCID 0009-0001-8017-5550),4542,
"Matsch, Charles L.",10389,
"Matt Bigl, J.Munroe",,"Matt Bigl, J.Munroe"
"Matt Bigl, J.Sachs",,"Matt Bigl, J.Sachs"
"Matt Bigl, S.Michalak",,"Matt Bigl, S.Michalak"
Matt Cooper,6024,
Matt Couchman,6085,
Matt Fithian,7175,
Matt Grassi (ORCID 0000-0002-9407-8970),7758,
Matt Heizler,8279,
Matt Hurtgen,8740,
Matt Kirby,9404,
Matt Koerner (ORCID 0000-0003-1334-3275),9490,
Matt Kohn,9496,
Matt Malkowski,10244,
Matt Massey,10376,
Matt Morgan,11000,
Matt Olivier (ORCID 0000-0002-6351-2586),17223,
Matt Paulsen,11678,
Matt Peterson (ORCID 0000-0003-1851-5013),11803,
Matt Rioux,202,
Matt Schrenk,12854,
Matt Schwartz,12889,
"Matt Walsh, Michelle Packer, Jared Goos",,"Matt Walsh, Michelle Packer, Jared Goos"
Matteo Vacchi,14061,
"Matthai, J.",10394,
Matthew (ORCID 0000-0003-1851-5013),17012,
Matthew Gerber (ORCID 0009-0003-5783-900X),7504,
Matthew J. Kohn,9496,
Matthew Kohn,9496,
Matthew Miller (ORCID 0000-0001-7332-328X),10793,
Matthew Nikitczuk,1243,
Matthew Rioux,202,
Matthew Salisbury,12684,
Matthew Schumaker,12871,
Matthew Tippett Vannini (ORCID 0000-0001-6124-7021),13864,
Matthew Wenzel (ORCID 0000-0001-8111-1914),14462,
MATTHEWS & CHITTY,24759,
"MATTHEWS, D.C.",10395,
"Matthews, S.",10396,
Mattia Pistone,11899,
"MATTOCK, THAYERT",24760,
"Mattson, P. H.",10402,
Matty Mookerjee,452,
MAUCH & KROGER,24761,
"Maucher, W.",10403,
maugust@battelleecology.org,10404,
"MAULL, W.K.",10405,
Maureen A. Jones,9107,
Maureen Feineman,463,
Maureen Raymo,12205,
Maurice Colpron,5967,
Maurice Ewing,7002,
Maurice Tivey,13872,
Mauricio Ibanez-Mejia,1836,
"Maury, Mrs. Mary Taylor",10408,
Mauthner M.,10409,
MAVERICK,17014,
MAVERICK & MARTIN,24765,
MAVERICK EXPLORATION ET AL,24765,
MAVERICK MINERALS,24763,
MAVERICK OIL CO.,24764,
Mawley,17015,
Max Boyanov,5070,
Max Burner (ORCID 0000-0002-7583-9471),5359,
Max Droellus; Milo Barham,,Max Droellus; Milo Barham
Max Hammond,8018,
Max Jansen,1699,
Max Kaufman,9217,
Max Moran (ORCID 0009-0004-2725-821X),17135,
Max Plichta (ORCID 0000-0003-0893-0707),11917,
Max Webb,14389,
"Maxell, J.",10412,
MAXEY & LEFTWICH,24767,
MAXIMA OIL CO.,24768,
MAXIMA OIL CO. (SOUTH TEXAS OIL & GAS),24769,
Maxime Debret (ORCID:0000-0002-8852-0152),760,
Maxime Debret 0000-0002-8852-0152,760,
maxime.debret 0000-0002-8852-0152,760,
MAXUS ENERGY,24770,
MAXUS ENERGY CORP.,24770,
MAXUS ENERGY CORP. (B.P. AMERICA),24771,
MAXUS ENERGY CORP. (UNIT PETROLEUM CO.),24771,
MAXUS EXPLORATION CO.,24772,
MAXWELL,17016,
MAXWELL & SOISI,24775,
MAXWELL & YOUNG,24775,
Maxwell Bollous (ORCID 0009-0005-7635-8599),4983,
MAXWELL BROTHERS,24773,
MAXWELL OIL CO.,24774,
"MAXWELL, A. L.",10414,
"Maxwell, J. C.",10416,
"MAXWELL, J. C.",10416,
"MAXWELL, J.C.",10416,
"MAXWELL, RILEY",10417,
MAY & WILLIAMS,24776,
MAY PETROLEUM CO. INC.,24777,
Maya Gonzalez (ORCID 0009-0003-6644-7278),7675,
Maya Greene (ORCID 0009-0004-3090-3603),16562,
Maya J. Nair,17900,
"Maya	Gonzalez (ORCID 0009-0003-6644-7278)",7675,
MAYBEE,17017,
MAYBEE & BLACKSTOCK,24778,
MAYBEE ET AL,24778,
MAYBEE PETROLEUM,24779,
"MAYBEE, JOHN",10418,
Mayece Barnaby (ORCID 0009-0005-4841-3896),4577,
Mayer,15382,
MAYER & HARTER,24780,
"MAYER, M.O. ET AL",10420,
"Mayewski, Paul A.",10424,
MAYFAIR,17018,
MAYFAIR MINERAL INC,24781,
MAYFAIR MINERALS,24781,
MAYFAIR MINERALS-COATES,24782,
MAYFAIR MINERALS-DELANGE ET.AL,24782,
"MAYFAIR MINERALS, INC",24781,
MAYFAIR OIL CO.,24783,
"MAYFIELD, JOHN",24784,
MAYFLO OIL CO.,24785,
MAYFLOWER,17019,
MAYNARD,17020,
Maynard Nichols,11288,
MAYNARD OIL,24786,
MAYNARD OIL CO.,24786,
"Mayne and Mertz, Inc.",24787,
MAYO,15383,
MAYO-HUNTER,24789,
MAYO & BLAFFER,24789,
MAYO & BOYLES,24789,
MAYO & BUNN,24789,
MAYO & BUNN DRILLING CO.,24789,
MAYO & CARLTON,24789,
MAYO & CHAPMAN MINERALS CO.,24789,
MAYO & HUNTER,24789,
MAYO & KIRKPATRICK,24789,
MAYO & REEVES,24789,
MAYO & ROWAN & HOPE,24789,
MAYO & SMITH,24789,
MAYO & THOMPSON,24789,
MAYO CO. ET AL,24789,
MAYO ET AL,24789,
MAYO MCDONALD,10518,
MAYO THOMPSON,13821,
"MAYO, J.G.",10427,
"MAYO, J.G. ET AL",24789,
"MAYO, J.G. ET AL & SHELL",24789,
"MAYO, J.W.",10428,
"MAYO, JOHN",10429,
"MAYO, JOHN C.",10429,
"MAYO, JOHN ET AL",10429,
"MAYO, JOHN G.",10427,
"MAYO, JOHN G. ET AL",10427,
MAYS-NIXON,24790,
MAYS & NIXON,24789,
MAYS ET AL,24790,
"MAYS, EUGENE",10430,
"MAYS, EUGUENE",10430,
MAZDA,15384,
MAZDA OIL CO.,24791,
MAZDA OIL CO. - SAVOY,24791,
"Maze, W. B.",10431,
Mbara@battelleecology.org,10433,
mbelovitch@field-ops.org,10435,
mbelovitch@Field-ops.org,10435,
mbenedict@battelleecology.org,10436,
mbitters@field-ops.org,10437,
MBitters@field-ops.org,10437,
mbray@field-ops.org,10439,
MBray@field-ops.org,10439,
mbreslin@battelleecology.org,10440,
mbrown01@battelleecology.org,10441,
MBrown01@field-ops.org,10441,
"Mc Kee, Thomas",10442,
MCADAMS,17021,
MCADAMS & STOKER,24792,
MCADAMS (?),24793,
"MCADAMS, ED ET AL",10445,
"MCADAMS, J.E.",10446,
MCALASTER,17022,
MCALESTER,17022,
MCALESTER AULD,4431,
MCALESTER ET AL,24795,
MCALESTER FUEL,24794,
MCALESTER FUEL CO.,24794,
MCALESTER FUEL CORP.,24794,
MCALESTER FUEL OIL CO.,24794,
mcalevy@battelleecology.org,10447,
MCALISTER,15386,
MCALISTER CO.,24796,
MCALISTER FUEL,24794,
MCALLESTER & KETH,24795,
MCALLESTER FUEL,24794,
MCALLISTER & RICHARDSON,24795,
MCALLISTER ET AL,24795,
MCALLISTER FUEL CO.,24794,
"Mcallister, J.",10448,
MCALPINE,17024,
MCALSTER FUEL,24797,
mcamp@battelleecology.org,10449,
MCARTHY,17025,
MCAULEY,15387,
"MCBANE, R.D.",10451,
MCBEE,17026,
MCBEE & LARIO,24798,
"MCBEE, WILLIAM B.",10452,
"MCBEE, WILLIAM D. ESTATE",24799,
"MCBEE, WM. D. ESTATE (TEXACO)",24799,
MCBRIDE,15388,
MCBRIDE & KIRKWOOD,24800,
MCBRIDE & LONE STAR,24800,
"MCBRIDE, K.F.",10453,
"MCBRIDE, W.C.",10454,
"MCBRIDE, W.C. INC",10454,
"MCBRIDE, W.C. INC ET AL",10454,
"MCBRIDE, W.C. INC.",10454,
MCCABE-BOWMAN,24801,
MCCABE-TURNEY-KIRKWOOD-MORGAN,24801,
"MCCABE, J.C.",10455,
"MCCABE, JOHN Q.",10456,
mccahill@battelleecology.org,10458,
"MCCAIN, RANDY",10459,
MCCALLAM & FORBER,24802,
MCCALLAND,17027,
MCCALLAND ENG.,24803,
MCCALLUM,17028,
MCCAMEY,15389,
MCCAMEY & HULTZ (FORMERLY HULTZ ET AL),24804,
"MCCAMEY, GEORGE",10461,
"MCCANDLES, BRYCE",10462,
MCCANN,15390,
MCCANN & AMERADA PETROLEUM,24805,
MCCARL,17029,
MCCARLEY OIL ASSN.,24806,
"McCarley, Emit/Ray, John Murray",,"McCarley, Emit/Ray, John Murray"
"MCCARRICK, JAMES G.",10464,
MCCARTE-KERK COUNTY,24807,
MCCARTER,15391,
MCCARTER ET AL,24808,
"MCCARTER, C.F.",10468,
"MCCARTER, R.C.",10469,
MCCARTHY,17030,
MCCARTHY & SONS,24809,
MCCARTHY & SUN,24809,
MCCARTHY INC,24809,
MCCARTHY OIL & GAS,24809,
MCCARTHY OIL & GAS CO.,24809,
MCCARTHY OIL CO.,24809,
"MCCARTHY, GLEN",10471,
"MCCARTHY, GLENN (J.B. CHEW ET AL)",10471,
"MCCARTHY, GLENN H.",10471,
"MCCARTHY, GLENN INC.",10471,
MCCARTLY,15392,
MCCARTY & COLEMAN,24811,
McCarty Drlg. Contractors,24812,
MCCARTY OIL CO.,24813,
"MCCARTY, GLENN",10475,
MCCARY-FRANKLIN,24814,
MCCASLAND,17031,
MCCATER,17032,
MCCAULEY,17033,
MCCAULEY ET AL,24815,
"Mccauley Operating Co., Inc.",24816,
MCCELLAN-REMLIG,24817,
MCCELLAN & MEYER,24817,
MCCLANAHAN & STUBBS,24818,
MCCLANCY,17034,
MCCLANNAHAN,17035,
MCCLANNAHAN ET AL,24819,
MCCLEAN,15393,
"MCCLEAN, J. W.",10481,
"MCCLELLAN, J.",10483,
MCCLELLAND,15394,
MCCLELLAND & JUDY CO. (BRA),24820,
MCCLELLAND CONSULTANTS,24821,
MCCLOSKEY,15395,
"MCCLUNG-HEYSER, HEARD-CLARDY",24822,
"MCCLUNG, G.W. ET AL",10485,
"MCCLUNG, R. E.",10486,
"MCCLUNG, R.C.",10487,
MCCLURE,17036,
MCCLURE ET AL,24823,
MCCOLLAM,17037,
MCCOLLOM EXPLORATION CO.,24824,
MCCOLLOUGH & ZILKEY,24825,
MCCOLLUM,15396,
MCCOLLUM & DAVENPORT,24826,
"McCollum, Allen E.",10489,
MCCOMMAS,17038,
MCCOMMON,15397,
MCCOMMONS,17039,
McCONATHY PROD. CO.,24827,
MCCONATHY PROD. CO.,24827,
MCCONATHY PROD. CO. / SAWYER DRILLING,24827,
MCCONATHY PRODUCTION CO.,24827,
"McConathy Production Co., Inc.",24827,
"Mcconnell, D.",10492,
MCCORMICK & ANDREW,24829,
MCCORMICK & KING,24829,
MCCORMICK OIL & GAS,24828,
MCCORMICK OIL & GAS CORP.,24828,
McCormick Operating Co.,24828,
MCCORMICK OPERATING CO.,24828,
"MCCORMICK, HARRY",10496,
"MCCORMICK, SANFORD E.",10497,
MCCOY,17040,
MCCOY & STEVENS,24830,
MCCOY BROTHERS (RAY MCCOY),24831,
"Mccoy, F.",10498,
"MCCOY, J.R. ET AL",10499,
"McCoy, T.",10500,
MCCRARY & RAMSAY,24832,
MCCREA WELL,24833,
MCCREARY ET AL,24834,
MCCULLAUGH,17041,
"MCCULLER, J.A.",10502,
MCCULLOCH,17042,
MCCULLOCH OF CAL.,24835,
MCCULLOCH OIL,24836,
MCCULLOCH OIL CO.,24836,
"Mccullock, M.",10503,
MCCULLOGH,15398,
MCCULLOUGH,17043,
"Mccullough, B.",10504,
"MCCULLOUGH, WARD",10505,
MCCULLUM-FORBER,24837,
MCCURDY,15399,
MCCURDY & MCCURDY,24839,
MCCURDY BROS,24838,
MCCURDY ET AL,24839,
MCCURRIE,15400,
MCCUTCHEN,17044,
"MCCUTCHEN, GENE",10506,
MCCUTCHEON,15401,
MCCUTCHIN,17045,
"MCCUTCHIN, A.",10508,
MCDANIEL,15402,
MCDANIEL & BEACHER,24841,
MCDANIEL & BEECHER,24841,
MCDANIEL & BEECHERL,24841,
"MCDANIEL & SMITH, G.",24841,
"MCDANIEL, C. B.",10509,
"MCDANIEL, DAVID B.",10510,
MCDANIELS,15403,
"MCDANIELS, E.W.",10511,
MCDANNALD,15404,
MCDANNALD OIL CO.,24842,
MCDANNALD OIL CO. (SMITH & MCDANNALD),24842,
"MCDANNOLD, W.B",10512,
"MCDERMATT, JAY RAY",10513,
MCDERMONT,15405,
MCDERMOTT,15406,
"MCDERMOTT, J. RAY",10514,
"MCDERMOTT, J.R.",10514,
MCDONALD,17046,
MCDONALD-SHELL OIL,24848,
MCDONALD & CAMPBELL,24847,
"MCDONALD & GODDARD, W.",24847,
MCDONALD BROS,24843,
MCDONALD BROTHERS,24843,
MCDONALD ET AL,24847,
MCDONALD HYDRAULIC DRILLING CO.,24844,
MCDONALD OBSERVATORY,24845,
MCDONALD OIL,24846,
MCDONALD OIL CO.,24844,
MCDONALD OIL CORP.,24846,
"MCDONALD, C.E.",10515,
"McDonald, D.M. (Buddy)",10516,
MCDONNALD ET AL,24849,
MCDONNELL,17047,
"MCDONNELL, R. W.",10519,
MCDORMAN ET AL,24850,
"MCDORMETT, J. RAY",10523,
MCDORMOTT,17048,
MCDOUGAL ET AL,24851,
McDougall,17049,
MCDOWELL,15407,
MCDUARD,17050,
mceachern@battelleecology.org,10527,
MCELMURRY ET AL,24852,
MCELREATH,15408,
MCELREATH & SUGGETT,24853,
MCELREATH ET AL,24853,
MCELREATH SUGGET WHORLEY,24853,
MCELREATH&SUGGETT OIL CORP.,24853,
MCELROY,17051,
MCELROY OIL,24854,
MCELROY RANCH,24855,
MCELROY RANCH & CONTINENTAL,24855,
MCELROY RANCH CO.,24855,
"McElvain, T. H.",10528,
"McFadden, Rory R.",10529,
MCFARLAND & FINK,24857,
MCFARLAND CORP.,24856,
MCFARLAND CORP. - TEXAS CRUDE,24857,
"MCFARLAND, B.L.",10530,
"MCFARLAND, B.L. INC.",10530,
MCFARLANE OIL CO.,24856,
MCFARLIN,17052,
MCGAHAN,17053,
MCGAHAN ET AL,24858,
MCGAHHEY,15409,
MCGARR,15410,
MCGARR-TRULSER-CONOCO,24859,
MCGARR & TRUSLER,24859,
"MCGARR, W.H.",10532,
MCGARTH & SMITH,24860,
MCGAUGHEY,15411,
MCGEE-KERR,24861,
"MCGEE, H.T. & CO.",10534,
"MCGEE, H.W. ET AL",10535,
"MCGEE, J.W.",10536,
"MCGHEE, G.A.",10539,
"MCGILVREY, ROWLEY",10541,
MCGINLEY,15412,
MCGINLEY-SEIGLER,24864,
MCGINLEY-SIGLER,24864,
MCGINLEY & SINGLER,24864,
MCGINLEY CORP.,24863,
MCGLAUGHLIN & LYLES,24865,
MCGLOTHIN,17054,
MCGLOTHLIN,17054,
MCGLOTHLIN & LARUE,24866,
MCGLOTHLIN ET AL,24866,
"MCGLOTHLIN, W.C. ET AL",24866,
"Mcgowen Resources Co., Inc.",24867,
MCGRATH & SMITH,24868,
MCGRATH & SMITH INC.,24868,
"MCGRATH & SMITH, INC.",24868,
McGregor,17056,
MCGREGOR,17056,
"McGregor, Duncan J.",10547,
"McGregor, Duncan J.; D.B.",10547,
"McGregor, Duncan J.; Smith, Ned M.",,"McGregor, Duncan J.; Smith, Ned M."
"MCGREGOR, M.D. ET AL",10548,
"McGregor, Victor",10549,
MCGREGORY,17057,
MCGRINLEY OIL CORP.,24869,
MCGUIRE,15413,
"MCGUIRE, R.",10551,
"MCGUIRE, RUSSELL",10551,
MCHENRY,15414,
"MCHENRY, K.L.",10553,
"MCHENRY, K.L. ET AL",10553,
MCINERNEY ET AL,24870,
MCINTIRE,15415,
"Mcintire, B.",10557,
"McIntosh, William C.",10559,
MCINTYRE CO.,24871,
"McIntyre, D.",10560,
MCJUNKIN,17058,
MCKAGUE,15416,
MCKAY-DUNKIN-SHELL,24872,
"MCKAY, G.H.",10561,
"MCKAY, LESLIE",10562,
"MCKAY, LESLIE (CALIFORNIA CO)",10562,
"MCKAY, LESLIE TRUSTEE",10562,
"MCKAY, LESLIE, TRUSTEE",10562,
"MCKEAN, L.C.",10565,
MCKEE,15417,
"Mckee, C.",10566,
MCKEEN OIL CO.,24873,
MCKENNA,17059,
MCKENZIE,15418,
MCKENZIE & TAUBER,24874,
McKenzie Badame (ORCID 0000-0002-2095-4747),4475,
MCKENZIE BROTHERS,24875,
MCKENZIE DRILLING CO.,24876,
McKenzie Methane Corp.,24876,
MCKENZIE OIL CO.,24876,
MCKENZIE PETROLEUM CO.,24876,
MCKENZIE PETROLEUM CO. (PREV: T.L. JAMES & CO.),24876,
MCKINLEY-GREEN,24877,
MCKINNEY,17060,
MCKINNEY & LEONARD,24878,
"MCKINNEY, S.C.",10572,
"MCKINNEY, W.E. ET AL",10573,
"McKinney, Willard",10574,
"MCKINNLEY, EMMA",10575,
MCKINZIE,17061,
MCKINZIE BROTHERS,24879,
MCKISSIC-WESTMORLAND,24881,
MCKISSICK,17062,
MCKISSICK & SADLER,24880,
MCKNIGHT,15419,
MCKNIGHT ET AL,24882,
MCKNIGHT OIL CO.,24883,
"McKnight, E. T.",10576,
"MCLAIN, THAD",10577,
MCLAUGHLIN,15420,
MCLAUGHLIN & DEFORD,24884,
MCLAUGHLIN & POWELL,24884,
MCLAUGHLIN & RIDGE,24884,
"MCLAUGHLIN, C.T.",10579,
"MCLAUGHLIN, C.T. & COSDEN",24884,
MCLEAN,10582,
MCLEAN & TOMPKINS,24885,
MCLEAN ET AL,24886,
"MCLEAN, J R. ET AL",10584,
"MCLEAN, J.R.",10584,
"MCLEAN, J.R. & TOMPKINS, J.D.",,"MCLEAN, J.R. & TOMPKINS, J.D."
mclean@battelleecology.org,10582,
MCLELLAND CONSULTANTS,24887,
"McLendon, T.M.",10587,
mcleodg@battelleecology.org,10591,
MCLESTER,17063,
"MCLESTER, J.",10592,
MCLOFFLAND,17064,
MCM,17065,
MCMAHAN,15421,
MCMAHON,15422,
MCMAHON-BOLLINGSTRON,24888,
"MCMAHON, C.L.- SOUTHLAND",10594,
MCMAHOW,15423,
MCMANN,15424,
MCMANN & MARLAND OIL CO.,24890,
MCMANN ET AL,24890,
MCMANN OIL & GAS CO.,24889,
McMaster,24892,
MCMASTER & POMEROY,24891,
MCMASTERS & POMROY,24891,
MCMILLAN,17066,
MCMILLAN & HUNT,24893,
MCMILLAN & HUNT (DEARMAND?),24893,
MCMILLAN & KIMB,24893,
"MCMILLAN, A. E.",10600,
"McMillan, L.O.",10601,
"MCMILLAN, L.O.",10601,
"McMillan, Thomas E. and Temple, A.R.",,"McMillan, Thomas E. and Temple, A.R."
MCMILLEN,17067,
MCMILLEN-NATHAN,24895,
MCMILLEN OIL CORP.,24894,
"MCMILLEN, J.W.",10603,
MCMILLIAN,15425,
MCMODIE,17068,
MCMORAN,17069,
McMoran Exploration Co.,24896,
MCMORAN EXPLORATION CO.,24896,
MCMORDIE,15426,
MCMULLAN,15427,
MCMULLEY PETROLEUM CO.,24897,
MCMURRAY,15428,
"MCMURRAY, GEORGE W.",10604,
"MCMURRAY, R.J.",10605,
MCMURREY PETROLEUM INC.,24898,
MCMURRY,17070,
"MCMURRY, R.J. ET AL",10607,
"MCMURTREE, L. ET AL",10608,
"MCNAB, AMMAN",10609,
"McNabb, D.I. and Mayhall, C.P.",,"McNabb, D.I. and Mayhall, C.P."
mcnatt@battelleecology.org,10611,
"MCNAUGHTON, JOHN P. (EL REY PETROLEUM ?)",24899,
MCNEAL,17071,
MCNEIL,15429,
MCNEIL & B;ACKSTOCK,24900,
MCNEIL ET AL,24900,
MCNEIL PETROLEUM CO.,24901,
MCNEILL,15430,
MCNEILL & MATTHEWS,24900,
MCNEILL ET AL,24902,
McNinch_Jesse,10612,
MCOR,17072,
mcouchman@battelleecology.org,10614,
MCPHAIL ET AL,24903,
McPhail_Kerry,10615,
"McPhearson, Richard",10616,
"MCPHIL, VAN",10617,
MCQUAID,17073,
MCQUEEN,15431,
MCR OIL CO.,24904,
MCRAE,15432,
MCRAE EXPLORATION & PRODUCTION CO.,24905,
MCREA & UNITED PRODUCTION CO.,24905,
MCREA OIL & GAS,24905,
"MCROBERTS, J.J.",10619,
"MCSHANE, INC/DIAMOND DRILLING",24906,
MCSPADDEN & TOOMBS,24907,
MCSPADDEN OIL,24908,
"MCSPADDEN, C.H.",10621,
"MCSPADDEN, CECIL H.",10621,
mcumberland@battelleecology.org,10622,
mcumberland@field-ops.org,10622,
MCumberland@field-ops.org,10622,
MCWILLIAMS BROTHERS,24909,
MEAD,17074,
MEAD BROTHERS,24910,
MEAD ET AL,24911,
Mead K.,10629,
Mead Paper Co.,24912,
"MEAD, D.C.",10627,
"MEAD, E.C. ET AL",10628,
MEADCO PROPERTIES - CABOT CORP. ET AL,24913,
MEADCO PROPERTIES LTD,24914,
MEADCO PROPERTIES LTD.,24915,
"MEADER, PAUL",10630,
MEADERS ET AL,24916,
"MEADERS, PAUL",10631,
"MEADOR, T. C.",10632,
MEADORS,17075,
MEADORS-ADAIR,24917,
MEADOWS-BARTLETT-MORGAN,24918,
"MEADOWS , TOM",10636,
"MEADOWS, A.H.",10633,
"MEADOWS, FRANK JR. ET AL",10634,
Meagan Burns-murphy (ORCID 0000-0003-2593-761X),5371,
Meagan Burns-Murphy (ORCID 0000-0003-2593-761X),5371,
MEAN-HOWARD,24919,
MEANS & BASS,24920,
MEANS & MCGEHEE,24920,
MEANS & SEAL,24920,
"MEANS, J. C. JR.",10639,
"MEANS, J.C.",10639,
"MEANS, J.C. JR.",10639,
"MEANS, L.C.",10640,
MEAR-STANIFORTH,24921,
MEB OIL CO.,24922,
MEBANE & CRAWFORD & TERRY,24923,
MEBANE & MILLER,24923,
MEC,17076,
MECO PRODUCTION CO.,24924,
MECOM,17077,
MECOM-FREEPORT OIL CO.,24925,
MECOM & COCKRELL,24925,
MECOM & FREEPORT,24925,
MECOM & SKELLY,24925,
MECOM & SUN & FREEPORT,24925,
MECOM & U P CO.,24925,
MECOM PETROLEUM CO.,24926,
MECOM TRUST,24927,
"MECOM, J.W.",10643,
"MECOM, J.W. DRILLING",24928,
"MECOM, JOHN",10643,
"MECOM, JOHN W.",10643,
"MECOM, JOHN W. & ET AL",10643,
"MECOM, JOHN W. ET AL",10643,
"MECOM, JOHN W. TRUST",10643,
MECONA,17078,
MEDALLION,17079,
Medallion Exploration,24930,
MEDDERS,15433,
MEDDERS & HEDRICK,24931,
MEDDERS & ROBERTS,24931,
MEDDERS ET AL,24931,
"MEDDERS, PAUL",10644,
"MEDDERS, T.B.",10645,
"MEDDERS, T.B. - COASTAL STATES",10645,
"MEDDERS, T.B. ET AL",10645,
"MEDDERS, TOM",10646,
"MEDDERS, TOM B.",10646,
MEDFORD-BURKE,24932,
MEDFORD & BURKE,24932,
MEDFRIO OIL CO.,24933,
Medici J.,10647,
MEDINA OIL CO.,24934,
"MEDLIN, H.",10648,
medrano@battelleecology.org,10649,
MEEK,17080,
MEEK ET AL,24935,
"MEEKE, J.N.",10651,
MEEKER,17081,
MEEKER & GUPTON,24936,
"MEEKER, J.R.",10652,
"MEEKER, W. W.",10653,
"MEEKER, W.W.",10653,
Meg Sanders,12715,
Meg Thompson,13822,
"Meg Thompson, Bob Jacobi",,"Meg Thompson, Bob Jacobi"
"MEGAHAM, DON B. CO. ET AL",24937,
Megan Carter,1814,
Megan Flansburg,1686,
Megan Goodman (ORCID 0000-0001-9713-5304),7684,
Megan Herrmann (ORCID 0000-0002-0790-6855),8347,
Megan Holman (ORCID 0000-0001-7519-0636),8534,
Megan Johnson,9039,
Megan Palko,11581,
Megan Palko (ORCID 0000-0001-6493-4425),11581,
Megan Puchniak,12069,
"Megan Ulrich, Dallas Ross",,"Megan Ulrich, Dallas Ross"
"Megan Walsh, Cathy Whitlock",,"Megan Walsh, Cathy Whitlock"
MEGARGLE DRILLING,24938,
Megaw P.,10655,
Meghan Howard (ORCID 0000-0002-8169-4061),8606,
Meghan Jones,781,
"Meghan Jones, Darin Schwartz",,"Meghan Jones, Darin Schwartz"
Meghomita Das,1776,
Meieran E.,10659,
Meieran E.S.,10659,
"Meieran, E.",10659,
"Meieran, Ed",10659,
"Meinzer, O.",10661,
MEIRES SETTLEMENT,24939,
Melanie Mayes - Oak Ridge National Lab,10423,
Melanie Mayes - ORNL - Biogeochemical Processes Influencing Urban Ecosystems,10423,
MELBA,17082,
"Melekestsev, I.",10665,
MELHAM CORP.,24941,
Melia Amble (ORCID 0009-0002-7259-5333),15923,
"Melinda Higley, Jessica Conroy, Brandon Curry",,"Melinda Higley, Jessica Conroy, Brandon Curry"
Melissa Benedict (ORCID 0000-0003-2831-6405),4768,
Melissa Petty (ORCID 0000-0002-9463-8595),11816,
Melissa Pfeffer,11827,
Melissa Schwab,1087,
Melissa Schwab / Robert Hilton,,Melissa Schwab / Robert Hilton
Melissa Scruggs,1736,
Melissa Seto,12960,
Melissa Wuellner,14765,
MELLAND,17083,
MELLEN,15434,
Mellen and Gear,24942,
"Mellen, F.F. and Others",10667,
MELLON CREEK,24943,
Mellon Creek Operati,24943,
Mellon Creek Operating Co.,24943,
MELLON OIL CO.,24944,
melmore@battelleecology.org,10670,
Melonie Millett,10808,
MELROSE,17084,
"Melson, W. G.",10671,
"Melson, W. G. and Banks, H. H.",,"Melson, W. G. and Banks, H. H."
"Melson, W. G. and Fernandez, E.",,"Melson, W. G. and Fernandez, E."
"Melson, W. G. and Funk, V.",,"Melson, W. G. and Funk, V."
"Melson, W. G. and Hopson, C.",,"Melson, W. G. and Hopson, C."
"Melson, W. G. and Nielson, J.",,"Melson, W. G. and Nielson, J."
"Melson, W. G. and Saenz, R. R.",,"Melson, W. G. and Saenz, R. R."
"Melson, W. G. and Snarskis, M.",,"Melson, W. G. and Snarskis, M."
"Melson, W. G., Hopson, C., and Foley, L.",,"Melson, W. G., Hopson, C., and Foley, L."
"Melson, W. G., Hopson, C., and Saenz, R. R.",,"Melson, W. G., Hopson, C., and Saenz, R. R."
"Melson, W. G., Snarskis, M., and Saenz, R. R.",,"Melson, W. G., Snarskis, M., and Saenz, R. R."
"MELTON, JOE",10672,
"MELTON, M.",10673,
"MELTON, M.L. & LOCKE PURNELL",,"MELTON, M.L. & LOCKE PURNELL"
MELZER & HENDERSON & HANSON,24945,
MEND BROTHERS,24947,
"MENDELL, D.",10674,
Meneghini_Francesca; Moore_Casey,,Meneghini_Francesca; Moore_Casey
MENEN & JEFFERIES,24948,
"Menendez, A.",10678,
MENLOW,17086,
"MENS, R.V.",10683,
"Mensing, Piovesan, Manuel Stagni, Aldo Schettino",,"Mensing, Piovesan, Manuel Stagni, Aldo Schettino"
"Mensing, Piovesan, Manuel Stagni, Vittoria",,"Mensing, Piovesan, Manuel Stagni, Vittoria"
"Mensing, Piovesan, Michele, Jordan Palli, Marcello",,"Mensing, Piovesan, Michele, Jordan Palli, Marcello"
"Mensing, Teresa M.",10685,
mensley-field@battelleecology.org,10686,
mentzer@battelleecology.org,10687,
MENZIE ASSOCIATES,24949,
MERCEDES,17087,
MERCEDES - SINCLAIR,24950,
MERCEDES OIL & GAS CO.,24951,
"Mercer, G.F., Trustee",24952,
"MERCER, JACK",10690,
"Mercer, John H.",10691,
mercerm@battelleecology.org,10692,
MERCHANT ET AL,24953,
MERCURY PRODUCTION CO.,24954,
"Merdith Kelly, Tom Lowell",,"Merdith Kelly, Tom Lowell"
MEREDITH,17088,
MEREDITH & CLEGG & HUNT,24959,
MEREDITH & CLEGG & LUCAS,24959,
MEREDITH & CLEGG ET AL,24959,
MEREDITH & CO.,24956,
MEREDITH & HALBOUTY,24956,
MEREDITH & TRANKE,24956,
MEREDITH CLEGG & HUNT,24959,
MEREDITH CO & GULF OIL CO.,24956,
MEREDITH CO ET AL.,24956,
MEREDITH CO.,24955,
MEREDITH CO. & HALBOUTY,24956,
MEREDITH CO. ET AL,24956,
MEREDITH DRILLING,24957,
MEREDITH ET AL,24958,
"Meredith Kelly, Brenda Hall, Tom Lowell",,"Meredith Kelly, Brenda Hall, Tom Lowell"
"Meredith Kelly, Justin Stroup, Samuel Beal, Tom Lowell",,"Meredith Kelly, Justin Stroup, Samuel Beal, Tom Lowell"
"Meredith Kelly, Matt Bigl",,"Meredith Kelly, Matt Bigl"
"Meredith Kelly, Matt Bigl, A.Putman",,"Meredith Kelly, Matt Bigl, A.Putman"
"Meredith Kelly, Matt Bigl, H.Barranes, Justin Stroup",,"Meredith Kelly, Matt Bigl, H.Barranes, Justin Stroup"
"Meredith Kelly, Matt Bigl, S.Michalak, H.Barranes",,"Meredith Kelly, Matt Bigl, S.Michalak, H.Barranes"
"Meredith Kelly, Yarrow Axford, Erich Osterberg",,"Meredith Kelly, Yarrow Axford, Erich Osterberg"
Meredith Thomson (ORCID 0009-0009-6727-603X),13832,
"MEREDITH, CLEGG & HUNT ET AL",24956,
"MEREDITH, ET AL",24960,
MEREGELE ET AL,24961,
MEREGLE,17089,
MERGELE,17090,
MERGELE & WEIGEL,24962,
"MERGELE, J.E. & G.WIEGEL JR.",,"MERGELE, J.E. & G.WIEGEL JR."
MERICA OIL CO.,24963,
MERICA OIL CO. - SHELL,24964,
MERIDAN,17091,
MERIDIAN,17092,
MERIDIAN OIL,24965,
MERIDIAN OIL C0.,24965,
Meridian Oil Co.,24965,
MERIDIAN OIL CO.,24965,
MERIDIAN OIL CORP.,24965,
"Meridian Oil, Inc.",24965,
Meridian USA Corp.,24965,
"Meridith Kelly, Eric Osterberg, Yarrow Axford, Lee Corbett, Ellen Roy",,"Meridith Kelly, Eric Osterberg, Yarrow Axford, Lee Corbett, Ellen Roy"
MERIT,15435,
"Merit Energy Co. Dba Alabama Merit Energy Co., Inc.",24966,
Meritzi Pagan (ORCID 0000-0003-3491-5113),11568,
Meritzi Pagan Orengo,11567,
Meritzi Pagan/ Ingrid Ortiz,,Meritzi Pagan/ Ingrid Ortiz
MERIWEATHER,17093,
"MERIWEATHER, RALPH H. ET AL",24967,
MERLYN,17094,
MERREN,15436,
MERREN-BOND-JOHNSON,24969,
MERREN & JEFFERIES,24969,
"MERREN, KEM & W.C. MONTGOMERY",,"MERREN, KEM & W.C. MONTGOMERY"
MERRICK,15437,
MERRICK-LAMB,24970,
MERRICK & BRISTOW,24970,
MERRICK ET AL,24970,
MERRICK RANCH,24971,
Merrill L.B.,10706,
"Merrill, G. P.",10704,
"Merrill, G. P. and Phalen, W.",,"Merrill, G. P. and Phalen, W."
"Merrill, J.",10705,
MERRIN-MILLER,24972,
MERRIT ENERGY CORP.,24973,
MERRITT ET AL,24974,
MERRITT OIL CO.,24975,
"MERRITT, J. W.",10707,
"MERRIWETHER, RALPH",10708,
MERRY BROS.-PERINI,24978,
MERRY BROS.-PERINI-BELLS,24978,
MERRY BROS. & PERINI,24978,
Merry Bros. Drlg. Co.,24977,
MERRY BROTHERS,24976,
MERRY BROTHERS-PERINI,24978,
MERRY BROTHERS - PERINI,24978,
MERRY BROTHERS & PERIENI,24978,
MERRY BROTHERS & PERINI,24978,
MERRY BROTHERS ET AL,24978,
"Merry Cai, Gene Yogodzinski",,"Merry Cai, Gene Yogodzinski"
Merry Conlin (ORCID 0000-0002-5456-2901),16228,
"Merry, Edward T.",10709,
MERTZON,17096,
MERY BROS.-PERINI-FOREST,24978,
MESA,17097,
MESA PETROLEUM,24979,
MESA PETROLEUM & CONOCO,24980,
MESA PETROLEUM CO. INC.,24979,
MESABA-DULUTH OIL SYN.,24981,
mesquibel@battelleecology.org,10711,
MESQUITE,17098,
Messager Erwan,10713,
MESSENGER,17099,
"MESSENGER, C.S.",10714,
"MESSENGER, J.",10715,
"MESSENGER, JOHN",10715,
MESSER & BROM,24982,
MESSER & CAGE,24982,
"MESSER, S.M.",10716,
"MESSER, S.M. ET AL",10716,
messina@battelleecology.org,10719,
MESSINGER ET AL,24983,
"Messrs. Westbrook, Robert and John",24984,
Met Fuel Inc.,24985,
"METER, V.J.",10727,
"Metfuel, Inc.",24985,
Metger,17100,
METHANE MINERAL,24986,
METHODIST HOSPITAL,24987,
METRICK-BIGWEST,24988,
"Metz, H. L.",10729,
METZNER,17101,
METZNER & WALLACE,24989,
Meugster@battelleecology.org,10730,
MEWBOURNE OIL CO.,24990,
MEX-SINCLAIR,24998,
MEX.SINCLAIR,24991,
MEXIA-KAUFMAN OIL CO.,24994,
MEXIA FISH POND SYND.,24992,
MEXIA OIL SYND.,24993,
MEXICAN AMERICAN INDEPENDENT,24995,
MEXICAN ZINC CO.,24996,
MEXICO AMERICAN INDEPENDENT,24997,
MEYER,17102,
MEYER-SIMON,25001,
"Meyer, H.",10734,
"Meyer, Harvey",10735,
"MEYER, LEN",10737,
"MEYER, SCOTT W.",10738,
"MEYER, V/J.",10741,
MEYERS,17103,
MEYERS & SON,24999,
MEYERS ET AL,25000,
"MEYERS, J.L.",10739,
"MEYERS, J.L. & SONS",24999,
"MEYERS, JACK",10740,
"MEYERS, V.J.",10741,
MFC CORP.,25002,
mgentzkow@battelleecology.org,10742,
MGF OIL,25003,
MGF OIL CORP.,25003,
MGF OIL/AMOCO,25004,
mgourley@battelleecology.org,10743,
Mgourley@battelleecology.org,10743,
MGV DEVELOPMENT,25005,
mhartmann@field-ops.org,10744,
MHartmann@field-ops.org,10744,
MHC EXPLORATION CORP.,25006,
mhughes@field-ops.org,16720,
MIAI OIL PRODUCERS,25007,
MIAMA OPERATING CO.,25008,
MIAMI OIL PRODUCTION CO.,25008,
MIAMI OPERATING CO.,25008,
MIAMI OPERATORS,25008,
MIAMI OPR.,25008,
MIAMI PETROLEUM CO.,25008,
MIAMI PETROLEUM CO. INC.,25008,
"MIAMI PETROLEUM CO., INC.",25008,
MIAMI PRODUCTIONS,25008,
MIANI SW,25009,
MICHAEL,17104,
Michael Back,4470,
Michael Buschette,5394,
Michael Campbell (ORCID 0000-0003-4227-0482),5515,
Michael Carr (ORCID 0000-0002-7260-9320),5585,
Michael Crippen (ORCID 0000-0003-2131-612X),6153,
Michael Drlg. Co.,25010,
Michael Ellett,6869,
Michael Griffin (ORCID 0000-0002-7424-8717),7807,
Michael Hall,7973,
Michael Krick,9556,
"Michael McGlue, Michael Soreghan",,"Michael McGlue, Michael Soreghan"
Michael Mohr,10895,
"Michael Mohr, Karen Viskupic",,"Michael Mohr, Karen Viskupic"
"Michael Mohr, Karl Karlstrom",,"Michael Mohr, Karl Karlstrom"
"Michael Mohr, Karl Karlstrom, Micael Albonico",,"Michael Mohr, Karl Karlstrom, Micael Albonico"
Michael Molina (ORCID 0000-0002-5454-7533),10903,
Michael Ort,1786,
Michael P Eddy,205,
Michael Perfit,166,
Michael Phife (ORCID 0000-0001-9233-8188),11836,
Michael Philben,11838,
Michael Piotrowski (ORCID 0000-0002-4985-4248),11890,
Michael R. A. Thomson,13833,
Michael R. Sandstrom,270,
Michael Sandstrom,270,
Michael Smith,13247,
"Michael Soreghan, Michael McGlue, Joseph Lucas, Emily Ryan",,"Michael Soreghan, Michael McGlue, Joseph Lucas, Emily Ryan"
Michael Speight (ORCID 0000-0002-9759-2959),13342,
Michael Stearns,13429,
Michael Szetela (ORCID 0000-0001-6825-4902),13656,
Michael Tuite,307,
Michael Tuite/David Flannery,,Michael Tuite/David Flannery
Michael Tweiten,14010,
Michael Uffenbeck,14026,
Michael Vadman,14063,
Michael Wilkins,14579,
Michael Wizevich,14688,
Michael Zelenskii,14874,
"MICHAEL, J.S.",10747,
"MICHAEL, J.S. CO.",10747,
"Michael, P. J.",10748,
Michael_Peter,10749,
Michaela Dobson,6560,
Michaela Eugster,6974,
MICHAELS,17105,
"Michaels, C.A.",10750,
MICHAELSON ET AL,25011,
Micha? S?owi?ski,13174,
"MICHALK, SAM",10752,
MICHAUX ET AL,25012,
"MICHAUX, F.W.",10754,
"MICHAUX, FRANK (MORRIS CANNAN)",10754,
"MICHAUX, FRANK W.",10754,
MICHEAUX,15438,
MICHEAUX & BAKER,25013,
MICHEAUX & STERLING,25013,
"Michele Goman, William Guerra",,"Michele Goman, William Guerra"
Michele Lustrino,17902,
Michelle Coombs,6013,
Michelle Coombs / Liz Cottrell,,Michelle Coombs / Liz Cottrell
Michelle Harbin,8079,
Michelle Labelle,9620,
Michelle LaBelle,9620,
Michelle Lord (ORCID 0000-0003-2369-8379),10044,
Michelle Newcomer,11258,
Michelle Taylor,13716,
MICHELSON & TALBOT,25014,
"Michelson Energy, Inc.",25015,
MICHELSON OIL CO.,25015,
"MICHIEL, J.S.",10760,
MICHIGAN,28882,
MICHIGAN - TEXAS CO.,25016,
MICHIGAN & WISCONSIN PIPELINE,25017,
Michigan College Of Mines,25018,
MICHIGAN CONSOLIDATED GAS CO.,25019,
MICHIGAN OIL,25020,
Michigan Oil Co.,25020,
MICHIGAN OIL CO.,25020,
MICHOLK,17106,
micrograph,28832,
MID-AMERICAN,25027,
MID-CENTURY,25028,
MID-CONTINENT CRUDE OIL,25030,
MID-CONTINENT OIL CO.,25031,
MID-CONTINENT OIL CO. - PITCHFORK,25032,
MID-CONTINENT PETROLEUM CO.,25031,
MID-CONTINENT PETROLEUM CORP.,25033,
MID-CONTINENT PETROLEUM CORP. -  BOLIN OIL,25032,
MID-EAST OIL CO.,25036,
MID-KANSAS-BAKER-JONES,25042,
MID-KANSAS - TRANS-PECOS OIL,25042,
MID-KANSAS - TRANSCONTINENTAL,25040,
MID-KANSAS & PHILLIPS,25042,
MID-KANSAS OIL & GAS CO.,25041,
MID-KANSAS OIL & GAS INC.,25041,
Mid-South Drilling Co.,25050,
"Mid-South Drilling Co. Of Miss., Inc.",25051,
MID-SOUTH OIL CO.,25050,
"Mid-South Oil Co., Inc.",25050,
Mid-Southern Petroleum Co.,25052,
MID-STATES,25054,
MID-STATES OIL (SAMSON RES.),25055,
MID-STATES OIL CORP.,25055,
MID-STATES PETROLEUM,25056,
MID-TEX,25057,
MID-TEX GAS CO.,25057,
MID-TEX OIL CO.,25057,
MID-TEX PRODUCTION CO.,25057,
MID-TEXAS PETROLEUM CO.,25058,
MID-WEST,25061,
MID-WEST EXPLORATION CO.,25062,
MID-WEST PRODUCTION CORP.,25064,
MID-WESTERN,17107,
MID CENTURY,25023,
MID CONTINENTAL LIFE,25024,
MID EXPLORATION,25025,
MID STATES,25026,
"Midco Energy, Inc.",25029,
MIDCONTINENT OIL CO.,25031,
MIDDLETON & HAYES,25035,
MIDGARD ENERGY CO.,25037,
MIDGE OIL CO.,25038,
MIDHURST OIL - OGDEN & WHITE,25039,
MIDLAND,25043,
MIDLAND GAS CO.,25043,
MIDLAND OIL,25043,
MIDLAND OIL CO.,25043,
MIDLAND OIL CORP.,25043,
MIDLAND PRODUCTION CORP.,25045,
"MIDLAND, CITY OF",25046,
MIDROC & WATKINS,25048,
"Midroc Oil Co. and Watkins, H. Vaughan, Jr.",25048,
"Midroc Operating-Watkins, H.V.-Spooner Pet.-Sandefer Pet.",25048,
"Midroc Operating-Watkins, H.V.-Spooner Petroleum-Pruet Production",25048,
Midroc Operating Co.,25047,
"Midroc Operating Co. and Watkins, H. Vaughan, Jr.",25048,
Midroc Operating Com,25047,
Midroc Operating Company,25047,
MIDROC PETROLEUM,25049,
MIDSTATE,25053,
MIDSTATES,25054,
MIDSTATES OIL,25055,
MIDSTATES OIL CORP.,25055,
MIDWAY,25060,
MIDWAY & ROYALTY CO. (WYNNE CROSBY DRILLING),25059,
MIDWAY OIL CO.,25060,
MIDWEST,25061,
MIDWEST-TEXFORMIA OIL CO.,25063,
MIDWEST & VIKING,25063,
MIDWEST OIL,25062,
MIDWEST OIL CO.,25062,
Midwest Oil Corp.,25062,
MIDWEST OIL CORP.,25062,
MIDWEST OIL CORP. (AKA: AYCOCK & HILLIN,25063,
MIDWEST ROYALTY,25065,
MIDWEST ROYALTY CORP.,25065,
MIDWEST TEXAS OIL CO.,25066,
"MIDWEST, ET AL.",25067,
MIDWESTERN PETROLEUM,25068,
Miguel Tavares Nassif,13701,
Mihai N. Ducea,6673,
Mikaela Pulsipher,12075,
"Mikayla_Borton, James_Stegen",,"Mikayla_Borton, James_Stegen"
Mike Bara (ORCID 0000-0003-2931-6669),4556,
Mike Blum,4940,
Mike Camp (ORCID 0000-0002-8917-3340),5504,
"Mike Gracz, Paul Glaser",,"Mike Gracz, Paul Glaser"
MIKE HOGG,8502,
Mike Long (ORCID 0000-0002-4728-8983),16937,
Mike Loso,10049,
"Mike Loso, Katie Diedrich",,"Mike Loso, Katie Diedrich"
Mike Martin,441,
Mike McGlue,10544,
"Mike McGlue, Andy Cohen",,"Mike McGlue, Andy Cohen"
"Mike McGlue, James Busch, Mike Soreghan",,"Mike McGlue, James Busch, Mike Soreghan"
"Mike McGlue, Susan Zimmerman, Guileed Ali, Bailee Hodelka",,"Mike McGlue, Susan Zimmerman, Guileed Ali, Bailee Hodelka"
Mike Mohr,10895,
Mike Murphy,11139,
Mike Murray (ORCID 0009-0005-2407-368X),17162,
Mike Nielson,11301,
"Mike Petraglia, Florian Ott",,"Mike Petraglia, Florian Ott"
Mike Piotrowski (ORCID 0000-0002-4985-4248),17298,
Mike Prekopy (ORCID 0009-0005-4113-6662),12009,
Mike Prentice,12012,
Mike Sandstrom,270,
Mike Smith,13247,
Mike Ward (ORCID 0009-0003-8171-9841),14329,
Mike Wilkins,14579,
"MIKEL, M.",10764,
Mikton Oil Co.,25069,
MIKTON OIL CO.,25069,
MILAM DRILLING CO.,25070,
MILAN DRILLING CO.,25070,
"Milan Pavich, Joe Smoot, Ronald Litwin",,"Milan Pavich, Joe Smoot, Ronald Litwin"
MILDRED,17108,
MILES,17109,
MILES & FLEMING,25071,
MILES PRODUCTION,25072,
MILESTONE,15439,
MILESTONE PETROLEUM,25073,
"Milestone Petroleum,",25073,
MILHAM,17110,
MILHAM CORP.,25074,
MILHAM OIL CO. OF TEXAS,25075,
MILHAN CORP.,25076,
MILHOAN-GULF OIL CORP.,25078,
MILHOAN PRODUCTION CO.,25077,
Milica G. Radakoviƒá,12115,
MILL & BLACKMAN,25079,
MILLER,17111,
MILLER-DONZIS (SIZNOD?),25090,
MILLER-TOTAL-WISER-SIMPSON,25086,
MILLER & CORNELL,25086,
MILLER & COX,25086,
MILLER & HOUSTON,25086,
MILLER & MAYFIELD,25086,
MILLER & PIPPIN,25086,
MILLER & SCRUGGS,25086,
MILLER & SONS,25086,
MILLER & WALKER,25086,
MILLER (BANKS) OIL CO.,25085,
MILLER ALLERTON,25080,
MILLER AND FOX,25081,
MILLER BROS. OIL CO.,25083,
MILLER BROTHERS,25082,
MILLER BROTHERS & GMR,25084,
MILLER BROTHERS & NORTHERN MICHIGAN EXPLORATION,25084,
MILLER BROTHERS & TOTAL & SHELL,25084,
MILLER DRILLING CO.,25085,
Miller Drlg. Co.,25085,
MILLER ET AL,25086,
"Miller Exploration Company, Inc.",25085,
Miller F.W.,10775,
MILLER MARINE,25085,
MILLER OIL & REFINING CO.,25085,
MILLER OIL CO.,25085,
"Miller Petroleum, Inc.",25085,
MILLER ROYALTY,25085,
MILLER WELL CORP.,25087,
MILLER WELLS,25088,
"MILLER, DR.",17112,
"MILLER, ERWIN",10774,
"Miller, H.",10777,
"Miller, J.",10782,
"Miller, Julia",10786,
"MILLER, M.M.",10791,
"MILLER, M.M. & SONS",10768,
"MILLER, M.M./OKLA-TEX",25089,
"Miller, Molly F.",10794,
"Miller, R.",10796,
"MILLER, W.A. ET AL",10802,
"Miller, W.C.",10803,
"MILLER, WYNN ET AL",10804,
MILLET L,10805,
MILLION,15440,
MILLS-BENNETT,25091,
MILLS BENNETT,25091,
MILLS BENNETT ESTATE,25092,
MILLS BENNETT PRODUCING COMP.,25091,
MILLS COUNTY OIL CO.,25093,
"MILLS, HUGH",10811,
"MILLS, J B",10813,
"MILLS, JOE",10814,
"MILLS, JOE E. ET AL",10814,
MILLS. J B,10813,
"Milton, C.",10818,
MIM OIL CO.,25094,
"MIMMS, HAMMEL, & EVANS",25095,
MIMS,17113,
MIMS BROTHERS,25096,
Mina Esphahanian (ORCID 0000-0002-2637-0718),6966,
Mindy Bray,5127,
"MINERAL EXPLORATION, LTD.",25097,
MINERAL OIL CO.,25098,
MINERAL ROYALTY,25100,
MINERAL TRUST & FANT,25101,
MINERALS OF TEXAS,25103,
Minerva Oil Co.,28796,
Ming Xiao,10824,
Ming Ye,14806,
Mining Hydrology,25105,
Minister of Internal Affairs,25106,
MINNEAPOLIS OIL CO.,25108,
"Minot, Arthur",10829,
MINS.,17114,
"Minshew, Velon H.",10830,
MINTEX,25111,
MINTEX OIL CO.,25111,
MINZER,17115,
MINZER ET AL,25112,
Minzoni,17116,
Minzoni R.,10833,
"Minzoni, R.",10833,
Miquela Ingalls,1029,
Miquela Ingalls/Elizabeth Trower,,Miquela Ingalls/Elizabeth Trower
Mira Ensley-field (ORCID 0000-0003-4404-9992),6933,
MIRAMAM,15441,
MIRAMAR OIL CORP.,25113,
MIRAMONT C,10834,
Miranda Mccleaf,10480,
Miranda Mccleaf (ORCID 0000-0002-3475-1959),10480,
MIRANDA OIL CO.,25114,
Miranda Stewart (ORCID 0000-0001-6093-9384),13494,
Miranda Turner (ORCID 0009-0002-9678-9896),14001,
Miranda Turner (ORDID 0009-0002-9678-9896),14001,
MIRANDO OIL CO.,25115,
Miriam Jones,9109,
"Mirsky, Arthur",10838,
MISC. SHALLOW CORES,25117,
Mischa Seibel (ORCID 0009-0008-3130-8354),12929,
Mischka/Ohlrau,,Mischka/Ohlrau
"Miser, H.",10840,
MISS. RIVER FUEL,25123,
MISS. RIVER FUEL-HOPE NAT. GAS,25124,
MISS. RIVER FUEL-UNION PRODUCTION,25124,
MISSION DRILLING CO.,25119,
MISSION OIL CO.,25119,
"Mississippi Enmark, Inc.",25120,
Mississippi Mineral Exploration Co.,25121,
"Mississippi Resources, LLC dba MSR Operating, LLC",25122,
MISSISSIPPI RIVER FUEL,25123,
MISSISSIPPI RIVER FUEL & CALCO,25124,
MISSISSIPPI RIVER FUEL & HOPE,25124,
MISSISSIPPI RIVER FUEL CO.,25123,
MISSISSIPPI VALLEY GAS CO.,25125,
Misty Wofford (ORCID 0009-0004-9671-061X),14693,
Mitch Lyle; Itaru Koizumi,,Mitch Lyle; Itaru Koizumi
Mitch Shirey,13069,
MITCHELL,17117,
MITCHELL-ALLEN,25130,
MITCHELL-GARRETT,25130,
MITCHELL-GILLILAND-RADCLIFF,25130,
MITCHELL-SULLIVAN,25130,
MITCHELL & ASSOCIATES,25130,
MITCHELL & GRAVIS,25130,
MITCHELL & MITCHELL,25130,
MITCHELL & RUTHERFORD,25130,
MITCHELL & SCOTT,25130,
MITCHELL & SON,25130,
"Mitchell Dziekan, Tim Fisher",,"Mitchell Dziekan, Tim Fisher"
MITCHELL ENERGY,25128,
MITCHELL ENERGY CO. & P. BERRY,25130,
Mitchell Energy Corp,25128,
MITCHELL ENERGY CORP,25128,
Mitchell Energy Corp.,25128,
MITCHELL ENERGY CORP.,25128,
MITCHELL ENERGY ET AL,25130,
MITCHELL ET AL,25130,
MITCHELL INDUSTRIES,25129,
MITCHELL OIL & GAS CO.,25127,
MITCHELL RESOURCES,25131,
"Mitchell Resources, Inc.",25127,
"MITCHELL, CHRISTIE",10843,
"MITCHELL, G.",10845,
"MITCHELL, GEORGE",10845,
"MITCHELL, GEORGE & ASSOC.",10845,
"MITCHELL, GEORGE & ASSOCIATES",10845,
"MITCHELL, GEORGE & ASSOCIATES, INC.",10845,
"MITCHELL, J.",10847,
"MITCHELL, J. B.",10848,
"MITCHELL, J.R.",10846,
"MITCHELL, JOHN",10847,
"MITCHELL, JOHNNIE",10847,
"MITCHELL, M.J.",10850,
Mix-Carlton Joint Venture,25132,
Miya Ishii-Bleeker (ORCID 0000-0003-1278-5282),8800,
"Miyashiro, A.",10861,
MIZEL,17119,
"MIZEL, MORRIS",10862,
Mizell Drlg. Co.,25133,
"Mizutowicz, T.",10863,
MJ&M CONSOLIDATED,25134,
mjohnson01@battelleecology.org,10864,
mjones@neoninc.org,10865,
MK,15442,
MKB DRILLING CO.,25135,
mkeller@field-ops.org,10866,
MKelley@field-ops.org,10867,
mkerstein@neoninc.org,10868,
Mkirby@battelleecology.org,10869,
MKM,17120,
MKS,15443,
mmattox@field-ops.org,10871,
Mmcleaf@battelleecology.org,10873,
mmiller@battelleecology.org,10874,
mmillett@battelleecology.org,10875,
"MMIS, Inc.",25136,
mmugnani@field-ops.org,10876,
MNB Peterson,25137,
mnordby@field-ops.org,10877,
Mobay Storage Hub LLC,25138,
Mobico Oil Co.,25139,
Mobil,25140,
MOBIL,25140,
MOBIL - GULF,25145,
MOBIL - OCCIDENTAL,25145,
MOBIL - SOCONY,25145,
MOBIL - SOCONY (MAGNOLIA PETROLEUM),25145,
MOBIL EXPLORATION,25141,
"Mobil Exploration Co., Inc.",25141,
MOBIL OIL,25143,
MOBIL OIL CO.,25143,
MOBIL OIL CO. (MAGNOLIA),25142,
MOBIL OIL CO. (PREV: NATURAL GAS PIPELINE),25142,
MOBIL OIL CO. (SOCONY MOBIL),25142,
MOBIL OIL CO. (SOCONY),25142,
MOBIL OIL CO. INC.,25143,
Mobil Oil Corp.,25143,
MOBIL OIL CORP.,25143,
MOBIL OIL CORP. (?),25143,
MOBIL OIL CORP. (MAGNOLIA OIL CO.),25142,
MOBIL OIL CORP. (MAGNOLIA PETROLEUM CO.),25142,
MOBIL OIL CORP. (MAGNOLIA),25142,
MOBIL OIL CORP. (PREV: SOCONY MOBIL),25142,
MOBIL OIL CORP. (SOCONY-MOBIL/FULTON),25142,
MOBIL OIL CORP. (SOCONY/MAGNOLIA),25142,
MOBIL OIL CORP. SOCONY/MAGNOLIA),25142,
MOBIL OIL CORP.(PREV: SOCONY/MAGNOLIA),25142,
"Mobil Oil Exploration & Producing Southeast, Inc.",25144,
"Mobil Oil Exploration and Producing Southeast, Inc.",25144,
"Mobil Oil Explr. & Prod. Southeast, Inc.",25144,
MOBIL PRODUCING TX & NM,25146,
MOBIL PRODUCING TX & NM INC.,25146,
Mobile Drilling Co.,25147,
"Mobile Drilling Co., Inc. and Borden, S.P.",25147,
"Mobile Gulf, Inc.",25148,
"Mobile Gulf, Inc./Double Diamond Exploration, Inc.",25148,
Mobile Oil Co.,25143,
MOBILOIL CO. INC.,25143,
"MOBLEY, O.B., INC.",10880,
MOCA OIL CO.,25149,
MOCCI F,10881,
MOCO,17121,
"MODE, HENRY",10882,
Modern Drilling Co. Inc.,25150,
MODSETT & GRAHAM,25152,
MOEPSI,15444,
Moffett,17122,
"MOGFORD, R.R.",10891,
MOGUL PETROLEUM CO.,25153,
Mohamed Khedr,9337,
MOHOLE,15445,
Mohsen Mobasheri,10878,
Mohsen Mobasheri / Carlos J. Garrido,,Mohsen Mobasheri / Carlos J. Garrido
MOKEEN OIL CO.,25154,
Mokhles Azer,4465,
Molholm,17123,
Molina A.,10902,
Molly Davies,6317,
"Molly Davies, Khaldoun Ahmad",,"Molly Davies, Khaldoun Ahmad"
Molly Elmore (ORCID 0000-0003-4094-4260),6892,
"Molly McCarthy, David Fortin",,"Molly McCarthy, David Fortin"
Molly O'Brien (ORCID 0000-0002-9771-6042),11396,
Molly Paul,1695,
Molly Powers (ORCID 0000-0002-0599-3609),11993,
Molly Robinett (ORCID 0000-0002-2117-4697),12425,
molnar@battelleecology.org,10908,
"Monaeo, E.",10910,
MONARCH OIL CO.,25155,
MONCANA,17124,
"MONCREIF, W.A.",10912,
MONCRIEF,15446,
MONCRIEF & CICO OIL,25158,
MONCRIEF & PHILLIPS,25158,
MONCRIEF ET AL,25158,
MONCRIEF OIL CO.,25157,
"MONCRIEF, W.A.",10912,
"Moncrief, W.A.-Dallas Exploration, Inc.",10912,
"MONCRIEF, W.A.  (PAN AMERICAN PETROLEUM CORP.)",10912,
"MONCRIEF, W.A. & CHAMPLIN",10912,
"MONCRIEF, W.A. JR.",10912,
"Moncrief, W.A., Jr.",10912,
MONCRIFF,15447,
MONDAY,17125,
MONDAY OIL,25159,
MONDAY OIL CO (ET AL),25159,
MONDAY OIL CO ET AL,25159,
MONDAY OIL CO.,25159,
Monica Arienzo,4353,
Monika Bright,5169,
Monika Kelley (ORCID 0000-0003-0674-5356),9268,
Monique Alvarez (ORCID 0009-0009-3289-9173),15922,
Monique Kerstein,9323,
Monique Kerstein (ORCID 0000-0002-9814-2044),9323,
MONITOR,15448,
MONITOR OIL CO.,25161,
Monitor Petroleum Corp.,25162,
MONK,15449,
Monod/Pomerol,25163,
MONOZ & MARTINEZ,25164,
MONROE,15450,
MONROE PRODUCTION CO.,25165,
"MONROE, N.",10916,
MONSANTA,25166,
MONSANTO,25167,
MONSANTO & CABOT CARBON,25167,
MONSANTO & GENERAL CRUDE,25168,
MONSANTO (COMMONWEALTH OIL),25168,
MONSANTO (HANSEN MINERALS),25168,
MONSANTO (HANSON MINERALS),25168,
MONSANTO CHEMICAL CO.,25167,
MONSANTO CHEMICAL CO. ET AL,25167,
MONSANTO CHEMICALS,25167,
MONSANTO OIL CO.,25167,
MONSONTO CHEMICALS,25167,
MONTAGO,17126,
MONTAGUE,17127,
MONTAGUE OIL CO.,25169,
"MONTAGUE, FRANK",10919,
MONTAUK CORP.,25171,
MONTE,15451,
MONTE-VISA OIL CORP.,25178,
MONTE CHRISTO DRILLING,25173,
MONTE CHRISTO DRILLING (HARKINS),25173,
MONTECITO CORP.,25174,
Montell Granite Company,25175,
MONTEMAYER,17128,
MONTEREY,17129,
MONTEREY OIL CO.,25177,
MONTEREY OIL CO. ET AL,25177,
MONTERREY,15452,
MONTERRY,15453,
MONTEX,15454,
MONTEX OIL CO.,25179,
MONTEZUMA & CHINATI,25180,
MONTGOMERY,15455,
MONTGOMERY-WILLIAMS,25182,
MONTGOMERY & BUNTE,25181,
"MONTGOMERY, CARLTON & BUNTE",25181,
"Montgomery, Dr. R. L. et al",10925,
MONTICITO,15456,
MONTOUR,17130,
MONTOUR PRODUCTION CO.,25183,
MONTOYA,15457,
MONTRAY,15458,
MONTWARREN,17131,
MOODY,15459,
MOODY-PRUITT-SEAGRAVE,25185,
MOODY OIL CO.,25184,
MOODY OIL CORP.,25184,
"MOODY, M.C.",10929,
"Moody, Steven V.",10930,
MOOERS,15460,
"MOOERS, CLIFFORD",10931,
MOOK-TEX,25187,
MOOK - TEXAS CO.,25186,
"MOOKER, W.W.",10933,
"Moon-Hines-Tigrett Operating Co., Inc.",25188,
Moon & Hines,25188,
Moon and Hines,25188,
"Mooney, J.",10935,
MOORE,17132,
MOORE-AHERN,25199,
Moore-Crunk Drlg. Co.,25199,
MOORE-FIELD OIL CORP.,25199,
MOORE-GARRETT-CHAPMAN,25199,
MOORE-GILMORE,25199,
MOORE-MOORE,25199,
MOORE-NENNEY,25199,
MOORE-RITCHIE-KEEN,25199,
MOORE - GILMORE,25199,
MOORE - MCCORMICK,25199,
MOORE & AHERN,25199,
MOORE & AHERN (HOUST. NAT.GAS),25199,
MOORE & AHERN (T.J. AHERN),25199,
MOORE & AHERN (VICTORIA LAND),25199,
MOORE & AHERNE,25199,
MOORE & AULD EXPLORATION CO.,25199,
MOORE & BAKER,25199,
MOORE & BUSH,25199,
MOORE & LECUNO,25199,
MOORE & MASSINGALE,25199,
MOORE & MOORE,25199,
MOORE & OSBORN,25199,
MOORE & PAGE,25199,
MOORE & REID,25199,
MOORE & ROESER,25199,
MOORE BROTHERS,25189,
MOORE BROTHERS - OLSON DRILLING,25192,
MOORE BROTHERS CORP.,25190,
MOORE BROTHERS ET AL,25192,
MOORE BROTHERS EXPLORATION CO.,25191,
MOORE BROTHERS EXPLORATION CO. ET AL,25192,
MOORE COUNTY OIL CO.,25194,
MOORE CREEK,25195,
MOORE DEVELOPMENT CO.,25193,
MOORE ENG.,25193,
MOORE ET AL,25199,
MOORE EXPLORATION,25193,
MOORE EXPLORATION CO.,25193,
MOORE HERN,25196,
MOORE HOLLOW GROUP,25197,
"Moore McCormack Energy, Inc.",25198,
MOORE MOORE & HONDO,25199,
"MOORE, C.O.",10938,
"MOORE, DON",10943,
"MOORE, DON CO.",25193,
"MOORE, E.H.",10944,
"MOORE, E.L.",10945,
"MOORE, J. C.",10948,
"MOORE, J. ET AL",10947,
"Moore, J. G.",10949,
"MOORE, J.I. ET AL",10950,
"MOORE, J.J.",10951,
"MOORE, J.R.B.",10952,
"MOORE, J.R.B. ET AL",10952,
"MOORE, JOHN CO.",25193,
"MOORE, JOHN I.",10953,
"MOORE, JOHN T. - PAGE",10954,
"MOORE, PAUL J.",10959,
"MOORE, R.E.",10960,
"MOORE, T.C.",10962,
"MOORE, T.W.",10963,
"MOORE, THOMAS ET AL",10964,
"MOORE, VIRGIL",10965,
"Moore, W.",10966,
"MOOREHEAD, J.B.",10968,
"Moores, E. M.",10969,
MOOREVILLE,17133,
moralesg@battelleecology.org,10971,
Moran,17134,
MORAN,17134,
MORAN-BROWN,25202,
MORAN & WOODLEY PETROLEUM CO ET AL,25202,
MORAN BROTHERS,25200,
MORAN CORP.,25201,
MORAN CORP. ET AL,25202,
MORAN EXPLORATION,25201,
MORAN GAS CO. ET AL,25202,
"MORAN, P.T. ET AL",25202,
"MORAN, W.T.",10973,
"MORANTES, JULYMAR - STUDENT THESIS CORE",10974,
MORCOFF CORP.,25203,
"Moreno, F.",10979,
MORGAN,17138,
MORGAN-GIBBLE,25207,
MORGAN-GULF OIL CORP.,25207,
MORGAN - ROXANA PETROLEUM,25207,
MORGAN & ATLANTIC,25207,
MORGAN & HEAD,25207,
MORGAN & O'HEARN,25207,
MORGAN & REED,25207,
Morgan Barnes,1377,
MORGAN BROTHERS,25205,
MORGAN CORP.,25206,
MORGAN ET AL,25207,
MORGAN EXPLORATION,25206,
MORGAN EXPLORATION ET AL,25207,
Morgan Fowler (ORCID 0000-0003-2942-5873),7280,
Morgan Gentzkow (ORCID 0000-0003-4605-6512),7495,
Morgan Hadorn (ORCID 0000-0002-4414-9849),7924,
MORGAN MINERALS,25206,
MORGAN MINERALS CORP.,25206,
MORGAN OIL CO.,25206,
Morgan Oversteet (ORCID 0000-0003-0836-969X),11531,
Morgan Overstreet (ORCID 0000-0003-0836-969X),17240,
MORGAN W.F.,11005,
"MORGAN, A. O.",10985,
"MORGAN, A.D.",10984,
"MORGAN, A.O.",10985,
"MORGAN, A.O. (MORGAN MINERALS CORP.)",25207,
"MORGAN, A.O. ENTERPRISES",10985,
"MORGAN, A.O. ENTERPRISES - SOUTHERN MINERALS",25207,
"MORGAN, ARNOLD",10986,
"MORGAN, ARNOLD O.",10985,
"Morgan, B. A.",10987,
"Morgan, Buzz et al",10989,
"MORGAN, CLAUDE ET AL",10990,
"Morgan, Daniel",735,
"MORGAN, G.D.",10993,
"Morgan, Harry I. and Borden, S.P.",,"Morgan, Harry I. and Borden, S.P."
"MORGAN, IVY E.",10995,
"MORGAN, J.P.",10996,
"Morgan, Joanna and Gulick, Sean",,"Morgan, Joanna and Gulick, Sean"
"MORGAN, R.",11001,
"MORGAN, RAND",11002,
"MORGAN, T. P.",11004,
"MORGAN, W. F.",11005,
Moriah Day,6362,
MORLEY & MORLEY,25208,
MORMAC,17139,
MORNING STAR OIL & GAS CO.,25209,
"MORRE, J.C.",11010,
"Morrill, Philip",11012,
MORRIS,17140,
MORRIS & CANNON,25212,
MORRIS & NORDAN,25212,
MORRIS & SPENCER,25212,
MORRIS DRILLING,25211,
MORRIS ET AL,25212,
MORRIS OIL CO.,25211,
MORRIS ROUCH,25213,
MORRIS TRUSTEES,25214,
"Morris, Charles",11013,
"MORRIS, CHAS. F.",11014,
"MORRIS, FRED",11015,
"MORRIS, J.P. ET AL",11016,
"MORRIS, J.S. ET AL",11017,
"MORRIS, JOE",11018,
"MORRIS, LEOPOLD",11019,
"MORRIS, RAY",11020,
"MORRIS, RAY ET AL",11020,
"MORRIS, W.D.",11021,
"MORRIS, W.P.",11022,
MORRISON,17143,
MORRISON-KNUDSON,25217,
MORRISON & THOMPSON,25216,
MORRISON & THOMPSON & FAIRCHILD,25216,
MORRISON ET AL,25216,
MORRISON NORDMAN,25215,
"MORRISON, A.U.",11023,
"MORRISON, C.E.",11024,
"Morrison, J.",11025,
"MORRISON, R.B.",11026,
"MORRISON, R.W.",11027,
MORRISSEY,17144,
"MORRISSEY, J.F.",11028,
"MORRISSEY, J.F. CO.",11028,
"MORRISSEY, J.F. ET AL",11028,
MORROW,17145,
Morrow Oil & Gas Co.,25218,
Morrow Oil and Gas Co.,25218,
"Morrow Operating Co., Inc.",25218,
"Morrow, Hugh, Jr. and Odess, Lewis and Assoc.",,"Morrow, Hugh, Jr. and Odess, Lewis and Assoc."
"Morrow, W.E.",11031,
"MORSE, J.F.",11032,
"MORSE, J.F. & CO.",11032,
Mortan S. Adams,4060,
MORTAN SOUTHWEST,25219,
MORTEX OIL,25220,
MORTEX OIL CO.,25221,
"MORTIMER, C.C.",11033,
"MORTIMER, G.G.",11034,
"MORTIMER, GLENN",11035,
MORTON,17146,
MORTON & BAKER,25222,
MORTON ET AL,25222,
Morton S. Adams,4060,
"MORTON, CRAIG",11038,
"MORTON, F.C.",11040,
"MORTON, MEREL ET AL",25222,
MORTS-BEAVEN,25223,
MOSBACHER,15461,
MOSBACHER-CONTAUR,25226,
MOSBACHER-WEAVER,25226,
MOSBACHER - CONOCO,25226,
MOSBACHER - MENDELL,25226,
MOSBACHER & CITIES SERVICE,25226,
MOSBACHER & HOLMES DRILLING,25226,
MOSBACHER & HOLMES DRILLING CO.,25226,
MOSBACHER & MUSSELMAN,25226,
MOSBACHER & UNOCAL,25226,
MOSBACHER ENERGY,25225,
Mosbacher Energy Co.,25224,
MOSBACHER ENERGY CO.,25224,
MOSBACHER ENERGY CO. (SANDEFER PETROLEUM),25226,
Mosbacher Production,25224,
Mosbacher Production Co.,25224,
MOSBACHER PRODUCTION CO.,25224,
"MOSBACHER, R.",11043,
"Mosbacher, Robert",11043,
"MOSBACHER, ROBERT",11043,
"Mosbacher, Robert-Pruet, Chesley",25226,
"MOSBACHER, ROBERT (HILL & HILL ET AL)",25226,
"MOSBACHER, ROBERT ENERGY CO.",11043,
"MOSBACHER,ROBERT, ET AL",11043,
MOSBACKER & MENDELL,25226,
MOSELEY BROTHERS,25227,
"MOSER, H. J.",11046,
"MOSHBACHER, ROBERT ET AL",11043,
MOSS,17149,
MOSS-ADAMS,25234,
MOSS-JOHNSTON,25234,
MOSS-OWENS-BISHOP,25234,
MOSS-PARKER-MCCUNE,25234,
MOSS-TEX.,25234,
MOSS & BASS,25234,
MOSS & HEARD,25234,
MOSS & KEELING,25234,
MOSS & STEVENS,25234,
MOSS & TUCKER,25234,
MOSS & URSCHELL,25234,
MOSS ET AL,25234,
"MOSS, BISHOP",11050,
"MOSS, H.S.",11051,
"MOSS, H.S. ET AL",11051,
"MOSS, J.D.",11052,
"MOSS, WILLIAM PROPERTIES, INC.",25234,
"MOSS, WILLIAM T",11054,
"MOSSBACHER, ROBERT",11043,
"MOSSBACHER, ROBERT-JAYRED-TX.",11043,
MOSSER,17150,
MOSSER-SHELL OIL CO.,25235,
MOSSER - ZACHRY,25235,
"MOSSOM, STUART ET AL",11055,
"MOSTY, HARVEY",11056,
MOT OIL,25236,
MOTEX OIL CO.,25237,
Mott,17151,
Mottl_Michael; Seewald_Jeffrey; Wheat_Geoffrey,,Mottl_Michael; Seewald_Jeffrey; Wheat_Geoffrey
moultonj@battelleecology.org,11061,
MOUND,17152,
MOUND-PRAIRIE,25239,
MOUND CO.,25238,
MOUNT,15462,
MOUNTAIN FUEL & SUPPLY,25242,
MOUNTAIN FUEL SUPLY,25242,
MOUNTAIN FUEL SUPPLY,25242,
"MOURSAND, A.W.",11064,
MOUSE RIVER PARTNERSHIP,25243,
MOUTRAY,15463,
MOUTRAY-MOORE,25245,
MOUTRAY - MOORE,25245,
MOUTRAY OIL,25244,
MOUTRAY OIL CO.,25244,
MOUTRAY OIL CO. - CLANCEY,25245,
MOUTRAY OIL CO. - CLANCEY - ENGLISH,25245,
MOWINKLE,15464,
"MOWINKLE, A.S.",11067,
MOYER,17153,
Moyer_Craig,11070,
MOZELL OIL CO.,25246,
MOZOCK BROTHERS,25247,
mpeterson@battelleecology.org,11075,
mpike@battelleecology.org,11076,
mplichta@battelleecology.org,11077,
MPlichta@battelleecology.org,11077,
MPS,15465,
MPS PRODUCTION CO.,25248,
MR OIL CO. (FORMERLY (STANDARD OIL),25250,
Mr. Donald A. Swanson,13626,
Mr. Lin,9921,
mresto@field-ops.org,11078,
mrivera@neoninc.org,11079,
mrockey@neoninc.org,11080,
Mrs. Haughton et al,25251,
Mrs. Mamie Mccurry and Danciger Oil Co.,24840,
Mrussell@battelleecology.org,11081,
msanders@battelleecology.org,11082,
msanders@field-ops.org,11082,
msandifer@battelleecology.org,11083,
"MSE-TA, S.Heck, E. Buchholz",,"MSE-TA, S.Heck, E. Buchholz"
mspychala@neoninc.org,11085,
mstrickland@battelleecology.org,11088,
Mt. Carmel Drilling Co.,25252,
mtreece@battelleecology.org,11089,
Mtreece@battelleecology.org,11089,
"MUCHER, LEWIS",11093,
MUCKELRAY,17154,
"MUCKELROY, R.V.",11094,
"MUCKELROY, R.V. SR. (FRED ADAMS)",11094,
"MUCKLEROY, R.V.",11094,
MUD CREEK OIL & GAS CO.,25253,
MUDGE,17155,
MUDGE OIL CO.,25254,
MUDGE OIL CO. OF TEXAS,25254,
Mueller Oil and Gas Co.,25255,
MUENSTER OIL CO.,25256,
"Muessig, K. W.",11099,
"Muffler, L. J.",11100,
Muhammad Ouabid,11524,
"Muhammad, Ouabid / Carlos J. Garrido",,"Muhammad, Ouabid / Carlos J. Garrido"
"Muir, I.",11103,
"Mukasa, Samuel B.",11104,
MULDER thierry,13780,
MULDER Thierry,13780,
MULDOON,17156,
MULDOON KERR,25257,
MULE CREEK,25258,
MULE CREEK CO.,25258,
MULE CREEK DRILLING,25258,
MULENKOPF,15466,
MULL DRILLING CO.,25259,
"Mulligan, John J.",11109,
Mullineaux_Lauren,11111,
MULLINS & WEIL,25260,
MULLINS TRUSTEES,25261,
MULROY & CURTIN,25262,
"Munch, H.",11113,
"MUNCHISON, J.W.",11114,
"Muncy, Harold L.",11115,
"MUNDAY, J.J.",11116,
MUNDINE INV.,25263,
mundt@battelleecology.org,11117,
MUNDY ET AL,25264,
Munoco Co.,25265,
Munoco Co. L. C.,25265,
Munoco Co. L.C.,25265,
Munoz,17158,
Munoz Y.,11122,
"Munoz, Y.",11122,
"Murata, J.",11126,
"Murata, K. J.",11127,
MURBACK-HOLMBURG,25268,
MURCHINSON,25269,
MURCHISON,25270,
MURCHISON-FAIN,25271,
MURCHISON & FAIN,25271,
MURCHISON & MALLORY,25271,
MURCHISON ET AL,25271,
"MURCHISON, J. W.",11128,
"MURCHISON, J.W.",11128,
"MURCHISON, J.W. ET AL",11128,
Murco Drilling Corp.,25272,
MURDICK,17159,
Murdoch Suite,25273,
Murdoch_Sheryl,11129,
"MURDOCK, C.H.",11130,
MUREXCO,25274,
MUREXCO PETROLEUM INC.,25274,
MUREXCO.,25274,
MURFIN,15467,
MURMAK OIL CO.,25275,
MURPHY,17160,
MURPHY-BAXTER,25277,
MURPHY-DYER,25277,
MURPHY & BAXTER,25277,
MURPHY & SUN OIL CO.,25277,
MURPHY CORP.,25276,
Murphy J.W.,11137,
MURPHY OIL CO.,25276,
Murphy Oil Corp.,25276,
"Murphy Oil Corp.-Midroc Operating Co. and Watkins, H. Vaughan, Jr.",25277,
Murphy Production Co. (Inc.),25276,
"MURPHY, A.B.""TEX""",11132,
"MURPHY, C.H.",11134,
"MURPHY, C.H. & CO.",25277,
"Murphy, C.H., Jr.",11131,
"MURPHY, W.C. DRILLING",25278,
"MURPHY, W.T.",11141,
Murray,17161,
MURRAY,17161,
MURRAY-GILCHRIST,25280,
MURRAY-ICE BROTHERS,25280,
MURRAY & WHITE,25280,
Murray Allen,4186,
MURRAY ET AL,25280,
MURRAY INVESTMENT CO.,25279,
MURRAY PETR.-WESTERN,25280,
MURRAY PETROLEUM,25279,
MURRAY PETROLEUM CO.,25279,
"Murray, C. G.",11143,
"Murray, C.C., Jr.",11142,
"Murray, J.",11146,
"MURRAY, T.J.",11149,
MURRELL,15468,
Murry Drilling,28797,
MURSEN CORP.,25282,
"Murtaugh, John G",11151,
"MURTRY, MRS.",11152,
Murvin Oil Corp.,25283,
Muryat Aydin,4456,
"Museum of Mining Achmatevsk School of St Petersburg, Russia",25285,
MUSSELEM-SYLVESTER OIL CO.,25286,
MUSTANG,17164,
MUSTANG OIL,25287,
MUSTANG OIL CO.,25287,
MUSTANG PRODUCTION CO.,25287,
MUTAX,17165,
MUTH & BERRY,25288,
MUTUAL,28834,
MUTUAL OIL CO.,25289,
mviggiano@battelleecology.org,11157,
mviggiano@neoninc.org,11157,
mwenzel@battelleecology.org,11158,
mwiebe@field-ops.org,11159,
MWiebe@field-ops.org,11159,
MWJ PRODUCING,25291,
MWJ Producing Co.,25292,
MWJ Producing Co.-Moon and Hines,25292,
"MYERS-PARSONS, J.D.",25293,
"MYERS, H.H.",11161,
"Myers, J.",11162,
"MYERS, J.L.",11162,
"MYEX, INC.",25294,
Myhand Drilling Co.,25295,
MYoung@field-ops.org,11170,
MYRIN & RIDWAY ET AL,25296,
MYRIN ET AL,25297,
N Darton,6293,
N. A. O. C.,17166,
N. Causey,5652,
N. CENTRAL,28835,
N. Halbert,7953,
N. J. Radle,12123,
N. Miller,10795,
N. Pederson/C. Leland,,N. Pederson/C. Leland
N.A.R.,17167,
N.E. Jones,9110,
N.J. Martineau,10355,
N.M.C.,15469,
N.M.N.H.,15470,
n.n.,15471,
N.P.S. PRODUCTIONS,25299,
N.R.S.,15472,
NABOB OIL & GAS CO.,25300,
NABOB PRODUCTION CO.,25300,
NACADOCHES OIL & GAS CO.,25301,
NAFCO OIL & GAS,25303,
"Nagel, J.",11175,
"Nagle, F.",11177,
Nahiomy Ramos (ORCID 0000-0002-7056-2952),12146,
"NAIL, R.T.",11179,
Naish et al,25304,
NALLACE & HARGROVE,25305,
"NALLE, GEORGE",11181,
Name of the person who collected the sample.,10842,
NANA,17168,
NANCE & BAILEY,25306,
Nancy Bertler,4817,
Nancy Merino,919,
Nanxi Lu,482,
Naoto Hirano,8453,
NAPECO INC.,25310,
naring-barli@battelleecology.org,11185,
NARMCO,28775,
NARSGAKK,17169,
NASH,17171,
NASH-BEN,25314,
NASH-COOK OIL CO.,25313,
NASH & WINDFOHR,25313,
"NASH, J.P.",11191,
"Nason, Howard J.",11192,
Nat Tartamella,13692,
Natacha Sagel (ORCID 0000-0001-8880-051X),12671,
Natalie Bremers (ORCID 0009-0005-5531-2786),5139,
Natalie Breners (ORCID 0009-0005-5531-2786),16060,
Natalie Chong (ORCID 0000-0002-4224-8173),5795,
Natalie H. Raia,1118,
"Natalie Kehrwald, Dario Battistel, Dave McWethy, Amy Myrbo",,"Natalie Kehrwald, Dario Battistel, Dave McWethy, Amy Myrbo"
Natalie Leiker (ORCID 0000-0002-7118-2425),9822,
Natalie Raia,1118,
Natalie Unruh (ORCID 0009-0006-9950-5173),17681,
Nate Hofford (ORCID 0000-0003-2461-1837),8494,
"Nate Johnson, Brian Beck",,"Nate Johnson, Brian Beck"
Nate Martineau (ORCID 0000-0002-1260-7286),10356,
Nathan Cleven,5872,
Nathan Niemi,11303,
Nathan Oates (ORCID 0000-0001-9802-7698),11388,
Nathan Paris (ORCID 0000-0002-9190-7358),11610,
Nathan Rogers,12470,
"Nathan Stansell, Don Rodbell",,"Nathan Stansell, Don Rodbell"
"Nathan Stansell, Mark Abbott",,"Nathan Stansell, Mark Abbott"
Nathaniel Hofford (ORCID 0000-0003-2461-1837),16690,
NATIONAL,28776,
NATIONAL ASSOC,25316,
NATIONAL ASSOC.,25316,
National Assoc. Petroleum,25318,
NATIONAL ASSOC. PETROLEUM,25318,
NATIONAL ASSOCIATED,25316,
NATIONAL ASSOCIATED PETROLEUM,25318,
NATIONAL ASSOCIATED PETROLEUM CO.,25317,
NATIONAL ASSOCIATION PETROLEUM,25318,
National Cement Co.,25319,
NATIONAL CON OIL CO.,25322,
NATIONAL DRILLING,25323,
"National Ecological Observatory Network, United States",28798,
"National Energy Group, Inc.",25325,
NATIONAL EXPLORATION,25326,
National Geographic,25327,
NATIONAL LABORATORIES,25333,
National Museum Of Japan,25335,
NATIONAL OIL CO.,25321,
NATIONAL PARK SERVICE,25342,
NATIONAL PARK SERVICE - LAKE MERDITH,25342,
NATIONAL PETROLEUM CO.,25321,
NATIONAL PETROLEUM CO. & PATTON,25343,
NATIONAL POTASH CO.,25344,
NATIONAL REFINING CO.,25321,
NATIONAL RESOURCE MANAGEMENT CORP.,25347,
NATIONAL RESOURCE PETROLEUM,26277,
NATIONAL SECURITIES,25351,
NATIONAL SOIL SERVICE,25352,
NATL. PARK SERVICE,25342,
"Natland, J. H.",11196,
Natnael Wondera,14703,
NATOL,17172,
Natol Corp. and Love Petroleum Co.,25355,
NATOMAS,17173,
NATOMAS & NORTH AMERICAN,25356,
NATOMAS NORTH AMERICA,25356,
NATOMAS NORTH AMERICA INC.,25356,
"Natomas North America, Inc.",25356,
NATURAL,17174,
NATURAL GAS,25358,
NATURAL GAS & OIL CO.,25359,
"Natural Gas & Oil, Inc.",25359,
"Natural Gas and Oil, Inc.",25359,
NATURAL GAS CO.,25360,
NATURAL GAS CORP.,25360,
NATURAL OIL & GAS,25363,
NATURAL OIL & GAS CO.,25363,
NATURAL OIL & GAS CORP.,25363,
NATURAL PETROLEUM CO.,25364,
NATURAL RESOURCES,25365,
Naturhistoriska Riksmuseet,25367,
"Naughton, J.",11198,
NAUHOUS ET AL,25368,
"Nauvoo, LLC",25369,
NAVARRO,17175,
NAVARRO-BENNETT,25371,
NAVARRO COUNTY JR. COLLEGE,25370,
NAVARRO DRILLING CO.,25371,
NAVARRO OIL CO.,25371,
NAVARRO OIL CO.-SHELL,25371,
NAVARRO OIL CO. - HOUSTON OIL,25371,
Navia,15473,
Navia S.,11199,
Navia?,15473,
NAVIDAD,17176,
NAVIDAD CO.,25372,
NAVIDAL & DAVIDSON GEOCHEMICAL,25373,
NAVIDID OIL,25374,
Nayeli Sanchez,12708,
NAYLOR,17177,
NAYLOR OIL CO.,25375,
"NAYLOR, H.M.",11201,
"NAYLOR, JOHN W. & SULLIVAN",25376,
NAYNES BROTHERS,25377,
NAZRO,17178,
ndeweese@field-ops.org,11203,
NDRADE,17179,
NDRUS,17180,
NE TEXAS,25378,
NE TEXAS OIL CO.,25378,
Neal,15474,
NEAL & SHAW,25379,
"Neal Blair, Lonnie Leithold",,"Neal Blair, Lonnie Leithold"
NEAL ET AL,25379,
Neal Farmer,7037,
"NEAL, J. ROBERT",11206,
"NEAL, JIM ET AL",11207,
"NEAL, ROBERT",11208,
"NEAL, ROBERT INC",11208,
NEALON,17181,
"Nealy, L. L.",11211,
NEARBURG & INGHAM,25381,
NEARBURG & INGRAM,25381,
"NEARBURG, EUGENE E.",11212,
NEATHERLY,17182,
NEBO OIL CO.,25382,
Ned Sterne,13472,
"Ned Sterne, submit by M. Morgan",,"Ned Sterne, submit by M. Morgan"
NEDDERS,17183,
NEE-NO-SHE OIL CO.,25386,
NEEDHAM-BAILEY,25383,
"NEEL, W. H.",11214,
NEELD-HOOD,25384,
NEELD-WOOD,25384,
"NEELD, HOOD",25384,
NEELY,15475,
NEELY-HALBERT-JOSEY,25385,
NEELY-NEELY,25385,
"Neethling, D C",11216,
NEFF ET AL,25387,
"NEFF, C.D.",11217,
NEIL-MCDANIEL,25388,
Neil D. Opdyke,11485,
Neil Pederson,11721,
Neil Pederson/Amy Hessl,,Neil Pederson/Amy Hessl
"NEILAN, R.A. INC.",11218,
NEILSON & PALMER,25389,
NEILSON & WALKER,25389,
"NEILSON, E",11222,
"NEILSON, JOHN ET AL",11223,
"Neilson, John S.",11224,
"Neilson, John S. & Walker, W.E.",,"Neilson, John S. & Walker, W.E."
"Neilson, John S. and Walker, W.E.",,"Neilson, John S. and Walker, W.E."
NELMS,25390,
NELMS BROTHERS,25391,
Nelson,15866,
NELSON,15866,
NELSON & DROPPLEMAN,25389,
Nelson D.,11227,
NELSON DRILLING CO.,25392,
NELSON ENERGY,25392,
NELSON OIL CO.,25392,
NELSON OIL SYNDICATE,25392,
"Nelson, E.",11228,
"NELSON, E. ET AL",11228,
"Nelson, Eric P.",11230,
"NELSON, F.E.",11231,
"NELSON, J.O.",11232,
"NELSON, L.W.",11234,
"NELSON, S.",11236,
"NELSON, W.C. (& HENSHAW)",11220,
"Nelson, W.G.",11237,
"NELSON, WALTER ET AL",11238,
"Nelson, Willis H.",11239,
NENNEY & POWELL,25393,
NENNEY ET AL,25394,
NENNY,17184,
"NEPPLE, EDWARD",11243,
NERCO.,17185,
NESRAL OIL CO.,25397,
"NESSLEY, H.E.",11246,
Nestell,15476,
"NETHERLAND CAB CO., INC",25398,
"Neuerburg, G. J.",11251,
NEUHAUS-HARRSION,25399,
NEUHAUS ET AL,25399,
NEUHAUS PROPERTIES,25400,
"NEUHAUS, ET AL",25399,
"NEUHAUS, V.F.",11252,
"NEUHAUS, V.F. ET AL",11252,
NEUMAN BROTHERS & ROWAN & HOPE,25401,
"Neumin Production Co., Inc.",25402,
NEV. HENDERSON-COQUAT,25403,
NEVADA EQUITY,25404,
NEVERSUCH OIL (J.K. HUGHES),25405,
NEVERSUCH OIL CO.,25405,
"NEVILLE, W.C.",11254,
NEW BEAUMONT OIL CO.,25406,
NEW DOMAIN,25407,
NEW DOMAIN OIL CO.,25408,
New England Talc Company,25409,
NEW FRONTIER OIL & GAS,25410,
NEW IDRIA,25412,
NEW MEXICO.,28883,
New Pedrara Onyx Company,25417,
NEW PROGRESSIVE LAUNDRY,25418,
NEW SEVEN FALLS,25419,
New York-Alabama Oil Co.,25423,
NEW YORK - TEXAS LAND CO.,25420,
NEW YORK SYNDICATE,25422,
NEW YORK SYNDICATE (W.P. DUNHAM ET AL),25422,
Newberry,17186,
"Newberry, J.",11255,
NEWBLOCK OIL CO.,25424,
Newburg Drlg. Co.,25425,
NEWFIELD EXPLORATION,25427,
"Newhall, C.",559,
"Newhall, W. H.",11261,
Newkirk-Anderson Dri,25428,
"Newland, D.",11262,
"NEWLAND, J.L.",11263,
NEWMAN,17187,
NEWMAN & NOLAN,25429,
NEWMAN BROTHERS,25430,
NEWMAN BROTHERS - ATLANTIC REFINING,25431,
NEWMAN BROTHERS - JERGINS OIL CO.,25431,
NEWMAN BROTHERS & ALASKA SS CO.,25431,
NEWMAN BROTHERS ET AL,25431,
"NEWMAN, L.B.",11265,
"Newman, W.W., Trustee",11266,
NEWMONT,28836,
Newmont Coffee,25432,
"Newmont Exploration, LTD.",25433,
NEWMONT OIL CO.,25434,
NEWPORT OIL CO.,25435,
NEWPORT PETROLEUM,25435,
NEWSOM,17189,
NEWSTADT,17190,
NEWTON,17191,
NEWTON-CONROE,25437,
NEWTON & MAGNUM ET AL.,25437,
NEWTON OIL CO. (ALLAN DRILLING CO.),25436,
"NEWTON, C.C.",11268,
"Newton, H.",11269,
"NEWTON, J.I.",11270,
"NEWTON, J.I. ET AL",11270,
"NEWTON, N.D.",11271,
"NEWTON, ROBERT",11272,
"NEWTON, W.F.",11273,
"NEWTON, W.F. ET AL.",11273,
nfenster@battelleecology.org,11275,
nflannery@field-ops.org,11276,
NFR ENERGY LLC,25438,
nfuchs@battelleecology.org,11277,
"Nguyen Van Huong, Nguyen Thuy Duong, Arndt Schimmelmann, Jan Schimmelmann",,"Nguyen Van Huong, Nguyen Thuy Duong, Arndt Schimmelmann, Jan Schimmelmann"
Nic Beukes,4831,
Nic Gravley (ORCID 0009-0004-7301-0178),7762,
Nicholas Dove,611,
Nicholas Fernie,7108,
NICHOLAS OIL & GAS,25440,
Nicholas Patton,11667,
Nicholas R. Patton,17903,
Nicholas Spano,719,
Nicholas Swanson-Hysell,761,
"NICHOLL, WM. ET AL",11284,
NICHOLS,17192,
NICHOLS-ROWAN BROS,25442,
NICHOLS ET AL,25441,
"NICHOLS, C.F.",11285,
"NICHOLS, ET AL",25441,
"NICHOLS, J.W.",11286,
"NICHOLS, ROY",11289,
"NICHOLS, W.B. & ASSOC.",11291,
"NICHOLS, W.N.",11292,
Nick Arndt,1804,
Nick Baron (ORCID 0000-0001-5545-1384),4588,
"Nick Belascio, Billy D'Andrea, Rob D'Anjou",,"Nick Belascio, Billy D'Andrea, Rob D'Anjou"
Nick Bouskill,5045,
Nick Cunetta,17904,
Nick Kohl (ORCID 0009-0003-1416-0240),16841,
Nick Langlois (ORCID 0009-0008-2602-8083),16882,
Nick Miller,10795,
Nick Swanson-Hysell,761,
"Nick Toth, Kathy Schick",,"Nick Toth, Kathy Schick"
Nick Young (ORCID 0000-0003-2172-1133),14830,
Nicolai Brekenfeld,5138,
Nicol·s Cosentino,6066,
"Nicol·s Cosentino, Teresa Jordan",,"Nicol·s Cosentino, Teresa Jordan"
Nicolas Esteves,1819,
Nicole Conner,5985,
Nicole Conner (ORCID 0000-0003-0910-9523),5985,
Nicole Cosmany (ORCID 0000-0002-1163-9323),6069,
Nicole E. Moore,1024,
Nicole Fohey_Breting,5149,
Nicole Fuchs (ORCID 0000-0002-2251-7487),7376,
Nicole Havrilchak,8179,
Nicole Hoffmann,8492,
Nicole Hucke,8652,
Nicole Skinner (ORCID 0000-0002-8506-6396),13152,
NICOR,15477,
"NIEHAUS, H.W.J.",11298,
Niel Plummer,11921,
"Nielson, W.",11302,
NIEMAN,17193,
Nigel Wattrus,14370,
Nikki Seymour/John Singleton,,Nikki Seymour/John Singleton
Niklas Leicher,1214,
Nikolas Fenster (ORCID 0000-0003-2362-0002),7097,
NILACO.,17194,
NIM DRILLING CO.,25444,
Nina Bingham,4872,
Nina Williams (ORCID 0000-0001-7985-6626),14611,
NINETEEN EIGHTEEN OIL CO.,25445,
"Ning Gu, Yumei Li, Long Han and Mingqi Luo",,"Ning Gu, Yumei Li, Long Han and Mingqi Luo"
NINTEX OIL CO.,25446,
Nittrouer_Charles,11311,
Nittrouer_Charles; Ogston_Andrea,,Nittrouer_Charles; Ogston_Andrea
"Nitze, H.",11312,
NIVEN,17195,
NIVILA OIL CO.,25447,
NIX,17196,
NIX ET AL,25448,
"NIX, T.E.",11314,
NIXON,17197,
NIXON-DORE-POW,25451,
NIXON-GREENWOOD,25451,
NIXON-RICHARDS,25451,
NIXON & NEAL,25451,
NIXON BROTHERS,25449,
NIXON BROTHERS-DUTTON,25449,
NIXON DRILLING CO.,25450,
"NIXON, E.L.",11315,
"Nixon, P.",11316,
"NIXON, R.S. ET AL",11317,
nleder@field-ops.org,11319,
nmiller@field-ops.org,11320,
nmull@field-ops.org,11321,
NOACK,17198,
NOACK & MCCORMICK,25454,
Noah Fierer,7136,
Noah Zilligen (ORCID 0000-0001-7291-765X),14914,
NOBEL & BAKER,25455,
NOBEL & SMITHERMAN (SERVICE DRILLING CO.),25455,
NOBEL G F,11325,
NOBLE,15478,
NOBLE & BAKER,25455,
NOBLE & STANDARD OF TEXAS,25455,
Noble Drlg. Co.,25456,
"NOBLE, LLOYD",11327,
NOCONA GAS CO.,25457,
Noelle Tom-Wigfield,13895,
Noelle Tom-Wigfield (ORCID 0000-0001-6521-2598),13895,
"NOGEL, FELIX",15479,
NOLAN BELL OIL CO.,25458,
NOLAN OIL & GAS CO.,25458,
NOLAN RIVER,25459,
"NOLAN, B.H.",11331,
NOLEN,15480,
"Nolf, B.",11339,
"NOLTE, CLIFF CO.",25460,
"NOLTE, W.J.",11340,
NOMECO.,25461,
Nomiku,15481,
Non-metals class,25462,
None,14049,
noomah@battelleecology.org,11342,
Nooner_Scott,11344,
Nora Fried (ORCID 0000-0001-5626-5364),7350,
NORANDA,25464,
NORANDA EXPLORATION,25465,
NORANDA OIL CO.,25466,
Norbert Schorghofer,851,
NORCEN,17199,
"Norcen Explorer, Inc",25467,
NORCOFF,17200,
NORCOFF CORP.,25468,
NORDAN,17201,
NORDAN & MORRIS,25469,
NORDON & MORRIS,25469,
NOREMAC (NELSON & TUCKER OPERATORS),25470,
NORFITT,15482,
NORLEN,17202,
NORMAN,17203,
NORMAN & ROCHE,25473,
Norman Cherkis,5758,
NORMAN ET AL,25473,
Norman F. Sohl,13298,
Norman O. Frederiksen,7327,
NORMAN OIL CO.,25472,
NORMAN OIL CORP.,25472,
NORMAN OIL CORP. - CHAMPLIN,25473,
"NORMAN, C.E. ET AL",11348,
NORMANDIE OIL,25474,
NORMANDIE OIL CORP.,25474,
NORMANDIE OIL CORP. (FRANKEL),25474,
NORMANGEE CORP.,25475,
NORMEN & ROCKE,25476,
NORRIS,17204,
Norris and Beard,25477,
NORRIS ET AL,25478,
NORRIS OIL CO.,25479,
Norse Iverson (ORCID 0000-0002-1733-4950),8815,
NORSK-HYDRO PETROLEUM,25480,
NORSWORTHY,17205,
NORSWORTHY -  LONE STAR,25482,
NORSWORTHY - RADFORD,25482,
NORSWORTHY AM. LIG.,25482,
NORSWORTHY ASSOC.,25482,
NORSWORTHY ET AL,25482,
"NORSWORTHY JR., C.L.",11353,
NORSWORTHY OIL,25481,
NORSWORTHY PRODUCTION & HAWKINS & HOWELL,25482,
NORSWORTHY PRODUCTION CO.,25483,
NORSWORTHY PRODUCTION CO. ET AL,25483,
"NORSWORTHY, C.L.",11353,
"NORSWORTHY, C.L. JR.",11353,
"NORSWORTHY, C.N. JR.",11354,
NORTEX,17206,
NORTEX DRILLING CO.,25484,
NORTEX OIL & GAS,25484,
NORTEX OIL & GAS CORP.,25484,
NORTEX OIL CO.,25484,
NORTH-CENTRAL,25491,
NORTH AMERICAN,25485,
NORTH AMERICAN EXPLORATION,25486,
NORTH AMERICAN OIL CO.,25487,
North American Royal,25488,
NORTH AMERICAN ROYALTIES,25489,
NORTH AMERICAN ROYALTY,25489,
NORTH CENTRAL,25491,
NORTH CENTRAL & SOHIO,25492,
NORTH CENTRAL ET AL,25492,
NORTH CENTRAL OIL,25491,
NORTH CENTRAL OIL CO.,25491,
NORTH CENTRAL OIL CO. (BALLARD EXPLORATION),25492,
North Central Oil Corp.,25491,
NORTH CENTRAL OIL CORP.,25491,
NORTH CENTRAL OIL CORP. (PURE OIL),25492,
NORTH NATIONAL G.P.,25494,
NORTH PRUITT,25495,
NORTH RIDGE CORP.,25496,
NORTH SOUTH OIL CO.,25497,
NORTH STAR,25498,
NORTH STARR,25498,
NORTH TEXAS CANAL ROUTE,25499,
NORTH TEXAS CANOL STUDY,25499,
NORTH TEXAS SNYDICATE,25500,
north@battelleecology.org,11355,
NORTHERN MICHIGAN EXPLORATION,25504,
NORTHERN MICHIGAN EXPLORATION ET AL,25504,
NORTHERN NATURAL GAS,25505,
NORTHERN NATURAL GAS CO.,25505,
NORTHERN ORD,25506,
NORTHERN ORD.,25506,
NORTHERN ORDANANCE,25506,
NORTHERN ORDANANCE CORP.,25506,
NORTHERN ORDANCE,25506,
"NORTHERN ORDANCE, INC.",25506,
NORTHERN ORDINANCE,25506,
NORTHERN ORDNANCE,25506,
NORTHERN ORDNANCE CO.,25506,
"NORTHERN ORDNANCE, INC",25506,
"NORTHERN ORDNANCE, INC.",25506,
NORTHERN PUMP,25507,
NORTHERN PUMP-CITIES SERVICE,25509,
NORTHERN PUMP CO.,25508,
NORTHINGTON ASSOC.,25511,
NORTHLAND OPERATING,25512,
NORTHRUP ET AL,25513,
NORTHSHORE EXPLORATION,25514,
NORTHWEST,28837,
Northwest Alabama Gas District,25516,
NORTHWEST OIL,25517,
NORTHWEST OIL CO.,25517,
NORTHWEST OIL CO. (PREVIOUSLY HUMPHREYS CORP.),25517,
NORTHWEST OIL RESEARCH,25517,
NORTON,15483,
NORTON OIL CO. & V.P. GRAGE,25519,
"NORTON, MARVIN E. (PYRAMID & DARSEY)",11359,
NORWALK,17207,
NORWICH TOWNSHIP,25522,
NORWOOD,17208,
NORWOOD ET AL,25524,
NORWOOD OIL CO.,25523,
"NORWOOD, ARVIN DRILLING CO.",25524,
"NORWOOD, E.C.",11360,
"NORWOOD, JOE",11361,
"NORWOOD, O.O.",11362,
"NORWOOD, TED",11363,
"NOWERY, J.R. ET AL",11370,
NOWLIN,15484,
NOWLIN & HUDNALL,25527,
"NOWLIN, J.M.",11371,
nparis@battelleecology.org,11373,
NRM PETROLEUM,25528,
NRM PETROLEUM CORP.,25528,
nroyston@battelleecology.org,11374,
nschroeter@neoninc.org,11375,
NTNU,25471,
ntom-wigfield@battelleecology.org,11376,
NU-ENAMEL,25534,
Nu-Enamel Corp.,25535,
NU-ENAMEL OIL OPERATING CO.,25536,
NUCORP ENERGY INC.,25530,
NUCORP. ENERGY INC.,25530,
NUECES LAND CO.,25531,
NUECES OIL,25532,
NUECES ROYALTY,25533,
NUENAMEL,25534,
NUEVE,17210,
NUEVE OIL CO.,25537,
NUEVO PELROLIA,25538,
NUGGET OIL CO.,25539,
"NUHAUS, V.E.",11377,
"NUNNELLE, RAVENNA",11380,
NUTEX OIL CO.,25540,
"NUTTING, H.L.",25541,
NVandaele@field-ops.org,11382,
NYE SNELL,13289,
"NYE, STEWART",11384,
"NYSWANDER, B.F.",11385,
O'Boyle Energy Corp.,25551,
"O'Boyle, Heldt/dba Seneca Development Co. and Eaves",25552,
O'BRANNON,15487,
O'BRIEN & CLINE,25553,
O'brien Brothers,25554,
O'BRIEN BROTHERS,25554,
"O'BRIEN, G.H.",11395,
"O'BRIEN, GEORGE H.",11395,
O'BRIEN/JONES,25555,
"O'BRYAN, L.D.",11399,
O'BRYNE ET AL,25557,
"O'BYRN, ATKINSON",25556,
O'BYRNE & JENNINGS,25557,
"O'BYRNE, J.W.",11400,
O'CONEE,17217,
O'CONNER-DOME OIL-PHILLIPS,25573,
O'CONNER & ST. GERMAIN,25573,
O'CONNOR & FAIRCLOTH,25573,
"O'CONNOR, J.",11404,
"O'DAY, THAD",11407,
"O'DELL, HAUGHT & BOND",25576,
O'DONLEY,17218,
O'DONNELL,17219,
O'HARA,15494,
O'HARA ET AL,25587,
O'HAVER,17220,
"O'HERN, J.J.",11427,
O'KEEFE & COLLETT,25629,
O'MARA ET AL,25649,
"O'Meara, S.",11474,
O'MELVEHY,17227,
"O'MELVENY, J.M PRODUCTION CO.",25652,
O'NEAL,15500,
"O'NEAL, MILTON",11478,
"O'NEAL, P.K.",11479,
O'NEATHERY,17229,
O'NEIL,17230,
O'NEIL & ATKINS,25656,
O'NEIL ET AL,25656,
"O'NEIL, J.I. JR.",11481,
"O'NEIL, JOHN",11480,
"O'NEILL, J. & HANCOCK OIL",25657,
"O'Neill, J.M.",11483,
"O'NEILL, JOSEPH I. JR.",11481,
O'QUINN,15502,
O'ROURKE,17234,
"O'SHEA, W.M.",11513,
O'SULLIVAN & SCULLY,25694,
O & G CO.,25542,
O E. Anderson,4270,
O Lee,9793,
O S,17212,
"O. Ishizuka, H. Maekawa",,"O. Ishizuka, H. Maekawa"
O.G.T. & HUNT,25543,
O.I.L.,17213,
O.I.L. ENERGY,25544,
O.I.L. ENERGY-CSO,25544,
O.K. OIL CO. - F. CHAPMAN,25545,
O.P.G.,15485,
O.P.M.,17214,
"Oak Grove Resources, LLC",25546,
OAK MOSS,25547,
Oak Ridge National Lab -  Terrestrial Ecosystem Science SFA,28799,
Oak Ridge National Lab - Terrestrial Ecosystem Science SFA,28799,
OAKLAND,15486,
OAKMONT EXPLORATION CORP.,25549,
oandoe@battelleecology.org,11387,
oatesn@battelleecology.org,11388,
"OATMAN, W.W.",11389,
OBERHOLTZER,17215,
OCCIDENTAL,25558,
"OCCIDENTAL - DEERING, JOHN",25559,
OCCIDENTAL PERMIAN LTD.,25561,
Occidental Petroleum,25562,
OCCIDENTAL PETROLEUM,25562,
OCCIDENTAL PETROLEUM CORP.,25562,
OCEAN DRILLING & EXPLORATION,25563,
OCEAN ENERGY/GENERAL ATLANTIC RESOURCES,25565,
OCEAN ENERGY/GENERAL ATLANTIC RESOURCES/CHEVRON,25565,
OCEAN ENERGY/PERSIDEO/GENERAL ATLANTIC ENERGY CORP,25565,
OCEAN ENGINEERING,25566,
OCEAN ENGINEERING/CHEVRON,25567,
OCEAN OIL CO.,25569,
OCEANIC,28838,
OCEANIC ASHMUN & HILLARD,25572,
OCS-G-2409 SUN #1,25574,
ODECO,15488,
ODECO & SHELL,25575,
ODGS,15489,
"Odom, Ralph R.",11414,
Odrade NOUGUE,11364,
"ODSTRIAL, JOHN",11417,
ODYSSEY,15490,
"Odyssey Partners, Lt",25577,
"Odyssey Partners, Ltd.",25577,
OET Data Manager,25578,
OEXNER,15491,
Office of Surface Mining,25579,
OFFSHORE,28839,
OGDEN,15492,
OGDEN-DELANEY,25583,
OGDEN-SIMMONS,25583,
OGDEN & ELDER,25583,
OGDEN & KLEIN,25583,
OGDEN & REED,25583,
OGDEN & REED OIL CO.,25583,
OGDEN & WHITE,25583,
OGDEN ET AL,25582,
"OGDEN, RALPH",11419,
OGG,15493,
OGG ET AL,25584,
"Ogg, Herbert M. and Easton, H.D.",,"Ogg, Herbert M. and Easton, H.D."
"Oglesby, Marshall",11421,
"Oglesby, Marshall-Williams, R.W.",,"Oglesby, Marshall-Williams, R.W."
"Oglesby, Marshall an",11421,
"Oglesby, Marshall and Diamond, Woodson and Son",,"Oglesby, Marshall and Diamond, Woodson and Son"
"Oglesby, Marshall and Jones, R.E.",,"Oglesby, Marshall and Jones, R.E."
"Oglesby, Marshall; C",11421,
OGP Operating Inc.,25585,
"OGP Operating, Inc.",25585,
Ogston_Andrea,11423,
oh@battelleecology.org,11424,
OHIO,15495,
OHIO - MEXICAN,25589,
OHIO & KATZ,25589,
OHIO DEVELOPMENT CO.,25588,
OHIO FUEL SUPPLY CO.,25588,
OHIO OIL,25588,
OHIO OIL (MARATHON),25589,
OHIO OIL CO,25588,
OHIO OIL CO (EDWARDS),25588,
Ohio Oil Co.,25588,
OHIO OIL CO.,25588,
OHIO OIL CO. - MARATHON,25589,
OHIO OIL CO. (MARATHON),25589,
OHIO PETROLEUM CO.,25588,
OHIO RED RIVER,25590,
OHIO RED RIVER OIL CO.,25590,
OIL & CHEMICAL,25593,
OIL & GAS ASSOC.,25594,
OIL & GAS ASSOC. OF AMER,25594,
OIL & GAS FUTURES,25595,
OIL & GAS PROP. MGMT.,25597,
OIL & GAS PROPERTIES,25596,
OIL & GAS PROPERTY,25596,
OIL & GAS PROPERTY MANAGEMENT,25597,
OIL & GAS RESERVES,25598,
OIL ASSOCIATES INC,25600,
OIL BASIN,25601,
OIL CAPITAL,25602,
OIL CHEMICAL,25603,
OIL CORP. OF TEXAS,25604,
OIL CWARKED FOR CITIES SERVICE (?),25605,
OIL DEVELOPMENT CO. ET AL,25607,
OIL DEVELOPMENT CO. OF TEXAS,25606,
OIL DEVELOPMENT ET AL,25607,
OIL DRILLING,25608,
"OIL DRILLING , INC",25608,
OIL DRILLING CO.,25609,
OIL DRILLING INC,25608,
OIL DRILLING INC.,25609,
OIL DRILLING INC. (MCMURRAY/MITCHELL),25610,
OIL DRILLING INC. (SHELL),25610,
OIL ENERGY,25611,
OIL FINANCE,25612,
OIL FUTURES,25613,
OIL ISSUES CO.,25614,
OIL OPERATION,25615,
OIL OPERATORS & TRUST,25616,
OIL OPERATORS TRUST,25616,
OIL PRODUCTION,25617,
OIL PRODUCTION MAINTENANCE,25618,
OIL PROPERTIES,25619,
OIL PROPERTY MANAGMENT WILDCAT,25620,
OIL RESERVES,25621,
OIL RESERVES CO.,25621,
OIL RESERVES CORP.,25621,
OIL SHALE CORP. - SHELL OIL CO.,25622,
OIL STATES EXPLORATION CO.,25623,
OIL WELL DRILLING CO.,25624,
"Ojakangas, Richard W.",11429,
ojeda@battelleecology.org,11430,
OK ARENA OPERATING CO.,25625,
OKAY CORP.,25626,
OKLAHOMA - TEXAS ROYALTY CO.,25630,
OKLAHOMA BELL OIL CO.,25631,
OKLAHOMA CO. OF TEXAS,25632,
OKLAHOMA PRODUCTION & REFINING CO.,25633,
OKLAHOMA SOUTHLAND DRILLING & PRODUCTION CORP.,25634,
OKLAVANIA OIL CO.,25636,
OLANDER WELL,25637,
Olaya Dorado,6598,
OLD DOMINION OIL CO.,25638,
OLD OCEAN DEVELOPMENT CO.,25640,
OLDHAM,17221,
OLDHAUSEN,17222,
OLEAN OIL & GAS CO.,25642,
OLEAN PETROLEUM CO.,25642,
"Oles, R.A.",11443,
"Olga Margalef, Santiago Giralt",,"Olga Margalef, Santiago Giralt"
OLIN,15496,
OLIN & HUNT,25643,
Olin Chemical,25644,
"Olin, J.",11445,
OLIPHANT,15497,
OLIPHANT-LEWIS OIL CO.,25645,
OLIVER OIL CO.,25646,
"Oliver, Robin L.",11447,
OLIVIA,15498,
Olivia Andoe,4288,
Olivia Arnold (ORCID 0009-0003-2540-1951),4376,
Olivia Lewis (ORCID 0000-0003-2136-9037),9875,
Olivia Piscitelli,17905,
Olivia Sagarang (ORCID 0000-0001-8970-5346),12669,
Olivier Evrard,1828,
Olivier EVRARD,1828,
Olivier Evrard/German Orizaola,,Olivier Evrard/German Orizaola
olivier@battelleecology.org,11448,
Olle Hints,150,
OLLIPHANT,17224,
OLSEN,17225,
OLSEN & ANDERSON,25648,
OLSEN & JEFFERS,25648,
OLSEN DRILLING CO.,25647,
OLSEN DRILLING CO. & SKELLY OIL,25648,
"Olsen, E. J.",11454,
"OLSEN, FRED",11455,
"OLSEN, FRED INC",11455,
"OLSEN, R.",11457,
"OLSEN, R. OIL CO.",25647,
OLSON,15869,
OLSON DRILLING CO.,25647,
"OLSON, CAROL ET AL",11460,
"OLSON, R.",11465,
"OLVEY, JOHN W.",11467,
Omar Flores BeltetÛn,7206,
Omar Lopez (ORCID 0000-0002-9776-3076),10037,
Omar LÛpez (ORCID 0000-0002-9776-3076),10037,
"OMARA, JAMES F.",11469,
Omartinez@battelleecology.org,11471,
OMEARA BROTHERS,25650,
"OMEARA, M.P.",11472,
"OMEARA, R.W.",11473,
OMEARE,17226,
OMEGA MINERALS,25651,
"OMERA, ROBERT",11476,
Omitron Energy Co.,25653,
OMOHONDRO,15499,
OMOHUNDRO,17228,
OMOHUNDRO & HARVEY,25654,
"OMOHUNDRO, W.B.",11477,
ONEAK EXPLORATION CO.,25655,
"ONEILL, C.A.",11482,
ONEOK EXPLORATION,25658,
ONEY,17231,
ONG EXPLORATION INC. (CHAPPARAL ENERGY),25659,
ONYX,17232,
ONYX OIL CO.,25660,
OOLEY ET AL,25661,
OOLLAL,15501,
Open F. Usgs,27843,
OPERATOR,28840,
OPERATOR DELP (?),28841,
ORANGE,15503,
ORANGE PETROLEUM CO.,25662,
ORBIT OIL & GAS,25663,
ORBIT OIL (FORMERLY GHOLSON),25663,
ORCHARD & BIDDLE,25664,
Orcutt_Beth,11489,
"Ordonez, E",11490,
ORDOVICIAN OIL CO.,25665,
OREGON - TEXAS CO.,25666,
Oreleans Exploration,25670,
"Orheim, Olav",11493,
ORLA PETCO INC.,25673,
ORLA PETROLEUM CO. INC.,25673,
Orlando Geli (ORCID 0000-0001-7505-5389),7489,
ORMAN OIL CO.,25674,
ORMAT Technologies,25675,
ORMSBY,17233,
ORMSBY-SHELL,25676,
ORMSBY L.D.,11498,
"ORMSBY, L.D.",11498,
ORMUND BROTHERS,25677,
ORO PESO,25678,
ORR,17235,
ORR ET AL,25679,
ORR OIL CO.,25680,
"ORR, B.B.",11500,
"ORR, MILO ET AL",11501,
ortizrosa@battelleecology.org,11508,
Orvana Minerals,25681,
ORYX,17236,
ORYX - PATRICK,25683,
ORYX - SUN,25683,
Oryx Energy Co.,25682,
ORYX ENERGY CO.,25682,
OSAGE,15504,
OSAGE DRILLING CO.,25684,
OSAGE EXPLORATION CO.,25684,
Osamu Ishizuka,8803,
OSBORN,17237,
OSBORN-THOMPSON,25689,
OSBORN - HENSHAW BROTHERS,25685,
OSBORN & FLEET,25685,
OSBORN & MID-CONTINENT,25685,
OSBORN & THOMPSON,25685,
"OSBORN, W. B.",25686,
"OSBORN, W.B.",25687,
OSBORNE ET AL,25688,
osborneb@battelleecology.org,11511,
OSC&G,25690,
Oscar M. Ball,4532,
OSMOND,17239,
"OSMOND, C.H.",11514,
"OSMOND, CHAS. H.",11514,
"OSMOND, O.H.",11515,
"OSMOND, O.H. - HILL & HILL",11515,
"OSO DRILLERS, INC",25692,
OSWEGO OIL CO.,25695,
OTIS-PHILLIPS,25696,
Otis Champion,5704,
OTIS RUSSELL,12618,
"Ottens, Berthold",11522,
ouk@battelleecology.org,11527,
OUTLINE OIL CO.,25697,
"OVERSTREET, M. H. ET AL",11532,
OVERTEX REFINING CO.,25698,
Ovreas_Lise,11533,
OWEN,17241,
OWEN-SLOAN,25701,
OWEN-SNEBOLD,25701,
OWEN-WOOD,25701,
OWEN-WOOD-POO,25701,
OWEN & SLOAN,25701,
OWEN & WHITESTONE,25701,
OWEN (SUN OIL CO),25701,
Owen A. Callahan,857,
Owen Anfinson,2803,
Owen Daily (ORCID 0009-0008-4346-5074),16279,
OWEN DRILLING CO.,25699,
OWEN HAMBREE,7992,
Owen Heath,8244,
Owen K. Neill,11219,
"Owen, C.",11536,
"OWEN, G.E.",11537,
"OWEN, J.P.",11539,
"OWEN, J.P. & ET AL",11539,
"OWEN, J.P. & ET AL.",11539,
"OWEN, J.P. CO. INC.",11539,
"OWEN, J.P. ET AL.",11539,
"OWEN, J.P. JR. & ASSOC.",11534,
"OWEN, J.P. JR. & ASSOC. (PAN AMERICAN PETROLEUM)",11534,
"OWEN, J.P., ET AL",11539,
"OWEN, J.R.",11540,
"OWEN, JOHN",11538,
"OWEN, K. D.",11541,
"OWEN, P.J.",11542,
OWENBY,17242,
OWENS,15505,
OWENS-BASS-MOORE,25702,
OWENS-GRESHAM,25702,
OWENS-HUTTS,25702,
OWENS-LAMB & NEWTON,25702,
OWENS-MIDWEST-CABOT CARBON,25702,
OWENS-MOSS-ROSS,25702,
OWENS-PRESTON-COATES,25702,
OWENS-SLOAN,25702,
OWENS & CISCO,25702,
OWENS & COATES,25702,
OWENS & HALBOUTY,25702,
OWENS & MIDWEST,25702,
OWENS & RHODES,25702,
OWENS & RYAN,25702,
OWENS & SLOANS,25702,
OWENS & WILSON,25702,
OWENS DRILLING CO & HUNT,25702,
OWENS ET AL,25702,
"OWENS, J.K.",11543,
"OWENS, J.P.",11544,
"OWENS, J.P. ET AL",11539,
"OWENS, K.",11545,
"OWENS, K. M. ET AL",11546,
"OWENS, R.F.",11548,
"OWENS, SHERWOOD B.",11549,
"OWENSBY, H.B.",11550,
OWENWOOD POOL NO. THREE,25701,
OWINGS,15506,
OWL,15507,
OWNBY,25703,
OWNBY DRILLING,25703,
OWNBY DRILLING CO.,25703,
"OWNBY, H.B.",11551,
OWNER-UNKNOWN,10842,
"Oxburgh, E. R.",11552,
OXECO,15508,
OXFORD,25704,
OXFORD-STASNEY,25707,
OXFORD & STASNEY,25707,
OXFORD DRILLING,25706,
OXFORD DRILLING CO.,25706,
OXFORD DRILLING ET AL,25706,
OXFORD OIL CO.,25706,
OXY PETR.,25706,
OXY U.S.A.,25708,
OXY U.S.A. INC,25708,
OXY USA INC,25708,
"Oxy USA, Inc.",25708,
"OXY USA, INC.",25708,
OYSTER,17243,
OZONA RADAR STATION,25709,
"P & F Exploration, Ltd. & Morrow Oil & Gas Co.",25710,
"P and P Gas Resources, Inc.",25711,
P J. Harmatuk,8100,
P Leavens,9770,
P&M DRILLING - COSDEN,25712,
P&M DRILLING CO.,25712,
P&V,25713,
P.-N. Webb,14390,
P. Castillo/S. Cande,,P. Castillo/S. Cande
P. Ciesielski,5815,
P. Fryer,7373,
P. FRYER,7373,
"P. Galanis, US Geological Survey",7405,
P. Hoffman,8488,
P. Hull,8689,
P. LONSDALE,87,
P. Marmol,10313,
P. McComb,10490,
P. Perry,11774,
P. Pope,11951,
P. Rodda,12444,
P. Ruprecht,92,
P. Ruprecht/E.Lev,,P. Ruprecht/E.Lev
P. Ruprecht/P. Salas,,P. Ruprecht/P. Salas
P. Sack,12657,
P.E.O.C.,17244,
P.F.G.,17245,
P.G.& E.RESOURCES,25722,
P.G.&E. RESOURCES,25722,
P.H. Drlg. Co.,25714,
P.H.E.,15509,
P.I.E.,15510,
P.M.,17246,
P.R. BASS-PENNZOIL CO.,25715,
P.R. RUTHERFORD - HOUSTON OIL,25716,
P.S.N. PETROLEUM,25717,
P.Sack,12657,
"P.T. Robinson, R.P von Herzen",,"P.T. Robinson, R.P von Herzen"
Pablo Samaniego,12691,
PABST,17247,
PACE,25718,
PACE PETROLEUM,25718,
PACE PETROLEUM CO.,25718,
"PACE, GEORGE L.",11556,
"PACE, GEORGE L. ET AL",11556,
"PACE, J.W.",11557,
"PACE, J.W. (GOLDKING PRODUCTION CO)",11557,
"PACE, JOHN OIL",25719,
"PACE, K. & M.",25720,
PACIFIC,25721,
PACIFIC-WESTERN,25730,
PACIFIC ENTERPRISES,25721,
PACIFIC ENTERPRISES OIL CO. (HARKINS & CO.),25721,
Pacific Enterprises Oil Co. (USA),25721,
PACIFIC ENTERPRIZES,25721,
PACIFIC GAS & ELECTRIC RESOURCES,25722,
PACIFIC OIL & GAS CO.,25727,
PACIFIC PROPERTIES,25728,
PACIFIC TRANS SUPPLY,25729,
PACIFIC WESTERN,25730,
"Packard, R.",11559,
PADRE ISLAND INVESTMENT CORP.,25732,
Paduan_Jenny,1856,
"PAGE, J.R. ET AL",11569,
"Page, L.",11570,
"PAGE, PAUL",11571,
"PAGE, ROBERT",11572,
PAGENKOPE,11574,
PAGENKOPF,11574,
PAGENKOPF ET AL,11574,
"PAGENKOPF, H.A.",11574,
"PAGENKOPF, H.A. ET AL",11574,
PAGGI HEIRS,25734,
"PAGGI, CHAS. & CO.",25734,
Paige Tunby,13981,
PAILET & KOCH,25735,
PAINE,25736,
PAINE DRILLING,25736,
PAINE PRODUCTION CO.,25736,
"PAINE, J.C.",11576,
"Palais, Julie M.",11580,
PALEO,28842,
palko@battelleecology.org,11581,
PALM-WINN OIL CORP.,25749,
PALM CITY-SAN ROMAN OIL,25741,
PALM MEADOW OIL CO.,25743,
PALM OIL,25742,
PALM PET.-EDMOND FORD-CLARK,25744,
PALM PETROLEUM - E.J. FORD AND CLARK O&R,25744,
PALM PETROLEUM CO.,25742,
"PALM PETROLEUM CORP. - PAGE, PAUL",11571,
PALMER & CHENAULT,25745,
"Palmer Petroleum, Inc.",25746,
"Palmer, D. F.",11585,
"Palmer, E.",11586,
"Palmer, H. C.",11587,
"PALMER, J.E.",11589,
"PALMER, JOE",25747,
"PALMER, JOE (NANJO OIL CO.)",25747,
"PALMER, JOHN",11590,
"Palmer, John T.",11591,
"Palmer, Keith",11593,
"PALMER, R.J. ET AL",11594,
"PALMER, TOM",11596,
PALMETTO PRODUCTION CO.,25748,
"Palmieri, Michael H.",11597,
PALO BLANCO-SHELL-HOUSTON,25750,
PALO DURO OIL CO.,25751,
PALO PETROLEUM,25752,
PALO PINTO,25753,
PALO PINTO OIL CO.,25753,
Pamela J. Ellerman Lundstrom,6867,
Pamela Weisenhorn,923,
Pamela Weisenhorn / Ken Kemner,,Pamela Weisenhorn / Ken Kemner
Pan-Oak Corp.,25773,
PAN & JAE,25754,
PAN AM,28843,
PAN AM-WESTBROOK-THOMPSON,25755,
PAN AM & AMERADA,25755,
PAN AM & AUSTRAL,25755,
PAN AM & HALBOUTY,25755,
PAN AM & SUN OIL CO.,25755,
PAN AM ET AL,25755,
PAN AMERCIAN PETROLEUM CORP.,25758,
PAN AMERCIAN PETROLEUM CORP. - SHELL,25756,
PAN AMERICAN-HALBOUTY,25757,
PAN AMERICAN-RAMSEY,25757,
PAN AMERICAN-WESTBROOK-THOMPSON,25757,
PAN AMERICAN CO. (HIGHLAND),25757,
Pan American Petrole,25758,
PAN AMERICAN PETROLEUM,25758,
PAN AMERICAN PETROLEUM - HONOLULU OIL CORP.,25760,
PAN AMERICAN PETROLEUM (STANOLIND OIL & GAS),25760,
PAN AMERICAN PETROLEUM CO.,25758,
"PAN AMERICAN PETROLEUM CORP - RICHARDSON, SID INC.",25759,
PAN AMERICAN PETROLEUM CORP (WESTERN STATES GAS),25760,
Pan American Petroleum Corp.,25758,
PAN AMERICAN PETROLEUM CORP.,25758,
PAN AMERICAN PETROLEUM CORP. - HONOLULU OIL CORP.,25760,
PAN AMERICAN PETROLEUM CORP. - KNICKERBOCKER OPERATING CO.,25760,
PAN AMERICAN PETROLEUM CORP. - LANDRETH PRODUCTION,25760,
PAN AMERICAN PETROLEUM CORP. - MABEE-BLACKSTOCK,25760,
PAN AMERICAN PETROLEUM CORP. - OIL PRODUCTION MANAGEMENT,25760,
PAN AMERICAN PETROLEUM CORP. - SAMEDAN OIL,25760,
PAN AMERICAN PETROLEUM CORP. - SHELL OIL CO.,25760,
PAN AMERICAN PETROLEUM CORP. - SKELLY,25760,
PAN AMERICAN PETROLEUM CORP. - STANDARD OF TEXAS,25760,
PAN AMERICAN PETROLEUM CORP. - STANOLIND OIL & GAS,25760,
PAN AMERICAN PETROLEUM CORP. - SUN OIL CO.,25760,
PAN AMERICAN PETROLEUM CORP. - TEXAS GULF,25760,
PAN AMERICAN PETROLEUM CORP. & MOSBACHER & HUNT,25760,
PAN AMERICAN PETROLEUM CORP. & SKELLY,25760,
PAN AMERICAN PETROLEUM CORP. & STANOLIND,25760,
PAN AMERICAN PETROLEUM CORP. (AMOCO/STANOLIND),25760,
PAN AMERICAN PETROLEUM CORP. (CLINTON OIL CO.),25760,
PAN AMERICAN PETROLEUM CORP. (FORMERLY STANOLIND),25760,
PAN AMERICAN PETROLEUM CORP. (HONOLULU OIL CO.),25760,
PAN AMERICAN PETROLEUM CORP. (HONOLULU OIL CORP.),25760,
PAN AMERICAN PETROLEUM CORP. (PREV: BARNSDALL OIL CO.),25760,
PAN AMERICAN PETROLEUM CORP. (PREV: HONOLULU OIL CORP.),25760,
PAN AMERICAN PETROLEUM CORP. (PREV: STANDARD OIL & GAS),25760,
PAN AMERICAN PETROLEUM CORP. (PREV: STANOLIND OIL & GAS),25760,
PAN AMERICAN PETROLEUM CORP. (PREV: STANOLIND OIL & GAS/AMOCO),25760,
PAN AMERICAN PETROLEUM CORP. (PREV:STANOLIND),25760,
PAN AMERICAN PETROLEUM CORP. (PRIOR: HONOLULU OIL CORP.),25760,
PAN AMERICAN PETROLEUM CORP. (RUDMAN),25760,
PAN AMERICAN PETROLEUM CORP. (STANOLIND OIL & GAS CO.),25760,
PAN AMERICAN PETROLEUM CORP. (STANOLIND OIL & GAS),25760,
PAN AMERICAN PETROLEUM CORP. (STANOLIND),25760,
PAN AMERICAN PETROLEUM CORP. (W.A. MONCRIEF JR.),25760,
PAN AMERICAN PETROLEUM CORP. (W.A. MONCRIEF),25760,
"PAN AMERICAN PETROLEUM CORP. (W.A. MONCRIEF, JR.)",25760,
PAN AMERICAN PETROLEUM CORP. ET AL,25760,
"PAN AMERICAN PETROLEUM CORP.
PAN AMERICAN PETROLEUM CORP.",25758,
PAN AMERICAN PETROLEUM CORP./HONOLULU OIL CO.,25760,
PAN AMERICAN PETROLEUM CORP./HONOLULU OIL CORP.,25760,
PAN AMERICAN PETROLEUM CORP./PURE OIL CO.,25760,
PAN AMERICAN PETROLEUM CORP./TOMLINSON OIL,25760,
PAN AMERICAN PRODUCTION (SHIELDS),25762,
PAN AMERICAN PRODUCTION CO.,25761,
PAN AMERICAN PRODUCTION CO. & P.R. RUTHERFORD,25762,
PAN AMERICAN PRODUCTION CO. (STANOLIND),25762,
PAN AMERICAN/CARL KING/B-BAY PETROLEUM,25757,
PAN AMERICAN/HONOLULU OIL CORP.,25757,
PAN AMERICAN/STANOLIND/OTHERS,25757,
PAN CANADIAN,25763,
PAN CANADIAN PETROLEUM CO.,25764,
PAN OIL,25765,
PAN TEX DRILLING,25766,
PANAL,17248,
PANCANADIAN PETROLEUM CO.,25764,
PANCANADIAN PETROLEUM CO. (T.L. JAMES),25764,
PANDEM,25767,
PANDEM OIL CO.,25767,
PANDEN OIL,25767,
PANDEN OIL CO.,25767,
PANDORA OIL CO.,25768,
PANELL WELL SERVICE,25769,
PANGAEA,28844,
PANHANDLE,28845,
PANHANDLE-COUPER,25772,
PANHANDLE-MONSANTO,25772,
PANHANDLE-RANKIN,25772,
PANHANDLE EASTERN PIPELINE CO.,25771,
PANHANDLE ET AL,25772,
PANHANDLE OIL,25770,
PANHANDLE OIL & REFINING,25770,
PANHANDLE OIL & REFINING CO.,25770,
PANHANDLE OIL CO.,25770,
PANHANDLE PRODUCTION CO.,25770,
PANHANDLE REFINING CO.,25770,
pankoff@battelleecology.org,11600,
PANO-TECH,25775,
PANO TECH EXPLORATION,25776,
PANO TECH EXPLORATION CORP.,25776,
PANOMA CORP.,25774,
PANOTECH EXPLORATION CORP.,25775,
PANTEX,17250,
PANTHER PETROLEUM CO.,25777,
PANTONO,17251,
"Panttaja, Susan",11604,
PANUCO & HALBOUTY,25779,
PANUCO EXPLORATION CO.,25780,
PAPADAKAIS,15511,
PAR Minerals Corporation,25781,
PARAFFIN,17252,
PARAFFINE OIL CO.,25782,
"PARAGO-MAGUIRE, R.",25783,
PARAGON,15512,
PARAMOUNT OIL,25784,
PARAMOUNT OIL INC,25784,
"PARDI, GEORGE",11608,
"PARDO, C.L.",11609,
PARFETT,17253,
PARIS,15513,
PARIS OIL CO.,25785,
"PARIS, CITY OF",25786,
"Parish, S.",11611,
PARK & PHILLIPS,25787,
"PARK, ALLEN",11615,
"PARK, LANDA",11617,
PARKER,17254,
PARKER-MCCUNE,25789,
PARKER-MCCUNE-DAUCHY,25789,
PARKER-MCCUNE-MCDORMENT,25789,
PARKER & MCCONE,25789,
PARKER & MCCUNE,25789,
PARKER & PARSLEY,25789,
PARKER & PARSLEY & DAMSON,25789,
PARKER & PARSLEY & GRAHAM,25789,
PARKER & PARSLEY DEV.,25789,
PARKER & TENNECO.,25789,
Parker Allen (ORCID 0009-0000-1763-0664),15917,
PARKER BROS,25788,
PARKER DRILLING CO.,25788,
PARKER PET,25788,
PARKER PETROLEUM CO.,25788,
PARKER WELL,25790,
"PARKER, GEORGE",11621,
"PARKER, H.S.",11622,
"Parker, J.",11623,
"PARKER, O.H.",11624,
"PARKER, ORVILLE H.",11624,
"PARKER, R.L.",11625,
"PARKER, W.A.",11627,
"PARKER, W.T. ET AL",11628,
"Parks, J.T.",11630,
"Parmelee, David EF",11631,
"PARMLEY, T.M.",11632,
PARNELL,17255,
PARR,17256,
PARR-DELANEY,25792,
PARR & DELANEY - HAGEN & STEWART,25792,
PARR DRILLING CO.,25791,
PARR OIL CO.,25791,
PARRIOT,15514,
"PARRIOTT, F.B. ET AL",11635,
PARRIS,17257,
PARRIS CALHOUN,17258,
PARSON,15515,
PARSON NORMAN,15516,
PARSONS,15517,
PARSONS & EMBREFF,25793,
PARSONS & SMITH,25793,
PARSONS ET AL,25793,
PARSONS PETROLEUM CO.,25794,
"PARSONS, H.L.",11640,
"PARSONS, J. D.",11641,
"PARSONS, PAUL E.",11642,
"Parsons, W. H.",11643,
PARTEE DRILLING,25795,
PARTEN & HOLT,25796,
"PARTEN, J.R.",11644,
PARTRIDGE OIL CO.,25798,
Pastora Franceschi,7295,
Pat Castillo,5638,
Pat Gaetz (ORCID 0009-0003-6595-7081),16489,
Pat Heaton (ORCID 0000-0002-3462-2065),8251,
Pat Megonigal,10658,
PAT OIL CO.,25799,
PATADO OIL CO.,25800,
PATEL DRIRS,6649,
Paterno Castillo,5638,
Paterson Museum,25801,
PATILLO,17260,
PATILLO & WEBSTER,25802,
PATILLO REPUBLIC,25802,
"PATILLO, R.G.",11652,
"PATILLO, R.G. INC.",11652,
Patricia Ascanio-Pellon,4394,
Patricia Fryer,7373,
Patricia Gregg,7791,
PATRICK,17261,
PATRICK-TURELL,25804,
"Patrick Belmont, Amy Myrbo, Bear Lake Watch",,"Patrick Belmont, Amy Myrbo, Bear Lake Watch"
Patrick Carpenter (ORCID 0000-0002-6929-4954),5580,
Patrick Fields,7135,
Patrick Kelly,245,
Patrick McLaughlin,17906,
Patrick Mercier-Langevin/Jacob Hanley,,Patrick Mercier-Langevin/Jacob Hanley
Patrick MoniÈ,10913,
PATRICK PETROLEUM,25803,
PATRICK PETROLEUM CO.,25803,
Patrick Petroleum Corp.,25803,
PATRICK PETROLEUM OF MICHIGAN,25803,
Patrick Sack,12657,
Patrick Saylor,12756,
Patrick Sherrill (ORCID 0009-0005-6527-0647),13049,
"Patrick Shirey, Brian Schuetz",,"Patrick Shirey, Brian Schuetz"
"Patrick Sorensen, Eoin Brodie, Ken Williams, Susan Hubbard",,"Patrick Sorensen, Eoin Brodie, Ken Williams, Susan Hubbard"
Patrick Soucy,13325,
Patrick Sullivan,13597,
"Patrick, J.",11653,
"PATRIOT RESOURCES, INC.",25805,
"PATTEN, T. C.",11655,
PATTERSON,17262,
"PATTERSON PETROLEUM, INC.",25806,
"PATTERSON, LLOYD",11658,
"PATTERSON, W.A.",11660,
PATTILLO & SANGUINET,25807,
PATTON,15518,
PATTON ET AL,25808,
"PATTON, C.V.",11661,
"PATTON, C.V. ET AL",11661,
"PATTON, E.W.",11662,
"PATTON, H.L.",11663,
"PATTON, J.A.",11664,
"Patton, John B.",11665,
"Patton, John B.; Dawson, Thomas A.",,"Patton, John B.; Dawson, Thomas A."
"Patton, John B.; Perry, Thomas G.",,"Patton, John B.; Perry, Thomas G."
"Patton, John B.; Roberts, Carroll N.",,"Patton, John B.; Roberts, Carroll N."
"Patton, John B.; Smith, Ned M.",,"Patton, John B.; Smith, Ned M."
"PATTON, LLOYD",11666,
"PATTON, RICHARD & GREEN",25809,
"PATTONVILLE, CITY OF",25810,
PATTY & KING,25811,
PATTY ET AL,25811,
PATUCH,17264,
PAUL,17265,
Paul Bierman,4861,
"Paul Bierman, Andrea Lini",,"Paul Bierman, Andrea Lini"
"Paul Bierman, Sarah Brown, Andrea Lini",,"Paul Bierman, Sarah Brown, Andrea Lini"
Paul Blanchon,4922,
Paul D. Asimow,17907,
Paul E. Carrara,5588,
Paul F Schuster,739,
Paul F. Huddleston,8654,
Paul Fix,7180,
Paul Fleischmann (ORCID 0000-0003-3764-6924),7194,
Paul G. Schmidt,12809,
Paul Garrison,7454,
Paul Glaser,7604,
"Paul Glaser, Eville Gorham, Joannes Janssens",,"Paul Glaser, Eville Gorham, Joannes Janssens"
"Paul Glaser, Mark Shapley",,"Paul Glaser, Mark Shapley"
"Paul Glaser, Rene Dommain",,"Paul Glaser, Rene Dommain"
Paul Hanson,8073,
"Paul Hanson, Jana Phillips - Oak Ridge National Lab",,"Paul Hanson, Jana Phillips - Oak Ridge National Lab"
Paul Hearty,8240,
Paul Hoffman,8488,
Paul Kapp,767,
Paul Karabinos,9190,
Paul Kremer,9552,
Paul L. Decker,6415,
Paul Mallicoat (ORCID 0000-0002-4299-0511),10246,
Paul Mason,10372,
Paul Mayewski,10424,
Paul McKelvey,10567,
Paul Mohr,10896,
"Paul Olsen, John Geissman, Randy Irmis, Dennis Kent",,"Paul Olsen, John Geissman, Randy Irmis, Dennis Kent"
Paul Renne,12282,
Paul Siple,13140,
Paul Stone,13528,
Paul Sylvester,580,
PAUL TEAS,13730,
Paul Vallelonga,14074,
Paul Wessel,14474,
Paul Zander,14861,
"PAUL, R.C.",11671,
"Paula Noble, Laurel Stratton",,"Paula Noble, Laurel Stratton"
Paula Smith,17908,
paula@battelleecology.org,17266,
PAULET,17267,
"PAULETTE, E.C.",11675,
PAULEY,15519,
PAULEY ET AL,15520,
PAULEY PETROLEUM CO.,25812,
"PAULEY, E.W.",11676,
"PAULEY, EDIN",11676,
"PAULEY, EDWIN #2 (ATLANT. REF)",11676,
"PAULEY, EDWIN W.",11676,
Paulo Hidalgo,8389,
PAUTSKY,15521,
"PAUTSKY, N.",11680,
"Pavel Izbekov, Dan Rasmussen",,"Pavel Izbekov, Dan Rasmussen"
PAWNEE ROYALTY CO.,25813,
PAXTON-ORIENT RR,25815,
PAY OIL CORP.,25816,
PAYNE,17268,
PAYNE-BOND-SMITH,25817,
PAYNE-JOHNSON,25817,
PAYNE-JOHNSTON,25817,
PAYNE & BAND,25817,
PAYNE & BOND,25817,
PAYNE & JOHNSON,25817,
PAYNE ET AL,25817,
PAYNE ET AL.,25817,
"PAYNE, B.W.N.",11686,
"PAYNE, IOWA",25818,
"PAYNE, R.B.",11688,
"PAYNE, R.M.",11689,
"PAYNE, THOS.",11690,
"PAYNE, W.T.",11691,
"Payne, Walter",11692,
PAYTON BROTHERS,25819,
"Payton, Fred",11694,
PC OIL CO. (?),25820,
pchuckran@battelleecology.org,17269,
PDRA-JUDY CORP.,25821,
Peacock - Nuffield Collection,25822,
peacock@battelleecology.org,11697,
"PEAL, A.A. ET AL",11699,
"Peale, A. C.",11700,
Pearce J.B.,11701,
PEARCE PETROLEUM CO.,25823,
PEARL,17271,
PEARL OIL CO.,25824,
"PEARL, E.R. ET AL",11704,
PEARLAND OIL CO.,25825,
Pearse J.B.,11706,
PEARSON,15522,
PEARSON-SIBERT,25829,
PEARSON-SIBERT OIL,25829,
PEARSON-SIBERT OIL CO OF TX,25829,
PEARSON & SEIBERT,25829,
PEARSON & SIBERT,25829,
Pearson Drlg. Co.,25826,
PEARSON OIL CO.,25826,
PEARSON PROP.,25826,
"PEARSON PROP., INC",25826,
PEARSON PROPERTIES INC,25826,
PEARSON TUBING,25827,
"Pearson, Walter and Assoc.",25828,
Peavey Petroleum Co.,25830,
PECAN BAYOU OIL CO.,25831,
PECAN GAP OIL CO.,25832,
PECH OIL CO.,25833,
PECK,17272,
PECK-CROFT,25834,
PECK & CROFT,25834,
PECK ET AL,25834,
PECK SERVICE,25835,
"Peck, D. L.",11711,
"PECK, HAL C.",11712,
"Peck, John",11713,
"PECK, PENN, & RICHARDSON",25834,
PECKHAM,15523,
PECKHAM ET AL,17273,
"Peckham, S.",11715,
PECKING & DAVIS,25836,
PECKMAN,15524,
"Peco Foods, Inc.",25837,
PECOS,17274,
PECOS-ONONDAGA,25840,
PECOS COUNTY CRUDE PURCHASING CO.,25838,
PECOS VALLEY,25839,
PECOS VALLEY OIL CO.,25839,
PEDDICORD,17275,
PEDEN & OLSEN,25841,
PEDENAL OIL CO.,25842,
PEDERNAL,25842,
PEDERNAL OIL CO.,25842,
"PEDERSON, F.E.",11718,
"Pedro Zarate, W.Dˆrfler, I.Israde, O.Nelle, I.Unkel",,"Pedro Zarate, W.Dˆrfler, I.Israde, O.Nelle, I.Unkel"
Peek,15525,
PEEL-HARDEMAN,25844,
PEELER BROTHERS,25843,
Peepks Drlg. Co.,25845,
PEER OIL CO.,25846,
PEER OIL CORP.,25846,
PEERLESS-PLATEAU,25848,
PEERLESS OIL & GAS,25847,
Peerson & Morris,25849,
PEFFLEY,17276,
PEGG BROTHERS,25850,
"Pegrum, R. H.",11722,
Pekto Dimitrov,6530,
PEL-TEX,25853,
PEL-TEX & BLACK,25854,
PEL-TEX PETROLEUM CO.,25853,
PEL TEX,25853,
PEL TEX & CALLERY,25854,
Pelay Salinas de LeÛn,12682,
Pelican Production Corp.,25852,
PELTEX,25853,
PELTO,25855,
PELTO (LADD),25856,
Pelto Oil Co.,25855,
Pema Oil Co.,25857,
PEMEX,25858,
PEN ULTIME,25859,
"Pena, L",11728,
PEND O'REILLE,25860,
PEND OREILLE,25860,
PEND OREILLE OIL & GAS,25860,
PEND ORELLIE OIL & GAS CO.,25860,
PENDELE ENERGY,25861,
PENDER,17278,
PENDER ET AL,25862,
Pendleton,17279,
"PENDLETON, ROGER",11730,
"Penfield, S. L.",11731,
PENGO,15526,
PENGUIN OIL CO.,25863,
PENINSULAR OIL,25864,
"Penman Oil and Gas, Inc.",25865,
PENN,25866,
PENN-ATLANTIC,25867,
PENN-SUN,25867,
PENN-TEX DEVELOPMENT CO.,25872,
PENN-TEX OIL,25872,
PENN-TEX OIL CO.,25872,
PENN-WINDSOR-EMPIRE,25867,
PENN - TEXAS CO.,25867,
PENN & SUN OIL CO.,25867,
PENN & WINDSOR,25867,
PENN ATLANTIC,25867,
PENN CITIES OIL CO.,25867,
PENN ET AL,25867,
PENN OIL,25866,
PENN OIL CO.,25866,
PENN OIL CO.-SMITH,25867,
PENN OIL CO. - SHELL OIL CO.,25867,
PENN OIL CO. & DEVONIAN OIL,25867,
PENN OIL CORP.-FOX-WOOD,25867,
Penn State University,25870,
"PENN, G.E.",11735,
"PENN, R.R.",25868,
"PENN, R.R. ET AL",25868,
"PENN, R.R. OIL CO.",25868,
"PENN, ROBERT",11736,
"PENN, ROBERT ET AL",11736,
"PENN, ROBERT R.",11736,
PENNINGTON,17280,
"PENNINGTON, A.E.",11737,
"PENNINGTON, W.L.",11739,
PENNSYLVANIA,28884,
Pennsylvania Oil  and  Gas Co.,25869,
PENNTEX,25872,
PENNZOIL,25873,
PENNZOIL-DEPCO,25874,
"PENNZOIL-LOWE, RALPH",25874,
PENNZOIL-STRAKE,25874,
PENNZOIL & CHEVRON,25874,
PENNZOIL & UNITED,25874,
PENNZOIL (UNION),25874,
PENNZOIL CO,25873,
PENNZOIL CO.,25873,
PENNZOIL E&P CO.,25873,
PENNZOIL EXPLORATION & PRODUCTION. CO.,25873,
Pennzoil Exploration and Production Co.,25873,
Pennzoil Producing Co.,25873,
PENNZOIL SULPHUR CO.,25875,
PENNZOIL UNITED INC,25876,
PENNZOIL UNITED INC.,25876,
PENNZOIL UNITED LTD.,25876,
"Pennzoil United, Inc.",25876,
"PENNZOIL UNITED, INC.",25876,
PENOCAL PETROLEUM CO.,25877,
"PENRO, WILLIAM INC.",25878,
PENROC OIL CORP.,25879,
PENROCK,17281,
PENROE OIL,25880,
PENROSE-BANKHEAD,25881,
PENROSE-CLARK FUEL,25881,
PENROSE & BROSECO,25881,
PENROSE & MCDANIEL-BEECHERL,25881,
PENROSE & TATUM,25881,
PENROSE DRILLING CO.,25880,
PENROSE ET AL,25881,
PENROSE PRODUCTION CO.,25880,
PENROSE PRODUCTION CO. (TEXAS PACIFIC OIL),25881,
"PENROSE, INC.",25880,
"PENROSE, N.G.",11742,
"PENROSE, N.G. - SHELL OIL CO.",25881,
"PENROSE, NEVILLE G.",11742,
"PENROSE, NEVILLE G. ET AL",11742,
PENSIK WELL,28777,
PENTON & PENTON,25882,
PENTON & SAMEDAN,25882,
PENZOIL,25873,
PEOPLES OIL CO.,25883,
"Peoples, J. W.",11743,
PERENI,15527,
perezm@battelleecology.org,11754,
Perfit_Michael,166,
Perfit_Michael; Rubin_Kenneth,,Perfit_Michael; Rubin_Kenneth
PERGA ME,11758,
"Perham, Hazel",11759,
PERINI,17282,
PERINI & SANDEFER,25884,
PERINI ET AL,25884,
"PERINI, V.C. JR. ET AL",11761,
"Perk, Henry",11762,
PERKINS,15528,
PERKINS-COLLUM,25886,
PERKINS-CULLEN-ACHNINE,25886,
PERKINS-CULLUM,25886,
PERKINS-PROTHO,25886,
PERKINS-PROTHRO,25886,
PERKINS-PROTHRO CO.,25886,
PERKINS & CULLUM,25886,
PERKINS & PROTHO,25886,
PERKINS ET AL,25886,
"PERKINS, E.R.",11763,
"PERKINS, FRANK S. (FORMERLY AMERICAN LIBERTY)",11764,
"PERKINS, J.J. (SUN OIL CO.)",25886,
"PERKINS, S.",11765,
PERMAC OIL CO.,25888,
PERMAN,15529,
PERMIAN OIL CO.,25890,
PERMIAN ROYALTY CO.,25891,
PERMLEY,15530,
PEROT OIL CO.,25892,
PERRIN,17283,
PERRIN-PURE-JACKSON,25893,
PERRIN-PURE OIL CO.,25893,
PERRIN & ASSOCIATES,25893,
"PERRIN, O.J. ET AL",11769,
PERRINI,17284,
PERRON,15531,
PERRON-WHITAKER C/O ADAMS,25894,
PERRY,15532,
Perry-Baranet Oil Co.,25897,
PERRY-SUPERIOR OIL CO.,25899,
PERRY & BREEDING,25895,
Perry Jones,9112,
PERRY POUND,17285,
"PERRY, CITY OF",25896,
"Perry, J.",11771,
"PERRY, J.W.",11772,
"Perry, Thomas G.",11775,
"Perry, Thomas G.; P.R.",11775,
PERRYMAN,15533,
PERRYMAN & GREEN,25898,
"PERRYMAN, W.C.",11776,
"PERRYMAN, W.L.",11777,
"PERSON, E. P.",11778,
PERSONS & MAYFIELD,25900,
"Pessagno, E. A.",11782,
PET LARIO TEXAS AM,25901,
Pete Hollings,8527,
Pete Stelling,13454,
Pete Stelling and Alex Loyd,,Pete Stelling and Alex Loyd
"Pete Stelling, Alexander Lloyd",,"Pete Stelling, Alexander Lloyd"
"Pete Stelling, Dan Rasmussen",,"Pete Stelling, Dan Rasmussen"
Peter A. Raymond,12207,
Peter Barkmann,4576,
"Peter Barkmann, submit by M. Morgan",,"Peter Barkmann, submit by M. Morgan"
"Peter Barkmann, submit by M.Morgan",,"Peter Barkmann, submit by M.Morgan"
Peter Braddock,5089,
Peter Cliff,5873,
Peter D. Rowley,12561,
Peter Douglas,6623,
Peter Girguis,7589,
Peter Haines,7948,
Peter J. Barrett,4603,
Peter J. Haproff,1834,
Peter Jezek,8959,
Peter Johnson (ORCID 0009-0003-5407-4988),9042,
Peter Kelemen,9251,
Peter Levi,9858,
Peter Luffi,10103,
Peter Makovicky,17909,
Peter McCabe,10457,
Peter Molnar,10909,
PETER OIL AND GAS CO.,25902,
Peter Regier,12262,
Peter Stelling,13454,
Peter Vogt,14194,
Peter Weishampel (ORCID 0000-0002-8904-5568),14427,
Peter Wilf,14574,
PETERBAUGH & LAWTON,25903,
Petereit A.H.,11787,
"PETERKIN, DANIEL JR.",11788,
PETERS,17286,
"PETERS, AMOS ET AL",17287,
"PETERS, C.L.",11790,
"PETERS, CARL",11790,
"PETERS, M.G.",11793,
"Peters, Sydney",11795,
petersd@battelleecology.org,11796,
Peterson Drilling Co.,25904,
"Peterson, D. W.",11799,
"Peterson, D. W. and JCR",11799,
"PETERSON, G.B.",11800,
Peterson_Larry,11801,
petersoncw@battelleecology.org,11806,
PETESKEY OIL CO.,25905,
PETKAS CARR PETROEAL CORP.,25906,
"PETKAS, J.P.",11807,
Petko Dimitrov,6530,
"PETKOS, J.P.",11808,
Petr Baldrian,4519,
PETRE,17288,
Petro-Hunt Corp.,25915,
Petro-Lewis Corp.,25922,
"PETRO-POOL, INC.",25927,
PETRO CHALK CORP.,25907,
PETRO INC,25908,
PETRO LEWIS,25909,
PETRO LEWIS CORP.,25909,
PETROCEL,25911,
"Petrodome Operating, LLC",25912,
PETROFINA ET AL,25913,
PETROFUNDS & SUNNY SOUTH,25914,
PETROLERA DOMINICA,25916,
PETROLERA DOMINICANA,25916,
PETROLEUM,25917,
PETROLEUM CORP.,25917,
Petroleum Corp. Of Delaware,25918,
Petroleum Corp. Of Texas,25919,
PETROLEUM CORP. OF TEXAS,25919,
PETROLEUM CORP. OF TEXAS (PREV: SHELL OIL CO.),25919,
PETROLEUM CORP. OF TEXAS (SHELL OIL CO.),25919,
PETROLEUM DEV.ASSOC.,25917,
Petroleum Development Corp.,25917,
PETROLEUM DRILLING CO.,25917,
PETROLEUM EXPLORATION,25917,
PETROLEUM EXPLORATION INTERNATIONAL (PHILLIPS),25917,
PETROLEUM FINANCE CO.,25917,
PETROLEUM H & P CO.,25917,
PETROLEUM INVESTMENT CO.,25917,
PETROLEUM MANAGEMENT,25917,
PETROLEUM OIL CO.,25917,
PETROLEUM OPERATING CO.,25917,
PETROLEUM PIPELINE & STORAGE CO.,25917,
PETROLEUM PRODUCERS,25917,
PETROLEUM PRODUCTION CO.,25917,
PETROLEUM PRODUCTION INC.,25917,
PETROLEUM PROPERTY,25917,
Petroleum Services C,25917,
PETROLEUM TECH. SERVICES,25917,
PETROLEUM VENTURES,25917,
"PETROLEUM, INC",25917,
PETROLIA-BATES,25923,
PETROLINA DRILLING CORP.,25924,
PETROLITHICS,25925,
Petronela äev?Ìkov·,1772,
"PetroNova, LLC",25926,
PETROS,25928,
PETROSTAR ENERGY,25929,
PETROSTAR ENERGY & SHELL,25929,
PETROSTAR ENERY,25929,
PETROTECH,25931,
Petruncio & Weinnig,25932,
PETRUS,25933,
PETRUS OIL,25933,
PETRUS OIL CO.,25933,
"Petrus Oil Co., L.P.",25933,
"Petrus Operating Co., Inc.",25933,
PETTIGREW,17289,
PETTUS OIL & REFINING CO.,25934,
PETTY,17290,
pettyk@battelleecology.org,11817,
pettym@battelleecology.org,11818,
"PEVET, BOB ET AL",11820,
PEVETO,15534,
PEVETO-PHILLIPS-GAUS,25935,
PEVETO - STEVENS,25935,
PEVETO & BYARS,25935,
PEVETO & PHILLIPS,25935,
PEVETO & PRUITT,25935,
PEVETO ET AL,25935,
PEVETO HOWZE ET AL,25935,
"PEVETO, W.C.",11821,
PEWITT,15535,
"PEWITT, P. H.",11822,
"PEWITT, P.H.",11822,
"Pewterfork Oil and Gas, Inc.",25936,
PEYTON,17291,
Peyton & Smith,25937,
PEYTON BROTHERS,25938,
"Peyton, Fred",11824,
"Peyton, W.F.",11825,
Pfaender/Jung,15536,
"PFI, Inc.",25939,
"PFIFFNER (GATES, C.E.)",25940,
PG&E RESOURCES,25722,
PGandE Resources Co.,25722,
PGD,15537,
pgrundwald@field-ops.org,11831,
Ph.D. Erwin FRETS / Carlos. J Garrido,,Ph.D. Erwin FRETS / Carlos. J Garrido
Ph.D. Xavier LENOIR,9834,
PHALANT DELKE,6440,
"Phalen, W.",11832,
PHANTOM OIL CO.,25941,
pharnage@battelleecology.org,11833,
pharnage@neoninc.org,11833,
PHELPS,17292,
Phelps Dodge Corporation,25942,
Phetteplace T.M.,11834,
"PHIFER, C. HOWARD",11837,
"Phil Camill, Charles Umbanhowar, Cam Adams, Anna Hall, Anna Westervelt, Dan Lesser",,"Phil Camill, Charles Umbanhowar, Cam Adams, Anna Hall, Anna Westervelt, Dan Lesser"
"Phil Higeura, Tyler Hoecker",,"Phil Higeura, Tyler Hoecker"
Philip Deline,6439,
Philip Moffatt,10890,
Philipp Ruprecht,92,
Philippe Bertrand,4820,
"PHILLE, ED",11840,
Phillip Blevin,4928,
Phillip Harnage (ORCID 0000-0003-3518-7795),8105,
Phillip L Blevin,4928,
PHILLIPS-HONOLULU,25947,
PHILLIPS-PULASKI,25947,
PHILLIPS-SINCLAIR,25947,
PHILLIPS-STRINGER CO. ET AL,25947,
PHILLIPS-SUNMARK,25947,
PHILLIPS & KELLOUGH,25947,
PHILLIPS & LUCAS,25947,
PHILLIPS & ROWAN & HOPE,25947,
PHILLIPS & STEPHENS,25947,
PHILLIPS CENTRAL,25944,
PHILLIPS COAL CO.,25945,
"Phillips Energy, Inc.",25946,
PHILLIPS ET AL,25947,
PHILLIPS PETR.-INDIAN TERR.,25947,
PHILLIPS PETR. - ROWAN & HOPE,25947,
PHILLIPS PETR. (ENCINO GAS),25947,
PHILLIPS PETROLEUM,25946,
"PHILLIPS PETROLEUM-HELMERICH & PAYNE, INC.",25947,
PHILLIPS PETROLEUM - HOLIMAN,25947,
PHILLIPS PETROLEUM - KILGORE,25947,
Phillips Petroleum C,25946,
Phillips Petroleum Co.,25946,
PHILLIPS PETROLEUM CO.,25946,
PHILLIPS PETROLEUM CO. - BARNSDALL,25947,
PHILLIPS PETROLEUM CO. - GARRETT,25947,
PHILLIPS PETROLEUM CO. - MARLAND,25947,
PHILLIPS PETROLEUM CO. - PERRINI,25947,
PHILLIPS PETROLEUM CO. - PURE OIL,25947,
PHILLIPS PETROLEUM CO. - SINCLAIR OIL,25947,
PHILLIPS PETROLEUM CO. - TEXAS CO.,25947,
PHILLIPS PETROLEUM CO. (SUN OIL CO.),25947,
PHILLIPS PETROLEUM CO. ET AL,25947,
PHILLIPS PETROLEUM CORP.,25946,
"PHILLIPS,  AMIS, STARR",25947,
"PHILLIPS, A.C.",11842,
"PHILLIPS, A.D.,AMIS, & STARR",25947,
"PHILLIPS, A.O.",11843,
"PHILLIPS, A.O.-AMIS-STARR",25948,
"PHILLIPS, A.O. ESTATE",11843,
"PHILLIPS, A.W.",11844,
"PHILLIPS, B.F.",11841,
"PHILLIPS, B.F. JR.",11841,
"PHILLIPS, E.H.",11846,
"PHILLIPS, H.",11847,
"PHILLIPS, H.H. MRS.",11847,
"PHILLIPS, J.G.",11849,
"PHILLIPS, J.R.",11850,
"PHILLIPS, JACK L.",11851,
"PHILLIPS, R.H.",11854,
"PHILLIPS, RICHARD",11855,
"PHILLIPS, V.B.",11856,
PHILLIPS. HARRY S.,11857,
PHILTOP,17293,
PHODES,17294,
Phoebe Dunbar (ORCID 0000-0002-5082-0723),6696,
PHOENIX,17295,
"Phoenix Co., The",25949,
PHOENIX FUNA INC,25950,
PHOENIX FUND INC.,25950,
PHOENIX RESERVOIRS,25951,
"Phoenix Resources-Alabama, LLC",25952,
Pia Viglietti,11859,
Picard,17296,
PICHINSON-STEWART,25953,
PICKENS CO.,25954,
"PICKENS, R.H.",11862,
"PICKENS, W. L.",11863,
"PICKENS, W.B.",11864,
"PICKENS, W.L.",11863,
PICKETT,15538,
PICKETT ET AL,11865,
"PICKETT, ET AL",11865,
"PICKETT, J.S. ET AL",11865,
PICO DRILLING - TAYLOR OIL,25955,
PICO DRILLING CO.,25956,
PIERCE,15539,
PIERCE & DAVIS 67 LTD.,25957,
PIERCE EST.,25958,
pierced@battelleecology.org,11870,
Pierre-Alexis Chaboche,1744,
Pierre Pellenard,11724,
Pierre Pellenard/Isabel vanWaveren,,Pierre Pellenard/Isabel vanWaveren
PIERSON,15540,
PIERSON-SEIBERT,25959,
PIERSON & SEIBERT,25959,
PIERSON & SIBERT,25959,
Piet Verburg,14140,
"Pietra Mueller, Eric Grimm",,"Pietra Mueller, Eric Grimm"
PIGG & DAVIS,25960,
PIGGOT-JOHNSON,25961,
"Pilcher, J.",11874,
PILCO,17297,
Pilipenko V.,11875,
"Pillmore, C. and Shoemaker, C. S.",,"Pillmore, C. and Shoemaker, C. S."
PILOT CREEK OIL & GAS CO.,25962,
PILOT KNOB,28846,
PILOT OIL CO.,25963,
PINAL DOME OIL CO.,25964,
Pinch W.W.,11878,
Pinchare,15541,
"Pinckney, D. M.",11879,
PINE GROVE OIL CO. ET AL,25965,
PINE HILL OIL CO.,25966,
PINE OIL CO.,25967,
"PINION, D.E.",11882,
"PINKERTON, R. O.",11883,
"PINNER, C.J.",11885,
"PINNER, J.C.",11886,
"PINNINGTON, C.B. ET AL.",11887,
PINTO LEWIS CORP.,25968,
PIONEER,28847,
PIONEER & AMPOC,25969,
PIONEER DEVELOPMENT CO.,25970,
PIONEER DRILLING CO.,25970,
PIONEER EXPLORATION CO.,25970,
PIONEER NATURAL RESOURCES,25970,
PIONEER NATURAL RESOURCES (PARKER & PARSLEY),25972,
PIONEER NUCLEAR CORP.,25971,
PIONEER NUCLEAR INC,25971,
PIONEER OIL CO.,25970,
PIONEERS CONSOLIDATED PETROLEUM CO.,25973,
piotrowski@battelleecology.org,11889,
PIPER,17299,
PIPER PETROLEUM CO.,25974,
PIPPIN OIL CO.,25975,
"PIPPIN, J.W. ET AL",11893,
"Pirrit, John",11896,
"PIRSON, S.J.",11897,
"Pirsson, L. V.",11898,
PISTON HILL OIL CO.,25976,
"Pistone, M.",11899,
"PITCOCK, LEWIS ET AL",11901,
PITKIN-GOLDSTON OIL CO.,25978,
PITKIN CO.,25977,
PITTMAN,17300,
PITTMAN - ADKINS,25979,
PITTMAN & ATKINS,25979,
PITTMAN & COX,25979,
"PITTMAN, J.S.",11904,
PITTS-OIL DALLAS PRODUCTION INC.,25981,
PITTS OIL CO.,25980,
PITTS POIL CO. (DALLAS PROD.?),25981,
"PITTS, A. OIL CO.",25980,
PITZER-WEST,25982,
PITZER-WEST-LION,25982,
PITZER & WEST,25982,
pkulakowski@field-ops.org,11909,
PKulakowski@field-ops.org,11909,
PL-SKIPPER,17303,
PLACER DOME U.S. INC.,25983,
"PLACER DOME, U.S. INC",25983,
"PLACER DOME,U.S.INC",25983,
PLACID,25984,
PLACID-MCFARLANE,25985,
PLACID - TEXAS CO.,25985,
PLACID & MCDERMOTT,25985,
PLACID & PAM AM,25985,
PLACID & SOUTHDOWNS SUGARS,25985,
PLACID & SUN,25985,
PLACID OIL,25984,
Placid Oil Co.,25984,
PLACID OIL CO.,25984,
PLACID OIL CO.- PHILLIPS PETROLEUM,25985,
PLACID OIL CO. (PAN AMERICAN PETROLEUM),25985,
PLACID OIL CO. (SUN OIL CO.),25985,
PLACID OIL CO. (SUTTON PRODUCTION CO.),25985,
Placid Oil Co. et al,25985,
PLACIO,17301,
PLAINS,25986,
PLAINS EXPLORATION,25986,
PLAINS OIL CO.,25986,
PLAINS PETROLEUM,25986,
PLAINS PETROLEUM OPERATING CO.,25986,
PLAINS PRODUCTION CO.,25986,
PLAINS PRODUCTION CO. ET AL,25987,
"Plains Production Co., Bunte Oil Co. and Duffy, James L.",25987,
PLAINS RESOURCES,25986,
PLAINS RESOURCES (ENRON),25987,
"PLAINS RESOURCES, INC",25986,
PLANET,15542,
planglais@battelleecology.org,11910,
Planglais@battelleecology.org,11910,
"Plank, Barth, D'Andrea, Leary",,"Plank, Barth, D'Andrea, Leary"
"Plank, Rasmussen",,"Plank, Rasmussen"
PLANTATION PETROLEUM (PPC OPERATING),25989,
PLATEAU,25990,
PLATEAU-PEERLESS,25991,
PLATEAU OIL CO.,25990,
PLATEAU OIL CO. - TEXAS PACIFIC OIL,25991,
PLATEAU OIL CO. OF TEXAS,25990,
PLAZA,17302,
PLEASANT GROVE COMM,25993,
PLEMONS,28848,
PLEMONS PRODUCTION,28848,
PLOYHAR & REAVES ET AL,25994,
PLUMB,15543,
PLUMBS,17304,
"PLUMLEY, H.C.",11919,
PLUMMER,15544,
PLUMMER-SCHWAB,25995,
"PLUMMER, A.",11920,
"PLUMMER, ALBERT",11920,
PLUMP,15545,
PLUNK,15546,
PLUNKETT DRILLING CO.,25996,
PLYMOUTH,25997,
PLYMOUTH OIL,25997,
Plymouth Oil Co.,25997,
PLYMOUTH OIL CO.,25997,
PLYMOUTH OIL CO. (C.R. POKE ET AL),25997,
Pockalny/Auscavitch,15547,
POCONO DEVELOPMENT CO.,25999,
POE,26000,
POE OIL CO.,26000,
"POE, E.A.",11926,
POFF,15548,
POFF & BRINSMER,26001,
POFF & BRINSMERE,26001,
POGO OIL CO.,26002,
Pogo Producing Co.,26002,
POGO PRODUCING CO.,26002,
"POHLER, A.R.",11928,
Pohndorf Inc.,26003,
POIS-SCHULTZ,26004,
POIS-SCHULTZ-PIGG,26004,
POIS & SCHULTZ,26004,
"Poitevin, E.",11930,
"Pojeta, John",11931,
"POLAKOFF, MOSES",11932,
POLASKI & BOCK,26006,
Polina Vakhrameeva,1283,
POLK & PATTON/PETRUS OPER.,26010,
POLK COUNTY OIL CO.,26011,
POLLARD-DAVIS,26013,
POLLARD C O,26012,
"Pollard Operating, LLC",26012,
"POLLARD, C.C.",11936,
POLLOCK OIL CO.,26014,
Pollution Control Sy,26015,
POLUMBUS CORP.,26016,
"POMIEAL, JOE",11939,
ponderw@battelleecology.org,11943,
"Ponomareva, V.",11944,
PONTIAC REFINING,26019,
PONTIAC REFINING CO.,26019,
POOL,17306,
POOL-PROFITT OC (AKA: DAN AULD?),26022,
"POOL, H.L.",11945,
"POOL, H.L. & LOWE, JACK",,"POOL, H.L. & LOWE, JACK"
"POOL, TOM",11946,
POOLE & COOKSEY,26021,
POOLE ET AL,26021,
"POOLE, H.L.",11948,
POOR BOY OIL CO.,26023,
POPE & HOGAN,26024,
POPE PROSPECTING CO.,26025,
POPE STEWART SY.,26026,
PORCION OIL CO.,26027,
PORT BOLIVAR OIL & REFINING CO.,26028,
PORT BOLIVAR OIL CO.,26028,
PORT ISABEL,26029,
PORT ISABEL OIL & GAS CO.,26029,
PORTABLE DRILLING CO.,26030,
PORTER,17307,
PORTER-EVANS,26032,
PORTER-RANKIN,26032,
PORTER & BARNETT,26032,
PORTER & BLANCHARD,26032,
PORTER & BUNTE,26032,
PORTER & EVANS,26032,
PORTER & HOLMES,26032,
PORTER & PICKENS,26032,
PORTER & STEVENS,26032,
PORTER BROS.-SMITH E.L.,26032,
PORTER DRILLING CO.,26031,
PORTER ET AL,26032,
"PORTER, H. ET AL",11955,
"PORTER, H. J.",11956,
"PORTER, H.J.",11956,
"PORTER, H.J. ET AL",11956,
"PORTER, H.P.",11957,
"PORTER, J.W.",11958,
"PORTER, JACK",11959,
"PORTER, JACK ET AL",11959,
PORTILLA DRILLING CO.,26033,
PORTLAND CEMENT,26034,
POST CITY OIL DEVELOPMENT CO.,26036,
POST OAK OIL CO.,26037,
"Post, J. E.",11963,
"POST, W.G.",11964,
POSTELLE,17308,
POSTELLE ET AL,26038,
POSTELLO,17309,
POSTER,15549,
POTEET,17310,
"POTH, CITY OF",26039,
POTTER,11965,
POTTER-GILLETTE,26041,
POTTER & SNOWDEN,26041,
POTTER & TARR,26041,
"POTTER, H.A.",11967,
POTTINGER & STUBBS,26042,
"Potts, R.",11968,
Pough F.H.,11969,
"Pough, Fred H.",11969,
POULENARD Jerome,8951,
poulson@battelleecology.org,11972,
POULTER,15551,
POWDER RIVER,26043,
POWELL,17311,
POWELL-BRISCOE,26045,
Powell Drlg. Co.,26044,
POWELL PETROLEUM CO.,26044,
"POWELL, B.",11977,
"POWELL, ERNEST",11981,
"Powell, J.",11982,
"POWELL, L.W.",11984,
"POWELL, N.P.",11985,
"POWELL, ROY",11986,
"Powell, S.",11987,
"POWELL, VANCE",11988,
"POWELL, W.B.",11989,
"POWELL, W.K.",11990,
Powell/Scherer/Priscue,26045,
POWER & DITTERHEIM,26046,
POWER BANKING CO.,26047,
POWERS,17312,
POWERS PRODUCTION,26048,
"Powers, H. A.",11991,
"Powers, S.",11994,
powersmr@battelleecology.org,11996,
Poyneter and Sawyer,26049,
Pradillion_Florence,11997,
PRAIRIE,28778,
PRAIRIE HILL,28849,
PRAIRIE LEE OIL & GAS CO.,26051,
PRAIRIE OIL & GAS,26050,
PRAIRIE OIL & GAS CO.,26050,
PRAIRIE PRODUCING CO.,26050,
PRAIRIE PRODUCING CO. - COLBERT,26052,
PRAIRIE PRODUCING CO./TREND RESOURCES,26052,
PRAIRIE PRODUCING CO./UNOCAL,26052,
PRAIRIE PRODUCTION CO.,26050,
"Prather, J.",12000,
PRATHERS,15552,
PRATT-HEWIT-FITZSIMMONS,26054,
PRATT-HEWITT OIL CO.,26055,
PRATT-HEWITT OIL CORP.,26055,
PRATT-HEWITT OIL SYN.,26055,
Pratt Consolidated Coal Company,26053,
"Pratt, Brian",12001,
"Pratt, J.",12003,
"Pratt, W.",12004,
Praveen Kumar,9596,
PRAY & OHERA,26056,
"PRAY, MAX",12006,
"PREMBROOK, R.",12010,
PREMIER,28850,
PREMONT,17318,
PREMONT & WARREN,26057,
PRESCOTT WILLIAMS,12013,
PRESIDIO,26058,
PRESIDIO OIL CO.,26058,
Presnall,15553,
PRESNALL-MOSSER,26060,
PRESNALL & TSESMELIS,26059,
"PRESSY, H.E.",12016,
PRESTON,15554,
PRESTON ANTICLINE,26061,
PRESTON ROSE ET AL,26062,
"Preston, E.",12017,
"PREWITT, J.K.",12019,
"PREY, MAX",12020,
PRICE,15555,
PRICE & MANTERICE,26063,
"Price, David P.",12023,
"PRICE, E. S.",12024,
"PRICE, E.S. ET AL",12024,
"Price, R. A.",12027,
"PRICE, SYLVAN",12028,
priceao@battelleecology.org,12029,
pricejr@battelleecology.org,12030,
PRICNE BROS,26064,
PRIDDY,15556,
"PRIDDY, W.M.",12031,
Pride Energy Company,26065,
"PRIDE EXPLORATION, INC.",26066,
"Pride, Douglas E.",12032,
Prien E.L.,12034,
"Prien, E.L.",12034,
PRIEST & DUFFY,26067,
PRIEST ET AL,26067,
"PRIEST, L.G.",12036,
"PRIEST, L.G. ET AL",12036,
"PRIEST, L.J.",12037,
"Priestley, Raymond",12038,
Primal Energy Corp.,26068,
PRIMARY FUELS INC,26069,
PRIMARY FUELS INC.,26069,
"PRIMARY FUELS, INC",26069,
"PRIMARY FUELS, INC.",26069,
Prime Methane Corp.,26071,
PRIME OIL CO.,26070,
PRIME OPERATING CO.,26070,
PRIME PETROLEUM CO.,26070,
"Prime, F.",12040,
PRIMERO OPERATING,26072,
PRIMO CO.,26073,
PRINC.E,26075,
PRINC.E BROS,26075,
PRINC.E BROS. & GEHLE,26076,
PRINCE,17319,
PRINCE & MILLER,26074,
PRINCE DRILLING CO.,26077,
"PRINCE, F.D. ET AL",12041,
"Prince, S.",12042,
"PRINCE, W.G. (AMERADA)",12043,
"Pringle, H.",12045,
"PRINGLE, KING, WARREN, & DYE",26079,
PRIOR,17320,
Priscilla Langlais,9691,
"PRO, W.E.",12047,
PROCESS OIL CO.,26080,
"PROCK, L. L.",12048,
PROCTER,15873,
PROCTER-OMOHUNDRO,26081,
"Procter and Larue, I.P. and Larue, Fred",,"Procter and Larue, I.P. and Larue, Fred"
"Procter, Sterrett B.",12049,
PROCTOR-JUDKINS,26082,
"PROCTOR, D.E.",12050,
"PROCTOR, GEORGE",12051,
"Proctor, J. R.",12052,
"Proctor, James W.",12053,
"PROCTOR, W.D.",12054,
PRODUCERS & LONGHORN,26083,
PRODUCERS & REFINERS ASSOC.,26084,
PRODUCERS ASSOCIATION,26085,
PRODUCERS CHEMICAL CO.,26086,
PRODUCERS CORP.,26087,
PRODUCERS CORP. OF NEVADA,26088,
PRODUCERS CORP. OF NEVADA ET AL,26088,
PRODUCERS DEVELOPMENT CORP.,26089,
PRODUCERS INVESTMENT,26090,
PRODUCERS INVESTMENT CO.,26090,
PRODUCERS INVESTMENT CORP.,26090,
PRODUCERS OF NEVADA,26088,
PRODUCERS OIL CO.,26091,
PRODUCERS SERVICE CO.,26092,
PRODUCTION,28851,
PRODUCTION DRILLING CO. - ALCOA,26093,
PRODUCTION SERVICE,26094,
PRODUCTION SERVICE OIL CORP.,26094,
PRODUCTION SERVICE OIL CORP. & J.S.A.,26095,
PRODUCTION SERVICES,26096,
PRODUCTION SERVICES INC.,26096,
Prof. Dr Bernd Wagner,14232,
Prof. Dr. Bernd Wagner,14232,
Prof. Dr. Br¸ckner,5264,
Prof. Dr. H. Br¸ckner,5264,
Prof. Dr. Shaoyong Jiang,8979,
Prof. Indra S. Sen,12948,
PROF. JONAS UT GEO. - STUDENT THESIS CORE,9076,
Prof. Max C. Langer,9687,
"Professional Petroleum Services, Inc.",26098,
PROFIT,28852,
PROGRESS,28853,
PROGRESS PETROLEUM,26099,
PROGRESS PETROLEUM CO.,26099,
"PROJECTS, INC.",26100,
PRONTO,15557,
PRONTO DRILLING CO.,26101,
PROPERTIES INC,26102,
Proskurowski_Giora,12059,
"Prospective Investment and Trading Co., Ltd., The",26103,
PROSPER ENERGY,26104,
PROTHO & LONE STAR,26105,
PROVIDENCE,26106,
PROVIDENCE OIL,26106,
Providence Oil & Gas Co.,26106,
PROVIDENCE OIL CO.,26106,
PROVIDENCE OIL CORP.,26106,
PROVIDENCE ROYALTY,26107,
PROVINE & OQUINN,26108,
"PROVINE, MARY",12064,
PRUDENTIAL,26109,
PRUDENTIAL DRILLING CO.,26109,
PRUDENTIAL ENERGY,26109,
PRUDENTIAL OIL CO.,26109,
PRUET & HUGHES,26110,
Pruet & Hughes Operating Co.,26110,
Pruet and Hughes,26110,
Pruet and Hughes-Aqu,26111,
Pruet and Hughes-Pel,26111,
Pruet and Hughes-Sun,26111,
Pruet and Hughes Co.,26110,
Pruet and Hughes Co.-Amoco Production Co.,26111,
Pruet and Hughes Co.-Aquitaine Oil Corp.,26111,
Pruet and Hughes Co.-Aquitaine Oil Corp.-Midroc Oil Co.,26111,
"Pruet and Hughes Co. and Harris, James W.",26111,
Pruet and Hughes Ope,26111,
Pruet and Hughes Operating Co.,26110,
Pruet and Hughes/Pla,26111,
"Pruet Oil Co.-Midroc Oil Co. and Watkins, H. Vaughan, Jr.",26112,
Pruet Prod. Co.,26113,
"Pruet Prod. Co.-Warrior Drlg. and Eng. Co., Inc., Enserch Exp. Inc.",26114,
Pruet Production Co.,26113,
PRUET PRODUCTION CO.,26113,
"Pruet Production Co.-Midroc Oper. Co. and Watkins, H. Vaughan,Jr.",26114,
Pruet Production Co.-Spooner Petroleum Co.-Florida Gas Exploration,26114,
Pruet Production Co.-Strago Petroleum Corp.,26114,
"Pruet Production Co.-Warrior Drilling and Engineering Co., Inc.",26114,
PRUET PRODUCTION CO. (SUN OIL CO.),26114,
Pruet Production Co. and Hughes and Hughes,26114,
Pruet Production Co. and Moon and Hines,26114,
"Pruet Production Co., Spooner Petroleum Co., Midroc and Watkins",26114,
"Pruet, Chesley",12066,
"Pruet, Chesley Drill",12066,
"Pruet, Chesley et al",12066,
"Pruet, Chesley, Marr, M.H. and Rudman, M.B>",,"Pruet, Chesley, Marr, M.H. and Rudman, M.B>"
PRUETT-PACE,26115,
PRUITT & POPE ET AL,26115,
PRUITT ET AL,26115,
pruiz-castro@field-ops.org,12067,
PRYOR,17321,
PRYOR OIL & GAS CO.,26116,
PSC,17322,
PSE-ELF,26117,
PSENKA BROTHERS,26118,
PUBCO DEVELOPMENT,26119,
"PUCKETT, BOB",12070,
PUENTICITAS OIL CO.,26120,
PUERTORO PETROLEUM CO.,26121,
PUGH & PACE,26122,
"Pugh, R.C.",12071,
PULASKI OIL CO.,26123,
"PULASKI, DAN & J.P.",,"PULASKI, DAN & J.P."
PULLIAM,17323,
"Pulvers Enterprises, Inc. and Davis, B.L.",26124,
PUMA OIL & GAS,26125,
PUMMILL OIL CO.,26126,
"Pumpelly, R.",12076,
"Puni Jeyasingh, Larry Weider",,"Puni Jeyasingh, Larry Weider"
PURE,28854,
PURE OIL,26128,
PURE OIL /SHELL OIL CO.,26129,
PURE OIL CO.,26128,
PURE OIL CO. - SUN,26129,
PURE OIL CO. & GULF,26129,
PURE OIL CO. (UNION OIL OF CALIFORNIA),26129,
PURE OIL CO. ET AL,26129,
"Pure Oil Co., The",26128,
PURL & JENNINGS,26130,
PURNELL,17324,
PURNELL & COLEMAN,26131,
PURNELL & COLEMAN ET AL,26131,
PURNELL & FORTUNE DRILLING,26131,
"PURNELL, G.",12078,
"PURNELL, LOCKE-FORTUNE DRILLING",26132,
"PURNELLE, LOCK-FORTUNE DRILLING",26132,
PURVIS,15558,
"PURVIS, C.E.",12080,
"PURVIS, MARSHAL",12081,
"PURVIS, MARSHALL ET AL",12081,
"Putkonen, Jaakko",12084,
PUTMAN,17325,
PUTMAN-STEWARD-ARMSTRONG,26133,
Putnam,17326,
PUTNAM,17326,
PUTNAM & BODIE,26133,
PYLE & SPRINGER,26134,
"PYLE, H.B.",12091,
pyle@battelleecology.org,12089,
PYRAMID,28779,
PYRAMID DRILLLING CO.,26135,
PYRAMID OIL & GAS CO.,26135,
PYRON OIL CO.,26136,
Q-LITTLE,26139,
Q.B Cooper,26137,
Qian Wang; Simon Wilde,,Qian Wang; Simon Wilde
QUAESTOR CORP.,26140,
"Quakenbush, W.",12093,
QUAKER OIL CO.,26141,
QUALLINE-BELLNOAKE,26142,
"Quantum Resources Management, LLC",26143,
QUEEN CITY OIL & GAS CO.,26146,
QUEEN SAN OPERATING,26147,
Quentin VanCamp,14099,
Quillyn Peterson (ORCID 0009-0004-0301-9767),11804,
QUIN & BISCAMP,26149,
"QUIN, H.R.",12099,
"QUIN, W.R.",12100,
QUINBY OIL CO.,26150,
QUINC.Y OIL,26151,
QUINN,17328,
QUINN & SON,26152,
Quinn Oil Royalty Co.,26153,
"QUINN, B. F.",12101,
"QUINN, JOHN",12102,
"QUINN, O.",12104,
"QUINN, W.R.",12105,
"QUINN, W.R. ET AL",12105,
QUINTANA,26154,
QUINTANA & CALIFORNIA,26155,
QUINTANA PETR. (HNG OIL),26155,
QUINTANA PETROLEUM CO.,26154,
QUINTANA PETROLEUM CORP.,26156,
"QUINTANA PETROLEUM CORP. & CULLEN, H.H.",26155,
"Quintana Petroleum Services, Inc.",26154,
Quintana Production Co.,26154,
Quinten Van Der Meer,14087,
QUITO,17329,
R-P & AMERICAN LIBERTY OIL,26472,
R & G DRILLING CO.,26158,
R & S DRILLING CO.,26157,
R D. Reeder,12247,
R E. van Alstine,14082,
R H R,17330,
R Hall,7975,
R M,15560,
R Roberts,12416,
R Saenz,12664,
R W. Fletcher,7200,
R&B,17331,
R&G DRILLING CO.,26158,
R&J CO.,26159,
R&M DRILLING CO.,26160,
R&P,17332,
R&Y,17333,
R. & L.,17334,
R. Anderson,4272,
R. Backus,4472,
R. Balk,4531,
R. Batiza,4656,
"R. Blackett, Utah Geological Survey",4899,
"R. Blackett, Utah Geological Survey / P. Galanis, US Geological Survey",,"R. Blackett, Utah Geological Survey / P. Galanis, US Geological Survey"
R. Bottjer/J. Hagadorn,,R. Bottjer/J. Hagadorn
R. Cobbet,5907,
R. Cobbett,5907,
R. Davies,6320,
R. Dunbar,6697,
R. E. M. PETROLEUM,26161,
R. H. K.,15561,
R. H. R.,15562,
R. Hey,8371,
R. Kyle Derby,6465,
R. Minzoni,10833,
R. Mortlock,11036,
R. Norris,11352,
R. OLSON,11465,
R. Pedersen,11716,
R. R. DRILLING,26162,
R. Scherer,12780,
R. Scholz,12836,
R. Stone,13529,
R. Tanaka,13679,
R. Valls and J. Cruz,,R. Valls and J. Cruz
R.A. Brady,5108,
"R.B.; Murray, Haydn H.",,"R.B.; Murray, Haydn H."
R.C. Avent et al,4444,
R.C. Webster,14400,
R.Cobbett,5907,
R.E.A.,15563,
R.E.B.,15564,
R.E.H. OIL CO.,26163,
R.F.C. OIL CO.,26164,
R.G. CARTWRIGHT A-76,26165,
R.G. DRILLING CO.,26166,
R.H.,26167,
R.H. Baker,4509,
R.H. ENERGY,26167,
"R.H. SIEGFRIED, INC.",26167,
R.H.R.-CLARK-COWDEN,26169,
R.H.R. - IBEX CO.,26169,
R.H.R. CO.,26168,
R.I.C.,17335,
R.K. PETROLEUM,26170,
R.L. Fisher,7168,
"R.M. Flowers, B.P. Wernicke, K.A. Farley",,"R.M. Flowers, B.P. Wernicke, K.A. Farley"
R.M. Landers,9670,
R.M.I.,17336,
R.P.C. & H.O.C.,28780,
R.S.E. INC.,26171,
R.S.L.,15565,
"R.Scott Anderson, Peter Fawcett, Darrell Kaufman, David Fortin",,"R.Scott Anderson, Peter Fawcett, Darrell Kaufman, David Fortin"
"Rabbitt, J.",12107,
RABORN,15566,
"RABORN, B.L.",12110,
"RACE, O.G.",12111,
Rachael Dochinger (ORCID 0009-0008-3383-0314),16331,
Racheal Johnsen,1839,
Rachel Allen (ORCID 0000-0002-4249-5457),4189,
Rachel Byrne (ORCID 0009-0006-9838-9190),16122,
Rachel Christensen (ORCID 0000-0001-6767-5393),5801,
Rachel Douglas (ORCID 0009-0002-7875-020X),6624,
Rachel Edge (ORCID 0009-0002-0358-0322),6794,
Rachel Karpiesiuk (ORCID 0000-0002-9557-1628),9200,
Rachel Kennedy (ORCID 0009-0001-9119-065X),9304,
Rachel Krajewski,17911,
Rachel Livengood (ORCID 0009-0009-5569-033X),9973,
Rachel More-Hla,10977,
Rachel More-hla (ORCID 0000-0001-8362-7797),10977,
Rachel More-Hla (ORCID 0000-0001-8362-7797),10977,
Rachel Pernick,11766,
Rachel Serebryansky (ORCID 0000-0002-8164-7759),12954,
radams@field-ops.org,12117,
RADCLIFF,17337,
"RADER, GEORGE CO.",26172,
Radford-Daniel,15567,
RADIUM OIL CO.,26173,
RADZEWICZ EXPLORATION & DRILLING,26174,
Raegen Aytes (ORCID 0000-0002-6853-5728),4463,
RAGAU,15568,
RAGENT OIL CO.,26175,
RAGSDALE-PIERCE-CRANE,26176,
Raine St John (ORCID 0009-0001-4395-7019),13390,
RAINER,15569,
Rainer Lohmann,10015,
RAINES CREEK,26177,
RAINEY,17338,
RAINWATER,15570,
Rakestraw G.G.,12132,
Rakovan J.F.,12133,
RALCO OIL CO.,26178,
"RALEY, MARK",12134,
Ralph Ibe,8763,
RALPH LOWE,10072,
RALSTON,15571,
RAM OIL CO.,26179,
"Ram Petroleum, LLC",26179,
ramcke@battelleecology.org,12139,
"RAMEY, R.W.",12142,
ramosramirez@battelleecology.org,12148,
RAMSEY,17339,
RAMSEY & MUNSON,26181,
RAMSEY ASSOC. PETROLEUM LTD.,26181,
RAMSEY ET AL,26181,
RAMSEY OIL CO.,26180,
RAMSEY PETROLEUM CORP.,26180,
"Ramsey Petroleum Corp., et al",26180,
"Ramsey, J.",12149,
ramundson@field-ops.org,12151,
RANCH CREEK OIL CO.,26182,
RANCHO,17340,
RANCHO OIL CO.,26183,
RANDALL,17341,
RANDALL & HICKEY,26184,
"Randall, Emily P.",12152,
RANDERSN ET AL,26185,
RANDERSON-CARR-SCOGGINS,26185,
RANDERSON & HEAD,26185,
randie domek (ORCID 0009-0005-1689-6184),6578,
Randie Domek (ORCID 0009-0005-1689-6184),6578,
RANDLE,15572,
"RANDLE, J.B.",12156,
RANDOL & MCPETERS,26186,
RANDON,17342,
Randy Calcote,5460,
"Randy Calcote, Sara Hotchkiss",,"Randy Calcote, Sara Hotchkiss"
"Randy Calcote, Sarah Hotchkiss",,"Randy Calcote, Sarah Hotchkiss"
Randy Howell (ORCID 0000-0002-9635-4684),8616,
"Randy Stotler, Chris Omelon, Adam Yoerg",,"Randy Stotler, Chris Omelon, Adam Yoerg"
"RANEY, BOB",12157,
"Range Production Company, Inc.",26187,
RANGER-THOMPSON,26188,
RANGER & COFFIELD (HARDIN),26188,
RANGER & CROSBY,26188,
"RANGER, RAY",12159,
"RANGER, RAY ET AL",12159,
RANKIN-ELLIOTT,26190,
RANKIN-HARPER ET AL,26190,
RANKIN & VAUGHN,26190,
RANKIN OIL,26189,
RANKIN OIL CO.,26189,
RANKIN OIL CO. ET AL,26189,
"RANKIN, P.",12164,
rankin@battelleecology.org,12161,
RANNON DEVELOPMENT,26191,
RANSDELL,17343,
RANSDELL & PIPER,26192,
"RANSDELL, R. E.",12165,
RANSLAND ET AL,26193,
"Ransome, F. L.",12166,
"RANSONE, W. R. ET AL",12167,
RANTEX OIL & GAS CO.,26194,
RANTEX OIL CO.,26194,
"Raphael Franca, Jessi Halligan, Shawn Joy, Ben McCall, Angelina Perrotti, Morgan Smith",,"Raphael Franca, Jessi Halligan, Shawn Joy, Ben McCall, Angelina Perrotti, Morgan Smith"
Rapp,17344,
RAPP,17344,
RAPP OIL & GAS CO.,26195,
"Rapp, Flyod A.",12170,
RASCOE & DEAN,26196,
"Rasm., Roman, Lough",,"Rasm., Roman, Lough"
"Rasmussen, Dan",573,
"Rasmussen, Roman",12177,
RASNIGH & BROWN,26197,
RASSNICK & BROWN,26198,
"RATCLIFF, J.C. JR. - BOURG, O.A.",,"RATCLIFF, J.C. JR. - BOURG, O.A."
RATHKE,17345,
RATHKE OIL CO.,26199,
RATLIFF,17346,
"RATLIFF, J. C.",12181,
"Ratliffe, J. Paul, Jr.",14937,
RATTLESNAKE OIL CO.,26200,
"Ratto, N; Perez-Torrado F.J.; Fernandez-Turiel, J.L.",,"Ratto, N; Perez-Torrado F.J.; Fernandez-Turiel, J.L."
"Rau, E. H.",12185,
RAUCH,17347,
"RAUCH JR., I.",12186,
"RAUCH, I.",12186,
"RAULT, J.R.",12188,
"RAULT, JR., JOSEPH M., INC",26201,
Raven Bier. Clara Mendoza-Lera. Laura Zgleszewski,,Raven Bier. Clara Mendoza-Lera. Laura Zgleszewski
Raven Robinson (ORCID 0000-0002-6721-6581),12434,
RAVENNA NUNNELLE,26202,
"RAWLINGS, R.B.",12191,
"RAWLINS, WALTER ET AL",12192,
RAY,15573,
RAY-LEE OIL CO.,26206,
RAY-SMITH,17349,
RAY & STANIFORTH,26203,
RAY DRILLING CO.,26204,
RAY OIL CO.,26204,
"Ray Resources, Inc.",28800,
Ray Weldon,14440,
"RAY, A.H.",12193,
"RAY, B.A.",12194,
"RAY, GEORGE",12195,
"RAY, GEORGE A.",12195,
"RAY, HARRIS",12196,
"RAY, ISAAC",12197,
"RAY, JOE",12198,
"RAY, L.B.",12200,
"RAY, R.A .- WESTLUND, CARL",,"RAY, R.A .- WESTLUND, CARL"
"RAY, W.C.",12203,
"RAY, W.G.",12204,
RAYCOTUCK INC,26205,
"RAYMON, S.J.",12206,
Raymond A. Price,12027,
Raymond Mentzer (ORCID 0000-0003-1264-0403),10687,
Raymond Michels,10757,
RAYMOND OIL & DEVELOPMENT CO.,26207,
RAYMOND OIL CO.,26207,
"Raymond, W.",12208,
RAYOL,17348,
"RAYOR, M.O.",12209,
"RAYOR, M.O. ET AL",12209,
RAYZOR,17350,
RAZOR,15574,
rbaker@battelleecology.org,12210,
rbarker@field-ops.org,12211,
RBarker@field-ops.org,12211,
rbarkie@battelleecology.org,12212,
RBD-TRAMMELL OPERATING AGENCY,26208,
rchambliss@battelleecology.org,12213,
rcumberland@field-ops.org,12214,
rcumberland@Field-ops.org,12214,
rcurtis@battelleecology.org,12215,
RDuffy@field-ops.org,12216,
REA ET AL,26209,
Rea/Basov,,Rea/Basov
"READ, C.B.",12217,
"READ, CHARLES B.",12217,
"Read, W. F.",12218,
READING & BATES,26210,
READING & BATES PETROLEUM,26210,
READING & BATES/SUN,26210,
READING BATES,26210,
READING TAYLOR ET AL,26211,
REAGAN-BELL,26212,
"Reagan, Martin",12221,
Reagan_Mark,172,
REAHO CORP.,26213,
REAHO CORP. (ATLANTIC),26214,
REAHO CORP. ET AL,26214,
Reamer L.,12223,
REASER,17351,
"REASER, G.L.",12224,
REASOR,17352,
REASOR-WEST CENTRAL DRILLING,26215,
"Reasor, G.l.",12225,
"REASOR, G.L.",12225,
REASSER,15575,
"REAVES, JACK S. & CLEM GEORGE",26216,
"REAVES, JACK S. & S.E. GEORGE",26216,
"REAVIS, H.S.",12228,
Reb Petroleum Co.,26217,
REB. PETROLEUM,26217,
Rebecca Anderson,4276,
Rebecca Carey/Adam Soule,,Rebecca Carey/Adam Soule
Rebecca Clotts,5882,
Rebecca Doane (ORCID 0000-0002-2454-5633),6555,
Rebecca Flowers,7213,
"Rebecca Friedel, Leila Donn, Jason Yaeger, Kat Brown, Panfilo",,"Rebecca Friedel, Leila Donn, Jason Yaeger, Kat Brown, Panfilo"
Rebecca Lange,9686,
Rebecca Mindel (ORCID 0000-0002-1092-1669),10820,
Rebecca Ohman (ORCID 0000-0001-8260-4067),11428,
Rebecca Osborne (ORCID 0000-0001-7904-875X),17238,
Rebecca Robinson,12435,
Rebecca Teed,13737,
Rebecca Valentine,14067,
Rebecca Wang/Shelley J. Meaux,,Rebecca Wang/Shelley J. Meaux
REBEL OIL CORP.,26218,
RECEVERS UNITED NORTH,26219,
RECILE,17353,
"RECILE, SAM",12231,
"Reckhart, D.",12232,
RECLAMATION OIL PRODUCTION SYN.,26220,
RECO,17354,
RECTOR,15576,
RECTOR & WEBB,26221,
RECTOR OIL CO.,26222,
RECTOR OIL CO. INC.,26222,
RED BANK,26223,
RED BANK OIL CO - VAUGHN,26224,
RED BANK OIL CO.,26224,
RED HILLS PETROLEUM CO.,26225,
RED IRON DRILLING CO.,26226,
RED RIVER DEVELOPMENT CO.,26227,
RED RIVER DRILLING CO.,26227,
RED RIVER GAS CO.,26227,
REDD,17355,
REDDING & TULL,26228,
"REDDING, E.A.",12235,
REDDITT & GRAY,26229,
REDDITT ET AL,26229,
REDFERN,15577,
REDFERN & HERD,26230,
REDFERN DEVELOPMENT CO.,26231,
REDLAND,15578,
REDMAN BROTHERS,26232,
REDMOND,17356,
REDWATER OIL & MINERAL CO.,26233,
"REDWATER, MAUDE",12237,
REED,17358,
REED-BARLETT,26237,
REED & CLOPTON,26236,
REED & PERRRY,26236,
REED ET AL,26234,
Reed Lewis,9876,
REED OIL CO.,26235,
"Reed, D.",339,
"REED, H.",12239,
"REED, H. M.",12240,
"REED, H.N.",12241,
"REED, J.D.",12242,
"REED, M. M.",12245,
"REED, R.L.",12246,
"REED, R.L. ET AL",12246,
REEF PETROLEUM,26238,
"Rees, Margaret",12248,
REESE,17359,
REESE-PITMAN,26239,
REESE-WHITE,26240,
REESE-WOLF,26241,
Reese Sloan (ORCID 0009-0002-3996-4459),13169,
"REESE, J. NEAL",12249,
"Reese, J.D. et al",12250,
"REESE, W.",12251,
"Reesor, J. E.",12252,
REEVES,17360,
REEVES-CAMPBELL,26243,
REEVES & APPERMAN,26243,
REEVES & SORRELS,26243,
REEVES ELY LAB,26242,
"Reeves, D.",12253,
"REEVES, J. NEILS",12254,
"REEVES, JACK S.",12255,
"REEVES, NEAL",12256,
"REEVES, W.W.",12257,
REFUGIO OIL CO.,26245,
REFUGIO REFINING CO.,26245,
REGAL & KING,26246,
"Regalado, T.",12259,
"Regalla, Myers, Abers",,"Regalla, Myers, Abers"
REGAN,17362,
"Regas Oil and Gas Co., Inc.",26247,
REGEN - CARAWAY,26248,
REGO DEVELOPMENT CO.,26249,
REGO DEVELOPMENT CO. ET AL,26249,
"Rehder, H.",12263,
REID,15877,
REILLY - TEXAS CO.,26250,
REILLY ET AL,26250,
REINENSCHEIDER,17363,
Reinhard Werner,14470,
Reinhardt Schmidt-Effing,12812,
REISENBERGER,17364,
Reishi Takashima and Brad Singer,,Reishi Takashima and Brad Singer
REITA OIL CO.,26251,
reiten@battelleecology.org,12273,
REITER,15579,
REITER-FOSTER,26252,
REITER-FOSTER-SIMMS CO.,26252,
REITER-FOSTER OIL CORP.,26252,
REITER & FOSTER,26252,
REITER ET AL,26252,
"REIVER, J.P.",12275,
RELIANCE ENERGY,26253,
RELIANCE OIL CO.,26253,
Reliance Trust,26254,
RELIANCE TRUST,26254,
"Remac Explorations, Inc.",26255,
RÈmi Bizeul,1361,
RÈmi BIZEUL,1361,
REMINGTON,26256,
REMINGTON RESOURCES,26256,
REMUDA,26257,
REMUDA OIL & GAS,26257,
REMUDA OIL & GAS (PREVIOUSLY: ALBRITTON-MEYER; BROWN DRILLING),26257,
Ren Liudong,9972,
REN TEXAS,26258,
Renaud,17365,
Renaud Soucy La Roche,13324,
RENAUD&PRETTYMAN,26260,
RENAUD&PRETTYMAN ET AL,26260,
Renbin Zhu,14907,
Rene Asenbaum,1733,
"RenÈ Dommain, Alex Cobb, Laure Gandois, Kai Fuu Ming, Kamariah Abu Salim, Salihah Amalina Haji Su'ut, Ulmar Grafe",,"RenÈ Dommain, Alex Cobb, Laure Gandois, Kai Fuu Ming, Kamariah Abu Salim, Salihah Amalina Haji Su'ut, Ulmar Grafe"
"RenÈ Dommain, Molly McDonough, Michael Campana, John Bosco Nkurunungi, Morgan Andama",,"RenÈ Dommain, Molly McDonough, Michael Campana, John Bosco Nkurunungi, Morgan Andama"
"RENEAU,  NELDA YORK (PREV: J.R. BROWN)",12279,
RENELIA,17366,
RENFRO,15580,
RENFRO ET AL.,26261,
"RENFRO, J. C.",12280,
RENICK & HAMMON ET AL,26262,
RENICK & ROCK HILL OIL CO.,26262,
RENICK ET AL,26262,
RENLEE OIL CO.,26263,
RENLEE OIL CORP.,26263,
RENO,17367,
RENO ET AL,26264,
RENO OIL CO.,26265,
"Renpetco II, LLC",26266,
RENSALL ET AL,26267,
RENWAR,17368,
RENWAR - E.E. FOGELSON,26270,
RENWAR & FOX,26270,
RENWAR & HEMPHILL,26270,
RENWAR & MAYO,26270,
RENWAR & OLIVER,26270,
RENWAR & REPUBLIC,26270,
RENWAR OIL,26269,
RENWAR OIL & HEEP OIL,26270,
RENWAR OIL CO.,26269,
Renwar Oil Corp.,26269,
RENWAR OIL CORP.,26269,
RENWAR OIL CORP. - WAGENSCHIEM,26270,
REPUBLIC,26271,
REPUBLIC-HOUSTON,26272,
REPUBLIC & WEINERT,26272,
REPUBLIC (FORMERLY AMERICAN REPUBLIC),26271,
REPUBLIC IVG CO.,26271,
REPUBLIC MINERAL,26271,
REPUBLIC NATIONAL,26271,
REPUBLIC NATIONAL GAS,26271,
REPUBLIC NATURAL GAS,26271,
REPUBLIC NATURAL GAS & OSMOND,26272,
REPUBLIC NATURAL GAS CO.,26271,
REPUBLIC NATURAL GAS CO.-GLASSCOCK,26272,
REPUBLIC NATURAL GAS CO. - FORREST,26272,
REPUBLIC NATURAL GAS CO. - SEABOARD,26272,
REPUBLIC NATURAL GAS CO. - SMITH,26272,
"REPUBLIC NATURAL GAS CO. & J.D. WRATHER, JR.",26272,
REPUBLIC OIL AND GAS CO.,26271,
REPUBLIC OIL CO.,26271,
REPUBLIC PRODUCTION CO.,26271,
REPUBLIC PRODUCTION CO. - HOUSTON OIL & GAS,26272,
REPUBLIC PRODUCTION CO. & HOUSTON,26272,
REPUBLIC PRODUCTION CO. ET AL,26272,
Republic Steel,26273,
Republic Steel Corp.,26273,
REPUBLIC SUPPLY CO.,26271,
"Research Enterprises, Inc.",26274,
RESEARCH INC.,26275,
RESERVE GAS & OIL,26276,
"RESOURCE ENTERPRISES, INC",26277,
"RESOURCE ENTERPRISES, INC.",26277,
RESOURCE OIL,26277,
RESOURCE PRODUCTION,26277,
Resources Development Corp.,26278,
"Ressor, J.",12289,
"Retallack, Gregory J.",12291,
RETAMCO INC.,26280,
RETRIEVE OIL CO.,26281,
RETSAL,17369,
RETWELDER,17370,
REUSCH,17371,
REUTTER ET AL,26282,
Revelle & Scripps Inst. Boat,26283,
REVERE OIL CO.,26284,
"REVIER, J.P.",12293,
revillamata@battelleecology.org,12295,
REWARD OIL CO.,26285,
"REWWE, JOHN & REAVES, JACK",26286,
Rex Bunn,1811,
REXRAY,17373,
REY Pierre Jerome,12297,
REYNOLDS,17374,
REYNOLDS-KIRK-NEBB,26291,
REYNOLDS & CRON,26291,
REYNOLDS & RICHARDSON,26291,
REYNOLDS & THOMAS,26291,
Reynolds Drilling Co,26288,
REYNOLDS DRILLING CO.,26288,
"REYNOLDS DRILLING CO., INC.",26288,
REYNOLDS ET AL,26291,
Reynolds Metal Co.,26289,
Reynolds Metals Co.,26289,
REYNOLDS MINING,26290,
REYNOLDS MINING CORP.,26290,
"Reynolds, Dan L.",12299,
"REYNOLDS, EARL B.",12300,
"REYNOLDS, J.H.",12301,
"REYNOLDS, RAY",12302,
"Reynolds, Richard",12303,
"REYNOLDS, RICHARDSON ET AL",26291,
"REYNOLDS, THOMAS",12305,
"REYNOLDS, WILLIAM H.",12306,
reynoldscc@battelleecology.org,12307,
REYNOSA OIL CO.,26292,
Reysenbach_Anna-Louise,12308,
Reysenbach_Anna-Louise; McKay_Luke; Morett-Sanchez_Juan_Enrique; Podrabsky_Jason; Nunez-Nogueira_Gabriel,,Reysenbach_Anna-Louise; McKay_Luke; Morett-Sanchez_Juan_Enrique; Podrabsky_Jason; Nunez-Nogueira_Gabriel
Reysenbach_Anna-Louise; Shank_Timothy,,Reysenbach_Anna-Louise; Shank_Timothy
rfalkowski@neoninc.org,12309,
rfalkowsky@battelleecology.org,12310,
RH&B,17375,
RH&W OIL CO.,26293,
RHK,17376,
RHK & NORANDA,26296,
RHODES,17377,
RHODES-THOMPKINS-RICHMOND DRILLING,26298,
RHODES & FOSTER,26298,
RHODES & OWENS,26298,
RHODES & PHILLIPS,26298,
RHODES & SULLIVAN,26298,
RHODES DRILLING,26297,
RHODES DRILLING CO.,26297,
RHODES DRILLING CORP.,26297,
RHODES ET AL,26298,
RHR,15581,
rhunter@battelleecology.org,12315,
"RIANJO OIL CORP. (PUNDT, J.G.)",26299,
ribeirobrancoleal@battelleecology.org,12317,
Ricardo,17378,
Ricardo Ara˙jo,4337,
RICE,15582,
RICE & RICE ET AL,26300,
RICE BROS,26301,
Rice Oil & Gas Company,26302,
"Rice, W.",12320,
RICEVILLE,17379,
RICH-TEX PETROLEUM CO.,26317,
RICH ET AL,26304,
"RICH, K. J.",12321,
"RICH, KENNETH",12322,
"Rich, Tom",12323,
"RICH, WRIGHT, & QUICK",26305,
RICHARD & HOLLOWAY,26307,
Richard Arculus,4342,
Richard Carlson,790,
Richard Cember,5671,
Richard Collins/Bernhard Peucker-Ehrenbrink,,Richard Collins/Bernhard Peucker-Ehrenbrink
Richard E. Byrd Jr.,5433,
Richard G. Fairbanks,7017,
Richard Gaschnig,401,
Richard Hanson,8074,
Richard K. Ollson,11449,
Richard Killough,9361,
Richard Lehrter,9817,
Richard Lehrter (ORCID 0000-0002-5760-9269),16902,
Richard Moore,10961,
Richard Murray,89,
Richard N. Benson,4790,
RICHARD PETROLEUM CO.,26306,
Richard Reynolds,12303,
Richard Russell,12619,
Richard Smath,13180,
Richard Streeter,1640,
Richard Styron,229,
Richard Tosdal,13909,
Richard Z. Poore,11950,
"Richard, Steven M.",1867,
RICHARDS,17380,
RICHARDS-HOLLOWAY,26307,
RICHARDS & HOLLOWAY,26307,
"RICHARDS & HOLLOWAY, INC.",26307,
RICHARDS & SPRIEGEL,26307,
"RICHARDS, BOB CO.",12328,
"RICHARDS, JOYCE",12332,
"RICHARDS, M.L.",12333,
"RICHARDS, M.L.-SHASTA OIL",12327,
"Richards, R.",12334,
"Richards, W.",12335,
"RICHARDS, WRAY",12335,
Richardson,15583,
RICHARDSON,15583,
RICHARDSON-BASS,26309,
RICHARDSON-BASS-SHELL,26309,
RICHARDSON-CHRISTIAN-CARPENTER,26309,
RICHARDSON - ALDRICK DELTA CORP.,26309,
RICHARDSON & BASS,26309,
RICHARDSON & BASS & LOS NIETOS,26309,
RICHARDSON & C. C. DRILLING CO.,26309,
RICHARDSON & HILL,26309,
RICHARDSON & KELSEY,26309,
RICHARDSON ET AL,26309,
RICHARDSON OIL CO.,26308,
"RICHARDSON OIL, INC.",26308,
RICHARDSON OILS INC.,26308,
"RICHARDSON OILS, INC",26308,
RICHARDSON PETROLEUM,26308,
RICHARDSON PETROLEUM CO.,26308,
RICHARDSON S W,12345,
RICHARDSON SID W,12345,
"RICHARDSON, A. H.",12337,
"RICHARDSON, A.M.",12338,
"RICHARDSON, C.R.",12339,
"RICHARDSON, D.M. (DEL MAR)",12341,
"RICHARDSON, J. ET AL",12342,
"RICHARDSON, JOYCE",12342,
"RICHARDSON, M.I.",12343,
"RICHARDSON, R.H.",12344,
"RICHARDSON, S. W.",12345,
"RICHARDSON, S.W.",12345,
"RICHARDSON, S.W. ET AL",12345,
"RICHARDSON, SID",12345,
"RICHARDSON, SID ET AL",12345,
"RICHARDSON, SID W.",12345,
"RICHARDSON, SID W. INC.",26308,
"RICHARDSON, W.",12346,
"RICHARDSON, W.A.",12346,
"RICHARSON, S.W. ET AL",12345,
RICHEY,15584,
RICHEY ET AL,26310,
RICHFIELD,28855,
RICHFIELD OIL,26311,
RICHFIELD OIL CO.,26311,
RICHIE,17382,
RICHLAND-POWELL,26313,
Richland Exploration,26312,
"Richland Exploration Co., Inc.",26312,
"Richland Resources, Inc.",26312,
RICHMOND,15585,
RICHMOND & COLEMAN,26316,
RICHMOND & HUNTER,26316,
RICHMOND DRILLING,26314,
RICHMOND DRILLING CO.,26314,
RICHTER,15586,
RICHTON ET AL,26318,
RICK'S EXPLORATION,26319,
Rick Colwell,5970,
Rick Olson/Georgina Lukoczki,,Rick Olson/Georgina Lukoczki
Rick Potts,11968,
RICKENBACK,15587,
"Ricker, John R.",12350,
"RICKER, R.",12351,
"RICKER, R.P.",12351,
"Ricketts, V.",12355,
RICKS EXPLORATION,26319,
Ricky Lehrter (ORCID 0000-0002-5760-9269),9817,
RICO,17383,
RIDDLE,15588,
RIDDLE DRILLING CO.,26320,
RIDDLE OIL,26320,
RIDER TRUST,26321,
"Ridgely Petroleum Corp., 81-i",26322,
RIDLEY - WHEELER,26323,
"Ridley, Ian",12361,
"Riechold Chemicals, Inc.",26324,
"Riedl, S.",1109,
"Riedl, Simon",1109,
RIEK,17384,
"RIESAL SCHOOL - R.E. LYON, SUPT.",10152,
"Rieske, David E",12367,
RIFE,17385,
RIFE-TEXIO OIL CO.,26326,
RIFE & SCOTT,26325,
"RIFE, A.J.",12368,
RIFFE,15589,
RIGG,17386,
RIGGINS OIL & GAS CO.,26327,
Riggs,15590,
RIGGS ET AL,26328,
"Righter, K.",12370,
RIGO,17387,
RILEY,15591,
Riley Brothers,26329,
"Riley Puragtory Bluff Watershed District, David Austin",4436,
"RILEY, J.H.",12372,
RILLAM,15592,
"RIMDUS, FRANK",12373,
RIMROCK,15593,
RINCON OIL CO.,26330,
RINER & BAILEY DRILLING CO.,26331,
RING OIL CO.,26332,
RINGLE,17388,
"RINGLE, HARRY A.",12375,
RINGO,17389,
RIO-TEX,26345,
RIO BRAVO,26333,
RIO BRAVO OIL,26334,
RIO BRAVO OIL CO.,26334,
RIO COLORADO OIL & GAS,26335,
RIO DEVELOPMENT CO.,26336,
RIO GAS GATHERING,26337,
RIO GRANDE,26338,
RIO GRANDE OIL CO.,26339,
RIO OIL CO.,26340,
RIO PECOS OIL CO.,26341,
RIO RICO OIL CO.,26342,
RIO SECO OIL CO.,26343,
RIO TEX,26344,
RIOS,17390,
Ripley Sons,26346,
Rising and Rising and Nelson Slate Company,26347,
RISING STAR ENERGY LLC,26348,
"RISING, K.L. TRUST",26349,
Rita Leal (ORCID 0000-0003-4194-7703),9768,
RITA OIL & GAS CO.,26350,
RITCHIE & MUMME,26351,
ritterm@battelleecology.org,12382,
ritterm1@battelleecology.org,12383,
"River Gas Corp., The",26352,
"River Oaks, Inc.",26353,
Riverdale Quarry LLC,26354,
RIVERSIDE,28871,
RIVERSIDE & AMERICAN TRADING,26355,
RIVERSIDE OIL CO.,28871,
"RIVES, JOHN",12390,
RIVOIRE,17391,
RJ XX CARAWAY,26356,
RK PETROLEUM,26357,
rkrajewski@battelleecology.org,12393,
rlarson@field-ops.org,12394,
rlehrter@battelleecology.org,12395,
RMC,15594,
"Roach, Ralph H. Ltd.",26358,
ROAN,17392,
ROAN-COKER-KILES,26359,
"ROAN, W.B. ET AL",26359,
Roane Iron Company,26360,
ROARD-HOOKER-HILL,26361,
ROARK,17393,
ROARK-HOKER CO.,26362,
ROARK-HOOKER,26362,
ROARK-HOOKER-HILL,26362,
ROARK-HOOKER-HILL-PHILLIPS,26362,
ROARK-HOOKER-JONES-STASNEY,26362,
ROARK-HOOKER-JONES STASNEY,26362,
ROARK-HOOKER-ROARK,26362,
ROARK-HOOKER-ROARK-PIPER,26362,
ROARK-HOOKER-ROSE,26362,
ROARK-HOOKER & ETXL,26362,
ROARK-HOOKER ET AL,26362,
ROARK-ROARK DRILLING CO.,26362,
ROARK & ASSOC.,26362,
ROARK & HOOKER,26362,
"ROARK & HOOKS, C.G. MRS.",26362,
ROARK ET AL,26362,
ROARK HOOKER & AGH,26362,
"ROARK, HOOKER & WILSON",26362,
"ROARK, HOOKER, HILL & CLARK",26362,
"ROARK, R.H.",12400,
Rob Hamnett (ORCID 0000-0003-3396-0908),8023,
Rob Kuchta,9583,
Rob Morgan/Virginia Gillerman,,Rob Morgan/Virginia Gillerman
Rob Pockalny,11923,
"Rob Sohn, Pat Shanks, Lisa Morgan Morzel, Sheri Fritz, Cathy Whitlock",,"Rob Sohn, Pat Shanks, Lisa Morgan Morzel, Sheri Fritz, Cathy Whitlock"
Robbins,17394,
Robby MacKinnon (ORCID 0009-0001-9131-5010),16973,
ROBERS ET AL,26363,
"ROBERS, S B. & SHOULTS, CARL",,"ROBERS, S B. & SHOULTS, CARL"
Robert Ackert,158,
Robert Ballard,4538,
Robert Ballard and Larry Mayer,,Robert Ballard and Larry Mayer
Robert Baumgardner,427,
Robert Boumis (ORCID 0000-0002-8545-6706),5040,
Robert Bright,5170,
Robert Chambliss (ORCID 0000-0001-6073-4397),5701,
Robert Coats,5899,
Robert Collier,5949,
Robert Curtis,6231,
Robert E. Weems,14404,
Robert E. Weems from Daryl Domning,,Robert E. Weems from Daryl Domning
Robert E. Weems from James L. Dobie,,Robert E. Weems from James L. Dobie
Robert E. Weems/Al Sanders,,Robert E. Weems/Al Sanders
Robert Eugene Zartman,14869,
Robert F Anderson,4278,
Robert F. C. Naczi,11174,
Robert Gamewell McGimsey,10542,
Robert H. Rutford,12626,
Robert Hilton,8434,
Robert J. Gillis,7571,
Robert Jacobi,17912,
Robert L. Smith,13257,
ROBERT MCCARTHY & JACK LOVE,,ROBERT MCCARTHY & JACK LOVE
Robert Mcnatt (ORCID 0000-0002-9611-5974),10611,
Robert Mixon,10858,
Robert Nicholson,11293,
Robert Pockalny and Steve Auscavitch,,Robert Pockalny and Steve Auscavitch
Robert Reynolds,12304,
Robert Starr,13424,
Robert Stern,1003,
Robert Thompson,13824,
Robert Weber (ORCID 0009-0001-1760-9950),14395,
Robert Zierenberg,14912,
"ROBERT, KING",12405,
ROBERTS,17395,
ROBERTS-KYSER-NICHOLS,26364,
ROBERTS-LYNCH-JONES,26364,
ROBERTS-MCLEAN,26364,
ROBERTS & BROWN EAGLE,26364,
ROBERTS & EASTLAND,26364,
ROBERTS & FLOWERS,26364,
ROBERTS & WHITSON,26364,
"ROBERTS, A.L.",12408,
"ROBERTS, B.S.",12409,
"Roberts, C.",12410,
"Roberts, Carroll N.",12411,
"ROBERTS, GRAHAM OIL CO.",26364,
"ROBERTS, J.B.",12414,
"ROBERTS, S.B.",12417,
"ROBERTS, S.B. & SCOTT",12417,
ROBERTSON,17396,
ROBERTSON-RHODES,26367,
ROBERTSON & DUNIGAN,26366,
ROBERTSON & RHODES,26366,
ROBERTSON DRILLING & DEVELOPMENT CO.,26365,
ROBERTSON ET AL,26366,
"ROBERTSON, C.T.",12418,
"ROBERTSON, F. G.",12419,
"ROBERTSON, J. E. ET AL",12420,
"Robertson, Richard A.",12421,
"ROBERTSON, SAWNIE",12422,
"Robertson, W.",12423,
Robin Baker,4510,
Robin Luna (ORCID 0000-0001-8817-1768),10112,
"Robin Oil and Gas Co., Inc.",26368,
Robina Sharpe,13015,
Robina Sharpe and Fiona McDonald,,Robina Sharpe and Fiona McDonald
Robina Sharpe and Katie Allen,,Robina Sharpe and Katie Allen
Robina Sharpe and Kim Chia,,Robina Sharpe and Kim Chia
Robina Sharpe and Kim Chio,,Robina Sharpe and Kim Chio
"Robina Sharpe, Fiona McRonald and Kim Chia",,"Robina Sharpe, Fiona McRonald and Kim Chia"
"Robina Sharpe, Fiona McRonald and Kim Chia.",,"Robina Sharpe, Fiona McRonald and Kim Chia."
"Robina Sharpe, Fiona McRonald, Katie Allen",,"Robina Sharpe, Fiona McRonald, Katie Allen"
"Robina Sharpe, Fiona McRonald, Kimberley Chia",,"Robina Sharpe, Fiona McRonald, Kimberley Chia"
"Robina Sharpe, Katie Allen",,"Robina Sharpe, Katie Allen"
"Robina Sharpe, Katie Allen and Kim Chia",,"Robina Sharpe, Katie Allen and Kim Chia"
"Robina Sharpe, Katie Allen, Fiona McRonald",,"Robina Sharpe, Katie Allen, Fiona McRonald"
"Robina Sharpe, Kim Chia and Katie Allen",,"Robina Sharpe, Kim Chia and Katie Allen"
"Robina Sharpe, Kimberley Chia",,"Robina Sharpe, Kimberley Chia"
robinett@battelleecology.org,12425,
ROBINSON,15879,
"Robinson's Bend Operating Co., LLC",26377,
"Robinson's Bend Operating II, LLC",26377,
ROBINSON-ANGLE OIL CO.,26375,
ROBINSON-PUCKETT,26376,
ROBINSON & JOHNSON,26369,
ROBINSON BROS,26370,
ROBINSON BROS OIL CO.,26370,
ROBINSON BROTHERS,26370,
ROBINSON BROTHERS OIL PRODUCTION,26370,
ROBINSON DRILLING,26372,
ROBINSON DRILLING CO.,26371,
ROBINSON ET AL,26373,
Robinson G. & S.,26374,
ROBINSON OIL & GAS,26371,
"ROBINSON, B.F.",12426,
"Robinson, George",12429,
"ROBINSON, J.M.",12430,
"ROBINSON, M.E.",12432,
"Robinson, P.",12433,
ROCHE,17399,
ROCHE OIL CO.,26378,
ROCHESTER,17400,
Rochester N.,12441,
ROCK-HILL,26388,
ROCK-WELLMAN,26393,
ROCK HILL ET AL,26380,
ROCK HILL OIL CO.,26381,
ROCK ISLAND OIL & REFINING CO.,26382,
Rock Mineral Collection,26383,
"Rockbridge Oil and Gas, Inc.",26385,
ROCKCLIFF OIL CO.,26386,
ROCKDALE DEVELOPMENT CO.,26387,
ROCKDALE OIL CO.,26387,
ROCKHILL,26388,
ROCKHILL & BUECHER,26390,
ROCKHILL & PHILLIPS,26390,
ROCKHILL & ROWE,26390,
ROCKHILL OIL CO.,26389,
ROCKHILL OIL CO. ET AL,26389,
ROCKLAND OIL CO.,26391,
ROCKWALL DRILLING CO.,26392,
"Rockwell, T. and Pollard, W.",,"Rockwell, T. and Pollard, W."
"Roddy, D. J.",12445,
"Roddy, D. J. and Shoemaker, C. S.",,"Roddy, D. J. and Shoemaker, C. S."
RODEN & MAGUIRE,26395,
RODEN OIL CO.,26396,
RODEN OIL CO. & COSDEN PETROLEUM CORP.,26397,
RODEN OIL CORP.,26396,
"RODEN, BILL",12446,
"RODEN, BILL ET AL",12446,
RODEO CORP.,26398,
RODGERS,17401,
RODGERS & HANKAMER,26399,
RODGERS & HEWITT,26399,
RODGERS & RODGERS,26399,
"RODGERS, J.C.",12449,
"RODGERS, J.E.",12450,
RODMAN & EASTER,26401,
RODMAN & NOEL,26401,
RODMAN CORP.,26400,
"RODMAN, E. G.",12451,
"RODMAN, GEORGE INC.",12452,
Rodolfo Coccioni,5910,
Rodrigo Vargas,14120,
Rodriguez,17402,
rodriguezz@battelleecology.org,12458,
Roebling W.A.,12461,
ROECO,17403,
"Roedder, E. W.",12463,
ROESER,17404,
ROESER & PENDLETON,26402,
ROESER & PENDLETON ET AL,26402,
ROESER PETROLEUM CO.,26403,
"ROESER, W.T. ET AL",12465,
ROESSER & PENDLETON,26402,
ROESSER & PONDLETON,26402,
ROFOIL DRILLING CO.,26404,
ROGER & CAVIN,26405,
"Roger Byrne, Liam Reidy",,"Roger Byrne, Liam Reidy"
Roger Larson,9720,
Roger Searle/Julian Pearce,,Roger Searle/Julian Pearce
ROGERS,17405,
ROGERS & HEATH,26409,
ROGERS & ROGERS,26409,
ROGERS & ROGERS OIL & GAS CO.,26409,
ROGERS & THOMAS,26409,
ROGERS BROTHERS,26406,
ROGERS JR. TRUST,26407,
ROGERS OIL & GAS CO.,26408,
"ROGERS, C.S.",12468,
"Rogers, W.",12472,
"ROGERS, W. H. JR.",12467,
"ROGERS, W.R.",12472,
"Rohwer, F.W.",12474,
rojasa@battelleecology.org,12476,
ROLAND,17406,
Rolf Mathewes,10383,
Roman DiBiase,1580,
Roman Motyka,11058,
Roman Novakov,11366,
"ROMBERGE, F.",12486,
ROMEO & MURCHISON,26410,
Rommel Zulueta (ORCID 0000-0002-2441-8845),14931,
Ron Counts,1651,
Ron Counts;Scott Waninger,,Ron Counts;Scott Waninger
RONDA-HINDMAN,26412,
RONDEAU,15595,
RONDEAU - JEFFERS,26413,
"RONDEAU, H.E.",12489,
ROOSEVELT & STOGNER,26414,
ROOSTH GENECOV,7492,
ROOT & RHODES,26415,
ROOT REFINING CO.,26416,
"Roots, E. F.",12495,
ROP BRAVO OIL,26417,
ROPER,17408,
ROPER-TODD,26418,
ROPPOLO & SUN,26419,
ROREN,15596,
ROSALIE OIL CO.,26420,
Rosalind Crossley; Katy Evans,,Rosalind Crossley; Katy Evans
Rosalind T. Helz,8290,
ROSE & LEBUS,26421,
ROSE (TWENTIETH CENTURY CO.),26422,
Rose Gallo,1755,
Rose S.W.,12503,
Rose Trometer (ORCID 0000-0002-4139-4427),13950,
"ROSE, BOB",12498,
"Rose, Glenn B.  and  Telverston, H.O.",,"Rose, Glenn B.  and  Telverston, H.O."
"Rose, Glenn D.",12501,
"Rose, T.",12505,
"Rose, W. I.",12506,
Roseblume,17409,
"ROSEBUD, CITY OF",26423,
ROSEFIELD,17410,
Rosemary Hickey-Vargas,8383,
Rosen Oil Corp.,26424,
"ROSENBAUM, TOM",12510,
ROSENBERGER,17411,
ROSENBLOOM,15597,
Rosenblume,17412,
"Rosenbusch, H.",12511,
Rosenfeld,15598,
"Rosenfeld, J.",12513,
ROSENFIELD,15599,
ROSENFIELD ET AL,26425,
"Rosenhahn, L.",12515,
"Rosenhahn, Leo",12515,
Rosenheim B.,12516,
ROSEWOOD,15600,
"Rosewood Corp., The",26426,
ROSEWOOD RESOURCES,26427,
ROSEWOOD RESOURCES INC.,26427,
"ROSEWOOD RESOURCES, INC.",26427,
Rosie Cobbett,5907,
ROSIER & PENDLETON,26428,
"ROSMARTIN, BERNARD TRUSTEE",26430,
rosol@battelleecology.org,12517,
ROSS,17413,
ROSS-SEAR,26433,
ROSS-TYRELL,26434,
ROSS & MARSHALL,26431,
"Ross, C.",12519,
"Ross, D.",12520,
"ROSS, D.M.",12521,
"ROSS, DWIGHT",12520,
"ROSS, O. L. ET AL",12525,
"ROSS, R.",12526,
"ROSSER & PENDLETON, INC.",26432,
ROSSETT,15601,
Rossetto,17414,
rossih@battelleecology.org,12527,
"ROSSMAN, MELVIN L.",12529,
"ROSTER, F.B.",12531,
Roswitha Becker,4717,
ROTARY DRILLING CO.,26435,
ROTH & CO.,26436,
rothey@battelleecology.org,12533,
"Rothrock, H. A.",12535,
"Rothwell, Sally Ann",12536,
ROTONDI,17415,
"ROULT, JR., JOS M.",12540,
ROUND-TOP,26438,
ROUND ROCK OIL CO.,26437,
ROUND TOP OIL CO.,26438,
ROUND TOP OIL CO. - MERRY BROTHERS,26438,
Roundtree & Associates Inc.,26439,
"Roundtree & Associates, Inc.",26439,
Roundtree and Associ,26439,
"Roundtree and Associates, Inc.",26439,
"ROUNTREE, L.U.",12542,
ROUSE & DELP,26440,
ROUTH & FAUROT,26441,
Rouxel_Olivier,1722,
ROWAN,26442,
ROWAN-HEBERT & SMITH,26443,
ROWAN-NICHOLS,26443,
ROWAN-NICHOLS-SIMMS,26443,
ROWAN-TEX. PAC. COAL-WILLIAMS,26444,
ROWAN-TXL,26443,
ROWAN - HOPE,26443,
ROWAN - HOPE DRILLING,26443,
ROWAN - SINCLAIR,26443,
ROWAN - TEXAS,26443,
ROWAN - TEXAS GULF,26443,
ROWAN & CELTIC OIL CO.,26443,
ROWAN & HOPE,26443,
ROWAN & HOPE DRILLING,26443,
ROWAN & HOPE DRILLING - TRANSWESTERN,26443,
ROWAN & HOPE DRILLING CO.,26443,
ROWAN & HOPE ET AL,26443,
ROWAN & NICHOLS,26443,
ROWAN & TONG,26443,
Rowan Britton (ORCID 0000-0002-4634-1025),16072,
ROWAN DRILLING,26442,
ROWAN DRILLING-HOPE,26443,
ROWAN DRILLING-NICHOLS,26443,
ROWAN DRILLING CO.,26442,
ROWAN DRILLING CO.-SOUTHLAND,26443,
ROWAN DRILLING CO. - NICHOLS,26443,
ROWAN DRILLING CO. - SHELL OIL,26443,
ROWAN OIL CO.,26442,
"ROWAN, A.H. & C.L.",26442,
"ROWAN, HEBERT & SMITH",26443,
"ROWAN, M. M.",12549,
"ROWAN, M.M.",12549,
"ROWAN, S.N.",12550,
"ROWAN, W.A.",12551,
ROWDEN,17416,
ROWE,17417,
ROWE-DELANGE-MONDAY OIL CO.,26447,
ROWE-PHILLIPS,26448,
ROWE-SHEIG,26449,
ROWE & ARGO OIL CORP.,26446,
ROWE & DELANGE,26446,
ROWE & HINES ET AL,26446,
ROWE & MCBRIDE,26446,
ROWE & MORTIMER,26446,
Rowe Drlg. Co.,26445,
ROWE ET AL,26446,
Rowe G.,12555,
ROWE OIL CO.,26445,
"ROWE, EARL",12554,
"ROWE, EARL ET AL",12554,
"ROWE, EARL W.",12554,
"Rowe, Frank H., Jr. and Duffy, James L.",,"Rowe, Frank H., Jr. and Duffy, James L."
"ROWE, W. EARL",12557,
"ROWE, W. EARL (AND MCBRIDE)",12557,
"ROWE, W. EARL ET AL",12557,
"ROWE, W.E.",12557,
"ROWE, W.EARL (AND MCBRIDE)",12557,
"ROWE, W.F.",12558,
"ROWE, W.F. ET AL",12558,
"Rowell, Albert J.",12559,
"Rowley, Peter",12561,
ROWSEY,17418,
ROWSEY-TUCKER,26452,
ROWSEY OIL CO.,26450,
"ROWSEY, G.L.",26451,
ROXANA,26453,
ROXANA-LLANO,26454,
ROXANA - TEXAS,26454,
ROXANA OIL,26453,
ROXANA PETROLEUM & FAIN-MCGAHA,26454,
ROXANA PETROLEUM CO.,26453,
ROXANA PETROLEUM CORP.,26455,
ROXANA PETROLEUM CORP. - KIRBY PETROLEUM CO.,26454,
ROXANA PETROLEUM CORP. (?),26453,
Roxanne Beinart,4735,
"Roxy-ann Oil Co., Inc., The",26456,
Roy,17419,
Roy D. Hester,8366,
ROY H. KING ET AL,26457,
"Roy, D. W.",12562,
ROYAL,28856,
ROYAL & RUTHERFORD,26465,
ROYAL DEN,26458,
ROYAL OIL-RUTHERFORD,26463,
ROYAL OIL - RUTHERFORD,26465,
ROYAL OIL & GAS CORP.,26462,
Royal Oil and Gas Corp.,26462,
Royal Ontario Miuseum,26464,
Royal Ontario Museum,26464,
ROYAL RESOURCES,26466,
Royal Resources Corp.,26466,
ROYALTY,28857,
"ROYALTY EXPLORATION, INC.",26467,
ROYCE ET AL,26468,
ROYE-RANKIN & GRAHAM,26469,
ROYLE DEVELOPMENT,26470,
ROYN,17420,
ROYOR,17421,
ROZE ENERGY,26471,
rpatton@field-ops.org,12568,
rpatton@neoninc.org,12568,
rpernick@battelleecology.org,12569,
rpernick@field-ops.org,12569,
RPernick@field-ops.org,12569,
RR DRILLING,26473,
rrobinson@battelleecology.org,12571,
RShowalter@field-ops.org,12572,
rtroske@battelleecology.org,12573,
RUBBLE,17422,
Rubin,17423,
"RUBIN, DAVE",12575,
Rubin/Clague/Embley,26474,
Rubin_Kenneth; Clague_David; Keller_Nicole; Embley_Robert,,Rubin_Kenneth; Clague_David; Keller_Nicole; Embley_Robert
RUBSAM,15602,
Ruby Marsden,15805,
Ruby Marsden: Martin Danisik,,Ruby Marsden: Martin Danisik
Ruby Whorton (ORCID 0009-0008-5127-899X),17761,
"Ruchi Bhattacharya, Sonja Hausman",,"Ruchi Bhattacharya, Sonja Hausman"
"RUCKER, C.F.",12578,
RUDCO OIL & GAS CO. (BAILEY-MARTIN),26475,
RUDCO OIL CO.,26475,
RUDMAN,17424,
RUDMAN OIL CO.,26476,
"RUDMAN, I.",12581,
"RUDMAN, M.B.",12582,
"Rudman, M.B.-Marr, M.H.",,"Rudman, M.B.-Marr, M.H."
"Rudman, M.B. et al-Armour, C. Dale",,"Rudman, M.B. et al-Armour, C. Dale"
"Rudolph, Emanuel",12584,
RUDOR OIL CO.,26477,
RUHMAN & MAULDIN,26478,
RUIZ & MORTON INC.,26480,
ruiza@battelleecology.org,12595,
ruizortiz@battelleecology.org,12596,
"Rulexco, Inc.",26481,
RUMAN,17427,
RUMMEL,17428,
RUMMELL,17429,
RUMSON PRODUCTION,26482,
"RUNDER, NILA",12598,
RUNGE OIL & GAS CO.,26483,
RUNNELS COUNTY OIL,26484,
"Runnels, C.",12601,
RUPUBLIC NATURAL GAS,26487,
RUSH,17430,
Rush Oil Co.,26488,
"Rush Oil Co., Inc.-Lee, R.A., Inc.",26488,
"RUSH, STANLEY",12604,
RUSHWALD,17431,
RUSHWOLD,15603,
"RUSK, O.C. ET AL",26489,
"RUSK, W.M.",12605,
Ruskin J.,12606,
Ruskin John,9006,
Russ Burmester,5357,
RUSS PETROLEUM,26490,
RUSS PETROLEUM CO.,26490,
"RUSS, L.F. ET AL",26491,
RUSSEL MCGUIRE,26492,
RUSSEL PETROLEUM CO.,26493,
RUSSELL,17432,
RUSSELL-CAREY,26494,
RUSSELL-COBB-ROE,26494,
RUSSELL-MAGUIRE,26494,
RUSSELL-MONROE,26494,
RUSSELL-MONROE ET AL,26494,
RUSSELL & COLWELL,26494,
RUSSELL & GEE,26494,
RUSSELL & SPENCER,26494,
Russell Callahan,1225,
Russell Di Fiori,6496,
RUSSELL ET AL,26494,
RUSSELL PRODUCTION CO.,26493,
Russell V. Di Fiori/Cody Steven,,Russell V. Di Fiori/Cody Steven
"RUSSELL, B.R.",12608,
"Russell, C. W.",12610,
"RUSSELL, HUBBARD S.",12611,
"Russell, I.",12613,
"RUSSELL, J. MORGAN",12614,
"RUSSELL, JESSE",12616,
"RUSSELL, M.",12617,
"RUSSELL, OTIS",12618,
"RUSSELL, W.F.",12620,
russellb@battelleecology.org,12621,
"Rust, I. C.",12624,
"Rutford, Robert",12626,
Ruth Cumberland,6211,
Ruth Heidel (ORCID 0009-0002-1350-1448),8268,
RUTHERFORD,15604,
RUTHERFORD-HEEP,26498,
RUTHERFORD & EATON,26498,
RUTHERFORD & OWENS,26498,
RUTHERFORD DRILLING CO.,26497,
RUTHERFORD OIL,26497,
RUTHERFORD OIL CO.,26497,
RUTHERFORD OIL CORP.,26497,
RUTHERFORD OIL ET AL,26497,
"RUTHERFORD, P. R.",12629,
"RUTHERFORD, P. R.-HOUSTON OIL",26498,
"RUTHERFORD, P.R.",12629,
"RUTHERFORD, P.R. ET AL",26498,
"RUTHERFORD, PAT ET AL",26498,
"RUTHERFORD, R.P.",12629,
rutkowski@battelleecology.org,12630,
RUTLAND OIL CO.,26499,
RUTLEDGE ET AL,26500,
"RUTLEDGE, W.T.",12631,
RUTTER-WILBANK,26502,
RUTTER & WILBANKS,26501,
"RUTTER, A.W.",12633,
RUVELL TRUSTEE,26503,
RUWALDT & JACKSON,26504,
RUWALDT & RAMSIER,26504,
RUWALT,17433,
RUWALT ET AL,26505,
"RUWWE, JOHN W. & REAVES, JACK",,"RUWWE, JOHN W. & REAVES, JACK"
ruybal@battelleecology.org,12635,
rvalentine@battelleecology.org,12636,
rvalentine@field-ops.org,12636,
RValentine@field-ops.org,12636,
rvistocci@field-ops.org,12637,
RYAN-ANDREWS,26509,
RYAN-BURK-HAYNES-ET AL,26509,
RYAN-HAYES-BURK,26509,
RYAN-HAYES-BURKE,26509,
RYAN-HAYES-BURKE-GRAHAM,26509,
RYAN-HAYES-BURKS,26509,
RYAN-HAYES & BURK,26509,
RYAN-HAYES & BURKE,26509,
RYAN-HAYS-BURKE,26509,
RYAN-HAYS & BURKE,26509,
RYAN & ABBOTT,26509,
RYAN & ANDERSON,26509,
RYAN & HAYES & BURKE,26509,
RYAN & STARR,26509,
RYAN & TILLERY,26509,
Ryan Adams (ORCID 0000-0001-7187-3229),4063,
"RYAN CONSOLIDATED - MCGLOTHLIN, W.C.",26507,
RYAN CONSOLIDATED OIL CO.,26508,
RYAN CONSOLIDATED PETROLEUM CO.,26508,
RYAN CONSOLIDATED PETROLEUM CORP.,26508,
Ryan E. Frazer,160,
Ryan Falkowski,7021,
Ryan Fong (ORCID 0009-0001-7354-0601),7229,
Ryan Frazer,160,
RYAN OIL CO.,26506,
RYAN PAUL,11671,
RYAN PETROLEUM CO.,26506,
Ryan Stewart,13497,
Ryan T Tucker,13975,
Ryan Thigpen,1465,
Ryan Williams,14616,
Ryan Williams (ORCID 0000-0003-4958-6412),14616,
"RYAN, HAYS & BURKE",26509,
"RYAN, HAYS, BURKE & NEWMAN BROTHERS",26509,
"RYAN, J. & BLAFFER, J.",,"RYAN, J. & BLAFFER, J."
"RYAN, KATHERINE",12642,
"RYAN, PAUL ET AL",12644,
RYCADE,17434,
RYCADE OIL,26510,
RYCADE OIL CO.,26510,
RYCADE OIL CORP.,26510,
RYDAL OIL CO.,26511,
RYDAL OIL CORP.,26511,
RYEN,15605,
S F. Emmons.,6908,
S Murray,17913,
S P,17435,
S&H RESOURCES,26512,
S&R OIL CO.,26513,
S. A. Hobson,8471,
S. Brachfeld,5087,
S. Brantley,139,
S. E. W. OIL CO.,26514,
S. Giralt,7583,
S. Hansen,8064,
"S. Heck, E.Buchholz",,"S. Heck, E.Buchholz"
S. Ishman,8804,
S. Israel,8810,
"S. Lavon Evans, Jr. Operating Co., Inc.",26515,
S. Maal√∏e,10169,
S. Mattingly,10399,
S. Myers,11166,
S. O. T.,17436,
S. Rose,12502,
S. Rosengard,12514,
S. Schrˆer,12858,
S. T. Knott,9472,
S. Wise,14682,
S.E.W. OIL CO.,26516,
S.F. HURLBUT ET AL,26517,
S.J. Foreman,7243,
S.O. Mcavaney,10450,
S.O.B.,15606,
S.R C. OIL CO.,26518,
S.T.P.,17437,
S.W. GAS,26519,
S.W.L.,17438,
S.W.L./GEOTEST,26520,
"Saal, Alberto",12649,
Saavedra J.; Perez-Torrado F.J.; Fernandez-Turiel J.L.; RodrÌguez-Gonz·lez A.,,Saavedra J.; Perez-Torrado F.J.; Fernandez-Turiel J.L.; RodrÌguez-Gonz·lez A.
Saba Exploration Company,26521,
saball@battelleecology.org,12651,
SABATIER P,12652,
SABENS,15607,
SABENS - BEVANS,26522,
SABENS ET AL,26523,
"SABENS, E.H.R.",12654,
Saber Ramos (ORCID 0009-0002-8245-1237),12147,
Sabine Berzins (ORCID 0000-0002-9266-6437),4822,
SABINE OIL & GAS CO.,26524,
SABINE PRODUCTION CORP.,26525,
Sabra Moen (ORCID 0009-0003-3959-3034),10887,
SACKETT & KEOUGHAN,26526,
SACRAMENTO-RIO GRANDE PRODUCTION CO.,26528,
"Saddler, David",12658,
"SADDLER, N.",12659,
"SADDLER, SHELTON, & CRABTREE",26529,
Sadie Matteucci (ORCID 0000-0001-9335-3304),10393,
SADLER,17439,
"SADLER, HARLEY",12660,
"SADLER, HARVEY ET AL",12661,
"Saemann, L.",12663,
"Saenz, R. R.",12664,
"Saeran, L.",12665,
"Safford, J.",12668,
Saga Petroleum Limited Liability Company of Colorado,26530,
SAGA PETROLEUM LLC,26530,
"Saga Petroleum U.S., Inc.",26530,
SAGE ENERGY,26531,
sagel@battelleecology.org,12670,
Sager,15608,
Sager_William,12672,
SAHAIA,17440,
SAHARA,17441,
Sahara Iverson (ORCID 0000-0002-1140-7004),8816,
Sairah Malkin,10242,
"Saksela, M.",12677,
SAL VIEJA,26535,
SAL VIEJA OIL CO.,26535,
SALINA,15609,
SALISBURY ET AL,26538,
SALLS,17442,
"Sally Donovan, Jacques Finlay",,"Sally Donovan, Jacques Finlay"
"SALMON, G.E.",12685,
SALT DOME,26539,
SALT DOME & REYNOLDS MET ALS,26540,
SALT DOME DRILLING CO.,26539,
SALT DOME OIL CO.,26539,
SALT DOME OIL CO. - GULF,26540,
SALT DOME PRODUCTION CO.,26539,
SALT GAP,26541,
"SALTERS, F.D.",12687,
"SALTWATER, VAN",12688,
Sam Blackburn,4897,
Sam Doak (ORCID 0000-0002-3472-3149),6554,
Sam Hoffman,8489,
Sam Hoppe,17914,
Sam James,8868,
Sam Kacmarsky (ORCID 0000-0002-2602-3054),9161,
Sam Killough,9362,
Sam Kremidas (ORCID 0000-0003-4140-8339),9553,
Sam Pierce,1181,
Sam Pierce/John Bargar,,Sam Pierce/John Bargar
Sam Pierce/Kristin Boye,,Sam Pierce/Kristin Boye
Sam Preer,12008,
Sam Preer (ORCID 0000-0002-8685-0449),12008,
Sam Ratcliffe,12180,
Sam Zrust (ORCID 0000-0002-0857-6747),14927,
Samantha Berglin,4803,
Samantha Bova,5047,
Samantha Grieger,1372,
Samantha Kaplan,9185,
Samantha Knowlden (ORCID 0000-0001-5833-8133),9474,
Samantha Matlick (ORCID 0000-0003-1476-1962),10387,
Samantha Meszaros (ORCID 0000-0003-2421-1411),10722,
Samantha Nemkin,11240,
Samantha Trauger (ORCID 0009-0003-9380-2300),17660,
SAMEDAN,17444,
SAMEDAN & HESS ET AL.,26546,
SAMEDAN & UNION,26546,
SAMEDAN MIDWEST COX,26546,
SAMEDAN MIDWEST COX & HUBER,26546,
SAMEDAN OIL,26545,
SAMEDAN OIL CO.,26545,
Samedan Oil Corp.,26545,
SAMEDAN OIL CORP.,26545,
SAMEDAN OIL ET AL,26545,
"SAMEDAN OIL, RENAUD-TUNSTILL",26546,
"Sami Overby, Jeff Wood - University of Missouri; Matt Craig, Joshua Birkebak - Oak Ridge National Lab",,"Sami Overby, Jeff Wood - University of Missouri; Matt Craig, Joshua Birkebak - Oak Ridge National Lab"
"Sami Overby, Jeff Wood - University of Missouri; Melanie Mayes - Oak Ridge National Lab",,"Sami Overby, Jeff Wood - University of Missouri; Melanie Mayes - Oak Ridge National Lab"
Samms Perkins & Ann,26547,
"SAMPLE, HARRY",12696,
SAMPSON,17445,
"Sampson, E.",12698,
"SAMS EXPLORATION, INC",26548,
SAMSON ET AL,26549,
SAMSON RESOURCES,26550,
Samson Resources Company,26551,
Samson Ruggiero (ORCID 0000-0002-9299-545X),12588,
Samuel C Boone,1006,
Samuel F. Emmons,6909,
Samuel Mitchell,10851,
Samuel Nath,503,
Samuel Ruano,12574,
Samuel Swanson,13628,
Samuele Papeschi,887,
SAMUELL,26552,
SAMUELL ET AL,26552,
"SAMUELL, W.W.",12699,
SAMUELS,17446,
SAN ANDRE PRODUCTION CO.,26554,
SAN ANDREAS,26553,
SAN ANDRES,26554,
SAN ANDRES PETROLEUM CO.,26554,
SAN ANDRUS,26555,
SAN ANTONIO,26556,
SAN ANTONIO CITY WATER BOARD,26557,
SAN ANTONIO COTTON MILLS,26559,
SAN ANTONIO OIL PRODUCTION,26558,
SAN ANTONIO PRODUCTION CO.,26558,
SAN BOLT PETROLEUM CO.,26560,
SAN DIEGO & TEXAS OIL CO.,26562,
SAN JACINTO,26564,
"SAN JACINTO & SCHNAPP, BEN",26565,
SAN JACINTO DRILLING CO.,26564,
SAN JACINTO OIL & GAS,26564,
SAN JACINTO OIL BINTLIFF,26565,
SAN JACINTO PETROLEUM CORP.,26564,
SAN JACINTO RIVER OIL CO.,26566,
SAN JAUN OIL CO.,26567,
SAN JUAN,26567,
SAN JUAN DRILLING CO.,26567,
SAN JUAN EXPLORATION,26567,
SAN JUAN EXPLORATION CO.,26567,
SAN MARCOS OIL CORP.,26568,
SAN MATEO ET AL,26569,
SAN PATRICIO,26570,
SAN PETROLEUM OIL CO.,26571,
"Sanburn, W.B.",12702,
SANCHES-O'BRIEN,26573,
SANCHEZ-O'BRIEN,26573,
SANCHEZ-OBRIEN,26573,
SANCHEZ & O'BRIEN,26573,
SANCHEZ OBRIEN,26573,
Sanchez Oil & Gas Corp.,26572,
SANCHEZ OIL & GAS CORPORATION,26572,
SANCHO PANZA MINES,26574,
SANCO MOTORS,26575,
SAND OIL CO.,26576,
SANDAFER,17447,
SANDEFER,17448,
SANDEFER PETR.,26577,
Sandefer Petroleum Co.,26577,
"SANDEFER, T.E.",12711,
SANDERFER,15610,
"SANDERFER, J.D. JR.",12712,
SANDERS & MURCHISON,26579,
SANDERS & SCROGGINS,26579,
SANDERS OIL CO.,26578,
SANDERS R S,12716,
"SANDERS, DOUG",12714,
"SANDERS, JOE ET AL",26580,
"SANDERSON, PAUL",12717,
SANDFER,17449,
"Sandollar Oil and Gas, Inc.",26581,
SANDOR PETROLEUM CO.,26582,
Sandra Barr,4593,
Sandrine Roy,1113,
SANDS AMERICA,26583,
SANDS OIL CO.,26584,
"SANDS, CAROLINE - HUNT TRUST",12719,
"SANDS, CAROLINE HUNT",12719,
SANDY RIDGE SYNDICATE,26585,
SANFORD & RONDEAU,26586,
Sanford Resources Corp.,26587,
"SANFORD, W.",12723,
SANGER OIL & REFINING CO.,26588,
SANGUINE LTD.,26589,
SANNIX OIL CO.,26590,
SANSOM OIL & GAS,26591,
"SANSON, J.M.",12727,
SANTA ANNA INDUSTRIAL,26592,
SANTA CLARA OIL CO.,26594,
SANTA CLARA OIL CO.-MAGUIRE,26595,
SANTA CLARA OIL CO. ET AL,26595,
SANTA FE,26596,
SANTA FE ENERGY,26597,
Santa Fe Energy Corp,26597,
SANTA FE ENERGY CORP.,26597,
SANTA FE ENERGY RESOURCES,26597,
"SANTA FE MINERALS, INC.",26598,
"Santa Fe Minerals, Inc., Div. Of Santa Fe International Corp.",26598,
SANTA FE RAILROAD,26599,
SANTA FE/SNYDER CORP.,26600,
SANTANA PETROLEUM CO.,26601,
SANTE FE WESTERN,26602,
santiago-roman@battelleecology.org,12732,
SANTIAGO OIL & GAS CO.,26603,
santiagoc@battelleecology.org,12731,
"Sanxay, J.",12734,
Saper,17450,
Sara Bogen,4963,
Sara Cook,6010,
Sara Hiatt (ORCID 0000-0001-7717-279X),8378,
Sara Hotchkiss,8586,
"Sara Hotchkiss, James Juvik",,"Sara Hotchkiss, James Juvik"
"Sara Hotchkiss, Kevin Barret, Soo Hyun Kim, Lisa Schomaker, Allison Vitello",,"Sara Hotchkiss, Kevin Barret, Soo Hyun Kim, Lisa Schomaker, Allison Vitello"
"Sara Hotchkiss, Randy Calcote",,"Sara Hotchkiss, Randy Calcote"
"Sara Hotchkiss, Randy Calcote, Kristin Michels",,"Sara Hotchkiss, Randy Calcote, Kristin Michels"
Sara Mana,700,
Sara Mcgillewie,10540,
Sara Mueller,11098,
Sara Speight,13343,
Sara Stanley,13408,
SARAGOSI SÈbastien,14865,
"Sarah Alexander, Lydia Auner, Cameron Webb, Katherine McLellan, Dan Ackerman, Andrew Wolter, Nick Roberts, Charles Umbanhowar, Blas Valeros Garcez",,"Sarah Alexander, Lydia Auner, Cameron Webb, Katherine McLellan, Dan Ackerman, Andrew Wolter, Nick Roberts, Charles Umbanhowar, Blas Valeros Garcez"
"Sarah Crump, Giff Miller",,"Sarah Crump, Giff Miller"
Sarah Ebeler-Monroe (ORCID 0000-0003-3756-1381),6775,
Sarah Ellinger (ORCID 0009-0005-4334-8861),16382,
Sarah Evans,6985,
"Sarah Fowell, Paul Wilcox, Ian Putnam, Jim Baichtal",,"Sarah Fowell, Paul Wilcox, Ian Putnam, Jim Baichtal"
Sarah Hayes: Katy Evans,,Sarah Hayes: Katy Evans
Sarah Henderson,8307,
Sarah Lowe (ORCID 0000-0001-6877-7658),10073,
"Sarah Metcalf, Sarah Davies, Margarita Caballero, Beatiz Ortega, Socorro Lozano",,"Sarah Metcalf, Sarah Davies, Margarita Caballero, Beatiz Ortega, Socorro Lozano"
Sarah Nguyentran (ORCID 0000-0002-4945-210X),11280,
Sarah Roley and Aaron Pelly,,Sarah Roley and Aaron Pelly
"Sarah Roley, Aaron Pelly",,"Sarah Roley, Aaron Pelly"
Sarah Szito (ORCID 0000-0001-8835-6113),13658,
SARANAC OIL CO.,26604,
SARATOGA,17451,
"SARGENT, H.L.",12735,
"Sargent, K.",12736,
SARKEYS INC.,26605,
SARRON,17452,
SARSFIELD-WILSON,26606,
SARSFIELD-WILSON-MCINTYRE,26606,
SARTAIN BROTHERS,26607,
"SARTAIN, D.",12738,
"SARTAIN, ELLETT",12739,
Sasha Prokopenko,12058,
"Sass, Louis",12740,
"Satellite Petroleum Exploration, Inc.",26608,
SATURN DRILLING-NORSWORTHY,26609,
Satyra George (ORCID 0000-0002-4743-3925),7502,
SAULSBURY & REYNOLDS,26610,
Savage Inc,28801,
SAVOY ET AL,26612,
SAWTELLE-GRUBER ET AL,26613,
SAWYER DRILLING CO.,26614,
SAWYER ET AL,26615,
sawyera@battelleecology.org,12753,
SAWYERS,17453,
SAXET,17454,
SAXET OIL CO.,26616,
SAXON,15611,
SAXON EXPLORATION CO.,26617,
SAXON OIL CO.,26617,
SAXTON,17455,
SAYRE OIL CO.,26618,
SCALING,17456,
"Scalisi, I. Philip",12758,
SCANDRILL CO.,26619,
SCARBOROUGH & BIGLANE,26620,
"SCARBOROUGH, C. D.",12762,
Scarlet Passer (ORCID 0009-0006-8299-9672),17259,
SCARLOCK,15612,
SCARP OIL CO.,26621,
SCarpenter@field-ops.org,12764,
scarsi@battelleecology.org,12765,
SCHADE,15613,
SCHAEFER,17457,
SCHAFFER,15614,
"Schaller, W. T.",12768,
"SCHAUB, DICK",12771,
SCHEFFER O T,12773,
"SCHEFTS, IRVING A.",12774,
SCHEICK,15615,
SCHEICK-HAMON-COX,26622,
SCHEMERHORN,15616,
SCHERCK,15617,
SCHERCK - WAHLENMAIER,26623,
"SCHERCK, L.E.",12779,
"SCHERK, I.E.",12781,
SCHERMERHORN,26624,
SCHERMERHORN OIL CORP.,26624,
SCHERMERHORN OIL CORP. - KENWOOD,26624,
"SCHERTZ, CITY OF",26625,
SCHICK,17458,
"Schiefer, David Fortin, Darrell Kaufman",,"Schiefer, David Fortin, Darrell Kaufman"
Schilling,15880,
Schilling and Johnson,,Schilling and Johnson
Schilling and Krause,,Schilling and Krause
SCHIMMEL,17459,
SCHIMMEL ET AL,26626,
SCHIMMEL TRUSTEES,26627,
"SCHIMMEL, V.C.",12789,
"SCHIMMEL, V.G.",12790,
"SCHIMMEL, V.G. ET AL",12790,
"Schindler, Robert J., Sr. et al",12794,
SCHIST OIL (MCALPIN DRILLING CO.),26628,
SCHKADE,17460,
"SCHKADE, O.E.",12795,
SCHLAIKJER,17461,
schlebecker@battelleecology.org,12796,
SCHLESINGER,17462,
Schlichter E.,12797,
Schlichter Ernest,6953,
SCHMERMERHORN,15618,
"Schmidt, Dwight L.",12801,
"SCHMIDT, ELMER F.",12802,
"SCHMIDT, H.",12804,
"Schmidt, Paul",12809,
"Schmidt, R.",12810,
"Schmidt, R. G.",12810,
schmidtka@battelleecology.org,12813,
Schmidtke,15620,
"SCHMITT, E.A.",12818,
Schmitt_Axel; Martin-Barajas_Arturo,,Schmitt_Axel; Martin-Barajas_Arturo
schmittce@battelleecology.org,12819,
Schmitz,15621,
SCHMUDE OIL CO.,26629,
Schnabel Engineering,26630,
SCHNEIDER,15622,
SCHNEIDER & COREY,26631,
SCHNEIDER & REESE,26631,
SCHNEIDER Jean-Luc,12824,
"SCHNEIDER, STEPHEN W.",12825,
schneidera@battelleecology.org,12823,
Schoellhamer,17463,
"SCHOENEMAN, B.F.",12829,
"SCHOENFIELD, E.E.",12830,
SCHOFIELD,15623,
"Schofield, Edmund A.",12832,
SCHOLL & ROBERTSON,26632,
"Scholl, David W.",12833,
scholtens@battelleecology.org,12834,
SCHONWALD,15624,
SCHOOLER,15625,
SCHOOLER-PICKRELL,26644,
SCHOOLER & NORMAN,26643,
"SCHOOLER, HENRY",12839,
"SCHOOLER, L.N.",12840,
SCHOOLFIELD,15626,
SCHOOLFIELD-GUFFEY,26645,
"SCHOONMACHER, GEORGE C.",12841,
SCHOONMAKER,17464,
SCHOONMAKER & PHILLIPS,26646,
Schoonmaker A.O.,12842,
"Schoonmaker, A.O.",12842,
"SCHOONMAKER, GEORGE",12843,
"Schopf, James M.",12844,
Schoppee H.,12845,
Schouten:Tivey:Fornari,,Schouten:Tivey:Fornari
Schouten_Hans,12849,
SCHOUWALL,17465,
"Schrader, E.",12850,
SCHRAM,15627,
SCHRAMM,17466,
"Schreiber, Richard",12851,
"Schreiber, W. A.",12852,
"SCHREINER, G.F. ET AL",12853,
Schroder and Nelson,,Schroder and Nelson
SCHROEDER & GARROTT,,SCHROEDER & GARROTT
schrull@battelleecology.org,12861,
SCHRUP,15628,
SCHUBERT & SCOTT,26647,
"SCHUBERTTYOST, A.F.",12862,
SCHUCH ET AL,26648,
"Schuchert, C. and White, D.",,"Schuchert, C. and White, D."
"SCHULEIR, R. CO.",12865,
"SCHULTE, PAUL",12866,
SCHULTZ & BRANNON,26649,
SCHULTZ OIL CO.,26650,
"SCHULTZ, J.E.",12867,
"SCHULTZ, JACK",12868,
SCHUMADE,17468,
SCHUMAKER,17469,
"SCHUMAKER, F.J. ET AL",12870,
Schupp_Peter,12873,
schuster@battelleecology.org,12874,
"Schutt, John",12877,
SCHWAB,15629,
SCHWAB-WITHERSPOON-SOJOURNER,26651,
SCHWAB - WITHERSPOON,26651,
SCHWAB & FOSTER,26651,
SCHWAB & GEM,26651,
SCHWAB & SHELL,26651,
SCHWAB & WITHERSPOON,26651,
SCHWAB ET AL,26651,
"SCHWAB, CARLISLE AND AUDT.",26652,
"SCHWAB, DICK",26653,
"SCHWAB, DICK ET AL",26653,
"SCHWAB, F.B. ET AL",12879,
SCHWARTZ,17470,
"SCHWARTZ, D.J.",12885,
"SCHWBERT, A.J.",12890,
"SCHWEISINGER, F.A.",12892,
SCIBIENSKI,12893,
"SCIBIENSKI, H.J.",12893,
"Sclater, John",12894,
SCOGGINS EXPLORATION,26655,
SCOTT,15630,
SCOTT-ASHFORD,26658,
SCOTT-HEYWOOD,26658,
SCOTT & ANDERSON,26658,
SCOTT & GRAY,26658,
SCOTT & LIVINGSTON,26658,
SCOTT & MYERS,26658,
SCOTT & TURPIN,26658,
Scott Anderson,4282,
Scott Brooks,5199,
Scott Brooks/ Kenneth Lowe,,Scott Brooks/ Kenneth Lowe
SCOTT BROS,26656,
SCOTT BROTHERS,26656,
Scott Chesman,5765,
Scott Dreher,6643,
Scott Drlg. Co.,26657,
Scott Girdner,7588,
Scott Hill (ORCID 0000-0003-3998-2024),8422,
"Scott Mensing, Eric Heaton, A.Patterson, S.Strachan, J.Boehm, D.Rhode, A.Csank, D.Kennett",,"Scott Mensing, Eric Heaton, A.Patterson, S.Strachan, J.Boehm, D.Rhode, A.Csank, D.Kennett"
"Scott Mensing, Gianluca Piovesan, Emanuele Presutti-Saba, Claire Archer, Theo Dingemans",,"Scott Mensing, Gianluca Piovesan, Emanuele Presutti-Saba, Claire Archer, Theo Dingemans"
"Scott Mensing, Gianluca Piovesan, Emanuele Presutti-Saba, Irene Tunno",,"Scott Mensing, Gianluca Piovesan, Emanuele Presutti-Saba, Irene Tunno"
"Scott Mensing, Gianluca Piovesan, Emanuele Presutti-Saba, Irene Tunno, Paula Noble",,"Scott Mensing, Gianluca Piovesan, Emanuele Presutti-Saba, Irene Tunno, Paula Noble"
"Scott Mensing, Gianluca Piovesan, Emanuele Ziaco, Carlo Virili, Irene Tunno",,"Scott Mensing, Gianluca Piovesan, Emanuele Ziaco, Carlo Virili, Irene Tunno"
"Scott Mensing, Gianluca Piovesan, Emanuele Ziaco, Emanuele Presutti-Saba, Irene Tunno",,"Scott Mensing, Gianluca Piovesan, Emanuele Ziaco, Emanuele Presutti-Saba, Irene Tunno"
"Scott Mensing, Gianluca Piovesan, Emanuele Ziaco, Irene Tunno",,"Scott Mensing, Gianluca Piovesan, Emanuele Ziaco, Irene Tunno"
"Scott Mensing, Gianluca Piovesan, Theo Dingemans, Michele Baliva",,"Scott Mensing, Gianluca Piovesan, Theo Dingemans, Michele Baliva"
"Scott Mensing, Gregory Weisberg, Theo Dingemans, Jeffry Bryant",,"Scott Mensing, Gregory Weisberg, Theo Dingemans, Jeffry Bryant"
Scott Neubauer,11250,
Scott Nooner,11344,
SCOTT OIL CO.,26657,
SCOTT W. MEYER,10738,
Scott Waninger,14322,
"SCOTT, D.D",12896,
"SCOTT, DICK",12897,
"SCOTT, DICK ET AL",12897,
"SCOTT, G.R.",12898,
"SCOTT, J.L.",12899,
"SCOTT, PAUL",12902,
scragg@battelleecology.org,12907,
Scragg@battelleecology.org,12907,
SCRIBNER-ULMER,26660,
SCRIBNER ET AL,26660,
"Scruggs, E.D.-Cashion, Lyle Co.",26662,
SCULLY & HARWELL,26663,
"SCULLY, D.B.",12910,
SCURLOCK,17471,
SCURLOCK - GULF OIL CORP.,26665,
SCURLOCK OIL,26664,
SCURLOCK OIL CO - SHELL OIL CO.,26665,
SCURLOCK OIL CO.,26664,
SCURLOCK OIL CO. - TENNESEE GAS TRANS. CO,26665,
"SCURLOCK, E.C.",12911,
SCURRY REEF SAMPLES,26666,
sdixon@battelleecology.org,12912,
Sdixon@battelleecology.org,12912,
SEABERRY & SMITH,26667,
SEABOARD,26668,
SEABOARD - MONSANTO,26669,
SEABOARD - TEXAS PACIFIC C & O,26669,
SEABOARD & HAMON,26669,
SEABOARD & SHAMROCK,26669,
SEABOARD ET AL,26669,
SEABOARD OF DEL.-STD. OF KAN.,26668,
SEABOARD OF DELAWARE (PAN AMERICAN),26669,
SEABOARD OIL-FRAZIER,26669,
SEABOARD OIL-REPUBLIC,26669,
SEABOARD OIL-SOUTHERN MIN.,26669,
SEABOARD OIL-STANOLIND OIL,26669,
SEABOARD OIL - CONOCO,26669,
"SEABOARD OIL - MEADOWS, W.E.",10637,
SEABOARD OIL & TIDEWATER OIL,26669,
SEABOARD OIL (TEXACO),26669,
Seaboard Oil Co.,26668,
SEABOARD OIL CO.,26668,
SEABOARD OIL CO. & PAN AMERICAN,26669,
SEABOARD OIL CO. (TEXACO),26669,
SEABOARD OIL CO. ET AL,26669,
Seaboard Oil Co. Of Delaware,26668,
SEABOARD OIL CORP.,26668,
SEABOARD OIL CORP.-GULF,26669,
SEABOARD OIL CORP.-WELLINGTON,26669,
SEABOARD OIL CORP. - DUNWOODY,26669,
SEABOARD OIL CORP. - MELBERT,26669,
SEABOARD OIL CORP. - SHAMROCK,26669,
SEABOARD OIL CORP. ET AL,26669,
SEABOARD OIL OF DELAWARE,26668,
SEAGRAVES,17472,
SEAGRAVES-MOODY,26671,
SEAGRAVES-SALESBURY,26671,
SEAGULL,17473,
SEALEY ESTATE,26672,
SEALING,17474,
SEALS CREEK OIL CO.,26673,
"SEALY, J.R.",12915,
Seaman Mineral Museum,26674,
Sean Bemis,741,
Sean Dyer (ORCID 0000-0003-4032-8716),6746,
Sean Franco (ORCID 0000-0002-8102-9862),7300,
Sean Gaynor,432,
Sean Hauser,17915,
Sean Kearns (ORCID 0000-0002-9556-7629),9234,
Sean McAlevy (ORCID 0000-0002-7370-5672),10447,
Sean Mulcahy,609,
Sean P. Long,10025,
Sean Perez (ORCID 0000-0002-4940-0940),11751,
Sean Regan,12261,
SEAPORT OIL CO.,26675,
SEAPORT OIL CO. (TENNESSEE GAS TRANS),26676,
SEAPORT PETROLEUM CO.,26675,
"SEARCYA, W.R. & CURRIE, M.A.",,"SEARCYA, W.R. & CURRIE, M.A."
SEAROCK OIL CO.,26677,
"Sears, J.",12919,
"SEARS, ROSS ET AL",26678,
SEAY & CRANFILL,26679,
SEAY ET AL,26680,
Sebastian Voigt/Raymond Michels,,Sebastian Voigt/Raymond Michels
Sebastian Zapata,969,
Sebastien Bertrand,359,
SÈbastien Bertrand,359,
SÈbastien ZARAGOSI,14865,
sebeler@battelleecology.org,12921,
sebeler@field-ops.org,12921,
SECO CREEK,26681,
SECONDARY RECOVERY INC.,26683,
SECURE TRUST,26684,
SECURITY,17475,
SECURITY DRILLING CO.,26685,
SEDGWICK & CALLAHAN,26686,
SEED,15631,
SEEDS,17476,
"SEEGER, W.J.",12923,
"SEELIGER, FRANK",12924,
Seewald_Jeffrey,12925,
Seewald_Jeffrey; Seyfried_William,,Seewald_Jeffrey; Seyfried_William
Seewald_Jeffrey; Seyfried_William; Reysenbach_Anna-Louise,,Seewald_Jeffrey; Seyfried_William; Reysenbach_Anna-Louise
Segeler C.G.,12926,
Segerstrom C.,12927,
seggar@battelleecology.org,12928,
"SEIBEL, A. - CECIL STEIN (PREVIOUS HUMBLE OIL & REFINING CO.)",26687,
SEIBER,15632,
SEIBER HOTEL,26688,
"SEIBOLD, W.F.",12930,
"SEIDERMAN, ADOLPH",12931,
"Seiders, V. M.",12932,
Seiji Hayashi,8199,
SEITZ,17477,
SEITZ-COMEGYS-SEITZ,26689,
SEITZ-COMEGYS-SIETZ,26689,
SEITZ-SEITZ-WHALEY,26689,
SEITZ - SOHIO PETROLEUM CO.,26689,
SEITZ & SEITZ,26689,
SEITZ ET AL,26689,
"Seitz, Clyde H.",12934,
"SEITZ, ET AL",26689,
"SEITZ, EUGENE",12935,
"Seitz, Hans Michael",12936,
"SEITZ, J.R.",12937,
"SEITZ, J.R. & ADAM",26689,
SELBY,17478,
SELBY-WALKER CORP.,26690,
"Self, S.",12939,
"Self, Stephen",12939,
"SELIA, A.L.",12941,
SELLS PETROLEUM CO.,26691,
SELLS PETROLEUM INC,26691,
SELTZER,15633,
SEMINOLE OIL & GAS CORP.,26692,
SEMMES & ROGERS,26693,
"SEMMES, D.R.",12947,
SENATE OIL CO.,26694,
SENDERO OIL CO.,26695,
SENECA,17479,
SENECA DEVELOPMENT CO.,26696,
"Seneca Development Co. and Eaves, Everett",26697,
SENECA RESOURCES,26696,
Seneca Resources Corporation,26696,
SENECARE RESOURCES,26698,
SENECH OIL CO.,26699,
SENOCO LESE,26700,
sepulveda@battelleecology.org,12951,
SEQUOIA,17480,
SEQUOIA OIL CO.,26703,
SERBAN INC.,26704,
serebryansky@battelleecology.org,12954,
Sergei Katsev,9211,
"Sergei Katsev, Erik Brown",,"Sergei Katsev, Erik Brown"
"Sergei Katsev, Jiying Li, Sean Crowe, Maria Dittrich, Anqi Liang",,"Sergei Katsev, Jiying Li, Sean Crowe, Maria Dittrich, Anqi Liang"
SERGIO & PUNCHES,26705,
Sergio Amaya,1222,
Sergio Byron Morera Julca,12955,
Serio-dalco,26706,
Serio-Punches,26707,
SERVICE DRILLING CO.,26708,
serwin@battelleecology.org,16398,
Serwin@battelleecology.org,16398,
SESCO,17481,
SESSION,17482,
SESSIONS,17483,
Seth Freitas (ORCID 0009-0005-3443-707X),16473,
"Seton, W.",12961,
SETTEGAST,15634,
SETTEGAST & MCDANIELS,26711,
SETTIGAST,15635,
SETTLE ET AL,26712,
SEVEN FALLS OIL,26713,
SEVEN STATES OIL CO.,26714,
SEVEN WELL OIL CO.,26715,
SEVENTY-FIVE OIL CO.,26716,
Severance W.A.N.,12963,
severett@battelleecology.org,12964,
Severett@battelleecology.org,12964,
SEWELL,15885,
SEWELL ET AL,26717,
"SEWELL, J.W.",12967,
SEXTON,17484,
Seyfried_William; LeBris_Nadine; Rogers_Karyn,,Seyfried_William; LeBris_Nadine; Rogers_Karyn
Seyfried_William; Rogers_Karyn,,Seyfried_William; Rogers_Karyn
sgeorge@battelleecology.org,12974,
sgoudreau@battelleecology.org,12975,
Sgoudreau@battelleecology.org,12975,
sgrischkowsky@field-ops.org,12976,
"Shackleton, E.",12979,
shackley@neoninc.org,12980,
SHADRACK,17485,
SHADY GROVE,26718,
"Shady, L.",12981,
"SHAE, T.G. OIL CO. (B.A. ARMSTRONG)",26719,
SHAFFER,15636,
"SHAFFER, C.F.",12982,
"SHAFFER, W.J. & CO.",26720,
"Shagam, R.",12983,
"shagun sharma, senko@uakron.edu",1259,
SHAHEEN,17486,
SHAHEEN & BIG SIX,26721,
SHAHEEN & SONS,26721,
SHAHEEN & SONS-CROWN CENTRAL,26721,
"SHAHEEN & SONS (ALBAUGH, RAY A.)",26721,
"SHAHEEN, F.A.",12986,
"SHAHEEN, F.E.",12987,
Shai Arnon and Edo Barzeev,,Shai Arnon and Edo Barzeev
Shaimaa Abdelhaleem,1228,
SHAKELFORD,17487,
Shalane Frost (ORCID 0000-0002-3945-3811),7370,
Shaler Expedition,26722,
"Shaler, N.",12991,
shall@battelleecology.org,12992,
SHALLOW SANDS,26723,
Shamock Well co.,26724,
"Shamred Assoc., Inc.",26725,
SHAMROCK,26726,
SHAMROCK & AMARILLO OIL CO.,26728,
SHAMROCK & SEABOARD,26728,
SHAMROCK OIL & GAS,26727,
SHAMROCK OIL & GAS CO.,26727,
SHAMROCK OIL & GAS CORP.,26727,
SHAMROCK OIL & GAS CORP. (FULTON & HUBER),26728,
SHAMROCK OIL & GAS CORP. (MAXUS ENERGY),26728,
Shana Debty (ORCID 0009-0005-3367-0910),16306,
SHANANDOH,17488,
SHANER,17489,
Shank_Timothy,12996,
Shank_Timothy; Bright_Monika; Mullineaux_Lauren; Vetriani_Costantino,,Shank_Timothy; Bright_Monika; Mullineaux_Lauren; Vetriani_Costantino
Shank_Timothy; Little_Crispin,,Shank_Timothy; Little_Crispin
Shank_Timothy; Podowski_Elizabeth; Huber_Julie; Cowen_James; Reysenbach_Anna-Louise; Davis_Richard,,Shank_Timothy; Podowski_Elizabeth; Huber_Julie; Cowen_James; Reysenbach_Anna-Louise; Davis_Richard
Shank_Timothy; Reysenbach_Anna-Louise; Little_Crispin,,Shank_Timothy; Reysenbach_Anna-Louise; Little_Crispin
Shank_Timothy; Rowan_Barry,,Shank_Timothy; Rowan_Barry
Shank_Timothy; Vetriani_Costantino,,Shank_Timothy; Vetriani_Costantino
SHANKLE,17490,
SHANKLE & VOGEL,26730,
"SHANKLE, W.R.",12997,
shannon-thorn@battelleecology.org,13000,
SHANNON & FOSTER,26731,
Shannon Hoy,8623,
Shannon J. Flickinger,7201,
Shannon Lambert,9663,
Shannon Loomis,10031,
Shannon Newell (ORCID 0000-0002-4796-606X),11259,
SHANNON OIL CO.,26732,
SHAPELL,17491,
shapiroh@battelleecology.org,13001,
"SHAPPELL, T.O.",13003,
"SHAPR, J. R.",13005,
"Sharaskin, A.",13006,
Shari A. Kelley,9269,
Sharon Billings,4865,
"Sharon Locke, Walt Dean",,"Sharon Locke, Walt Dean"
SHARP-BARNES,26734,
SHARP DRILLING CO.,26733,
"Sharp, Frank J.",13011,
"SHARP, J. R.",13012,
"Sharp, W. N.",13014,
SHARPLES,15637,
SHARPLES OIL CORP.,26735,
SHARPLES OIL CORP. - BAKER-TAYLOR,26735,
SHARPLES OIL CORP. (HUMBLE),26735,
"SHARPLES, P.T. CO.",26736,
SHARPLESS,15638,
"SHARPLESS, P.T.",26736,
SHARRY-MADDOX CO.,26737,
SHASKEEN,17493,
SHASTA,15639,
SHASTA-HIGHLAND,26739,
Shasta Longo,10027,
SHASTA OIL CO.,26738,
SHASTAR,15640,
SHAW,17494,
SHAW-DONAVAN-RATHKE,26741,
SHAW OIL CO.,26740,
"Shaw, C.",1188,
"SHAW, GEO. ET AL",26741,
"SHAW, J.G.",13020,
"Shaw, Johnson and Thompson",26741,
"SHAW, M.H.",13023,
"SHAW, T.B.",13024,
"SHAW, T.G.",13025,
"SHAW, T.G. OIL CORP.",26742,
"SHAW, T.G. TURST",13025,
"SHAW, T.V.",13026,
Shawn Hunter Teal (ORCID 0000-0001-7891-1590),8730,
Shawn Rose (ORCID 0000-0001-5980-6082),12504,
Shawn Schottler,12847,
"Shawn Schottler, Adam Heathcote, Fedie",,"Shawn Schottler, Adam Heathcote, Fedie"
"Shawn Schottler, Dan Engstrom, Adam Heathcote",,"Shawn Schottler, Dan Engstrom, Adam Heathcote"
Shawn Teal (ORCID 0000-0001-7891-1590),17626,
SHAWNEE,17495,
"SHAWVER, H.O.",13027,
Shaylee Johnson (ORCID 0000-0001-5372-078X),9048,
Shea Uehana (ORCID 0000-0003-1142-4215),14025,
"SHEARER, H.J. ET AL",26743,
"SHEDDEN, W.D.",13031,
SHEEHAN,17496,
SHEEL OIL CO.,26744,
SHEETS-WALTON,26745,
SHEETS & WALTON,26745,
sheetz@battelleecology.org,13032,
SHEFFIELD,15641,
"SHEFFIELD, J.O.",13033,
"SHEFIELD, B.R.",13034,
SHEILDS,17497,
SHELBY-SANKY CO.,26747,
SHELBY-WALKER (ET AL),26748,
Shelby Dixon (ORCID 0000-0002-2330-7246),6545,
Shelby Isom,8808,
SHELBY OIL & GAS CO.,26746,
SHELBY OIL CO.,26746,
Shelby Smith,13260,
SHELBYVILLE,15642,
SHELDON & SNIDER,26749,
SHELL,26750,
SHELL - AMOCO PRODUCTION CO.,26752,
SHELL - CONOCO,26752,
SHELL - NORTHERN MICHIGAN EXPLORATION,26752,
SHELL - TEXAS CO.,26752,
SHELL  OIL CO.,26750,
SHELL & B.F. PERKINS,26752,
"SHELL (DALTON H. COBB, ATLANTIC, ET AL)",26752,
SHELL DEV. & B.F. PERKINS,26752,
SHELL DEVELOPMENT CO.,26750,
"SHELL DEVELOPMENT CO. - AMSBURY, D.L.",26752,
SHELL DEVELOPMENT CO. - B.F. PERKINS,26752,
SHELL DEVELOPMENT CO. - CLYDE MOORE,26752,
SHELL DEVELOPMENT CO. - LOZO,26752,
SHELL DEVELOPMENT CO. - LOZO. F.E.,26752,
"SHELL DEVELOPMENT CO. - MOORE, C.H.",10937,
"SHELL DEVELOPMENT CO. - SMITH, C.I.",26752,
SHELL DEVELOPMENT CO. - STRICKLIN,26752,
SHELL DEVELOPMENT CO. & B.F. PERKINS,26752,
SHELL EXPLORATION & PRODUCTION,26750,
Shell Exploration Research,26751,
Shell Offshore,25581,
SHELL OIL,26750,
SHELL OIL CO,26750,
SHELL OIL CO -  DOUBLE U,26752,
Shell Oil Co.,26750,
SHELL OIL CO.,26750,
SHELL OIL CO.-NORSWORTHY,26752,
SHELL OIL CO.-SCHWAB,26752,
SHELL OIL CO. - ARKANSAS FUEL,26752,
SHELL OIL CO. - ASHLAND,26752,
SHELL OIL CO. - ATLANTIC,26752,
SHELL OIL CO. - CALIFORNIA P&I,26752,
SHELL OIL CO. - CHAMPLIN,26752,
SHELL OIL CO. - CITIES SERVICE,26752,
SHELL OIL CO. - DAVIS,26752,
SHELL OIL CO. - DELHI-TAYLOR,26752,
SHELL OIL CO. - DRILEXCO,26752,
SHELL OIL CO. - GOVERNMENT INDUSTRIES,26752,
SHELL OIL CO. - HUMPHREYS,26752,
SHELL OIL CO. - KIRBY,26752,
SHELL OIL CO. - LLANO,26752,
SHELL OIL CO. - PENN,26752,
SHELL OIL CO. - PHILLIPS,26752,
SHELL OIL CO. - SINCLAIR,26752,
SHELL OIL CO. - SUN OIL,26752,
SHELL OIL CO. - SUN OIL CO.,26752,
SHELL OIL CO. - TENNECO,26752,
SHELL OIL CO. - TEXAS CO.,26752,
SHELL OIL CO. - TIDEWATER,26752,
SHELL OIL CO. - UNION PACIFIC,26752,
"SHELL OIL CO. - WILLIAMS, CLAYTON",26752,
SHELL OIL CO. - WOLF,26752,
"SHELL OIL CO. & BUTCHER, ARTHUR",26752,
SHELL OIL CO. & CALIFORNIA C.G.,26752,
SHELL OIL CO. & CALSO,26752,
SHELL OIL CO. & CITIES SERVICE,26752,
SHELL OIL CO. & CONTINENTAL,26752,
SHELL OIL CO. & HELIS,26752,
SHELL OIL CO. & HOWELL,26752,
SHELL OIL CO. & HUMBLE,26752,
SHELL OIL CO. & HUMBLE OIL & REFINING CO.,26752,
SHELL OIL CO. & HUNT,26752,
SHELL OIL CO. & LONESTAR PRODUCTION,26752,
"SHELL OIL CO. & MCNEILL, L.R.",26752,
"SHELL OIL CO. & MOSBACHER, ROBERT",26752,
SHELL OIL CO. & OCCIDENTAL,26752,
SHELL OIL CO. & PAN AM,26752,
SHELL OIL CO. & PHILLIPS,26752,
SHELL OIL CO. & PURE,26752,
SHELL OIL CO. & QUINTANA,26752,
SHELL OIL CO. & SINCLAIR,26752,
SHELL OIL CO. & STELLA,26752,
SHELL OIL CO. & SUN,26752,
SHELL OIL CO. & SUPERIOR OIL,26752,
SHELL OIL CO. & TRAVERSE STATE,26752,
SHELL OIL CO. & VESSELS,26752,
SHELL OIL CO. & WEDHOLM,26752,
SHELL OIL CO. (BECKER & COMBS),26752,
SHELL OIL CO. (CCD PRODUCTION),26752,
SHELL OIL CO. (CHAMBERS & KENNEDY),26752,
SHELL OIL CO. (FORMERLY INTERNATIONAL PETROLEUM CO.),26752,
SHELL OIL CO. (GULF COAST ET AL),26752,
SHELL OIL CO. (MANAHAN DRILLING CO.),26752,
SHELL OIL CO. (SONI),26752,
SHELL OIL CO. (TEXAS O&G),26752,
SHELL OIL CO. ET AL,26752,
SHELL OILCO. - CA. PRODUCING INC.,26752,
SHELL ROCK PETROLEUM,26384,
"Shell Western E and P, Inc.",26753,
SHELL WESTERN E&P,26753,
SHELL WESTERN E&P (WARRIOR PETROLEUM CORP.),26754,
SHELL WESTERN E&P INC. (SWEPI),26754,
"Shell Western EandP,",26753,
Shell Western Explor.,26753,
Shelley Crausbay,6135,
Shelley Meaux,10641,
Shelley Rider (ORCID 0009-0007-7619-2255),12357,
"Shellhorn, Mark A.",13036,
SHELLY,17498,
"Shelly Crausbay, Sara Hotchkiss",,"Shelly Crausbay, Sara Hotchkiss"
SHELTON,17499,
SHELTON & BURRUS,26755,
SHELTON ET AL,26756,
"SHELTON, G.P.",13037,
SHENANDOAH,15643,
SHENANDOAH OIL,26757,
SHENANDOAH OIL CO.,26757,
Shenandoah Oil Corp.,26757,
SHENANDOAH OIL CORP.,26757,
Shenandoah Oil Corp. and Kewanee Oil Co.,26758,
Shenandoah Oil Corp. and Occidental Petroleum Co.,26758,
SHEPHERD,15644,
"SHEPHERD, G.F.",13041,
"Sheri Fritz, Brandi Bracht, Lora Stevens",,"Sheri Fritz, Brandi Bracht, Lora Stevens"
"Sheri Fritz, Jeffery Stone, Cathy Whitlock",,"Sheri Fritz, Jeffery Stone, Cathy Whitlock"
"Sheridan, D.",13044,
"Sheridan, D. M.",13044,
"Sheridan, Michael F.",13045,
"SHERMAN, CITY OF",26759,
SHERMERHORN,17501,
Sherrin Deardorff_Nicholas,13050,
shetterly@battelleecology.org,13051,
Shevenell,13052,
Shevenell A.,13052,
Shi Guang,17916,
SHICK,17502,
"SHICK, J.B. DRILLING CO.",26760,
SHIELD,15646,
SHIELD ET AL (UNION PRODUCING),26762,
SHIELD OIL & P.R. RUTHERFORD,26762,
SHIELD OIL CO.,26761,
SHIELD RESOURCES,26763,
"SHIELD, FRED",13054,
"SHIELD, FRED ET AL",13054,
"SHIELD, FRED W.",13054,
"SHIELD, FRED W.        (ET AL)",13054,
SHIELDS-ALLEN-MORRIS,26766,
SHIELDS-ALLEN & MORRIS,26766,
"SHIELDS-HEYSER, HEARD-CLARDY",26766,
SHIELDS-ILLINOIS,26766,
SHIELDS & ALLEN & MORRIS,26766,
SHIELDS & GASOLINE PRODUCTION CORP.,26766,
SHIELDS & NAVILLUS SERVICES,26766,
SHIELDS OIL CO.,26765,
SHIELDS OIL CO. - CHAPMAN,26766,
SHIELDS RESOURCES ET AL,26766,
"SHIELDS, F. W.",13057,
"SHIELDS, F.C.",13055,
"SHIELDS, F.P.",13056,
"SHIELDS, F.W.",13057,
"SHIELDS, FRED",13058,
"SHIELDS, FRED ET AL",13058,
"SHIELDS, FRED W.",13058,
SHILL OIL,26768,
SHILO,17503,
"SHIMMEL, V.G.",13063,
"SHIMMEL, W.C.",13064,
"Shingle, Slate and Sheathing Company and Sheathing Company",26769,
SHIP CHANNELL CO.,26770,
SHIPLEY ET AL,26771,
SHIPLEY OIL CORP.,26772,
"SHIPMAN, J. W. ET AL",13066,
"SHIPMAN, ROY",13067,
SHIRK & WAHLENMAIR,26773,
SHIRLEY & SCHEIG BROTHERS,26774,
SHIRLEY ET AL,26774,
Shiyong Yu,14838,
"Shoemaker, C. S.",13072,
"Shoemaker, C. S. and Dence, M. R.",,"Shoemaker, C. S. and Dence, M. R."
"Shoemaker, C. S. and Roddy, D. J.",,"Shoemaker, C. S. and Roddy, D. J."
shoffman@battelleecology.org,13073,
shoffman@field-ops.org,13073,
Shore A.,13075,
SHORELINE,26775,
SHORELINE DRILLING,26776,
SHORELINE DRILLING ET AL.,26777,
SHORELINE PETROLEUM & BLANCO OIL,26777,
SHORT,17504,
SHORT HARRY,8139,
"Short, N.",13076,
SHOT HOLE,26778,
"SHOULTS, CARL",13079,
SHOUP ET AL,26779,
SHOWERS-MONCREIF-SMITH,26780,
SHOWERS - MONCRIEF,26780,
SHOWERS & MONCRIEF,26780,
SHREVEPORT EXPLORATION CO.,26781,
"SHRIVER, M.W.",13080,
"SHRYOCK, GEORGE ET AL",13081,
"SHUART, WM.",13082,
SHUBUTA OIL CORP,26782,
"Shuler Drilling Co., Inc.",26783,
"Shultz, Charles H.",13085,
"SHUMWAY, C.C. & BURNS",26784,
"SHUMWAY, C.C. ET AL",26784,
Shuo Chen,5750,
SHUR-ALAN OIL CO.,26785,
SIATTA & ANDERSON,26786,
SID KATZ,9215,
SID RICHARDSON CARBON,26787,
"SID, KATZ",13090,
"Siddoway, Christine H.",1876,
SIDE H.H.,13092,
"Sidebottom, Jr. Lawrence",13093,
"Siders, Mary A.",13094,
SIDES & CLOYD,26788,
SIDES ET AL,26788,
"SIDES, H.H.",13095,
"SIDES, H.H. ET AL",13095,
"Sidney Hemming, Gary Hemming, Susan Zimmerman",,"Sidney Hemming, Gary Hemming, Susan Zimmerman"
"Sidney Hemming, Susan Zimmerman, Gary Hemming",,"Sidney Hemming, Susan Zimmerman, Gary Hemming"
SIDWELL & MEYERS CO.,26790,
"SIDWELL, E.C. & R.C.",26790,
SIEBER ET AL,26791,
SIEBERT - DIBBLE,26792,
SIEBERT ET AL,26793,
"Siebert, L.",13097,
SIEGFRIED,17506,
SIEMONEIT,17507,
SIERRA,17508,
SIERRA CORP.,26794,
SIERRA CORP. TRUST LTD.,26794,
Sierra Geer (ORCID 0000-0002-7853-8877),7478,
"Sierra Industries, Inc.",26794,
SIERRA OIL & GAS,26794,
SIERRA PRODUCTION CO.,26794,
Sierra Schnellbach (ORCID 0000-0003-2133-7094),12826,
sierral@battelleecology.org,13098,
SIETZ,26795,
SIETZ ET AL,26795,
Sievert_Stefan,13099,
Sievert_Stefan; Mills_Susan; Mills_Susan; Vetriani_Costantino; Bright_Monika; Morett-Sanchez_Juan_Enrique; Little_Crispin; LeBris_Nadine; Summons_Roger,,Sievert_Stefan; Mills_Susan; Mills_Susan; Vetriani_Costantino; Bright_Monika; Morett-Sanchez_Juan_Enrique; Little_Crispin; LeBris_Nadine; Summons_Roger
Sievert_Stefan; Vetriani_Costantino; Rogers_Karyn,,Sievert_Stefan; Vetriani_Costantino; Rogers_Karyn
Sievert_Stefan; Vetriani_Costantino; Rogers_Karyn; Beblo_Kristina,,Sievert_Stefan; Vetriani_Costantino; Rogers_Karyn; Beblo_Kristina
SIGHTS,26796,
SIGHTS ET AL,26796,
SIGMORE OIL CO.,26797,
SIGMORE OIL CORP.,26797,
SIGNAL,17509,
SIGNAL - LOUISIANA LAND & EXPLORATION,26800,
SIGNAL & SKELLY,26800,
SIGNAL DRILLING,26798,
SIGNAL OIL - LOUISIANA LAND & EXPLORATION CO.,26800,
SIGNAL OIL & GAS CO.,26799,
SIGNAL OIL & GAS CO. - ANDERSON,26800,
SIGNAL OIL & GAS INC.,26799,
SIGNAL OIL & GAS INCORP. (WOODLEY PETROLEUM/JOHNSON O&G),26800,
SIGNAL OIL CO.,26799,
"Signal, LLC",26801,
Sigurdsson,13102,
"Sigurdsson, H.",13102,
"Sigurdsson, Ingvar A.",13103,
SIKES,17510,
"SIKES, C.E.",13104,
"SIKES, L.",13106,
"SIKES, LOUIS",13106,
SILK-BURLINGTON-CLARK,26802,
SILK-GUEST,26802,
SILK-LANGFORD-SMITH,26802,
SILK ET AL,26802,
"SILK, BULLINGTON ET AL",26802,
SILVER OAK OPERATING,26803,
"SILVERTHORN, R.Q.",26804,
Silvia Volcante; Zheng-Xiang Li,,Silvia Volcante; Zheng-Xiang Li
silvia@battelleecology.org,13110,
Silvio Pantoja,11603,
Silvio Rotolo,12537,
"Simkin, T. E.",13111,
SIMMON,17511,
"SIMMONDS, J.",13112,
SIMMONS,17512,
SIMMONS-REPUBLIC NAT. GAS,26806,
SIMMONS-SHELL,26806,
SIMMONS & WESTON,26806,
SIMMONS OIL CO.,26805,
"SIMMONS, J.",13113,
"SIMMONS, J.E. ET AL",26806,
"SIMMONS, JAY",13115,
"SIMMONS, JAY  (ET AL)",26806,
"SIMMONS, JAY & W.R. WHITAKER",26806,
"SIMMONS, JAY (FORMERLY MASCHO)",13115,
"SIMMONS, JIM",13116,
"SIMMONS, M.J.",13117,
SIMMS,26807,
SIMMS-ATLANTIC REFINING CO.,26808,
SIMMS - ATLANTIC,26808,
SIMMS & REED,26808,
SIMMS OIL CO.,26807,
SIMMS OIL CO. - TIDEWATER,26808,
SIMMS OIL CO. (ET AL),26808,
SIMMS OIL CO. (TIDEWATER),26808,
SIMMS OIL CO. ET AL,26808,
SIMON,17514,
SIMON ET AL,26809,
Simon Matthews,10396,
"Simon Matthews, Maja Rasmussen",,"Simon Matthews, Maja Rasmussen"
"Simon Matthews, Soley Johnson, Will Wenrich",,"Simon Matthews, Soley Johnson, Will Wenrich"
"Simon Matthews, Will Wenrich",,"Simon Matthews, Will Wenrich"
Simon Oestmo/Curtis Marean,,Simon Oestmo/Curtis Marean
Simon Stephenson,1121,
Simon Tapster,1885,
"SIMON, BEN D.",13118,
"SIMON, BEN ET AL",13118,
"SIMON, J.",13119,
SIMONTON,17515,
"SIMONTON, R.D.",13122,
SIMPSON,15648,
SIMPSON-FELL OIL CO.,26812,
SIMPSON-FELL WELL,26813,
SIMPSON & WHITE,26812,
SIMPSON CO.,26811,
SIMPSON ET AL,26812,
SIMPSON FELL,7085,
SIMS,17516,
SIMS & REITER-FOSTER CO.,26814,
"Sims, Kenneth W.W.",13124,
"Sims, Kenneth WW",13124,
"Sims, P. K.",13125,
"SIMS, ROBERT MERCER",13126,
SINCLAIR,26816,
SINCLAIR - GULF OIL CO.,26817,
SINCLAIR - PRAIRIE ET AL,26817,
SINCLAIR - PRAIRIE PRODUCTION CO.,26817,
SINCLAIR - PRARIE PRODUCTION CO.,26817,
SINCLAIR & UNION OIL (STANOLIND),26817,
SINCLAIR (AMERICAN REPUBLIC-HOUSTON),26815,
SINCLAIR (HASSIE HUNT TRUST),26817,
SINCLAIR (WESTERN NATURAL GAS),26817,
Sinclair Consolidated Oil Corp.,26816,
SINCLAIR OIL & GAS,26816,
SINCLAIR OIL & GAS - PRAIRIE,26815,
Sinclair Oil & Gas Co.,26816,
SINCLAIR OIL & GAS CO.,26816,
SINCLAIR OIL & GAS CO. - PRAIRIE PRODUCTION CO.,26815,
SINCLAIR OIL & GAS CO. - RENWAR,26815,
SINCLAIR OIL & GAS CO. (COLORADO OIL-FULTON),26815,
SINCLAIR OIL & GAS CO..,26816,
SINCLAIR OIL & GAS CORP. (PREV: AMERICAN REPUBLICS CORP.),26816,
Sinclair Oil and Gas Co.,26816,
SINCLAIR OIL CORP.,26816,
SINCLAIR OIL CORP. - ATLANTIC REFINING,26815,
SINCLAIR OIL CORP. - MAGNOLIA,26815,
SINCLAIR OIL CORP. - PRAIRIE PRODUCING,26815,
SINCLAIR OIL CORP. - PRAIRIE PRODUCTION CO.,26815,
SINCLAIR OIL CORP. ET AL,26815,
Sinclair Ref. Co.,26818,
"Sinclair, W. J.",13127,
"SINCLAIR, W.L. - CONDRY",26819,
SINDER & STONE,26820,
"SINDORF, HARRY R.",13128,
SINELAIA,17517,
SINES,17518,
SINES JERRY,13129,
SINES P J,13130,
SINESA OIL CO.,26821,
SING STATE OIL CO.,26822,
Singer,15649,
Singer-Layne,26823,
Singer-Layne Central Drlg.,26823,
Singer-Layne Drlg.,26823,
Singer S.,13132,
"Singer, Sidney",13133,
"Singer, Sydney",13133,
SINGLETON & WALLACE,26824,
"SINGLETON, CURTIS",13135,
SINTEX OIL-HART,26825,
"Sinton, J.",1877,
Sion Pretorius,26826,
SIOSA,17519,
SIOSI OIL CO.,26827,
SIOSI OIL CORP.,26827,
SIOUX OIL CO.,26828,
SIPE SPRINGS OIL CO.,26829,
"Siple, Paul",13140,
Sir Raymond Priestley,12038,
SIRGO-COLLIER,26830,
Siri Johnson (ORCID 0009-0008-6796-0395),16763,
SISTERCALE OIL,26831,
"SISTRUNK, WALTER E.",13142,
SITTEN ET AL,26833,
SITTON & MORTON DRILLING CO.,26834,
sives@field-ops.org,13143,
Siyu (Shirley) Hu; Katy Evans,,Siyu (Shirley) Hu; Katy Evans
SIZNOD OIL CO.,26835,
SIZNOD OIL CO. ET AL,26835,
SK&G OIL,26836,
SKEELY & SANKEY,26837,
SKEETER ET AL,26838,
SKELLEY,26839,
SKELLY,26839,
SKELLY-SANKEY,26840,
SKELLY-SUNRAY,26840,
SKELLY & BREWSTER-BARTEL,26840,
SKELLY OIL-SUN OIL,26840,
SKELLY OIL - GENERAL CRUDE ET AL,26840,
Skelly Oil Co.,26839,
SKELLY OIL CO.,26839,
SKELLY OIL CO. - AMERADA,26840,
SKELLY OIL CO. - ATLANTIC REFINING,26840,
SKELLY OIL CO. - DARBY PETROLEUM,26840,
SKELLY OIL CO. - REPUBLIC,26840,
SKELLY OIL CO. - SIGNET,26840,
SKELLY OIL CO. - SUN OIL,26840,
SKELLY OIL CO. - UNION,26840,
SKELLY OIL CO. & SAIDOUS,26840,
SKELLY OIL CO. (GETTY OIL),26840,
SKELLY OIL CO. (HUMBLE),26840,
SKELLY OIL CO. ET AL,26840,
"Skelton Operating Co., Inc.",26841,
"Skelton, D.W.",13146,
"Skerlec, G. M.",13148,
SKILES OIL CO.,26843,
SKINNER,17520,
SKINNER-LYLE,26844,
SKINNER-MARTIN,26844,
SKINNER CORP. - BLANCO OIL,26844,
SKINNER ET AL,26844,
SKINNER ET AL.,26844,
"SKINNER, F.E.",13150,
skinnernr@battelleecology.org,13153,
SKIPPER,17521,
SKIPPER-KELLER,26845,
SKLAR,17522,
Sklar Explor. Co. LLC,26846,
"Sklar Exploration Co., LLC",26846,
Sklar Exploration Company L.L.C.,26846,
"Sklar Exploration Company, L.L.C.",26846,
Sklar Explr.,26846,
SKLAR PRODUCING CO.,26846,
sknowlden@battelleecology.org,13155,
Skremidas@battelleecology.org,13156,
Skuyler Herzog,8352,
SKY HI OIL CO. ET AL,26847,
Skyler Mavor/John Singleton,,Skyler Mavor/John Singleton
SLACK,15650,
SLACK-PARKER,26850,
SLACK ET AL,26849,
SLADE,15651,
SLAGEL,17523,
SLAGER,17524,
SLAGO OIL CO.,26851,
SLAGTER,15652,
SLAGTER PETROLEUM CO.,26852,
slambert@battelleecology.org,13158,
SLAPCO (ELF AQUITANE O&G),26853,
"SLATTER, GENE",13159,
SLAUGHTER & KUGLE,26854,
"SLAUGHTER, ED",13160,
SLAWSON,17525,
SLAYDEN,17526,
SLENTZ DRILLING CO.,26855,
"SLESSMAN, AL",13162,
slezak@battelleecology.org,13163,
SLICK,26856,
SLICK-MOORMAN,26857,
SLICK-MORMON,26857,
SLICK-RUSSELL,26857,
SLICK-SEELIGSON,26857,
SLICK-SEELIGSON (SUNRAY - MID-CONTINENT OIL),26857,
SLICK-SEELIGSON (SUNRAY - MIDCONTINENT OIL),26857,
"SLICK-SEELIGSON, INC",26857,
SLICK-URSCHELL (ATLANTIC REFINING),26857,
SLICK-URSHELL,26857,
SLICK-WHITE,26857,
SLICK - URSHELL,26857,
SLICK & SEELIGSON (SUNRAY - MID-CONTINENT OIL),26857,
SLICK (SEELIGSON) URSCHEL,26857,
SLICK ET AL,26857,
SLICK OIL,26856,
SLICK OIL - GENERAL CRUDE,26857,
SLICK OIL CO.,26856,
SLICK OIL CORP.,26856,
"SLICK, T.B.",13164,
"SLICK, T.B. ESTATE",13164,
"SLICK, T.B. ET AL",26857,
"SLICK, TOM",13165,
SLOAN-BYRD,26863,
SLOAN-LEWIS,26864,
SLOAN-ZOOK-SLOAN,26865,
SLOAN & YORK,26859,
SLOAN & ZOOK,26859,
SLOAN & ZOOK CO.,26859,
SLOAN ET AL,26859,
SLOAN PROSPECTING CO.,26860,
SLOAN WELLS,26861,
"Sloan, H.C.",13168,
"SLOAN, S.A.",13170,
"SLOAN, S.A. ET AL",13170,
"SLOANE, S.J. ET AL",13171,
"SLOCUM, A. G.",13172,
"SLOCUM, A.G.",13172,
SLOSS E.T.M.,13173,
"Smack, J. C.",13175,
"Smackco, Ltd.",26867,
"Smackco, Ltd./Bay City Minerals, Inc.",26868,
"Smail, Stephen E.",13176,
SMALLEY DRILLING CO.,26869,
"Smart Mccauley Operating Co., Inc.",26870,
smatlick@battelleecology.org,13181,
smcgillewie@battelleecology.org,13182,
smcknight@field-ops.org,13183,
SMILEY ET AL,26871,
"Smit, Johannes H.",13187,
SMITH,17527,
SMITH-BLAKE,26876,
SMITH-BRADSHAW PUMP,26876,
SMITH-BYNUM,26876,
SMITH-FARM,26876,
SMITH-GRIGGS,26876,
SMITH-MASON,26876,
SMITH-MCDONALD,26876,
SMITH-MOSSER,26876,
SMITH-MOSSER-QUINN,26876,
SMITH-MOSSIER,26876,
SMITH-SHELL,26876,
SMITH-SHUMWAY,26876,
SMITH-SMITH & FERGUSON,26876,
SMITH-STOREY,26889,
SMITH-STOREY-HOUSTON OIL CO.,26890,
SMITH-STOREY-WOOD CORP.,26890,
SMITH-STOREY-WOOD/PRATT-HEWITT,26890,
SMITH-STOREY & TEX GULF,26890,
SMITH-STOREY & WOOD,26890,
SMITH-STOREY&TEXAS GULF PRODUCTION CO.,26890,
SMITH-TEX OIL CO.,26876,
SMITH-TYNES & MARR,26876,
SMITH-WAMACK,26892,
SMITH & ALLEN,26876,
SMITH & ATLANTIC,26876,
SMITH & BIG 6,26876,
SMITH & BLAKEY,26876,
SMITH & BREWER,26876,
SMITH & BYRD,26876,
SMITH & CAMERON,26876,
SMITH & CARR,26876,
SMITH & CLARK,26876,
SMITH & COOKE,26876,
SMITH & CORKILL,26876,
SMITH & CRAVENS,26876,
SMITH & DONKINS,26876,
SMITH & DUNCAN,26876,
SMITH & FIELDS,26876,
SMITH & HUNTER,26876,
SMITH & JUDD,26876,
SMITH & LEONARD,26876,
SMITH & LONG,26876,
SMITH & MCBRIDE,26876,
SMITH & MCDANNALD,26876,
SMITH & MCDONALD,26876,
SMITH & MOWINKLE,26876,
SMITH & OWENBY,26876,
SMITH & RICHARDSON,26876,
SMITH & SEABERRY,26876,
"SMITH & SEABOARD (WEST, JOHN)",26876,
SMITH & SHERELL,26876,
SMITH & SMITH,26876,
SMITH & SMITH (OLSEN ENERGY),26876,
SMITH & STARR,26876,
SMITH & STOREY,26876,
SMITH & STOREY ET AL,26876,
SMITH & TAGGERT,26876,
SMITH & THOMPSON,26876,
SMITH & TURNER,26876,
SMITH (H.R.) & GULF OIL CORP.,26876,
"SMITH , J.E.",13231,
SMITH BROTHERS,26872,
SMITH BROTHERS ET AL,26872,
Smith County Oil Co.,26875,
SMITH DRILLING & CONOCO,26876,
Smith Drilling Co.,26874,
SMITH DRILLING CO.,26874,
Smith Drlg Co.,26874,
SMITH E.L.,13213,
SMITH E.W. ET AL,13212,
SMITH ET AL,26876,
SMITH ET AL.,26876,
Smith Production Co.,26874,
"Smith, Alex",13189,
"Smith, B. & C.",26876,
"Smith, Bill",13193,
"SMITH, BOB",13195,
"SMITH, BRUCE ET AL",13197,
"Smith, C.",13198,
"Smith, C. D.",13199,
"SMITH, C. L.",13200,
"SMITH, C.L.",13200,
"SMITH, CHARLES",13202,
"Smith, Christy",13204,
"SMITH, CLAYTON",13205,
"SMITH, CLINTON",13206,
"SMITH, D.",13209,
"SMITH, DALE",13210,
"SMITH, DALE, & MACHIN",26876,
"SMITH, DAYLE L. OIL & GAS CO.",26876,
"SMITH, E.L.",13213,
"SMITH, E.L. ET AL",13213,
"SMITH, E.L. OIL CO.",26874,
"SMITH, E.L. OIL CO. ET AL",26876,
"SMITH, E.R.",13214,
"SMITH, EDGAR",13215,
"SMITH, ET AL",26876,
"Smith, F.",13218,
"SMITH, FRED",13218,
"Smith, G.",13219,
"SMITH, G. E. ET AL",13222,
"SMITH, G.C. ET AL",13220,
"SMITH, G.E.",13222,
"SMITH, GARRETT M.",13223,
"SMITH, GEORGE",13225,
"SMITH, GEORGE E.",13225,
"SMITH, GEORGE E. - MEMPHIS GAS CO.",26876,
"SMITH, GLENN J. ET AL",13226,
"SMITH, H. L.",13227,
"SMITH, H. R.",13229,
"SMITH, H. R. (SOUTHWESTERN O&R)",26876,
"SMITH, H.R.",13229,
"SMITH, H.R. & MCBRIDE, W.C.",,"SMITH, H.R. & MCBRIDE, W.C."
"SMITH, H.R. (ET AL)",13229,
"SMITH, H.R. ET AL",13229,
"SMITH, H.R., ET AL",13229,
"SMITH, HENRY",13230,
"SMITH, J.E.",13231,
"SMITH, J.L.",13232,
"SMITH, JAMES F.(SMITH & COLLINS)",26876,
"SMITH, JOE E.",13233,
"Smith, John M.",20,
"Smith, John M.; Fiandt, Dallas",,"Smith, John M.; Fiandt, Dallas"
"SMITH, L. L.",13238,
"SMITH, L.H.",13239,
"SMITH, L.L.",13238,
"SMITH, L.L. ET AL",13238,
"SMITH, LEVI",13240,
"SMITH, LLOYD",13242,
"SMITH, LLOYD-HANKS, CURTIS R.",,"SMITH, LLOYD-HANKS, CURTIS R."
"SMITH, LLOYD ET AL",13242,
"SMITH, LLOYD H.",13242,
"SMITH, LLOYD H. ET AL",13242,
"SMITH, LLOYD H. INC.",26874,
"SMITH, M. M.",13244,
"Smith, Ned M.",13251,
"Smith, Ned M.; A.P.",,"Smith, Ned M.; A.P."
"Smith, Ned M.; C.L.",,"Smith, Ned M.; C.L."
"Smith, Ned M.; H.K.",,"Smith, Ned M.; H.K."
"Smith, Ned M.; Leininger, Richard K.",,"Smith, Ned M.; Leininger, Richard K."
"Smith, Ned M.; McGregor, Duncan J.",,"Smith, Ned M.; McGregor, Duncan J."
"Smith, Ned M.; Pinsak, Arthur P.",,"Smith, Ned M.; Pinsak, Arthur P."
"Smith, Ned M.; R.N.",,"Smith, Ned M.; R.N."
"Smith, Ned M.; Smith, John M.",,"Smith, Ned M.; Smith, John M."
"Smith, Ned M.; Wayne, William J.",,"Smith, Ned M.; Wayne, William J."
"Smith, R. J.",13252,
"Smith, R. L.",13253,
"SMITH, R.E.",13254,
"SMITH, R.Y.",13255,
"SMITH, RAY",168,
"SMITH, RAY DRILLING CO.",26874,
"SMITH, ROY H. DRILLING CO.",26874,
"Smith, S.",13258,
"SMITH, S.G.",13259,
"SMITH, STANLEY (J.S.) ET AL",13262,
"SMITH, STANLEY ET AL",13262,
"SMITH, T.H.",13263,
"SMITH, T.N.",13264,
"SMITH, TOM M.",13266,
"Smith, Victor P.-Amoco Production Co.-Union Texas Petroleum",26876,
"Smith, Victor P. and Williams, R.E.",,"Smith, Victor P. and Williams, R.E."
"SMITH, WILSON M.",13271,
Smith_Julie,13236,
SMITHERMAN,15660,
SMITHERMAN ET. AL,26880,
smithl3@battelleecology.org,13273,
smithlp@battelleecology.org,13274,
smithm2@battelleecology.org,13275,
smithmm1@battelleecology.org,13276,
smithse@battelleecology.org,13277,
SMITHSON VALLEY WATER WELL,26881,
Smithsonian Oceanic Sorting Center,26888,
SMITHVILLE DRILLING CO.,26891,
SMOKEY OIL CO.,26893,
SMULGHER,17530,
"Smyth, C.",13281,
"Smyth, C. H.",13281,
"SMYTH, J.B.",13282,
"Smyth, Jr, C. H.",13280,
"Smyth, R.",13283,
"Snarskis, M.",13284,
SNEBALL ET AL,26894,
SNEBOLD,17532,
"SNEED, C.D.",13286,
"SNEED, DALE",13287,
"Snelgrove, A. K.",13288,
"SNIDER, WHISENANT & TRENCHARD",26895,
Snir Attia,1136,
SNODDY,17533,
SNODDY BROTHERS,26896,
"Snoeyenbos, D. and Burr, J.",,"Snoeyenbos, D. and Burr, J."
snook@battelleecology.org,13291,
SNOWDEN,26897,
SNOWDEN-KINGSTON,26898,
SNOWDEN-MCSWEENEY,26898,
SNOWDEN-MCSWEENEY CO.,26898,
SNOWDEN-MCSWEENY,26898,
SNOWDEN - GULF OIL,26898,
SNOWDEN & FIEDMAN,26898,
SNOWDEN & KILROY,26898,
SNOWDEN & MCSWEENEY,26898,
SNOWDEN J H ET AL,13293,
SNOWDEN OIL CO.,26897,
"SNOWDEN, H.W.",13292,
"SNOWDEN, J.H.",13293,
"SNOWDEN, J.H. ET AL",13293,
"SNOWDEN, JAMES H.",13293,
"SNOWDON, J.H.",13293,
SNUGG-COX,26900,
SNUGGS,17534,
SNUGGS-COX,26900,
SNUGGS-NEAL,26900,
SNUGGS-SWICK,26900,
SNUGGS & NEAL,26900,
SNUGGS COX,26900,
SNUGGS ET AL,26900,
SNUGGS NEAL,11209,
"SNUGGS, FRED ET AL",26900,
SNYDER,15661,
SNYDER-COREY,26903,
SNYDER & BREW,26902,
SNYDER ET AL,26902,
SNYDER OIL CORP.,26901,
snyderz@battelleecology.org,13295,
SOCKABAVEY,17535,
SOCONY-MOBIL OIL CO. (MAGNOLIA),26906,
SOCONY MINERALS-PAN AMER.,26905,
SOCONY MOBIL,26906,
SOCONY MOBIL OIL CO,26906,
SOCONY MOBIL OIL CO. (ALSO REPUBLIC?),26906,
SOCONY MOBIL OIL CO. (MAGNOLIA),26906,
SOCONY MOBIL OIL CO. (PREV. MAGNOLIA),26906,
"Socorro Loranzo, Beatriz Ortega, Magarita Caballero",,"Socorro Loranzo, Beatriz Ortega, Magarita Caballero"
SOHIO,26908,
SOHIO & TIDEWATER,26907,
SOHIO OIL CO. (GRAY OIL),26907,
SOHIO PETROLEUM,26908,
Sohio Petroleum Co.,26908,
SOHIO PETROLEUM CO.,26908,
SOHIO PETROLEUM CO.-LYONS,26907,
SOHIO PETROLEUM CO. - IRWIN,26907,
SOHIO PETROLEUM CO. - ROUND TOP,26907,
"SOHIO PETROLEUM CO. (PREV: BAKKE, W.E.)",26907,
"Sohio, Linch, Highto",26909,
"Sohn, D.A.",13299,
"Soholt, Donald",13301,
SOJOURNER,17536,
SOJOURNER DRILLING CO.,26918,
SOJOURNER DRILLING CO. & MCFAIL,26918,
SOJOURNER DRILLING CORP.,26918,
SOJOURNER ET AL,26919,
Sokaina Alkhafaji (ORCID 0000-0002-3752-003X),4167,
Sol Raigemborn,12130,
SOLAR OIL CO,26920,
SOLAR OIL CO.,26921,
Solari,13303,
Solatex Petroleum Co,26922,
"SOLLARS, C.S. & MARYLAND CORP.",26923,
"SOLLARS, S.C.-SHELL OIL",26924,
SOLO OIL CO.,26925,
"Solvay Chemicals, Inc.",26927,
SOMA & SCHOOLER,26928,
soma@battelleecology.org,13305,
SOMERS REESE CO.,26930,
SOMERSET,17537,
SOMERSET OIL ASSN.,26931,
SOMERVILLE OIL & DEVELOPMENT CO.,26932,
Somia Arrazouki,4386,
SOMICO-TEXAS GULF,26933,
SOMMERS & HOWELL,26934,
SONAC,17538,
SONAT,17539,
Sonat Exploration Co.,26935,
SONAT EXPLORATION CO.,26935,
Sonat Exploration Co./Hughes Eastern Corp.,26936,
"Sonat, Inc. & Geochemical Surveys",26936,
"Sonat, Inc. and Geochemical Surveys",26936,
Sonja Georgiefski-Rios (ORCID 0009-0003-0276-9550),16507,
SONOCO,15662,
Soonmo An,4234,
"Sophia_McKever, Lupita_Renteria",,"Sophia_McKever, Lupita_Renteria"
"Sophia_McKever, Sammi_Grieger",,"Sophia_McKever, Sammi_Grieger"
Sophia_McKever; Josh_Torgeson,,Sophia_McKever; Josh_Torgeson
Sophia_McKever; Josh_Torgeson; Erica_Bakker,,Sophia_McKever; Josh_Torgeson; Erica_Bakker
Sophie Jannin/FÈlix Gervais,,Sophie Jannin/FÈlix Gervais
"Sor, Ltd.",26938,
SORELLE & SORELLE,26941,
"Sorem, R. K.",13315,
"Sorensen, H.",13316,
"Sorensen, S. S.",13318,
SOREY,17541,
SORREL,15663,
SORRELL - JACKSON,26940,
SORRELLE & HUGHES,26941,
SORRELLE & SORRELLE,26941,
SORRELLS,15664,
"SORRELLS, J.W.",13319,
SORRELS,17542,
SORRELS-SACKETT,26943,
SORRELS & DUFFEY,26942,
SORVAT,15665,
Souad,17543,
Soumaya Belmecheri,4756,
SOUR LAKE OIL CO.,26944,
South Alabama Oil And Gas Co.,26945,
SOUTH AMERICAN DRILLING CO.,26946,
South Australian Museum,26948,
South Baldwin Oil Development Co.,26949,
SOUTH BASIN CO.,26950,
"South Carlton Operating Company, L.L.C.",26951,
"South Carlton Operating Company, LLC",26951,
"South Choctaw Oil, L",26952,
SOUTH COAST OIL CORP.,26953,
South Dakota School Of Mines,26954,
SOUTH GULF OIL CO.,26956,
SOUTH HILLS OIL & GAS CO.,26957,
SOUTH NATURAL GAS,26958,
SOUTH PLAIN OIL & GAS CO.,26959,
South Side Mill and Mining Company and Mining Company,26960,
SOUTH STATES OIL & GAS CO.,26961,
SOUTH TEXAS OIL CO.,26962,
SOUTH TEXAS PRODUCTION,26963,
SOUTH TEXAS SYNDICATE,26964,
SOUTH TEXAS TRUST CO.,26962,
SOUTHDOWN,17544,
SOUTHEAST DRILLING CO.,26965,
"Southeastern Drilling Fund, Inc.",26966,
"Southeastern Exploration Co., Inc.",26966,
Southeastern Operators' Committee,26967,
"Southeastern Pipeline Co. and Abco Oil and Gas Co., Inc.",26968,
Southeastern Resources Corp.,26969,
"SOUTHER, W. I.",13330,
SOUTHERN,17545,
SOUTHERN-SEABOARD,27001,
SOUTHERN ASSOCIATED OIL CO.,26970,
"Southern Bay Operating, LLC",26971,
SOUTHERN BIG BEND,26972,
SOUTHERN CALIFORNIA EDISON,26974,
SOUTHERN CALIFORNIA GAS CO.,26973,
Southern California Petroleum Co.,26973,
SOUTHERN CALIFORNIA PETROLEUM CORP.,26973,
SOUTHERN COAL OIL CO.,26975,
SOUTHERN CROSS OIL CORP.,26976,
SOUTHERN CRUDE,26977,
SOUTHERN CRUDE OIL,26977,
SOUTHERN CRUDE OIL CO.,26977,
SOUTHERN CRUDE OIL CORP.,26977,
SOUTHERN CRUDE OIL PURCHASING,26977,
SOUTHERN CRUDE OIL PURCHASING CO.,26977,
SOUTHERN CRUDE OPG,26978,
SOUTHERN ENERGY EXPLORATION (SEECO),26979,
SOUTHERN GAS,26980,
SOUTHERN GREAT BASIN,26981,
SOUTHERN GULF TRANS.,26982,
SOUTHERN ILLINOIS PRODUCTION,26983,
SOUTHERN LIBERTY OIL CO.,26984,
SOUTHERN MINERAL,26985,
SOUTHERN MINERALS,26985,
SOUTHERN MINERALS-FORREST,26986,
SOUTHERN MINERALS-GENERAL CRUDE-PAN AMERICAN PETROLEUM CORP.,26986,
SOUTHERN MINERALS-SEABOARD,26986,
SOUTHERN MINERALS - HOUSTON OIL,26986,
SOUTHERN MINERALS - TEXAS GULF,26986,
SOUTHERN MINERALS CORP.,26985,
SOUTHERN MINERALS CORP. ET AL,26986,
SOUTHERN MINERALS LA GLORIA,26986,
SOUTHERN MINING CO.,26987,
SOUTHERN NATURAL,26988,
SOUTHERN NATURAL GAS,26988,
Southern Natural Gas Co.,26988,
SOUTHERN NATURAL GAS CO.,26988,
SOUTHERN OIL & GAS,26989,
SOUTHERN OIL CO.,26989,
SOUTHERN OIL CORP. OF AMERICA,26989,
SOUTHERN PACIFIC OIL CO.,26990,
SOUTHERN PETROLEUM,26991,
SOUTHERN PETROLEUM EXPLORATION CO.,26991,
SOUTHERN PINE LUMBER CO.,26992,
SOUTHERN PRODUCTION CO.,26993,
"SOUTHERN PRODUCTION CO., INC.",26993,
SOUTHERN ROYALITY,26994,
SOUTHERN ROYALTY,26994,
Southern States Oil Co.,26995,
Southern Supply Co.,26996,
Southern T.V. Corp.,26997,
SOUTHERN THANE,26998,
SOUTHERN TRIANGLE ET AL,26999,
SOUTHERN UNION,27000,
SOUTHERN UNION EXPLORATION,27000,
SOUTHERN UNION GAS,27000,
SOUTHERN UNION GAS CO.,27000,
SOUTHERN UNION PRODUCTION CO.,27000,
SOUTHLAND,17546,
SOUTHLAND & DELANGE,27002,
SOUTHLAND E. W. GILL,27003,
SOUTHLAND OIL CO.,27004,
SOUTHLAND RAYALTY,27005,
SOUTHLAND ROYALTY,27005,
SOUTHLAND ROYALTY (PEARSON SIBERT),27007,
Southland Royalty Co.,27006,
SOUTHLAND ROYALTY CO.,27006,
Southland Royalty Co. and Moon and Hines,27007,
SOUTHPORT,17547,
"SOUTHPORT EXPLORATION, INC.",27008,
SOUTHSHORE,17548,
SOUTHWEST,27009,
SOUTHWEST & GLASSCOCK,27011,
SOUTHWEST DEV. SYND. LTD.,27009,
SOUTHWEST DEVELOPMENT CO.,27009,
SOUTHWEST DRILLING (DAVIS ET AL),27011,
SOUTHWEST DRILLING CO.,27009,
SOUTHWEST GAS,27009,
SOUTHWEST GAS CO.,27009,
Southwest Gas Produc,27010,
Southwest Gas Producing Co.,27009,
"SOUTHWEST GAS PRODUCING CO., INC.",27009,
SOUTHWEST INVESTMENT TRUST CO.,27009,
SOUTHWEST NATURAL GAS CO.,27009,
SOUTHWEST OIL CORP.,27009,
SOUTHWEST PETROLEUM,27012,
SOUTHWEST PRODUCTION CO.,27009,
"Southwest Royalties, Inc.",27009,
SOUTHWEST TEXAS OIL & GAS CO.,27013,
SOUTHWESTERN,27014,
SOUTHWESTERN DEVT. SYND.,27016,
Southwestern Energy Production,27017,
SOUTHWESTERN GAS,27018,
SOUTHWESTERN LIFE,27019,
SOUTHWESTERN NAT GAS,27020,
SOUTHWESTERN NATL GAS,27020,
SOUTHWESTERN NATL. GAS,27020,
SOUTHWESTERN NATURAL GAS,27020,
"SOUTHWESTERN NATURAL GAS, INC.",27015,
Southwestern Oil and Refining Co.,27015,
SOUTHWESTERN OIL CO.,27015,
SOUTHWESTERN PETROLEUM CO.,27015,
SOUTHWESTERN PETROLEUM CORP.,27021,
SOUTHWOOD OIL CO.,27022,
SOUTHWORTH,17549,
SOUTHWORTH-AUSTRAL,27024,
"SOUTHWORTH, RAY",27023,
SOVERIEGN OIL CO.,27025,
SOWELL BROS.,27026,
Spangler Drlg. Co.,27028,
"SPARGER, ALAN",13334,
SPARTA,17550,
SPARTA & MIKTON,27030,
SPARTA OIL,27029,
SPARTA OIL CO.,27029,
SPARTA OIL CO. ET AL,27030,
SPARTAN,15666,
SPARTAN DRILLING CO.,27031,
"SPARTIN, LOHMAN & GARDNER",27032,
SPEAR OR SUN,27033,
"SPEAR, G.H. - CORNELL",13336,
Speck M.,13337,
SPECTRUM RESOURCES INC,27034,
SPECTRUM RESOURCES INC.,27035,
SPECTRUM RESOURCES INC. (TEXAS CO.),27035,
SPEED OIL CO.,27036,
"SPEED, CARLTON",13338,
SPEEDWELL OIL & GAS CO.,27037,
SPEEDWELL OIL & GAS CO. (AXEM RESOURCES),27037,
"Speer, John Alexander",13339,
SPEID & BASS,27038,
speight@battelleecology.org,13341,
Spence,17551,
SPENCE,17551,
Spence H. S.,13344,
Spence H.S.,13344,
"Spence, H.S.",13344,
"Spence, Hugh S.",13344,
"SPENCE, JR. & BIGLAND",27039,
"SPENCE, R.",13346,
"SPENCE, RALPH",13346,
SPENCER & CLEMENTS,27041,
SPENCER & GRAHAM,27041,
SPENCER & HUCK,27041,
SPENCER & RHODES,27041,
SPENCER CHEMICALS,27040,
Spencer Seman,12946,
sperez@battelleecology.org,13353,
SPERRY YOUNG PRODUCT,27042,
SPG. EXPLORATION,27043,
SPICE-GEISE-NOLAN,27044,
"SPICE, W.H.",13357,
"SPICE, W.M.",13358,
"SPICE, WILLIAM H. JR. ET AL",27044,
"SPIDEL, A.A.",13359,
"Spier, J.L. et al",27045,
SPIKES ET AL,27046,
SPILLAR,17552,
SPILLER & STONE,27047,
Spiller Drlg. Co.,27048,
"SPILLER, JOSEY ET AL",27049,
"SPINDLE, A.A.",13363,
Spindletop Oil and Gas Co.,27050,
SPINNER,17553,
Spivey,17554,
"Splettstoesser, John F.",13367,
SPOONER,17555,
"Spooner Pet. Co.-Pruet Prod. Co.-Midroc Oper. Co. and Watkins, H.V.",27052,
Spooner Petroleum Co,27051,
"Spooner Petroleum Co.-Aultman, W. Lester",27052,
"Spooner Petroleum Co.-Aultman, W. Lester-Watkins, H. Vaughan, Jr.",27052,
"Spooner Petroleum Co.-Kelton Co.-Aultman, W. Lester",27052,
Spooner Petroleum Co.-Midroc Operating Co.,27052,
"Spooner Petroleum Co., Inc.",27053,
"Spooner Petroleum Company, Inc.",27053,
SPOOR,17556,
"SPOOR, H.C.",13368,
"SPOOR, H.C. JR.",13368,
"SPOOR, HARRY",13369,
"Sporli, Bernhard",13370,
Spotila_James,13371,
SPRAGUE,17557,
spreer@battelleecology.org,13373,
spreer@field-ops.org,13373,
"Sprich, Karl",13374,
SPRING CREEK,27054,
SPRING VALLEY,27055,
Spring Valley Hydraulic Gold Mining Company,27056,
SPRINGER,17558,
"SPRINGS, G.V.",13376,
SPRINKLE,17559,
SPROTEX-SCHOOLER,27057,
"Spruiel, Kenneth E.",13377,
SPUDDER,15667,
SPUR OIL CO.,27058,
SPURLOCK ET AL,27059,
"Spurr, J. E.",13380,
SQD AC-W,27060,
SR&C OIL CORP.,27061,
sratcliffe@battelleecology.org,13381,
srose@battelleecology.org,13383,
sruano@battelleecology.org,13384,
srubin@neoninc.org,13385,
sstevens@battelleecology.org,13388,
ST JOHN,17560,
ST. EDWARDS UNIVERSITY,27062,
"St. Genevieve Gas Co., Inc.",27064,
ST. GERMAIN OIL CO.,27065,
ST. HELEN,27066,
ST. HELENS,27066,
ST. JOE MINERALS,27067,
ST. JOHN DRILLING,27068,
ST. JOHN DRILLING-ROBERTS,27069,
ST. JOHN DRILLING CO.,27068,
St. Joseph Minerals Co.,27070,
ST. LOUIS OIL PRODUCTION CO.,27071,
ST. MARY'S OIL & GAS,27072,
ST. STEPHENS SCHOOL,27074,
Stacey Curtis,6232,
Stacey Louie,10056,
Stacey Spillman,13362,
"Stack, Jack E., Jr.",13391,
Stacy Schwabedissen,12881,
Stacy Smith,13261,
Stadtmuller,17561,
STAFFORD,17562,
STAGGS & KILLAM,27075,
"STAGGS, H. L.",27076,
"Staghorn Resources, Llc",27077,
"STAGNER, LEW",13395,
STAHL & SON,27078,
stahl@battelleecology.org,13397,
Stakes_Debra,13399,
STALCO PETROLEUM CO.,27079,
"STALDER, TED",13400,
STALEY,17563,
STALEY-WYNN-GRIM,27081,
STALEY OIL,27080,
STALEY OIL CO.,27080,
STALEY OIL CO. ET AL,27080,
"STALEY, JACK C.",13401,
"STALEY, JACK ET AL",27081,
"STALL, ALBERT M., ET AL",27082,
STALLEY ET AL,27083,
Stalling Drilling Co.,27084,
STALLSWORTH-A.K. GRAFA,27085,
STALLSWORTH OIL & GAS,27086,
STALLWORTH,17564,
STALLWORTH OIL & GAS CO.,27086,
STALLWORTH OIL & GAS INC.,27086,
"STALLWORTH, R.B. JR",13402,
"STALLWORTH, R.B. JR. ET AL",27087,
Stan Hart (shart@whoi.com),35,
Stan Hart (shart@whoi.edu),35,
STANDARD,15668,
STANDARD & ATLANTIC,27098,
STANDARD DRILLING CO. INC.,27097,
STANDARD OF CALIFORNIA,27088,
STANDARD OF KANSAS,27089,
STANDARD OF NEW JERSEY,27090,
STANDARD OF OHIO,27091,
STANDARD OF TEXAS,27092,
STANDARD OF TEXAS - MONSANTO CHEMICAL,27096,
STANDARD OF TX-HANLON-BUCHANON,27093,
STANDARD OIL-FRYER,27098,
STANDARD OIL & GAS,27097,
STANDARD OIL & GAS CO.,27097,
STANDARD OIL (FORMERLY CALIFORNIA CO.),27097,
STANDARD OIL (FORMERLY STANOLIND OIL & COSDEN),27097,
Standard Oil and Gas Co.,27097,
STANDARD OIL CO.,27097,
STANDARD OIL CO. (SUN),27098,
STANDARD OIL CO. OF KANSAS,27094,
STANDARD OIL CO. OF TEXAS,27095,
STANDARD OIL CO. TEXAS,27095,
STANDARD OIL COMPANY OF KANSAS,27094,
STANDARD OIL OF KANSAS,27094,
STANDARD OIL OF TEXAS,27095,
STANDARD OIL OF TEXAS -  MILLSPAUGH,27096,
STANDARD OIL OF TEXAS - FRYER,27096,
STANDARD OIL OF TEXAS - HANLON-BUCHA,27096,
STANDARD OIL OF TEXAS - SALT DOME,27096,
STANDARD OIL OF TEXAS - SUN OIL CO.,27096,
STANDARD OIL OF TEXAS (BARNSDALL OIL),27096,
STANDARD OIL OF TEXAS (CHEVRON),27096,
STANDARD OIL OF TEXAS (CITIES SERVICE OIL CO.),27096,
STANDARD OIL OF TEXAS (GENERAL CRUDE),27096,
STANDARD OIL OF TEXAS (MAGNOLIA PETROLEUM),27096,
STANDARD OIL OF TEXAS (MWJ PRODUCTION),27096,
STANDARD OIL OF TEXAS (OHIO OIL),27096,
STANDARD OIL OF TEXAS (PENNZOIL/KINDER MORGAN),27096,
STANDARD OIL OF TEXAS (PREV: E.W. MORAN),27096,
STANDARD OIL OF TEXAS (PREV: MONCRIEF-HOPE-CROSBY-TEAS),27096,
STANDARD OIL OF TEXAS (SUN OIL CO.),27096,
STANDARD OIL OF TEXAS (SUN),27096,
STANDARD OIL OF TEXAS (SUN/KINDER MORGAN),27096,
STANDARD OIL OF TEXAS (SUN/SACROC),27096,
STANDARD OIL OF TEXAS (TIDEWATER),27096,
STANDARD OIL OF TEXAS (WILSHIRE OIL CO.),27096,
STANDARD OIL OF TEXAS/CHEVRON,27096,
STANDARD OIL PRODUCTION CO.,27097,
STANDARD POTASH CO.,27099,
Standard Slate Corporation,27100,
STANDARD TEXAS - MONSANTO CHEM,27096,
Standolind Oil & Gas Co.,27107,
STANFIELD-COUSINS,27101,
"STANFIELD, W.S.",13404,
Stanford University,27103,
Stanislav Oplustil,11486,
Stanislav Oplu≈°til,11486,
Stanislov Oplustil,11486,
STANLEY-DORRILL,27106,
STANLEY ET AL,27105,
Stanley Korzeb,9517,
"Stanley, D.",13406,
"Stanley, Ralph",13407,
"Stanley, T.K., Inc.",13409,
STANLOIND,27107,
STANOLIND-SHELL,27108,
STANOLIND-WESTBROOK,27108,
STANOLIND - TEXAS CO.,27108,
STANOLIND & NEWHAUS,27108,
STANOLIND & SUN,27108,
STANOLIND & SUN OIL CO.,27108,
STANOLIND O & G (PAN AM PETR.),27108,
STANOLIND OI-AMERADA,27108,
STANOLIND OIL-AMERADA PETR.,27108,
STANOLIND OIL-ATKINS,27108,
STANOLIND OIL-BARNSDALL,27108,
STANOLIND OIL-CAMP,27108,
STANOLIND OIL-COMMERCE OIL,27108,
STANOLIND OIL-CONTINENTAL,27108,
STANOLIND OIL-LANDRETH,27108,
STANOLIND OIL-SIMMS,27108,
Stanolind Oil  and  Gas Co.,27107,
STANOLIND OIL & CAMP,27108,
STANOLIND OIL & GAS,27107,
STANOLIND OIL & GAS (GETTY OIL CO.),27108,
STANOLIND OIL & GAS CO.,27107,
STANOLIND OIL & GAS CO. - COLE,27108,
STANOLIND OIL & GAS CO. - DELANEY,27108,
STANOLIND OIL & GAS CO. - SHELL OIL CO.,27108,
STANOLIND OIL & GAS CO. & CONTINENTAL,27108,
STANOLIND OIL & GAS CO. & SHELL OIL CO.,27108,
STANOLIND OIL & GAS CO. & TEXAS CO.,27108,
STANOLIND OIL & GAS CO. & WESTBROOK,27108,
STANOLIND OIL & GAS CO. (AMOCO PRODUCTION CO.),27108,
STANOLIND OIL & GAS CO. (FINA),27108,
STANOLIND OIL & GAS CO. (PAN AMERICAN PETROLEUM CORP.),27108,
STANOLIND OIL & GAS CO. (PAN AMERICAN PETROLEUM),27108,
STANOLIND OIL & GAS CO. (PAN AMERICAN),27108,
STANOLIND OIL & GAS CO. (TRANS-TEX),27108,
STANOLIND OIL & GAS CO.1,27107,
STANOLIND OIL & GAS ET AL,27108,
Stanolind Oil and Gas Co.,27107,
STANOLIND OIL CO.,27107,
STANOLIND OIL CO. (BP-AMOCO),27108,
"STANS, ADOLPH",13412,
STANTON,17565,
STANTON RANCH,27109,
STAPPER PETROLEUM CORP.,27110,
STAR,15669,
STAR OIL & GAS,27116,
STAR OIL CO.,27111,
STAR OIL CO. - AMIS,27111,
STARK ET AL,27112,
STARKIE BATTS ET AL,27113,
STARKIE ET AL,27114,
STARKWEATHER ET AL,27115,
starkz@battelleecology.org,13416,
"STARNES, C. R. ET AL",13418,
"STARNES, C.R.",13418,
Starr,17566,
STARR,17566,
STARR-MOORE-COOK,27118,
STARR-SMITH,27118,
STARR DEVELOPMENT CO.,27116,
STARR ET AL,27117,
STARR OIL,27116,
STARR OIL & GAS,27116,
STARR OIL & GAS CO.,27116,
STARR OIL CO.,27116,
"STARR, C.E.",13420,
"STARR, E.H. ET AL",13421,
"Starr, Robert",13424,
STARTA OIL,27119,
STASNEY,17567,
STASNEY-JONES,27120,
STASNY & MOHOUCK,27121,
Staszyc A.,13425,
"Staszyc, A.",13425,
STATE BOARD OF WATER,27122,
STATE EXPLORATION,27123,
STATE FRESH WELL,27124,
STATE HIGHWAY DEPT.,27125,
State of Alabama,27126,
STATE OIL & LAND CO.,27129,
State Rig (James),28872,
STATES OIL,27131,
States Oil Co.,27131,
STATES OIL CO.,27131,
STATES OIL CORP.,27131,
STATEX PETROLEUM CO.,27132,
STATOIL OIL & GAS LP,27134,
STATON-BUNCH,27135,
"Staudigel, H.",13426,
STAUGH ET AL,27136,
Stavi Tennenbaum (ORCID 0000-0002-2110-1295),13746,
"Stearns, R.",13430,
"STEARNS, W.R.",13431,
STEBBINGER ET AL,27137,
STEBBINS,17568,
STECKOL,17569,
STEED & TAUBERT,27138,
"STEED, PAUL",13436,
"STEEGER, J.W. (COQUAT & ALGORD)",27139,
"STEEGER, W.J.",13437,
"STEEGER, W.J. ET AL",13437,
STEEL,17570,
STEELDUST OIL CO.,27141,
STEEN DRILLING CO.,27142,
Stefan Gartner,7455,
Stefanie Foreman (ORCID 0000-0002-3704-5849),7244,
Stefen Mischke,10839,
"Steffen Mischke, Ulrike Herzschuh, Marieke Ahlborn",,"Steffen Mischke, Ulrike Herzschuh, Marieke Ahlborn"
STEFFENSON,15671,
STEGEMUELLER,17571,
STEGER,17572,
STEIN & GRIFFITH,27143,
"Stein, Ben",13441,
"Steinberg, G.",13444,
STEINBERGER,15672,
STEINBERGER OIL CO.,27144,
STEINBERGER PETROLEUM CORP.,27144,
"Steinberger, C.C., Jr.",13445,
"Steinthorsson, S.",13450,
"Stejniger, L.",13451,
STEKALL ET AL,27145,
STEKOLL,15673,
Stella Palmer (ORCID 0009-0003-7923-9435),11595,
"Stelling, Lloyd",13453,
STELZER,17573,
Stephanie Manzo (ORCID 0000-0001-9639-2050),10279,
"Stephanie Mayer, Amy Myrbo, Tom Howes",,"Stephanie Mayer, Amy Myrbo, Tom Howes"
Stephanie McColaugh,10488,
Stephanie Mills,10816,
Stephanie Pennington,1858,
"Stephanie_Fulton, Josh_Torgeson",,"Stephanie_Fulton, Josh_Torgeson"
Stephanie_Fulton; Aaron_Pelly,,Stephanie_Fulton; Aaron_Pelly
Stephanie_Fulton; Aaron_Pelly; Sophia_McKever,,Stephanie_Fulton; Aaron_Pelly; Sophia_McKever
Stephanie_Fulton; Josh_Torgeson,,Stephanie_Fulton; Josh_Torgeson
Stephanie_Fulton; Lupita_Renteria,,Stephanie_Fulton; Lupita_Renteria
Stephanie_Fulton; Lupita_Renteria; Sophia_McKever,,Stephanie_Fulton; Lupita_Renteria; Sophia_McKever
Stephanie_Fulton; Sophia_McKever,,Stephanie_Fulton; Sophia_McKever
STEPHANS,17574,
STEPHEN,15674,
Stephen Durham,6730,
Stephen Ferencz & Anna Turetcaia,,Stephen Ferencz & Anna Turetcaia
"Stephen Ferencz, Anna Turetcaia",,"Stephen Ferencz, Anna Turetcaia"
"Stephen Glaholt, Joe Shaw",,"Stephen Glaholt, Joe Shaw"
Stephen Grasby,7756,
Stephen Hart; Emma Aronson,,Stephen Hart; Emma Aronson
Stephen McLoughlin,10593,
Stephen McLoughlin/Bob Nicoll,,Stephen McLoughlin/Bob Nicoll
STEPHENS,15675,
STEPHENS-PHILLIPS,27149,
STEPHENS-STEPHENS CO.,27147,
STEPHENS & PEVETO,27147,
STEPHENS & PHILLIPS,27147,
STEPHENS GENERAL CRUDE,27146,
STEPHENS OIL CORP.,27146,
STEPHENS PETROLEUM,27146,
STEPHENS PETROLEUM CO.,27146,
"STEPHENS, J.B. JR.",13459,
"STEPHENS, J.R.",13460,
"STEPHENS, T. E.",13461,
STEPHENSON,15676,
STEPHENSON-MOORE,27148,
"STEPHENSON, E.K. & E.M. BURT",,"STEPHENSON, E.K. & E.M. BURT"
"Stephenson, H. K.",13463,
Stepien_Carol,13465,
STERLING,15677,
STERLING-MARADUN,27152,
STERLING-SULADIE,27153,
STERLING O&G & W.E. FOX,27151,
STERLING O&R - TENNESSEE GAS,27151,
STERLING OIL,27150,
"STERLING OIL & GAS-AIKIN, H.C.",27151,
STERLING OIL & GAS CO.,27150,
STERLING OIL & REFINING - PRODUCTION SER.,27151,
STERLING OIL & REFINING (MCDOWELL),27151,
"STERLING, T.B.",13467,
"Stern, R.",1003,
"Stern, T.",13471,
"STERNBERG, CLIVE CO.",27154,
STERNS,17575,
STERRETT,17576,
STERZING,17577,
Stetson Petroleum Corp.,27155,
STEURMTHALER,15678,
Steve Auscavitch,4435,
Steve Carey,34,
Steve Choy,5800,
Steve Colman,5963,
"Steve Colman, Doug Ricketts",,"Steve Colman, Doug Ricketts"
Steve Fryberger/Hagadorn,,Steve Fryberger/Hagadorn
Steve Goodbred,1353,
Steve Grasby,17917,
Steve Hoagland,8463,
Steve Hoaglund,8464,
Steve Israel,8810,
Steve Jackson,8836,
Steve Jensvold,8947,
Steve Keller,9261,
Steve Martin,10352,
Steve Rowland/Gene Smith,,Steve Rowland/Gene Smith
Steven Carey,34,
Steven D'Hondt,6495,
Steven D'Hondt - Fumio Inagaki,,Steven D'Hondt - Fumio Inagaki
Steven D'Hondt & Fumio Inagaki,,Steven D'Hondt & Fumio Inagaki
Steven Jaret,8891,
Steven Jaret / Bret Bennington,,Steven Jaret / Bret Bennington
"Steven L. Goldstein, Sidney Hemming",,"Steven L. Goldstein, Sidney Hemming"
Steven McMurray,10606,
Steven Priesmeyer,12035,
Steven Shirey,684,
Steven Wenner,14456,
STEVENS & ROSS,27156,
"Stevens Goddard, Fosdick, Calderon",,"Stevens Goddard, Fosdick, Calderon"
"STEVENS, MOSS",13480,
"STEVENS, P. E.",13481,
"STEVENS, W.A.",27157,
"STEVENS, W.A. CO.",27157,
Stevenson,15679,
"STEWARD, H.J.",13484,
"STEWARD, ROGER",13485,
STEWART,17578,
STEWART-BLACKNALL,27159,
STEWART-HILDRETH,27159,
STEWART - ATLANTIC REFINING,27159,
STEWART & ATLANTIC REFINING,27159,
STEWART & BOYLE,27159,
STEWART & CARMAS,27159,
STEWART & CO.,27159,
STEWART & EGAN,27159,
STEWART & LINC.OLN,27159,
STEWART & NYE,27159,
STEWART & SONS,27159,
STEWART & WATSON,27159,
STEWART DRILLING,27158,
STEWART DRILLING CO.,27158,
"STEWART JAMES & CO., INC.",27158,
STEWART OIL CO.,27158,
"STEWART, A. J.",13486,
"Stewart, Duncan",13488,
"Stewart, H.",13490,
"STEWART, J.R.",13491,
"STEWART, NEIL",13495,
"Stewart, Robert",13496,
"STEWART, W.B.",13498,
stewartk@battelleecology.org,13492,
STEWARTS-BROWN (UNION PRODUCTION-SHIELDS),27162,
STEWARTS & JOHNSTON,27160,
"STEWARTS, INC",27161,
sthomason@battelleecology.org,13499,
sthompson@field-ops.org,13500,
STICE DRILLING CO.,27163,
STIDHAM,17579,
STIDHAM & THRASHER,27164,
STIEREN & PICKETT,27165,
STIEREN ET AL,27166,
"STIEREN, L.W.",13501,
Stijn Glorie,7621,
STILES ET AL,27167,
"STILLER, E.A.",13502,
"STILLWAGON, G.C.",13503,
"STILLWAGON, PIERCE & DAVIS",27168,
"Stilwell, L.",13504,
STIMSON,17580,
STIVERS & GUTHRIE,27169,
Stock_Joann,826,
Stock_Joann; Vidal_Solano_Jesus_Roberto,,Stock_Joann; Vidal_Solano_Jesus_Roberto
STOCKARD,17581,
"STOCKARD, W.A.",13510,
Stockli-Research,867,
Stockli_Daniel; Omar_Gomaa,,Stockli_Daniel; Omar_Gomaa
STOCO OIL,27171,
STODDARD AND MOSS,27172,
STODDARD OIL CO.,27173,
"STODDARD, G.H.",13514,
"STODDARD, J. B.",13515,
"STODDARD, J.B.",13515,
STOFFARD,17582,
"Stoffers, P.; Worthington, T.J.",,"Stoffers, P.; Worthington, T.J."
STOGNER,17583,
STOGNER-PIPKIN,27175,
"STOGNER, LOU G. ET AL",27174,
STOKER,15680,
"STOKER, R.K.",13518,
STOKES,17584,
STOLENBERG & LINEHAN,27176,
STOLLEY & BATTS,27177,
STOLLEY & COFFEY,27177,
STOLTENBEURG & LINEHAN,27178,
STOLTZ & CO (WILBANKS-RASMUSSEN),27179,
"STOLTZ, D.H.",13521,
"STOLTZ, D.H.-TUCKER DRILLING CO.",27179,
"STOLTZ, WAGNER, & BROWN",27180,
STONE,17585,
STONE & CARTEY,27181,
STONE DRILLING,27182,
STONE ESTATE,27183,
Stone Mountain Granite Corporation,27184,
"Stone Oil Corp., The",27185,
Stone Panels Incorporated,27186,
STONE PETROLEUM,27187,
Stone Petroleum Corp.,27187,
"STONE, D. J. OIL & GAS OPERATIONS",27188,
"STONE, D.J. OIL & GAS",27188,
"STONE, E.J.",13524,
"Stone, John",13526,
"Stone, R.",13529,
"STONE, WILLIAM A.",13530,
Stone. Robinson,12437,
STONEGATE PRODUCTION COMPANY,27189,
stonek@battelleecology.org,13527,
STONELEIGH OIL AND GAS,27190,
STONEMAN,17586,
Stoner,17587,
"Stoney, G.",13531,
STOREY & HENTY,27191,
"Storey, Brian",13532,
"STOREY, G.H.",13533,
"STORM, F. S.",13537,
"STORM, J.C.",13538,
"STORM, WILLIS",13539,
"STORMS, L.W. JR.",13540,
STORY,15681,
"STORY, JACK",13541,
Stoudenmire Well & Supply Co.,27192,
STOUT OIL CO.,27193,
STOUT PETROLEUM CORPORATION,27193,
"STOUT, F. A.",13544,
"STOUT, H.K.",13545,
"STOUTE, A.E.",13546,
STOVALL,15682,
STOVER,27194,
STOVER ET AL,27194,
STOWE & SCHARLACH,27195,
"Stowe, C.",13547,
Strago Petroleum Corp.,27196,
STRAGO PETROLEUM CORP.,27196,
"Strahan, Joe G.  and  Woods, Earnest",,"Strahan, Joe G.  and  Woods, Earnest"
"Strahan, Joe G. and Woods, Earnest",,"Strahan, Joe G. and Woods, Earnest"
"Strahan, Joe G. et al",13550,
STRAIN,17588,
STRAKE,17589,
STRAKE & WARREN,27198,
STRAKE ET AL,27198,
STRAKE OIL CO.,27197,
STRAKE PETROLEUM,27199,
STRAKE PETROLEUM CO.,27197,
STRAKE PETROLEUM CORP.,27199,
"STRAKE, G. W.",13551,
"Strake, G.W.",13551,
"STRAKE, G.W.",13551,
"STRAKE, G.W. (APACHE)",27198,
"STRAKE, G.W. (WOMACK)",27198,
"STRAKE, GEORGE ET AL",27198,
"STRAKE, GEORGE W.",13551,
"STRAKE, GEORGE W. (HUGHES & HUGHES)",27198,
STRAND ENERGY LC,27200,
STRANGE,17590,
strangis@battelleecology.org,13552,
"STRAPPER, E. H.",13553,
STRATA,17591,
STRATORAY,17592,
STRATTON & HEFLIN,27202,
"STRATTON, L.W.",13555,
Straub,15683,
"Straube, W.",13558,
"STRAUGHAN, TANDALE",15684,
STRAWN COAL CO.,27203,
"Stredwick, R.",13562,
STREET-MCKNIGHT,27207,
STREET INVESTMENT CO.,27204,
"STREET, GORDON",13563,
"STREET, GORDON INC.",13563,
"STREET, W.H.",13564,
STREETER-DOCKERY,27206,
STREETER ET AL,27205,
STRIBLING,17593,
STRIKN & LOMAC,27208,
STRINGER OIL & GAS,27209,
"STRINGER, J. FRANK",13568,
"STRINGER, J. FRANK-DELLWOOD",27210,
"STRINGER, J.F. & DELWOOD OIL",27210,
STRITEX,17594,
"STRODON MINERALS & ENERGY, INC.",27211,
STROMAN & WRIGHT,27212,
STRONG,15685,
"STRONG, W.H.",13570,
STRONGHOLD OIL & GAS,27213,
strother@battelleecology.org,13571,
STROTMAN ET AL,27214,
STROUBE,15686,
STROUBE-CENTRAL,27217,
STROUBE-STROUBE-LIONS OIL CO.,27215,
STROUBE & STROUBE,27215,
STROUBE & STROUBE (LIONS OIL CO.),27215,
STROUBE & STROUBE ET AL,27215,
STROUBE CENTRAL,27216,
STROUD GAS,27218,
"Stroup, Janet",13572,
"STRU, BUCK MET AL",27220,
STRUBE-CENTRAL,27221,
"Stryer, C. Lewis and",13574,
STUARCO,17595,
STUARCO - BELCO,27223,
STUARCO & SUNRAY,27223,
STUARCO ET AL,27222,
Stuart M.B.,10159,
Stuart Parker,11626,
"Stuart, P.",13575,
"Stubbins_Aron, Butterfield_Dave",,"Stubbins_Aron, Butterfield_Dave"
"STUBBS, SIDNEY",13577,
"Stugard, F.",13578,
STUMP,13580,
"Stump, Edmund",13580,
STURM,17596,
STURM-WOMACK,27224,
STURM & NOLER,27224,
STURM & SIMMS,27224,
STURM & WOMACK,27224,
STURN & PAIN,27225,
"Sturtz, B. F.",13583,
"Stutz, James",13584,
"Stutz, Jamey E.",13585,
Su Xiaolong,17918,
SUBB OIL CO.,27226,
"Subramanian, A. P.",13591,
SUBSURFACE GEOL LAB,27227,
SUDDETH ET AL,27228,
Sudek & Spathias,27229,
SUE ANN OPERATING,27230,
SUGAR VALLEY,27231,
"Suggs, Dr. S.D.",13592,
Suhey Ortiz Rosa (ORCID 0000-0002-7439-399X),11507,
SUL-TEX OIL & ROYALTY CO.,27237,
SULGRAVE,17598,
SULLIVAN,17599,
SULLIVAN-TEXON ROYALTY,27235,
SULLIVAN & GARNETT,27234,
SULLIVAN & PUTMAN,27234,
SULLIVAN & SMITH,27234,
SULLIVAN BRUCE,27232,
SULLIVAN GARNETT,27233,
"SULLIVAN, B.",13593,
Sullwold,17600,
SULTAN OIL CO.,27236,
SULTEX,17601,
SUMAS PRODUCTION,27238,
SUMATRA,15688,
Summer (ORCID 0009-0000-2235-7578),17602,
Summer Seggar (ORCID 0000-0003-1989-8722),12928,
SUMMEROU OIL CO.,27239,
"SUMMEROW, E.D.",13599,
"SUMMERS, W.M.",13600,
"Sumner, Christine L.K.",13602,
SUN BURST OIL CO.,27240,
SUN ENERGY CO.,27241,
SUN EXPLORATION - SEO,27243,
SUN EXPLORATION & PRODUCTION,27242,
SUN EXPLORATION & PRODUCTION (ORYX),27243,
SUN EXPLORATION & PRODUCTION CO.,27242,
SUN EXPLORATION & PRODUCTION CO. (L.L. & E.),27242,
Sun Exploration and,27242,
Sun Exploration and Production Co.,27241,
SUN GAS,27241,
SUN NATURAL GAS CO.,27241,
SUN OIL CO,27241,
Sun Oil Co.,13603,
SUN OIL CO.,13603,
"SUN OIL CO.-CANO, J.A.",27244,
SUN OIL CO.-COATS,27244,
SUN OIL CO.-CRANFILL & REYNOLDS,27244,
SUN OIL CO.-HILL,27244,
SUN OIL CO.-MORGAN,27244,
SUN OIL CO. - AMERADA PETROLEUM,27244,
SUN OIL CO. - ARCO,27244,
SUN OIL CO. - ATLANTIC REFINING,27244,
SUN OIL CO. - ATLANTIC REFINING CO.,27244,
SUN OIL CO. - BRAZOS,27244,
SUN OIL CO. - BREWSTER & BARTLE,27244,
"SUN OIL CO. - BROWN-HOOBER, A.C.",27244,
SUN OIL CO. - COATS,27244,
SUN OIL CO. - COCKRELL,27244,
SUN OIL CO. - EXCELSIOR,27244,
SUN OIL CO. - GENERAL CRUDE,27244,
SUN OIL CO. - GLASSELL,27244,
SUN OIL CO. - H.L. HUNT,27244,
SUN OIL CO. - HUMBLE OIL,27244,
SUN OIL CO. - LAWTON,27244,
SUN OIL CO. - MARYLAND,27244,
SUN OIL CO. - MCCARTHY & PHILLIPS,27244,
SUN OIL CO. - MORGAN MINERALS,27244,
SUN OIL CO. - OGDEN-REED,27244,
SUN OIL CO. - PENN,27244,
SUN OIL CO. - PLACID,27244,
SUN OIL CO. - QUINTANA,27244,
SUN OIL CO. - SOHIO,27244,
SUN OIL CO. - TENNECO,27244,
SUN OIL CO. - TEXACO,27244,
SUN OIL CO. - TEXAS,27244,
SUN OIL CO. - TEXAS CO.,27244,
SUN OIL CO. - THAILAND,27244,
SUN OIL CO. - TUCKER,27244,
SUN OIL CO. & ARKANSAS FUEL,27244,
SUN OIL CO. & AUSTRAL,27244,
SUN OIL CO. & BASIN,27244,
SUN OIL CO. & CREDO,27244,
SUN OIL CO. & DUNGAN,27244,
SUN OIL CO. & GLASSELL,27244,
SUN OIL CO. & GULF,27244,
SUN OIL CO. & HILTY INTEREST,27244,
SUN OIL CO. & HUMBLE,27244,
SUN OIL CO. & LONE STAR PRODUCING,27244,
SUN OIL CO. & MECOM,27244,
SUN OIL CO. & MORSE,27244,
SUN OIL CO. & MURPHY,27244,
SUN OIL CO. & OHIO,27244,
SUN OIL CO. & PHILLIPS,27244,
SUN OIL CO. & PURE,27244,
SUN OIL CO. & QUINTANA,27244,
SUN OIL CO. & SKELLY,27244,
SUN OIL CO. & SOHIO,27244,
SUN OIL CO. & T-P LAND,27244,
SUN OIL CO. & TEXAS CO.,27244,
SUN OIL CO. & TEXAS PACIFIC,27244,
SUN OIL CO. (BILL J. GRAHAM),27244,
SUN OIL CO. (CHEVRON),27244,
SUN OIL CO. (CORES),27244,
SUN OIL CO. (DORLAND-BERRY),27244,
"SUN OIL CO. (E. CONSTANTIN, JR.)",27244,
SUN OIL CO. (EDSEN PETROLEUM CO.),27244,
SUN OIL CO. (HUMBLE OIL & REFINING),27244,
SUN OIL CO. (JACK D. COLLINS),27244,
SUN OIL CO. (KIMBALL PRODUCTION),27244,
SUN OIL CO. (NEARBURG & INGRAM),27244,
SUN OIL CO. (ORYX),27244,
SUN OIL CO. (POCO OIL CO.),27244,
SUN OIL CO. (POSSIBLY WRONG OPERATOR),27244,
SUN OIL CO. (SHELL),27244,
SUN OIL CO. (TEXON ENERGY CORP.),27244,
SUN OIL CO. (TMK EXPLORATION ET AL),27244,
SUN OIL CO. (TRIBAL OIL CO.),27244,
SUN OIL CO. (UNION OIL),27244,
"SUN OIL CO. (WOODS, GEORGE E.)",27244,
SUN OIL CO. ET AL,27244,
SUN OIL CO. ET AL.,27244,
SUN OIL CO.),27241,
SUN PRODUCTION CO.,27241,
SUN TEXAS,27245,
SUNBURST OIL CO.,27246,
Suncross Petroleum Corp.,27247,
SUNDANCE,17603,
Sundown Energy LP,27248,
SUNDOWN ENERGY LTD.,27249,
SUNEDCO,27250,
SUNEDCO - BAROID PET.,27250,
"Sunex Production, Inc.",27251,
SUNILAND OIL CO.,27252,
SUNMARK EXPLORATION,27253,
"SUNNY, JIM",13610,
Sunnyland Contracting Co.,27254,
"Sunnyland Contracting Co., Inc.",27254,
"Sunnyland Contracting Co., Inc.-Stanley-Daws",27255,
"Sunnyland Contracting Co., Inc. and Procter, Sterrett",27255,
"Sunnyland Contracting Co., Inc. et al",27255,
"Sunnyland Contracting Co., Inc., Rayne, L.A.",27255,
SUNRAY - TEXAS & PACIFIC,27261,
SUNRAY & CARROLL,27261,
SUNRAY & MIDCONTINENT,27261,
SUNRAY & MIDCONTINENT OIL,27261,
SUNRAY DX - MIDCONTINENT,27257,
SUNRAY DX - MIDCONTINENT - BIG CHIEF,27257,
SUNRAY DX - RAMSEY,27257,
SUNRAY DX & MID-CONTINENT,27257,
SUNRAY DX OIL,27256,
SUNRAY DX OIL CO.,27256,
SUNRAY DX OIL CO. (PREV: BARNSDALL OIL CO.),27256,
SUNRAY DX OIL CO. (PREV: NORSWORTHY),27256,
SUNRAY DX OIL CO. ET AL,27257,
SUNRAY MID-CONTINENT OIL CO.,27258,
SUNRAY MIDCONTINENT,27258,
SUNRAY MIDCONTINENT (SUNRAY DX,27258,
SUNRAY OIL CO.,27259,
SUNRAY OIL CO. - LLANO,27260,
SUNRAY OIL CO. - MIDCONTINENT,27260,
SUNRAY OIL CO. - O'NEAL,27260,
SUNRAY OIL CO. ET AL.,27260,
SUNRAY OIL CORP.,27259,
SUNRISE OIL CO.,27262,
SUNSET INTERNATIONAL,27263,
SUNSHINE OIL CO.,27264,
SUNTEX OIL & GAS CO.,27265,
SUPERIOR,27268,
SUPERIOR-SUN-GLASSELL,27270,
SUPERIOR - GILLESPIE,27271,
SUPERIOR - GILLISPIE,27271,
SUPERIOR & SHELL,27270,
SUPERIOR ET AL.,27271,
SUPERIOR OF CALIFORNIA,27266,
SUPERIOR OF OKLAHOMA,27267,
SUPERIOR OIL-DEEPROCK OIL,27270,
SUPERIOR OIL-OSBORN,27270,
SUPERIOR OIL-SHELL OIL,27270,
SUPERIOR OIL-SIGNAL OIL,27270,
SUPERIOR OIL - TEXACO.,27270,
SUPERIOR OIL & GAS CO.,27270,
SUPERIOR OIL (MOBIL),27270,
SUPERIOR OIL (R.B. SWIGER ET AL),27270,
SUPERIOR OIL CO.,27268,
SUPERIOR OIL CO. & ATLANTIC,27270,
SUPERIOR OIL CO. & INTEX,27270,
SUPERIOR OIL CO. & LAZARD,27270,
SUPERIOR OIL CO. (AMOCO),27270,
SUPERIOR OIL CO. (ATLANTIC RICHFIELD),27270,
SUPERIOR OIL CO. (MOBIL PRODUCING TX & NM INC.),27270,
SUPERIOR OIL CO. ET AL,27270,
"Superior Oil Co., The",27268,
"Superior Oil Co., The-Louisiana Land and Exploration Co., The",27270,
SUPERIOR OIL OF OKLAHOMA,27269,
SUPERIOR SALES SYN,26537,
SUPEROIR OIL CO.,27268,
SUPRON,17604,
Supron Energy Corp.,27272,
SUPRON ENERGY CORP.,27272,
SURLOCK OIL CO.,27275,
Survey Drilling Co.,27276,
Susan Brantley,139,
Susan DeBari,6406,
"Susan Humphris, Richard Kingsley",,"Susan Humphris, Richard Kingsley"
Susan Johnson,9050,
Susan Karl,9196,
Susan Karl/George Case,,Susan Karl/George Case
Susan L Brantley,139,
Susan L. Brantley,139,
Susan R Krans,9543,
Susana Rios,12378,
Susanna Dapprich (ORCID 0009-0005-1631-384X),16291,
Susanne Straub,1882,
"Susanne W Fietz 
(James A. MacEachern)",,"Susanne W Fietz 
(James A. MacEachern)"
SUSCO PRODUCTION CO.,27277,
SUSQUAHANNA-WESTERN INC.,27278,
SUSQUEHANNA WESTERN,27279,
SUSSEX,17605,
SUSSEX OIL CO.,27280,
"SUTRN, RALPH ET AL",13617,
SUTTLE,15689,
SUTTLE-SHELL,27281,
SUTTLE ET AL,27281,
SUTTON,15690,
SUTTON-HAWKINS,27285,
SUTTON & DAVIS,27283,
SUTTON & HAWKINS,27283,
SUTTON & NORSWORTHY,27283,
SUTTON DRILLING,27282,
SUTTON DRILLING CO.,27282,
SUTTON ET AL,27283,
SUTTON PRODUCING CORP.,27284,
SUTTON PRODUCTION CORP.,27284,
"SUTTON, A.N.",13619,
"SUTTON, W.F.",13621,
Suzanne Hurter,8739,
Suzanne Paradis,11607,
svoboda@battelleecology.org,13623,
Swan Petroleum Corp.,27287,
Swanson V.L.,13629,
"Swanson, D. A.",13626,
"Swanson, R.",13627,
"SWARD, J. W. ET AL",13631,
"SWARTZ, WAGONER & BROWN",27288,
SWEARENGEN,27289,
SWEARINGEN & WHITE,27290,
SWEARINGEN BROTHERS & ARMSTRONG,27291,
SWEET LAKE LAND & OIL,27293,
"SWEETMAN, C.L.",13637,
SWEETWATER EXPLORATION,27294,
SWENSON,17606,
SWENSON OIL & GAS CO.,27295,
SWENSON OIL CORP.,27295,
SWENSONDALE,17607,
SWEPI,15691,
SWIFT & HEARD,27296,
Swift Energy Company,27297,
"Swift Energy Operating, LLC",27297,
SWIGER ET AL,13641,
"SWIGER, R.B",13641,
"SWIGER, R.B.",13641,
"SWIGER, R.B. ET AL",13641,
swilliams@battelleecology.org,13642,
SWilliams@battelleecology.org,13642,
swilson@field-ops.org,13643,
SWINDLER & SON,27299,
swisner@battelleecology.org,13644,
SWISS D.F.(SOUTH),27300,
Switzer Drlg. Co.,27301,
"Switzer, G.",13645,
"Swoboda, E.",13646,
SYAM OIL CO.,27302,
Sydney Everett (ORCID 0000-0003-3895-0725),6991,
Sydney LaBuy (ORCID 0009-0001-2129-279X),9622,
Sydney Pitts (ORCID 0000-0002-3355-8487),11905,
SYKES & BRANNON,27304,
"Sykes, Charles M., Trustee",13647,
"SYKES, ERNEST T.",13648,
SYLER ET AL,27305,
Sylvan,17608,
Sylvan_Jason,13649,
"Sylvester, A. G.",13650,
SYLVIA,15693,
SYN OIL CO.,27306,
"Syncline Oil and Gas Co., Inc.",27307,
SYNDICATE OIL CO.,27308,
SYNPROD,17609,
SYTLE,17610,
szczygiel@battelleecology.org,13654,
Szenics Chile,13655,
Szenics T.,13655,
szielke@field-ops.org,13657,
SZielke@field-ops.org,13657,
szrillo@battelleecology.org,13659,
SZrillo@field-ops.org,13659,
SZTYKGOLD,15694,
"SZTYKGOLD, KONRAD",27310,
T-P,17658,
T & O DRILLING CO.,27311,
T E. Gray,7771,
T Stadnichenko,13393,
T T O G CO.,27312,
T. C. OIL CO.,27313,
T. D. H.,16588,
T. Do; Steve Reddy,,T. Do; Steve Reddy
T. Granger,7747,
T. HALBOUTY,7956,
T. J. Early,6761,
"T. K. Stanley, Inc.",27314,
T. Kellogg,9272,
T. MacIntyre,10194,
T. N. DEVELOPMENT CO.,27315,
T. V. A.,14939,
T. Zemaitis,14876,
T.C.O.,17611,
T.E. Larrieu,9708,
T.G.E.,17612,
T.J. Banik,4544,
T.J. Stevens,13482,
T.K.L. CORPORATION,27316,
"T.L Pettigrew, J.F. Casey",,"T.L Pettigrew, J.F. Casey"
T.N. REEVE TRADERS OIL,27317,
T.P.,15695,
T.P.C. & O.,27318,
T.P.C. & O. & ROWMAN,27319,
T.R. Miller Mill,27320,
T.S. BROWN EXPLORATION,27321,
T.White/S.Brantely,,T.White/S.Brantely
T.White/S.Brantley,,T.White/S.Brantley
T.X.L.,17613,
T.X.L. & KENWOOD,27322,
T.X.O.,17614,
T.X.P.,15696,
"TABER, J.W.",13662,
"TABER, WALTER ET AL",27323,
Tabitha Miller,10798,
"Tabor, Rowland",13663,
"Taff, J.",13666,
TAGGERT-WEAVER-SHAW,27324,
TAHOKA OIL & GAS CO.,27325,
Takashi Sano,12726,
Takeo Watanabe,14351,
"Talarico, Franco",13674,
TALBERT & GULLEY,27326,
TALBOT,17615,
TALBOT-DITTMAN,27328,
TALBOT-ROXANA PETROLEUM CORP.,27329,
TALBOT & MARBLE,27327,
TALBOT & MARKLE,27327,
TALCO ASPHALT CO.,27330,
TALIAFERRO,17616,
TALIAFERRO OIL,27331,
TALIFERRO,27331,
TALVEZ OIL CO.,27333,
Tamara Baumberger,4664,
Tamara Hillman (ORCID 0000-0003-2918-8281),8430,
TAMARACK,27334,
TAMARACK PETROLEUM CO.,27334,
TAMARACK PETROLEUM INC,27335,
TAMBARELLO,17617,
TAMBERELLO,17617,
TAMD OIL CO.,27336,
Tammy Otto (ORCID 0000-0001-8766-9222),11523,
Tan-Kar Oil Co.,27340,
TAN BAY,27337,
TANA,15697,
TANA OIL & GAS,27338,
TANA OIL & GAS CRP,27338,
TANANCO-RIDDLE,17619,
TANBERT STEED,27339,
Tandis Bidgoli,107,
TANNEHIL,15698,
TANNEHILL,15698,
Tanner Conrad (ORCID 0000-0003-3279-2746),5992,
Tanner Medrano (ORCID 0000-0002-7814-8692),10649,
"tanthony@field-ops.org, ltirado@field-ops.org",13685,
Tao Huang,8642,
Tao Su,13587,
Tarassoff P.,13689,
TARBUD OIL CO.,27341,
TARG DRILLING CO.,27342,
TARGET DRILLING,27344,
TARGET DRILLING CO.,27343,
"Target Oil and Gas, Inc.",27343,
TARINA OIL CO.,27345,
TARPON OIL & GAS CO.,27346,
TARPON OIL CO.,27346,
TARRANT & COCKBURN,27347,
TARRANT CO.,27348,
TARTON,17620,
TARVER,17621,
TARVER & NANCE,27350,
TARVER & RICHARDSON,27350,
TARVER ET AL,27350,
TARVER NONCE,27349,
"TARVER, A. H.",13693,
"TARVER, A.F. ET AL",27350,
"TARVER, A.H.",13693,
TASCOSA GAS CO.,27351,
Tatiana Velazquez (ORCID 0000-0003-2386-8235),14136,
Tatiana Velazquez Rojas (ORCID 0000-0003-2386-8235),14136,
TATUM CO.,27352,
"TATUM, BURNETT, & DEPAW",27353,
tatumj@battelleecology.org,13699,
TAUBER,17623,
TAUBER & STEED,27356,
"TAUBER, CONE, & GRAY",27354,
TAUBERT,17624,
TAUBERT-HARPER,27356,
TAUBERT-MCREE,27356,
TAUBERT-STEED,27356,
TAUBERT & ADA OIL,27356,
TAUBERT & HARPER,27356,
TAUBERT & MCKEE,27356,
TAUBERT & MCKEE (ATEX),27356,
TAUBERT & MCKEE (SINCLAIR),27356,
TAUBERT & STEED,27356,
TAUBERT CO.,27355,
TAUBERT ET AL,27356,
"Taurus Exploration,",27358,
"Taurus Exploration, Inc.",27359,
"Tauxe, Lisa",17919,
tavolino@battelleecology.org,13704,
TAXMAN & WALTON CO.,27361,
TAXMAN OIL CO.,27360,
TAXMAN OIL CO. - ROSE,27361,
TAYLOR,17625,
TAYLOR-LINK,27364,
TAYLOR-LYTLE-PHILLIPS,27364,
TAYLOR-MAYFAIR,27364,
TAYLOR-PAN AM,27364,
TAYLOR & ASSOCIATES,27364,
TAYLOR & LINK,27364,
TAYLOR & MUNDE,27364,
TAYLOR & VAUGHN,27364,
Taylor Auer (ORCID 0000-0002-5948-2855),4427,
Taylor Bennett,4778,
TAYLOR ET AL,27364,
TAYLOR LINK OIL CO.,27363,
TAYLOR MANUFACTURING CO.,27362,
TAYLOR OIL-WOODS-CHRISTIAN,27364,
TAYLOR OIL & GAS,27362,
TAYLOR OIL & GAS & ROWSEY,27364,
TAYLOR OIL & GAS CO.,27362,
TAYLOR PETROLEUM CO.,27362,
TAYLOR REFINING CO.,27362,
Taylor Saunders (ORCID 0000-0001-6539-6921),12745,
Taylor Sheriff,13046,
TAYLOR VALLEY,27365,
Taylor Westhusin,14483,
"TAYLOR, BEN",13706,
"TAYLOR, CARTER",13708,
"Taylor, Edith",13709,
"Taylor, G. C.",13711,
"TAYLOR, J.W.",13712,
"Taylor, Karen S.",13713,
"TAYLOR, R.K.",13717,
"Taylor, Thomas",13718,
"Taylor, W.A. and Bryson, Wayne E.",,"Taylor, W.A. and Bryson, Wayne E."
"TAYLOR, W.H.",13720,
"TAYLOR, W.H. ET AL.",13720,
"TAYLOR, W.P.",13721,
"TAYLOR, WILLIAM W.",13722,
taylorea@battelleecology.org,13723,
tbrunsteter@field-ops.org,13725,
tburlingame@neoninc.org,13726,
TC3 Operating Co.,27367,
tcarter@neoninc.org,13727,
TDC EXPLORATION,27368,
TEA TWO,27369,
TEAGEL ET AL,27370,
TEAGUE-GILL,27371,
teal@battelleecology.org,13728,
"Tealdi, Erberto",13729,
TEAS,17627,
TEAS & ASHELY,27372,
TEAS & GANT,27372,
TEAS & GANT ET AL,27373,
TEAS & GRANT,27372,
TEAS & STIVERS,27372,
TEAS & WHEELER,27372,
TEAS & WHEELER ET AL,27373,
TEAS ET AL,27373,
"TEAS, PAUL",13730,
"TEAS, PAUL C.",13730,
Teasdale_Rachel,13732,
TECI PRODUCTION,27377,
"Teco Coalbed Methane, Inc.",27378,
Tecton Energy Operat,27379,
TED BROOKS OIL CO.,27381,
Ted Lewis,9878,
"TEDDIE, J.C.",13733,
"TEDDLIE, J.E.",13734,
TEDFORD-WOOD,27382,
TEE OIL,27383,
"TEECE, PAUL",13735,
TEECO,17628,
"Teel, Roy M.",13738,
Tegan Smith,13265,
"Teichman, Chester",13739,
TEJAS OIL & GAS,27385,
Tekla Harms,8104,
TELEGRAM OIL CO.,27386,
Tellef Dahll Collection,27387,
"Tellus Operating Group, LLC",27388,
TEM-GAS,27389,
Temple A.R.,13743,
Temple and Williams Drilling Co.,27390,
Temple and Williams Inspection Co.,27390,
TEMPLE HARGROVE,27391,
Temple Tutwiler,14009,
TEMPLE WELL,27393,
"Temple, A.R.",13743,
"Temple, A.R./Whitehurst Drilling Co.",27394,
"TEMPLETON, M.J.",13744,
"Tempo Energy,inc.",27395,
"TENANT, F.S.",13745,
TENEX,17629,
Tengfei Zhou,994,
Tengfei Zhou/Yaoqi Zhou,,Tengfei Zhou/Yaoqi Zhou
TENN DRILLING,27396,
TENN PRODUCTION,26097,
TENN. GAS TRAN. CO.,27402,
TENN. GAS TRANSMISSION,27402,
TENNANT,17630,
TENNEC0,27397,
TENNECO,27398,
TENNECO & PENNZOIL UNITED,27399,
Tenneco Oil Co.,27398,
TENNECO OIL CO.,27398,
TENNECO OIL CO. & HUMBLE,27399,
TENNECO OIL CO. & MONTEGO,27399,
TENNECO OIL CO. & PENNZOIL UNITED,27399,
TENNECO OIL CO. (AMOCO),27399,
TENNECO OIL CO. (AMOCO/TENNECO),27399,
TENNECO OIL CO. (BOYLE/STERLING),27399,
TENNECO OIL CO. (PREV: BAY PETROLEUM CORP.),27398,
TENNECO OIL CO. (ROCANVILLE CORP.),27399,
TENNESON,17631,
TENNESSE GAS,27401,
TENNESSEE,17632,
Tennessee Coal  and  Iron Railroad Co.,27400,
Tennessee Coal and Iron Railroad Co.,27400,
Tennessee Copper Corp.,21748,
TENNESSEE GAS,27401,
TENNESSEE GAS & TRANS.,27402,
TENNESSEE GAS & TRANS. CO.,27402,
TENNESSEE GAS CO.,27402,
TENNESSEE GAS TRANS.-PAN AM.,27402,
TENNESSEE GAS TRANS. CO.,27402,
TENNESSEE GAS TRANSMISSION,27402,
TENNESSEE GAS TRANSMISSION CO.,27402,
TENNESSEE GAS TRANSPORT,27403,
TENNESSEE GAS TRANSPORTATION,27403,
TENNESSEE GAS USA,27401,
TENNESSEE OIL & GAS,27404,
"Tennessee Valley Oil Co., Inc.",27405,
Tensas Petroleum Corp.,27406,
"TEON ENERGY, INC",27408,
"TEON ENERGY, INC.",27408,
TEPCO & GAMMILL,27409,
"Tepco Resources, Inc.",27410,
"Tepee Petroleum Company, Inc.",27411,
Teresa Jordan,524,
"Teresa Krause, Cathy Whitlock",,"Teresa Krause, Cathy Whitlock"
Teresa Mensing,10685,
TERMINAL,27413,
TERMINAL OIL CO.,27413,
TERMO,27414,
TERMO OIL,27414,
TERNE PETROLEUM CORP.,27415,
TERRA,17633,
TERRA RESOURCES,27416,
"Terra Resources, Inc.",27417,
"TERRA RESOURCES, INC.",27417,
TerraTek,28781,
TERRELL,17634,
TERRELL ET AL,27418,
TERRILL DRILLING CO.,27426,
Terry Boerboom,4960,
Terry Drlg. Co.,27427,
Terry Plank,109,
Terry Plank & Sam Abers,,Terry Plank & Sam Abers
"Terry Plank, Amanda Lough",,"Terry Plank, Amanda Lough"
"Terry Plank, Anna Barth",,"Terry Plank, Anna Barth"
"Terry Plank, Anna Barth, Dan Rasmussen",,"Terry Plank, Anna Barth, Dan Rasmussen"
"Terry Plank, Anna Barth, Dan Rasmussen, Bill",,"Terry Plank, Anna Barth, Dan Rasmussen, Bill"
"Terry Plank, Dan Rasmussen",,"Terry Plank, Dan Rasmussen"
"Terry Plank, Jess Larsen, Janet Schafer, Dan Rasmussen",,"Terry Plank, Jess Larsen, Janet Schafer, Dan Rasmussen"
"Terry Plank, Pete Stelling, Dan Rasmussen",,"Terry Plank, Pete Stelling, Dan Rasmussen"
TESCH-DOBBS,27428,
"Teschemacher, J.E.",13751,
TESORO - KANSAS-NEBRASKA EXPLORATION,27429,
TESORO PETROLEUM,27430,
TESORO PETROLEUM CO.,27430,
Tesoro Petroleum Cor,27430,
Tesoro Petroleum Corp.,27430,
TESORO PETROLEUM CORP.,27430,
TESORO PETROLEUM INC.,27430,
TESORO/LADD PETROLEUM,27431,
Tess Russo,652,
"Tess Russo, Joshua Fisher",,"Tess Russo, Joshua Fisher"
TETBO OIL CO.,27433,
TETCO-LCRA-SSC,27434,
TETCO/KLEINFELDER,27434,
TETON ENERGY,27435,
TETTS & HARRIS,27436,
TEX-AM OIL & GAS,27452,
TEX-CRUDE,27550,
TEX-EAST PETROLEUM CORP,27551,
TEX-EASTERN,27552,
TEX-EE,27553,
TEX-GULF PRODUCTION CO.,27555,
TEX-JERSEY,27563,
TEX-KAN,27564,
TEX-KAN OIL CO.,27564,
"TEX-KAN, ET AL.",27565,
TEX-MEX PETROLEUM CORP.,27570,
TEX-NEW MEXICO,27571,
TEX-O-CAL OIL,27573,
TEX-OAK OIL CO.,27572,
TEX-STAR,27580,
TEX-STAR O&G CORP.,27580,
TEX-TOR OIL CORPORATION,27582,
TEX HYDROCARBONS,27437,
TEX INLAND,27438,
TEX LARK,27439,
TEX MEX PETROLEUM CORP.,27440,
TEX NATIONAL,27441,
TEX OIL CORP.,27442,
TEX STAR,27443,
TEX WELL CORP.,27444,
"TEX, A.B.",13756,
TEXACO,27445,
TEXACO - PORT ARTHUR REF.,27446,
TEXACO - SUNEDCO,27446,
TEXACO (ATLANTIC RICHFIELD),27446,
TEXACO (FOUR STAR O&G/APACHE),27446,
TEXACO (GETTY),27446,
TEXACO (MILLER),27446,
TEXACO (PREV. AMERADA),27445,
TEXACO (PREV: PAN AM/SEABOARD),27445,
TEXACO (ROWAN),27446,
TEXACO (SEABOARD),27446,
TEXACO (SHELL OIL CO.),27446,
TEXACO (SUN),27446,
TEXACO (TEXAS CO),27446,
TEXACO (TIDEWATER),27446,
TEXACO (U.S. BORAX),27446,
TEXACO BURLINGTON NORTHERN/TEXACO INC,27446,
TEXACO E&P,27445,
TEXACO ET AL,27446,
TEXACO INC.,27445,
TEXACO OIL CO.,27445,
"Texaco Producing, Inc.",27445,
TEXACO SEABOARD INC.,27447,
"TEXACO, ET AL",27446,
"TEXACO, INC",27445,
"Texaco, Inc.",27445,
"TEXACO, INC.",27445,
TEXACOSA OIL & GAS,27448,
TEXAKOMA,27449,
TEXAKOTA,27450,
TEXALA & MOORE & SHELL,27451,
"Texala Drilling Co.  and  Moore, Joe L.  and  Co., Inc.",27451,
"Texala Drilling Co. and Moore, Joe L. and Co., Inc.",27451,
TEXAN,28858,
TEXAN-MARLAND,27455,
TEXANA,28859,
TEXANA PETROLEUM,27453,
TEXANA PETROLEUM CO.,27453,
TEXANA RESOURCES,27454,
TEXANATTI,28782,
TEXAS-CANADIAN OIL CORP.,27544,
TEXAS-COSDEN,27518,
TEXAS-CRUSADERS,27518,
TEXAS-CUSHING OIL AND DEVELOPMENT CO.,27518,
TEXAS-EASTERN,27518,
TEXAS-GULF-ROWAN,27547,
TEXAS-GULF OIL CORP.,27546,
TEXAS-GULF PRODUCTION,27546,
TEXAS-GULF SULPHUR & GOODALL,27547,
TEXAS-HYDROCARBONS,27518,
TEXAS-LOUISIANA PRODUCTION CO.,27518,
TEXAS-MAGNOLIA,27518,
TEXAS-MEERS OIL CO.,27518,
TEXAS-NEW YORK DEV. CO.,27518,
TEXAS-PACIFIC,27518,
TEXAS-SEABOARD,27518,
TEXAS-SUN,27518,
TEXAS - ARIZ. OIL DEV CO.,27456,
TEXAS - MINNESOTA,27457,
TEXAS & PACIFIC COAL & OIL CO.,27458,
TEXAS & PACIFIC COAL & OIL CO. - PLATEAU OIL CO.,27459,
TEXAS & PACIFIC COAL & OIL CO. (STANOLIND),27459,
TEXAS & PACIFIC OIL CO.,27458,
TEXAS & PACIFIC OIL CO. - GRUY FEDERAL,27459,
TEXAS & SOUTHERN PETROLEUM CO.,27460,
TEXAS & SUN,27461,
TEXAS AMERICAN & SINCLAIR,27465,
TEXAS AMERICAN OIL CORP.,27466,
TEXAS ATLAS,27467,
TEXAS BASIN - BUREAU OF RECLAMATION,27468,
TEXAS BORDER OIL CO.,27469,
TEXAS BUREAU OF WATER RESOURCES,27470,
TEXAS CANADIAN OIL CO.,27471,
TEXAS CENTRAL POWER CO.,27472,
TEXAS CHIEF OIL CO.,27473,
Texas City Refining,27475,
TEXAS CITY REFINING,27475,
Texas Co.,27476,
TEXAS CO.,27476,
TEXAS CO. - BENSON & BENSON,27477,
TEXAS CO. - BRIDWELL OIL CO.,27477,
TEXAS CO. - COSDEN OIL,27477,
TEXAS CO. - FT. BEND OIL,27477,
TEXAS CO. - GULF OIL CORP.,27477,
TEXAS CO. - LANDRETH,27477,
TEXAS CO. - OHIO FUEL,27477,
TEXAS CO. - PHILLIPS PETROLEUM,27477,
TEXAS CO. - PLATEAU DRILLING,27477,
TEXAS CO. - VACUUM OIL,27477,
TEXAS CO. - YOUNG,27477,
TEXAS CO. & GULF & ET AL,27477,
TEXAS CO. & STERLING,27477,
TEXAS CO. (FORMERLY CHAMPLIN REFINING),27476,
TEXAS CO. (LAVACA PRODUCTION CO.),27477,
TEXAS CO. (R.C. HAGENS),27477,
TEXAS CO. ET AL,27477,
"Texas Co., The",27476,
TEXAS COASTAL,27478,
TEXAS CONS. PETROLEUM CO.,27479,
TEXAS CONSERVATIVE OIL CO.,27479,
TEXAS CONSOLIDATED OIL CO.,27480,
TEXAS CRUDE-TRI-SERVICE DRILLING,27484,
TEXAS CRUDE EXPLORATION INC.,27481,
TEXAS CRUDE OIL CO.,27481,
TEXAS CRUDE OIL CO. - DAN AULD,27482,
TEXAS CRUDE OIL CO. - F.L. MCFARLAND,27482,
TEXAS CRUDE OIL CO. - HARKINS,27482,
TEXAS CRUDE OIL CO. - PAN AMERICAN,27482,
TEXAS CRUDE OIL CO. - REBSTOCK & REEVES,27482,
TEXAS CRUDE OIL CO. - SINCLAIR,27482,
TEXAS CRUDE SERVICES,27483,
"Texas Crude, Inc.",27481,
TEXAS CRUSADERS,27485,
TEXAS CRUSADERS - H.C. COCKBURN,27486,
TEXAS CRUSADERS (?),27487,
TEXAS DEPT. WATER RESOURCES,27488,
TEXAS DEVELOPMENT CO.,27489,
TEXAS DEVELOPMENT CO. - CHAMPION,27489,
TEXAS DRILLING CO.,27490,
"Texas Eastern Developments, Inc.",27491,
TEXAS EASTERN EXPLORATION,27491,
TEXAS EASTERN OIL CO.,27491,
TEXAS EASTERN PRODUCTION CO.,27491,
TEXAS EASTERN TRANS. CORP.,27491,
Texas Eastern Transmission Corp.,27491,
TEXAS ELKHORN SYNDICATE,27492,
TEXAS EXPLORATION CO.,27493,
TEXAS FIDELITY & HOFFER OIL,27494,
Texas Gas,27495,
TEXAS GAS,27495,
TEXAS GAS & EXPLORATION CO.,27495,
Texas Gas Exploration Corp.,27495,
TEXAS GAS PRODUCTION CO.,27495,
TEXAS GAS UTILITIES CO.,27495,
TEXAS GULF,27546,
TEXAS GULF & METALS,27547,
TEXAS GULF & SUNRAY,27547,
TEXAS GULF CO.,27546,
TEXAS GULF EXPLORATION,27546,
TEXAS GULF PETROLEUM,27496,
TEXAS GULF PRODUCTION CO.,27546,
TEXAS GULF PRODUCTION CO. (ROWAN),27547,
TEXAS GULF PRODUCTION CO. ET AL,27547,
TEXAS GULF SULFUR,27548,
TEXAS GULF SULPHUR,27548,
TEXAS INLAND,27497,
TEXAS INTERNATIONAL PETROLEUM CO.,27498,
TEXAS INTERNATIONAL PETROLEUM CO. (AKA: TIPCO),27498,
Texas Interstate Oil and Gas Co.,27499,
TEXAS LA. PRODUCTION CO.,27500,
TEXAS LAND CO.,27501,
TEXAS LEASE & DEVELOPMENT CO.,27502,
TEXAS LONG LEAF LUMBER CO.,27503,
TEXAS LOUISIANA,27504,
TEXAS MANHATTAN OIL CO.,27505,
TEXAS MEERS OIL CO.,27506,
TEXAS MINERALS,27507,
TEXAS N. Y. DEVELOPMENT,27508,
TEXAS N.E. OIL & GAS,27511,
TEXAS NATIONAL,27509,
TEXAS NATURAL GAS,27510,
TEXAS NORTHEAST OIL & GAS CO.,27511,
TEXAS NORTHERN,27512,
TEXAS OC,27513,
TEXAS OIL & GAS,27514,
TEXAS OIL & GAS CORP.,27514,
TEXAS OIL ASSN.,27515,
TEXAS OIL CO.,27516,
TEXAS OIL PRODUCTION CO.,27516,
TEXAS PACIFIC,27517,
TEXAS PACIFIC - C.&O. ROWAN,27459,
TEXAS PACIFIC - PHILLIPS,27459,
TEXAS PACIFIC (SUN OIL),27459,
TEXAS PACIFIC COAL & OIL CO.,27458,
TEXAS PACIFIC COAL & OIL CO. - SEABOARD,27459,
TEXAS PACIFIC COAL & OIL CO. & PURE OIL,27459,
TEXAS PACIFIC COAL & OIL CO. (FORMERLY HYDE),27458,
TEXAS PACIFIC OIL CO.,27458,
TEXAS PACIFIC OIL CO. - DELTA,27459,
TEXAS PACIFIC OIL CO. - SUN OIL CO.,27459,
TEXAS PACIFIC OIL CO. (PREV: SHELL OIL CO.),27458,
TEXAS PETROLEUM,27519,
TEXAS PETROLEUM DEVELOPMENT CO.,27519,
TEXAS PETROLEUM EXPLORATION,27520,
TEXAS PETROLEUM EXPLORATION - RUDMAN,27519,
Texas Petroleum Investment Company,27519,
TEXAS PRODUCERS,27522,
TEXAS PRODUCTION - H.B. PYLE,27523,
TEXAS PRODUCTION CO.,27523,
TEXAS PROGRESS,27524,
TEXAS PROSPECTING CO.,27525,
TEXAS RAILROAD COMMISSION,27526,
TEXAS REPUBLIC,27527,
TEXAS ROYALTY,27528,
TEXAS SEABOARD OIL CO.,27529,
TEXAS SOUTHERN INC,27530,
TEXAS SOUTHERN OIL & DEV. CO.,27531,
TEXAS STATE DRILLING CO.,27532,
TEXAS STATE OIL CO.,27532,
TEXAS STATE WATER WELL,27533,
TEXAS TIDELANDS,27535,
TEXAS TRADING CO.,27536,
TEXAS TRADING CO. - KETTLE BROS.,27536,
TEXAS UNION,27537,
"TEXAS UNITED OIL & GAS, INC.",27538,
TEXAS UNITY OIL CO.,27539,
TEXAS WATER DEVELOPMENT BOARD,27540,
TEXAS WATER DEVELOPMENT BOARD (USGS),27540,
TEXAS WATER PROJECT,27541,
TEXAS WATER WELL INC.,27542,
Texas West Bay Co.,27543,
TEXASGULF,27546,
TEXASGULF CHEMICALS,27545,
TEXASGULF SULFUR,27548,
TEXASGULF SULPHER,27548,
TEXASGULF SULPHUR,27548,
TEXCO,27549,
TEXFORNIA-MANNING,27554,
TEXHOMA,27556,
TEXHOMA-JOHNSON,27558,
TEXHOMA & HOLMES,27558,
TEXHOMA ALLDAY HOLMES,27557,
TEXHOMA OIL & REFINING CO.,27556,
TEXIANA,28860,
TEXILLI OIL,27559,
"TEXIO CO./THOMAS, J. ELMER",27560,
TEXIO OIL CO.,27561,
TEXITA OIL CO. (LATER: MWJ PRODUCTION),27562,
TEXITA OIL CORP.,27562,
TEXKAN,27564,
TEXKAN - MOBIL,27565,
TEXKAN & SLICK,27565,
TEXKAN OIL CO.,27564,
TEXKAR,28861,
TEXLA,28862,
TEXLAND,28863,
TEXLAND-RECTOR & SHUMAC,27566,
TEXLAND-RECTOR & SHUMACHER,27566,
TEXLAND & RECTOR & SCHUMACHER,27566,
TEXLAND PETROLEUM,27567,
TEXLAND PRODUCTION & DELA OIL,27566,
TEXLEUM TRUST CO.,27568,
TEXMASS PETROLEUM CO.,27569,
TEXMASS PETROLEUM CO. (FORMERLY SNOWDEN OIL & GAS),27569,
TEXOLA,28864,
TEXOLA DRILLING,27574,
TEXOLA DRILLING CO.,27574,
TEXOMA,28865,
TEXOMA NATIONAL GAS,27575,
TEXOMA PRODUCTION CO.,27576,
TEXON,28783,
TEXON-LUCY,27578,
TEXON-MARLAND OIL CO.,27578,
Texon Drilling Co.,27577,
TEXON DRILLING CO.,27577,
TEXON ET AL,27578,
TEXON OIL & LAND CO.,27577,
TEXON ROYALTY,27577,
TEXON ROYALTY CO.,27577,
TEXOTA,28784,
TEXOWA OIL CO.,27579,
TEXRADO,28866,
TEXSTAR,27580,
Texstar North Americ,27581,
TEXSTAR NORTH AMERICAN,27581,
TEXSTAR OIL CO.,27580,
TEXZONA,28867,
tgilbert@battelleecology.org,13758,
tgladem@battelleecology.org,13759,
TGM DRILLING CO.,27583,
TGP,17635,
Thacker Coal and Coke Company and Coke Company,27584,
THAGARD,17636,
THAMES,15699,
THAYER,17637,
THAYER & DAVIS,27585,
"THAYER, D.",13764,
"Thayer, T.",13765,
The Arctic Great Rivers Observatory,20329,
THE ATLANTIC CO.,20398,
THE CALIFORNIA CO.,21150,
THE EASTLAND CO.,22318,
"The Offshore Group, Inc.",25580,
The Texas Co.,27476,
The Wiser Oil Co.,28603,
THECK & CROSS,27586,
"Theresa Goyette, Tina Niemi, Joe Andrew, John Rucker, Amy Ameis",,"Theresa Goyette, Tina Niemi, Joe Andrew, John Rucker, Amy Ameis"
THEVENON F,13773,
Thiago Schineider Fachini,7006,
"Thiel, Edward C",13778,
Thierry MULDER,11106,
Thijs Van der Meeren,13782,
thillman@battelleecology.org,13783,
"Thistlewood, Lawrence",13785,
THOMAS,15700,
THOMAS-SAXON,27591,
THOMAS - BILLUPS,27589,
THOMAS & LUDLOW,27589,
THOMAS & MCFARLAND,27589,
THOMAS & RIFE,27589,
THOMAS & SAXON,27589,
THOMAS & TARVER INC,27589,
Thomas A. Ager/Louie Marincovich,,Thomas A. Ager/Louie Marincovich
Thomas Algeo,1189,
THOMAS BROTHERS,27587,
Thomas C.M.,13787,
Thomas C.W.,13788,
Thomas Chalaux,5690,
THOMAS DRILLING,27588,
THOMAS DRILLING CO.,27588,
Thomas Eagle (ORCID 0009-0002-7352-2355),6759,
THOMAS ET AL,27589,
Thomas Farrell,7043,
THOMAS G R ET AL,27589,
Thomas G. Gibson,7535,
Thomas Granger (ORCID 0000-0001-5002-5407),7747,
THOMAS H. JARDON,8889,
Thomas J. Casadevall,5621,
Thomas Lorscheid,10047,
Thomas Mann,552,
Thomas Mozdzer,11072,
Thomas P. Miller,10799,
THOMAS PETROLEUM,27590,
Thomas R. Rounds,12541,
Thomas S. Laudon,9734,
Thomas W. Bastien,4637,
"THOMAS, C.W.",13788,
"Thomas, Charles",13789,
"THOMAS, D. D.-DOSS, J. W.",,"THOMAS, D. D.-DOSS, J. W."
"THOMAS, E.A.",13791,
"THOMAS, E.R.",13792,
"THOMAS, ELMER",13795,
"THOMAS, J.E.",13796,
"THOMAS, LARSON",13799,
"THOMAS, RALH N",13801,
THOMASON,17638,
"THOMASSON, E.M.",27592,
"THOMASSON, E.M. PRODUCTION CO.",27592,
Thompson,15701,
THOMPSON,15701,
THOMPSON-POWELL,27598,
THOMPSON & HALL,27595,
THOMPSON & LOWE,27595,
THOMPSON & MAYO,27595,
THOMPSON & MCMILLAN,27595,
THOMPSON & PAYNE,27595,
THOMPSON & TURNER,27595,
THOMPSON & WILLIAMS,27595,
THOMPSON BROTHERS,27593,
THOMPSON DRILLING,27594,
THOMPSON DRILLING CO.,27594,
THOMPSON DRILLING CO. ET AL,27595,
THOMPSON ET AL,27595,
Thompson Exploration Drilling Co.,27594,
THOMPSON STANLEY A,13827,
"THOMPSON, B.F.",13805,
"THOMPSON, CHESTER",13806,
"THOMPSON, E.T.",13807,
"THOMPSON, F.L.",13808,
"Thompson, G.",13810,
"THOMPSON, HENRY",13811,
"Thompson, J.",13813,
"THOMPSON, J. CLEO",13814,
"THOMPSON, J. CLEO (PREV: CITIES SERVICE)",13814,
"THOMPSON, L.T.",13817,
"THOMPSON, MARTIN",13820,
"THOMPSON, MARTIN DRILLING",27596,
"THOMPSON, R.A. ET AL",27597,
"THOMPSON, S.A.",13825,
"THOMPSON, S.O. MRS.",13826,
"THOMPSON, STANLEY A.",13827,
"THOMPSON, W.E.",13828,
"Thompson, W.M.",13829,
Thoms Hickson,8388,
"Thomson, Janet",13830,
"Thomson, Michael",13833,
"Thor Energy Resources, Inc.",27599,
Thor Hansen,8065,
THORMAN-BLACKSTONE,27600,
THORN W D & WRIGHT WM G,,THORN W D & WRIGHT WM G
"Thornbury, William D.",13839,
"Thornbury, William D.; Deane, Harold L.",,"Thornbury, William D.; Deane, Harold L."
THORNTON,17639,
THORNTON-TAUBERT,27601,
THORP-ROBINSON-SMITH,27602,
Thorton,15702,
THOUSAND ISLAND OIL CO.,27603,
thovell@field-ops.org,13840,
THovell@field-ops.org,13840,
thow@battelleecology.org,13841,
THRALL MUTUAL PRODUCTION CO.,27604,
THRALL NEW POOL OIL CO.,27605,
THRASHER,17640,
"THRAVES, ROBERT CO.",27606,
"THRAVES, ROBERT CO. (FORMERLY J.C. YANCEY)",27606,
THREE B OIL CO.,27607,
THREE BEE,27608,
THREE BEE & AMERICAN GENERAL,27609,
THREE BROS. OIL CO.,27610,
THREE C-S OIL,27611,
THREE RIVERS PRODUCTION CO.,27612,
THREE STATES,27613,
THREE STATES GAS CO.,27613,
THREE STATES NATURAL GAS CO.,27613,
THREE STATES OIL CO.,27613,
THREE WAY DRILLING CO.,27614,
THREE WIDOWS,27615,
THREET,17641,
THRESHOLD,17642,
THRESHOLD DEVELOPMENT,27616,
THRESHOLD DEVELOPMENT CO.,27616,
THRESHOLD DEVELOPMENT CORP. (ASHTOLLA DRILLING),27617,
THRICE PRODUCTION CO.,27618,
THRIFT,17643,
THURMAN-ARMSTRONG,27619,
THURMAN-MAXWELL,27620,
THURMOND & LIPSCOMB,27621,
Thurnherr,13843,
Thurnherr_Andreas,13843,
Thurston H. Allen,4192,
"THURSTON, J.M.",13844,
Tia Mitsinikos (ORCID 0000-0003-1101-9885),10853,
TICE-MATTHEWS OIL CO.,27622,
"TICE, ORBON H.",13845,
"TICE, ORBON H.-ALLEN, SAM H.",,"TICE, ORBON H.-ALLEN, SAM H."
"TICE, ORBON H. & B.L. COULSON",,"TICE, ORBON H. & B.L. COULSON"
TICO,17644,
TIDAL,17645,
TIDAL OIL,27624,
TIDAL OIL CO.,27624,
TIDE WATER,27626,
TIDEHAVEN,15703,
TIDELAND,28785,
"Tidelands Resources, Inc.",27625,
TIDEWATER-DARBY,27632,
TIDEWATER-RUTHERFORD,27632,
TIDEWATER-SEABOARD,27632,
TIDEWATER-SINCLAIR OIL,27632,
TIDEWATER & UNION PRODUCING,27627,
TIDEWATER ASSOC. OIL CO.,27628,
TIDEWATER ASSOC. OIL CO. (GETTY OIL),27628,
TIDEWATER ASSOCIATED OIL CO.,27628,
TIDEWATER ASSOCIATED OIL CO. (LATER: GETTY OIL CO.),27628,
"Tidewater Equipment, Inc.",27630,
TIDEWATER OIL-ATLANTIC,27632,
TIDEWATER OIL-SEABOARD,27632,
TIDEWATER OIL & GAS,27631,
TIDEWATER OIL & GAS CO.,27631,
TIDEWATER OIL CO.,27631,
"TIDEWATER, SEABOARD & ADAMS",27632,
"Tideway Energy Group, Inc./brandon Petroleum Properties",27633,
Tideway Oil Co.,27634,
Tideway Oil Co.; Pat,27634,
TIDWELL,17646,
"TIDWELL, W.D. ET AL",27635,
"Tiechman, Chester",13846,
Tiffani Fraser,7318,
Tiffani Frasier,7318,
Tiffany Frasier,7318,
Tiffany Larrieu (ORCID 0000-0003-1904-3337),9709,
Tiffany Rivera,1868,
TIGER,17647,
"TIGER & MALLEY, E.",27636,
TIGER MINERALS,27637,
TIGER OIL & GAS,27638,
TIGER OIL & GAS CO.,27638,
TIGER OIL & GAS CO. (WESTERN OIL DEV. CO.),27638,
"Tilling, R.",13851,
"Tilling, R. I.",13851,
"Tilling, R. I. and Christiansen, R. L.",,"Tilling, R. I. and Christiansen, R. L."
"Tilling, R. I., Holcomb, R. T., and MS",,"Tilling, R. I., Holcomb, R. T., and MS"
TILTON ET AL,27639,
Tim Gibson,7536,
"Tim Lowenstein, David McGee",,"Tim Lowenstein, David McGee"
Tim McConachy,10491,
Tim Shilling,13062,
Tim Weil (ORCID 0009-0004-0370-0405),14415,
TIMBER CREEK,27640,
Timber Zemaitis (ORCID 0000-0002-8962-923X),14876,
TIMBERLAKE ET AL,27641,
TIMBERLAND,17648,
TIMBERLAND EXPLORATION CO.,27642,
timm@battelleecology.org,13853,
"TIMMERMAN, T.",13857,
Timothy C. Horner,8578,
Timothy Gilbert (ORCID 0000-0002-6694-2717),7552,
Timothy M Kusky,17920,
Timothy MacIntyre,10194,
Timothy Miller (ORCID 0000-0003-0607-4441),10800,
Timothy Tannenbaum,13683,
Timothy Weil (ORCID 0009-0004-0370-0405),17736,
TINDELL ET AL,27643,
"Tingey, Robert J",13859,
"TINNEY, A.F.",13861,
"TINNEY, E.P.",13862,
Tioga County Historical Society,27644,
TIPCO,15704,
"TIPPET, P.L. ET AL",27645,
"TIPPET, R.P.",13863,
TIPPETT & DARNELL,27646,
TIPPETT & MULL,27646,
TIPPS,13865,
"TIPPS, O.R.",13867,
tipps@battelleecology.org,13865,
TIPTON,17649,
TIPTON ET AL,27647,
TIPTON WELL,27648,
"TIPTON, S.M.",13868,
TISHIRN,15706,
TISSUE DRILLING CO.,27649,
TITANIC,17650,
TITANIC OIL,27650,
"TITANIC OIL - HARRISON, SAM G.",27650,
TITANIC OIL CO.,27650,
"TITTLE, J.C.",13870,
TITUS & CALLAWAY,27651,
Tivey,15888,
Tivey_Margaret,1886,
Tivey_Margaret; Reysenbach_Anna-Louise,,Tivey_Margaret; Reysenbach_Anna-Louise
TIVOLI OIL & GAS CO.,27652,
TIW,17651,
TJ Ray,12202,
Tjohns@battelleecology.org,13873,
TK Cawood,5655,
tlarrieu@battelleecology.org,13874,
tmiller@battelleecology.org,13876,
tmiller01@battelleecology.org,13877,
TMK EXPLORATION ET AL,27653,
tmull@field-ops.org,13878,
TMull@field-ops.org,13878,
TNT OIL CO.,27654,
TOALE,15707,
Tobias Fischer,352,
TOBIN,17652,
"TOBIN, JOHN F.",13879,
Toby Fisher,7171,
Toby Koffman,772,
TODD,17653,
TODD-SANDERS INC,27655,
"Todd Kremmin, Nigel Wattrus",,"Todd Kremmin, Nigel Wattrus"
Todd LaMaskin,9652,
Todd Presley,12014,
"TODD, W.L.",13881,
todom@battelleecology.org,13882,
"TOKA, INC.",27657,
TOKENE CORE HOLES (???),27658,
TOKLAN PRODUCTION CO.,27659,
TOLBERT,17654,
TOLBERT-KIMBROUGH,27661,
TOLBERT & DITTMAN,27661,
Tolbert G.E.,13885,
"TOLBERT, J.R.",13886,
TOLER,17655,
"TOLMAN, J.C.",13889,
Tom Boag,4948,
Tom Daly et Al (Byrd Frost and Plains Production Co.),27662,
TOM GORDON,7699,
TOM GREEN OIL CO.,27663,
Tom Howes,8619,
"Tom Howes, Emi Ito",,"Tom Howes, Emi Ito"
"Tom Howes, Kari Jacobson-Hedin",,"Tom Howes, Kari Jacobson-Hedin"
"Tom Howes, Terry Perrault",,"Tom Howes, Terry Perrault"
Tom Johnson,9052,
"Tom Johnson, Kerry Kelts",,"Tom Johnson, Kerry Kelts"
"Tom Johnson, Kristina Beuning",,"Tom Johnson, Kristina Beuning"
"Tom Johnson, Patrick Ng'ang'a",,"Tom Johnson, Patrick Ng'ang'a"
Tom Lowell,10074,
"Tom Lowell, Andy Breckenridge, K. McNulty, M. Pounder, Michael Krick, M. Moretto",,"Tom Lowell, Andy Breckenridge, K. McNulty, M. Pounder, Michael Krick, M. Moretto"
Tom Scott,12905,
Tom Smith Drlg. Co.,27664,
Tom Winter,14678,
Tom_Kwasnitschka,9611,
Tomas Capaldi,1085,
Tomas Feininger,7078,
Tom·s Roquer,12497,
TOMBERLIN,13890,
"TOMBERLIN, J.L.",13890,
"Tomlinson Interest, Inc. and First Mississippi Corp.",27666,
Tomlinson Interests and Mellon Creek Operating Co.,27666,
"Tomlinson Interests, Inc.",27665,
TOMLINSON OIL CO.,27665,
Tommy Mead - Oak Ridge National Lab,15815,
"Tommy Mead, Melanie Mayes - Oak Ridge National Lab",,"Tommy Mead, Melanie Mayes - Oak Ridge National Lab"
TOMPKINS,13894,
"TOMPKINS, JOHN L.",13894,
Toni Jordan-Millet (ORCID 0009-0001-6154-2087),9126,
TOPAZ,27669,
TOPAZ OIL CO.,27669,
TORCH,27670,
Torch Operating Co.,27670,
TOROSIAN,17656,
TORPORE OIL & GAS CO.,27671,
Torres_Jose,13904,
torresmj@battelleecology.org,13907,
torresperez@battelleecology.org,13908,
Torri Gladem,7600,
Toshiharu Misonou,10841,
Toshitaka GAMO,7424,
TOTAL,27672,
TOTAL PETR. CO.,27673,
TOTAL PETROLEUM CO.,27673,
TOTHER OIL CO. (T.T. WORD),27674,
totto@neoninc.org,13913,
"TOUDOUSE, GENE",13914,
Toussaint A.G.,13916,
"Towe, K.",13918,
TOWER-MCKENNA,27676,
TOWER OIL CO.,27675,
TOWN LOT OIL CO.,27677,
Town of Fort Deposit,27678,
TOWN SITE,27679,
TOWNER,17657,
TOWNLEE-KITTLE,27680,
TOWNSAND & WHITTINGTON,27681,
townsend@battelleecology.org,13919,
TOWNSLEY & WATSON,27682,
TOYAH CENTRAL OIL CO.,27683,
TOYAH SHALLOW OIL CO.,27683,
TRA-TEX OIL CO.,27712,
TRACE,17659,
Tracey,13921,
tracey@battelleecology.org,13922,
Tracy Frank,743,
"TRACY, H.H. ET AL",27684,
TRADER,15708,
TRADERS,28786,
TRADERS OF HOUSTON,27685,
TRADERS OIL,27686,
TRADERS OIL CO.,27686,
TRADERS OIL CO. (ATLANTIC REFINING CO.),27686,
TRADES OIL CO.,27686,
TRAFALGAR HOUSE,27687,
"TRAHAN, J. C.",13923,
"TRAHAN, J.C.",13923,
TRAHEN DRILLING,27688,
"TRAMMELL, ALMAR",13925,
TRANCONTINENTAL,28868,
trankina@battelleecology.org,13928,
TRANS-PECOS CO.,27699,
TRANS-PECOS OIL & GAS,27699,
TRANS-PECOS OIL CO.,27699,
TRANS-TEX,27701,
Trans-tex Drilling Co. - R.M. Moon,27702,
TRANS-TEX OIL CO.,27701,
TRANS-TEX PRODUCTION CO.,27701,
TRANS-TEXAS & SUNMARK ET AL,27702,
"TRANS-TEXAS ENERGY, INC",27703,
TRANS-VACUUM,27704,
TRANS GULF,27689,
TRANS STATE OIL,27690,
TRANS STATE OIL CO.,27690,
TRANS TEX,27691,
TRANS TEX DRILLING CO.,27691,
TRANS TEXAS DRILLING,27692,
TRANSCAL OIL CO.,27693,
TRANSCO,27694,
TRANSCO (TXP) EXPLORATION & PRODUCTION CO.,27694,
Transco Exploration,27694,
TRANSCO EXPLORATION,27694,
TRANSCO EXPLORATION & PRODUCTION CO.,27694,
TRANSCONTINENTAL,27695,
TRANSCONTINENTAL OIL,27695,
TRANSCONTINENTAL OIL - ARKANSAS,27696,
TRANSCONTINENTAL OIL - WAGGONER,27696,
TRANSCONTINENTAL OIL CO.,27695,
TRANSCONTINENTAL PETROLEUM CO.,27695,
TRANSCONTINENTAL PRODUCTION CO.,27695,
TRANSMOUNTAIN & BELL,27697,
TRANSOCEAN,27698,
TRANSOCEAN OIL INC.,27698,
TRANSTATE OIL CO.,27700,
TRANSWESTERN,27705,
TRANSWESTERN & ZACHERY (SUNRAY OIL CO.),27706,
TRANSWESTERN OIL CO.,27705,
TRANSWESTERN OIL CO. (SUNRAY),27706,
TRANSWESTERN OIL CO. ET AL,27706,
TRANSWESTERN ROYALTY,27707,
TRANT DRILLING CO.,27708,
"TRANT, SAM",13929,
TRANTHAM & ROSS,27709,
TRAPSHOOTER,27710,
TRAPSHOOTER-REILLY,27711,
TRAPSHOOTER-REILLY OIL-ROY CO.,27711,
TRAPSHOOTER DEV. CO.,27710,
TRAPSHOOTER RIELLY,27711,
"Trautman, Timothy A.",13931,
"TRAVER, A.H.",13932,
TRAVIS,17661,
Travis Carter,5614,
Travis Carter (ORCID 0000-0002-6068-4956),5614,
TRAVIS DRILLERS INC.,27713,
TRAVIS DRILLING,27713,
TRAVIS DRILLING CO.,27713,
TRAVIS EXPLORATION,27713,
TRAVIS PRODUCTION CO.,27713,
"TRAVIS, J.J.",13933,
"TRAVIS, J.J. TRUSTEE",13933,
TRAWALTER,17662,
TRAXEL OIL CO.,27714,
TRAYLOR ET AL,27715,
"Tre'j Exploration, Inc.",27720,
Trebilcock C. And E.,27716,
TREBOL,27717,
TREBOL OIL CO.,27717,
Tredwell C.R.H.,13934,
"Tredwell, C.",13934,
"TREE, PAUL",13935,
TREES OIL CO.,27719,
TREES OIL CO. - EMPIRE,27719,
TRENCHARD,17663,
TREND EXPLORATION,27721,
TREND RESOURCES LTD,27722,
TREND RESOURCES LTD.,27722,
"TREND RESOURCES, LTD",27722,
"TREND RESOURCES, LTD.",27722,
Trent Kelly (ORCID 0000-0002-3039-5256),9284,
TRENTMAN,15709,
TRENTMAN-NUNNLEE & RANKIN,27723,
TRENTMAN ET AL,27723,
Trenton Mulick (ORCID 0009-0003-0051-6402),17157,
"TRENTON, CITY OF",27724,
"Tressler, W.",13938,
"Treves, Samuel B.",13940,
Trevor MacHattie,10193,
Trevor Smith (ORCID 0000-0001-6525-2047),13267,
Trevor Surgener (ORCID 0000-0002-7527-2938),13614,
Trevor Waldien,1889,
Trey cormier (ORCID 0009-0003-6809-0161),6051,
Trey Cormier (ORCID 0009-0003-6809-0161),6051,
TRI-C RESOURCES,27733,
TRI-CITY-LEASING SYNDICATE,27737,
TRI-GOOD,27741,
TRI-M,27743,
TRI-MARK,27744,
TRI-SERVICE DRILLING,27757,
TRI-SERVICE DRILLING CO.,27757,
TRI-STATE DRILLING CO.,27759,
TRI-WY OIL CO.,27763,
TRI-WYE,27764,
TRI MARK OIL CO.,27725,
TRI SERVICE,27726,
TRIAD O & G,27727,
"Triad Oil and Gas Co., Inc.",27727,
"Triad Oil and Gas Co., Inc.-Clark Energy, Inc.",27728,
Triana Energy,27729,
TRIANGLE OIL CO.,27730,
TRIANGLE OIL CORP.,27730,
TRIANGLE OIL SYNDICATE,27730,
"Triangle Operating Co., Inc.",27730,
TRIBAL,17664,
TRIBAL & EXXON USA,27731,
TRIBAL OIL CO.,27732,
TRICE,27735,
TRICE PRODUCTION & H.C. JOHNSON,27734,
TRICE PRODUCTION CO.,27735,
"TRICE, C.W.",13941,
TRICENTRAL RESOURCES,27736,
TRICON MINERALS,27738,
TRIDENT,17665,
TRIGG DRILLING CO. INC.,27739,
"Trigg, J.",13942,
"TRIGG, JOHN H.",13942,
"TRIGG, JOHN H. CO.",27739,
TRIGOOD,27741,
TRIGOOD & SHELL OIL CO.,27742,
TRIM,15710,
"TRIM, FLOYD",13944,
TRINITY,27747,
TRINITY-TRANSWESTERN,27751,
Trinity College,27745,
TRINITY COPPER CO.,27747,
TRINITY DEV. CO.,27747,
TRINITY DEVELOPMENT CO.,27747,
TRINITY DRILLERS,27748,
TRINITY DRILLERS INC,27748,
TRINITY DRILLING & MAYO,27751,
TRINITY DRILLING CO.,27747,
TRINITY DRILLING CO. - S.R.C.,27751,
TRINITY ENGINEERING CO.,27747,
TRINITY ENGINEERING CO. (TETCO),27751,
TRINITY FARMS SECURITY CO.,27749,
TRINITY MARTEX,27750,
Trinity Oil & Gas Corp.,27747,
TRINITY PETROLEUM CO.,27747,
TRINITY PRODUCTION CO.,27747,
Trinity USA Operatin,27753,
TRIO,27754,
TRIO OIL-SHELL OIL,27755,
TRIO OIL & RENICK,27755,
TRIO OIL CO.,27754,
TRIPPLEHORN,17666,
TRIPPLEHORN (PREVIOUSLY SUN OIL CO.),27756,
TRISERVICE DRILLING,27757,
Trisha Spanbauer,13332,
Trista Weigelt (ORCID 0009-0009-5174-5700),17735,
Tristan Shultz (ORCID 0009-0002-7676-5328),17505,
TRISTATE,27758,
Tristyn Wiehl (ORCID 0000-0002-7445-1627),14555,
TRITON,17667,
TRITON OIL-PAGE,27761,
TRITON OIL & GAS,27760,
TRITON OIL & GAS CORP.,27760,
TRITON OIL CO.,27760,
TRIWG OIL CO.,27762,
TROJAN OIL CO.,27765,
Trophy Petroleum Corporation,27766,
TROPIC,17668,
"Trotter, O.B. and Assoc.",27767,
"TROUP, CITY OF",27768,
"TROUT, L.E.",13954,
Troy Spindler,13365,
TRUCKLINE,15711,
TRUE,27769,
TRUE OIL CO.,27769,
"True, F.",13957,
TRUMAN OIL CO.,27770,
TRUMIS & SCHKADE,27771,
TRUMPTER OIL CO.,27772,
TRUMTER PETROLEUM CO.,27773,
TRUNKLINE,27774,
TRUNKLINE - MOBIL,27775,
TRUNKLINE GAS CO.,27774,
TRUNKLINE GAS CO. ET AL,27775,
TRUPPETT & GROVE,27776,
Trystan Herriott,8345,
Trystan M. Herriott,8345,
Tsai-Wei Chen,1308,
Tschaffner@battelleecology.org,13960,
"TSCHIRN, CHARLES W.",13961,
tscolman@battelleecology.org,13962,
TSEMELIS (GUS) & PYRAMID DRILLING CO.,27777,
TSESMELIS,17669,
"TSESMELIS, GUS (RICHARDSON & DIRKS)",27777,
tsheriff@battelleecology.org,13963,
tspindler@field-ops.org,13964,
"Tsuchi_de, M.",6385,
ttillson@field-ops.org,13966,
TTillson@field-ops.org,13966,
"TUBB, J.D. (FORMERLY COSDEN PETROLEUM CO.)",13970,
TUCK-TRIGG OIL CO.,27784,
TUCKER-SHACKELFORD-MCWILLIAMS,27782,
TUCKER & GEN CRUDE,27782,
"TUCKER & HENDERSON (TUCKER DRILLING CO., INC.)",27781,
TUCKER DRILLING,27780,
TUCKER DRILLING-GENERAL CRUDE,27781,
"TUCKER DRILLING-HALBOUTY, M.T.",27781,
"TUCKER DRILLING-HENDERSON, P",27781,
TUCKER DRILLING-JONES-LYONS,27781,
TUCKER DRILLING-MATRIX-HENDERSON,27781,
TUCKER DRILLING-MCCURDY,27781,
TUCKER DRILLING-VANFLICK,27781,
TUCKER DRILLING CO.,27779,
TUCKER DRILLING CO. - COASTAL STATES,27781,
TUCKER DRILLING CO. - COATS,27781,
"TUCKER DRILLING CO. - RASCOE, C.M.",27781,
TUCKER DRILLING CO. & GENERAL CRUDE,27781,
TUCKER DRILLING CO. & GENERAL CRUDE OIL,27781,
TUCKER DRILLING CO. & HENDERSON,27781,
TUCKER DRILLING CO. ET AL,27781,
TUCKER DRILLING CO. ET.AL,27781,
TUCKER ET AL,27782,
"Tucker Operating Co., Inc.",27779,
"TUCKER, ART",13972,
"TUCKER, NELSON",13974,
tuckere@battelleecology.org,13973,
TUCKET & FULLWOOD,27783,
TUDOR OIL CO.,27785,
TUGGLE,17670,
TULE PRODUCTION CO.,27789,
TULETA OIL,27790,
TULL ET AL,27791,
TULOMA OIL CO.,27792,
TULSA IRON & MET AL CO.,27794,
TULSA OIL CO.,27793,
TULSA PRODUCTION & REFINING CO.,27793,
"Tuni, D.",13982,
Tunnicliffe_Verena,13983,
Tunnicliffe_Verena  Davis_Richard,,Tunnicliffe_Verena  Davis_Richard
Tunnicliffe_Verena; deRonde_Cornel,,Tunnicliffe_Verena; deRonde_Cornel
Tunnicliffe_Verena; Moyer_Craig,,Tunnicliffe_Verena; Moyer_Craig
Tunnicliffe_Verena; Sylvan_Jason,,Tunnicliffe_Verena; Sylvan_Jason
Tunnicliffe_Verena; Walker_Sharon,,Tunnicliffe_Verena; Walker_Sharon
Tunnicliffe_Verena;John Chadwick,,Tunnicliffe_Verena;John Chadwick
Tunnicliffe_Verena;Marcus_Jean;,,Tunnicliffe_Verena;Marcus_Jean;
Tunnicliffe_Verena;Marcus_Jean;Juniper_Kim,,Tunnicliffe_Verena;Marcus_Jean;Juniper_Kim
TUPTON-MCLESTER,27795,
TURBEVILLE,27796,
TURBEVILLE ET AL,27796,
"TURBEVILLE, W.G.",13985,
TURMAN,27797,
TURMAN OIL CO.,27797,
TURNBULL-IRWIN-SHELL ET AL,27798,
TURNBULL-ZOCH,27798,
TURNBULL & IRWIN,27798,
TURNBULL & ZOCH,27798,
"TURNBULL, J. R.",13987,
"TURNBULL, J.R.",13987,
TURNER,17671,
TURNER-WEST,27802,
TURNER & DURHAM,27799,
TURNER & EDDY,27799,
TURNER & HORN,27799,
TURNER & PHILLIPS,27799,
TURNER & SWIFT,27799,
TURNER & WEST,27799,
Turner & West Drlg.,27799,
TURNER & WEST ET AL,27799,
"Turner and Hickox, Inc.",27799,
TURNER WEST,27800,
"TURNER, C.D.",13989,
"TURNER, FRED",13992,
"TURNER, FRED JR.",13992,
"TURNER, G.",13993,
"TURNER, J.H.",13996,
"TURNER, JOE",13997,
"Turner, M.",13998,
"TURNER, M.O.",13999,
"TURNER, MARVIN",14000,
"Turner, Morton D.",14002,
"TURNER, W. M. ASSN.",27801,
TURON Jean-Louis,14003,
"TURPIN, R. M.",14004,
Tuscaloosa Co. Industrial Development Authority,27803,
TUSKAR,17672,
"TUTTLE, FRANK D.",14006,
"Tutwiler Oil and Gas, Ltd.",27804,
"Tutwiler, Ltd.",27804,
TVA,17673,
tvelazquez-rojas@battelleecology.org,14136,
tvelazquez@field-ops.org,14136,
Twamley,15712,
twesthusin@battelleecology.org,14011,
TWIN CITY OIL & GAS CO.,27805,
TWIN EXPLORATION,27806,
TWIN OIL,27808,
TWIN OIL CO.,27808,
TWO RIVERS OIL CO. (ILLINOIS PETROLEUM CO.),27809,
TX CRUDE EXPLORATION,27810,
TXL,27811,
TXL CORP.,27811,
TXL OIL,27811,
TXL OIL CORPERATION,27811,
TXO,27812,
TXO PRODUCTION CO.,27812,
TXO Production Corp.,27812,
TXO PRODUCTION CORP.,27812,
TXP OPERATING,27814,
TXP Operating Co.,27814,
TXP OPERATING CO.,27814,
Ty Stevens (ORCID 0000-0001-7040-7795),13483,
TYLER-SMITH,27815,
TYLER & SMITH,27815,
Tyler Ambrose,4222,
TYLER ET AL,27815,
Tyler Kappen and Katherine McCredie,,Tyler Kappen and Katherine McCredie
"Tyler Kappen, Katherine McCredie",,"Tyler Kappen, Katherine McCredie"
Tyler Kaspar,9209,
Tyler Mackey,1190,
Tyler Messerschmidt,10718,
"TYLER, JOHN K.",14016,
TYMAN,17674,
TYNES,17675,
TYNES-CLAYPOOL-REBEL,27816,
TYNES & CLAYPOOL,27816,
TYNES ET AL,27816,
TYRELL,15713,
TYRELL ET AL,27817,
"TYRELL, C.R.",14017,
"TYRELL, J.J.",14018,
Tyrone O. Rooney,17921,
Tyrone Rooney,186,
Tyrone Rooney; Alex Steiner,,Tyrone Rooney; Alex Steiner
TYSEO,17676,
tzimmerman@field-ops.org,14021,
U S ARMY,27821,
U S G S,27838,
U S GOVERNMENT,27846,
U S N M,27921,
U. Bold,27818,
U. S.,28885,
U. S. DRILLING CORP.,27830,
U. S. Fuel Company,27836,
U. S. Government,27846,
U. S. N. M.,27921,
U. Voﬂ,17677,
U.P.R.C.,15714,
U.S. AIR FORCE,27819,
U.S. AIR FORCE (SMSO),27820,
U.S. Army Corps of Engineers,27822,
U.S. ARMY CORPS OF ENGINEERS,27822,
U.S. Borax,27823,
U.S. BORAX,27823,
U.S. BOUNDARY COMMISSION,27824,
U.S. Bureau of Mines,27825,
U.S. Corps of Engineers,27822,
U.S. Department of the Interior,27829,
U.S. Dept. of Agriculture,27826,
U.S. DEPT. OF AGRICULTURE,27826,
U.S. ENHANCED OIL RECOVERY CO.,27831,
U.S. EXPLORATION CORP.,27832,
U.S. Forest Service,27834,
U.S. FOREST SERVICE,27834,
U.S. GAS & OIL CO.,27837,
U.S. Geological Survey,27838,
U.S. GEOLOGICAL SURVEY,27838,
U.S. GYPSUM - BUREAU ECONOMIC GEOLOGY,27847,
U.S. National Museum,27849,
U.S. NATURAL GAS,27850,
U.S. Naval Academy,27851,
U.S. OIL CO. ET AL,27852,
U.S. OIL OF CALIFORNIA - TEXACO,27853,
U.S. OIL OF TEXAS,27854,
U.S. OPERATING,27855,
U.S. OPERATING CO.,27855,
U.S. OPERATING INC.,27855,
U.S. Pipe,27856,
U.S. Pipe & Foundry,27856,
U.S. SMELTING,27858,
U.S. SMELTING REF.& MINING,27859,
U.S. SMELTING REFINING & MINING,27859,
U.S. SMELTING REFINING & MINING (LATER: TEXACO),27859,
U.S. STEEL,27860,
U.S. STEEL  & COAL,27861,
U.S. Steel Corp,27860,
U.S. Steel Corp.,27860,
"U.S. Steel Mining Co., Inc.",27862,
"U.S. Steel Mining Co., LLC",27862,
U.S. STEEL URANIUM OPERATIONS,27863,
U.S. TEXTILE CORP.,27864,
U.S.A.,28885,
U.S.G.S,27838,
U.S.G.S.,27838,
"U.S.G.S.-WALTERS, C.G.",27865,
"U.S.G.S. - WALTERS, C.G.",14293,
U.S.G.S. PERMIAN BASIN PROJ.,27839,
U.S.N.M.,27921,
UCEY PETROLEUM CO.,27867,
"Uhlherr, H. R.",14029,
ULF-VARNES EXPLORATION CO.,27871,
"Ulmer, G.",14034,
"ULMER, M. C.",14035,
"ULMER, W.B.",14036,
ULTRA,17678,
"UMBENDOUR, LEE",14039,
UMBIA DRILLING,27872,
Umhoefer_Paul,14041,
UNAPACHE,17679,
UNDERWOOD,15715,
UNDERWOOD & PARKER,27875,
UNDERWOOD & SHAMROCK OIL,27875,
UNDERWOOD R CLAY,14044,
"UNDERWOOD, R. CLAY",14044,
"UNDERWOOD, R.C.",14044,
"UNDERWOOD, RIP",14044,
"UNDERWOOD, RIP C.",14044,
UNDERWRITERS OIL CO.,27876,
UNDREN & FRAZIER,27877,
"UNGER, MILTON",14045,
"UNGER,MILTON",14045,
UNGREN,17680,
UNGREN-FRAZIER-JONES-STASNEY,27878,
UNGREN-FRAZIER-KID WEST,27878,
UNGREN - FRAZIER,27878,
UNGREN & FRANIER,27877,
UNGREN & FRAZIER,27877,
UNGREN & FRAZIER-AMBASSADOR,27877,
UNGREN & FRAZIER-HEDRICK,27877,
UNGREN & FRAZIER-JONES-STASNEY,27877,
Unidentified,10842,
UNION,28873,
UNION-DUFFY,27902,
UNION-LONE STAR,27902,
UNION & ET AL,27902,
UNION & GAS FUTURES,27902,
UNION & GETTY,27902,
UNION & ROYAL,27902,
UNION & TEXASGULF,27902,
UNION CARBIDE,27880,
UNION CARBIDE PETROLEUM,27881,
UNION CARBIDE PETROLEUM CORP.,27881,
UNION CENTERAL LIFE INC CO.,28787,
UNION COMMERCIAL,27883,
UNION DRILLING CO.,27884,
"UNION DRILLING, INC",27884,
UNION DUFFY,27885,
"Union Exploration Partners, Ltd.",27886,
UNION FOREST,27887,
UNION OF CAL.,27893,
UNION OF CALIF,27893,
UNION OF CALIF.,27893,
UNION OF CALIFORINA,27893,
UNION OF CALIFORNIA,27893,
UNION OF CALIFORNIA - MOBIL,27895,
UNION OF CALIFORNIA & MONTEREY,27895,
UNION OF LOUISIANA,27888,
UNION OF TEXAS,27889,
UNION OF TEXAS - TIDEWATER,27898,
UNION OF TEXAS ET AL,27898,
UNION OF TEXAS NATURAL GAS,27889,
UNION OF TEXAS PET.,27889,
UNION OF TEXAS PETROLEUM,27889,
UNION OF TEXAS PETROLEUM CORP.,27889,
UNION OIL,27890,
UNION OIL & GAS,27891,
UNION OIL & GAS OF LA.,27891,
UNION OIL & GAS OF LOUISIANA,27891,
UNION OIL & MINING CO.,27892,
UNION OIL CALIFORNIA,27893,
UNION OIL CO OF CALIFORNIA,27893,
UNION OIL CO.,27890,
Union Oil Co. Of California,27893,
UNION OIL CO. OF CALIFORNIA,27893,
UNION OIL CO. OF CALIFORNIA - SUN OIL CO.,27895,
UNION OIL CO. OF CALIFORNIA (PURE OIL CO.),27895,
Union Oil Company of California,27893,
UNION OIL OF CAL.,27893,
UNION OIL OF CALIF.,27893,
UNION OIL OF CALIFORNIA,27893,
UNION OIL OF CALIFORNIA - HELMERICH PAYNE,27895,
UNION OIL OF NEVADA,27896,
UNION OIL OF TEXAS,27897,
UNION OIL WORKER'S SYNDICATE,27899,
UNION PACIFIC,27900,
Union Pacific Resour,27901,
UNION PACIFIC RESOURCES,27901,
Union Pacific Resources Co.,27901,
UNION PACIFIC RESOURES,27901,
UNION PETROLEUM,27903,
Union Producing Co.,27904,
UNION PRODUCING CO.,27904,
UNION PRODUCING CO. (PREV: NORTH HOUSTON OPERATING),27905,
UNION PRODUCTION - PHILLIPS,27906,
UNION PRODUCTION (PENNZOIL PRODUCTION),27905,
UNION PRODUCTION CO.,27905,
UNION PRODUCTION CO. - ALEXANDER,27906,
UNION PRODUCTION CO. - CONTINENTAL,27906,
UNION PRODUCTION CO. - HALBOUTY,27906,
UNION PRODUCTION CO. - SHELL OIL CO.,27906,
UNION PRODUCTION CO. - SOHIO,27906,
UNION PRODUCTION CO. - YOUNGBLOOD,27906,
UNION PRODUCTTION CO.,27905,
UNION SULPHER CO.,27908,
UNION SULPHUR,27908,
UNION SULPHUR & OIL,27908,
UNION SULPHUR & OIL CO.,27908,
UNION SULPHUR & SUN,27907,
UNION SULPHUR CO.,27908,
UNION TEXAS NATIONAL,27909,
UNION TEXAS PETROLEUM,27521,
Union Texas Petroleum Corp.,27910,
UNION TEXAS PETROLEUM CORP.,27910,
"Unit Manager, Citronelle Unit",27911,
UNIT OIL,27912,
UNITED,27914,
UNITED-SOUTH TEXAS,27924,
UNITED DRILLING & DEV. CO.,27914,
UNITED FUEL & GAS CO,27914,
United Fuel and Gas Co.,27914,
UNITED FUEL GAS CO,27914,
UNITED GAS,27914,
UNITED GAS CO.,27914,
UNITED NORTH & SOUTH DEV.,27915,
UNITED NORTH & SOUTH DEV. CO.,27915,
UNITED NORTH & SOUTH DEVELOPERS,27915,
UNITED NORTH & SOUTH DEVELOPMENT,27915,
UNITED NORTH & SOUTH DEVELOPMENT CO.,27915,
UNITED OIL & GAS INC.,27914,
"UNITED OIL & MINERALS, INC",27916,
"UNITED OIL & MINERALS, INC.",27916,
UNITED OIL GAS MIN. CO.,27916,
UNITED PACKERS OIL CO.,27917,
UNITED PETROLEUM CO.,27914,
UNITED PRODUCING CO.,27914,
UNITED PRODUCING CORP.,27918,
UNITED PRODUCTION CORP.,27919,
UNITED PRODUCTION CORP. - CONTINENTAL,27919,
UNITED STATES ARMY,27920,
UNITED STATES R&M,27922,
UNITED WORKERS OIL ASSOC.,27923,
Univ. of Alabama,28018,
Univ. of Alabama Mineral Resources Institute,28014,
Univ. of Alabama SOMED,28015,
UNIVERSAL,27926,
UNIVERSAL CITY,27925,
UNIVERSAL OIL & DEV,27926,
UNIVERSAL OIL & GAS CO.,27926,
UNIVERSAL OIL & MINING CO.,27926,
UNIVERSAL PETROLEUM,27927,
UNIVERSAL PETROLEUM CORP.,27927,
UNIVERSAL PETROLEUM CORP. ET AL,27926,
Universal Resources,27928,
Universidad Nacional Autonona De Mexico,27940,
Universitat de Barcelona,27974,
University Of Chile,27932,
University of Hawaii at Hilo,28069,
University Of Rochester,28137,
UNIVERSITY OF TEXAS,28152,
University Of Toronto,28158,
Unknown,14049,
UNKNOWN,14049,
UNKNOWN (CHACON OIL CO.?),28178,
UNKNOWN (EXXON?),10842,
UNKNOWN CO.,10842,
UNKNOWN CO. (SHAW?),10842,
UNOCAL,27893,
Unocal Exploration Corp.,27894,
UPHAM GAS CO.,28180,
"Upham, W.",14052,
UPLAND OIL CO. - KING,28181,
URANIAN OIL ASSOCIATION,28183,
URBAN,17682,
"Urbina, Octavio",14055,
"UREX, INC",28184,
"UREX, INC.",28184,
URI,28185,
URICE,17683,
URSULA OIL CO.,28186,
US SMELTING & REFINING,28187,
USCAN,28188,
USCAN OIL CO.,28188,
USGS,27838,
USHER-CARSON,28189,
USS CHEMICALS,28190,
USSERY DRILLING CO.,28191,
UTAH - TEXAS OIL CO.,28192,
UTAH OIL,28196,
UTEX,28199,
UTEX EXPLORATION CO.,28199,
V Merivale,10702,
V. Bowen,5050,
V.A. HUGHES,8681,
V.F. PETROLEUM - PENNZOIL,28200,
V.Marcon/S.Brantley,,V.Marcon/S.Brantley
V.P.R.C.,17684,
VACUUM OIL CO.,28202,
Vadim Kamenetsky,9175,
Vadman,14062,
VAL-CARROL OIL CO.,28204,
Val Finlayson and Mike Brennan,,Val Finlayson and Mike Brennan
VAL VERDE VENTURES CORP.,28203,
Valence Operating Co,28205,
VALENCIA,17685,
VALENIA,17686,
Valentin R. Troll and Juan Carlos Carracedo,,Valentin R. Troll and Juan Carlos Carracedo
"VALENTINE, W. C.",14068,
ValÈrie BALLU,4540,
Valery Lutkov,10131,
Valier Galy,7421,
"Valley Oil and Gas Co., Ltd.",28206,
"Vallier, T.",14075,
Vamvaka Agni,4093,
VAN-GRISSO & HARVEY,28224,
"VAN ALLAN, W.W.",14079,
"VAN ALLEN, K. DR.",14080,
"Van Alstine, R. E.",14083,
"van Andel, T. H.",14084,
"Van Beek, G. W.",14085,
VAN DYKE,28208,
VAN DYKE & CROWN,28209,
VAN DYKE & MEJLAENDER,28209,
VAN GRISSO,28210,
VAN GRISSO BYRON,28211,
VAN HORN OIL CO.,28212,
"Van Ingen, G.",14091,
"VAN NESS, HARRY SYNDICATE OIL CO.",28213,
VAN NORMAN OIL CO.,28214,
"VAN NORMAN, WALTER",28215,
VAN OIL ASSOC.,28216,
Van Pham Dang Tri,17687,
VAN SUN CO.,28217,
VAN WORMER,14732,
VAN ZANDT OIL DEVELOPMENT CO.,28218,
"VAN, JACELYN  OIL CO.",28219,
VANDAGRIFF & SLUSHER,28220,
VANDERBILT PETR. CO.,28223,
"VANDERWEIDE, S. ET AL",28222,
"Vanderwelt, J. W.",14105,
VANDEVER PETROLEUM CO.,28223,
vandoorn@battelleecology.org,14106,
VanDover_Cindy,14107,
VANGRISSO,17689,
vanhoy@battelleecology.org,14108,
VANNIERE B,14110,
"VANNORMAN, W.",14111,
VANNOY ET AL,28225,
vansambeek@battelleecology.org,14112,
"Vantage Energy Black Warrior, LLC",28226,
"Vantare Operating, LLC",28227,
VANTEX,17690,
"Vanuxem, L.",14115,
vanwyk@battelleecology.org,14117,
VARIOUS MAJOR OIL CO.S,28228,
VARN PETROLEUM,28229,
"VARN, JOCELYN",14122,
"VARN, JOCELYN & GRAHAM, JACK",,"VARN, JOCELYN & GRAHAM, JACK"
VARNER-FERRIS,15716,
VARNER FERRIS,7115,
"Varnes, D. J.",14124,
Varun Paul,11672,
Vasileios Giamas,1766,
vasilj@battelleecology.org,14126,
VASSER OIL,28230,
VAUGHAN,17691,
VAUGHAN ET AL,28231,
"VAUGHAN, M.V.",14129,
"VAUGHAN, M.V. & RANKIN, L.A.",,"VAUGHAN, M.V. & RANKIN, L.A."
VAUGHEY & VAUGHEY,28232,
VAUGHN,15717,
VAUGHN-ZOCH-TURNBULL,28235,
VAUGHN ET AL,28234,
VAUGHN OIL CO.,28233,
VAUGHN PETR. CO.,28233,
VAUGHN PETRO.,28233,
VAUGHN PETROLEUM CO.,28233,
VAUGHN PETROLEUM CO. - COLLINS,28234,
VAUGHN PETROLEUM INC.,28233,
VAUGHN PRODUCTION CO.,28233,
"VAUGHN, ET AL.",28234,
"VAUGHN, G.H.",14131,
"Vaux, William S.",14132,
"Vavra, Charles L.",14133,
"VCR and Holcomb, R. T.",,"VCR and Holcomb, R. T."
"VELCO PROPERTIES, INC.",28236,
VELMA PETROLEUM CO.,28237,
Velon H. Minshew,10830,
VELVET OIL CO.,28238,
Venable Brothers,28239,
VENABLE ET AL,28240,
VENCENT & WELCH,28267,
"Veniselos, L.",14137,
Venkatesan,17692,
VENMEX OIL CO.,28241,
"Vennum, Walter",14138,
Ventax,17693,
Ventex Oper. Co.,28242,
Ventex Oper. Corp,28242,
Ventex Oper. Corp.,28242,
Ventex Operating Co.,28242,
Ventex Operating Corp.,28242,
VENTURA OIL CO.,28243,
Venture Oil & Gas Inc.,28244,
"Venture Oil & Gas, Inc.",28244,
"Venture Oil and Gas,",28244,
"Venture Oil and Gas, Inc.",28244,
VENTURE OIL CO.,28244,
VENTURE PETROLEUM CO.,28244,
VENUS,17694,
"Venus Exploration, Inc.",28245,
VENUS OIL CO.,28245,
VENZA,17695,
VENZA OIL CO.,28246,
verbeke@battelleecology.org,14139,
VERDE OIL CO.,28247,
VERDOME,15718,
Vermont Marble Company,28248,
"Vernadsky, W.",14143,
VERNEAUX V,14144,
Vernet/Huber/Domack,28249,
Veronica Fontanals-Cuebas (ORCID 0000-0002-1872-5662),7230,
Veronica Guerrero (ORCID 0000-0002-1785-7292),7870,
"Verrall, P.",14147,
VESSELS,15719,
Vetriani_Costantino,14150,
Vetriani_Costantino; Rogers_Karyn,,Vetriani_Costantino; Rogers_Karyn
Vetriani_Costantino; Sievert_Stefan,,Vetriani_Costantino; Sievert_Stefan
vguerrero@battelleecology.org,14154,
Vhairi Mackintosh,10200,
"VICE, R.H.",14155,
"Vicenzi, E. P.",14156,
VICK OIL CO.,28250,
VICKERS,17696,
"VICKERS EXPLORATION, LTD.",28251,
VICKERS PETROLEUM,28252,
"VICKERS, BAY",28253,
Vicki McConnell,10493,
Vicky Louangaphay (ORCID 0000-0002-7992-1560),10053,
VICO OIL,28254,
Victor Camp,672,
Victor E. Schmidt,12811,
Victor M. Seiders,12933,
Victor Polyak/David Decker,,Victor Polyak/David Decker
Victor Sanjinez Guzman (ORCID 0000-0002-4801-9849),12725,
Victor Zabielski,14847,
"VICTOR, P. SMITH",14159,
Victoria,17697,
Victoria Cox,6111,
Victoria Day (ORCID 0000-0003-2007-6435),6363,
VICTORIA DRILLING CO.,28255,
Victoria Frazier (ORCID 0000-0002-0425-3262),7325,
Victoria Gaa (ORCID 0000-0003-4366-4379),7394,
VICTORIA OPERATING,28255,
VICTORIA OPERATING CO.,28255,
Victoria Simoneau/Yvette Kuiper,,Victoria Simoneau/Yvette Kuiper
Victoria Smith,1397,
VICTORY PETROLEUM,28257,
"Victory Resources, Inc.",28258,
VIDAURI OIL CO.,28259,
"VIEGO, SAL",14162,
"VIEJA, LA SAL & PURE OIL CO.",28260,
"VIEJA, LA SAL OIL CO.",28261,
"VIEJO, LA SAL OIL CO.",28261,
Vienna Museum,28262,
VIERSON & MCDOWELL,28263,
VIERSON ET AL,28263,
VIERSON PETROLEUM CO.,28264,
Viginia Wala,14244,
Vika Ershova,6956,
VIKING,28265,
VIKING DRILLING,28266,
VIKING DRILLING CO.,28266,
VIKING OIL CO.,28266,
Viking Oil Co. and S,28266,
VIKING PETR. CO.,28266,
VINC.ENT & WELCH,28267,
VINC.ENT & WELCH & AUSTRAL,28267,
VINC.ENT & WELCH & MCGEE,28267,
VINCENT & WELCH,28267,
VINGLING,17699,
Vinh Tran (ORCID 0009-0004-7358-8332),13927,
Vinh Tuan Tran (ORCID 0009-0004-7358-8332),13968,
Vining_Oliver,14174,
VINSON,17700,
VINSON OPERATING,28268,
"Vintage Petroleum, I",28269,
"Vintage Petroleum, Inc.",28269,
VINTEX OIL CO.,28270,
VIOLA OIL CO.,28271,
VIOLET,17701,
VIOLET OIL CO.,28272,
VIOLOS OIL CO.,28273,
VIRDELL DRILLING CO.,28274,
VIRGINIA - TEXAS,28275,
VIRGINIA - TEXAS CO.,28275,
Virginia Gillerman,7566,
"Virginia Iglesias, Cathy Whitlock",,"Virginia Iglesias, Cathy Whitlock"
VIRGINIA IRON C C CO.,28277,
Virginia M. Gonzalez,7676,
VIRGINIA OIL,28278,
Virginia Peterson,1816,
Virginia Well & Supply Co.,28281,
VIROLLE Maxime,14179,
VISA,17702,
VITEK,17703,
"VITEK, PAUL",14182,
"VITERI, GEORGE",14184,
Vitor Barrote,14184,
Vitor Barrote; Svetlana Tessalina,,Vitor Barrote; Svetlana Tessalina
Vivi Vajda,14064,
Vivi Vajda & Stephen McLoughlin,,Vivi Vajda & Stephen McLoughlin
Viviana Freire,7341,
Vladimir Davydov,111,
VOELKEL,17704,
"VOGEL, A.J. - TUCKER DRILLING",28282,
"VOGEL, A.J. ET AL",28282,
"Vogel, Stefan",14192,
"Vogt, P.",14194,
"VOIGHT, JOHN",14195,
VOIT,15720,
Vojtech Erban,6942,
VOLPE BROTHERS,28284,
"Volynets, O. N.",14199,
Von Bezing,14200,
Von Bezing L.,14200,
Von Damm,14201,
Von Damm:Lilley,15721,
"VON FALKENSTEIN, W.W.",14202,
VON GRAFENSTEIN U,14203,
Von Hines (ORCID 0000-0003-1285-8269),8444,
"VON ROEDER, B.G.",14205,
VonDamm_Karen,14201,
VonDamm_Karen; Bryce_Julie; Prado_Florencia,,VonDamm_Karen; Bryce_Julie; Prado_Florencia
VonDamm_Karen; Reysenbach_Anna-Louise; Blake_Ruth,,VonDamm_Karen; Reysenbach_Anna-Louise; Blake_Ruth
VOSS DRILLING CO.,28285,
VOSS OIL,28285,
"VOSS, JOHN W.",14208,
"VOSS, JOHN W. ET AL",14208,
vossa@battelleecology.org,14211,
vossa1@battelleecology.org,14212,
"Vott, P.",14213,
VOYLES,15723,
VOYLES-JERGENS,28288,
VOYLES & BYRD,28287,
VOYLES & BYRD OIL CO.,28287,
VOYLES & REED,28287,
VOYLES & SOUTHERN PRODUCTION CO.,28287,
"VOYLES, O.W.",14214,
vpropheter@field-ops.org,14215,
Vpropheter@field-ops.org,14215,
VRATIS,15724,
vschmitt@battelleecology.org,14217,
Vulcan Materials Co,28290,
W Bryan,5281,
W C DAM LIB,28292,
W C. Buell,5316,
W D DRILLINGS,28293,
W E. Ham,7991,
W Foshag,7260,
W Foster,7270,
W G. Stoll,13520,
W H. Newhall,11261,
W L. Crentz and A. L. Bailey,,W L. Crentz and A. L. Bailey
W Lee,9799,
W Lindgren,9926,
W M. Wigel,14560,
W Phalen,11832,
W Rrellman,12570,
W S. Landers,9671,
W&R,17705,
"W&T Offshore, Inc.",28291,
"W. A. Cobban & C. H. Dane, E. Landis",,"W. A. Cobban & C. H. Dane, E. Landis"
"W. A. Cobban, E. R. Landis, and C. H. Dane",,"W. A. Cobban, E. R. Landis, and C. H. Dane"
W. B. Hinton,8450,
"W. C. Deemer, PA",6421,
W. C. DRILLING,28294,
W. E. LeMasurier,9830,
W. H. HUDSON,8658,
W. H. Littleton,9950,
W. J. Miller,10801,
W. Majewski,10234,
W. Miller Drlg.,28295,
W. Minarik,1711,
W. Newbury,11256,
W. W. Newman,11266,
W. W. Newman and E. O. Heath,,W. W. Newman and E. O. Heath
W. W. Newman et al,28296,
W. Wei,14317,
W.B. HINTON,8450,
W.C. DRILLING,28297,
W.C. WINDSOR ET AL,28298,
W.C.I.D.,17706,
W.E. PRODUCING CO.,28299,
W.E.B. OIL CO.,28300,
W.F.W.,15725,
W.H. HUNT CO.,28301,
W.H. Ray,28302,
W.J. Bozeman,5083,
W.J. Bozeman & Son,5083,
"W.J. Bozeman, Jr.",5083,
W.K. DAVIS,6349,
W.K. ROYALTY CO.,28303,
W.L. Peterson - USGS,11805,
W.M. OIL CO.,28304,
W.O.G. INC.,28305,
W.P.A.,17707,
W.R.G.,17708,
W.S. MCGEE,10538,
W.W. RANEY,12158,
W.W.F.,28306,
W.W.F. MIDWEST OIL CO.,28306,
WACKER,15727,
WACO OIL & REFINING CO.,28307,
Wacuna@battelleecology.org,14221,
Wade Davidson,6315,
"Wade, F. Alton",14222,
"WADE, L.G.",14224,
WADLEY,14225,
WADLEY & EVANS,28309,
WADLEY & LYONS,28309,
"WADLEY, J.K.",14227,
"WADLEY, J.K. & JOHNSON",,"WADLEY, J.K. & JOHNSON"
wadley@battelleecology.org,14226,
WADSWORTH,17709,
WAGENER,15728,
"Wager, L. R.",14228,
WAGGONER,17710,
WAGGONER-WESTERN,28311,
WAGGONER & LAUSSEN,28311,
WAGGONER ESTATE,28310,
"WAGGONER, W. T.",14229,
"WAGGONER, W.T.",14229,
"WAGLEY, ALLEN",14230,
"WAGLEY, S.C.",14231,
WAGNER,15729,
WAGNER-ALABAMA MINERALS,28314,
WAGNER & BALDRIDGE,28313,
WAGNER & BROWN,28313,
WAGNER ET AL.,28313,
"Wagner Oil Company, Inc.",28312,
"WAGNER, CARLOS",14233,
"WAGONER, J.P. EXPLORATION",28315,
WAGSTAFF,17711,
WAHLENMAIER,17712,
WAHLENMAIER - AIKMAN,28316,
WAHLENMAIER & CURRIE,28316,
WAHLENMAIER ET AL,28316,
WAHLENMAIER PETROLEUM CORP.,28317,
WAID H I,14237,
WAINOCO OIL,28318,
WAINOCO OIL & GAS CO.,28318,
WAINOCO OIL & GAS CO. (LEMAY CORP.),28318,
WAINOCO OIL CO.,28318,
WAINWRIGHT WEST OILS LTD.,28319,
WAITE ET AL,28320,
waiteme@battelleecology.org,14242,
WAITS & KADANE,28321,
WAKE OIL CO.,28322,
Waldemar T. Schaller,12768,
WALDRIDGE & KING,28323,
"WALDRIP, W.H.",14247,
WALDRON,17713,
"WALDRON, R.S.",14248,
"WALDRON, W.D. ET AL",28324,
WALDROP-PATILLO ET AL,28325,
WALKER,15730,
WALKER-DIXON,28328,
WALKER-VAN DUYN,28328,
WALKER CONSOLIDATED PETROLEUM CO.,28326,
WALKER ET AL,28327,
"WALKER, A. W.",14249,
"WALKER, A.C.",14250,
"WALKER, A.T. ET AL",28329,
"WALKER, A.W.",14251,
"Walker, Barry",14253,
"WALKER, DON CO.",28330,
"Walker, J. F.",14255,
"WALKER, JAMES",14257,
"WALKER, M.L.",14259,
"Walker, Paul T.",14260,
"WALKER, SELBY",14261,
"WALKER, W.E.",14263,
Walker_James,14257,
Walker_Sharon,14262,
WALL OIL CO.,28331,
"WALL, EARL E.",14265,
WALLACE,17714,
WALLACE & COLLINS (WALLACE & JONES),28333,
WALLACE & SOLARS ET AL,28333,
"WALLACE , D W C",14267,
WALLACE OIL,28332,
WALLACE OIL CO.,28332,
"WALLACE, D.M.",14269,
"WALLACE, D.M.   ET AL",14269,
"WALLACE, GEORGE A.",14271,
"WALLACE, GIBSON & LAHNHEISER",28334,
"Wallace, H.",14273,
"WALLACE, HULDA",14273,
"WALLACE, M.C.",14275,
"Wallace, P.",14276,
"Wallace, Paul",14276,
"WALLACE, R.J.",14277,
"WALLACE, R.J. ET AL",14277,
WALLEN PRODUCTION CO.,28335,
WALLETT,17715,
"Wally Broecker, Marty Fleischer",,"Wally Broecker, Marty Fleischer"
"Wally Broecker, Sidney Hemming",,"Wally Broecker, Sidney Hemming"
WALMER,17716,
WALSH & ADAMS,28336,
WALSH & FLEMING CO.,28336,
WALSH & WATTS,28336,
"WALSH, ET AL",28336,
"WALSH, JOE",14283,
Walsh_John,14284,
Walsh_John; Corbett_D.Reide,,Walsh_John; Corbett_D.Reide
WALSTON SPRINGS,28337,
"WALSTRIP, F.E.",14287,
Walt Dean,6394,
WALTER-WERCHAN-STONE,28342,
Walter Black Warrior Basin LLC,28338,
Walter Dodds,6565,
Walter Kruz,9575,
WALTER OIL & GAS,28339,
WALTER OIL & GAS INTERNATIONAL,28339,
Walter P.,14291,
Walter R. Vennum,14138,
Walter Ruiz Ortiz (ORCID 0000-0002-6979-7068),12594,
Walter S. White,14526,
WALTER WELLS,28340,
"Walter, Williams, Ha",,"Walter, Williams, Ha"
Walters,17717,
Walters Drlg. Co.,28341,
"WALTERS, B.E. OIL & GAS CO. (?)",28341,
"WALTERS, OTTO",14295,
walterse@battelleecology.org,14297,
waltersm@battelleecology.org,14298,
Walther P,14300,
Walther P.,14300,
Walther Paul,11673,
"Walther, J.",14299,
"Walther, P",14300,
"Walther, P.",14300,
"Walther, Paul",14300,
"Waltman, Finnis and",14301,
Walton,15731,
WALTON,15731,
WALTON & HEARD,28344,
WALTON & LYLES,28344,
WALTON & WICKER,28344,
WALTON & WIENERT,28344,
WALTON NORTH,28343,
"WALTON, JACK",14302,
"WALTON, W.D. ET AL",28345,
"WALTON, W.J.",14304,
"WALTON, W.J. DRILLING",14304,
Wan Yang,14795,
WANDERER OIL CO.,28346,
"WandT Offshore, Inc.",28291,
Wang Wei,14317,
WANTLAND,17719,
WARD,17720,
Ward's,28352,
Ward's Natural Science Establishment,28353,
WARD-KELLY,28350,
WARD & MCCOLLOUGH,28348,
WARD & TODD,28348,
Ward Drilling Co.,28347,
WARD PECOS,28349,
"Ward, H.",14325,
"Ward, L.",14327,
"WARD, L.B.",14328,
"WARD, T.T.",14330,
Warda,17722,
WARDLAW-CLARK/LCRA,28351,
wardm1@battelleecology.org,14331,
Wards,28352,
WARE-HAYWOOD OIL SYNDICATE,28355,
WARE DRILLING CO.,28354,
WARNEKE DRILLING CO.,28356,
WARNER,17723,
WARNER ET AL,28357,
WARNER OIL CO.,28358,
"WARNER, ADDISON",14333,
"WARNER, E.D.",14335,
"WARNER, EBEN D.",14335,
WARREN,15732,
WARREN-BRADSHAW,28363,
WARREN-JONES,28363,
WARREN-WOODS,28363,
WARREN & BRADSHAW,28363,
WARREN & DILLARD,28363,
WARREN & HAYES,28363,
WARREN & SALTDOME OIL,28363,
WARREN & SUN OIL CO.,28363,
Warren Allmon,4203,
WARREN AMERICAN OIL CO.,28361,
Warren Anderson Collection,28359,
Warren B. Hamilton,8004,
Warren Blow,4938,
WARREN BRADSHAW,5103,
WARREN BROS.,28360,
WARREN CO.,28361,
WARREN OIL,28362,
WARREN OIL CO.,28361,
WARREN OIL CORP.,28362,
"WARREN OIL CORP., CALLERY & HURT",28363,
WARREN PETROLEUM,28364,
WARREN PETROLEUM - MORROW,28363,
WARREN PETROLEUM CO.,28361,
"Warren, C.",14337,
"WARREN, G.E. ENERGY",28365,
"WARREN, GUY",14338,
WARRIOR,17724,
Warrior Basin Oil Corp.,28366,
"Warrior Drilling & Engineering Co., Inc.",28367,
Warrior Drilling and Engineering Co. Inc.,28367,
"Warrior Drilling and Engineering Co., Inc.",28367,
WARRIOR MANAGEMENT,28368,
WARRIOR OIL & GAS,28369,
WARTON,17725,
"Wash, R.",14342,
WASHABAUGH & ROBERTS,28370,
"Washington, H. S.",14344,
WASHITA GROUP,28377,
WASNER ET AL,28378,
WASOMES OIL CO.,28379,
"Wasserberg, G. J.",14346,
"Wasserburg, G. and Albee, A.",,"Wasserburg, G. and Albee, A."
wassmer@battelleecology.org,14349,
"Wastewater Disposal Services, Inc.",28380,
WATCHORN OIL & GAS,28381,
WATCHORN OIL & GAS CO.,28381,
"WATCHORN, ALMA",14352,
Watco Operating Corp.,28382,
"Watco, Inc.",28382,
"Watco, Inc. (dba Watco Operating Corp.), Partee and Shebester",28383,
WATER & POWER CO.,28384,
WATER WELL,28386,
WATERBURY CORP.,28387,
Waters,17727,
WATERS,17727,
"WATERS, FRANK OIL CO.",28388,
WATKINS,17728,
Watson,15733,
WATSON,15733,
WATSON & COLDWELL,28392,
WATSON & SANCHEZ & O'BRIEN,28392,
Watson Drlg. Co.,28389,
WATSON ET AL,28390,
WATSON OIL CO.,28389,
Watson Oil Corp.,28391,
"WATSON, B.L.",14357,
"WATSON, FOSTER",14362,
"Watson, G. E. and Angle, J. P.",,"Watson, G. E. and Angle, J. P."
"WATSON, H.G.",14364,
"Watson, K.",14365,
"Watson, K. D.",14365,
"WATSON, P.W.",14366,
"Watson, W.",14367,
Watts Drilling Co.-Wylana Oil and Gas Co.,28393,
"Waugh, Barbara",14371,
WAXAHACHIE,17729,
WAY INTERPRISES INC.,28394,
WAYLAND & OATMAN,28395,
Wayne Hall (ORCID 0000-0001-6607-7236),7977,
Wayne Noble,898,
WAYNE PETROLEUM - ALLISON,28397,
WAYNE PETROLEUM CO.,28396,
WAYNE PETROLEUM CO. - EASTLAND OIL,28397,
WAYNE PETROLEUM CO. - RHODES,28397,
WAYSIDE,17730,
WAYSIDE OIL-CORMIER,28398,
WC-IM-BT,15734,
WC DRILLING,28399,
wcruz@battelleecology.org,14375,
wdellwo@battelleecology.org,14376,
WEAKLEY,17731,
WEART & YORK,28400,
WEAVER,15735,
WEAVER-CRIMM-SHELL OIL CO.,28406,
WEAVER & SHARP,28404,
WEAVER ET AL,28404,
"WEAVER, A.",14377,
"WEAVER, C.W.",14378,
"WEAVER, CARNES W.",14378,
"WEAVER, GARNES",14378,
"WEAVER, PARK ET AL",28405,
"WEAVER, W.J.",14379,
"WEAVER, W.R.",14380,
WEBB,17732,
WEBB & ASSOC.,28407,
WEBB ET AL,28407,
WEBB RESOURCES,28408,
"Webb, Peter N.",14390,
WEBBER & AVERILL,28409,
WEBER-OGDEN ET AL,28410,
WEBER OGDEN ET AL,28410,
"Weber, C.",14392,
"Webers, Gerald",14396,
WEBSTER,17733,
WEBSTER-PICKENS,28411,
Webster R.C.,14400,
"WEBSTER, C.B.",14397,
"Webster, R.C.",14400,
"Webster, Richard C.",14400,
"WEDEKING, F.",14401,
"Weed, W. H.",14403,
"Weed, W. H. and Wright, G. M.",,"Weed, W. H. and Wright, G. M."
WEEKLEY & MCGINLEY,28413,
WEEKLY-SHANKLE,28413,
WEEKLY & JOHNSON,28413,
WEEKLY OIL CO.,28412,
WEEKLY OIL CORP.,28412,
WEEKS,17734,
WEGNER,14406,
wegner@battelleecology.org,14406,
WEHMEYER (KARL) & ASSOCIATES LTD.,28414,
WEIGAND BROTHERS,28415,
WEIGAND BROTHERS ET AL,28415,
"Weihaupt, John G.",14413,
"Weijun, S.",14414,
WEILDER,15736,
WEIMER & FITZHUGH,28418,
WEIMER & WELLMAN,28418,
WEIMER DEVELOPERS,28416,
WEIMER ET AL,28418,
WEIMER OIL & DEVELOPMENT,28417,
Wein,17737,
Wein R.,14416,
WEINER,17738,
WEINER-FRYER & WAKE OIL CO.,28419,
WEINER ET AL,28419,
"WEINER, R.R.",14417,
"WEINER, SAM",14418,
"WEINER, TED",14420,
"WEINER, TED ET AL",14420,
WEINERT,15738,
WEINERT-WILLIAMS-REPUBLIC,28423,
WEINERT ET AL,28421,
"WEINERT, A. ET AL",28421,
"WEINERT, H. H. ET AL",28422,
"WEINERT, H.H.",14421,
"WEINERT, H.H. (ET AL)",28422,
"WEINERT, H.H. (JANE OIL CO.)",28422,
"WEINERT, H.H. ET AL",28422,
WEINETT,17739,
WEINMILLER,17740,
"Weir, D.J. and Hembree, Oscar",,"Weir, D.J. and Hembree, Oscar"
"Weisz, R.",14430,
WELBORN JM,14431,
WELCH,17741,
WELCH ET AL,28424,
"WELCH, LEONARD",14432,
"WELCH, LEWIS",14433,
"WELCH, LEWIS OIL CO.",28425,
"WELCH, LEWIS W.",14433,
"WELCH, M.L.",14434,
"WELCH, R.A",14435,
"WELCH, R.A.",14435,
"WELCH, R.A. & SUN",28426,
"WELCH, VINCENT",14436,
WELDER OIL & GAS,28427,
WELDER OIL & GAS CO.,28427,
"WELDER, P.H.",14437,
Weldon Drlg. Co.,28428,
"WELDON, F.J.",14438,
"WELFELT, T.J.",14441,
Well-Shen Lee,9800,
WELLINGTON-SEABOARD OIL CORP.,28431,
WELLINGTON & SEABOARD OIL,28431,
WELLINGTON OIL CO.,28430,
WELLINGTON OIL CO. - PAN AMER.,28431,
Wellner J.,14443,
Wellner J./Munoz Y.,,Wellner J./Munoz Y.
WELLS - DODSON,28432,
WELLS BATTLESKEEN,28433,
"WELLS, A.O. & SONS ET AL",28434,
"Wells, D.",14446,
"WELLS, EARL  JR.",14445,
"WELLS, EARL JR.",14445,
"WELLS, EARL JR. (HMH OPERATORS)",14445,
"WELLS, W.D. JR.",14449,
"WELLS, WILLIS",14450,
WELSH OIL & GAS,28435,
"Welzenbach, L.",14451,
Wendy S. Brown,1112,
"WENKER, O.F.",14455,
"Wentworth, C. K.",14458,
"WENTWORTH, E.C.",14459,
WENTZ,17743,
WENTZ ET AL,28436,
WENTZ OIL CORP.,28437,
WENTZ OIL DIV.,28437,
"WENTZ, L.H.",14460,
"WENTZ, LEW",14461,
Wenzel R.F.,14463,
WERBY & TUNE,28438,
WERBY OIL CO.,28439,
"WERBY, J.Z.",14464,
"WERBY, J.Z. PETROLEUM",14464,
WERLEY & REYNOLDS,28441,
Weronika Konwent (ORCID 0000-0002-2260-8688),9507,
WES-TEX,28483,
WES-TEX DRILLING CO.,28483,
WES-TEX DRILLING CO. - WILSON,28484,
WES-TEX HILL & HILL,28484,
WES-TEX OIL CO.,28483,
Wesley Torres (ORCID 0000-0002-8108-6293),13906,
WESLEY WEST,28442,
WESLEY WEST ET AL,28442,
"WESNER, J.D. ET AL",28443,
WESSELY ENERGY CORP.,28444,
Wessely Exploration Co.,28444,
"Wesson Energy-Dallas Prod., Inc.",28445,
WESSON ENERGY - DALLAS PRODUCTION,28445,
WESSON ENERGY CORP.,28446,
WESSON ENERGY CORP. (DALLAS PRODUCTION?),28445,
WEST,17744,
WEST-TEX-AMARILLO OIL CO.,28494,
WEST & TUCKER,28447,
West Barrytown Servi,28448,
WEST CENTRAL DRILLING CO.,28449,
WEST CENTRAL DRILLING CO. ET AL,28449,
WEST EAST GAS,28450,
WEST HYDE INSURANCE CO.,28451,
WEST HYDE INVESTMENT CO.,28451,
WEST MYRTLE SPRINGS,28452,
WEST NATURAL - SALT DOME ET AL,28453,
WEST OHIO GAS CO,28454,
WEST OHIO GAS CO.,28455,
WEST PAN,28456,
WEST PRODUCTION CO.,28457,
WEST STATES DRILLING CO.,28458,
WEST TEX,28459,
WEST TEXAS,28460,
WEST TEXAS CORP.,28461,
WEST TEXAS DRILLING CO.,28461,
WEST TEXAS DRILLING CO. (STANOLIN/PAN AMERICAN),28461,
WEST TEXAS OIL & ROYALTY CORP.,28461,
WEST TEXAS OIL CO.,28461,
WEST TEXAS PETROLEUM CORP.,28461,
"WEST, J.H.",14476,
"WEST, J.M.",14477,
"WEST, J.W.",14478,
"WEST, T.S.",14479,
"WEST, W.",14480,
"WEST, WESLEY",14480,
WESTATES PETROLEUM CO.,28464,
WESTBROOK,17745,
WESTBROOK & WHISTLER,28466,
WESTBROOK OIL CORP.,28465,
"WESTBROOK, J.W.",14481,
"WESTBROOK, R.A. & CO.",28466,
WESTBROOKS,15739,
WESTERN,28469,
WESTERN-SOUTHERN OIL CO.,28482,
WESTERN AMERICAN,28467,
WESTERN DEV. CO.,28469,
WESTERN DEVELOPMENT,28470,
WESTERN DEVELOPMENT CO.,28469,
WESTERN DRILLING CO.,28469,
WESTERN DRILLING ET AL,28469,
WESTERN GAS CORP.,28471,
WESTERN GULF PETROLEUM CO.,28472,
WESTERN LAMPASAS BISBEE,28474,
WESTERN LAMPASAS OIL CO.,28474,
WESTERN NATURAL GAS,28476,
WESTERN NATURAL GAS (CREST OIL),28476,
WESTERN NATURAL GAS CO.,28476,
WESTERN OIL & GAS,28477,
WESTERN OIL FIELDS,28477,
WESTERN STATES GAS CO.,28478,
WESTERN STATES PRODUCTION CO.,28478,
WESTERN WELL,28481,
WESTEX,28483,
WESTEX OIL CO.,28483,
WESTGATE OIL CO.,28486,
WESTHEIMER,17746,
WESTHEIMER-DAUBE,28487,
WESTHEIMER-NEUSTADT,28487,
WESTHEIMER & DANUBE,28487,
WESTLAND,28488,
WESTLAND OIL,28488,
WESTLAND OIL DEVELOPERS,28488,
WESTLAND OIL DEVELOPMENT,28488,
WESTLAND OIL DEVELOPMENT CORP.,28488,
WESTLUND ET AL,28489,
WESTMONT OIL CO.,28491,
WESTMOUNT,28491,
WESTMOUNT OIL CO.,28492,
WESTNER,17747,
WESTOVER,17748,
WESTPAN HYDROCARBON CO.,28493,
wetch@battelleecology.org,14486,
WETZEL WELL,28496,
WEWOKA EXPLORATION CO.,28497,
WEX,17749,
"WEYEL, A.J. JR.",14487,
WHALEN,17750,
WHALEN DRILLING & MINING CO.,28499,
WHARTON,15740,
WHATLEY,15741,
WHEAT,17751,
"Wheatman, G.",14493,
Wheaton,15742,
WHEELER & CORGEY,28500,
WHEELER DRILLING CO.,28501,
WHEELER OIL CO.,28501,
"WHEELER, A.C.",14494,
"WHEELER, A.H.",14495,
"WHEELER, CCLARENCE A.",14497,
"WHEELER, J.D.",14498,
"Wheeler, R. L.",14499,
"WHEELER, W. RIDLEY ESTATE",14500,
"WHEELER, W.R.",14500,
"WHEELESS, J.S.",14501,
WHEELOCK,17752,
WHEELOCK & COLLINS,28503,
"WHEELOCK & COLLINS (WILSON, R.T.)",28503,
WHEELOCK & COLLINS ET AL,28503,
WHEELOCK & WIENCHEL,28503,
"WHEELOCK, R.L.",14502,
"WHEELOCK, R.L. - JACK PORTER ET AL",28503,
"WHEELOCK, R.L. ET AL",28503,
"WHEELOCK, ROBERT L. JR.",14502,
WHELESS,15744,
WHELESS-LYONS & LOGAN W.W.F.,28505,
WHELESS INDUSTRIES - PELTO OIL,28505,
WHELESS INDUSTRIES & PELTO OIL,28505,
"Wheless Industries, Inc.",28504,
"WHELESS INDUSTRIES, INC.",28504,
"WHELESS INDUSTRIES, INC. - PELTO OIL",28505,
"WHELESS, R.F.",14503,
WHELLOCK,15745,
WHELTON,17753,
"Whetten, J. T.",14504,
WHG OIL CO.,28506,
WHIFFEN ESTATES,28507,
WHISENANT & TRENCHARD,28508,
WHISENANT ET AL,28508,
WHITAKER,14506,
"Whitaker, S.",14506,
White,17754,
WHITE,17754,
WHITE-DUNCAN-DYE,28519,
"White-Tail Exploration, LLC",28522,
WHITE-WILSON,28523,
WHITE & DUNCAN,28514,
WHITE & FRY,28514,
WHITE & KNOWL,28514,
WHITE & PARKS OIL CO.,28514,
WHITE EAGLE-HELMERICH & PAYNE,28510,
WHITE EAGLE & FREEPORT SULFER,28510,
WHITE EAGLE OIL & REFINING CO.,28509,
WHITE ET AL,28514,
WHITE HUGHES,28511,
WHITE OAK OIL CO.,28512,
WHITE OIL CORP.,28513,
WHITE POINT GAS CO.,28515,
WHITE SHIELD OIL CO.,28516,
WHITE WELL,28517,
White Well Co.,28517,
"White, Craig",14509,
"White, D.",14510,
"White, D. E.",14510,
"White, G.W. and Assoc.",28518,
"White, George",14511,
"WHITE, HAROLD R.",14512,
"WHITE, HUGH",14513,
"White, I.",14514,
"White, J. S.",14515,
"WHITE, JOE",14517,
"WHITE, JOE ET AL",14517,
"WHITE, L.O.",14519,
"WHITE, LEO",14521,
White_Sheri,14524,
WHITEHALL,28520,
WHITEHALL OIL CO.,28520,
WHITEHEAD,28521,
WHITEHEAD ET AL,28521,
whitehouse@battelleecology.org,14528,
"WHITEHURST, HERMAN",14529,
"WHITELEY, VERNON",14530,
WHITEMAN,17755,
Whitemore R.W.,14531,
whiterc@battelleecology.org,14532,
WHITESTONE,17756,
WHITEX OIL CORP.,28524,
Whitfield,17757,
WHITFIELD,17757,
WHITFIELD-PEARSON-GRIMES,28525,
WHITFIELD & DRAPER,28525,
WHITFIELD & SOUTHER,28525,
"WHITFIELD, R. P. ET AL",14533,
"WHITFIELD, R.P.",14533,
whitington@battelleecology.org,14534,
WHITLEY,15746,
WHITLEY-AMERICAN LIBERTY,28527,
WHITLOCK ET AL,28528,
Whitman Cross,6172,
Whitman Cross and George O. Smith,,Whitman Cross and George O. Smith
Whitmar Exploration Co.,28529,
WHITMORE,17758,
WHITNEY & VILLINES,28530,
"Whitney, A.",14538,
"Whitney, J.",14541,
"Whitney, W.",14542,
WHITSON ET AL,28531,
WHITTEN ESTATE,28532,
"WHITTEN, W.M.",14543,
WHITTING,17759,
WHITTINGTON,17760,
"WHITTINGTON, E.B.",14544,
"WHITTINGTON, J.O.",14545,
"WHITTINGTON, J.Q.",14546,
Whittle Brothers,28533,
WHOI Museum,28534,
WICHITA-NOLAN OIL CO.,28538,
WICHITA INDUSTRIES,28535,
WICHITA PIPE & SUPPLY,28536,
WICHITA RIVER OIL CO.,28537,
WICK,17765,
"WICKES, L.W.",14548,
"WICKLIFFE, C.L.",14549,
"Widmer, K.",14550,
WIEGAND BROTHERS,28539,
WIEGAND BROTHERS DRILLING CO.,28539,
WIENER & ROBERTS,28540,
WIENER LICO CORP.,28541,
"WIENER, TED ET AL",28542,
"Wier, Charles E.",14557,
"Wier, Charles E.; Altop, Nellie",,"Wier, Charles E.; Altop, Nellie"
"WIER, JOE",14558,
WIETEL,17768,
WIGGING,17769,
WIGGINS,17770,
WIGGINS-DODWELL,28546,
WIGGINS & CHAMPLIN,28545,
WIGGINS & HYDE,28545,
WIGGINS BROS INC.,28543,
"WIGGINS, P.N. ET AL",14561,
"WIGGINS, P.N. JR.",14561,
Wil-ken Production Co.,28559,
"Wil-ken, Inc.",28559,
"Wil-ken, Inc. and Fl",28559,
WILBANK & RASMUSEN,28548,
WILBANKS & RASMUSSEN,28548,
WILBANKS & RASSMUSEN,28548,
WILBANKS OIL,28547,
"WILBANKS, BRUCE",14562,
WILBERN ET AL,28549,
WILCOX,17771,
WILCOX & ANDERSON,28550,
WILCOX GROUP,28551,
WILCOX OIL & GAS CO.,28552,
WILCOX OIL CORP. (TENNECO OIL CO.),28552,
"WILCOX, H.D.",14564,
"WILCOX, H.F.",14565,
"Wilcox, R.",14567,
WILDCAT,28874,
WILDCATS INC.,28553,
"WILDCATS, INC.",28553,
WILDER ET AL,28554,
"Wildman, R.",14569,
WILEY,15748,
WILEY & REITER CORP.,28555,
"WILEY, C.D. AGENT",28556,
"WILEY, DON C.",14571,
"Wiley, Lester",14572,
"WILEY, PAGE",14573,
WILFLEY & SIMPSON,28557,
"WILFORD, C.D. & ASSOC.",28558,
Wilfred Wollheim,14700,
WILGO,17772,
WILHELM,14575,
WILHELM B,14575,
WILHELM B (orcid:0000-0002-0555-1915),14575,
"Wiliams, G.",14576,
"Wiliams, J.",14577,
Wilke,17773,
"WILKINS, ED",14578,
"Wilkinson, E.",14581,
"Will-Drill Operating, L.L.C.",28562,
"Will-Drill Production Co., Inc.",28562,
"Will Clyde, Kate Freeman, Gabe Bowen, Scott Wing, Phil Gingerich",,"Will Clyde, Kate Freeman, Gabe Bowen, Scott Wing, Phil Gingerich"
Will Hendricks,8310,
Will Hendricks (ORCID 0000-0003-4951-9447),8310,
"Will Hobbs, Keven Theissen",,"Will Hobbs, Keven Theissen"
WILL OIL CO.,28560,
Will Peirce (ORCID 0009-0006-8622-9886),17277,
Will Ponder (ORCID 0000-0001-8112-7529),11942,
WILLARD PETROLEUM,28561,
willbern@battelleecology.org,14583,
"Willever, D.",14584,
William A Taylor,13719,
William A. Bryant,5289,
William Alexander (ORCID 0009-0003-2704-2243),4159,
William Andrews,4301,
"William Arnold, Dan Engstrom, Cale Anger",,"William Arnold, Dan Engstrom, Cale Anger"
William C. McIntosh,10559,
"William Cary, Doug Clark, Darrell Lambert, Robin Thomas",,"William Cary, Doug Clark, Darrell Lambert, Robin Thomas"
William Craddock,6123,
William D. Macdonald,10186,
William D. Peck,11714,
William Daniel Burgener (ORCID 0009-0006-2604-8514),16288,
William E. Long,10026,
William Hart,17922,
William McDowell,10525,
"William Nanavati, M.Serra, A.Gilbert, Cathy Whitlock",,"William Nanavati, M.Serra, A.Gilbert, Cathy Whitlock"
William Paget Chevalier Jervis 1831-1906,8952,
"William Pate, Brett Johnson, Doug Silver",,"William Pate, Brett Johnson, Doug Silver"
William Ponder (ORCID 0000-0001-8112-7529),17305,
William Rader,12120,
William Rose,12507,
William S. Aertker,4084,
William Scott,12906,
"William Seyfried, C.Tan, Andrew Fowler, Peter Scheurmann, Christine Cino",,"William Seyfried, C.Tan, Andrew Fowler, Peter Scheurmann, Christine Cino"
William White,39,
WILLIAMS,15893,
WILLIAMS-CABLE,28570,
WILLIAMS-CARLISLE,28570,
WILLIAMS-GORE,28570,
WILLIAMS-WAHLENMEIR,28571,
WILLIAMS & CARLYSLE,28564,
WILLIAMS & CROWN CENTRAL,28564,
WILLIAMS & MARR,28564,
WILLIAMS & MAYO,28564,
WILLIAMS & PHILLIPS,28564,
WILLIAMS & THOMPSON,28564,
Williams A. Ralph,12136,
Williams Albritton,4143,
Williams and Mortime,28564,
WILLIAMS ET AL,28564,
Williams Exploration,28563,
WILLIAMS EXPLORATION,28563,
"WILLIAMS JR., CLAYTON",14585,
Williams R.W.,14614,
"Williams, A.W. Drilling Co., Inc.",28565,
"Williams, A.W. Drilling Co., Inc. and C. Dale Armour",28565,
"Williams, A.W. Drlg.",28565,
"WILLIAMS, C.C.",14588,
"WILLIAMS, CLAYTON ENERGY",28566,
"WILLIAMS, CLAYTON JR.",14585,
"Williams, Clayton W.",14585,
"Williams, Clayton W., Jr.",14585,
"WILLIAMS, CLAYTON W., JR.",14585,
"Williams, Don S. and",14592,
"WILLIAMS, E.B.",14593,
"WILLIAMS, E.L.",14594,
"WILLIAMS, E.R. OIL & GAS CORP.",28567,
"WILLIAMS, E.T.",14595,
"WILLIAMS, F.C.",14597,
"Williams, G. H.",14598,
"WILLIAMS, H.E.",14601,
"WILLIAMS, H.E. ET AL",14601,
"WILLIAMS, HARRY B.",14602,
"WILLIAMS, HELIS ESTATE",28568,
"Williams, James R.",14604,
"WILLIAMS, JIM",14606,
"WILLIAMS, P.H. ET AL",28569,
"Williams, Paul L.",14612,
"Williams, R.W.",14614,
"Williams, S.",14617,
williamscn@battelleecology.org,14620,
williamsg@battelleecology.org,14621,
williamsnr@battelleecology.org,14622,
WILLIAMSON,17775,
WILLIAMSON-BRUNNER & DUNLAP,28570,
"WILLIAMSON, J.C.",14623,
"WILLIAMSON, J.C. & TRI-SERVICE",28570,
Williamson_Shannon,14625,
Willie Dellwo,6441,
WILLIS,15749,
WILLIS-ALLEN,28574,
Willis and Payne Co.,28572,
"WILLIS, A.L. & SON",28573,
"Willis, B.",14628,
"Willis, Michael",14629,
WILLISTON,17776,
"WILLMAN, ROY",14630,
WILLOUGHBY PETROLEUM CO.,28575,
Willow Malone,10253,
"Willowbend Investments, Inc.",28576,
Wilmarie Plaza-Muniz (ORCID 0000-0002-9129-5419),11915,
"WILMOTH, C.R.",14633,
WILSHIRE OIL CO.,28577,
WILSHIRE OIL CO. OT TEXAS,28577,
WILSHIRE SOUTHERN MINERALS,28578,
"Wilshire, H. G.",14634,
Wilson,17777,
WILSON,17777,
WILSON-AMERICAN,28581,
WILSON-BROACH CO.,28581,
WILSON-LIGON,28581,
WILSON-WILSON,28581,
WILSON & AULD,28581,
WILSON & CALLIHAN,28581,
WILSON & CARTER,28581,
WILSON & EDWARDS,28581,
WILSON & HOLLAND,28581,
WILSON & LEE,28581,
WILSON & STEED,28581,
WILSON AMERICAN,28579,
WILSON ET AL,28581,
"Wilson I I I, David H.",14635,
Wilson Iii D.H.,14635,
WILSON OIL CO.,28580,
WILSON STUBB OIL CO.,28582,
"WILSON, C.F.",14639,
"WILSON, C.F. & J.R. STOREY",,"WILSON, C.F. & J.R. STOREY"
"WILSON, CHARLES",14640,
"WILSON, E.L.",14643,
"WILSON, E.L. ET AL",14643,
"Wilson, Gary S.",14645,
"WILSON, J.",14647,
"WILSON, L.H.",14648,
"WILSON, LANE",14649,
"WILSON, MAX M.",14650,
"WILSON, R.F.",14651,
"WILSON, R.T.",14652,
"WILSON, S.E.",14653,
"WILSON, S.E. JR.",14636,
"WILSON, S.R.",14654,
"WILSON, SAM",14655,
"WILSON, SAM E.",14653,
"WILSON, SAM JR.",14655,
"Wilson, Terry J.",14656,
"WILSON, W.H.",14657,
"WILSON, W.L.",14658,
WIMBERLY,17778,
Win McLaughlin,10580,
WINANS,17779,
WINANS & CURTIS,28583,
WINANS & FORBES,28583,
"WINANS, J.E./HAZLITT/SIMMONS",28583,
"WINCH, J.H.",14659,
"Winchell, W.",14660,
WINDFOHR-MIHOAN,28585,
WINDFOHR OIL CO.,28584,
"WINDHAM, L.E.",14662,
WINDSOR ET AL,28586,
WINDSOR OIL CO.,28587,
WINDWARD OIL,28588,
"WINFREY, S.A.",14663,
"Winn Exploration Co., Inc.",28589,
"Winn Jr., Robert D.",14668,
"WINN, C.C.",14669,
"WINN, C.C. (SINCLAIR)",14669,
"WINN, C.C. (W.J. STEEGER & GULF INTERSTATE)",14669,
"Winn, Jr. Robert D.",14668,
"WINN, WILLIAM H.",14670,
WINNESBORO PETROLEUM CO.,28590,
"WINSLOW, L. E.",14672,
"WINSOR, W.C.",14673,
WINSTON-MAG.,28591,
Winston Parker,14674,
WINTER GARDEN SUPPLY (COTTON PETROLEUM),28592,
Winterer,14679,
Winters Metallic Paint Company,28593,
WINWARD OIL CO.,28594,
WINWELL 1965 EXPLORATION CO.,28595,
Wire Grass E and P LLP,28596,
WIRICK OIL CO.,28597,
WISE,17780,
WISE-FALLIS & SHELL OIL CO.,28600,
WISE & BECKER,28600,
WISE & BENTON,28600,
Wise & DeVore,28600,
WISE & JACKSON,28600,
WISE (LOMAX & BROWN),28600,
WISE DRILLING CO.,28599,
WISE ET AL,28600,
"Wise, D. U.",14681,
"Wise, S.",14682,
WISEMAN,14683,
WISEMAN - PORTER,28601,
"WISEMAN, B.W. - TEXAS AMERICAN",28601,
"WISEMAN, B.W. JR.",14683,
"WISEMAN, B.W. JR. ET AL",28601,
"WISEMAN, BEN W. JR.",14683,
WISENBAKER,28602,
WISENBAKER ET AL,28602,
Wiser Oil Co.,28603,
WISER OIL CO.,28603,
"WISTRAKE, C.",14684,
WITHERSPOON & MCMANN,28605,
WITHERSPOON ET AL,28605,
WITHERSPOON OIL CO.,28604,
Witters G.,14685,
WITTIJEAN OIL CO.,28606,
WITTMER,17781,
WK ROYALTY CO.,28607,
"Wlather, P",14691,
Wm. H. Pine,11880,
"Woelki, D",14692,
"WOHMLICK, P.R.",14694,
WOLDEST ET AL,28608,
WOLF KEEN,15750,
"WOLF, ROGER ET AL",28609,
"WOLF, W.M.",14696,
WOLFE & MCGEE,28610,
WOLFE CITY POTASH CO.,28611,
"WOLFE, RAY",14698,
"Wolff, J.",14699,
WOLFSON OIL CO.,28612,
WOLTERS BROTHERS,28613,
WOLVERINE & SHELL,28615,
WOLVERINE & SUN EXPLORATION,28615,
WOLVERINE EXPLORATION CO.,28614,
WOLVERINE GAS & OIL,28614,
Womack and Wilson,28617,
WOMACK ET AL,28617,
WOMACK OIL CO.,28616,
WOMACK SOUTHLAND,28618,
"Womack, Robert, Jr.;",14702,
WOMER-TILTON,28619,
WOMLOCK OIL,28620,
WOOD,28622,
WOOD-YOUNG ET AL,28646,
WOOD -TEXACO,28623,
WOOD & KLEP,28623,
WOOD & NELSON,28623,
WOOD & NESLON,28623,
WOOD & WATSON,28623,
WOOD (?),28622,
WOOD BROTHERS & LANGHAM,28621,
WOOD DRILLING,28622,
WOOD ET AL,28623,
WOOD OIL CO.,28622,
WOOD PETROLEUM CO.,28622,
"Wood, F.",14704,
"WOOD, F. ASSOCIATES",28624,
"WOOD, FRANK",14705,
"WOOD, FRED",14706,
"WOOD, G.C.",14707,
"WOOD, MCSHANE & THAMS",28623,
"WOOD, ROBERT L.",14709,
"WOOD, ROBERT L. ET AL",14709,
"WOOD, ROY",14710,
"WOOD, T.J. ET AL",28625,
"WOOD, W.H.",14711,
WOODARD & DUNLAP,28626,
WOODFIN,17782,
WOODFORD,17783,
WOODLAND,28627,
WOODLAND OIL,28627,
WOODLEY-SHAMROCK,28628,
WOODLEY - DANCIGER,28628,
WOODLEY & BASHARA,28628,
WOODLEY & BERTLY,28628,
WOODLEY & RING,28628,
WOODLEY PETROLEUM-DANCIGER,28628,
WOODLEY PETROLEUM-JOHNSTON,28628,
WOODLEY PETROLEUM-LUCERNE,28628,
WOODLEY PETROLEUM CO.,28629,
WOODLEY PETROLEUM CORP.,28629,
WOODLEY PETROLEUM CORP. ET AL,28628,
WOODLEY PETROLEUMET AL,28628,
"WOODLEY, T.J.",14714,
WOODMANSEE-SOUTHBROOK,28630,
WOODS,28631,
WOODS-BOONE-CLARK,28638,
WOODS & DILLARD,28635,
WOODS & EVANS,28635,
WOODS & YOUNG,28635,
WOODS AND DILLER,28635,
WOODS DRILLING CO.,28631,
WOODS ENERGY,28631,
WOODS EXPLORATION & PRODUCTION,28631,
WOODS EXPLORATION & PRODUCTION CO.,28631,
WOODS INC,28631,
WOODS OIL & GAS CO. (SLICK URSCHEL OIL CO.),28635,
Woods Petroleum Corp,28631,
WOODS PETROLEUM CORP.,28631,
Woods Petroleum Corp. and Anderson Interests,28635,
"Woods, Ernest et al",14717,
"Woods, Ernest H.",14717,
"WOODS, FRANK",14718,
"WOODS, FRANK ET AL",14718,
"WOODS, INC",28636,
"WOODS, J.A.",14719,
"WOODS, J.J. ET AL",28637,
"WOODS, OTTO",14721,
"WOODS, T.J.",14723,
WOODSBORO OIL & GAS CO.,28639,
WOODSON,17784,
WOODSON OIL,28640,
WOODSON OIL CO.,28640,
"WOODSWORTH, W.W.",14724,
WOODWARD,15894,
WOODWARD & AULD,28644,
WOODWARD & COMPANY,15894,
WOODWARD & H.L. HUNT,28644,
WOODWARD & HARDY,28644,
WOODWARD & LEE,28644,
WOODWARD CO.,15894,
Woodward Diamond Still,28641,
Woodward Iron Co.,28642,
Woodward Iron Company,28642,
WOODWARD OIL CO.,28643,
"WOODWARD, J.H.",14725,
"WOODWARD, JACK S.",14726,
"WOODWARD, T.S.",14727,
"WOODWARD, W.O.",14728,
WOOLCOTT,17785,
WOOLCOTT ET AL,28647,
"WOOLEY, A.",14729,
WOOLF & MAGEE/SUN OIL,28648,
WOOLLEY,15751,
WOOLRIDGE,17786,
WOOLRIDGE & KOBELMAN,28649,
WOOLT & MAGEE ET AL.,28650,
WOOTEN,15752,
WORKMAN-LETT,28651,
WORKMAN-WILSON,28651,
WORLAND,17787,
WORLD OIL CO.,28653,
WORLD OIL CO. - MOULTRAY,28653,
WORLDWIDE PACIFIC,28654,
"WORMER, TILTON",14731,
WORSHAM,14733,
"WORSHAM, J.A.",14733,
WORTH,28655,
WORTH EXPLORATION CO.,28655,
WORTH OIL CO.,28655,
WORTHAM-PURVIS-STRATMAN,28656,
WORTHAM & SHATMAN,28656,
wourms@battelleecology.org,14735,
wplaza-muniz@battelleecology.org,11915,
wplaza-muniz@neoninc.org,11915,
WRATHER,17788,
WRATHER-PENN,28658,
WRATHER PETROLEUM CO.,28657,
"WRATHER, J.D.",14736,
"WRATHER, J.D. ET AL.",14736,
"WRATHER, JR., J.D.",14736,
WRAY,15753,
WRAY & DUNBAR,28659,
"Wray Production Co., Inc.",28660,
"WRAY, ARTHUR",14737,
WRD,15754,
WREN-DROMGOOLE,28661,
"WREN, J.M.",14738,
WRG,17789,
WRIGHT,15755,
WRIGHT-CLARK,28664,
WRIGHT-CLARK ET AL,28664,
WRIGHT-HINSHAW,28664,
WRIGHT-PINNER OIL CO.,28668,
WRIGHT-WARREN,28670,
WRIGHT & PENNEY,28664,
WRIGHT & PINNER,28664,
WRIGHT & PRINNER OIL CO.,28668,
WRIGHT DRILLING CO.,28662,
WRIGHT ET AL,28663,
WRIGHT ET AT.,28663,
WRIGHT PINNA,17790,
"WRIGHT, ALLIE",14739,
"Wright, Anne C.",14741,
"WRIGHT, C.A. & GENE L.",,"WRIGHT, C.A. & GENE L."
"Wright, F.",14743,
"Wright, G. M.",14744,
"WRIGHT, G.D. ET AL",28665,
"Wright, Glen and Poole, David",,"Wright, Glen and Poole, David"
"Wright, I.C.",14748,
"WRIGHT, INGLE",14749,
"WRIGHT, ROXIE ET AL",28666,
"Wright, T. L.",14753,
wrightk@battelleecology.org,14751,
WRIGHTMAN - TEXACO,28667,
WRIGHTMAN & CALLERY,28667,
"WRIGHTMAN, C.B.",14755,
WRIGHTSMAN,28669,
WRIGHTSMAN INVESTMENTS,28669,
WRIGHTSMAN OIL CO.,28669,
"WRIGHTSMAN, C.B.",14757,
Wuchang Wei,14764,
Wulf_Sabine; Dull_Robert,,Wulf_Sabine; Dull_Robert
WUNDERLICH,17791,
"Wunderman, R. L.",14767,
"WURTZ, W.F. OIL CO.",28671,
Wyatt Kowalchuk (ORCID 0000-0003-0196-0479),9529,
WYLIE,17792,
Wyman L.C.,14769,
"Wyman, L.C.",14769,
"Wyman, Leland C.",14769,
WYNN & ALLAUN,28672,
"WYNN, TODDIE L. ET AL",28673,
WYNNE,15756,
WYNNE & MORGAN,28674,
WYNNE CROSBY & BRITISH AMERICAN,28675,
WYNNE CROSBY DRILLING CO.,28676,
WYNNE DRILLING CO.,28677,
"WYNNE, B. J.",14772,
"WYNNE, J.C. DRILLING CO. (SHELL OIL CO.)",28677,
"WYNNE, T.L.",14773,
"WYNNE, T.L. ET AL",28678,
WYRICH,17793,
"Wysoczanski, R.J.",14775,
X-0 EXPLORATION CO.,28679,
X. Bolos / A. Geyer,,X. Bolos / A. Geyer
Xavier Crosta,6173,
XETER,17794,
Xiaodong Liu,9965,
Xilin Sun,601,
"Xiuju Liu, Tim Fisher",,"Xiuju Liu, Tim Fisher"
Xu Dai,6249,
Xuebin Yin,14812,
XXXXX YYYYY (XXXXX),10842,
Y. Munoz,11122,
"Y. Ohara, H. Watanabe",,"Y. Ohara, H. Watanabe"
"Y. Ohara, M. Reagan",,"Y. Ohara, M. Reagan"
Yaakov Weiss,614,
YACINE,15757,
"Yaciuk, Pablo",17923,
Yager_Patricia,14787,
"Yagi, K.",14788,
Yahaida Camacho,5490,
"Yakymchuk, Chris",14790,
Yale,28681,
Yale University,28681,
Yan Zheng,14897,
Yancey,17795,
YANCY-HARRIS CO.,28682,
Yang Sun,1159,
"Yang Yu; Dapeng, Li",,"Yang Yu; Dapeng, Li"
Yanqing Li,995,
Yara Engineering,28683,
"Yarberry, E.E.",14801,
"YARBOROUGH, W.B.",14802,
"YARBOROUGH, WINDHAM & ORMAND",28684,
YARBROUGH,17796,
"Yarrow Axford, Gifford Miller",,"Yarrow Axford, Gifford Miller"
YARS,17797,
YARS & PEVETO ET AL,28685,
Yasmina,15758,
Yasuhiko Ohara,11426,
YATES,28686,
YATES-KRAUSE-MOORE,28688,
YATES DRILLING,28686,
YATES PETROLEUM,28686,
YATES RANCH OIL CO.,28687,
"YATES, HARVEY E. CO.",28686,
"YATES, JOHN",14803,
"YATES, M.",14804,
YC OIL CO.,28689,
YEAGER & ARMSTRONG,28690,
Yeager Oil Co.,28691,
"YEAGER, H.C.",14807,
YEATMAN,17799,
YEATMAN DRILLING CO.,28692,
YEGUA CORP.,28693,
YEHUDE ET AL,28694,
YELLOWHOUSE OIL CO.,28695,
YELLOWSTONE,28696,
"Yellowstone Royalty, Inc.",28696,
YEQUA OIL CO.,28697,
Yes,17800,
YETTMAN,17801,
Yi-Jun Xu,14782,
Yiming Zhang,14893,
YINGLING,17802,
Yo Chin,5781,
"Yochelson, Ellis L",14816,
Yoder H.S.,14818,
"Yoder, H.",14818,
Yong Du,1595,
"YORK-HARPER, SLOAN-ZOOK CO.",28701,
YORK & HARPER,28700,
YORK CREEK OIL CO.,28698,
YORK ET AL,28700,
YORK OIL CO.,28699,
"York, Robert",14821,
YORO DEVELOPMENT CO.,28702,
Yoshifumi Wakiyama,14243,
Yoshiyuki Tatsumi,13698,
YOST & HICKS,28703,
YOST ET AL,28703,
YOUNG,28704,
YOUNG & BONNEAU,28705,
YOUNG & BOTTOM,28705,
YOUNG & CO.,28704,
YOUNG & CROMWELL,28705,
YOUNG & DONNELLY,28705,
YOUNG & HEARD-WALTON,28705,
YOUNG & WRIGHT,28705,
YOUNG DRILLING CO.,28704,
YOUNG OIL CO.,28704,
"YOUNG, CHARLES F.W.",14823,
"YOUNG, E.E.",14824,
"YOUNG, F.A.",14825,
"Young, J. C.",14826,
"Young, Marshall R.",14829,
"YOUNG, MARSHALL R.",14829,
"Young, R.",14831,
"YOUNG, RICHARD",14831,
"Young, W.P.",14832,
YOUNGBLOOD,28706,
YOUNGBLOOD-DALCO,28707,
YOUNGBLOOD-FOREE,28707,
YOUNGBLOOD-YOUNGBLOOD,28707,
YOUNGBLOOD - FOREE,28707,
YOUNGBLOOD & FOREE-STOGNER,28707,
YOUNGBLOOD ET AL,28707,
YOUNGBLOOD WELL SERVICE CO.,28706,
YOUNGER OIL CO.,28708,
YOUNGQUIST,17803,
"YOUNKINS, E.L.",14833,
YOUNT-LEE OIL CO.,28709,
YPF,17804,
YUCCA DRILLING,28710,
Yuhan Luo,10120,
Yuhua Zheng,14899,
YUKON OIL CO.,28712,
YUTMAN ET AL,28713,
Yves Moussallam,1713,
Yvette Kuiper/IODP,9592,
Z. Lafaver,9639,
ZACH,17805,
Zach Brooks Drilling Co. et al,28714,
Zach Perzan,906,
"Zach Perzan, Sharon Bone, Diana Valazquez",,"Zach Perzan, Sharon Bone, Diana Valazquez"
Zach Perzan. Sharon Bone. Diana Valazquez,,Zach Perzan. Sharon Bone. Diana Valazquez
Zach Shappell (ORCID 0009-0009-9772-3128),13004,
Zach Smith,13272,
Zachary Mallon,10249,
Zachary Shappell (ORCID 0009-0009-9772-3128),17492,
Zachary Snyder (ORCID 0000-0003-3018-7817),13295,
Zachary T. Eriksen,874,
"ZACHERY, H.B. CO.",28715,
"ZACHERY, H.B. CO. & TRANSWESTERN OIL",28715,
"ZACHERY, H.B. CO. (TOMLINSON)",28715,
Zack Howatt (ORCID 0000-0002-7394-9255),8608,
Zack Lafaver (ORCID 0000-0002-7071-0855),9639,
Zack Lafaver/Hannah Schartel,,Zack Lafaver/Hannah Schartel
ZADECK ENERGY,28716,
zager@battelleecology.org,14850,
Zahra Moura,11062,
Zahra Mourabit /Carlos J. Garrido,,Zahra Mourabit /Carlos J. Garrido
Zainab Abbass,4007,
Zajac,28717,
Zajac (Schilling),28717,
"Zamora, Felix",14859,
Zane Molins (ORCID 0009-0009-9756-6660),10905,
ZAPATA CO.,28718,
ZAPATA DRILLING,28718,
"ZAPATA, C.K.",14862,
"ZAPATA, ET AL",28719,
ZARAGOSI Sebastien,12920,
Zaragosi SÈbastien,14865,
ZARAGOSI SÈbastien,14865,
Zaremba,17806,
ZASCH,17807,
"Zauala, M.",14870,
"ZAVALA ENERGY, INC.",28721,
ZAVALA OIL CO.,28721,
"ZAVALA PROPERTIES, INC.",28721,
zbuck@neoninc.org,14873,
ZEAUX ET AL,28722,
Zeb Page,946,
ZEIGEN-DEGENTHER,28723,
ZEIGIN,17808,
"Zeller, Edward J.",14875,
"Zemmels, Ivar",14877,
"Zen, E.",14878,
ZENI OIL CO.,28724,
ZENITH PETROLEUM CO.,28725,
ZEPHYR PETROLEUM CO.,28726,
ZEPHYR PETROLEUM CO. - SUNRAY,28726,
zgordon@battelleecology.org,14880,
Zgordon@battelleecology.org,14880,
Zhang Shuanhong,14891,
Zhang Xunha,14892,
Zheng-Xiang Li,15816,
Zhouqing Xie,14779,
Zhuding Chu,5810,
Zicheng Yu,14841,
"Zicheng Yu, Chris Bochicchio",,"Zicheng Yu, Chris Bochicchio"
ZIDER RESOURCES INC.,28727,
Ziegler,14911,
"Ziegler, V.",14911,
Zilkha Energy Co.,28728,
ZIMMERMAN & BROCK,28729,
ZIMMERMAN & CO.,28729,
ZIMMERMAN & GARCIA,28729,
"Zimmerman, J.",14915,
"ZIMMERMAN, W.W.",14917,
Zimmmerer,17925,
ZINGER,17809,
ZINK-HISAND,28730,
ZINK-HISAND-JOYCE,28730,
ZINK-HISAND-MEYER-LASHER,28730,
ZINK & ASSOCIATES,28730,
"ZINK, HISAND & JOYCE",28730,
"Zinke and Trumbo, Inc.",28731,
ZINN-HIS & JOYCE,28732,
ZINN & FORMAN,28732,
ZINN PETROLEUM,28733,
ZINN PETROLEUM CO.,28733,
Zinn Petroleum Company,28733,
ZINNI OIL CO.,28734,
zjennings@battelleecology.org,14921,
zlafaver@battelleecology.org,9639,
zlafaver@field-ops.org,9639,
ZLafaver@field-ops.org,9639,
ZOCH-MCCAMEY,28735,
ZOCH-MONCRIEF,28735,
ZOCH-MONCRIEF-MARLAND,28735,
ZOCH-OR,28735,
ZOCH & MCCAMEY,28735,
ZOCH & TURNBULL,28735,
ZOCH & WYNN,28735,
ZOCH ET AL,28735,
"ZOCH, F.P.",14923,
"ZOCH, F.P. - MARLAND OIL CO.",28735,
"ZOCH, F.P. ET AL",28735,
"ZOCH, FRANK P. JR.",14923,
"Zodac, Peter",14924,
ZODER ET AL,28736,
Zoe (ORCID 0000-0003-4885-7081),6427,
Zoe Chamberlain (ORCID 0009-0008-6716-0515),5698,
Zoe DeGrande (ORCID 0000-0003-4885-7081),6427,
Zoe Erkenbeck (ORCID 0000-0003-3960-0639),6952,
Zoe Lowe (ORCID 0009-0004-4054-4309),16947,
Zoe Lyman (ORCID 0000-0002-7463-4474),16958,
Zoe Rachel Erkenbeck (ORCID 0000-0003-3960-0639),12113,
"Zogn, Schmid, Leighton and Oglesby",,"Zogn, Schmid, Leighton and Oglesby"
ZOLLER-DANNEBERG,28737,
Zoltan KONC,9502,
Zoltan Zajacz,14855,
"ZONERGY, INC",28738,
"ZONERGY, INC.",28738,
Zongie Rodriguez (ORCID 0000-0001-5388-9729),12458,
ZONNE,17810,
zrust@battelleecology.org,14927,
"ZUBER, C. B.",14928,
ZWEIFEL & LUTON,28742,
"ZWEIFEL, H.",14934,
Êé°ÂèñËÄÖ,15909,
NULL,28177,
