initiative_id,label,platform_name_verbatim,platform_name_label,start,end,notes,uri,initiative_type,type_id,,
2,01/01/04n/r,,,12/31/2003,12/31/2003,"3 samples, small craft, lake and terrestrial",,,-9999,,11
3,1000 Soils Pilot,,Unknown,9/19/2021,2/3/2022,,,Soil Sampling,13,,16
4,17ARC,,,8/4/2016,8/14/2017,,,,-9999,,5
5,1880-05-12,,,NULL,NULL,,,,-9999,,10
6,1979 Field Work,,N.A.,6/30/1979,6/30/1979,,,Field campaign,3,,15
7,1986 SEA CLIFF dive program (Escanaba Trough),,,NULL,NULL,,,,-9999,,45
8,1994 NOAA cruise,,,NULL,NULL,,,,7,,16
9,19OCS,R/V APALACHEE,R/V APALACHEE,10/3/2019,10/3/2019,,,,7,,5
10,2004 MARGINS,,,4/14/2004,4/22/2004,,,,-9999,,12
11,2005 MARGINS,,,4/18/2004,4/18/2004,,,,-9999,,12
12,2006 MARGINS,,,4/18/2004,4/18/2004,,,,-9999,,12
13,2007 MARGINS,,,4/18/2004,4/18/2004,,,,-9999,,12
14,2008 MARGINS,,,4/18/2004,4/18/2004,,,,-9999,,12
15,2009 MARGINS,,,4/18/2004,4/18/2004,,,,-9999,,12
16,2009 Northern Expedition,R/V Western Flyer,R/V Western Flyer,8/19/2009,8/31/2009,,,,7,,24
17,2012 Field Campaign,,N.A.,8/13/2011,8/13/2011,,,Field campaign,3,,19
18,2013 Himalaya Fieldwork,,N.A.,1/7/2013,1/7/2013,,,Field campaign,3,,23
19,2013 summer field season,,N.A.,6/30/2013,6/30/2013,,,Field campaign,3,,24
20,"2013, 2014 summer field campaign",,N.A.,12/31/2012,12/31/2012,,,Field campaign,3,,32
21,2014 Field Season,,N.A.,3/25/2014,3/25/2014,,,Field campaign,3,,17
22,2015 Himalaya Fieldwork,,N.A.,11/8/2015,11/10/2015,,,Field campaign,3,,23
23,2018 Arbuckle Mountains Fieldwork,,N.A.,5/24/2018,6/3/2018,,,Field campaign,3,,33
24,2018 Himalaya Fieldwork,,N.A.,1/10/2018,1/10/2018,,,Field campaign,3,,23
4318,2018-19 Austral Summer Field Season,,,,,,,,-9999,,35
25,2019 STATEMAP,,N.A.,NULL,NULL,,,Field campaign,3,,13
26,2020 Himalaya Fieldwork,,N.A.,1/13/2020,1/14/2020,,,Field campaign,3,,23
27,2023 Aboveground Productivity Net Primary Production,4,platform 04,7/31/2023,7/31/2023,platforms 04 to 21,,,-9999,,52
28,2023 Grenville orogen,,Unknown,7/27/2023,8/5/2023,,,,8,,21
4278,2024 Field Season,,,,,,,,-9999,,17
29,2024 JULY ALPI ORIENTALI,,,7/6/2024,7/7/2024,,,,-9999,,24
30,20XRZC,,,NULL,NULL,,,,-9999,,6
31,21WL,,,NULL,NULL,,,,-9999,,4
32,2PI,R/V Akademik Boris Petrov,R/V Akademik Boris Petrov,12/31/1984,12/31/1984,,,,7,,3
33,3RPD,,,1/8/2017,1/8/2017,,,,-9999,,4
34,40th Parallel Survey,,,NULL,NULL,,,,-9999,,20
35,7TOW04WT,T. Washington,R/V Thomas Washington,NULL,NULL,,,,7,,8
36,7TOW05WT,T. Washington,R/V Thomas Washington,NULL,NULL,,,,7,,8
37,7TOW06WT,T. Washington,R/V Thomas Washington,NULL,NULL,,,,7,,8
38,91-AV-19/2,Aleksandr Vinogradov,Akademik Aleksandr Vinogradov,NULL,NULL,,,,7,,10
39,A150,Atlantis,Atlantis?,NULL,NULL,can't tell what this is supposd to be,,,7,,4
40,AAFBLP,,,12/30/2006,12/30/2006,,,,-9999,,6
41,AAR,,,8/4/2014,9/25/2014,,,,-9999,,3
42,ABBA,,,12/30/1999,12/30/2000,,,,-9999,,4
43,AB-F2001-042,R/V Akademik,R/V Akademik,8/15/2001,8/26/2001,missing full name of ship…,,,7,,12
44,ABP0002,Akademik Boris Petrov,R/V Akademik Boris Petrov,NULL,NULL,,,,7,,7
45,ABP1985,Akademik Boris Petrov,R/V Akademik Boris Petrov,NULL,NULL,,,,7,,7
46,ABS,,,2/20/2009,2/21/2009,,,,-9999,,3
47,AC97,New York Bight,New York Bight,8/19/1997,9/14/2001,,,,-9999,,4
48,"AccueilDoc CMIRA A, Fuchs28/01/14",,,1/27/2014,1/27/2014,,,,-9999,,33
49,ACE,,,NULL,NULL,,,,-9999,,3
50,ACOW,,,3/15/2011,3/6/2014,,,,-9999,,4
51,ADAK,,,6/30/2009,6/30/2010,,,,-9999,,4
52,ADDAL10/12/13,,,12/9/2013,12/9/2013,,,,-9999,,13
53,ADDAL-Fevrier 2014,,,2/11/2014,2/11/2014,,,,-9999,,18
54,ADDAL-Janv 2014,,,1/14/2014,1/14/2014,,,,-9999,,15
55,ADI,,,12/30/1998,12/30/1998,,,,-9999,,3
56,AEG01,R/V Aegaeo,R/V Aegaeo,4/29/2006,5/6/2006,,,,7,,5
57,AG32,Agulhas,R/V Agulhas,NULL,NULL,,,,-9999,,4
58,AG69,Melville,R/V Melville,NULL,NULL,,,,7,,4
59,AGESS 2021,,,7/3/2021,6/14/2022,,,,-9999,,10
60,AGH,,,NULL,NULL,,,,-9999,,3
61,AguaCal22,,,4/22/2022,5/23/2022,,,,16,,9
62,AguaCal23,,,5/24/2022,5/24/2022,,,,16,,9
63,AguaCal24,,,5/23/2022,5/23/2022,,,,16,,9
64,AguaCal25,,,5/18/2022,5/18/2022,,,,16,,9
65,AguaCal26,,,5/18/2022,5/18/2022,,,,16,,9
66,AguaCal27,,,5/18/2022,5/18/2022,,,,16,,9
67,AguaCal28,,,5/18/2022,5/18/2022,,,,16,,9
68,AguaCal29,,,5/29/2022,5/29/2022,,,,16,,9
69,AguaCal30,,,5/20/2022,5/20/2022,,,,16,,9
70,AguaCal31,,,5/21/2022,5/21/2022,,,,16,,9
71,AguaCal32,,,5/22/2022,5/22/2022,,,,16,,9
72,AguaCal33,,,5/19/2022,5/19/2022,,,,16,,9
73,AguaCal34,,,5/19/2022,5/19/2022,,,,16,,9
74,AguaCal35,,,5/25/2022,5/25/2022,,,,16,,9
75,AguaCal36,,,5/25/2022,5/25/2022,,,,16,,9
76,AguaCal37,,,5/22/2022,5/22/2022,,,,16,,9
77,AguaCal38,,,5/21/2022,5/21/2022,,,,16,,9
78,AguaCal39,,,5/22/2022,5/22/2022,,,,16,,9
79,AguaCal40,,,5/21/2022,5/21/2022,,,,16,,9
80,AguaCal41,,,5/21/2022,5/21/2022,,,,16,,9
81,AguaCal42,,,5/22/2022,5/22/2022,,,,16,,9
82,AguaCal43,,,5/22/2022,5/22/2022,,,,16,,9
83,AGZ,,,1/6/2016,3/22/2018,,,,-9999,,3
84,AHVC,,,2/3/2008,4/3/2008,,,,-9999,,4
85,AHVC2,,,3/8/2009,3/24/2009,,,,-9999,,5
86,AHVC3,,,3/29/2009,3/29/2009,,,,-9999,,5
87,AK,,,12/30/2006,12/30/2006,,,,-9999,,2
88,AK15,Akademik Kurchatov,R/V Akademik Kurchatov,7/15/1973,9/2/1973,,,,7,,4
89,AKA,,,3/22/2010,6/30/2010,,,,-9999,,3
90,AKAD09,,,NULL,NULL,,,,-9999,,6
91,AKAD11,,,6/26/2011,6/26/2011,,,,-9999,,6
92,AKW,,,NULL,NULL,,,,-9999,,3
93,AL150801,M/V Alucia,M/V Alucia,8/10/2015,8/27/2015,,,,7,,8
94,AL18-4,Albatross,Albatross,12/9/1968,12/12/1969,,,,-9999,,6
95,AL4,Alaminos,Alaminos,3/26/1964,4/7/1964,,,,-9999,,3
96,ALAR02RR,Roger Revelle,R/V Roger Revelle,NULL,NULL,,,,7,,8
97,ALB43,Albatross,Albatross III,12/31/1951,12/31/1951,guess is Albatross III based on date,,,-9999,,5
98,ALCOVE,,,2/13/2008,2/22/2011,,,,-9999,,6
99,ALCY01MV,Melville,R/V Melville,NULL,NULL,,,,7,,8
100,ALE,,,7/3/1998,7/14/1998,,,,-9999,,3
101,ALIENOR 1,,,4/19/2004,6/6/2004,,,,-9999,,9
102,ALIENOR 2,,,6/17/2004,6/17/2004,,,,-9999,,9
103,ALK,,,7/31/2015,8/11/2015,,,,-9999,,3
104,ALMP,,,12/30/2009,9/30/2010,,,,-9999,,4
105,Alps 2011,,,8/22/2011,8/30/2011,,,,-9999,,9
106,Alps 2013,,,8/15/2013,8/22/2013,,,,-9999,,9
107,Alps 2015,,,8/3/2015,8/21/2015,,,,-9999,,9
4225,Alsóheteny 2015; Geomagnetic Prospecting in Hungary,,,,,,,,-9999,,51
108,Alvin:0338,Alvin,Alvin,7/17/1971,7/17/1971,,,,9,,10
109,Alvin:0340,Alvin,Alvin,7/19/1971,7/19/1971,,,,9,,10
110,Alvin:0342,Alvin,Alvin,7/21/1971,7/21/1971,,,,9,,10
111,Alvin:0349,Alvin,Alvin,9/4/1971,9/4/1971,,,,9,,10
112,Alvin:0371,Alvin,Alvin,11/11/1971,11/11/1971,,,,9,,10
113,Alvin:0374,Alvin,Alvin,11/15/1971,11/15/1971,,,,9,,10
114,Alvin:0410,Alvin,Alvin,6/24/1972,6/24/1972,,,,9,,10
115,Alvin:0415,Alvin,Alvin,6/28/1972,6/28/1972,,,,9,,10
116,Alvin:0419,Alvin,Alvin,7/8/1972,7/8/1972,,,,9,,10
117,Alvin:0421,Alvin,Alvin,7/10/1972,7/10/1972,,,,9,,10
118,Alvin:0423,Alvin,Alvin,7/13/1972,7/13/1972,,,,9,,10
119,Alvin:0427,Alvin,Alvin,7/21/1972,7/21/1972,,,,9,,10
120,Alvin:0429,Alvin,Alvin,7/23/1972,7/23/1972,,,,9,,10
121,Alvin:0430,Alvin,Alvin,7/24/1972,7/24/1972,,,,9,,10
122,Alvin:0431,Alvin,Alvin,7/26/1972,7/26/1972,,,,9,,10
123,Alvin:0445,Alvin,Alvin,8/26/1972,8/26/1972,,,,9,,10
124,Alvin:0447,Alvin,Alvin,8/28/1972,8/28/1972,,,,9,,10
125,Alvin:0500,Alvin,Alvin,1/30/1974,1/30/1974,,,,9,,10
126,Alvin:0502,Alvin,Alvin,2/1/1974,2/1/1974,,,,9,,10
127,Alvin:0503,Alvin,Alvin,2/2/1974,2/2/1974,,,,9,,10
128,Alvin:0504,Alvin,Alvin,2/3/1972,2/3/1972,,,,9,,10
129,Alvin:0518,Alvin,Alvin,6/29/1974,6/29/1974,,,,9,,10
130,Alvin:0519,Alvin,Alvin,6/30/1974,6/30/1974,,,,9,,10
131,Alvin:0520,Alvin,Alvin,7/1/1974,7/1/1974,,,,9,,10
132,Alvin:0521,Alvin,Alvin,7/2/1974,7/2/1974,,,,9,,10
133,Alvin:0522,Alvin,Alvin,7/3/1974,7/3/1974,,,,9,,10
134,Alvin:0523,Alvin,Alvin,7/4/1974,7/4/1974,,,,9,,10
135,Alvin:0524,Alvin,Alvin,7/14/1974,7/14/1974,,,,9,,10
136,Alvin:0525,Alvin,Alvin,7/15/1974,7/15/1974,,,,9,,10
137,Alvin:0526,Alvin,Alvin,7/16/1974,7/16/1974,,,,9,,10
138,Alvin:0527,Alvin,Alvin,7/17/1974,7/17/1974,,,,9,,10
139,Alvin:0528,Alvin,Alvin,7/18/1974,7/18/1974,,,,9,,10
140,Alvin:0529,Alvin,Alvin,7/19/1974,7/19/1974,,,,9,,10
141,Alvin:0530,Alvin,Alvin,7/20/1974,7/20/1974,,,,9,,10
142,Alvin:0532,Alvin,Alvin,8/2/1974,8/2/1974,,,,9,,10
143,Alvin:0533,Alvin,Alvin,8/3/1974,8/3/1974,,,,9,,10
144,Alvin:0534,Alvin,Alvin,8/4/1974,8/4/1974,,,,9,,10
145,Alvin:0537,Alvin,Alvin,8/20/1974,8/20/1974,,,,9,,10
146,Alvin:0538,Alvin,Alvin,8/23/1974,8/23/1974,,,,9,,10
147,Alvin:0539,Alvin,Alvin,8/24/1974,8/24/1974,,,,9,,10
148,Alvin:0540,Alvin,Alvin,8/26/1974,8/26/1974,,,,9,,10
149,Alvin:0541,Alvin,Alvin,8/27/1974,8/27/1974,,,,9,,10
150,Alvin:0542,Alvin,Alvin,8/29/1974,8/29/1974,,,,9,,10
151,Alvin:0543,Alvin,Alvin,8/31/1974,8/31/1974,,,,9,,10
152,Alvin:0611,Alvin,Alvin,1/27/1976,1/27/1976,,,,9,,10
153,Alvin:0612,Alvin,Alvin,1/30/1976,1/30/1976,,,,9,,10
154,Alvin:0613,Alvin,Alvin,1/31/1976,1/31/1976,,,,9,,10
155,Alvin:0614,Alvin,Alvin,2/1/1976,2/1/1976,,,,9,,10
156,Alvin:0615,Alvin,Alvin,2/2/1976,2/2/1976,,,,9,,10
157,Alvin:0616,Alvin,Alvin,2/3/1976,2/3/1976,,,,9,,10
158,Alvin:0617,Alvin,Alvin,2/9/1976,2/9/1976,,,,9,,10
159,Alvin:0619,Alvin,Alvin,2/11/1976,2/11/1976,,,,9,,10
160,Alvin:0620,Alvin,Alvin,2/13/1976,2/13/1976,,,,9,,10
161,Alvin:0621,Alvin,Alvin,2/15/1976,2/15/1976,,,,9,,10
162,Alvin:0622,Alvin,Alvin,2/17/1976,2/17/1976,,,,9,,10
163,Alvin:0623,Alvin,Alvin,2/18/1976,2/18/1976,,,,9,,10
164,Alvin:0624,Alvin,Alvin,2/19/1976,2/19/1976,,,,9,,10
165,Alvin:0625,Alvin,Alvin,2/20/1976,2/20/1976,,,,9,,10
166,Alvin:0660,Alvin,Alvin,6/25/1976,6/25/1976,,,,9,,10
167,Alvin:0721,Alvin,Alvin,2/24/1977,2/24/1977,,,,9,,10
168,Alvin:0725,Alvin,Alvin,3/7/1977,3/7/1977,,,,9,,10
169,Alvin:0729,Alvin,Alvin,3/11/1977,3/11/1977,,,,9,,10
170,Alvin:0731,Alvin,Alvin,3/13/1977,3/13/1977,,,,9,,10
171,Alvin:0734,Alvin,Alvin,3/16/1977,3/16/1977,,,,9,,10
172,Alvin:0737,Alvin,Alvin,4/6/1977,4/6/1977,,,,9,,10
173,Alvin:0738,Alvin,Alvin,4/7/1977,4/7/1977,,,,9,,10
174,Alvin:0739,Alvin,Alvin,4/9/1977,4/9/1977,,,,9,,10
175,Alvin:0740,Alvin,Alvin,4/10/1977,4/10/1977,,,,9,,10
176,Alvin:0741,Alvin,Alvin,4/11/1977,4/11/1977,,,,9,,10
177,Alvin:0742,Alvin,Alvin,4/12/1977,4/12/1977,,,,9,,10
178,Alvin:0765,Alvin,Alvin,6/12/1981,6/12/1981,,,,9,,10
179,Alvin:0766,Alvin,Alvin,6/13/1981,6/13/1981,,,,9,,10
180,Alvin:0767,Alvin,Alvin,6/14/1981,6/14/1981,,,,9,,10
181,Alvin:0786,Alvin,Alvin,9/6/1977,9/6/1977,,,,9,,10
182,Alvin:0787,Alvin,Alvin,9/8/1977,9/8/1977,,,,9,,10
183,Alvin:0789,Alvin,Alvin,9/12/1977,9/12/1977,,,,9,,10
184,Alvin:0808,Alvin,Alvin,6/10/1982,6/10/1982,,,,9,,10
185,Alvin:0809,Alvin,Alvin,6/11/1982,6/11/1982,,,,9,,10
186,Alvin:0810,Alvin,Alvin,6/12/1982,6/12/1982,,,,9,,10
187,Alvin:0811,Alvin,Alvin,6/13/1982,6/13/1982,,,,9,,10
188,Alvin:0818,Alvin,Alvin,7/29/1978,7/29/1978,,,,9,,10
189,Alvin:0819,Alvin,Alvin,7/30/1978,7/30/1978,,,,9,,10
190,Alvin:0820,Alvin,Alvin,7/31/1978,7/31/1978,,,,9,,10
191,Alvin:0821,Alvin,Alvin,8/1/1978,8/1/1978,,,,9,,10
192,Alvin:0822,Alvin,Alvin,8/2/1978,8/2/1978,,,,9,,10
193,Alvin:0823,Alvin,Alvin,8/12/1978,8/12/1978,,,,9,,10
194,Alvin:0824,Alvin,Alvin,8/13/1978,8/13/1978,,,,9,,10
195,Alvin:0825,Alvin,Alvin,8/14/1978,8/14/1978,,,,9,,10
196,Alvin:0826,Alvin,Alvin,8/16/1978,8/16/1978,,,,9,,10
197,Alvin:0827,Alvin,Alvin,8/17/1978,8/17/1978,,,,9,,10
198,Alvin:0828,Alvin,Alvin,8/18/1978,8/18/1978,,,,9,,10
199,Alvin:0829,Alvin,Alvin,8/19/1978,8/19/1978,,,,9,,10
200,Alvin:0830,Alvin,Alvin,8/22/1978,8/22/1978,,,,9,,10
201,Alvin:0831,Alvin,Alvin,8/24/1978,8/24/1978,,,,9,,10
202,Alvin:0832,Alvin,Alvin,8/25/1978,8/25/1978,,,,9,,10
203,Alvin:0889,Alvin,Alvin,2/13/1979,2/13/1979,,,,9,,10
204,Alvin:0890,Alvin,Alvin,2/14/1979,2/14/1979,,,,9,,10
205,Alvin:0891,Alvin,Alvin,2/15/1979,2/15/1979,,,,9,,10
206,Alvin:0892,Alvin,Alvin,2/16/1979,2/16/1979,,,,9,,10
207,Alvin:0893,Alvin,Alvin,2/17/1979,2/17/1979,,,,9,,10
208,Alvin:0895,Alvin,Alvin,2/19/1979,2/19/1979,,,,9,,10
209,Alvin:0978,Alvin,Alvin,11/1/1979,11/1/1979,,,,9,,10
210,Alvin:0979,Alvin,Alvin,11/2/1979,11/2/1979,,,,9,,10
211,Alvin:0980,Alvin,Alvin,11/3/1979,11/3/1979,,,,9,,10
212,Alvin:0981,Alvin,Alvin,11/4/1979,11/4/1979,,,,9,,10
213,Alvin:0982,Alvin,Alvin,11/5/1979,11/5/1979,,,,9,,10
214,Alvin:1008,Alvin,Alvin,6/2/1980,6/2/1980,,,,9,,10
215,Alvin:1010,Alvin,Alvin,6/3/1980,6/3/1980,,,,9,,10
216,Alvin:1011,Alvin,Alvin,6/4/1980,6/4/1980,,,,9,,10
217,Alvin:1012,Alvin,Alvin,6/5/1980,6/5/1980,,,,9,,10
218,Alvin:1013,Alvin,Alvin,6/6/1980,6/6/1980,,,,9,,10
219,Alvin:1014,Alvin,Alvin,6/7/1980,6/7/1980,,,,9,,10
220,Alvin:1015,Alvin,Alvin,6/8/1980,6/8/1980,,,,9,,10
221,Alvin:1054,Alvin,Alvin,10/19/1980,10/19/1980,,,,9,,10
222,Alvin:1055,Alvin,Alvin,10/20/1980,10/20/1980,,,,9,,10
223,Alvin:1056,Alvin,Alvin,10/21/1980,10/21/1980,,,,9,,10
224,Alvin:1057,Alvin,Alvin,10/22/1980,10/22/1980,,,,9,,10
225,Alvin:1058,Alvin,Alvin,10/24/1980,10/24/1980,,,,9,,10
226,Alvin:1059,Alvin,Alvin,10/26/1980,10/26/1980,,,,9,,10
227,Alvin:1060,Alvin,Alvin,10/27/1980,10/27/1980,,,,9,,10
228,Alvin:1061,Alvin,Alvin,10/28/1980,10/28/1980,,,,9,,10
229,Alvin:1062,Alvin,Alvin,10/29/1980,10/29/1980,,,,9,,10
230,Alvin:1063,Alvin,Alvin,10/30/1980,10/30/1980,,,,9,,10
231,Alvin:1148,Alvin,Alvin,11/10/1981,11/10/1981,,,,9,,10
232,Alvin:1149,Alvin,Alvin,11/11/1981,11/11/1981,,,,9,,10
233,Alvin:1150,Alvin,Alvin,11/12/1981,11/12/1981,,,,9,,10
234,Alvin:1152,Alvin,Alvin,11/14/1981,11/14/1981,,,,9,,10
235,Alvin:1154,Alvin,Alvin,11/16/1981,11/16/1981,,,,9,,10
236,Alvin:1155,Alvin,Alvin,11/17/1981,11/17/1981,,,,9,,10
237,Alvin:1156,Alvin,Alvin,11/18/1981,11/18/1981,,,,9,,10
238,Alvin:1157,Alvin,Alvin,11/19/1981,11/19/1981,,,,9,,10
239,Alvin:1158,Alvin,Alvin,11/20/1981,11/20/1981,,,,9,,10
240,Alvin:1159,Alvin,Alvin,11/22/1981,11/22/1981,,,,9,,10
241,Alvin:1240,Alvin,Alvin,7/13/1982,7/13/1982,,,,9,,10
242,Alvin:1242,Alvin,Alvin,7/14/1982,7/14/1982,,,,9,,10
243,Alvin:1243,Alvin,Alvin,7/16/1982,7/16/1982,,,,9,,10
244,Alvin:1244,Alvin,Alvin,7/17/1982,7/17/1982,,,,9,,10
245,Alvin:1245,Alvin,Alvin,7/18/1982,7/18/1982,,,,9,,10
246,Alvin:1246,Alvin,Alvin,7/1/1982,7/1/1982,,,,9,,10
247,Alvin:1247,Alvin,Alvin,7/20/1982,7/20/1982,,,,9,,10
248,Alvin:1569,Alvin,Alvin,5/26/1985,5/26/1985,,,,9,,10
249,Alvin:2168,Alvin,Alvin,12/5/1989,12/5/1989,,,,9,,10
250,Alvin:2169,Alvin,Alvin,12/7/1989,12/7/1989,,,,9,,10
251,Alvin:2172,Alvin,Alvin,12/11/1989,12/11/1989,,,,9,,10
252,Alvin:2173,Alvin,Alvin,12/13/1989,12/13/1989,,,,9,,10
253,Amargosa 1709,,,NULL,NULL,,,,-9999,,13
254,AMASE - Arctic Mars Analog Svalbard Expedition,,,NULL,NULL,,,,3,,46
255,AMAT Expedition (AMAT05RR),Roger Revelle,R/V Roger Revelle,NULL,NULL,,,,7,,26
256,AMNH Collection Trip,AMNH Collection Trip,N.A.,6/2/1905,6/2/1905,,,,3,,20
257,AMPH01AR,Argo,Argo,NULL,NULL,,,,-9999,,8
258,AMPH02AR,Argo,Argo,NULL,NULL,,,,-9999,,8
259,AMPH03AR,Argo,Argo,NULL,NULL,,,,-9999,,8
260,Ampurias 2021,,,8/8/2022,8/10/2022,,,,-9999,,13
261,Anastasya 2001 cruise,Cornide de Saavedra,Cornide de Saavedra,5/31/2001,5/31/2001,,,,7,,21
262,ANCH,,,2/26/2014,6/30/2014,,,,-9999,,4
263,AND001-01A,,,12/31/2005,12/31/2005,,,,-9999,,10
264,AND001-01B,,,12/31/2005,12/31/2005,,,,-9999,,10
265,AND002-02A,,,12/31/2006,12/31/2006,,,,-9999,,10
266,Andesite,,,NULL,NULL,,,,-9999,,8
267,ANDRILL 001B,ANDRILL,unknown,2/17/2016,2/17/2016,,,Sub Ice corehole,1,,12
268,ANDRILL-MIS,,unknown,12/31/2005,12/31/2005,date could be 12/31/2005 or 3/8/2015,,Sub Ice corehole,1,,11
269,ANDRILL-SMS,,unknown,10/16/2007,4/28/2015,,,Sub Ice corehole,1,,11
270,ANR 2008 IPER-RETRO,,,2/8/2009,2/29/2012,ANR 2008 IPER-RETRO (http://www6.inra.fr/iper_retro) 01/03/12 dates span 2009 throu 2012…,http://www6.inra.fr/iper_retro,,-9999,,19
271,ANR 2008-2013 IPER-RETRO 2009-09-02,UWITEC C2FN,UWITEC C2FN,2/8/2009,2/8/2009,09/02/09_ANR 2008-2013 IPER-RETRO (http://www6.inra.fr/iper_retro),http://www6.inra.fr/iper_retro,,-9999,,35
272,ANR 2008-2013 IPER-RETRO 2010-05-26,UWITEC C2FN,UWITEC C2FN,5/25/2010,5/25/2010,,,,-9999,,35
273,ANR 2008-2013 IPER-RETRO 2011-05-26,UWITEC C2FN,UWITEC C2FN,5/25/2011,5/25/2011,,,,-9999,,35
274,ANR AVATAR,,,8/11/2022,3/7/2023,,,,-9999,,10
275,ANR BLANC 2007 PYGMALION,,,8/31/2006,6/23/2009,,,,-9999,,24
276,ANR SEDIPLAST,,,7/26/2022,7/26/2022,,,,-9999,,13
277,Antipodes,Melville,R/V Melville,NULL,NULL,,,,7,,9
278,Antler Cu&Zn 1480,,,NULL,NULL,,,Mineral Exploration,5,,17
279,ANTP01MV,Melville,R/V Melville,NULL,NULL,,,,7,,8
280,ANTP02MV,Melville,R/V Melville,NULL,NULL,,,,7,,8
281,ANTP03MV,Melville,R/V Melville,NULL,NULL,,,,7,,8
282,ANTP04MV,Melville,R/V Melville,NULL,NULL,,,,7,,8
283,ANTP06MV,Melville,R/V Melville,NULL,NULL,,,,7,,8
284,ANTP07MV,Melville,R/V Melville,NULL,NULL,,,,7,,8
285,ANTP08MV,Melville,R/V Melville,NULL,NULL,,,,7,,8
286,ANTP11MV,Melville,R/V Melville,NULL,NULL,,,,7,,8
287,ANTP16MV,Melville,R/V Melville,NULL,NULL,,,,7,,8
288,ANTXXIII/2,R/V Polastern,R/V Polarstern,1/29/2017,1/29/2017,,,,7,,10
289,AP,Alpine,Alpine,5/15/1962,5/15/1962,,,,-9999,,2
290,Apache,,,NULL,NULL,,,,-9999,,6
291,APIRE,,,1/17/2016,1/21/2016,,,,-9999,,5
292,AQABA,,,12/30/2004,12/30/2004,,,,-9999,,5
293,AR62,R/V Neil Armstrong,R/V Neil Armstrong,11/16/2021,11/21/2021,,,,7,,4
294,AR64-02,R/V Neil Armstrong,R/V Neil Armstrong,2/14/2022,3/3/2022,,,,7,,7
295,ARCAK,,,3/8/2010,3/10/2010,,,,-9999,,5
296,ARCHEO02/07/09,,,7/1/2009,7/1/2009,,,,-9999,,14
297,Arctic Great Rivers Observatory III,,,2/8/2017,10/21/2019,,,,16,,35
298,Arctic Great Rivers Observatory IV,,,2/4/2020,6/1/2023,,,,16,,34
299,Arenal Volcano Project,,,NULL,NULL,,,,8,,22
300,ARES05WT,T. Washington,R/V Thomas Washington,NULL,NULL,,,,7,,8
301,ARES07WT,T. Washington,R/V Thomas Washington,NULL,NULL,,,,7,,8
302,Argonne Wetland Complex,,,11/6/2019,11/6/2019,,,,-9999,,23
303,Argonne Wetlands Hydrobiogeochemistry SFA,,,6/23/2019,6/26/2019,,,,-9999,,41
304,ARIA2,,,1/11/1982,3/10/1982,,,,-9999,,5
305,ARIES Expedition (ARES07WT),Thomas Washington,R/V Thomas Washington,NULL,NULL,,,,7,,27
306,ARIES-V,T. Washington,R/V Thomas Washington,5/10/1971,6/4/1971,,,,7,,7
307,ARII,Ice Island Arliss II,Ice Island Arliss II,6/23/1962,11/30/1962,,,Ice Island Sampling,10,,4
308,Arktis II-3 Polar Stern cruise 84,Polar Stern,R/V Polarstern,7/25/1984,7/25/1984,,,,7,,33
309,Arnett Creek,,,NULL,NULL,,,,5,,12
310,AROI,,,8/31/2006,8/31/2006,,,,-9999,,4
311,ART,,,1/22/2009,1/22/2009,,,,-9999,,3
312,Artillery Peak,,,NULL,NULL,,,,5,,14
313,AS,Atlantic Seal,Atlantic Seal,12/31/1965,8/29/1966,,,,-9999,,2
314,AS1,Atlantic Seal,Atlantic Seal,8/12/1964,11/12/1964,,,,-9999,,3
315,AS2,Atlantic Seal,Atlantic Seal,6/26/1967,10/1/1967,,,,-9999,,3
316,AS3,Atlantic Seal,Atlantic Seal,10/28/1967,12/25/1967,,,,-9999,,3
317,AS4,Atlantic Seal,Atlantic Seal,6/20/1968,8/5/1968,,,,-9999,,3
318,AS6,Atlantic Seal,Atlantic Seal,2/15/1967,4/26/1967,,,,-9999,,3
319,AS7,Atlantic Seal,Atlantic Seal,2/12/1967,4/28/1968,,,,-9999,,3
320,ASARCO Globe,,,NULL,NULL,,,,5,,12
321,Ascaro Project 4,,,NULL,NULL,,,,8,,16
322,asdfa,asdfasdfaas,asdfasdfaas,9/5/2011,9/5/2011,probably bogus,,,-9999,,5
323,asdfasdf,asdfasdf,asdfasdf,9/25/2011,9/25/2011,probably bogus,,,-9999,,8
324,ASEA,,,8/31/2010,8/31/2010,,,,-9999,,4
325,ASH,,,12/31/2006,7/31/2010,,,,-9999,,3
326,AST75-10,Asterias,Asterias,10/8/1975,10/9/1975,,,,-9999,,8
327,AST75-9,Asterias,Asterias,9/14/1975,9/18/1975,,,,-9999,,7
328,AST76-7,Asterias,Asterias,7/6/1956,7/6/1976,,,,-9999,,7
329,AT-003-10,R/V Atlantis II,Atlantis 1996,10/28/1997,10/28/1997,,,,7,,9
330,AT-003-34,R/V Atlantis II,Atlantis 1996,5/6/1999,5/6/1999,,,,7,,9
331,AT-003-36,,,5/31/1999,5/31/1999,date approximate,,,-9999,,9
332,AT-003-47,R/V Atlantis II,Atlantis 1996,1/26/2000,1/26/2000,,,,7,,9
333,AT-007-04,R/V Atlantis II,Atlantis 1996,11/3/2001,11/3/2001,,,,7,,9
334,AT-007-06,R/V Atlantis II,Atlantis 1996,1/5/2002,1/5/2002,,,,7,,9
335,AT-007-12,R/V Atlantis II,Atlantis 1996,5/11/2002,5/11/2002,,,,7,,9
336,AT-007-13,R/V Atlantis II,Atlantis 1996,5/11/2002,5/11/2002,,,,7,,9
337,AT-007-14,R/V Atlantis II,Atlantis 1996,5/11/2002,5/11/2002,,,,7,,9
338,AT-007-15,R/V Atlantis II,Atlantis 1996,5/11/2002,5/11/2002,,,,7,,9
339,AT-007-16,R/V Atlantis II,Atlantis 1996,5/11/2002,5/11/2002,,,,7,,9
340,AT-007-17,R/V Atlantis II,Atlantis 1996,5/11/2002,5/11/2002,,,,7,,9
341,AT-007-18,R/V Atlantis II,Atlantis 1996,5/11/2002,5/11/2002,,,,7,,9
342,AT-011-07,Atlantis,Atlantis 1996,2/1/2004,2/19/2004,,,,7,,9
343,AT-011-09,Atlantis,Atlantis 1996,3/19/2004,3/29/2004,,,,7,,9
344,AT-011-10,Atlantis,Atlantis 1996,4/9/2004,4/24/2004,,,,7,,9
345,AT-011-20,Atlantis,Atlantis 1996,11/11/2004,11/23/2004,,,,7,,9
346,AT-011-24,Atlantis,Atlantis 1996,3/21/2005,3/28/2005,,,,7,,9
347,AT-011-26,Atlantis,Atlantis 1996,4/24/2005,5/11/2005,,,,7,,9
348,AT-015-06,Atlantis,Atlantis 1996,6/15/2006,7/1/2006,,,,9,,9
349,AT-015-06 Alvin,Alvin,Alvin,6/26/2006,7/1/2006,,,,-9999,,15
350,AT-015-09,Atlantis,Atlantis 1996,8/26/2006,9/10/2006,,,,7,,9
351,AT-015-12,Atlantis,Atlantis 1996,10/15/2006,11/14/2006,,,,7,,9
352,AT-015-13,Atlantis,Atlantis 1996,11/24/2006,12/4/2006,,,,9,,9
353,AT-015-13 Alvin,Alvin,Alvin,11/24/2006,12/2/2006,,,,-9999,,15
354,AT-015-14,Atlantis,Atlantis 1996,12/7/2006,1/1/2007,,,,9,,9
355,AT-015-14 Alvin,Alvin,Alvin,1/2/2007,1/3/2007,,,,-9999,,15
356,AT-015-15,Atlantis,Atlantis 1996,1/13/2007,2/3/2007,,,,7,,9
357,AT-015-16,Atlantis,Atlantis 1996,2/17/2007,3/11/2007,,,,7,,9
358,AT-015-17,Atlantis,Atlantis 1996,3/22/2007,4/20/2007,,,,7,,9
359,AT-015-21,Atlantis,Atlantis 1996,8/8/2007,8/15/2007,,,,7,,9
360,AT-015-22,Atlantis,Atlantis 1996,8/16/2007,8/16/2007,,,,7,,9
361,AT-015-23,Atlantis,Atlantis 1996,8/16/2007,8/16/2007,,,,7,,9
362,AT-015-24,Atlantis,Atlantis 1996,8/16/2007,8/16/2007,,,,7,,9
363,AT-015-26,Atlantis,Atlantis 1996,11/16/2007,11/29/2007,,,,7,,9
364,AT-015-27,Atlantis,Atlantis 1996,12/9/2007,12/20/2007,,,,7,,9
365,AT-015-28,Atlantis,Atlantis 1996,12/30/2007,1/13/2008,,,,7,,9
366,AT-015-32,Atlantis,Atlantis 1996,6/6/2008,6/13/2008,,,,7,,9
367,AT-015-34,Atlantis,Atlantis 1996,7/5/2008,7/19/2008,,,,7,,9
368,AT-015-36,Atlantis,Atlantis 1996,8/19/2008,9/5/2008,,,,7,,9
369,AT-015-38,Atlantis,Atlantis 1996,10/27/2008,11/3/2008,,,,7,,9
370,AT-015-47,Atlantis,Atlantis 1996,6/14/2009,6/26/2009,,,,7,,9
371,AT-015-51,Atlantis,Atlantis 1996,8/22/2009,9/2/2009,,,,7,,9
372,AT-015-55,Atlantis,Atlantis 1996,8/22/2009,9/2/2009,,,,7,,9
373,AT-015-63,R/V Atlantis,Atlantis 1996,3/18/2010,4/13/2010,,,,7,,9
374,AT-015-63 TowCam,TowCam,TowCam,3/18/2010,4/10/2010,,,,-9999,,16
375,AT-015-67,Atlantis,Atlantis 1996,7/8/2006,7/8/2010,,,,7,,9
376,AT-018-08,Atlantis,Atlantis 1996,7/27/2011,7/30/2011,,,,7,,9
377,AT-026-04,Atlantis II,Atlantis 1996,12/4/2013,12/22/2013,,,,7,,9
378,AT-026-19,Atlantis,Atlantis 1996,8/28/2014,9/9/2014,,,,7,,9
379,AT-042-20,R/V Atlantis,Atlantis 1996,,,,,,7,,9
380,AT-049,R/V Atlantis,Atlantis 1996,6/4/2022,6/13/2022,,,,7,,6
381,AT-050-02,R/V Atlantis,Atlantis 1996,,,,,,7,,9
382,AT-050-09,R/V Atlantis,Atlantis 1996,3/29/2023,4/18/2023,,,,7,,9
383,AT37-05,,,11/10/2012,11/29/2012,,,,-9999,,7
384,AT37-1,,,8/19/2016,8/23/2016,,,,-9999,,6
385,AT4209,Atantis,Atlantis 1996?,4/4/2019,4/15/2019,,,,7,,6
386,AT84,,,10/6/1984,10/7/1984,,,,-9999,,4
387,ATAC,,,11/20/1993,12/10/1993,,,,-9999,,4
388,Atacama Fault System,,,NULL,NULL,,,,8,,20
389,ATII-001-01,Atlantis II,Atlantis II,2/24/1963,3/27/1963,,,,7,,11
390,ATII-003-10,Atlantis,Atlantis II,,,,,,7,,11
391,ATII-011-02,Atlantis II,Atlantis II,7/4/1964,7/11/1964,,,,7,,11
392,ATII-013 stn429,Atlantis II,Atlantis II,9/16/1964,9/16/1964,,,,7,,15
393,ATII-013-01,Atlantis II,Atlantis II,9/18/1964,9/25/1964,,,,7,,11
394,ATII-015-03,Atlantis II,Atlantis II,2/12/1965,2/18/1965,,,,7,,11
395,ATII-015-04,Atlantis II,Atlantis II,2/22/1965,3/20/1965,,,,7,,11
396,ATII-015-05,Atlantis II,Atlantis II,3/20/1965,4/6/1965,,,,7,,11
397,ATII-015-06,Atlantis II,Atlantis II,4/14/1965,4/14/1965,,,,7,,11
398,ATII-015-07,Atlantis II,Atlantis II,5/4/1965,5/5/1965,,,,7,,11
399,ATII-015-13,Atlantis II,Atlantis II,6/10/1965,6/15/1965,,,,7,,11
400,ATII-015-14,Atlantis II,Atlantis II,6/15/1965,6/19/1965,,,,7,,11
401,ATII-015-15,Atlantis II,Atlantis II,6/27/1965,7/10/1965,,,,7,,11
402,ATII-020-01,Atlantis II,Atlantis II,2/15/1966,5/1/1966,,,,7,,11
403,ATII-020-02,Atlantis II,Atlantis II,3/7/1966,3/24/1966,,,,7,,11
404,ATII-020-03,Atlantis II,Atlantis II,4/18/1966,4/21/1966,,,,7,,11
405,ATII-024,Atlantis II,Atlantis II,1/1/1967,1/1/1967,guess date based on other cruises,,,7,,8
406,ATII-031-01,Atlantis II,Atlantis II,4/8/1967,4/28/1967,,,,7,,11
407,ATII-032,Atlantis II,Atlantis II,6/5/1967,7/18/1967,,,,7,,8
408,ATII-032-01,Atlantis II,Atlantis II,6/5/1967,6/12/1967,,,,7,,11
409,ATII-032-02,Atlantis II,Atlantis II,6/12/1967,6/16/1967,,,,7,,11
410,ATII-032-03,Atlantis II,Atlantis II,6/22/1972,7/18/1967,guess date based on other nearby,,,7,,11
411,ATII-033-01,Atlantis II,Atlantis II,7/27/1967,7/27/1967,,,,7,,11
412,ATII-042-01,Atlantis II,Atlantis II,6/28/1968,7/23/1968,,,,7,,11
413,ATII-042-05,Atlantis II,Atlantis II,6/9/1968,6/10/1968,,,,7,,11
414,ATII-049,,Atlantis II,5/30/1969,7/3/1969,,,,7,,8
415,ATII-049-03,Atlantis II,Atlantis II,3/20/1969,5/20/1969,,,,7,,11
416,ATII-049-04,Atlantis II,Atlantis II,4/13/1969,4/29/1969,,,,7,,11
417,ATII-054-02,Atlantis II,Atlantis II,11/1/1969,11/29/1969,,,,7,,11
418,ATII-056,,Atlantis II,2/25/1970,4/25/1970,,,,7,,8
419,ATII-059,,Atlantis II,11/30/1970,12/14/1970,,,,7,,8
420,ATII-059-08,Atlantis II,Atlantis II,12/3/1970,12/6/1970,,,,7,,11
421,ATII-060-02,Atlantis II,Atlantis II,2/15/1971,3/2/1971,,,,7,,11
422,ATII-060-06,Atlantis II,Atlantis II,6/23/1971,6/26/1971,,,,7,,11
423,ATII-060-08,Atlantis II,Atlantis II,8/3/1971,8/13/1971,,,,7,,11
424,ATII-072-01,Atlantis II,Atlantis II,10/20/1972,11/3/1972,,,,7,,11
425,ATII-073,R/V Atlantis II,Atlantis II,11/24/1972,11/25/1972,,,,7,,8
426,ATII-073-01,Atlantis II,Atlantis II,11/23/1972,12/8/1972,,,,7,,11
427,ATII-077-02,Atlantis II,Atlantis II,8/10/1973,8/27/1973,,,,7,,11
428,ATII-078,r/v Atlantis II,Atlantis II,9/6/1973,10/25/1973,"stations 1914,1915, 1918, 1947, 1986",,,7,,8
429,ATII-078-02,Atlantis II,Atlantis II,10/14/1973,10/24/1973,,,,7,,11
430,ATII-082,,Atlantis II,NULL,NULL,,,,7,,8
431,ATII-085,r/v Atlantis II,Atlantis II,9/4/1974,9/4/1974,Atlantis II cruise 85 stnQCW 0m,,,7,,8
432,ATII-085-01,Atlantis II,Atlantis II,8/27/1974,9/9/1974,,,,7,,11
433,ATII-085-02,Atlantis II,Atlantis II,9/19/1974,9/20/1974,,,,7,,11
434,ATII-086,Atlantis II,Atlantis II,1/16/1975,2/2/1975,stations 2193,,,7,,8
435,ATII-086-03,Atlantis II,Atlantis II,3/13/1975,3/18/1975,,,,7,,11
436,ATII-092-01,Atlantis II,Atlantis II,9/3/1975,9/9/1975,,,,7,,11
437,ATII-092-02,Atlantis II,Atlantis II,9/24/1975,10/5/1975,,,,7,,11
438,ATII-093,Atlantis II,Atlantis II,4/24/1977,4/24/1977,,,,7,,8
439,ATII-093-02,Atlantis II,Atlantis II,11/27/1975,12/13/1975,,,,7,,11
440,ATII-093-06,Atlantis II,Atlantis II,3/16/1976,3/29/1976,,,,7,,11
441,ATII-093-07,Atlantis II,Atlantis II,4/9/1976,5/1/1976,,,,7,,11
442,ATII-093-12,Atlantis II,Atlantis II,9/4/1976,9/22/1976,,,,7,,11
443,ATII-093-13,Atlantis II,Atlantis II,10/13/1976,10/13/1976,,,,7,,11
444,ATII-093-14,Atlantis II,Atlantis II,11/2/1976,11/19/1976,,,,7,,11
445,ATII-093-18,Atlantis II,Atlantis II,3/2/1977,3/19/1977,,,,7,,11
446,ATII-093-19,Atlantis II,Atlantis II,3/31/1977,4/12/1977,,,,7,,11
447,ATII-094-01,Atlantis II,Atlantis II,6/15/1977,7/10/1977,,,,7,,11
448,ATII-094-02,Atlantis II,Atlantis II,7/16/1977,7/24/1977,,,,7,,11
449,ATII-096-01,Atlantis II,Atlantis II,9/20/1977,9/20/1977,,,,7,,11
450,ATII-096-03,Atlantis II,Atlantis II,11/6/1977,11/23/1977,,,,7,,11
451,ATII-097-02,Atlantis II,Atlantis II,2/11/1978,2/19/1978,,,,7,,11
452,ATII-107-06,Atlantis II,Atlantis II,3/8/1980,4/1/1980,,,,7,,11
453,ATII-107-07,Atlantis II,Atlantis II,4/21/1980,5/8/1980,,,,7,,11
454,ATII-107-08,Atlantis II,Atlantis II,5/22/1979,6/17/1979,,,,7,,11
455,ATII-107-09,Atlantis II,Atlantis II,6/27/1980,7/18/1980,,,,7,,11
456,ATII-107-7,R/V Atlantis II,Atlantis II,4/21/1980,5/8/1980,,,,7,,10
457,ATII-108-01,Atlantis II,Atlantis II,2/26/1981,4/22/1981,,,,7,,11
458,ATII-108-04,Atlantis II,Atlantis II,4/23/1981,5/4/1981,,,,7,,11
459,ATII-108-05,Atlantis II,Atlantis II,5/22/1981,5/26/1981,,,,7,,11
460,ATII-112,Atlantis II,Atlantis II,2/6/1984,2/12/1984,,,,7,,8
461,ATII-118,R/V Atlantis II,Atlantis II,7/1/1987,7/28/1987,,,,7,,8
462,ATII-118-14,R/V Atlantis II,Atlantis II,NULL,NULL,,,,7,,11
463,ATII-118-16,R/V Atlantis II,Atlantis II,6/9/1987,6/26/1987,,,,7,,11
464,ATII-118-18,ATLANTIS II,Atlantis II,4/30/1987,7/28/1987,,,,7,,11
465,ATII-119,Atlantis II,Atlantis II,7/10/1988,11/2/1995,Guess cruise number based on date,,,7,,8
466,ATII-120-02,Atlantis II,Atlantis II,8/23/1989,8/29/1989,,,,7,,11
467,ATII-123-02,Atlantis II,Atlantis II,11/1/1989,11/20/1989,,,,7,,11
468,ATII-124,Atlantis,Atlantis II,12/6/1989,12/18/1989,,,,7,,8
469,ATII-125-08,Atlantis II,Atlantis II,6/22/1990,7/3/1990,,,,7,,11
470,ATII-125-09,Atlantis II,Atlantis II,7/10/1990,7/10/1990,,,,7,,11
471,ATII-125-24,R/V Atlantis II,Atlantis II,3/28/1991,3/28/1991,,,,7,,11
472,ATII-125-38,R/V Atlantis II,Atlantis II,2/21/1992,2/21/1992,,,,7,,11
473,ATII-127,Atlantis II,Atlantis II,9/5/1992,10/5/1992,,,,7,,8
474,ATII-127 Alvin,Atlantis II - Alvin,Atlantis II,9/8/1992,9/13/1992,,,,9,,14
475,ATII-129,Atlantis II,Atlantis II,5/26/1993,5/26/1993,,,,7,,8
476,ATII-131-08,R/V Atlantis II,Atlantis II,12/8/1993,12/8/1993,,,,7,,11
477,ATII-131-09,R/V Atlantis II,Atlantis II,1/4/1994,1/4/1994,,,,7,,11
4215,ATII-131-11,R/V Atlantis II,Atlantis II,12/31/1993 22:00,12/31/1993 22:00,,,,7,,11
4216,ATII-131-12,R/V Atlantis II,Atlantis II,4/10/1994 21:00,4/10/1994 21:00,,,,7,,11
478,ATII-131-24,R/V Atlantis II,Atlantis II,10/13/1994,10/13/1994,,,,7,,11
479,ATII-132,Alvin,Alvin,,,,,,9,,8
480,ATII-132-18,R/V Atlantis II,Atlantis II,11/11/1995,11/11/1995,,,,7,,11
481,ATL-150,Atlantis,Atlantis,12/31/1946,9/10/1947,,,,7,,7
482,ATL-152,Atlantis,Atlantis,8/11/1948,9/12/1948,,,,7,,7
483,ATL-153,Atlantis,Atlantis,10/17/1948,12/5/1948,,,,7,,7
484,ATL-156,Atlantis,Atlantis,12/31/1948,12/31/1948,,,,7,,7
485,ATL-157,Atlantis,Atlantis,7/31/1949,9/10/1949,,,,7,,7
486,ATL-158,Atlantis,Atlantis,9/21/1949,9/29/1949,,,,7,,7
487,ATL-159,Atlantis,Atlantis,12/19/1949,12/19/1949,,,,7,,7
488,ATL-160,Atlantis,Atlantis,1/19/1950,4/2/1950,,,,7,,7
489,ATL-161,Atlantis,Atlantis,12/31/1949,12/31/1949,,,,7,,7
490,ATL-162,Atlantis,Atlantis,5/11/1950,5/17/1950,,,,7,,7
491,ATL-164,Atlantis,Atlantis,7/8/1950,9/20/1950,,,,7,,7
492,ATL-167,Atlantis,Atlantis,1/5/1951,1/21/1951,,,,7,,7
493,ATL-172,Atlantis,Atlantis,12/31/1950,6/4/1951,,,,7,,7
494,ATL-173,Atlantis,Atlantis,12/31/1950,12/31/1950,,,,7,,7
495,ATL-179,Atlantis,Atlantis,4/20/1952,5/26/1952,,,,7,,7
496,ATL-180,Atlantis,Atlantis,7/23/1952,10/2/1952,,,,7,,7
497,ATL-181,Atlantis,Atlantis,10/17/1952,12/3/1952,,,,7,,7
498,ATL-185,Atlantis,Atlantis,4/28/1953,6/8/1953,,,,7,,7
499,ATL240,Atlantis,Atlantis,11/1/1957,11/8/1957,,,,7,,6
500,ATL246,Atlantis,Atlantis,11/1/1958,11/20/1958,,,,7,,6
501,ATL251,Atlantis,Atlantis,11/8/1959,11/29/1959,,,,7,,6
502,ATL254,Atlantis,Atlantis,2/14/1960,2/22/1960,,,,7,,6
503,ATL260,Atlantis,Atlantis,10/11/1960,10/19/1960,,,,7,,6
504,ATL266,Atlantis,Atlantis,6/24/1961,7/22/1961,,,,7,,6
505,ATL280,Atlantis,Atlantis,6/15/1962,6/20/1962,,,,7,,6
506,ATL281,Atlantis,Atlantis,6/27/1962,6/29/1962,,,,7,,6
507,ATL282,Atlantis,Atlantis,7/10/1962,8/6/1962,,,,7,,6
508,ATL296,Atlantis,Atlantis,8/4/1963,8/10/1963,,,,7,,6
509,ATL297,Atlantis,Atlantis,8/17/1963,8/23/1963,,,,7,,6
510,ATLN,,,4/15/2010,4/18/2010,,,,-9999,,4
511,AUGIE3,,,12/30/2006,12/30/2006,,,,-9999,,6
512,AV,,,10/22/2004,10/22/2004,,,,-9999,,2
513,AXA15/04/13,,,4/14/2013,4/14/2013,,,,-9999,,11
514,AYR,,,4/30/2011,4/30/2011,,,,-9999,,3
515,AZ Potash,,,NULL,NULL,,,,-9999,,9
516,AZ1,,,12/30/1997,12/30/1997,,,,-9999,,3
517,AZ2,,,12/30/2005,12/30/2005,,,,-9999,,3
518,AZ3,,,12/30/2006,12/30/2006,,,,-9999,,3
519,AZGS 2021-2022 STATEMAP,,,2/1/2021,6/30/2022,,,,3,,23
520,AZTA,,,1/17/2014,1/17/2014,,,,-9999,,4
521,B. Creek,,,NULL,NULL,,,,-9999,,8
522,B12-96,R/V Bjarni Saemundsson,R/V Bjarni Saemundsson,NULL,NULL,,,,7,,6
523,B-12-96,Bjarni Saemundsson,R/V Bjarni Saemundsson,NULL,NULL,,,Research Cruise,7,,7
524,BA,,,9/4/1991,9/4/1991,,,,-9999,,2
525,BA81,Bannock,Bannock,9/13/1981,9/24/1981,,,,-9999,,4
526,BA82,Bannock,Bannock,9/17/1982,9/29/1982,,,,-9999,,4
527,BA84,Bannock,Bannock,9/6/1984,9/19/1984,,,,-9999,,4
528,BAD,,,7/17/2012,2/11/2014,,,,-9999,,3
529,BAF,,,12/30/2005,12/30/2005,,,,-9999,,3
530,BAF2,,,7/25/2010,8/1/2010,,,,-9999,,4
531,BAF3,,,8/15/2014,8/15/2014,,,,-9999,,4
532,BAF4,,,8/20/2015,8/20/2015,,,,-9999,,4
533,BAF5,,,4/27/2016,4/27/2016,,,,-9999,,4
534,Bagdad-Hillside,,,NULL,NULL,,,,5,,15
535,BAH,,,5/30/2012,6/3/2013,,,,-9999,,3
536,Bahamas Field 2017,,N.A.,3/16/2016,7/1/2017,,,Field campaign,3,,18
537,Bahamas Field 2019,,N.A.,7/10/1905,6/19/2019,,,Field campaign,3,,18
538,Baie Verte field campaign,,N.A.,7/15/2015,7/26/2015,,,Field campaign,3,,25
539,Bailey Is. Main Coast surface,,,5/31/1981,5/31/1981,,,,-9999,,29
540,BAN86,Bannock,Bannock,12/31/1985,12/31/1985,,,,-9999,,5
541,BanglaPIRE,,,2/1/2012,2/15/2012,,,,-9999,,10
542,BAR,,,6/16/2010,6/16/2010,,,,-9999,,3
543,BARR,,,4/20/2009,4/20/2009,,,,-9999,,4
544,BAS-2007/08-Z7,,,12/2/2007,2/4/2008,,,,-9999,,14
545,Basalt,,,NULL,NULL,,,,-9999,,6
546,Basaltic Andesite,,,NULL,NULL,,,,-9999,,17
547,BATHYLUCK09,Pourquoi Pas ?,Pourquoi Pas,9/3/2009,9/23/2009,platform name uncertain,,,7,,11
4226,Batida-Kökenydomb 2020; East Hungary Tell Project,,,,,,,,-9999,,49
548,Bay of Islands Ophiolite research,,,6/15/2022,6/20/2023,,,,8,,33
549,BB,,,2/22/2011,3/24/2011,,,,-9999,,2
550,BBCP,,,7/13/2011,8/2/2011,,,,-9999,,4
551,BC,,,8/7/2015,7/12/2017,,,,-9999,,2
552,BDL,,,8/6/2012,8/6/2012,,,,-9999,,3
553,BEAM,,,8/2/2015,8/3/2015,,,,-9999,,4
554,Bedrock Critical Zone Network,,,6/23/2021,7/28/2021,,,,17,,29
555,BEE,,,NULL,NULL,,,,-9999,,3
556,Belovode 2013,,,11/6/2013,11/8/2013,,,,-9999,,13
557,Bendix,,,NULL,NULL,,,,-9999,,6
558,BER,,,12/30/2008,12/30/2008,,,,-9999,,3
559,BFN,,,4/30/1990,4/4/1992,,,,-9999,,3
560,BFW,,,12/30/2006,12/30/2006,,,,-9999,,3
561,BH00,RV Blue Heron,RV Blue Heron,12/30/2000,12/30/2000,,,,7,,4
562,BH01,RV Blue Heron,RV Blue Heron,12/30/2001,12/30/2001,,,,7,,4
563,BH02,RV Blue Heron,RV Blue Heron,12/30/2002,12/30/2002,,,,7,,4
564,BH03,RV Blue Heron,RV Blue Heron,8/31/2003,8/31/2003,,,,7,,4
565,BH05,RV Blue Heron,RV Blue Heron,6/9/2005,6/10/2005,,,,7,,4
566,BH07,RV Blue Heron,RV Blue Heron,7/9/2007,7/9/2007,,,,7,,4
567,BH08,RV Blue Heron,RV Blue Heron,6/27/2008,6/28/2008,,,,7,,4
568,BH08I,RV Blue Heron,RV Blue Heron,7/17/2008,7/17/2008,,,,7,,5
569,BH09,RV Blue Heron,RV Blue Heron,6/2/2009,10/5/2009,,,,7,,4
570,BH092,RV Blue Heron,RV Blue Heron,7/17/2009,7/18/2009,,,,7,,5
571,BH093,RV Blue Heron,RV Blue Heron,9/2/2009,9/5/2009,,,,7,,5
572,BH09K,RV Blue Heron,RV Blue Heron,7/18/2009,7/18/2009,,,,7,,5
573,BH10,RV Blue Heron,RV Blue Heron,6/6/2010,9/21/2010,,,,7,,4
574,BH10A,RV Blue Heron,RV Blue Heron,5/28/2010,5/31/2010,,,,7,,5
575,BH11,RV Blue Heron,RV Blue Heron,4/21/2011,4/21/2011,,,,7,,4
576,BH11E,RV Blue Heron,RV Blue Heron,7/18/2011,7/20/2011,,,,7,,5
577,BH11IR,RV Blue Heron,RV Blue Heron,8/24/2011,8/24/2011,,,,7,,6
578,BH12A,RV Blue Heron,RV Blue Heron,7/23/2012,7/25/2012,,,,7,,5
579,BH13,RV Blue Heron,RV Blue Heron,10/9/2013,10/9/2013,,,,7,,4
580,BH13A,RV Blue Heron,RV Blue Heron,9/12/2013,9/13/2013,,,,7,,5
581,BH98,RV Blue Heron,RV Blue Heron,12/30/1998,12/30/1998,,,,7,,4
582,BH99,RV Blue Heron,RV Blue Heron,12/30/1999,12/30/1999,,,,7,,4
583,BHI,RV Blue Heron,RV Blue Heron,7/9/2009,7/9/2009,,,,7,,3
584,BHM,,,12/28/2016,12/30/2016,,,,-9999,,3
585,BHRS,,,9/17/2013,9/18/2013,,,,-9999,,4
586,BI91,Block Island,Block Island,3/21/1991,3/21/1991,Block Island or Cape Hatteras listed as platform,,,-9999,,4
588,BI94,Cape Henlopen,Cape Henlopen,8/3/1994,8/6/1994,,,,-9999,,4
589,Big Bend Project,,,1/1/2020,1/31/2020,"Central North Slope, Colville Foreland Basin: Air-Fall Tephra and Detrital Zircon U/Pb Geochronology (January 2020)   Alaska Division of Geological & Geophysical Surveys",,,8,,16
590,BILL-I-1,R/V Billie,R/V Billie,12/31/1955,12/31/1955,,,,7,,8
591,BILL-I-2,R/V Billie,R/V Billie,9/22/1959,10/13/1959,,,,7,,8
592,BILL-I-3,R/V Billie,R/V Billie,3/1/1961,3/1/1961,,,,7,,8
593,BILL-I-3A,R/V Billie,R/V Billie,5/10/1961,5/10/1961,,,,7,,9
594,BILL-I-4,R/V Billie,R/V Billie,7/10/1963,7/11/1963,,,,7,,8
595,Bimodal volcanism 2001,,,9/3/2001,9/5/2001,,,,-9999,,22
596,BINGO,RV KRKII,RV KRKII,11/4/2010,11/7/2010,,,,7,,5
597,Biogeochemistry of Actinides SFA,,,6/24/2019,12/31/2021,,,,-9999,,32
598,BIOMAG,,,8/17/2009,8/17/2009,,,,-9999,,6
599,Biomarqueurs focaux (Haute-Tarentaise),,,10/9/2012,1/23/2013,,,,-9999,,38
600,BIOSED13/05/13,,,5/12/2013,5/12/2013,,,,-9999,,14
601,Bird's Head 2014,,,9/21/2013,9/16/2014,,,,-9999,,16
602,Bird's Head 2015,,,6/26/2015,8/21/2015,,,,-9999,,16
603,BLACK,,,6/27/2013,6/27/2013,,,,-9999,,5
604,BLB14,,,3/22/2014,1/24/2015,,,,-9999,,5
605,Bleibeskopf 2017-2018; LOEWE-Project: Prehistoric conflict research,,,1/1/2017,12/31/2018,Bronze age Hillforts between Taunus and Carpathian Mountains,,,15,,67
606,BLM59,Cape Henlopen,Cape Henlopen,4/21/1981,9/6/1982,,,,-9999,,5
607,BLW,,,9/19/2016,9/20/2016,,,,-9999,,3
608,BMRG02MV,Melville,R/V Melville,NULL,NULL,,,,7,,8
609,BMRG06,Melville,R/V Melville,2/25/1996,4/4/1996,,,,7,,6
610,BMRG06MV,Melville,R/V Melville,2/25/1996,4/5/1996,,,,7,,8
611,BMRG09MV,Melville,R/V Melville,NULL,NULL,,,,7,,8
612,BMW,RV KRKII,RV KRKII,9/10/2004,9/13/2004,,,,7,,3
613,BNTH01MV,Melville,R/V Melville,NULL,NULL,,,,7,,8
614,BNTH06MV,Melville,R/V Melville,NULL,NULL,,,,7,,8
615,BNTH07MV,Melville,R/V Melville,NULL,NULL,,,,7,,8
616,BOB,,,12/30/2003,12/30/2003,,,,-9999,,3
617,BOB lake,,,4/1/2015,4/1/2015,,,,-9999,,8
618,BOEM-2015,MV Thunderforce,MV Thunderforce,6/14/2015,9/14/2016,,,,-9999,,9
619,BOEM-2016,MV Thunderforce,MV Thunderforce,8/8/2016,9/1/2016,,,,-9999,,9
620,BOEM-2017,m/v Samantha Miller,M/V Samantha Miller,7/7/2017,8/2/2017,,,,7,,9
621,BOIC2,,,6/16/2023,6/20/2023,,,,-9999,,5
622,BOLLY,RV KRKII,RV KRKII,11/14/2010,11/15/2010,,,,7,,5
623,BONA01BD,Baird,Baird,NULL,NULL,,,,-9999,,8
624,BONANZA,Thomas Washington,R/V Thomas Washington,NULL,NULL,,,,7,,7
625,BONZ02WT,T. Washington,R/V Thomas Washington,NULL,NULL,,,,7,,8
626,Boston area quadrangle mapping,,,NULL,NULL,,,,-9999,,30
627,Boulder Critical Zone Observatory (CZO),,N.A.,6/13/2016,6/13/2016,,,,17,,39
628,Boyne to Brodgar-Project 2022,,,5/1/2022,5/6/2022,"Boyne to Brodgar-Project 2022; rgk2022-15,  rgk2022-19",,,15,,29
629,BPP,,,10/25/2011,11/1/2011,,,,-9999,,3
630,BR1,,,12/30/1999,12/30/1999,,,,-9999,,3
631,BR2,,,12/30/2003,12/30/2003,,,,-9999,,3
632,BR3,,,12/30/2005,12/30/2005,,,,-9999,,3
633,BROOKS,,,4/25/2013,5/22/2017,,,,-9999,,6
634,Brown/Lamont/Earthscope,,,12/31/2006,5/15/2010,,,,-9999,,23
635,BRR,,,2/3/2009,2/24/2009,,,,-9999,,3
636,BRW,,,11/29/2003,11/29/2003,,,,-9999,,3
637,BS2,,,12/30/2007,12/30/2007,,,,-9999,,3
638,BTL,,,5/18/2016,7/5/2016,,,,-9999,,3
639,BTL 1963,Bell Telephone Labs,Bell Telephone Labs,8/13/1963,8/13/1963,,,,-9999,,8
640,BTL Earl of Desmond,Bell Telephone Labs (Taken on the Earl of Desmond),Bell Telephone Labs,8/11/1963,8/22/1963,,,,-9999,,19
641,BUGB,,,6/29/2015,6/29/2015,,,,-9999,,4
642,Buitrera paleontological expedition 2024,,N.A.,1/11/2024,1/11/2024,,,Field campaign,3,,40
643,Burgundy university collection,,N.A.,6/5/1984,6/5/1984,,,,-9999,,30
644,Burnswark 2015; ArchaeoLandscapes Europe-Project,,N.A.,7/1/2015,7/27/2015,,,,15,,48
645,BW2,,,12/30/2007,12/30/2007,,,,-9999,,3
646,BWCA,,,8/15/2011,8/23/2011,,,,-9999,,4
647,BYTH,,,3/15/2009,3/17/2009,,,,-9999,,4
648,BYTHO,,,3/1/2018,3/2/2018,,,,-9999,,5
649,C08,Caryn,Caryn,5/17/1949,5/19/1949,,,,-9999,,3
650,C10,Caryn,Caryn,5/1/2005,5/2/2009,,,,-9999,,3
651,C1001,NRV Alliance,NRV Alliance,8/4/2007,8/7/2007,,,,-9999,,5
652,C22,Caryn,Caryn,4/30/1951,5/31/1951,,,,-9999,,3
653,C24,Caryn,Caryn,6/30/1951,6/30/1951,,,,-9999,,3
654,C25,Caryn,Caryn,8/9/1951,9/14/1951,,,,-9999,,3
655,CAB,,,3/9/2012,3/28/2013,,,,-9999,,3
656,CADISAR 1,,,8/7/2001,8/7/2001,,,,-9999,,9
657,CADISAR 2,,,8/26/2004,8/26/2004,,,,-9999,,9
658,CADO,,,2/3/2003,3/19/2003,,,,-9999,,4
659,CAHO,,,5/16/2011,6/19/2013,,,,-9999,,4
660,CAL,,,7/8/2010,10/18/2010,,,,-9999,,3
4220,Calabria2020,,,,,,,,-9999,,12
661,Caledonia 2020,,,NULL,NULL,,,,-9999,,14
662,Caledonia dating,,,NULL,NULL,,,,-9999,,16
663,Caledonia project,,,5/31/2022,5/31/2022,,,,8,,17
664,Calhoun Critical Zone Observatory (CZO),,N.A.,8/14/2014,11/20/2016,,,,17,,39
665,California Seamounts 1998,R/V Western Flyer,R/V Western Flyer,5/21/1998,5/23/1998,,,,7,,25
666,California Seamounts 2000,R/V Western Flyer,R/V Western Flyer,3/21/2000,5/15/2000,,,,7,,25
667,California Seamounts 2003,R/V Western Flyer,R/V Western Flyer,10/12/2003,10/16/2003,,,,7,,25
668,California Seamounts 2004,R/V Western Flyer,R/V Western Flyer,4/28/2004,5/7/2004,,,,7,,25
669,California Seamounts 2005,R/V Western Flyer,R/V Western Flyer,4/28/2004,4/28/2004,,,,7,,25
670,California Seamounts 2006,R/V Western Flyer,R/V Western Flyer,5/1/2004,8/5/2006,,,,7,,25
671,California Seamounts 2007,R/V Western Flyer,R/V Western Flyer,5/1/2004,6/20/2007,,,,7,,25
672,California Seamounts 2009,R/V Western Flyer,R/V Western Flyer,9/2/2009,9/8/2009,,,,7,,25
673,California Seamounts 2010,R/V Western Flyer,R/V Western Flyer,8/6/2010,8/12/2010,fix fill down series error in cruise_field_prgrm,,,7,,25
674,Calkins and Thayer Traverse of the Sutro Tunnel,,,1/1/1935,1/1/1935,,,,-9999,,47
675,Campaign In Italy - 22-09-2013,,,6/21/2013,6/21/2013,,,,-9999,,30
676,Campaign In Italy - 22-09-2014,,,6/21/2013,6/21/2013,,,,-9999,,30
677,Campaign In Italy - 22-09-2015,,,6/21/2013,6/21/2013,,,,-9999,,30
678,CAN13,,,7/23/2013,7/25/2013,,,,-9999,,5
679,CAN17,,,6/2/2017,6/9/2017,,,,-9999,,5
680,CAN18,,,5/7/2018,6/11/2018,,,,-9999,,5
681,CAN19,,,6/3/2019,6/10/2019,,,,-9999,,5
682,CANAL,,,7/24/2014,7/24/2014,,,,-9999,,5
683,CAPA,,,12/30/1991,12/30/1991,,,,-9999,,4
684,Cape Newagen Maine coast surface,,,5/31/1981,5/31/1981,,,,-9999,,32
685,Cape Roberts Project,,,10/16/1997,10/16/1997,,,,8,,20
686,CAR,,,12/30/2008,12/30/2008,,,,-9999,,3
687,CARAMBAR,,,10/29/2010,10/29/2010,,,,-9999,,8
688,CARAMBAR 1.5,,,11/6/2014,11/6/2014,,,,-9999,,12
689,CARAMBAR2,,,11/29/2016,11/29/2016,,,,-9999,,9
690,CARL,,,1/24/2011,1/16/2017,,,,-9999,,4
691,CARLACIAO 04/07/11,,,7/3/2011,7/3/2011,,,,-9999,,18
692,"carottage des lacs de Maddalena, Oronaye et Lauzanier",,,9/27/2015,9/27/2015,,,,-9999,,53
693,Carottage du lac d'Arvoin,,,6/16/2015,6/16/2015,,,,-9999,,25
694,Carottage fond de lac Sud-est,,,10/26/2014,10/26/2014,,,,-9999,,29
695,Carottage Lac Benit,,,9/24/2014,9/24/2014,,,,-9999,,19
696,Carottage Lac de Gers,,,3/9/2015,3/9/2015,,,,-9999,,21
697,Carottage Lac KRN - Slovenie 2015,,,7/21/2015,7/21/2015,,,,-9999,,33
698,Carottage Spatial Crue Mai 2015,,,5/19/2015,5/19/2015,,,,-9999,,31
699,CARR02BD,Baird,Baird,NULL,NULL,,,,-9999,,8
700,Carter Oil Company,,unknown,NULL,NULL,,,Oil and Gas exploration,6,,18
701,CASE 19,,,NULL,NULL,,,,-9999,,7
702,CASE13,,,9/5/2011,9/18/2011,,,,-9999,,6
4237,CASERM Research,,,,,,,,-9999,,15
703,Castle Copper,,,NULL,NULL,,,,-9999,,13
704,Catalina-Jemez Critical Zone Observatory (CZO),,N.A.,6/2/1931,9/24/2019,,,,17,,46
705,"CCMI and DoE (Ouellette project, 2016)",,,7/17/2016,7/17/2016,,,,8,,38
706,CCSG,,,NULL,NULL,,,,-9999,,4
707,CCSM,,,10/12/2013,10/12/2013,,,,-9999,,4
708,CCTW01MV,Melville,R/V Melville,NULL,NULL,,,,7,,8
709,CCTW03MV,Melville,R/V Melville,NULL,NULL,,,,7,,8
710,CCTW04MV,R/V Melville,R/V Melville,11/25/1974,12/4/1974,,,,7,,8
711,CD01,Can-Do,Can-Do,6/6/2001,6/6/2001,,,,-9999,,4
712,CD02,Can-Do,Can-Do,5/28/2002,6/2/2002,,,,-9999,,4
713,CDV,,,5/9/2010,5/9/2010,,,,-9999,,3
714,CEGA: Liquine-Ofqui Fault System,,,NULL,NULL,,,,8,,32
715,CELOT,,,7/3/2008,7/15/2008,,,,-9999,,5
716,CEME,,,7/21/2013,7/15/2014,,,,-9999,,4
717,Cenderawasih Bay 2013,,,5/12/2013,5/14/2013,,,,-9999,,21
718,Cenozoic Investigations of the western Ross Sea 1 (CIROS-1),,,6/21/1987,7/31/1999,,,,-9999,,59
719,Cenozoic Investigations of the western Ross Sea 2 (CIROS-2),,,10/7/1987,10/6/1996,,,,-9999,,59
720,CENT01WT,T. Washington,R/V Thomas Washington,NULL,NULL,,,,7,,8
721,Central_America:Carr_2002,NotApplicable,N.A.,NULL,NULL,,,,-9999,,25
722,Central_America:Fischer,NotApplicable,N.A.,NULL,NULL,,,,-9999,,23
723,Central_America:Marshall,Not Applicable,N.A.,3/2/2010,5/31/2010,,,,-9999,,24
724,Central_America:NicLakes,"Mozorola, Morrito #2","Mozorola, Morrito #2",5/24/2006,6/1/2006,,,,-9999,,24
725,Central_America:Walker,NotApplicable,N.A.,8/26/2004,8/28/2004,,,,-9999,,22
726,CERE03WT,T. Washington,R/V Thomas Washington,NULL,NULL,,,,7,,8
727,CERE04WT,T. Washington,R/V Thomas Washington,NULL,NULL,,,,7,,8
728,CES,,,7/9/2006,7/11/2006,,,,-9999,,3
729,CFPPB01 analysis,,,12/12/2023,12/12/2023,,,,-9999,,16
730,CH077,R/V Jean Charcot,R/V Jean Charcot,10/28/1977,10/28/1977,,,,7,,5
731,CH078,R/V Jean Charcot,R/V Jean Charcot,10/26/1977,10/26/1977,,,,7,,5
732,CH0798,Cape Hatteras,Cape Hatteras,5/26/1998,5/26/1998,,,,-9999,,6
733,CH098,R/V Jean Charcot,R/V Jean Charcot,10/24/1979,10/26/1979,,,,7,,5
734,CH2M,,,3/19/2009,12/30/2009,,,,-9999,,4
735,CH77,Jean Charcot,Jean Charcot,NULL,NULL,,,,-9999,,4
736,CH78-2,Jean Charcot,Jean Charcot,NULL,NULL,,,,-9999,,6
737,CH98 (MAPCO),Jean Charcot,Jean Charcot,NULL,NULL,,,,-9999,,12
738,Chain cruise 07-01,Chain,R/V Chain,5/9/1959,5/9/1959,,,,7,,18
739,Chain cruise 07-03,Chain,R/V Chain,5/23/1959,5/31/1959,,,,7,,18
740,Chain cruise 07-04,Chain,R/V Chain,6/4/1959,6/16/1959,,,,7,,18
741,Chain cruise 07-07,Chain,R/V Chain,7/10/1959,7/10/1959,,,,7,,18
742,Chain cruise 07-08,Chain,R/V Chain,7/31/1959,7/31/1959,,,,7,,18
743,Chain cruise 07-09,Chain,R/V Chain,7/24/1959,8/4/1959,,,,7,,18
744,Chain cruise 09-06,Chain,R/V Chain,10/17/1959,10/17/1959,,,,7,,18
745,Chain cruise 09-07,Chain,R/V Chain,10/20/1959,10/20/1959,,,,7,,18
746,Chain cruise 100-03,Chain,R/V Chain,3/1/1971,3/22/1971,,,,7,,19
747,Chain cruise 100-04,Chain,R/V Chain,3/31/1971,4/19/1971,,,,7,,19
748,Chain cruise 100-05,Chain,R/V Chain,4/26/1971,5/8/1971,,,,7,,19
749,Chain cruise 100-06,Chain,R/V Chain,5/30/1971,5/30/1971,,,,7,,19
750,Chain cruise 100-07,Chain,R/V Chain,7/10/1971,7/11/1971,,,,7,,19
751,Chain cruise 100-08,Chain,R/V Chain,7/22/1971,7/30/1971,,,,7,,19
752,Chain cruise 100-09,Chain,R/V Chain,8/4/1971,8/23/1971,,,,7,,19
753,Chain cruise 100-10,Chain,R/V Chain,9/9/1971,9/17/1971,,,,7,,19
754,Chain cruise 100-11,Chain,R/V Chain,10/19/1971,10/24/1971,,,,7,,19
755,Chain cruise 105,r/v Chain,R/V Chain,6/24/1972,8/7/1972,,,,7,,16
756,Chain cruise 105-02,Chain,R/V Chain,7/25/1972,7/28/1972,,,,7,,19
757,Chain cruise 11-01,Chain,R/V Chain,2/12/1960,3/19/1960,,,,7,,18
758,Chain cruise 11-03,Chain,R/V Chain,2/21/1960,2/21/1960,,,,7,,18
759,Chain cruise 11-04,Chain,R/V Chain,3/6/1960,3/6/1960,,,,7,,18
760,Chain cruise 115-01,Chain,R/V Chain,11/20/1973,12/7/1973,,,,7,,19
761,Chain cruise 115-02,Chain,R/V Chain,12/28/1973,1/4/1974,,,,7,,19
762,Chain cruise 115-04,Chain,R/V Chain,2/16/1974,3/8/1974,,,,7,,19
763,Chain cruise 115-05,Chain,R/V Chain,3/24/1974,4/15/1974,,,,7,,19
764,Chain cruise 115-06,Chain,R/V Chain,4/23/1974,5/10/1974,,,,7,,19
765,Chain cruise 115-07,Chain,R/V Chain,5/23/1974,5/27/1974,,,,7,,19
766,Chain cruise 115-08,Chain,R/V Chain,6/2/1974,6/16/1974,,,,7,,19
767,Chain cruise 119-02,Chain,R/V Chain,3/21/1975,4/10/1975,,,,7,,19
768,Chain cruise 121,Chain,R/V Chain,5/9/1975,5/15/1975,,,,7,,16
769,Chain cruise 13-01,Chain,R/V Chain,7/9/1960,8/30/1960,,,,7,,18
770,Chain cruise 13-02,Chain,R/V Chain,7/20/1960,7/24/1960,,,,7,,18
771,Chain cruise 13-07,Chain,R/V Chain,9/24/1960,9/24/1960,,,,7,,18
772,Chain cruise 17-01,Chain,R/V Chain,4/27/1961,5/3/1961,,,,7,,18
773,Chain cruise 19-01,Chain,R/V Chain,6/17/1961,7/1/1961,,,,7,,18
774,Chain cruise 21,Chain,R/V Chain,8/1/1961,8/1/1961,change date from 1965 to 1961 to fit R/V Chain chronology,,,7,,15
775,Chain cruise 21-01,Chain,R/V Chain,8/17/1961,12/8/1961,,,,7,,18
776,Chain cruise 34-01,Chain,R/V Chain,12/2/1962,12/3/1962,,,,7,,18
777,Chain cruise 35,CHAIN,R/V Chain,4/25/1963,4/25/1963,,,,7,,15
778,Chain cruise 35-01,Chain,R/V Chain,4/13/1963,4/15/1963,,,,7,,18
779,Chain cruise 35-02,Chain,R/V Chain,3/4/1963,3/18/1963,,,,7,,18
780,Chain cruise 35-03,Chain,R/V Chain,3/31/1963,3/31/1963,,,,7,,18
781,Chain cruise 36-01,Chain,R/V Chain,6/19/1963,7/7/1963,,,,7,,18
782,Chain cruise 39-02,Chain,R/V Chain,9/5/1963,9/18/1963,,,,7,,18
783,Chain cruise 41-01,Chain,R/V Chain,12/4/1963,12/11/1963,,,,7,,18
784,Chain cruise 43,Chain,R/V Chain,6/23/1964,6/25/1964,,,,7,,15
785,Chain cruise 43-01,Chain,R/V Chain,3/24/1964,8/11/1964,,,,7,,18
786,Chain cruise 44,,R/V Chain,10/6/1964,10/6/1964,,,,7,,15
787,Chain cruise 44-01,Chain,R/V Chain,10/13/1964,11/2/1964,,,,7,,18
788,Chain cruise 46-01,Chain,R/V Chain,2/21/1965,4/6/1965,,,,7,,18
789,Chain cruise 47-01,Chain,R/V Chain,4/22/1965,5/4/1965,,,,7,,18
790,Chain cruise 52-01,Chain,R/V Chain,9/26/1965,10/2/1965,,,,7,,18
791,Chain cruise 53-01,Chain,R/V Chain,10/19/1965,10/20/1965,,,,7,,18
792,Chain cruise 57-01,Chain,R/V Chain,3/13/1966,4/10/1966,,,,7,,18
793,Chain cruise 58-01,Chain,R/V Chain,4/30/1966,4/30/1966,,,,7,,18
794,Chain cruise 61,Chain,R/V Chain,12/31/1965,7/1/1970,,,,7,,15
795,Chain cruise 61-02,Chain,R/V Chain,8/7/1966,8/16/1966,,,,7,,18
796,Chain cruise 61-03,Chain,R/V Chain,8/26/1966,9/11/1966,,,,7,,18
797,Chain cruise 61-04,Chain,R/V Chain,9/16/1966,10/3/1966,,,,7,,18
798,Chain cruise 61-05,Chain,R/V Chain,10/16/1966,10/16/1966,,,,7,,18
799,Chain cruise 61-06,Chain,R/V Chain,10/17/1966,10/25/1966,,,,7,,18
800,Chain cruise 61-07,Chain,R/V Chain,10/29/1966,11/9/1966,,,,7,,18
801,Chain cruise 61-10,Chain,R/V Chain,12/5/1966,12/10/1966,,,,7,,18
802,Chain cruise 75-01,Chain,R/V Chain,10/22/1967,10/29/1967,,,,7,,18
803,Chain cruise 75-02,Chain,R/V Chain,11/4/1967,11/29/1967,,,,7,,18
804,Chain cruise 75-03,Chain,R/V Chain,12/10/1967,12/11/1967,,,,7,,18
805,Chain cruise 82-06,Chain,R/V Chain,7/27/1968,8/10/1968,,,,7,,18
806,Chain cruise 82-07,Chain,R/V Chain,8/15/1968,8/30/1968,,,,7,,18
807,Chain cruise 82-08,Chain,R/V Chain,8/30/1968,9/7/1968,,,,7,,18
808,Chain cruise 96-04,Chain,R/V Chain,11/5/1969,12/2/1969,,,,7,,18
809,Chain cruise 96-05,Chain,R/V Chain,12/8/1969,12/9/1969,,,,7,,18
810,Chain cruise 99-02,Chain,R/V Chain,4/22/1970,5/1/1970,,,,7,,18
811,Chain cruise 99-03,Chain,R/V Chain,5/13/1970,6/5/1970,,,,7,,18
812,Chain cruise 99-04,Chain,R/V Chain,6/12/1970,6/18/1970,,,,7,,18
813,Chain cruise 99-08,Chain,R/V Chain,11/24/1970,12/12/1970,,,,7,,18
814,CHALCO,,,3/27/2008,7/11/2011,,,,-9999,,6
815,CHAMAK,,,9/21/2004,9/21/2004,,,,-9999,,6
816,Changbaishan 2014 Workshop,,,NULL,NULL,Changbaishan 2014 Workshop,,,-9999,,26
817,Changbaishan International Workshop 2015,,,NULL,NULL,,,,-9999,,40
818,CHD,,,4/29/2014,4/29/2014,,,,-9999,,3
819,CHEAP,,,7/16/2013,7/16/2013,,,,-9999,,5
-9999,check,,,,,,,,-9999,,5
820,CHEP01NH,New Horizon,New Horizon,4/6/1985,4/9/1985,,,,-9999,,8
821,CHEPR,R/V New Horizon,R/V New Horizon,NULL,NULL,,,,7,,5
822,CHI,,,12/30/2006,12/30/2006,,,,-9999,,3
823,CHILE,,,12/30/1998,12/30/1998,,,,-9999,,5
824,CHIME,,,8/15/2009,6/30/2012,,,,-9999,,5
825,CHINOOK,Spencer F. Baird,Spencer F. Baird,7/9/1956,8/7/1956,,,,-9999,,7
826,CHIP,,,6/5/2006,6/5/2006,,,,-9999,,4
827,CHIP2,,,12/30/2007,12/30/2007,,,,-9999,,5
828,Christina Critical Zone Observatory (CZO),,N.A.,7/18/2016,7/18/2016,,,,17,,41
829,Christmas Project 1419,,,NULL,NULL,,,,8,,22
830,CHUB,,,10/25/2012,10/25/2012,,,,-9999,,4
831,CHUN,RV KRKII,RV KRKII,12/30/2003,12/30/2003,,,,7,,4
832,CI79,Columbus Iselin,Columbus Iselin,9/20/1979,9/21/1979,,,,-9999,,4
833,CIMAR (Cruceros de Investigacion Marina) Fiordos 7 expedition,,,11/21/2001,11/21/2001,,,,-9999,,61
834,CINET,,,5/8/2021,11/8/2021,,,,-9999,,5
835,CIP,,,7/14/2008,7/8/2009,,,,-9999,,3
836,CIRC01AR,Argo,Argo,NULL,NULL,,,,-9999,,8
837,CIRC02AR,Argo,Argo,NULL,NULL,,,,-9999,,8
838,CIRC03AR,Argo,Argo,NULL,NULL,,,,-9999,,8
839,CIRC04AR,Argo,Argo,NULL,NULL,,,,-9999,,8
840,CIRC05AR,Argo,Argo,NULL,NULL,,,,-9999,,8
841,CIRC06AR,Argo,Argo,NULL,NULL,,,,-9999,,8
842,CIRC07AR,Argo,Argo,NULL,NULL,,,,-9999,,8
843,CIRC08AR,Argo,Argo,NULL,NULL,,,,-9999,,8
844,CIRC09AR,Argo,Argo,NULL,NULL,,,,-9999,,8
845,CIRC10AR,Argo,Argo,NULL,NULL,,,,-9999,,8
846,CIRC11AR,Argo,Argo,NULL,NULL,,,,-9999,,8
847,Circe,Argo,Argo,8/13/1968,9/21/1968,,,,-9999,,5
848,CIROS,,,10/9/1984,10/14/1986,,,,-9999,,5
849,CISALB07/06/12,,,6/6/2012,6/6/2012,,,,-9999,,14
850,Citronelle EOR,,,12/31/2006,8/1/2007,,,,-9999,,14
851,Citronelle Oil Field,,unknown,12/31/1954,12/31/2005,,,Oil and Gas exploration,6,,20
852,CLAC,,,3/6/2008,3/7/2008,,,,-9999,,4
853,CLDFT,,,1/22/2011,1/22/2011,,,,-9999,,5
854,CLDP,,,4/26/2012,5/1/2012,,,,-9999,,4
855,CLFLWD,,,2/24/2016,2/24/2016,,,,-9999,,6
856,CLGC,,,1/29/2010,3/30/2010,,,,-9999,,4
857,CLNS,,,1/30/2009,1/30/2009,,,,-9999,,4
858,CLO1,,,7/24/2004,7/25/2004,,,,-9999,,4
859,CLO2,,,12/30/2006,12/30/2006,,,,-9999,,4
860,CLW,,,2/6/2004,2/6/2004,,,,-9999,,3
861,CLW2,,,2/2/2007,2/2/2007,,,,-9999,,4
862,CLW3,,,9/20/2007,9/20/2007,,,,-9999,,4
863,CLW4,,,2/8/2008,2/8/2008,,,,-9999,,4
864,CLW5,,,1/29/2010,1/29/2010,,,,-9999,,4
865,CNV,,,9/17/2014,9/18/2014,,,,-9999,,3
866,CO intraplate magmatism,,,7/6/2022,8/9/2022,,,,8,,23
867,Cobequid Mapping Project (2009-2019),,,NULL,NULL,,,,8,,36
868,COCOS,Unknown,Unknown,NULL,NULL,,,,-9999,,5
869,COCOTOW,Melville,R/V Melville,9/16/1974,12/4/1974,,,,7,,7
870,COL,,,8/31/2013,8/31/2013,,,,-9999,,3
871,COLO,,,12/30/2005,12/30/2005,,,,-9999,,4
872,Colville foreland basin,,,6/19/2021,6/19/2021,,,,8,,23
873,COMO,,,9/15/2017,9/15/2017,,,,-9999,,4
874,COMPASS Task 1.3,,,2/9/2020,2/9/2021,,,,-9999,,16
875,COMRAC-08,,,NULL,NULL,,,,-9999,,9
876,COMRAC-09,,,NULL,NULL,,,,-9999,,9
877,COMRAC-10,,,NULL,NULL,,,,-9999,,9
878,COMRAC-11,,,NULL,NULL,,,,-9999,,9
879,Cook Inlet basin analysis,,,6/30/2008,6/30/2010,,,,-9999,,25
880,COOK06MV,Melville,R/V Melville,2/23/2001,2/28/2001,,,,7,,8
881,COOK07MV,Melville,R/V Melville,3/23/2001,4/11/2001,,,,7,,8
882,COOL,RV Mark Griffith,RV Mark Griffith,12/30/2006,7/3/2007,,,,7,,4
883,Copper Creek,,,NULL,NULL,,,Mineral Exploration,5,,12
884,Copper Giant,,,NULL,NULL,,,Mineral Exploration,5,,12
885,Copper Hill,,,3/31/2020,3/31/2020,,,Mineral Exploration,5,,11
886,COR, RV Minnow,R/V Minnow,5/31/2016,8/22/2016,,,,7,,3
887,CORSICA24/06/13,,,6/23/2013,6/23/2013,,,,-9999,,15
888,Cortez,,,11/4/2023,11/21/2023,,,,-9999,,6
889,CORTI,R/V Urania,R/V Urania,12/29/2017,12/29/2017,,,,7,,5
890,COSC related fieldwork,,N.A.,8/2/2010,8/6/2010,,,Field campaign,3,,22
891,Costa Rica,,,NULL,NULL,,,,-9999,,10
892,Costa Rican Volcanic Explosion Project,,,NULL,NULL,,,,8,,38
893,Courtland Gleeson,,,NULL,NULL,,,,5,,17
894,CPCP,,,11/23/2013,12/6/2013,,,,-9999,,4
895,CPIRE,,,1/29/2016,2/3/2016,,,,-9999,,5
896,CPRI01,,,7/25/1963,8/15/1963,,,,-9999,,6
897,C-PROFOR project,,,1/25/2012,7/18/2012,,,,8,,16
898,CR001,,,NULL,NULL,,,,-9999,,5
899,CR002,,,5/16/2016,5/18/2016,,,,-9999,,5
900,CRA,,,12/30/2001,12/30/2001,,,,-9999,,3
901,CRAD,RV KRKII,RV KRKII,6/3/2007,6/8/2007,,,,7,,4
902,CRAD2,,,6/18/2009,6/30/2009,,,,-9999,,5
903,CRADLE,,,3/4/2012,3/1/2013,,,,-9999,,6
904,Cretaceous Basement Rock Project,,,NULL,NULL,,,,8,,32
905,CRGN01WT,T. Washington,R/V Thomas Washington,NULL,NULL,,,,7,,8
906,CRGN02WT,T. Washington,R/V Thomas Washington,NULL,NULL,,,,7,,8
907,CRGN03WT,T. Washington,R/V Thomas Washington,NULL,NULL,,,,7,,8
908,Critical Zone Observatory,,,6/27/2011,8/10/2011,,,,17,,25
909,CRLS,,,6/6/2011,6/7/2011,,,,-9999,,4
910,CRNR,,,12/30/2004,12/30/2004,,,,-9999,,4
911,CRNR02NH,New Horizon,New Horizon,NULL,NULL,,,,-9999,,8
912,cruise or field program 01,,,12/30/1991,12/30/1991,,,,-9999,,26
913,cruise or field program 02,,,4/28/1995,12/30/1998,,,,-9999,,26
914,cruise or field program 03,,,7/17/2001,7/18/2001,,,,-9999,,26
915,cruise or field program 04,,,12/30/2001,12/30/2001,,,,-9999,,26
916,cruise or field program 05,,,1/27/1995,1/28/1995,,,,-9999,,26
917,cruise or field program 07,,,12/30/1986,12/30/1986,,,,-9999,,26
918,cruise or field program 08,,,NULL,NULL,,,,-9999,,26
919,cruise or field program 09,,,12/30/1980,12/30/1991,,,,-9999,,26
920,cruise or field program 10,,,2/28/1998,2/28/1998,,,,-9999,,26
921,cruise or field program 1001,,,2/13/2011,3/24/2014,,,,-9999,,28
922,cruise or field program 12,,,12/30/2002,12/30/2002,,,,-9999,,26
923,cruise or field program 13,,,12/30/1994,12/30/1994,,,,-9999,,26
924,cruise or field program 14,,,6/19/2006,6/19/2006,,,,-9999,,26
925,cruise or field program 15,,,12/30/1985,12/30/1985,,,,-9999,,26
926,cruise or field program 16,,,12/30/1999,12/30/2001,,,,-9999,,26
927,cruise or field program 17,,,12/30/1986,12/30/1986,,,,-9999,,26
928,cruise or field program 18,,,12/30/1999,12/30/1999,,,,-9999,,26
929,cruise or field program 1854,,,8/22/2013,8/22/2013,,,,-9999,,28
930,cruise or field program 19,,,3/2/1993,4/11/1999,,,,-9999,,26
931,cruise or field program 20,,,11/1/1986,11/1/1986,,,,-9999,,26
932,cruise or field program 2002,,,8/4/2002,8/4/2002,,,,-9999,,28
933,cruise or field program 21,,,8/14/1993,8/14/1993,,,,-9999,,26
934,cruise or field program 22,,,12/30/1994,12/30/1994,,,,-9999,,26
935,cruise or field program 2203,,,1/27/2012,1/20/2018,,,,-9999,,28
936,cruise or field program 23,,,12/30/1982,12/30/1982,,,,-9999,,26
937,cruise or field program 24,,,12/30/1989,12/30/2000,,,,-9999,,26
938,cruise or field program 25,,,NULL,NULL,,,,-9999,,26
939,cruise or field program 26,,,NULL,NULL,,,,-9999,,26
940,cruise or field program 27,,,8/21/1987,12/30/1996,,,,-9999,,26
941,cruise or field program 28,,,12/30/2001,12/30/2001,,,,-9999,,26
942,cruise or field program 29,,,12/30/1997,12/30/1998,,,,-9999,,26
943,cruise or field program 30,,,2/12/1987,2/12/1987,,,,-9999,,26
944,cruise or field program 31,,,12/30/1997,12/30/1997,,,,-9999,,26
945,cruise or field program 32,,,12/31/1991,12/31/1991,,,,-9999,,26
946,cruise or field program 33,,,12/30/1997,12/30/1997,,,,-9999,,26
947,cruise or field program 34,,,NULL,NULL,,,,-9999,,26
948,cruise or field program 35,,,12/30/2001,12/30/2001,,,,-9999,,26
949,cruise or field program 36,,,12/30/1979,12/30/1996,,,,-9999,,26
950,cruise or field program 37,,,NULL,NULL,,,,-9999,,26
951,cruise or field program 38,,,12/30/1981,12/30/1981,,,,-9999,,26
952,cruise or field program 39,,,12/30/2002,12/30/2002,,,,-9999,,26
953,cruise or field program 40,,,9/25/1995,10/2/1995,,,,-9999,,26
954,cruise or field program 42,,,12/30/1998,12/30/1998,,,,-9999,,26
955,cruise or field program 43,,,9/27/1965,4/26/2003,,,,-9999,,26
956,cruise or field program 44,,,12/30/1996,12/30/1996,,,,-9999,,26
957,cruise or field program 45,,,12/30/1998,12/30/1998,,,,-9999,,26
958,cruise or field program 46,,,2/4/2000,2/4/2000,,,,-9999,,26
959,cruise or field program 47,,,12/30/1992,12/30/1992,,,,-9999,,26
960,cruise or field program 48,,,12/30/1994,12/30/1994,,,,-9999,,26
961,cruise or field program 49,,,12/30/1998,12/30/1998,,,,-9999,,26
962,cruise or field program 50,,,NULL,NULL,,,,-9999,,26
963,cruise or field program 51,,,12/30/1997,12/30/1997,,,,-9999,,26
964,cruise or field program 52,,,12/30/1979,12/30/1982,,,,-9999,,26
965,cruise or field program 53,,,12/30/1994,7/21/1996,,,,-9999,,26
966,cruise or field program 54,,,NULL,NULL,,,,-9999,,26
967,cruise or field program 55,,,9/14/1997,9/14/1997,,,,-9999,,26
968,cruise or field program 56,,,NULL,NULL,,,,-9999,,26
969,cruise or field program 57,,,NULL,NULL,,,,-9999,,26
970,cruise or field program 58,,,12/30/1984,12/30/1984,,,,-9999,,26
971,cruise or field program 59,,,3/7/1987,3/7/1987,,,,-9999,,26
972,cruise or field program 60,,,5/12/1974,5/12/1974,,,,-9999,,26
973,cruise or field program 61,,,12/30/1965,12/30/1965,,,,-9999,,26
974,cruise or field program 62,,,12/30/1979,12/30/1980,,,,-9999,,26
975,cruise or field program 63,,,7/29/1996,7/29/1996,,,,-9999,,26
976,cruise or field program 64,,,12/30/2002,12/30/2002,,,,-9999,,26
977,cruise or field program 65,,,3/2/2007,3/23/2007,,,,-9999,,26
978,cruise or field program 66,,,2/8/2009,2/8/2009,,,,-9999,,26
979,CRV,,,6/24/2010,7/14/2010,,,,-9999,,3
980,CRWD,,,2/6/2017,2/19/2017,,,,-9999,,4
981,CRWG1,,,1/31/1992,12/30/2002,,,,-9999,,5
982,CRWG2,,,2/27/2001,12/30/2004,,,,-9999,,5
983,CSDP-1,,,9/30/2013,9/30/2013,,,,-9999,,6
4245,Cuddy Mountain,,,,,,,,-9999,,14
984,Cuyune Earth MRI,,,9/24/2023,9/29/2023,,,,-9999,,16
985,CWLA,,,12/30/2004,12/30/2004,,,,-9999,,4
986,CYC,,,1/20/2012,1/20/2012,,,,-9999,,3
987,CZNet GeoMicro Cluster,,,9/19/2021,10/29/2023,,,,-9999,,22
988,dacite,,,NULL,NULL,,,,-9999,,6
989,DANA01RR,Roger Revelle,R/V Roger Revelle,10/8/2003,10/9/2003,,,,7,,8
991,DANA02RR,Roger Revelle,R/V Roger Revelle,10/19/2003,11/5/2003,,,,7,,8
992,DANA07RR,Roger Revelle,R/V Roger Revelle,3/25/2004,3/25/2004,,,,7,,8
993,DANA08RR,Roger Revelle,R/V Roger Revelle,4/24/2004,5/11/2004,,,,7,,8
994,DAPH,RV Happy,RV Happy,10/7/2009,7/13/2010,,,,7,,4
995,DAPH2,RV Happy,RV Happy,7/6/2011,7/12/2011,,,,7,,5
996,DBA,,,NULL,NULL,,,,-9999,,3
997,DC14,,,12/31/2013,12/31/2013,,,,-9999,,4
998,DCH,,,11/4/2016,11/19/2016,,,,-9999,,3
999,DCSI,RV Happy,RV Happy,7/31/2015,7/26/2017,,,,7,,4
1000,DDH,,,NULL,NULL,,,,-9999,,3
1001,DE87-04,Delaware,Delaware,6/16/1989,6/16/1989,,,,-9999,,7
1002,DEAN,,,2/8/1989,12/30/1989,,,,-9999,,4
1003,DEANS,,,5/1/2014,5/1/2014,,,,-9999,,5
1004,Death Valley Jan 2017,,,1/30/2017,1/30/2017,,,Field campaign,3,,21
1005,December 2016 field work,,N.A.,12/18/2016,12/18/2016,,,Field campaign,3,,24
1006,DECLAKES FP29 ESF EuroCLIMATE,,,6/26/2005,10/5/2010,DECLAKES FP29 ESF EuroCLIMATE (http://declakes.von-grafenstein.com/)06/10/10,http://declakes.von-grafenstein.com/,,-9999,,29
1007,"Deep Cores in Ewa Plain, summer 1965",,,12/31/1964,12/31/1964,,,,1,,36
1008,Deep Freeze 1979,USCGC Glacier,USCGC Glacier,12/31/1978,6/29/1979,,,,-9999,,16
1009,Deep Freeze 1980,,,12/31/1979,12/31/1979,,,,-9999,,16
1010,Deep Freeze 1980 Eltanin,USNS Eltanin,USNS Eltanin,12/31/1979,12/31/1979,,,,-9999,,24
1011,Deep Freeze 1980 Glacier,USCGC Glacier,USCGC Glacier,12/31/1979,7/20/1980,Deep Freeze 80; start and end dates changed to align with other deep freeze campaigns,,,-9999,,24
1012,Deep Freeze 1981,USCGC Glacier,USCGC Glacier,12/31/1980,10/13/1981,,,,-9999,,16
1013,Deep Freeze 1982,USCGC Glacier,USCGC Glacier,12/31/1981,6/26/1982,,,,-9999,,16
1014,Deep Freeze 1983,USCGC Glacier,USCGC Glacier,12/31/1982,12/31/1982,,,,-9999,,16
1015,Deep Freeze 1983-II,USCGC Glacier,USCGC Glacier,12/31/1982,12/31/1982,,,,-9999,,19
1016,Deep Freeze 1983-III,USCGC Glacier,USCGC Glacier,12/31/1982,12/31/1982,,,,-9999,,20
1017,Deep Freeze 1985,USCGC Glacier,USCGC Glacier,12/31/1984,1/7/1985,,,,-9999,,16
1018,Deep Freeze 1986,USCGC Glacier,USCGC Glacier,12/31/1985,12/31/1985,,,,-9999,,16
1019,Deep Freeze 1987,USCGC Glacier,USCGC Glacier,12/31/1986,12/31/1986,,,,-9999,,16
1020,Deep Sea Drilling Project  Glomar,Glomar Challenger,Glomar Challenger,NULL,NULL,,,,2,,33
1021,Deep Sea Drilling Project Oceanographer,Oceanographer,Oceanographer,NULL,NULL,,,,2,,39
1022,Denali Field Work 2021,,N.A.,7/16/2021,7/16/2021,,,Field campaign,3,,22
1023,Denali Field Work 2022,,N.A.,6/19/2022,7/11/2022,,,Field campaign,3,,22
4273,Denali Field Work 2023,,,,,,,,-9999,,22
1024,Deux Alpes_ Lac du Plan,,,1/30/2014,1/30/2014,,,,-9999,,23
1025,Devil's Canyon,,,NULL,NULL,,,,-9999,,14
1026,DEVPRAYAG FIELD WORK,,N.A.,8/11/2018,12/21/2019,,,Field campaign,3,,20
1027,Devprayag Time-series,,,10/2/2019,10/14/2019,,,,-9999,,21
1028,DF62-01,USCGC Burton Island,USCGC Burton Island,12/31/1961,1/1/1962,,,,-9999,,7
1029,DFG Priority Program TiP (SPP-1372),,,9/5/2009,6/23/2012,,,,-9999,,35
1030,DFG-Project Schm 397/6-3,,,NULL,NULL,,,,8,,24
1031,DISCOVERER,Discoverer,Discoverer,6/4/1983,6/14/1983,,,,-9999,,10
1032,DIVBen,,,10/9/2011,7/17/2012,"DivBen10/10/11, 12/12/11, 18/07/12, 27/06/12, 29/02/12",,,-9999,,6
1033,DJIB,,,1/14/2012,1/15/2012,,,,-9999,,4
1034,DLDS,,,3/23/2010,3/23/2010,,,,-9999,,4
1035,DNA,,,8/4/2017,8/16/2017,,,,-9999,,3
1036,Dodo,Argo,Argo,7/7/1964,10/22/1964,,,,-9999,,4
1037,DODO02AR,Argo,Argo,NULL,NULL,,,,-9999,,8
1038,DODO04AR,Argo,Argo,NULL,NULL,,,,-9999,,8
1039,DODO06AR,Argo,Argo,NULL,NULL,,,,-9999,,8
1040,DODO08AR,Argo,Argo,NULL,NULL,,,,-9999,,8
1041,DODO09AR,Argo,Argo,NULL,NULL,,,,-9999,,8
1042,DOSECC Federal 2-26,,,NULL,NULL,,,,-9999,,19
1043,DPA2,D.Pritchard,D.Pritchard,10/20/2003,10/20/2003,,,,-9999,,4
1044,DPB1,D.Pritchard,D.Pritchard,10/12/2003,10/12/2003,,,,-9999,,4
1045,DPB2-06,D.Pritchard,D.Pritchard,5/9/2006,5/10/2006,,,,-9999,,7
1046,DPB4,D.Pritchard,D.Pritchard,10/20/2003,10/20/2003,,,,-9999,,4
1047,DPB5,D.Pritchard,D.Pritchard,10/19/2003,10/19/2003,,,,-9999,,4
1048,DPB6,D.Pritchard,D.Pritchard,10/19/2003,10/19/2003,,,,-9999,,4
1049,DPB7,D.Pritchard,D.Pritchard,10/19/2003,10/19/2003,,,,-9999,,4
1050,DPB9,D.Pritchard,D.Pritchard,10/18/2003,10/18/2003,,,,-9999,,4
1051,DPHUD,D.Pritchard,D.Pritchard,10/18/2003,10/18/2003,,,,-9999,,5
1052,DPMOH,D.Pritchard,D.Pritchard,10/16/2003,10/17/2003,,,,-9999,,5
1053,DR,,,1/14/2012,1/22/2012,,,,-9999,,2
1054,DRFT04,,,12/31/2003,12/31/2003,,,,-9999,,6
1055,Drilling program,,,1/16/2022,1/16/2022,,,,11,,16
1056,Dry Valley Drilling Project,Land Drill,Land Drill,12/31/1972,12/31/1972,,,,11,,27
1057,DS041,USNS De Steiguer,USNS DeSteiguer,,,,,,-9999,,5
1058,DS041 fix,,,12/30/2001,12/30/2001,"there are 15 samples with this cruise name; 7 are from a lake in Montana, rest are from Galapagos spreading center.",,needs investigation,-9999,,9
1059,DSA,Drift Station Alpha,Drift Station Alpha,8/8/1957,6/11/1958,,,,10,,3
1060,DSC59,Drift Station Charlie,Drift Station Charlie,7/20/1959,12/25/1959,,,,10,,5
1061,DSDP Leg 01,Glomar Challenger,Glomar Challenger,NULL,NULL,,,,2,,11
1062,DSDP Leg 02,Glomar Challenger,Glomar Challenger,NULL,NULL,,,,2,,11
1063,DSDP Leg 03,Glomar Challenger,Glomar Challenger,NULL,NULL,,,,2,,11
1064,DSDP Leg 04,Glomar Challenger,Glomar Challenger,NULL,NULL,,,,2,,11
1065,DSDP Leg 05,Glomar Challenger,Glomar Challenger,NULL,NULL,,,,2,,11
1066,DSDP Leg 06,Glomar Challenger,Glomar Challenger,NULL,NULL,,,,2,,11
1067,DSDP Leg 07,Glomar Challenger,Glomar Challenger,NULL,NULL,,,,2,,11
1068,DSDP Leg 08,Glomar Challenger,Glomar Challenger,NULL,NULL,,,,2,,11
1069,DSDP Leg 09,Glomar Challenger,Glomar Challenger,NULL,NULL,,,,2,,11
1070,DSDP Leg 09 Site 84,Site 84,Glomar Challenger,NULL,NULL,,,,2,,19
1071,DSDP Leg 10,Glomar Challenger,Glomar Challenger,NULL,NULL,,,,2,,11
1072,DSDP Leg 11,Glomar Challenger,Glomar Challenger,NULL,NULL,,,,2,,11
1073,DSDP Leg 12,Glomar Challenger,Glomar Challenger,NULL,NULL,,,,2,,11
1074,DSDP Leg 13,Glomar Challenger,Glomar Challenger,NULL,NULL,,,,2,,11
1075,DSDP Leg 14,Glomar Challenger,Glomar Challenger,NULL,NULL,,,,2,,11
1076,DSDP Leg 15,Glomar Challenger,Glomar Challenger,NULL,NULL,,,,2,,11
1077,DSDP Leg 16,Glomar Challenger,Glomar Challenger,NULL,NULL,,,,2,,11
1078,DSDP Leg 17,Glomar Challenger,Glomar Challenger,NULL,NULL,,,,2,,11
1079,DSDP Leg 18,Glomar Challenger,Glomar Challenger,NULL,NULL,,,,2,,11
1080,DSDP Leg 19,Glomar Challenger,Glomar Challenger,NULL,NULL,,,,2,,11
1081,DSDP Leg 20,Glomar Challenger,Glomar Challenger,NULL,NULL,,,,2,,11
1082,DSDP Leg 21,Glomar Challenger,Glomar Challenger,10/31/1971,10/31/1971,,,,2,,11
1083,DSDP Leg 22,Glomar Challenger,Glomar Challenger,NULL,NULL,,,,2,,11
1084,DSDP Leg 23,Glomar Challenger,Glomar Challenger,NULL,NULL,,,,2,,11
1085,DSDP Leg 24,Glomar Challenger,Glomar Challenger,NULL,NULL,,,,2,,11
1086,DSDP Leg 25,Glomar Challenger,Glomar Challenger,NULL,NULL,,,,2,,11
1087,DSDP Leg 26,Glomar Challenger,Glomar Challenger,NULL,NULL,,,,2,,11
1088,DSDP Leg 27,Glomar Challenger,Glomar Challenger,NULL,NULL,,,,2,,11
1089,DSDP Leg 28,Glomar Challenger,Glomar Challenger,NULL,NULL,,,,2,,11
1090,DSDP Leg 29,Glomar Challenger,Glomar Challenger,NULL,NULL,,,,2,,11
1091,DSDP Leg 30,Glomar Challenger,Glomar Challenger,3/31/1973,3/31/1973,,,,2,,11
1092,DSDP Leg 31,Glomar Challenger,Glomar Challenger,NULL,NULL,,,,2,,11
1093,DSDP Leg 32,Glomar Challenger,Glomar Challenger,NULL,NULL,,,,2,,11
1094,DSDP Leg 33,Glomar Challenger,Glomar Challenger,NULL,NULL,,,,2,,11
1095,DSDP Leg 34,Glomar Challenger,Glomar Challenger,NULL,NULL,,,,2,,11
1096,DSDP Leg 35,Glomar Challenger,Glomar Challenger,NULL,NULL,,,,2,,11
1097,DSDP Leg 36,Glomar Challenger,Glomar Challenger,NULL,NULL,,,,2,,11
1098,DSDP Leg 37,Glomar Challenger,Glomar Challenger,NULL,NULL,,,,2,,11
1099,DSDP Leg 38,Glomar Challenger,Glomar Challenger,NULL,NULL,,,,2,,11
1100,DSDP Leg 39,Glomar Challenger,Glomar Challenger,NULL,NULL,,,,2,,11
1101,DSDP Leg 40,Glomar Challenger,Glomar Challenger,NULL,NULL,,,,2,,11
1102,DSDP Leg 41,Glomar Challenger,Glomar Challenger,NULL,NULL,,,,2,,11
1103,DSDP Leg 42,Glomar Challenger,Glomar Challenger,NULL,NULL,,,,2,,11
1104,DSDP Leg 43,Glomar Challenger,Glomar Challenger,NULL,NULL,,,,2,,11
1105,DSDP Leg 44,Glomar Challenger,Glomar Challenger,NULL,NULL,,,,2,,11
1106,DSDP Leg 45,Glomar Challenger,Glomar Challenger,NULL,NULL,,,,2,,11
1107,DSDP Leg 46,Glomar Challenger,Glomar Challenger,NULL,NULL,,,,2,,11
1108,DSDP Leg 47,Glomar Challenger,Glomar Challenger,NULL,NULL,,,,2,,11
1109,DSDP Leg 48,Glomar Challenger,Glomar Challenger,NULL,NULL,,,,2,,11
1110,DSDP Leg 49,Glomar Challenger,Glomar Challenger,NULL,NULL,,,,2,,11
1111,DSDP Leg 50,Glomar Challenger,Glomar Challenger,NULL,NULL,,,,2,,11
1112,DSDP Leg 51,Glomar Challenger,Glomar Challenger,NULL,NULL,,,,2,,11
1113,DSDP Leg 52,Glomar Challenger,Glomar Challenger,NULL,NULL,,,,2,,11
1114,DSDP Leg 53,Glomar Challenger,Glomar Challenger,NULL,NULL,,,,2,,11
1115,DSDP Leg 54,Glomar Challenger,Glomar Challenger,NULL,NULL,,,,2,,11
1116,DSDP Leg 55,Glomar Challenger,Glomar Challenger,NULL,NULL,,,,2,,11
1117,DSDP Leg 56,Glomar Challenger,Glomar Challenger,NULL,NULL,,,,2,,11
1118,DSDP Leg 57,Glomar Challenger,Glomar Challenger,NULL,NULL,,,,2,,11
1119,DSDP Leg 58,Glomar Challenger,Glomar Challenger,NULL,NULL,,,,2,,11
1120,DSDP Leg 59,D/V Glomar Challenger,Glomar Challenger,2/7/1978,2/7/1978,,,,2,,11
1121,DSDP Leg 60,D/V Glomar Challenger,Glomar Challenger,4/18/1978,5/1/1978,,,,2,,11
1122,DSDP Leg 61,Glomar Challenger,Glomar Challenger,NULL,NULL,,,,2,,11
1123,DSDP Leg 62,Glomar Challenger,Glomar Challenger,NULL,NULL,,,,2,,11
1124,DSDP Leg 63,Glomar Challenger,Glomar Challenger,NULL,NULL,,,,2,,11
1125,DSDP Leg 64,Glomar Challenger,Glomar Challenger,NULL,NULL,,,,2,,11
1126,DSDP Leg 65,Glomar Challenger,Glomar Challenger,NULL,NULL,,,,2,,11
1127,DSDP Leg 66,Glomar Challenger,Glomar Challenger,NULL,NULL,,,,2,,11
1128,DSDP Leg 67,Glomar Challenger,Glomar Challenger,NULL,NULL,,,,2,,11
1129,DSDP Leg 68,Glomar Challenger,Glomar Challenger,NULL,NULL,,,,2,,11
1130,DSDP Leg 69,Glomar Challenger,Glomar Challenger,NULL,NULL,,,,2,,11
1131,DSDP Leg 69 Site 504,Site 504,Glomar Challenger,NULL,NULL,,,,2,,20
1132,DSDP Leg 70,Glomar Challenger,Glomar Challenger,NULL,NULL,,,,2,,11
1133,DSDP Leg 71,Glomar Challenger,Glomar Challenger,NULL,NULL,,,,2,,11
1134,DSDP Leg 72,Glomar Challenger,Glomar Challenger,NULL,NULL,,,,2,,11
1135,DSDP Leg 73,Glomar Challenger,Glomar Challenger,NULL,NULL,,,,2,,11
1136,DSDP Leg 74,Glomar Challenger,Glomar Challenger,NULL,NULL,,,,2,,11
1137,DSDP Leg 75,Glomar Challenger,Glomar Challenger,NULL,NULL,,,,2,,11
1138,DSDP Leg 76,Glomar Challenger,Glomar Challenger,NULL,NULL,,,,2,,11
1139,DSDP Leg 77,Glomar Challenger,Glomar Challenger,NULL,NULL,,,,2,,11
1140,DSDP Leg 78,Glomar Challenger,Glomar Challenger,NULL,NULL,,,,2,,11
1141,DSDP Leg 79,Glomar Challenger,Glomar Challenger,NULL,NULL,,,,2,,11
1142,DSDP Leg 80,Glomar Challenger,Glomar Challenger,NULL,NULL,,,,2,,11
1143,DSDP Leg 81,Glomar Challenger,Glomar Challenger,NULL,NULL,,,,2,,11
1144,DSDP Leg 82,Glomar Challenger,Glomar Challenger,NULL,NULL,,,,2,,11
1145,DSDP Leg 83,Glomar Challenger,Glomar Challenger,NULL,NULL,,,,2,,11
1146,DSDP Leg 84,Glomar Challenger,Glomar Challenger,NULL,NULL,,,,2,,11
1147,DSDP Leg 85,Glomar Challenger,Glomar Challenger,NULL,NULL,,,,2,,11
1148,DSDP Leg 86,Glomar Challenger,Glomar Challenger,NULL,NULL,,,,2,,11
1149,DSDP Leg 87,Glomar Challenger,Glomar Challenger,NULL,NULL,,,,2,,11
1150,DSDP Leg 88,Glomar Challenger,Glomar Challenger,NULL,NULL,,,,2,,11
1151,DSDP Leg 89,Glomar Challenger,Glomar Challenger,NULL,NULL,,,,2,,11
1152,DSDP Leg 90,Glomar Challenger,Glomar Challenger,NULL,NULL,,,,2,,11
1153,DSDP Leg 91,Glomar Challenger,Glomar Challenger,NULL,NULL,,,,2,,11
1154,DSDP Leg 92,Glomar Challenger,Glomar Challenger,NULL,NULL,,,,2,,11
1155,DSDP Leg 93,Glomar Challenger,Glomar Challenger,NULL,NULL,,,,2,,11
1156,DSDP Leg 94,Glomar Challenger,Glomar Challenger,NULL,NULL,,,,2,,11
1157,DSDP Leg 95,Glomar Challenger,Glomar Challenger,NULL,NULL,,,,2,,11
1158,DSDP Leg 96,Glomar Challenger,Glomar Challenger,NULL,NULL,,,,2,,11
1159,Duke-JHopkins-MLP expedition,,,4/1/2019,4/1/2019,,,,-9999,,28
1160,Duluth Complex Geochronology,,,NULL,NULL,,,,-9999,,28
1161,DUNE,,,6/30/2010,6/30/2010,,,,-9999,,4
1162,DUST,,,7/19/2008,7/22/2008,,,,-9999,,4
1163,Dutton Seychelles 2009,,,7/30/2009,7/31/2009,,,,-9999,,22
1164,Dutton Seychelles 2013,,,7/31/2013,3/31/2016,,,,-9999,,22
1165,Duval Roadside #2532,,,NULL,NULL,,,,-9999,,20
1166,EA02-66,Eastward,Eastward,1/9/1966,1/11/1966,,,,-9999,,7
1167,EA02D79,Eastward,Eastward,6/3/1979,6/11/1979,,,,-9999,,7
1168,EA02E79,Eastward,Eastward,6/15/1979,6/23/1979,,,,-9999,,7
1169,EA035,Eastward,Eastward,8/9/1978,8/9/1978,,,,-9999,,5
1170,EA04A-80,Eastward,Eastward,12/31/1979,12/31/1979,,,,-9999,,8
1171,EA08-67,Eastward,Eastward,2/7/1967,2/18/1967,,,,-9999,,7
1172,EA-08-67,Eastward,Eastward,2/12/1967,2/17/1967,,,,-9999,,8
1173,EA09-66,Eastward,Eastward,3/22/1966,3/24/1966,,,,-9999,,7
1174,EA-1d-74,Eastward,Eastward,NULL,NULL,,,,-9999,,8
1175,EA-1d-75,Eastward,Eastward,NULL,NULL,,,,-9999,,8
1176,EA-1e-69-70,Eastward,Eastward,NULL,NULL,,,,-9999,,11
1177,EA-1f-74,Eastward,Eastward,NULL,NULL,,,,-9999,,8
1178,EA-23j-72-73,Eastward,Eastward,NULL,NULL,,,,-9999,,12
1179,EA27-66,Eastward,Eastward,6/30/1966,7/11/1966,,,,-9999,,7
1180,EA28-67,Eastward,Eastward,6/26/1967,6/26/1967,,,,-9999,,7
1181,EA-31f-71-72,Eastward,Eastward,12/31/1970,12/31/1970,,,,-9999,,12
1182,EA-33e-70-71,Eastward,Eastward,12/31/1969,12/31/1969,,,,-9999,,12
1183,EA35,Eastward,Eastward,8/5/1978,6/22/1979,,,,-9999,,4
1184,EA36,Eastward,Eastward,12/31/1978,12/31/1978,,,,-9999,,4
1185,EA36-66,Eastward,Eastward,9/11/1966,9/13/1966,,,,-9999,,7
1186,EA-3e-78,Eastward,Eastward,9/2/1978,9/2/1978,,,,-9999,,8
1187,EA-3f-78,Eastward,Eastward,9/20/1978,9/24/1978,,,,-9999,,8
1188,EA-3g-78,Eastward,Eastward,10/5/1978,10/9/1978,,,,-9999,,8
1189,EA46,Eastward,Eastward,12/14/1967,12/14/1967,,,,-9999,,4
1190,EA461-67/68,Eastward,Eastward,1/21/1968,1/21/1968,,,,-9999,,11
1191,EA46-67,Eastward,Eastward,12/15/1967,12/18/1967,,,,-9999,,7
1192,EA50-68/69,Eastward,Eastward,7/30/1968,7/30/1968,,,,-9999,,10
1193,EA68,Eastward,Eastward,12/31/1967,12/31/1967,,,,-9999,,4
1194,EA69,Eastward,Eastward,12/31/1968,12/31/1968,,,,-9999,,4
1195,EA70,Eastward,Eastward,12/31/1969,12/31/1969,,,,-9999,,4
1196,EA71,Eastward,Eastward,12/31/1970,12/31/1970,,,,-9999,,4
1197,EA72,Eastward,Eastward,12/31/1971,12/31/1971,,,,-9999,,4
1198,EA74,Eastward,Eastward,12/31/1973,12/31/1973,,,,-9999,,4
1199,EA75,Eastward,Eastward,12/31/1974,12/31/1974,,,,-9999,,4
1200,EA77,Eastward,Eastward,12/31/1976,12/31/1976,,,,-9999,,4
1201,EA78,Eastward,Eastward,3/8/1978,10/9/1978,,,,-9999,,4
1202,EAR 0711551/354,,,2/28/2006,2/28/2007,,,Research project,8,,15
1203,EAR 1250239/414,,,6/29/2014,6/29/2014,,,,8,,15
1204,Earth Mapping Resources Initiative (MRI) Mentor Project,,,4/1/2023,4/4/2023,,,,8,,55
1205,Earth Watch 3,,,NULL,NULL,,,,-9999,,13
1206,EarthScope-PBO-2008-Unimak,,,8/16/2008,8/21/2008,,,,8,,26
1207,East Cliff Section,Land Drill,Land Drill,NULL,NULL,,,Land Drilling,11,,18
1209,East Hungary Tell Project; 2013,,N.A.,4/9/2014,4/11/2014,Bapska 2013; East Hungary Tell Project,,,15,,31
1210,East Hungary Tell Project; 2014,,N.A.,8/4/2014,9/6/2014,Bapska 2014; East Hungary Tell Project,,,15,,31
1211,East Hungary Tell Project; 2015,,N.A.,8/12/2015,11/25/2015,Bapska 2015; Bogdanovci 2015; East Hungary Tell Project,,,15,,31
1212,East Hungary Tell Project; 2018,,N.A.,5/14/2018,3/27/2019,Bapska A 2018; Oecsoed 2018; East Hungary Tell Project,,,15,,31
1213,East Hungary Tell Project; 2019,,N.A.,2/14/2019,11/17/2019,Gorzsa 2019; Bapska 2019; Oecsoed 2019; East Hungary Tell Project,,,15,,31
1214,East Hungary Tell Project; 2020,,N.A.,2/17/2020,8/16/2020,Batida-Kökenydomb 2020; Oecsoed 2020; East Hungary Tell Project,,,15,,31
1215,East Hungary Tell Project; 2021,,N.A.,NULL,NULL,Oecsoed 2021; East Hungary Tell Project,,,15,,31
1216,Eastern Shale Gas Project,,,3/31/1977,3/31/1977,,,,6,,25
4314,EC2CO HISTORIFEUX,,,,,,,,-9999,,17
1217,ECCHYMOSE 2001 coring survey,UWITEC C2FN,UWITEC C2FN,9/9/2001,9/30/2001,"ECCHYMOSE 2001 coring survey2001/09/10, 09/11",,,1,,28
1218,ECHO,,,9/14/1998,9/16/1998,,,,-9999,,4
1219,ED03,,,12/30/2003,12/30/2003,,,,-9999,,4
1220,ED04,,,12/30/2004,12/30/2004,,,,-9999,,4
1221,ED05,,,12/30/2005,12/30/2005,,,,-9999,,4
1222,ED06,,,12/30/2006,12/30/2006,,,,-9999,,4
1223,EDMAP - Grays Peak,,,6/25/2023,8/14/2023,,,,-9999,,18
1224,EDMAP - Montezuma ,,,8/2/2023,8/2/2023,,,,-9999,,18
1225,EDUL,Marion Dufresne,R/V Marion Dufresne,12/31/1996,12/31/1996,,,,7,,4
1226,EDW,RV Topi,RV Topi,12/30/1996,12/30/1996,,,,7,,3
1227,Eel Critical Zone Observatory (CZO),,N.A.,5/23/2017,5/23/2017,,,,17,,35
1228,E-FIRE,,,7/26/2017,10/3/2018,,,,-9999,,6
1229,EHRN,,,2/6/2013,2/7/2013,,,,-9999,,4
1230,E-K WIS Temporal Framework,,,10/12/2020,6/15/2023,,,,8,,26
1231,El Paso,,,NULL,NULL,,,,-9999,,7
1232,EL2,Eltanin,USNS Eltanin,4/6/1962,4/6/1962,,,,-9999,,3
1233,ELK,,,12/30/1982,12/30/1982,,,,-9999,,3
1234,ELKS,,,2/12/2014,2/12/2014,,,,-9999,,4
1235,ELT01,USNS Eltanin,USNS Eltanin,12/31/1961,12/31/1961,,,,7,,5
4219,ELT02,USNS Eltanin,USNS Eltanin,12/31/1961 22:00,12/31/1961 22:00,,,,7,,5
1236,ELT03,USNS Eltanin,USNS Eltanin,12/31/1961,12/31/1961,,,,7,,5
1237,ELT04,USNS Eltanin,USNS Eltanin,12/31/1960,12/31/1961,,,,7,,5
1238,ELT05,USNS Eltanin,USNS Eltanin,12/31/1960,12/31/1961,,,,7,,5
1239,ELT06,USNS Eltanin,USNS Eltanin,12/31/1961,1/6/1963,,,,7,,5
1240,ELT07,USNS Eltanin,USNS Eltanin,12/31/1962,12/31/1962,,,,7,,5
1241,ELT08,USNS Eltanin,USNS Eltanin,12/31/1962,12/31/1962,,,,7,,5
1242,ELT09,USNS Eltanin,USNS Eltanin,12/31/1962,12/31/1962,,,,7,,5
1243,ELT10,USNS Eltanin,USNS Eltanin,12/31/1962,12/31/1962,,,,7,,5
1244,ELT11,USNS Eltanin,USNS Eltanin,12/27/1963,2/12/1964,,,,7,,5
1245,ELT12,USNS Eltanin,USNS Eltanin,12/31/1963,12/31/1963,,,,7,,5
1246,ELT13,USNS Eltanin,USNS Eltanin,12/31/1963,12/31/1963,,,,7,,5
1247,ELT14,USNS Eltanin,USNS Eltanin,12/31/1963,12/31/1963,,,,7,,5
1248,ELT15,USNS Eltanin,USNS Eltanin,12/31/1963,12/31/1963,,,,7,,5
1249,ELT16,USNS Eltanin,USNS Eltanin,12/31/1964,12/31/1964,,,,7,,5
1250,ELT17,USNS Eltanin,USNS Eltanin,12/31/1964,12/31/1964,,,,7,,5
1251,ELT18,USNS Eltanin,USNS Eltanin,12/31/1964,12/31/1964,,,,7,,5
1252,ELT19,USNS Eltanin,USNS Eltanin,12/31/1964,12/31/1964,,,,7,,5
1253,ELT20,USNS Eltanin,USNS Eltanin,12/31/1964,2/23/2016,,,,7,,5
1254,ELT21,USNS Eltanin,USNS Eltanin,12/31/1964,12/31/1965,,,,7,,5
1255,ELT22,USNS Eltanin,USNS Eltanin,12/31/1965,12/31/1965,,,,7,,5
1256,ELT23,USNS Eltanin,USNS Eltanin,12/31/1965,12/31/1965,,,,7,,5
1257,ELT24,USNS Eltanin,USNS Eltanin,12/31/1965,12/31/1965,,,,7,,5
1258,ELT25,USNS Eltanin,USNS Eltanin,12/31/1965,12/31/1965,,,,7,,5
1259,ELT26,USNS Eltanin,USNS Eltanin,12/31/1965,12/31/1965,,,,7,,5
1260,ELT27,USNS Eltanin,USNS Eltanin,12/31/1966,12/31/1966,,,,7,,5
1261,ELT32,USNS Eltanin,USNS Eltanin,12/31/1967,12/31/1967,,,,7,,5
1262,ELT33,USNS Eltanin,USNS Eltanin,12/31/1967,12/31/1967,,,,7,,5
1263,ELT34,USNS Eltanin,USNS Eltanin,12/31/1967,12/31/1967,,,,7,,5
1264,ELT35,USNS Eltanin,USNS Eltanin,12/31/1967,12/31/1967,,,,7,,5
1265,ELT36,USNS Eltanin,USNS Eltanin,12/31/1967,12/31/1967,,,,7,,5
1266,ELT37,USNS Eltanin,USNS Eltanin,1/19/1969,1/19/1969,,,,7,,5
1267,ELT38,USNS Eltanin,USNS Eltanin,12/31/1968,12/31/1968,,,,7,,5
1268,ELT39,USNS Eltanin,USNS Eltanin,12/31/1968,1/2/1969,,,,7,,5
1269,ELT42,USNS Eltanin,USNS Eltanin,12/31/1969,12/31/1969,,,,7,,5
1270,ELT43,USNS Eltanin,USNS Eltanin,12/31/1969,12/31/1969,,,,7,,5
1271,ELT44,USNS Eltanin,USNS Eltanin,12/31/1969,12/31/1969,,,,7,,5
1272,ELT45,USNS Eltanin,USNS Eltanin,12/31/1969,12/31/1969,,,,7,,5
1273,ELT47,USNS Eltanin,USNS Eltanin,12/31/1970,12/31/1970,,,,7,,5
1274,ELT48,USNS Eltanin,USNS Eltanin,12/31/1970,12/31/1970,,,,7,,5
1275,ELT49,USNS Eltanin,USNS Eltanin,12/31/1970,1/3/1971,,,,7,,5
1276,ELT50,USNS Eltanin,USNS Eltanin,12/31/1970,12/31/1970,,,,7,,5
1277,ELT52,USNS Eltanin,USNS Eltanin,12/31/1971,12/31/1971,,,,7,,5
1278,ELT53,USNS Eltanin,USNS Eltanin,12/31/1971,12/31/1971,,,,7,,5
1279,ELT54,USNS Eltanin,USNS Eltanin,12/31/1971,12/31/1971,,,,7,,5
1280,ELT55,Eltanin,USNS Eltanin,12/31/1971,12/22/1972,,,,7,,5
1281,ELT55 Islas Orcadas,ARA Islas Orcadas,ARA Islas Orcadas,12/31/1971,12/31/1971,,,,7,,19
1282,EM05,Sea Wolf,Sea Wolf,9/15/2005,9/15/2005,,,,7,,4
1283,EM06,Sea Wolf,Sea Wolf,9/14/2006,9/14/2006,,,,7,,4
1284,EM07,Sea Wolf,Sea Wolf,12/31/2006,12/31/2006,,,,7,,4
1285,EM08,Sea Wolf,Sea Wolf,12/31/2007,12/31/2007,,,,7,,4
1286,EM09,Sea Wolf,Sea Wolf,9/17/2009,9/17/2009,,,,7,,4
1287,EMR1,,,12/30/2004,12/30/2004,,,,-9999,,4
1288,EMR2,,,12/30/2006,12/30/2006,,,,-9999,,4
1289,EMR-2014-000555 and Shailendra Pundir PhD project,,N.A.,9/2/2015,9/11/2015,"Field work from Science ad Engineering Research Board, India sponsered project:  grant  (EMR/2014/000555) and PhD work of Mr. Shailendra Pundir",,Field campaign,3,,49
1290,Endeavor cruise 002,Endeavor,R/V Endeavor,5/31/2002,6/3/2002,,,,7,,19
1291,Endeavor cruise 009,Endeavor,R/V Endeavor,NULL,NULL,,,,7,,19
1292,Endeavor cruise 017,Endeavor,R/V Endeavor,NULL,NULL,,,,7,,19
1293,Endeavor cruise 019,Endeavor,R/V Endeavor,NULL,NULL,,,,7,,19
1294,Endeavor cruise 020,Endeavor,R/V Endeavor,4/22/1978,4/25/1978,,,,7,,19
1295,Endeavor cruise 023,Endeavor,R/V Endeavor,NULL,NULL,,,,7,,19
1296,Endeavor cruise 024,Endeavor,R/V Endeavor,NULL,NULL,,,,7,,19
1297,Endeavor cruise 025,R/V Endeavor,R/V Endeavor,6/30/1978,7/26/1978,,,,7,,19
1298,Endeavor cruise 026,Endeavor,R/V Endeavor,7/31/1978,8/18/1978,,,,7,,19
1299,Endeavor cruise 029,Endeavor,R/V Endeavor,NULL,NULL,,,,7,,19
1300,Endeavor cruise 032,R/V Endeavor,R/V Endeavor,2/14/1979,2/14/1979,,,,7,,19
1301,Endeavor cruise 048,Endeavor,R/V Endeavor,2/4/1980,2/10/1980,,,,7,,19
1302,Endeavor cruise 053,Endeavor,R/V Endeavor,7/28/1980,7/28/1980,,,,7,,19
1303,Endeavor cruise 061,Endeavor,R/V Endeavor,2/12/1981,3/3/1981,,,,7,,19
1304,Endeavor cruise 063,Endeavor,R/V Endeavor,3/31/1981,4/22/1981,,,,7,,19
1305,Endeavor cruise 066,Endeavor,R/V Endeavor,5/20/1981,6/1/1981,,,,7,,19
1306,Endeavor cruise 069,Endeavor,R/V Endeavor,NULL,NULL,,,,7,,19
1307,Endeavor cruise 071,Endeavor,R/V Endeavor,NULL,NULL,,,,7,,19
1308,Endeavor cruise 078,Endeavor,R/V Endeavor,1/21/1982,1/21/1982,,,,7,,19
1309,Endeavor cruise 084,Endeavor,R/V Endeavor,NULL,NULL,,,,7,,19
1310,Endeavor cruise 085,Endeavor,R/V Endeavor,NULL,NULL,,,,7,,19
1311,Endeavor cruise 101,Endeavor,R/V Endeavor,NULL,NULL,,,,7,,19
1312,Endeavor cruise 105,Endeavor,R/V Endeavor,NULL,NULL,,,,7,,19
1313,Endeavor cruise 112,R/V Endeavor,R/V Endeavor,1/31/1984,2/15/1984,,,,7,,19
1314,Endeavor cruise 113,R/V Endeavor,R/V Endeavor,2/22/1984,3/23/1984,,,,7,,19
1315,Endeavor cruise 121,r/v Endeavor,R/V Endeavor,9/9/1984,9/9/1984,,,,7,,19
1316,Endeavor Cruise 121 Leg I,r/v Endeavor,R/V Endeavor,9/9/1984,9/9/1984,,,,7,,25
1317,Endeavor cruise 179,Endeavor,R/V Endeavor,6/16/1988,6/20/1988,,,,7,,19
1318,Endeavor cruise 187,Endeavor,R/V Endeavor,10/9/1988,10/28/1988,,,,7,,19
1319,Endeavor cruise 419,,,5/30/2006,6/7/2006,,,,7,,19
1320,Endeavor cruise 473,Endeavor,R/V Endeavor,2/28/2010,3/10/2010,,,,7,,19
1321,Endeavor cruise 651,R/V Endeavor,R/V Endeavor,3/3/2020,3/14/2020,,,,7,,19
1322,Endeavor cruise 669,Endeavor,R/V Endeavor,NULL,NULL,,,,7,,19
1323,Endeavour-558,HMNZS Endeavour III,HMNZS Endeavour III,12/31/1966,12/31/1966,"two samples, a piston core and a trawl, from ship 'HMNZS Endeavour III', kermandec, UCSC",,,7,,13
1324,Enriched Background Isotope Study,,,6/22/1905,6/25/1905,,,,8,,33
1325,ENSCO Mobil W.R.A.,,,NULL,NULL,,,,-9999,,18
1326,EPI C/EPI G,R/V Sonne,R/V Sonne,7/7/2013,7/7/2013,,,,7,,11
1327,ERDC02WT,T. Washington,R/V Thomas Washington,NULL,NULL,,,,7,,8
1328,ERDC03WT,T. Washington,R/V Thomas Washington,NULL,NULL,,,,7,,8
1329,ERDC05WT,T. Washington,R/V Thomas Washington,NULL,NULL,,,,7,,8
1330,ERDC08WT,T. Washington,R/V Thomas Washington,NULL,NULL,,,,7,,8
1331,Erick Bora MS Thesis Fieldwork,,N.A.,7/11/2023,7/11/2023,,,Field campaign,14,,30
1332,ERODER2,Meteor,Meteor,12/29/2007,1/13/2008,,,,7,,7
1333,ERSC 800,,,11/13/2016,1/2/2017,,,,-9999,,8
1334,ESP,RV KRKII,RV KRKII,12/30/2004,12/30/2004,,,,7,,3
1335,ESP2,,,12/30/2007,12/30/2007,,,,-9999,,4
1336,ESP3,,,12/30/2008,12/30/2008,,,,-9999,,4
1337,ESP4,,,12/30/2008,12/30/2008,,,,-9999,,4
1338,ETH Field Excursion 2007-1,,N.A.,NULL,NULL,,,Field campaign,3,,26
1339,ETP,,,9/30/2003,4/3/2012,,,,-9999,,3
1340,ETWIN,RV Happy,RV Happy,6/16/2014,4/16/2017,,,,7,,5
1341,ETWIN2,RV Happy,RV Happy,7/10/2017,7/11/2017,,,,7,,6
1342,EVERG,,,3/23/2003,5/2/2006,,,,-9999,,5
1343,EW9209,Maurice Ewing,R/V Maurice Ewing,8/30/1992,9/17/1992,,,,7,,6
1344,EW9302,Maurice Ewing,R/V Maurice Ewing,6/1/1993,6/19/1993,,,,7,,6
1345,EW9303,Maurice Ewing,R/V Maurice Ewing,6/25/1993,7/15/1993,,,,7,,6
1346,EW9305,Ewing,R/V Maurice Ewing,12/31/1992,12/31/1992,,,,7,,6
1347,EW9309,Maurice Ewing,R/V Maurice Ewing,11/25/1993,12/17/1993,,,,7,,6
1348,EW9403,Maurice Ewing,R/V Maurice Ewing,3/23/1994,3/23/1994,,,,7,,6
1349,EW9510,Maurice Ewing,R/V Maurice Ewing,NULL,NULL,,,,7,,6
1350,EW9602,Ewing,R/V Maurice Ewing,4/1/1996,5/6/1996,,,,7,,6
1351,EX - Japanese Mandated Islands,,,NULL,NULL,,,,-9999,,30
1352,EX1504L3,,,8/30/2015,9/1/2015,,,,-9999,,8
1353,EX1606,Okeanos Explorer,Okeanos Explorer,7/29/2016,3/7/2018,,,,7,,6
1354,EXCHANGE Campaign 1,,,10/3/2021,12/13/2021,,,,-9999,,19
1355,Expedition,,,10/7/2021,3/27/2022,,,,-9999,,10
1356,EXPERIMENTAL WARMING,CARR,Carr,7/1/2009,7/1/2009,,,,-9999,,20
1357,Exploration West of the 100th Meridian,,,NULL,NULL,,,,-9999,,38
1358,ExTerra Salinia Field Institute,,N.A.,10/10/2014,10/10/2014,,,Field campaign,3,,31
1359,EYASI,,,7/3/2011,7/4/2011,,,,-9999,,5
1360,F11-91-HW,Farnella,Farnella,NULL,NULL,,,,-9999,,9
1361,F4-F5,,,NULL,NULL,,,,-9999,,5
1362,FAI,,,3/31/2008,2/28/2009,,,,-9999,,3
1363,Fajsz-Garadomb 2016,,,4/17/2016,11/28/2016,,,,-9999,,19
1364,Fajsz-Kovacshalom 2016,,,4/17/2016,10/31/2016,,,,-9999,,22
1365,FALK,,,1/8/2016,2/6/2016,,,,-9999,,4
1366,Faltikögerl 2014; LOEWE-Project,,N.A.,10/9/2014,8/2/2016,Prehistoric conflict research. Bronze age Hillforts between Taunus and Carpathian Mountains,,,15,,31
1367,Faranella Cruise F7-86-HW (F7-86-HW),Farnella,Farnella,NULL,NULL,,,,7,,36
1368,FARGO,,,6/22/2012,6/24/2012,,,,-9999,,5
1369,Faughan Hill 2016; Tara Landscape-Project,,,6/14/2016,2/23/2017,,,,8,,41
1370,FBOM,,,12/30/2007,10/31/2009,,,,-9999,,4
1371,FC-RI-01,Unknown,Unknown,NULL,NULL,,,,-9999,,8
1372,Feb-Mar 2022 campaign,,,NULL,NULL,,,,-9999,,21
1373,FEN,,,12/30/2006,12/30/2006,,,,-9999,,3
1374,Fernandina,,,12/31/2014,12/31/2014,,,,-9999,,10
1375,FHPP,,,5/31/2009,8/3/2009,,,,-9999,,4
1376,FIE,R/V Seawolf,R/V Seawolf,1/15/2013,1/15/2013,,,,7,,3
4284,Field expedition,,,,,,,,-9999,,16
4283,Field program,,,,,,,,-9999,,13
1377,field program/cruise,,N.A.,9/9/2018,9/9/2018,,,Field campaign,-9999,,20
1378,Field Study,,N.A.,2/19/2023,2/19/2023,,,Field campaign,3,,11
1379,Field Study and Mapping,,N.A.,6/21/2023,6/21/2023,,,Field campaign,3,,23
1380,Field Survey,,N.A.,NULL,NULL,,,Field campaign,3,,12
1381,Field Survey 01,,N.A.,NULL,NULL,,,Field campaign,3,,15
1382,Field Survey 02,,N.A.,NULL,NULL,,,Field campaign,3,,15
1383,Field Survey 03,,N.A.,NULL,NULL,,,Field campaign,3,,15
1384,Field Survey 04,,N.A.,NULL,NULL,,,Field campaign,3,,15
1385,Field Survey 05,,N.A.,NULL,NULL,,,Field campaign,3,,15
1386,Field Survey 06,,N.A.,NULL,NULL,,,Field campaign,3,,15
1387,Field Survey 07,,N.A.,NULL,NULL,,,Field campaign,3,,15
1388,Field Survey 08,,N.A.,NULL,NULL,,,Field campaign,3,,15
1389,Field Survey 09,,N.A.,NULL,NULL,,,Field campaign,3,,15
1390,Field Survey 10,,N.A.,NULL,NULL,,,Field campaign,3,,15
1391,Field Survey 11,,N.A.,NULL,NULL,,,Field campaign,3,,15
1392,Field Survey 12,,N.A.,NULL,NULL,,,Field campaign,3,,15
1393,Field Survey 13,,N.A.,NULL,NULL,,,Field campaign,3,,15
1394,Field Survey 15,,N.A.,NULL,NULL,,,Field campaign,3,,15
1395,Field Survey 16,,N.A.,NULL,NULL,,,Field campaign,3,,15
1396,Field Survey 17,,N.A.,NULL,NULL,,,Field campaign,3,,15
1397,Field Survey 18,,N.A.,NULL,NULL,,,Field campaign,3,,15
1398,Field Survey 19,,N.A.,NULL,NULL,,,Field campaign,3,,15
1399,Field Survey 20,,N.A.,NULL,NULL,,,Field campaign,3,,15
1400,Field Survey 21,,N.A.,NULL,NULL,,,Field campaign,3,,15
1401,Field Survey 22,,N.A.,NULL,NULL,,,Field campaign,3,,15
1402,Field Survey 23,,N.A.,NULL,NULL,,,Field campaign,3,,15
1403,Field Survey 24,,N.A.,NULL,NULL,,,Field campaign,3,,15
1404,Field Survey 25,,N.A.,NULL,NULL,,,Field campaign,3,,15
1405,Field trip,,N.A.,NULL,NULL,,,Field campaign,3,,10
1406,Field work and Laboratory,,N.A.,NULL,NULL,,,Field campaign,3,,25
1407,FIN,,,12/30/2006,12/30/2006,,,,-9999,,3
1408,FINGER,RV Happy,RV Happy,6/28/2010,6/28/2010,,,,7,,6
1409,FISH,RV KRKII,RV KRKII,6/11/2007,6/18/2007,,,,7,,4
1410,FIW,R/V Seawolf,R/V Seawolf,1/15/2013,1/15/2013,,,,7,,3
1411,FK160320,Falkor,R/V Falkor,3/27/2016,3/28/2016,,,,7,,8
1412,FK161129,,,12/1/2016,12/18/2016,,,,-9999,,8
1413,FK170825,R/V Falkor,R/V Falkor,9/10/2017,9/26/2017,,,,7,,8
1414,FK171110,R/V Falkor,R/V Falkor,11/25/2017,12/16/2017,,,,7,,8
1415,FK171110 ROV,Subastian,Subastian,11/26/2017,12/15/2017,,,,-9999,,12
1416,FK181031,R/V Falkor,R/V Falkor,11/10/2018,11/21/2018,,,,7,,8
1417,FKt_230303,,,3/11/2023,4/4/2023,,,,-9999,,10
1418,FKt_230918,R/V Falkor (too),R/V Falkor (too),9/18/2023,10/9/2023,,,,7,,10
4316,FKt_231024,,,,,,,,-9999,,10
1419,FL1,RV KRKII,RV KRKII,12/30/2000,12/30/2000,,,,7,,3
1420,FL11,,,8/10/2011,8/11/2011,,,,-9999,,4
1421,FL2,RV KRKII,RV KRKII,12/30/2003,12/30/2003,,,,7,,3
1422,FLAM,,,6/14/2009,6/14/2009,,,,-9999,,4
1423,FLAMINGO/MV1007,,,5/30/2010,6/14/2010,,,,-9999,,15
1424,FLS11,,,4/11/2009,3/31/2011,,,,-9999,,5
1425,FNDP1,,,12/30/2004,12/30/2004,,,,-9999,,5
1426,FNDP2,,,12/30/2005,12/30/2005,,,,-9999,,5
1427,Fondo Maria Viñas (FMV_1_2019_1_156244) ,,,8/31/2019,8/31/2019,,,,-9999,,40
1428,Forearc Succession Project,,,NULL,NULL,,,,8,,26
1429,Forearc-Succession Project,,,NULL,NULL,,,,8,,26
1430,FOREVER,L'Atalante,L'Atalante,4/14/2006,4/26/2006,,,,-9999,,7
1431,Four Metals,,,NULL,NULL,,,,-9999,,11
1432,FOY,,,1/31/2002,1/31/2002,,,,-9999,,3
1433,Frankfurt-Heddernheim 2016; In der Römerstadt 120,,,9/10/2016,10/30/2016,,,,15,,49
1434,From Boyne to Brodgar-Project; Donore Hill and Boyne 2022,,,5/6/2022,5/8/2022,,,,15,,57
1435,From Boyne to Brodgar-Project; Dowth 2016,,,6/22/2016,5/27/2019,,,,15,,41
1436,From Boyne to Brodgar-Project; Dowth 2018,,,9/24/2018,9/24/2018,,,,15,,41
1437,FS14 GLG862,,,9/25/2014,9/25/2014,,,,-9999,,11
1438,FS14 GLG863,,,9/25/2014,9/25/2014,,,,-9999,,11
1439,FS16 GLG862,,,10/6/2016,10/6/2016,,,,-9999,,11
4317,FT-201707,,,,,,,,-9999,,9
1440,FTB,,,7/31/2005,7/31/2005,,,,-9999,,3
1441,FUcino Tephrochronology Unites Quaternary REcords (FUTURE),,,6/4/2017,6/4/2017,,,,8,,58
1442,FUM,RV Neuston,RV Neuston,8/20/2007,8/21/2007,,,,7,,3
1443,FUM2,RV Neuston,RV Neuston,8/16/2010,8/23/2010,,,,7,,4
1444,Funza,,,NULL,NULL,,,,-9999,,5
1445,G-081,,,11/13/2010,11/30/2010,,,,-9999,,5
1446,G-094-P,,,2/18/2014,2/28/2014,,,,-9999,,7
1447,G16,,,5/31/2016,5/31/2016,,,,-9999,,3
1448,G438,,,12/4/2004,1/1/2005,,,,-9999,,4
1449,G76-5,Gyre,Gyre,NULL,NULL,,,,-9999,,5
1450,G76-6,Gyre,Gyre,NULL,NULL,,,,-9999,,5
1451,GBH-RI-1,Unknown,Unknown,NULL,NULL,,,,-9999,,8
1452,GCS-RI-1,Unknown,Unknown,NULL,NULL,,,,-9999,,8
1453,GECS0IMV,Melville,R/V Melville,NULL,NULL,,,,7,,8
1454,GEGO,,,2/14/2011,5/16/2014,,,,-9999,,4
1455,Geist Wolf Volcano,,,12/31/1994,12/31/1994,,,,8,,18
1456,GEM GeoNorth Cordillera,,,7/29/2023,7/30/2023,,,,-9999,,23
1457,GEM2,,,7/14/2018,7/14/2018,,,,-9999,,4
1458,GEM-Cordillera,,,NULL,NULL,,,,-9999,,14
1459,GEO3BCN-TNF2020,,,2/29/2020,2/29/2020,,,,-9999,,15
1460,GEO3BCN-TNF2021,,,NULL,NULL,,,,-9999,,15
1461,Geochemical Evidence for Dust,,,12/31/1985,12/31/2000,,,,8,,29
4279,Geological correlations between Nova Scotia and Newfoundland,,,,,,,,-9999,,60
4241,Geological Field work,,,,,,,,-9999,,21
1462,Geological survey in the Shannan area,,,NULL,NULL,,,,3,,37
1463,Geological Survey of Western Australia field trip,,N.A.,3/29/2005,5/25/2014,,,Field campaign,3,,49
1464,Geomagnetic Prospecting in Hungary 2015,,unknown,10/26/2015,11/9/2015,Alsóhetény 2015; Kapospula 2015; Keszthely 2015; Sormás 2015; Geomagnetic Prospecting in Hungary,,,-9999,,39
1465,Geoprisms,,,8/11/2015,8/11/2015,,,,-9999,,9
1466,GeoPRISMS 2014,,,8/8/2015,8/22/2015,,,,-9999,,14
1467,GeoPRISMS 2015 ,,,NULL,NULL,,,,-9999,,15
1468,GeoPrisms 2015 IFM,,,8/10/2015,8/20/2015,,,,-9999,,18
1469,GeoPRISMS 2015 IFM to Unimak,,,8/14/2015,8/25/2015,,,,-9999,,28
1470,GeoPrisms 2016,,,7/27/2016,7/27/2016,,,,-9999,,14
1471,GeoPrisms 2016 IFM,,,7/21/2016,7/28/2016,,,,-9999,,18
1472,GeoPRISMS collaboration,,,12/6/2017,12/16/2017,,,,-9999,,23
1473,GeoPRISMS Western Aleutians 2015,Maritime Maid,Maritime Maid,NULL,NULL,,,,-9999,,32
1474,GEORSTOM III SUD,Le Noroit,Le Noroit,9/30/1975,9/30/1975,,,,-9999,,16
1475,GEOSCIENCES 1,,,1/19/2001,8/20/2001,,,,-9999,,13
1476,Geotraces EPZT,Thomas G Thompson ,R/V Thomas G. Thompson,11/2/2013,12/17/2013,,,,7,,14
1477,GEP,,,7/12/2013,7/15/2013,,,,-9999,,3
1478,GH87-3,R/V Hakurei-Maru,R/V Hakurei-Maru,8/24/1987,8/24/1987,,,,7,,6
1479,GHB-RI-1,Unknown,Unknown,NULL,NULL,,,,-9999,,8
1480,GI,,,10/5/2012,10/9/2012,,,,-9999,,2
1481,GIDA,,,2/17/2017,2/17/2017,,,,-9999,,4
1482,GIDA1,,,2/16/2007,2/16/2007,,,,-9999,,5
1483,GIE SUD ATLANTIQUE,,,5/27/2017,5/27/2017,,,,-9999,,18
1484,Giljanes-3020,FV Giljanes,FV Giljanes,3/31/1994,3/31/1994,"one sample; dredge, from ship FV Giljanes",,,7,,13
1485,Gillis,,,NULL,NULL,,,,-9999,,6
1486,GINNA,,,6/10/1999,9/18/1999,,,,-9999,,5
1487,GISP2,,,NULL,NULL,,,,-9999,,5
1488,GL07,Melville Gloria,R/V Melville,5/11/1993,5/27/1993,,,,7,,4
1489,GL103,Gilliss,R/V Gilliss,7/28/1978,8/24/1978,,,,7,,5
1490,GL104,Gilliss,R/V Gilliss,9/5/1978,9/21/1978,,,,7,,5
1491,GL107,Gilliss,R/V Gilliss,10/20/1979,10/26/1979,,,,7,,5
1492,GL76,USCGC Glacier,USCGC Glacier,12/31/1975,12/31/1975,,,,-9999,,4
1493,GL78,USCGC Glacier,USCGC Glacier,12/31/1977,12/31/1977,,,,-9999,,4
1494,GLAD01,RV Kerry Kelts,RV Kerry Kelts,8/12/2000,12/30/2000,,,,7,,6
1495,GLAD02,RV Kerry Kelts,RV Kerry Kelts,12/30/2001,12/30/2001,,,,7,,6
1496,GLAD04,,,12/30/2003,12/30/2003,,,,-9999,,6
1497,GLAD05,,,12/30/2004,12/30/2004,,,,-9999,,6
1498,GLAD06,RV Kerry Kelts,RV Kerry Kelts,12/30/2004,12/30/2004,,,,7,,6
1499,GLAD07,RV Viphya,RV Viphya,2/28/2005,2/28/2005,,,,7,,6
1500,GLAD08,RV Kerry Kelts,RV Kerry Kelts,12/30/2005,12/30/2005,,,,7,,6
1501,GLAD09,RV Kerry Kelts,RV Kerry Kelts,3/31/2006,3/31/2006,,,,7,,6
1502,GLAD11,,,3/16/2009,3/31/2009,,,,-9999,,6
1503,GLAD11; NSF EAR 06-02471,,,12/31/2008,12/31/2008,,,,-9999,,24
1504,GLORIA04MV,Melville,R/V Melville,1/17/1993,1/30/1993,,,,7,,10
1505,GLORIA07MV,Melville,R/V Melville,5/12/1993,5/27/1993,,,,7,,10
1506,GLORIA08MV,Melville,R/V Melville,6/2/1993,6/25/1993,,,,7,,10
1507,GMSP,,,1/29/2009,1/31/2009,,,,-9999,,4
1508,GNP,,,7/2/2005,7/30/2014,,,,-9999,,3
1509,GNS cruise RE9302-D3,Akademik M.A. Lavrentyev,Akademik M.A. Lavrentyev,7/31/1993,7/31/1993,,,,7,,20
1510,GNY,,,2/19/2008,2/20/2008,,,,-9999,,3
1511,GO34,Goldberger,Goldberger,6/12/1960,6/12/1960,,,,-9999,,4
1512,GO35,Goldberger,Goldberger,6/20/1960,6/20/1960,,,,-9999,,4
1513,GO60,Goldberger,Goldberger,7/12/1960,12/5/1960,,,,-9999,,4
1514,GO61,Goldberger,Goldberger,7/2/1961,7/2/1961,,,,-9999,,4
1515,GO62,Goldberger,Goldberger,6/20/1962,8/29/1962,,,,-9999,,4
1516,GO-8-62,Goldberger,Goldberger,7/3/1962,7/4/1962,,,,-9999,,7
1517,GOS137,Gosnold,Gosnold,10/17/1968,10/17/1968,,,,-9999,,6
1518,GOS39,Gosnold,Gosnold,3/1/1964,3/4/1964,,,,-9999,,5
1519,GOS73,Gosnold,Gosnold,7/12/1965,7/18/1965,,,,-9999,,5
1520,GOS96,Gosnold,Gosnold,1/31/1967,2/11/1967,,,,-9999,,5
1521,GOS97,Gosnold,Gosnold,3/14/1967,3/21/1967,,,,-9999,,5
1522,GOTHOT,,,8/1/2016,8/15/2017,,,,-9999,,6
1523,GPF-1 program,,,1/31/2022,1/31/2022,,,,-9999,,13
1524,GPFG,RV Happy,RV Happy,5/23/2017,5/23/2017,,,,7,,4
1525,GR74,Researcher,Researcher,3/18/1974,4/30/1974,,,,-9999,,4
1526,GR75,Researcher,Researcher,3/11/1975,9/13/1975,,,,-9999,,4
1527,GR76,Researcher,Researcher,5/25/1976,7/20/1976,,,,-9999,,4
1528,GR77,Researcher,Researcher,4/25/1977,5/6/1978,,,,-9999,,4
1529,GR78,Researcher,Researcher,5/9/1978,9/21/1978,,,,-9999,,4
1530,Grand Canyon Fieldwork 2021,,N.A.,4/10/2021,4/16/2021,,,Field campaign,3,,27
1531,Granite,,,NULL,NULL,,,,-9999,,7
1532,GRAVILUCK,Atalante,Atalante,8/9/2006,9/8/2006,,,,-9999,,9
1533,GRCO,,,12/30/2016,12/30/2016,,,,-9999,,4
1534,GREECO,,,NULL,NULL,,,,-9999,,6
1535,GREEN,,,8/17/2010,9/4/2010,,,,-9999,,5
1536,GREEN2,,,8/18/2011,8/29/2011,,,,-9999,,6
1537,GREENEDGE2014,,,4/19/2014,7/19/2014,,,,-9999,,13
1538,GREENEDGE2015,,,5/19/2015,9/29/2015,,,,-9999,,13
1539,Greyhound 3293,,,NULL,NULL,,,,-9999,,14
1540,GRIS,,,7/2/2016,8/13/2016,,,,-9999,,4
1541,GS7202,R/V Gilliss,R/V Gilliss,5/13/1972,5/13/1972,,,,7,,6
1542,GS7603,Gilliss,R/V Gilliss,NULL,NULL,,,,7,,6
1543,GS7605,James M. Gilliss,R/V Gilliss,5/19/1976,5/19/1976,,,,7,,6
1544,GS7901,Gilliss,R/V Gilliss,NULL,NULL,,,,7,,6
1545,GSJ,R/V Tansei- Maru,R/V Tansei-Maru,12/31/1995,12/31/1995,,,,-9999,,3
1546,"GSJ 1986, 1995",,,12/31/1986,12/31/1986,,,,7,,14
1547,GSNL bedrock mapping,,,8/8/2020,8/7/2023,,,,-9999,,20
1548,GTB,,,7/1/2014,7/1/2014,,,,-9999,,3
1549,Gulf of California 2003,R/V Western Flyer,R/V Western Flyer,4/10/2003,4/16/2003,,,,7,,23
1550,Gulf of California 2012,R/V Western Flyer,R/V Western Flyer,4/22/2012,4/28/2012,,,,7,,23
1551,Gulf of California 2015,R/V Western Flyer,R/V Western Flyer,4/4/2015,4/24/2015,,,,7,,23
1552,Gulf of California:Schmitt,NotApplicable,N.A.,4/30/2009,4/30/2009,,,,-9999,,26
1553,Gulf of California:Stock,NotApplicable,N.A.,2/4/2008,5/30/2009,,,,-9999,,24
1554,Gulf of California:Umhoefer,NotApplicable,N.A.,NULL,NULL,,,,-9999,,27
1555,GUST,,,1/5/2010,2/17/2016,,,,-9999,,4
1556,GYRE 83-G9 station 6,,,NULL,NULL,,,,-9999,,20
1557,Hak Maru Cruise Cygnus Stn 5,Hak Maru,R/V Hakuho Maru,5/3/1980,5/3/1980,Hak Maru Cruise Cygnus Stn 5,,,7,,28
1558,Hak Maru Cruise Cygnus Stn 6,Hak Maru,R/V Hakuho Maru,5/6/1980,5/6/1980,Hak Maru Cruise Cygnus Stn 6,,,7,,28
1559,Hak Maru Cruise Cygnus Stn 8,Hak Maru,R/V Hakuho Maru,5/10/1980,5/10/1980,Hak Maru Cruise Cygnus Stn 8,,,7,,28
1560,Hak Maru Cruise Cygnus Stn 9,Hak Maru,R/V Hakuho Maru,5/15/1980,5/15/1980,Hak Maru Cruise Cygnus Stn 9,,,7,,28
1561,HAMP,,,12/30/2005,12/30/2005,,,,-9999,,4
1562,Harford Basin Provenance,,,6/17/2015,4/22/2022,,,,-9999,,24
1563,Harpp Española,,,6/30/2015,6/30/2015,,,,-9999,,14
1564,Harpp Geist Floreana Island,,,6/30/2003,6/30/2003,,,,-9999,,27
1565,Harpp Genovesa,,,12/31/1998,12/31/1998,,,,-9999,,14
1566,Harpp San Cristobal,,,6/30/2016,6/30/2016,,,,-9999,,19
1567,Harpp Santa Cruz,,,6/30/2015,6/30/2015,,,,-9999,,16
1568,Harpp Santa Cruz/Rabida,,,6/30/2012,6/30/2012,,,,-9999,,23
1569,Harpp Wolf Island,,,6/30/2002,6/30/2002,,,,-9999,,17
1570,Harriman Alaska Expedition,,,NULL,NULL,,,,3,,26
1571,Harriman Alaska Expedition 1899,,,NULL,NULL,,,,3,,31
1572,HAW1,,,9/14/2003,12/30/2003,,,,-9999,,4
1573,HAW2,,,2/24/2005,2/24/2005,,,,-9999,,4
1574,HAW3,,,6/30/2010,6/30/2010,,,,-9999,,4
1575,Hawaii 2001,R/V Western Flyer,R/V Western Flyer,4/1/2001,5/17/2001,,,,7,,11
1576,Hawaii cruise MD-1 Station 6,HAWAII,HAWAII,2/17/1974,2/17/1974,"Hawaii cruise MD-1 Station 6 0m, 100m, 3000m, 600m",,,7,,28
1577,Hawaii GLORIA Ground-Truth Cruise (F11-88-HW),Farnella,Farnella,NULL,NULL,,,,7,,45
1578,Hawaii GLORIA Ground-Truth Cruise (F2-88-HW),Farnella,Farnella,NULL,NULL,,,,7,,44
1579,Hawaii Institute of Geophysics MIDWAY Cruise (72HIG),Kana Keoki,R/V Kana Keoki,NULL,NULL,,,,7,,52
1580,HAWAII Y74-3 station 49,,,12/4/1974,12/4/1974,,,,-9999,,23
1581,HAWS,,,7/7/2015,7/16/2015,,,,-9999,,4
1582,HAY,,,12/30/2002,12/30/2002,,,,-9999,,3
1583,HB96,Humboldt Bay,Humboldt Bay,6/25/1996,6/28/1996,,,,-9999,,4
1584,HEA02,Healy,USCGC Healy,NULL,NULL,,,,-9999,,5
1585,Healy 0102,,,NULL,NULL,,,,-9999,,10
1586,HEALY02,Healy,USCGC Healy,NULL,NULL,,,,-9999,,7
1587,HEB,,,8/13/1997,8/13/1997,,,,-9999,,3
1588,HECI,RV EZR Diane,RV EZR Diane,9/5/2010,10/13/2010,,,,7,,4
1589,HERB,,,12/30/1962,2/28/2006,,,,-9999,,4
1590,HERD,,,7/28/2011,9/25/2013,,,,-9999,,4
1591,HEYV Neuston 2014 or LeConte 2017,RV LeConte,RV LeConte,8/29/2017,8/29/2017,,,,7,,33
1592,HFNZ,,,2/20/2008,3/4/2008,,,,-9999,,4
1593,HFNZ2,,,3/4/2009,3/8/2009,,,,-9999,,5
1594,HGA,,,6/29/2005,6/29/2011,,,,-9999,,3
1595,HLY0102,USCGC HEALY ,USCGC Healy,8/6/2001,9/24/2001,,,,-9999,,7
1596,HLY0805,USCGC HEALY,USCGC Healy,8/30/2008,9/3/2008,,,,-9999,,7
1597,HLY0905,USCGC Healy,USCGC Healy,9/6/2009,9/11/2009,,,,-9999,,7
1598,HLY1002,USCCGC Healy,USCGC Healy,8/10/2010,9/1/2010,,,,-9999,,7
1599,HLY1202,Healy,USCGC Healy,9/16/2012,9/22/2012,,,,-9999,,7
1600,HLY1603,USCGC HEALY,USCGC Healy,9/23/2016,9/23/2016,,,,-9999,,7
1601,HMC,,,8/19/2014,8/20/2014,,,,-9999,,3
1602,Hollings2023,,,6/30/2023,6/30/2023,,,,-9999,,12
1603,Hopedale2022,,,8/8/2022,8/14/2022,,,,-9999,,12
1604,Hopedale2023,,,7/27/2023,8/3/2023,,,,-9999,,12
1605,HOTSPOT,,,6/14/2011,8/31/2011,,,,-9999,,7
1606,HPP,,,NULL,NULL,,,,-9999,,3
1607,HR1401,RV Pritchard,RV Pritchard,4/28/2014,5/5/2014,,,,7,,6
1608,HS06,Hugh Sharp,Hugh Sharp,6/23/2006,6/26/2006,,,,-9999,,4
1609,HSPDP,,,6/10/2013,11/27/2014,,,,-9999,,5
1610,HU,,,7/7/2015,7/7/2015,,,,-9999,,2
1611,HUD19-66,Hudson,Hudson,NULL,NULL,,,,-9999,,8
1612,HUD80016,Hudson,Hudson,NULL,NULL,,,,-9999,,8
1613,Hudson resampling,,,1/6/2020,1/13/2020,,,,-9999,,17
4281,Hume Black Shale Controversy,,,,,,,,-9999,,28
1614,HV97,New York Bight,New York Bight,9/13/1997,9/13/1997,,,,-9999,,4
1615,HV98,New York Bight,New York Bight,12/2/1998,12/2/1998,,,,-9999,,4
1616,HYBLA,,,12/30/2008,3/31/2012,,,,-9999,,5
1617,HYDROCAL 2023 field campaign,,N.A.,8/27/2023,9/3/2023,,,Field campaign,3,,28
1618,HYDROSNAKE,Nadir,Nadir,6/24/1988,7/9/1988,,,,-9999,,10
1619,HYPO01MV,Melville,R/V Melville,NULL,NULL,,,,7,,8
1620,I1176,Islas Orcadas,Islas Orcadas,11/19/1976,12/8/1976,,,,7,,5
1621,IARA,,,8/18/2014,8/24/2014,,,,-9999,,4
1622,IASU,,,1/25/2014,8/9/2014,,,,-9999,,4
1623,IATOS17/12/12,,,12/16/2012,12/16/2012,,,,-9999,,13
1624,IBM:Fischer,NotApplicable,N.A.,5/18/2003,8/2/2005,,,,-9999,,11
1625,IBM:Kent,NotApplicable,N.A.,8/31/2003,8/31/2003,,,,-9999,,8
1626,ICDP 5045 SCOPSCO,DLDS,DLDS,NULL,NULL,,,,-9999,,17
1627,ICDP Collisional Orogeny in the Scandinavian Caledonides (COSC),,,NULL,NULL,,,,8,,63
1628,ICE1,,,12/30/2002,12/30/2002,,,,-9999,,4
1629,ICE2,,,12/30/2004,12/30/2004,,,,-9999,,4
1630,ICE3,,,12/30/2007,12/30/2007,,,,-9999,,4
1631,ICE4,,,8/3/2008,12/30/2008,,,,-9999,,4
1632,ICE5,,,12/30/2009,12/30/2009,,,,-9999,,4
1633,ICE6,,,1/31/2010,3/11/2010,,,,-9999,,4
1634,ICEB2,,,8/14/2010,8/21/2010,,,,-9999,,5
1635,ICEBERG,,,7/19/2001,7/19/2001,,,,-9999,,7
1636,ICES17,,,8/21/2017,8/22/2017,,,,-9999,,6
1637,ICO,,,7/24/2006,7/25/2006,,,,-9999,,3
1638,Idaho National Laboratory (INL),,,5/15/2011,5/29/2012,,,,-9999,,31
1639,Idaho State University,,,NULL,NULL,,,,-9999,,22
1640,Idaho StateMap,,,5/14/2022,5/14/2022,,,,3,,14
1641,Idaho Statemap FY23; Elk City project,,,6/9/2024,6/9/2024,,,,3,,37
1642,IDLE,PT INCO,PT INCO,6/20/2010,6/30/2010,platforms are PT INCO or RV KRKII,,,-9999,,4
1644,IDS,,,12/30/2004,12/30/2004,,,,-9999,,3
1645,IGCP-630,,,NULL,NULL,,,,-9999,,8
1646,IGEM-HERC Project (IGEM25-004),,,5/21/2024,8/1/2024,,,,8,,30
1647,Ignacio,,,8/4/2022,9/26/2022,,,,-9999,,7
1648,IGS DeLamar Project,,,NULL,NULL,,,,8,,19
1649,IGS State Map Weiser,,,4/26/2022,5/31/2022,,,,3,,20
1650,IGS StateMap Preston,,,NULL,NULL,,,,3,,20
1651,IGS StateMap Salmon,,,NULL,NULL,,,,3,,19
1652,IGS StateMap Weiser,,,7/17/2021,9/13/2023,,,,3,,19
1653,IGUANE2019,,,NULL,NULL,,,,-9999,,10
1654,IMAGES 101,,,5/28/1995,5/28/1995,,,,-9999,,10
1655,IML,,,6/22/2015,6/22/2015,,,,-9999,,3
1656,IML Critical Zone Observatory (CZO),,N.A.,3/6/2014,3/28/2017,,,,17,,35
4290,In collaboration with Research in Svalbard ID 11401,,,,,,,,-9999,,51
4289,In collaboration with Research in Svalbard ID 11565,,,,,,,,-9999,,51
1657,IN1,,,12/30/2005,12/30/2005,,,,-9999,,3
1658,IN2,,,12/30/2006,12/30/2006,,,,-9999,,3
1659,INDIANA,,,3/17/2013,3/28/2013,,,,-9999,,7
1660,Initial Characterization,,,7/12/2020,7/12/2020,,,,-9999,,24
1661,INL Probabalistic Volcanic Hazard Assessment New Data Collection and Analysis,,,7/27/2021,7/27/2021,,,,8,,77
1662,Intermountain West,,,12/31/2014,12/31/2018,,,,-9999,,18
1663,Investigation of an Ancient Bald Cypress Forest in the Northern Gulf of Mexico,R/V Coastal Profiler,R/V Coastal Profiler,8/19/2015,7/19/2021,platforms are R/V Point Sur  or R/V Coastal Profiler,,,7,,78
1665,IO0775,ARA Islas Orcadas,ARA Islas Orcadas,12/31/1974,12/31/1974,,,,7,,6
1666,IO1176,ARA Islas Orcadas,ARA Islas Orcadas,12/31/1975,12/31/1975,,,,7,,6
1667,IO1277,ARA Islas Orcadas,ARA Islas Orcadas,12/31/1976,12/31/1976,,,,7,,6
1668,IO1578,ARA Islas Orcadas,ARA Islas Orcadas,12/31/1977,12/31/1977,,,,7,,6
4217,IO1678,ARA Islas Orcadas,ARA Islas Orcadas,12/31/1977 17:00,12/31/1977 22:00,,,,7,,6
1669,IODP / DSDP,,,6/29/2004,4/16/2005,,,,2,,11
1670,IODP Expedition 304,Joides Resolution > 304,D/V JOIDES Resolution,12/19/2004,1/2/2005,,,,2,,19
1671,IODP Expedition 306,Joides Resolution,D/V JOIDES Resolution,3/30/2005,4/8/2005,,,,2,,19
1672,IODP Expedition 310,,,NULL,NULL,,,,2,,19
1673,IODP Expedition 322,Chikyu,Chikyu,NULL,NULL,,,,2,,19
1674,IODP Expedition 329,R/V JOIDES Resolution,D/V JOIDES Resolution,10/24/2010,11/16/2010,,,,2,,19
1675,IODP Expedition 333,Chikyu,Chikyu,NULL,NULL,,,,2,,19
1676,IODP Expedition 341,JOIDES Resolution,D/V JOIDES Resolution,6/3/2013,7/21/2013,,,,2,,19
1677,IODP Expedition 343,,,NULL,NULL,,,,2,,19
1678,IODP Expedition 350,RV JOIDES Resolution,D/V JOIDES Resolution,3/30/2014,5/30/2014,,,,2,,19
1679,IODP Expedition 351,,,NULL,NULL,,,,2,,19
1680,IODP Expedition 362T,JOIDES Resolution,D/V JOIDES Resolution,7/11/2016,7/11/2016,,,,2,,20
1681,IODP Expedition 364,,,4/7/2016,4/7/2016,,,,2,,19
1682,IODP Expedition 369,R/V JOIDES Resolution,D/V JOIDES Resolution,11/4/2017,11/22/2017,,,,2,,19
1683,IODP Expedition 379T,Joides Resolution,D/V JOIDES Resolution,7/27/2019,8/13/2019,,,,2,,20
1684,IODP Leg 107,,,NULL,NULL,,,,2,,12
1685,IODP Leg 209,,,NULL,NULL,,,,2,,12
1686,IODP Leg 320/321,,,12/31/2009,12/31/2009,,,,2,,16
1687,IODP Leg 343,Chikyu,Chikyu,NULL,NULL,,,,2,,12
1688,IOWA,,,9/21/2007,9/22/2007,,,,-9999,,4
1689,IOWA2,,,6/20/2008,6/22/2008,,,,-9999,,5
1690,IOWA3,,,6/21/2009,8/11/2009,,,,-9999,,5
1691,IOWA4,,,9/10/2009,2/20/2010,,,,-9999,,5
1692,IOWA5,,,5/18/2010,7/13/2010,,,,-9999,,5
1693,IPHIS,,,7/18/1997,7/18/1997,,,,-9999,,5
1694,IRG1334,,,12/31/2003,12/31/2003,,,,-9999,,7
1695,IRNP,,,8/24/2013,8/25/2013,,,,-9999,,4
4286,Iron Springs Provenance,,,,,,,,-9999,,23
1696,IRSES-MEDYNA,,,1/9/2017,1/9/2017,,,,-9999,,12
1697,IsoMex18/05/12,,,5/14/2012,5/14/2012,,,,-9999,,14
1698,IsoMex29/05/12,,,5/28/2012,5/28/2012,,,,-9999,,14
1699,ISRON,,,8/4/2011,8/4/2011,,,,-9999,,5
1700,ISSYK,RV Multor,RV Multor,8/4/1997,12/30/2000,,,,7,,5
1701,IST,,,8/2/2005,9/8/2005,,,,-9999,,3
1702,ISTERRE / IRD14/02/12,,,2/13/2012,2/13/2012,,,,-9999,,21
1703,ITSAS-3,,,5/9/1999,9/18/1999,,,,-9999,,7
1704,IV-2,,,NULL,NULL,,,,-9999,,4
1705,IWLP,,,8/9/2009,8/9/2009,,,,-9999,,4
1706,IWSOE,,,12/31/1967,12/31/1969,,,,-9999,,5
1707,IWSOE68,USCGC Glacier,USCGC Glacier,12/31/1967,12/31/1967,,,,-9999,,7
1708,IWSOE69,USCGC Glacier,USCGC Glacier,12/31/1968,12/31/1968,,,,-9999,,7
1709,IWSOE70,USCGC Glacier,USCGC Glacier,12/31/1969,12/31/1969,,,,-9999,,7
1710,JAMSTEC 1996 or 2004,R/V Yokosuka,R/V Yokosuka,2/13/1996,12/31/2004 22:00,,,,7,,20
1711,JAMW,,,2/3/2018,2/4/2018,,,,-9999,,4
1712,Jason 1965-1969,Jason Platform,Jason Platform,1/22/1965,1/22/1969,,,,-9999,,15
1713,Jason Cruise,Jason Platform,Jason Platform,1/11/1987,1/11/1987,,,,7,,12
1714,JAVA,,,12/30/1998,12/30/2002,,,,-9999,,4
1715,JAX,,,12/30/2007,12/30/2007,,,,-9999,,3
1716,JBR,,,5/16/2006,5/19/2006,,,,-9999,,3
1717,JC024,,,NULL,NULL,,,,-9999,,5
1718,"Jerusalem, Mount Zion 2022",,,8/16/2022,8/23/2022,,,,-9999,,26
1719,JGA,,,5/31/2011,5/31/2011,,,,-9999,,3
1720,JMSM,,,10/4/2014,10/4/2014,,,,-9999,,4
1721,Johnson Tract,,,7/29/2022,8/12/2022,,,,-9999,,13
1722,JOL1,,,5/31/2007,5/31/2007,,,,-9999,,4
1723,JOL2,,,12/30/2009,12/30/2009,,,,-9999,,4
1724,JSPR01NH,New Horizon,New Horizon,NULL,NULL,,,,-9999,,8
1725,Juan de Fuca 04,Western Flyer,R/V Western Flyer,8/31/2004,8/31/2004,,,,7,,15
1726,Juan de Fuca CL02,Western Flyer,R/V Western Flyer,7/31/2002,7/31/2002,,,,7,,17
1727,Juan de Fuca WF007,Western Flyer,R/V Western Flyer,6/30/2000,6/30/2000,,,,7,,18
1728,JUDD,,,6/30/2011,6/30/2011,,,,-9999,,4
1729,Jumping Brook mapping,,,NULL,NULL,,,,3,,21
1730,JUNE,,,10/3/2016,10/3/2016,,,,-9999,,4
1731,Justin Segal ugrad research,,,NULL,NULL,,,,14,,27
1732,JWP01,JW Powell,JW Powell,8/29/2004,8/29/2004,,,,-9999,,5
1733,JWP02,JW Powell,JW Powell,8/30/2004,8/30/2004,,,,-9999,,5
1734,JWP03,JW Powell,JW Powell,8/31/2004,8/31/2004,,,,-9999,,5
1735,JWP04,JW Powell,JW Powell,8/31/2004,8/31/2004,,,,-9999,,5
1736,JWR,,,2/17/2011,2/17/2011,,,,-9999,,3
1737,K-1-81-HW,Kana Keoki,R/V Kana Keoki,NULL,NULL,,,,7,,9
1738,K2014,,,7/24/2014,8/1/2014,,,,-9999,,5
1739,KA074,Kane,Kane,6/23/1974,6/24/1974,,,,-9999,,5
1740,KA74,Kane,Kane,6/7/1974,6/8/1974,,,,-9999,,4
1741,Kaimikai-o-Kanaloa 2006-2014,R/V Kaimikai-o-Kanaloa,R/V Kaimikai-o-Kanaloa,9/8/2006,11/16/2014,,,,-9999,,28
1742,KAK820316,R/V Kana Keoki,R/V Kana Keoki,NULL,NULL,,,,7,,9
1743,Kakucs 2017,,,NULL,NULL,,,,-9999,,11
1744,KANAUT 1992,Nadir,Nadir,NULL,NULL,,,,-9999,,11
1745,Karlstrom trip April 2010,,,4/7/2010,4/7/2010,,,,3,,25
1746,KARUPA,,,6/30/2010,7/9/2010,,,,-9999,,6
1747,KAUF,,,7/10/2012,7/31/2012,,,,-9999,,4
1748,KAV,,,1/13/2015,1/13/2015,,,,-9999,,3
1749,KCL,,,NULL,NULL,,,,-9999,,3
1750,KEJ89,R/V Seward Johnson,R/V Seward Johnson,4/30/1989,4/30/1989,,,,7,,5
1751,KELTS,,,12/30/1992,12/30/1999,,,,-9999,,5
1752,Kelvin,,,NULL,NULL,,,,-9999,,6
1753,KENAI,,,12/30/2004,12/30/2004,,,,-9999,,5
1754,KERGUELEN200601/12/06,,,11/30/2006,11/30/2006,,,,-9999,,21
1755,Kerloch OCT15,,,10/18/2015,10/18/2015,,,,-9999,,13
1756,Kerr,,,NULL,NULL,,,,-9999,,4
1757,Kerr RM,,,NULL,NULL,,,,-9999,,7
1758,Kerr-McGee #2,,,NULL,NULL,,,,-9999,,13
1759,Keweenaw Peninsula Fieldwork 2013,,N.A.,6/1/2013,6/1/2013,,,Field campaign,3,,33
1760,Keystone 1484,,,NULL,NULL,,,,-9999,,13
1761,KH-17-J01,Hakuho Maru,R/V Hakuho Maru,1/27/2017,1/28/2017,,,,7,,9
1762,KIRI,,,6/15/2017,6/18/2017,,,,-9999,,4
1763,KK2-83-NP,Kana Keoki,R/V Kana Keoki,10/1/1983,10/1/1983,,,,7,,9
1764,KK710426-2,Kana Keoki,R/V Kana Keoki,6/24/1971,7/8/1971,,,,7,,10
1765,KK710426-5,,R/V Kana Keoki,11/20/1971,11/20/1971,,,,7,,10
1766,KK720702-2,,R/V Kana Keoki,7/11/1972,8/1/1972,,,,7,,10
1767,KK721108-3,Kana Keoki,R/V Kana Keoki,1/31/1973,1/31/1973,,,,7,,10
1768,KK721108-5,Kana Keoki,R/V Kana Keoki,3/7/1973,3/22/1973,,,,7,,10
1769,KK721108-6,Kana Keoki,R/V Kana Keoki,4/24/1973,4/24/1973,,,,7,,10
1770,KK721108-7,Kana Keoki,R/V Kana Keoki,4/30/1973,5/18/1973,,,,7,,10
1771,KK740109-1,Kana Keoki,R/V Kana Keoki,1/28/1974,1/30/1974,,,,7,,10
1772,KK740109-3,Kana Keoki,R/V Kana Keoki,5/3/1974,5/4/1974,,,,7,,10
1773,KK740109-4,Kana Keoki,R/V Kana Keoki,5/15/1974,5/15/1974,,,,7,,10
1774,KK760103-2,Kana Keoki,R/V Kana Keoki,3/5/1976,3/5/1976,,,,7,,10
1775,KK76-01-S6,Kana Keoki,R/V Kana Keoki,1/1/1976,1/1/1976,guess date based on cruise_field_prgrm name,,,7,,10
1776,KK760806,,R/V Kana Keoki,9/2/1976,9/2/1976,,,,7,,8
1777,KK760806-1,Kana Keoki,R/V Kana Keoki,8/10/1976,8/31/1976,,,,7,,10
1778,KK760806-2,Kana Keoki,R/V Kana Keoki,9/13/1976,9/26/1976,,,,7,,10
1779,KK761108,Kana Keoki,R/V Kana Keoki,11/10/1976,11/14/1976,,,,7,,8
1780,KK770317,,R/V Kana Keoki,5/27/1977,6/28/1977,,,,7,,8
1781,KK770317-4,Kana Keoki,R/V Kana Keoki,5/19/1977,5/29/1977,,,,7,,10
1782,KK770317-5,Kana Keoki,R/V Kana Keoki,6/14/1977,7/6/1977,,,,7,,10
1783,KK781230,,R/V Kana Keoki,5/5/1979,6/10/1979,,,,7,,8
1784,KK781230-5,Kana Keoki,R/V Kana Keoki,5/1/1979,5/7/1979,,,,7,,10
1785,KK790808,,R/V Kana Keoki,8/19/1979,9/14/1979,,,,7,,8
1786,KK790808-1,,R/V Kana Keoki,8/12/1979,8/30/1979,,,,7,,10
1787,KK790808-2,,R/V Kana Keoki,9/6/1979,9/6/1979,,,,7,,10
1788,KK791029,,R/V Kana Keoki,11/8/1979,11/14/1979,,,,7,,8
1789,KK800414,,R/V Kana Keoki,5/21/1980,6/1/1980,,,,7,,8
1790,KK800715,,R/V Kana Keoki,7/16/1980,7/29/1980,,,,7,,8
1791,KK801010,Kana Keoki,R/V Kana Keoki,10/10/1980,10/10/1980,guess date based on cruise_field_prgrm name,,,7,,8
1792,KK810626,,R/V Kana Keoki,7/31/1981,7/31/1981,,,,7,,8
1793,KK810626-2,,R/V Kana Keoki,7/29/1981,8/20/1981,,,,7,,10
1794,KK810626-3,,R/V Kana Keoki,8/29/1981,9/14/1981,,,,7,,10
1795,KK810626-4,,R/V Kana Keoki,9/21/1981,10/10/1981,,,,7,,10
1796,KK810626-5,,R/V Kana Keoki,11/2/1981,11/12/1981,,,,7,,10
1797,KK820316,R/V Kana Keoki,R/V Kana Keoki,NULL,NULL,,,,7,,8
1798,KK820316-2,,R/V Kana Keoki,4/3/1982,4/15/1982,,,,7,,10
1799,KK820316-3,,R/V Kana Keoki,4/26/1982,5/6/1982,,,,7,,10
1800,KK820316-4,,R/V Kana Keoki,5/20/1982,6/3/1982,,,,7,,10
1801,KK820317,R/V Kana Keoki,R/V Kana Keoki,NULL,NULL,,,,7,,8
1802,KK820318,R/V Kana Keoki,R/V Kana Keoki,NULL,NULL,,,,7,,8
1803,KK820319,R/V Kana Keoki,R/V Kana Keoki,NULL,NULL,,,,7,,8
1804,KK820320,R/V Kana Keoki,R/V Kana Keoki,NULL,NULL,,,,7,,8
1805,KK820321,R/V Kana Keoki,R/V Kana Keoki,NULL,NULL,,,,7,,8
1806,KK820322,R/V Kana Keoki,R/V Kana Keoki,NULL,NULL,,,,7,,8
1807,KK820323,R/V Kana Keoki,R/V Kana Keoki,NULL,NULL,,,,7,,8
1808,KK820324,R/V Kana Keoki,R/V Kana Keoki,NULL,NULL,,,,7,,8
1809,KK820325,R/V Kana Keoki,R/V Kana Keoki,NULL,NULL,,,,7,,8
1810,KK820326,R/V Kana Keoki,R/V Kana Keoki,NULL,NULL,,,,7,,8
1811,KK820327,R/V Kana Keoki,R/V Kana Keoki,NULL,NULL,,,,7,,8
1812,KK820328,R/V Kana Keoki,R/V Kana Keoki,NULL,NULL,,,,7,,8
1813,KK820329,R/V Kana Keoki,R/V Kana Keoki,NULL,NULL,,,,7,,8
1814,KK820330,R/V Kana Keoki,R/V Kana Keoki,NULL,NULL,,,,7,,8
1815,KK820903,,R/V Kana Keoki,9/5/1982,9/5/1982,,,,7,,8
1816,KK821007,,R/V Kana Keoki,10/8/1982,10/8/1982,,,,7,,8
1817,KK830116-3,Kana Keoki,R/V Kana Keoki,3/26/1983,4/7/1983,,,,7,,10
1818,KK830116-4,,R/V Kana Keoki,5/9/1983,5/9/1983,,,,7,,10
1819,KK830725,,R/V Kana Keoki,7/25/1983,7/30/1983,,,,7,,8
1820,KK84028-03,R/V KANA KEOKI,R/V Kana Keoki,12/31/1983,12/31/1983,,,,7,,10
1821,KK84028-04,R/V KANA KEOKI,R/V Kana Keoki,12/31/1984,12/31/1984,,,,7,,10
1822,KK84028-05,R/V KANA KEOKI,R/V Kana Keoki,12/31/1985,12/31/1985,,,,7,,10
1823,KK84028-06,R/V KANA KEOKI,R/V Kana Keoki,12/31/1986,12/31/1986,,,,7,,10
1824,KK84028-07,R/V KANA KEOKI,R/V Kana Keoki,12/31/1987,12/31/1987,,,,7,,10
1825,KK84028-08,R/V KANA KEOKI,R/V Kana Keoki,12/31/1988,12/31/1988,,,,7,,10
1826,KK840425,Kana Keoki,R/V Kana Keoki,4/25/1984,4/25/1984,guess date based on cruise_field_prgrm name,,,7,,8
1827,KK840428,Kana Keoki,R/V Kana Keoki,4/28/1984,7/26/1984,guess date based on cruise_field_prgrm name,,,7,,8
1828,KK840428-01,Kana Keoki,R/V Kana Keoki,4/28/1984,4/28/1984,guess date based on cruise_field_prgrm name,,,7,,11
1829,KK840428-02,Kana Keoki,R/V Kana Keoki,4/28/1984,4/28/1984,guess date based on cruise_field_prgrm name,,,7,,11
1830,KK840428-03,Kana Keoki,R/V Kana Keoki,4/28/1984,4/28/1984,guess date based on cruise_field_prgrm name,,,7,,11
1831,KK840824,,R/V Kana Keoki,8/27/1984,9/6/1984,,,,7,,8
1832,KKLS,,,6/26/2012,6/26/2012,,,,-9999,,4
1833,Kladovo2022,,,11/6/2022,11/6/2022,,,,-9999,,11
1834,Klaza 2019,,,NULL,NULL,,,,-9999,,10
1835,Klaza 2020,,,NULL,NULL,,,,-9999,,10
1836,KM0417,Kilo Moana,R/V Kilo Moana,9/11/2004,10/15/2004,,,,7,,6
1837,KM0502,Kilo Moana,R/V Kilo Moana,1/15/2005,1/28/2005,,,,7,,6
1838,KM0503,Kilo Moana,R/V Kilo Moana,2/4/2005,2/12/2005,,,,7,,6
1839,KM0506,Kilo Moana,R/V Kilo Moana,4/9/2005,4/24/2005,,,,7,,6
1840,KM0631,R/V Kilo Moana,R/V Kilo Moana,11/16/2006,11/16/2006,,,,7,,6
1841,KM1,Kevin Moran,Kevin Moran,7/15/1952,10/4/1952,,,,-9999,,3
1842,KM1005,Kilo Moana,R/V Kilo Moana,3/21/2006,3/28/2010,,,,7,,6
1843,KM1008,R/V Kilo Moana,R/V Kilo Moana,5/1/2010,5/9/2010,,,,7,,6
1844,KM1024,R/V Kilo Moana,R/V Kilo Moana,12/10/2010,12/14/2010,,,,7,,6
1845,KM1116,R/V Kilo Moana,R/V Kilo Moana,5/20/2011,6/1/2011,,,,7,,6
1846,KM1129a,R/V Kilo Moana,R/V Kilo Moana,11/8/2011,12/3/2011,,,,7,,7
1847,KM1609,Kilo Moana,R/V Kilo Moana,12/6/2016,1/3/2017,,,,7,,6
1848,KM1812,Kilo Moana,R/V Kilo Moana,8/9/2018,8/11/2018,,,,7,,6
1849,KM1813,JASON,Jason Platform,8/23/2018,8/25/2018,,,,-9999,,6
1850,KN207-02,,,5/13/2012,6/4/2012,,,,-9999,,8
1851,KNORR 010-1,Knorr,R/V Knorr,9/8/1970,9/8/1970,,,,7,,11
1852,KNORR 025,r/v Knorr,R/V Knorr,3/17/1972,4/6/1972,,,,7,,9
1853,KNORR 025-1,Knorr,R/V Knorr,2/9/1972,2/15/1972,,,,7,,11
1854,KNORR 025-6,Knorr,R/V Knorr,5/1/1972,5/1/1972,,,,7,,11
1855,KNORR 027-1,Knorr,R/V Knorr,6/7/1972,6/7/1972,,,,7,,11
1856,KNORR 031-3,Knorr,R/V Knorr,6/27/1973,7/10/1973,,,,7,,11
1857,KNORR 031-4,Knorr,R/V Knorr,7/19/1973,7/22/1973,,,,7,,11
1858,KNORR 031-5,Knorr,R/V Knorr,8/14/1973,9/1/1973,,,,7,,11
1859,KNORR 042-2,Knorr,R/V Knorr,6/28/1974,7/2/1974,,,,7,,11
1860,KNORR 042-3,Knorr,R/V Knorr,7/14/1974,7/24/1974,,,,7,,11
1861,KNORR 042-4,Knorr,R/V Knorr,8/2/1974,8/5/1974,,,,7,,11
1862,KNORR 042-5,Knorr,R/V Knorr,8/15/1974,8/31/1974,,,,7,,11
1863,KNORR 047-1,Knorr,R/V Knorr,2/9/1975,2/15/1975,,,,7,,11
1864,KNORR 051-3,Knorr,R/V Knorr,8/10/1975,8/29/1975,,,,7,,11
1865,KNORR 054,Knorr,R/V Knorr,4/9/1976,6/2/1976,,,,7,,9
1866,KNORR 054-2,Knorr,R/V Knorr,1/14/1976,2/4/1976,,,,7,,11
1867,KNORR 054-3,Knorr,R/V Knorr,2/9/1976,2/19/1976,,,,7,,11
1868,KNORR 054-5,Knorr,R/V Knorr,4/14/1976,4/14/1976,,,,7,,11
1869,KNORR 054-6,Knorr,R/V Knorr,5/11/1976,6/2/1976,,,,7,,11
1870,KNORR 061-1,Knorr,R/V Knorr,11/4/1976,11/21/1976,,,,7,,11
1871,KNORR 064-1,Knorr,R/V Knorr,1/29/1977,2/1/1977,,,,7,,11
1872,KNORR 064-3,Knorr,R/V Knorr,2/25/1977,3/17/1977,,,,7,,11
1873,KNORR 069-1,Knorr,R/V Knorr,9/11/1977,9/15/1977,,,,7,,11
1874,KNORR 073-4,Knorr,R/V Knorr,4/8/1978,5/2/1978,,,,7,,11
1875,KNORR 073-6,r/v Knorr,R/V Knorr,6/24/1978,7/9/1978,,,,7,,11
1876,KNORR 073-7,r/v Knorr,R/V Knorr,7/23/1978,8/13/1978,,,,7,,11
1877,KNORR 074-1,Knorr,R/V Knorr,9/10/1979,10/26/1979,,,,7,,11
1878,KNORR 078-1,Knorr,R/V Knorr,4/26/1980,4/29/1980,,,,7,,11
1879,KNORR 079-2,Knorr,R/V Knorr,5/30/1980,6/9/1980,,,,7,,11
1880,KNORR 089-5,r/v Knorr,R/V Knorr,7/26/1981,7/28/1981,,,,7,,11
1881,KNORR 089-6,r/v Knorr,R/V Knorr,8/25/1978,9/2/1981,,,,7,,11
1882,KNORR 090,Knorr,R/V Knorr,11/4/1981,11/4/1981,,,,7,,9
1883,KNORR 096-1,Knorr,R/V Knorr,7/8/1982,7/25/1982,,,,7,,11
1884,KNORR 101,Knorr,R/V Knorr,3/31/1983,3/31/1983,,,,7,,9
1885,KNORR 102-1,Knorr,R/V Knorr,5/4/1983,5/27/1983,,,,7,,11
1886,KNORR 110-2,Knorr,R/V Knorr,10/28/1984,11/9/1984,,,,7,,11
1887,KNORR 134-07,Knorr,R/V Knorr,4/4/1988,4/7/1988,,,,7,,12
1888,KNORR 134-08,Knorr,R/V Knorr,4/18/1988,5/5/1988,,,,7,,12
1889,KNORR 134-10,Knorr,R/V Knorr,6/13/1988,6/14/1988,,,,7,,12
1890,KNORR 134-11,Knorr,R/V Knorr,6/25/1988,7/1/1988,,,,7,,12
1891,KNORR 134-16,Knorr,R/V Knorr,8/20/1988,8/23/1988,,,,7,,12
1892,KNORR 138-11,Knorr,R/V Knorr,1/30/1993,2/12/1993,,,,7,,12
1893,KNORR 140-2,Knorr,R/V Knorr,11/1/1993,11/2/1995,,,,7,,11
1894,KNORR 158-4,Knorr,R/V Knorr,6/19/1998,7/13/1998,,,,7,,11
1895,KNORR 159,Knorr,R/V Knorr,10/5/1998,11/2/1998,guess dates based on nearby ,,,7,,9
1896,KNORR 159-5,Knorr,R/V Knorr,10/5/1998,11/2/1998,,,,7,,11
1897,KNORR 166-2,Knorr,R/V Knorr,1/7/2002,1/22/2002,,,,7,,11
1898,KNORR 180,Knorr,R/V Knorr,10/25/2004,12/10/2004,,,,7,,9
1899,KNORR 180-2,R/V Knorr,R/V Knorr,11/21/2004,12/8/2004,,,,7,,11
1900,KNORR 182-13,R/V Knorr,R/V Knorr,4/26/2006,4/26/2006,,,,7,,12
1901,KNORR 190,Knorr,R/V Knorr,8/1/2011,8/13/2011,,,,7,,9
1902,KNORR 195-03,R/V Knorr,R/V Knorr,1/14/2009,2/19/2009,,,,7,,12
1903,KNORR 210-05,Knorr,R/V Knorr,5/20/2013,6/11/2013,,,,7,,12
1904,KNORR 223,R/V Knorr,R/V Knorr,12/31/2013,11/23/2014,,,,7,,9
1905,KNOX02RR,R/V Roger Revelle,R/V Roger Revelle,12/20/2006,1/20/2007,,,,7,,8
1906,KNOX05RR,Roger Revelle,R/V Roger Revelle,5/7/2007,6/10/2007,,,,7,,8
1907,KNOX06RR,Roger Revelle,R/V Roger Revelle,6/19/2007,7/28/2007,,,,7,,8
1908,KNOX11RR,Roger Revelle,R/V Roger Revelle,NULL,NULL,,,,7,,8
1909,KNOX18RR,Roger Revelle,R/V Roger Revelle,7/17/2008,8/3/2008,,,,7,,8
1910,Kodiak_Islands:Moore,NotApplicable,N.A.,5/31/2006,7/30/2006,,,,-9999,,20
1911,KPW,,,6/23/2008,8/11/2008,,,,-9999,,3
1912,KR00-03-Leg 2,Kairei,Kairei,6/1/2000,6/2/2000,,,,-9999,,13
1913,KR16-14 ,R/V Kairei,R/V Kairei,10/26/2016,10/27/2016,,,,7,,8
1914,KRK90,,,5/5/1990,6/2/1990,,,,-9999,,5
1915,Kroměříž-Hradisko 2013,,,3/8/2013,3/8/2013,,,,-9999,,22
1916,Kuniv,,,1/8/2017,1/8/2017,,,,-9999,,5
1917,KUROP,,,2/9/2011,2/9/2011,,,,-9999,,5
1918,KWRI,,,7/22/2011,7/22/2011,,,,-9999,,4
1919,KY87-1,R/V Kaiyo,R/V Kaiyo,12/5/1987,12/11/1987,,,,7,,6
1920,KY87-2,R/V Kaiyo,R/V Kaiyo,12/19/1987,12/28/1987,,,,7,,6
1921,KY88-1,R/V Kaiyo,R/V Kaiyo,11/16/1988,12/11/1988,,,,7,,6
1923,KYGS,,,4/26/2006,11/6/2008,,,,-9999,,4
1924,KYL,,,1/8/2016,1/9/2016,,,,-9999,,3
1925,KZ78,Kelez,Kelez,6/22/1978,6/22/1978,,,,-9999,,4
1926,KZ81,Kelez,Kelez,6/12/1981,6/17/1981,,,,-9999,,4
1927,L11-81-WF,S. P. Lee,S. P. Lee,NULL,NULL,,,,-9999,,9
1928,L12-80-WF,S. P. Lee,S. P. Lee,NULL,NULL,,,,-9999,,9
1929,L13-82-WF,S. P. Lee,S. P. Lee,NULL,NULL,,,,-9999,,9
1930,L2-79-NC,S. P. Lee,S. P. Lee,NULL,NULL,,,,-9999,,8
1931,L2-86-NC,S. P. Lee,S. P. Lee,1/1/1986,1/1/1986,,,,-9999,,8
1932,L3-80-NP,S. P. Lee,S. P. Lee,1/1/1980,1/1/1980,,,,-9999,,8
1933,L3-86-NC,S. P. Lee,S. P. Lee,1/1/1986,1/1/1986,,,,-9999,,8
1934,L5-85-NC,S. P. Lee,S. P. Lee,NULL,NULL,,,,-9999,,8
1935,L6-85-NC,S. P. Lee,S. P. Lee,1/1/1985,1/1/1985,,,,-9999,,8
1936,L78,,,12/30/1978,12/30/1978,,,,-9999,,3
1937,L8-76-NP,S. P. Lee,S. P. Lee,NULL,NULL,,,,-9999,,8
1938,L8-82-NP,S. P. Lee,S. P. Lee,NULL,NULL,,,,-9999,,8
1939,L9-78-HW,S. P. Lee,S. P. Lee,NULL,NULL,,,,-9999,,8
1940,LAB,,,7/27/2013,7/29/2013,,,,-9999,,3
1941,Lac du Plan (2 Alpes) 08_09_2014,,,9/7/2014,9/7/2014,,,,-9999,,32
1942,Lacs d'altitude,,,12/31/1969,7/16/2012,"21/06/2010, 19/05/2011, 17/07/2012, 12/04/2010, 09/07/2010",,,-9999,,15
1943,LACSUC,,,12/30/2006,12/30/2006,,,,-9999,,6
1944,LADICIA04/07/11,,,7/3/2011,7/3/2011,,,,-9999,,15
1945,Ladyward 2015; ArchaeoLandscapes Europe-Project,,,7/2/2015,7/23/2015,,,,15,,47
1946,LAHI,,,3/24/2013,3/27/2013,,,,-9999,,4
1947,Lamont/Rice/Brown/Earthscope,,,4/19/2009,4/22/2009,,,,-9999,,28
1948,LASCOP,,,1/31/2014,1/30/2016,,,,-9999,,6
1949,LAUCA,RV KRKII,RV KRKII,11/2/2002,11/12/2002,,,,7,,5
1950,LAVO,,,8/7/2012,8/7/2014,,,,-9999,,4
1951,Lavrentyev-3010,Akademik M.A. Lavrentyev,Akademik M.A. Lavrentyev,6/30/1993,6/30/1993,"5 samples, dredges, from ship Akademik M.A. Lavrentyev",,,7,,15
1952,LB,R/V Seawolf,R/V Seawolf,1/15/2013,1/15/2013,,,,7,,2
1953,LBC,,,6/8/2010,6/11/2010,,,,-9999,,3
1954,LBNL Belowground Biogeochemistry SFA,,,8/20/2013,7/8/2019,,,,-9999,,36
1955,LBY,,,7/12/2015,7/12/2016,,,,-9999,,3
1956,LCAN,,,1/31/2005,1/31/2005,,,,-9999,,4
1957,LCCMR,,,9/10/2014,2/3/2016,,,,-9999,,5
1958,LC-NY-01,Unknown,Unknown,NULL,NULL,,,,-9999,,8
1959,LDF,,,1/22/2013,2/21/2013,,,,-9999,,3
1960,Ledi-Geraru Research Project,,,NULL,NULL,,,,8,,28
1961,Leg 30,D/V Glomar Challenger,D/V Glomar Challenger,NULL,NULL,,,,2,,6
1962,Leg 33,D/V Glomar Challenger,D/V Glomar Challenger,NULL,NULL,,,,2,,6
1963,Leman_CMIRA_AFuchs,,,1/27/2014,1/27/2014,,,,-9999,,18
1964,LES_TUILES_1,,,2/19/2012,6/25/2012,,,,-9999,,12
1965,LES_TUILES_2,,,2/19/2012,11/25/2012,,,,-9999,,12
1966,LES_TUILES_3,,,3/19/2013,4/1/2013,,,,-9999,,12
1967,LESELAM03,,,9/2/2021,9/7/2021,,,,-9999,,9
1968,LESELAM09,,,9/2/2021,9/2/2021,,,,-9999,,9
1969,LESELAM10,,,9/2/2021,9/2/2021,,,,-9999,,9
1970,LESELAM11,,,9/2/2021,9/2/2021,,,,-9999,,9
1971,LESELAM12,,,9/2/2021,9/2/2021,,,,-9999,,9
1972,LESELAM13,,,9/2/2021,9/2/2021,,,,-9999,,9
1973,LESELAM14,,,9/2/2021,9/2/2021,,,,-9999,,9
1974,LESELAM15,,,9/2/2021,9/2/2021,,,,-9999,,9
1975,LESELAM16,,,9/2/2021,9/2/2021,,,,-9999,,9
1976,LESELAM17,,,9/2/2021,9/2/2021,,,,-9999,,9
1977,LESELAM18,,,9/2/2021,9/2/2021,,,,-9999,,9
1978,LESELAM19,,,9/2/2021,9/2/2021,,,,-9999,,9
1979,LESELAM20,,,9/3/2021,9/3/2021,,,,-9999,,9
1980,LESELAM21,,,9/3/2021,9/3/2021,,,,-9999,,9
1981,LESELAM22,,,9/3/2021,9/3/2021,,,,-9999,,9
1982,LESELAM23,,,9/3/2021,9/3/2021,,,,-9999,,9
1983,LESELAM24,,,9/3/2021,9/3/2021,,,,-9999,,9
1984,LESELAM25,,,9/3/2021,9/3/2021,,,,-9999,,9
1985,LESELAM26,,,9/3/2021,9/3/2021,,,,-9999,,9
1986,LESELAM27,,,9/3/2021,9/3/2021,,,,-9999,,9
1987,LESELAM28,,,9/3/2021,9/3/2021,,,,-9999,,9
1988,LESELAM29,,,9/3/2021,9/3/2021,,,,-9999,,9
1989,LESELAM30,,,9/3/2021,9/3/2021,,,,-9999,,9
1990,LESELAM31,,,9/3/2021,9/3/2021,,,,-9999,,9
1991,LESELAM32,,,9/3/2021,9/3/2021,,,,-9999,,9
1992,LESELAM33,,,9/3/2021,9/3/2021,,,,-9999,,9
1993,LESELAM34,,,9/3/2021,9/3/2021,,,,-9999,,9
1994,LESELAM35,,,9/3/2021,9/3/2021,,,,-9999,,9
1995,LESELAM36,,,9/3/2021,9/3/2021,,,,-9999,,9
1996,LESELAM37,,,9/3/2021,9/3/2021,,,,-9999,,9
1997,LESELAM38,,,9/3/2021,9/3/2021,,,,-9999,,9
1998,LESELAM39,,,9/3/2021,9/3/2021,,,,-9999,,9
1999,LESELAM40,,,9/3/2021,9/3/2021,,,,-9999,,9
2000,LESELAM41,,,9/3/2021,9/3/2021,,,,-9999,,9
2001,LESELAM42,,,9/3/2021,9/3/2021,,,,-9999,,9
2002,LESELAM43,,,9/3/2021,9/3/2021,,,,-9999,,9
2003,LESELAM44,,,9/3/2021,9/3/2021,,,,-9999,,9
2004,LESELAM45,,,9/5/2021,9/5/2021,,,,-9999,,9
2005,LESELAM46,,,9/5/2021,9/5/2021,,,,-9999,,9
2006,LESELAM47,,,9/5/2021,9/5/2021,,,,-9999,,9
2007,LESELAM48,,,9/5/2021,9/5/2021,,,,-9999,,9
2008,LESELAM49,,,9/5/2021,9/5/2021,,,,-9999,,9
2009,LESELAM50,,,9/5/2021,9/5/2021,,,,-9999,,9
2010,LESELAM51,,,9/5/2021,9/5/2021,,,,-9999,,9
2011,LESELAM52,,,9/5/2021,9/5/2021,,,,-9999,,9
2012,LESELAM53,,,9/5/2021,9/5/2021,,,,-9999,,9
2013,LESELAM54,,,9/5/2021,9/5/2021,,,,-9999,,9
2014,LESELAM55,,,9/5/2021,9/5/2021,,,,-9999,,9
2015,LESELAM56,,,9/5/2021,9/5/2021,,,,-9999,,9
2016,LESELAM57,,,9/5/2021,9/5/2021,,,,-9999,,9
2017,LESELAM58,,,9/5/2021,9/5/2021,,,,-9999,,9
2018,LESELAM59,,,9/5/2021,9/5/2021,,,,-9999,,9
2019,LESELAM60,,,9/5/2021,9/5/2021,,,,-9999,,9
2020,LESELAM61,,,9/5/2021,9/5/2021,,,,-9999,,9
2021,LESELAM62,,,9/5/2021,9/5/2021,,,,-9999,,9
2022,LESELAM63,,,9/5/2021,9/5/2021,,,,-9999,,9
2023,LESELAM64,,,9/5/2021,9/5/2021,,,,-9999,,9
2024,LESELAM65,,,9/5/2021,9/5/2021,,,,-9999,,9
2025,LESELAM66,,,9/5/2021,9/5/2021,,,,-9999,,9
2026,LESELAM67,,,9/5/2021,9/5/2021,,,,-9999,,9
2027,LESELAM68,,,9/5/2021,9/5/2021,,,,-9999,,9
2028,LESELAM69,,,9/7/2021,9/7/2021,,,,-9999,,9
2029,LESELAM70,,,9/7/2021,9/7/2021,,,,-9999,,9
2030,LESELAM71,,,9/7/2021,9/7/2021,,,,-9999,,9
2031,LESELAM72,,,9/7/2021,9/7/2021,,,,-9999,,9
2032,LESELAM73,,,9/7/2021,9/7/2021,,,,-9999,,9
2033,LESELAM74,,,9/7/2021,9/7/2021,,,,-9999,,9
2034,LESELAM75,,,9/7/2021,9/7/2021,,,,-9999,,9
2035,LESELAM76,,,9/7/2021,9/7/2021,,,,-9999,,9
2036,LFoui20140627,,,6/25/2014,6/25/2014,,,,-9999,,13
2037,LIAF,RV Ibis,RV Ibis,6/15/1971,6/15/1971,,,,7,,4
2038,Limites-Project; Hofheim 2017,,,2/27/2017,2/28/2017,Space development and roman-german interactions-Project,,,15,,29
2039,Limites-Project; Ruffenhofen 2021; rgk2021-10,,,8/8/2021,10/17/2021,Space development and roman-german interactions-Project,,,15,,45
2040,Limites-Project; Ruffenhofen 2022; rgk2022-31,,,4/2/2022,6/8/2022,Space development and roman-german interactions-Project,,,15,,45
2041,Limites-Project; Ruffenhofen 2023; rgk2023-01,,,2/12/2023,5/24/2023,Space development and roman-german interactions-Project,,,15,,45
2042,Lingshan island Science Drilling,,,4/1/2019,7/1/2019,,,,11,,32
2043,LIS1303 Prichard or Seawolf,RV Pritchard,R/V Donald Pritchard,6/4/2013,6/12/2013,LS1303 lists RV Pritchard and RV Seawolf as platforms.,,,7,,27
2044,LIS1701,R/V Donald Pritchard,R/V Donald Pritchard,8/14/2017,8/22/2017,,,,7,,7
2045,LIS1801,R/V Donald Pritchard,R/V Donald Pritchard,4/3/2018,4/3/2018,,,,7,,7
2046,LIS1802,R/V Donald Pritchard,R/V Donald Pritchard,6/25/2018,6/28/2018,,,,7,,7
2047,LIS1803,R/V Pritchard,R/V Pritchard,8/20/2018,8/23/2018,,,,7,,7
2048,LITAQ,,,4/19/2014,4/19/2014,,,,-9999,,5
2049,LK,,,1/15/2012,1/15/2012,,,,-9999,,2
2050,LK1,Lord Kelvin,Lord Kelvin,4/30/1936,4/30/1936,,,,-9999,,3
2051,LL,,,12/31/1965,12/31/1965,,,,-9999,,2
4272,"LM, La Plata Mountains",,,,,,,,-9999,,22
2055,LMG 03-03,R/V Laurence M. Gould,R/V Laurence M. Gould,12/31/2002,12/31/2002,,,,7,,9
2056,LMG 04-04,R/V Laurence M. Gould,R/V Laurence M. Gould,12/31/2003,12/31/2003,,,,7,,9
2057,LMG 05-02,R/V Laurence M. Gould,R/V Laurence M. Gould,12/31/2004,12/31/2004,,,,7,,9
2052,LMG 07-17,,,NULL,NULL,,,,-9999,,9
2058,LMG 08-02,Gould,Gould,2/20/2008,3/10/2008,,,,-9999,,9
2059,LMG 09-02,Gould,Gould,2/19/2009,3/7/2009,,,,-9999,,9
2053,LMG 09-11,,,NULL,NULL,,,,-9999,,9
2054,LMG 11-02,,,NULL,NULL,,,,-9999,,9
2061,LMG 12-11,R/V Laurence M. Gould,R/V Laurence M. Gould,10/21/2012,10/24/2312,,,,7,,9
2062,LMG 13-11,R/V Laurence M. Gould,R/V Laurence M. Gould,11/2/2013,11/5/2013,,,,7,,9
2063,LMG 98-02,R/V Laurence M. Gould,R/V Laurence M. Gould,12/31/1997,12/31/1997,,,,7,,9
2064,Lockdown sampling,,,3/24/2020,5/12/2020,,,,-9999,,17
2065,Lomonosov Ridge Experiment,,,5/31/1905,5/31/1905,,,,7,,26
2066,LONG,,,1/31/2011,1/31/2011,,,,-9999,,4
2067,Long duration mission,,,NULL,NULL,"Institut de recherche pour le développement, IRD",,,-9999,,21
2068,Lophelia millennium,R/V Urania,R/V Urania,1/7/2000,1/8/2000,,,,7,,19
2070,LOTC,,,9/30/2008,10/31/2008,,,,-9999,,4
2071,Lou_court20140716,,,7/15/2014,7/15/2014,,,,-9999,,17
2072,LOW,,,2/27/2012,2/29/2012,,,,-9999,,3
2073,LOWMIN,,,10/9/2017,2/14/2018,,,,-9999,,6
2074,LOWP,RV MPCA Hewes,RV MPCA Hewes,9/22/2011,9/22/2011,,,,7,,4
2075,LPAH,,,1/10/2012,11/3/2016,,,,-9999,,4
2076,LPL,,,12/30/2004,12/30/2004,,,,-9999,,3
2077,LRM,,,6/22/2011,7/6/2011,,,,-9999,,3
2078,LS85,,,NULL,NULL,,,,-9999,,4
2079,LS86,,,NULL,NULL,,,,-9999,,4
2080,LSC,,,10/13/1995,10/20/1997,,,,-9999,,3
2081,LT17, RV Maman Benita,R/V Maman Benita,4/24/2017,4/24/2017,,,,7,,4
2082,LTS,,,9/6/2017,9/10/2017,,,,-9999,,3
2083,LU070-02C,R/V Lulu,R/V Lulu,7/2/1974,7/2/1974,,,,7,,9
2084,LU070-03,R/V Lulu,R/V Lulu,7/15/1974,7/17/1974,,,,7,,8
2085,LU070-05,R/V Lulu,R/V Lulu,8/4/1974,8/4/1974,,,,7,,8
2086,LU77,,,12/30/1977,12/30/1977,,,,-9999,,4
2087,LU83,,,12/30/1983,12/30/1983,,,,-9999,,4
2088,LUCCA,,,7/27/2017,7/27/2017,,,,-9999,,5
2089,Luquillo Critical Zone Observatory (CZO),,N.A.,1/9/2010,11/15/2016,,,,17,,40
2090,LUSI02AR,Argo,Argo,NULL,NULL,,,,-9999,,8
2091,LUSI03HO,Horizon,Horizon,NULL,NULL,,,,-9999,,8
2092,LUSI08AR,Argo,Argo,NULL,NULL,,,,-9999,,8
2093,LUSI09AR,Argo,Argo,NULL,NULL,,,,-9999,,8
2094,LW,,,12/30/2000,12/30/2001,,,,-9999,,2
2095,LW1,L. Walford,L. Walford,6/5/1999,6/10/1999,,,,-9999,,3
2096,LW2,L. Walford,L. Walford,5/28/1999,6/5/1999,,,,-9999,,3
2097,LW3,L. Walford,L. Walford,5/29/1999,5/29/1999,,,,-9999,,3
2098,LWB0,L. Walford,L. Walford,5/18/2003,5/19/2003,,,,-9999,,4
2099,LWB1,L. Walford,L. Walford,5/18/2003,5/18/2003,,,,-9999,,4
2100,LWB2,L. Walford,L. Walford,9/4/2001,9/7/2001,,,,-9999,,4
2101,LWB3,L. Walford,L. Walford,9/5/2001,9/6/2001,,,,-9999,,4
2102,LWB4,L. Walford,L. Walford,9/8/2007,9/8/2007,,,,-9999,,4
2103,LWH1,L. Walford,L. Walford,5/19/2003,5/20/2003,,,,-9999,,4
2104,LYMAN,,,8/18/2014,8/26/2014,,,,-9999,,5
4280,M.Sc project on Saint-Fulgence deformation zone,,,,,,,,-9999,,47
2105,M09,RV Ndunduma,RV Ndunduma,1/13/2009,1/14/2009,,,,7,,3
2106,M113,R/V Meteor ,R/V Meteor,12/30/2014,1/19/2015,,,,7,,4
2107,M12,RV Ndunduma,RV Ndunduma,1/11/2012,1/13/2012,,,,7,,3
2108,M128,R/V Meteor ,R/V Meteor,7/1/2016,7/25/2016,,,,7,,4
2109,M144,R/V Meteor,R/V Meteor,12/29/2017,1/14/2018,,,,7,,4
2110,M146,R/V Meteor,R/V Meteor,4/8/2018,4/13/2018,,,,7,,4
2111,M68-10-12,,,10/16/1970,11/22/1970,,,,-9999,,9
2112,M86,RV Orion,RV Orion,12/30/1986,12/30/1986,,,,7,,3
2113,M87,RV Liloya,RV Liloya,1/5/1987,1/5/1987,,,,7,,3
2114,M97,,,12/30/1997,12/30/1997,,,,-9999,,3
2115,M98,,,3/5/1998,3/7/1998,,,,-9999,,3
2116,Ma_MISS Fieldwork,,N.A.,NULL,NULL,,,Field campaign,3,,17
4238,Maboko 2022,,,,,,,,-9999,,11
4239,Maboko 2023,,,,,,,,-9999,,11
2117,MAC,,,2/8/2013,1/30/2015,,,,-9999,,3
2118,MADEx,,,8/7/2022,9/15/2022,,,,-9999,,5
2119,MADEx 2023,,,7/31/2023,7/31/2023,,,,-9999,,10
2120,Magellan,Melville,R/V Melville,NULL,NULL,,,,7,,8
2121,MAGM01MV,Melville,R/V Melville,NULL,NULL,,,,7,,8
2122,Magmatic chronology in Avalonia,,,5/2/2022,6/10/2022,magmatic chronology of Avalonian arc in southeastern New England,,,8,,31
2123,Mahi700422-1,,,NULL,NULL,,,,-9999,,12
2124,MAINE,,,6/12/2007,6/13/2007,,,,-9999,,5
4277,Mancos Stratigraphic Study,,,,,,,,-9999,,26
2125,MANGO,RV Kilindi,RV Kilindi,1/9/2012,1/17/2012,,,,7,,5
2126,MANGO2,RV Kilindi,RV Kilindi,1/17/2013,1/17/2013,,,,7,,6
2127,Manitoba Far North Geomapping Initiative,,,6/26/1905,12/31/2009,,,,3,,40
2128,Mantle Dynamics and Magmatism Across the Basin and Range,,,4/8/2010,4/8/2010,,,,8,,56
2129,MAR,,,9/10/2013,9/4/2014,,,,-9999,,3
2130,Mara 12 cruise station 227,,,8/31/1979,8/31/1979,,,,7,,26
2131,Mara 12 cruise station 179,,,8/21/1979,8/21/1979,,,,7,,26
2132,MARA02,T. Washington,R/V Thomas Washington,NULL,NULL,,,,7,,6
2133,MARA04WT,T. Washington,R/V Thomas Washington,NULL,NULL,,,,7,,8
2134,MARA05WT,T. Washington,R/V Thomas Washington,NULL,NULL,,,,7,,8
2135,MARA06WT,T. Washington,R/V Thomas Washington,NULL,NULL,,,,7,,8
2136,MARA07WT,T. Washington,R/V Thomas Washington,NULL,NULL,,,,7,,8
2137,MARA11WT,T. Washington,R/V Thomas Washington,NULL,NULL,,,,7,,8
2138,MARA12,T. Washington,R/V Thomas Washington,NULL,NULL,,,,7,,6
2139,March 2016 field work,,N.A.,3/23/2016,3/25/2016,,,Field campaign,3,,21
2140,March 2020 campaign,,,NULL,NULL,,,,3,,19
2141,Mariana_Forearc_Reagan_2002,NotApplicable,N.A.,1/8/2002,2/9/2002,,,,-9999,,27
2142,Maricopa SSC,,,NULL,NULL,,,,-9999,,12
2143,MARMINE,,,8/19/2016,8/28/2016,MARMINE cruise,,,7,,7
2144,MARNOK 1991,R/V Charles Darwin,R/V Charles Darwin,NULL,NULL,,,,7,,11
2145,Mars 2020,,,2/14/2020,2/14/2020,,,,-9999,,9
2146,MARSITE cruise,,,NULL,NULL,,,,7,,14
2147,MARSnet,,,6/7/2023,6/7/2023,,,,-9999,,7
2148,Martinique 2017,,,4/2/2017,4/3/2017,,,,-9999,,15
2149,Martinique 2022,,,4/7/2022,4/7/2022,,,,-9999,,15
2150,Martinique 2023,,,2/15/2023,2/15/2023,,,,-9999,,15
2151,Mascarene Islands 2007,,,11/25/2007,11/30/2007,,,,-9999,,22
2152,MASH,,,6/30/2009,6/30/2009,,,,-9999,,4
2153,Masirah field campaign 2018,,N.A.,12/31/2017,12/31/2017,,,Field campaign,3,,27
2154,MASTER BELLE S10/05/12,,,5/9/2012,5/9/2012,,,,-9999,,22
2155,Masters research project- Northern Arizona University,,,7/26/2020,8/1/2020,,,,14,,53
2156,MATANO,RV Nuha,RV Nuha,4/30/2010,4/30/2010,,,,7,,6
2157,Mauritius 2007,,,NULL,NULL,,,,-9999,,14
2158,MAVS,,,2/12/2018,2/15/2018,,,,-9999,,4
2159,May 2021 GC Research Trip,,,4/17/2021,5/28/2021,,,,3,,25
2160,MBARI Gorda 2000,R/V Western Flyer,R/V Western Flyer,8/6/2000,8/19/2000,,,,7,,16
2161,MBARI Gorda 2002,R/V Western Flyer,R/V Western Flyer,5/18/2002,8/1/2002,,,,7,,16
2162,MBARI Ridges 2005,R/V Western Flyer,R/V Western Flyer,8/9/2005,8/30/2005,,,,7,,17
2163,MBARI Ridges 2009,R/V Western Flyer,R/V Western Flyer,NULL,NULL,,,,7,,17
2164,MBARI Ridges 2011,R/V Western Flyer,R/V Western Flyer,7/14/2011,8/17/2013,,,,7,,17
2165,MBARI Ridges 2013,R/V Western Flyer,R/V Western Flyer,8/12/2013,8/30/2013,,,,7,,17
2166,MBARI Ridges 2014,R/V Western Flyer,R/V Western Flyer,8/27/2014,9/2/2014,,,,7,,17
2167,MBARI Ridges 2016,R/V Western Flyer,R/V Western Flyer,8/1/2016,8/12/2016,,,,7,,17
2168,MBC,,,7/20/2011,7/21/2011,,,,-9999,,3
2169,MBGLH,,,1/13/2012,2/23/2014,,,,-9999,,5
2170,MBH1,,,12/30/2006,12/30/2006,,,,-9999,,4
2171,MBH2,,,12/30/2007,12/30/2007,,,,-9999,,4
2172,MBH3,,,3/30/2009,4/2/2009,,,,-9999,,4
2173,MBH4,,,3/24/2014,3/27/2014,,,,-9999,,4
2174,MBM,,,12/30/2006,2/22/2008,,,,-9999,,3
2175,MCCAM,,,10/28/2016,1/27/2018,,,,-9999,,5
2176,MCH,,,8/7/2008,5/6/2009,,,,-9999,,3
2177,MCWD,,,12/30/2007,12/30/2007,,,,-9999,,4
2178,MD03,,,12/31/2002,12/31/2002,,,,-9999,,4
2179,MD104 MOZAPHARE,,,7/16/1996,7/25/1996,,,,-9999,,15
2180,MD120 ANTAUS,,,10/12/2000,10/12/2000,,,,-9999,,12
2181,MD124 GEOSCIENCES 2,,,9/28/2001,9/28/2001,,,,-9999,,19
2182,MD126 MONA,,,5/29/2002,5/29/2002,,,,-9999,,10
2183,MD132 PICASSO,,,5/5/2003,5/5/2003,,,,-9999,,13
2184,MD152,R/V Marion-Dufresne,R/V Marion Dufresne,1/23/2006,1/23/2006,,,,7,,5
2185,MD168  AMOCINT,,,6/14/2008,6/14/2008,,,,-9999,,14
2186,MD218 CROTALE,,,2/27/2019,3/4/2019,,,,-9999,,13
2187,MD68 SUZIL,,,4/14/1991,4/18/1991,,,,-9999,,10
2188,MEDS,RV Happy,RV Happy,7/24/2016,8/4/2016,,,,7,,4
2189,"Mehlberg 2017 Mehlberg, Glauberg",,,5/14/2017,5/14/2017,"Early Latène Period excavation and deep drilling in the area of Mehlberg, Glauberg",,,15,,32
2190,MESWF,,,3/1/2015,3/8/2015,,,,-9999,,5
2191,Metal earth transect,,,11/30/2020,11/30/2020,,,,-9999,,20
2192,Metal Earth VMS Thematic Project,,,NULL,NULL,,,,-9999,,32
2193,MetalEarth2023,,,6/30/2023,6/30/2023,,,,-9999,,14
2194,MetalEarth2024,,,5/31/2024,5/31/2024,,,,-9999,,14
2195,Meteor 2017-2018,R/V Meteor,R/V Meteor,12/28/2017,1/14/2018,,,,-9999,,16
2196,METEOR project (Loire-Brittany water agency),,,3/9/2017,10/2/2018,,,,16,,44
2197,METREE,,,9/26/2017,3/8/2018,,,,-9999,,6
2198,MEXI,,,3/13/2016,4/2/2016,,,,-9999,,4
2199,Mexican Boundary Survey Collection,,,NULL,NULL,,,,3,,34
2200,MF,,,4/5/2011,6/13/2012,,,,-9999,,2
2201,MGII,Mother Goose II,Mother Goose II,7/26/1950,8/1/1950,,,,-9999,,4
2202,MGL1111,R/V Marcus G. Langseth,R/V Marcus G. Langseth,8/20/2011,8/28/2011,,,,7,,7
2203,MGL1208,Marcus G. Langseth,R/V Marcus G. Langseth,4/30/2012,5/22/2012,,,,7,,7
2204,MGL2307,Marcus G Langseth,R/V Marcus G. Langseth,6/4/2023,6/7/2023,,,,7,,7
2205,MGLN06MV,Melville,R/V Melville,7/22/2006,8/28/2006,,,,7,,8
2206,MGLN07MV,Melville,R/V Melville,9/6/2006,9/30/2006,,,,7,,8
2207,MGLN08MV,Melville,R/V Melville,10/4/2006,10/8/2006,,,,7,,8
2208,MGS,,,1/7/1970,6/30/1970,,,,-9999,,3
2209,Michipicoten Island Expedition 2015,,,7/9/2015,7/18/2015,,,,3,,35
2210,Middle Caicos,KaBoat Platform,KaBoat Platform,4/4/2019,6/18/2019,,,,-9999,,13
2211,Middlemarch,,,NULL,NULL,,,,-9999,,11
2212,Middlesex Fells geologic mapping,,,4/7/2023,5/5/2023,,,,3,,32
2213,Midway Deep Core - 1965,,,12/31/1964,12/31/1964,,,,1,,23
2214,Minnesota Pollution Control Agency Wild Rice Sulfate Standard Field Study,,N.A.,NULL,NULL,,,Field campaign,3,,73
2215,Minnesota Pollution Control Agency Wild Rice Sulfate Standard Mesocosm Study,,,8/26/2013,8/26/2013,,,,-9999,,76
2216,Mira 2020,,,NULL,NULL,,,,-9999,,9
2217,Mira 2021,,,NULL,NULL,,,,-9999,,9
2218,Mira dating,,,NULL,NULL,,,,-9999,,11
2219,MISSC,RV KRKII,RV KRKII,12/30/1996,12/30/2003,,,,7,,5
2220,Mission des Forts Egos,,,6/3/2013,6/3/2013,,,,-9999,,22
2221,Mission Sav-wind 05-03-2014,,,3/4/2014,3/4/2014,,,,-9999,,27
2222,Mississippi River Valley Transect,,,12/31/1999,12/31/1999,,,,16,,33
2223,Missouri S&T Research,,,11/1/2023,11/1/2023,,,,8,,21
2224,MIVS,RV KRKII,RV KRKII,6/24/1999,12/30/2001,,,,7,,4
2225,MKLK01BD,Baird,Baird,NULL,NULL,,,,-9999,,8
2226,MKLK01HO,Horizon,Horizon,NULL,NULL,,,,-9999,,8
2227,MKLK02BD,Baird,Baird,NULL,NULL,,,,-9999,,8
2228,MKLK03BD,Baird,Baird,NULL,NULL,,,,-9999,,8
2229,MKP,,,12/30/2005,12/30/2005,,,,-9999,,3
2230,MM78,Mount Mitchell,Mount Mitchell,3/11/1978,3/14/1978,,,,-9999,,4
2231,MM81,Researcher,Researcher,6/12/1981,6/25/1981,,,,-9999,,4
2232,MNCL,,,5/11/2008,5/14/2008,,,,-9999,,4
2233,MNMN,,,9/29/2009,1/18/2014,,,,-9999,,4
2234,MNRF,,,12/30/2007,11/8/2008,,,,-9999,,4
2235,MNVS,RV KRKII,RV KRKII,12/30/1999,12/30/1999,,,,7,,4
2236,MNWET,,,8/12/2015,8/12/2015,,,,-9999,,5
2237,Moana Wave 1994,R/V MOANA WAVE,R/V Moana Wave,12/31/1994,12/31/1994,,,,-9999,,15
2238,MOCOSED2012,,,2/19/2012,2/28/2012,,,,-9999,,11
2239,MOCOSED2014,,,4/19/2014,4/19/2014,,,,-9999,,11
2240,MOFLUX Litter Bag Decomposition Experiment ,,,1/10/2024,6/17/2024,2024 Deployment,,,8,,43
4274,MOFLUX Litter Bag Decomposition Experiment - 2024 Nutrient Reabsorption,,,,,,,,-9999,,71
2241,MOFLUX Quarterly Soil Cores,,Unknown,6/13/2017,3/5/2024,,,Soil Sampling,13,,27
2242,MOFLUX Quarterly Soil Cores - 2017 Q2,,Unknown,6/13/2017,6/13/2017,,,Soil Sampling,13,,37
2243,MOFLUX Quarterly Soil Cores - 2017 Q3,,Unknown,8/16/2017,8/16/2017,,,Soil Sampling,13,,37
2244,MOFLUX Quarterly Soil Cores - 2018 Q1,,Unknown,3/27/2018,3/27/2018,,,Soil Sampling,13,,37
2245,MOFLUX Quarterly Soil Cores - 2018 Q3,,Unknown,7/9/2018,7/9/2018,,,Soil Sampling,13,,37
2246,MOFLUX Quarterly Soil Cores - 2018 Q4,,Unknown,10/8/2018,10/8/2018,,,Soil Sampling,13,,37
2247,MOFLUX Quarterly Soil Cores - 2019 Q3,,Unknown,7/29/2019,7/29/2019,,,Soil Sampling,13,,37
2248,MOFLUX Quarterly Soil Cores - 2019 Q4,,Unknown,12/2/2019,12/2/2019,,,Soil Sampling,13,,37
2249,MOFLUX Quarterly Soil Cores - 2020 Q1,,Unknown,3/22/2020,3/22/2020,,,Soil Sampling,13,,37
2250,MOFLUX Quarterly Soil Cores - 2020 Q2,,Unknown,5/25/2020,5/25/2020,,,Soil Sampling,13,,37
2251,MOFLUX Quarterly Soil Cores - 2020 Q3,,Unknown,7/7/2020,7/7/2020,,,Soil Sampling,13,,37
2252,MOFLUX Quarterly Soil Cores - 2020 Q4,,Unknown,9/23/2020,9/23/2020,,,Soil Sampling,13,,37
2253,MOFLUX Quarterly Soil Cores - 2021 Q2,,Unknown,4/18/2021,4/18/2021,,,Soil Sampling,13,,37
2254,MOFLUX Quarterly Soil Cores - 2021 Q3,,Unknown,7/4/2021,7/4/2021,,,Soil Sampling,13,,37
2255,MOFLUX Quarterly Soil Cores - 2021 Q4,,Unknown,10/11/2021,10/11/2021,,,Soil Sampling,13,,37
2256,MOFLUX Quarterly Soil Cores - 2022 Q1,,Unknown,3/8/2022,3/8/2022,,,Soil Sampling,13,,37
2257,MOFLUX Quarterly Soil Cores - 2022 Q3,,Unknown,9/20/2022,9/20/2022,,,Soil Sampling,13,,37
2258,MOFLUX Quarterly Soil Cores - 2023 Q1,,Unknown,4/2/2023,4/2/2023,,,Soil Sampling,13,,37
2259,MOFLUX Quarterly Soil Cores - 2023 Q2,,Unknown,7/24/2023,7/24/2023,,,Soil Sampling,13,,37
2260,MOFLUX Quarterly Soil Cores - 2023 Q3,,Unknown,10/16/2023,10/16/2023,,,Soil Sampling,13,,37
2261,MOFLUX Quarterly Soil Cores - 2023 Q4,,Unknown,11/12/2023,11/12/2023,,,Soil Sampling,13,,37
2262,MOFLUX Quarterly Soil Cores - 2024 Q1,,Unknown,2/29/2024,2/29/2024,,,Soil Sampling,13,,37
2263,MOFLUX Quarterly Soil Cores - 2024 Q2,,Unknown,4/28/2024,4/28/2024,,,Soil Sampling,13,,37
4246,MOFLUX Quarterly Soil Cores - 2024 Q3,,,,,,,,-9999,,37
4287,MOFLUX Quarterly Soil Cores - 2024 Q4,,,,,,,,-9999,,37
2264,MOFLUX Root Ingrowth Cores,,,5/30/2024,5/30/2024,,,,13,,26
2265,MOLE,RV KRKII,RV KRKII,10/13/2003,10/19/2003,,,,7,,4
2266,MOMAR08 ,Atalante,Atalante,8/15/2008,8/18/2008,,,,-9999,,8
2267,MOMARDREAM,Pourquoi Pas ? ,Pourquoi Pas,12/31/2006,5/8/2008,platform name uncertain,,,7,,10
2268,MOMARSAT2011,Pourquoi Pas,Pourquoi Pas,7/7/2011,7/20/2011,,,,7,,12
2269,MOMARSAT2012,Thalassa,Thalassa,7/13/2012,7/18/2012,,,,-9999,,12
2270,MOMARSAT2014,Pourquoi Pas ?,Pourquoi Pas,7/15/2014,7/29/2014,platform name uncertain,,,7,,12
2271,MOMARSAT2015,Pourquoi Pas ?,Pourquoi Pas,4/15/2015,4/26/2015,platform name uncertain,,,7,,12
2272,MOMARSAT2016,Atalante,Atalante,8/28/2016,9/10/2016,,,,-9999,,12
2273,MOMOS,RV KRKII,RV KRKII,12/30/2006,12/30/2006,,,,7,,5
2274,MONS02AR,Argo,Argo,NULL,NULL,,,,-9999,,8
2275,MONS03AR,Argo,Argo,NULL,NULL,,,,-9999,,8
2276,MONS06AR,Argo,Argo,NULL,NULL,,,,-9999,,8
2277,MONS07AR,Argo,Argo,NULL,NULL,,,,-9999,,8
2278,MONS08AR,Argo,Argo,NULL,NULL,,,,-9999,,8
2279,MONT,,,12/30/1996,12/30/1996,,,,-9999,,4
2280,Mosonszentmiklós 1993,,,NULL,NULL,,,,-9999,,21
2281,Mott Drilling 1962,Mott Drilling Co.,Mott Drilling Co.,6/20/1962,6/20/1962,,,,-9999,,18
2282,Mount Holyoke College,,,4/2/2014,4/2/2014,,,,-9999,,21
2283,MR07,,,10/31/2007,10/31/2007,,,,-9999,,4
2284,MRDF Nictaux Falls,,,NULL,NULL,,,,-9999,,18
2285,MRDF2021-SMU,,,7/31/2021,10/31/2021,,,,-9999,,12
2286,MRDF2022-SMU,,,2/28/2022,6/30/2022,,,,-9999,,12
2287,MRTN06WT,T. Washington,R/V Thomas Washington,NULL,NULL,,,,7,,8
2288,MSA REU NSF,,,1/9/2018,1/9/2018,,,,-9999,,11
2289,MSPI,,,12/30/2007,6/14/2016,,,,-9999,,4
2290,MST,,,11/29/2007,11/29/2007,,,,-9999,,3
2291,MSU Argentina 2018,,,3/8/2018,3/13/2018,,,,3,,18
2292,"MSU GLG 862 Duluth, MN field trip",,N.A.,10/13/2022,10/14/2022,,,Field campaign,3,,33
2293,MSU Rwanda 2018,,,7/24/2018,8/3/2018,,,,3,,15
2294,Mt. Paektu Geoscientific Experiment 2013,,,8/5/2013,8/9/2013,,,,3,,40
2295,MTC,,,6/13/2015,8/20/2015,,,,-9999,,3
2296,Munigua 2013,,,5/28/2013,5/28/2013,Geomagnetic survey in hispano-roman Municipium Flavium Muniguenese (Spain),,,15,,12
2297,Munigua 2019,,,NULL,NULL,,,,-9999,,12
2298,MURP,,,12/30/2004,12/30/2004,,,,-9999,,4
2299,MV1007,,,5/31/2010,5/31/2010,,,,-9999,,6
2300,MV1203,Melville,R/V Melville,2/14/2012,3/29/2012,,,,7,,6
2301,MV16,Melville,R/V Melville,11/16/2001,12/18/2001,,,,7,,4
2302,MV99,Melville,R/V Melville,10/29/1999,11/18/1999,,,,7,,4
2303,MVAP,,,6/19/2017,6/19/2017,,,,-9999,,4
2304,MW74,Moana Wave,R/V Moana Wave,5/2/1974,5/10/1974,,,,7,,4
2305,MW7402,Moana Wave,R/V Moana Wave,4/23/1974,4/29/1974,,,,7,,6
2306,MW8513,,,9/10/1985,9/16/1985,,,,-9999,,6
2307,MW8517,Moana Wave,R/V Moana Wave,12/4/1985,12/4/1985,,,,7,,6
2308,MW8518,Moana Wave,R/V Moana Wave,12/26/1985,1/3/1986,,,,7,,6
2309,MW8604,Moana Wave,R/V Moana Wave,NULL,NULL,,,,7,,6
2310,MW8607,,,8/20/1986,8/22/1986,,,,-9999,,6
2311,MW8701,Moana Wave,R/V Moana Wave,1/25/1986,1/30/1987,,,,7,,6
2312,MW8702,Moana Wave,R/V Moana Wave,2/11/1987,2/26/1987,,,,7,,6
2313,MW8708,Moana Wave,R/V Moana Wave,7/13/1987,7/25/1987,,,,7,,6
2314,MW8709,Moana Wave,R/V Moana Wave,8/15/1987,8/15/1987,,,,7,,6
2315,MW8712,Moana Wave,R/V Moana Wave,11/20/1987,12/12/1987,,,,7,,6
2316,MW8805,Moana Wave,R/V Moana Wave,4/30/1988,5/26/1988,,,,7,,6
2317,MW9109,Moana Wave,R/V Moana Wave,6/19/1991,7/10/1991,,,,7,,6
2318,MW9507,R/V Moana Wave,R/V Moana Wave,5/29/1995,6/20/1995,,,,7,,6
2319,MW9902,Moana Wave,R/V Moana Wave,NULL,NULL,,,,7,,6
2320,MWL,,,9/11/2013,10/15/2013,,,,-9999,,3
2321,Mystique  1993,Mystique,Mystique,1/30/1993,1/30/1993,,,,-9999,,14
2322,"N.F. Expedition, 1912",,,NULL,NULL,,,,3,,21
2323,"N.F. Expedition, 1913",,,NULL,NULL,,,,3,,21
2324,"N.F. Expedition, 1914",,,NULL,NULL,,,,3,,21
2325,n/r01/07/1999,,,6/30/1999,6/30/1999,,,,-9999,,13
2326,n/r01/09/2006,,,8/31/2006,8/31/2006,,,,-9999,,13
2327,n/r14/05/2013,,,5/13/2013,5/13/2013,,,,-9999,,13
2328,n/r16/05/2011,,,5/15/2011,5/15/2011,,,,-9999,,13
2329,n/r19/05/2011,,,5/18/2011,5/18/2011,,,,-9999,,13
2330,n/r28/06/2005,,,6/27/2005,6/27/2005,,,,-9999,,13
2331,n/r28/11/2011,,,11/27/2011,11/27/2011,,,,-9999,,13
2332,na,,,7/5/2023,7/5/2023,,,,-9999,,2
4227,NA,,,,,,,,-9999,,2
2333,NA007,E/V Nautilus,E/V Nautilus,7/28/2010,8/10/2010,,,,7,,5
2334,NA008,E/V Nautilus,E/V Nautilus,8/21/2010,8/28/2010,,,,7,,5
2335,NA009,E/V Nautilus,E/V Nautilus,9/3/2010,9/13/2010,,,,7,,5
2336,NA011,E/V Nautilus,E/V Nautilus,10/9/2010,10/13/2010,,,,7,,5
2337,NA014,E/V Nautilus,E/V Nautilus,9/4/2011,9/4/2011,,,,7,,5
2338,NA015,E/V Nautilus,E/V Nautilus,9/14/2011,9/22/2011,,,,7,,5
2339,NA017,E/V Nautilus,E/V Nautilus,10/9/2011,10/17/2011,,,,7,,5
2340,NA018,E/V Nautilus,E/V Nautilus,10/25/2011,11/2/2011,,,,7,,5
2341,NA019,E/V Nautilus,E/V Nautilus,11/9/2011,11/9/2011,,,,7,,5
2342,NA022,E/V Nautilus,E/V Nautilus,7/28/2012,8/6/2012,,,,7,,5
2343,NA023,E/V Nautilus,E/V Nautilus,8/14/2012,8/24/2012,,,,7,,5
2344,NA034,E/V Nautilus,E/V Nautilus,8/19/2013,8/29/2013,,,,7,,5
2345,NA035,E/V Nautilus,E/V Nautilus,10/5/2013,10/16/2013,,,,7,,5
2346,NA037,E/V Nautilus,E/V Nautilus,10/20/2013,10/27/2013,,,,7,,5
2347,NA039,E/V Nautilus,E/V Nautilus,10/31/2013,11/15/2013,,,,7,,5
2348,NA041,E/V Nautilus,E/V Nautilus,6/10/2014,6/12/2014,,,,7,,5
2349,NA050,E/V Nautilus,E/V Nautilus,8/18/2014,8/26/2014,,,,7,,5
2350,NA054,E/V Nautilus,E/V Nautilus,9/21/2014,10/7/2014,,,,7,,5
2351,NA062,E/V Nautilus,E/V Nautilus,6/14/2015,6/14/2015,,,,7,,5
2352,NA063,E/V Nautilus,E/V Nautilus,6/18/2015,6/19/2015,,,,7,,5
2353,NA064,,,NULL,NULL,,,,-9999,,5
2354,NA066,E/V Nautilus,E/V Nautilus,7/27/2015,8/8/2015,,,,7,,5
2355,NA067,E/V Nautilus,E/V Nautilus,8/13/2015,8/14/2015,,,,7,,5
2356,NA072,E/V Nautilus,E/V Nautilus,6/1/2016,6/17/2016,,,,7,,5
2357,NA073,E/V Nautilus,E/V Nautilus,6/26/2016,6/30/2016,,,,7,,5
2358,NA074,E/V Nautilus,E/V Nautilus,7/8/2016,7/18/2016,,,,7,,5
2359,NA075,E/V Nautilus,E/V Nautilus,7/24/2016,8/11/2016,,,,7,,5
2360,NA076,E/V Nautilus,E/V Nautilus,8/15/2016,8/15/2016,,,,7,,5
2361,NA077,E/V Nautilus,E/V Nautilus,8/20/2016,8/26/2016,,,,7,,5
2362,NA083,E/V Nautilus,E/V Nautilus,7/7/2017,7/27/2017,,,,7,,5
2363,NA085,E/V Nautilus,E/V Nautilus,8/6/2017,8/7/2017,,,,7,,5
2364,NA090,E/V Nautilus,E/V Nautilus,10/20/2017,10/26/2017,,,,7,,5
2365,NA092,E/V Nautilus,E/V Nautilus,11/9/2017,11/14/2017,,,,7,,5
2366,NA095,E/V Nautilus,E/V Nautilus,2/26/2018,6/27/2018,,,,7,,5
2367,NA101,E/V Nautilus,E/V Nautilus,9/18/2018,9/29/2018,,,,7,,5
2368,NA103,E/V Nautilus,E/V Nautilus,10/21/2018,10/21/2018,,,,7,,5
2369,NA104,E/V Nautilus,E/V Nautilus,11/3/2018,11/13/2018,,,,7,,5
2370,NA106,E/V Nautilus,E/V Nautilus,5/11/2019,5/11/2019,,,,7,,5
2371,NA110,E/V Nautilus,E/V Nautilus,6/27/2019,7/5/2019,,,,7,,5
2372,NA112,E/V Nautilus,E/V Nautilus,7/22/2019,8/3/2019,,,,7,,5
2373,NA114,E/V Nautilus,E/V Nautilus,8/29/2019,9/12/2019,,,,7,,5
2374,NA116,E/V Nautilus,E/V Nautilus,10/7/2019,10/7/2019,,,,7,,5
2375,NA117,E/V Nautilus,E/V Nautilus,10/13/2019,10/16/2019,,,,7,,5
2376,NA122,E/V Nautilus,E/V Nautilus,10/14/2020,10/14/2020,,,,7,,5
2377,NA123,E/V Nautilus,E/V Nautilus,10/16/2020,10/20/2020,,,,7,,5
2378,NA128,E/V Nautilus,E/V Nautilus,7/22/2021,8/2/2021,,,,7,,5
2379,NA131,E/V Nautilus,E/V Nautilus,9/24/2021,9/24/2021,,,,7,,5
2380,NA134,E/V Nautilus,E/V Nautilus,11/18/2021,5/28/2022,,,,7,,5
2381,NA135,E/V Nautilus,E/V Nautilus,12/9/2021,12/17/2021,,,,7,,5
2382,NA137,E/V Nautilus,E/V Nautilus,3/20/2022,6/29/2022,,,,7,,5
2383,NA138,E/V Nautilus,E/V Nautilus,4/10/2022,5/20/2022,,,,7,,5
2384,NA141,E/V Nautilus,E/V Nautilus,6/22/2022,9/20/2022,,,,7,,5
2385,NA149,E/V Nautilus,E/V Nautilus,5/19/2023,6/9/2023,,,,7,,5
2386,NA153,E/V Nautilus,E/V Nautilus,8/5/2023,8/25/2023,,,,7,,5
2387,NA154,E/V Nautilus,E/V Nautilus,9/4/2023,9/24/2023,,,,7,,5
2388,NA156,E/V Nautilus,E/V Nautilus,10/27/2023,10/28/2023,,,,7,,5
2389,NAPALM,RV KRKII,RV KRKII,10/4/2013,10/7/2013,,,,7,,6
2390,NASA IceCrystal Grant 80NSSC18K1518,,,6/6/2019,6/14/2019,,,,-9999,,35
2391,Natael Na,,,6/11/2019,6/11/2019,,,,-9999,,9
2392,National Geographic and WHOI expedition,,,8/8/2018,8/15/2018,,,,3,,39
2393,NAUSICAA,,,6/18/1996,9/19/1996,,,,-9999,,8
2394,Nautilus 2017,,,5/15/2017,5/10/2019,"source just has NA, guess this is a Nautilus activity",,,-9999,,13
2395,Navajo Duval,,,NULL,NULL,,,,-9999,,12
2396,NAZCOPAC,R/V Le Nadir,R/V Le Nadir,12/31/1987,12/31/1987,,,,7,,8
2397,NAZCOPAC-17,Nautile,Nautile,NULL,NULL,,,,-9999,,11
2398,NBP00-01,,R/V Nathaniel B. Palmer,12/31/1999,12/31/1999,,,,7,,8
2399,NBP00-03,R/V Nathaniel B. Palmer,R/V Nathaniel B. Palmer,12/31/1999,4/30/2000,,,,7,,8
2400,NBP01-01,R/V Nathaniel B. Palmer,R/V Nathaniel B. Palmer,12/31/2000,1/14/2016,,,,7,,8
2401,NBP01-07,,R/V Nathaniel B. Palmer,12/31/2000,12/31/2000,,,,7,,8
2402,NBP02-01,,R/V Nathaniel B. Palmer,12/31/2001,11/13/2014,,,,7,,8
2403,NBP03-01,R/V Nathaniel B. Palmer,R/V Nathaniel B. Palmer,12/31/2002,1/4/2003,,,,7,,8
2404,NBP03-06,,R/V Nathaniel B. Palmer,12/31/2002,12/31/2002,,,,7,,8
2405,NBP05-02,,R/V Nathaniel B. Palmer,12/31/2004,12/31/2004,,,,7,,8
2406,"NBP05-02, SHALDRIL",,R/V Nathaniel B. Palmer,12/31/2004,12/31/2004,,,,7,,18
2407,NBP05-05,,R/V Nathaniel B. Palmer,1/2/2005,6/28/2005,,,,7,,8
2408,NBP06-02a,R/V Nathaniel B. Palmer,R/V Nathaniel B. Palmer,12/31/2005,1/2/2006,,,,7,,9
2409,NBP06-03,Nathaniel B. Palmer,R/V Nathaniel B. Palmer,1/1/2006,4/29/2006,,,,7,,8
2410,NBP07-01,,R/V Nathaniel B. Palmer,1/12/2007,1/12/2007,,,,7,,8
2411,NBP07-03,Nathaniel B. Palmer,R/V Nathaniel B. Palmer,12/31/2006,4/29/2007,,,,7,,8
2412,NBP08-02,Nathaniel B. Palmer,R/V Nathaniel B. Palmer,12/31/2007,12/31/2007,,,,7,,8
2413,NBP08-03,R/V Nathaniel B. Palmer,R/V Nathaniel B. Palmer,12/31/2007,12/31/2007,,,,7,,8
2414,NBP08-08,Nathaniel B. Palmer,R/V Nathaniel B. Palmer,7/14/2008,7/31/2008,,,,7,,8
2415,NBP08-12,Nathaniel B. Palmer,R/V Nathaniel B. Palmer,11/20/2008,12/11/2008,,,,7,,8
2416,NBP09-08,Nathaniel B. Palmer,R/V Nathaniel B. Palmer,11/20/2009,12/17/2009,,,,7,,8
2417,NBP10-01,Nathaniel B. Palmer,R/V Nathaniel B. Palmer,12/31/2009,2/23/2010,,,,7,,8
2418,NBP10-02,Nathaniel B. Palmer,R/V Nathaniel B. Palmer,3/19/2010,4/25/2010,,,,7,,8
2419,NBP10-04,Nathaniel B. Palmer,R/V Nathaniel B. Palmer,10/25/2010,11/12/2010,,,,7,,8
2420,NBP10-05,Nathaniel B. Palmer,R/V Nathaniel B. Palmer,12/2/2010,1/8/2011,,,,7,,8
2421,NBP10-05A,Nathaniel B. Palmer,R/V Nathaniel B. Palmer,1/14/2011,1/14/2011,,,,7,,9
2422,NBP12-03,R/V Nathaniel B. Palmer,R/V Nathaniel B. Palmer,12/31/2011,12/31/2011,,,,7,,8
2423,NBP14-02,R/V Nathaniel B. Palmer,R/V Nathaniel B. Palmer,12/31/2013,12/9/2015,,,,7,,8
2425,NBP15-02A,R/V Nathaniel B. Palmer,R/V Nathaniel B. Palmer,3/2/2015,3/19/2015,,,,7,,9
2426,NBP15-02B,R/V Nathaniel B Palmer,R/V Nathaniel B. Palmer,3/19/2015,12/9/2015,,,,7,,9
4231,NBP1702,,,,,,,,-9999,,7
2427,NBP17-02,R/V Nathaniel B. Palmer,R/V Nathaniel B. Palmer,1/30/2017,2/25/2017,,,,7,,8
2429,NBP18-08,Nathaniel B. Palmer,R/V Nathaniel B. Palmer,10/24/2018,11/29/2018,,,,7,,8
2430,NBP93-01,R/V Nathaniel B. Palmer,R/V Nathaniel B. Palmer,12/31/1992,12/31/1992,,,,7,,8
2431,NBP93-08,Palmer,R/V Nathaniel B. Palmer,12/31/1992,1/4/1993,,,,7,,8
2432,NBP94-01,Palmer,R/V Nathaniel B. Palmer,12/31/1993,12/31/1993,,,,7,,8
2433,NBP94-07,,R/V Nathaniel B. Palmer,1/2/1994,1/2/1994,,,,7,,8
2434,NBP95-01,Palmer,R/V Nathaniel B. Palmer,12/31/1994,12/31/1994,,,,7,,8
2435,NBP96-01,R/V Nathaniel B. Palmer,R/V Nathaniel B. Palmer,12/31/1995,12/31/1995,,,,7,,8
2436,NBP98-01,Palmer,R/V Nathaniel B. Palmer,12/31/1997,12/31/1997,,,,7,,8
2437,NBP99-02,Palmer,R/V Nathaniel B. Palmer,12/31/1998,12/31/1998,,,,7,,8
2438,NBP99-03,Palmer,R/V Nathaniel B. Palmer,12/31/1998,12/31/1998,,,,7,,8
2439,NCKRI seed grant,,,12/10/2020,4/18/2021,,,,-9999,,16
2440,ND11,RV Ndunduma,RV Ndunduma,1/14/2011,1/14/2011,,,,7,,4
2441,NDE,,,6/7/2016,6/7/2016,,,,-9999,,3
2442,NE24,,,6/5/2024,6/5/2024,,,,-9999,,4
2443,NEMO02MV,Melville,R/V Melville,NULL,NULL,,,,7,,8
2444,New Gatun Locks Construction,,,8/24/2009,3/10/2010,,,,-9999,,28
2445,New Zealand:Core McNinch,NotApplicable,N.A.,4/11/2006,10/11/2006,,,,1,,24
2446,New Zealand:Kniskern,"Touchwood, 38 degrees South","Touchwood, 38 degrees South",2/14/2010,2/16/2010,,,,-9999,,20
2447,Newfoundland Expedition,,,NULL,NULL,,,,3,,23
2448,"Newfoundland Expedition, 1912",,,NULL,NULL,,,,3,,29
2449,"Newfoundland Expedition, 1913",,,NULL,NULL,,,,3,,29
2450,"Newfoundland Expedition, 1914",,,NULL,NULL,,,,3,,29
2451,"Newfoundland Expedition, 1915",,,NULL,NULL,,,,3,,29
2452,"Newfoundland Expedition, 1919",,,NULL,NULL,,,,3,,29
2453,"Next Generation Ecosystem Experiments, Tropics",,,2/15/2017,2/21/2017,,,,-9999,,46
2454,NGHP01,D/V Resolution,D/V JOIDES Resolution,NULL,NULL,,,,2,,6
2455,NH,,,12/30/2003,6/2/2010,,,,-9999,,2
2456,NHPM,,,3/4/2012,3/7/2012,,,,-9999,,4
2457,NIBI,,,3/28/2011,3/28/2011,,,,-9999,,4
2458,NICE,,,10/22/2011,5/16/2016,,,,-9999,,4
2459,NKARA65,Northwind,Northwind,NULL,NULL,All NKARA65 that assert platform are Northwind platform,,,-9999,,7
2460,NKARA67,,,NULL,NULL,,,,-9999,,7
2461,NKARA67 East Wind,East Wind,East Wind,NULL,NULL,"only one sample has just NKARA for cruise,and sample number is NKARA67-xxxxxx",,,-9999,,17
2462,NKARA67 Northwind,Northwind,Northwind,1/2/1967,1/2/1967,,,,-9999,,17
2463,NLSN,,,12/30/2007,12/30/2007,,,,-9999,,4
2464,"no project name, Baruna Jaya",Baruna Jaya,Baruna Jaya,7/3/2003,7/28/2003,,,,-9999,,28
2465,"no project name, Bjarni Saemundsson",Bjarni Saemundsson,R/V Bjarni Saemundsson,8/4/1988,9/30/1988,,,Research Cruise,-9999,,35
2466,"no project name, Kaiyo",Kaiyo,Kaiyo,8/21/1989,8/24/1989,,,,-9999,,22
2467,"no project name, Long Lines",Long Lines,Long Lines,8/15/1976,10/10/1976,,,,-9999,,27
2468,"no project name, Maritime Explorer",Maritime Explorer,Maritime Explorer,6/12/1989,6/14/1989,,,,-9999,,34
2469,"no project name, Nesmeyanov",Nesmeyanov,Nesmeyanov,9/5/1993,9/16/1993,,,,-9999,,27
2470,"no project name, Polar Star",Polar Star,Polar Star,9/6/1988,9/14/1993,,,,7,,27
2471,"no project name, R/V Hakurei-MARU",R/V Hakurei-MARU,R/V Hakurei-Maru,7/20/1979,8/29/1987,,,,7,,33
2472,"no project name, Shackelton",Shackelton,Shackleton,11/26/1981,1/5/1982,,,,-9999,,27
2473,"no project name, unknown",unknown,Unknown,4/2/1970,2/29/1972,,,,-9999,,24
2474,"no project name, Vinogradov",Vinogradov,Akademik Aleksandr Vinogradov,7/16/1991,7/23/1991,,,,7,,27
2475,NOAA - Metallogenesis,Researcher,Researcher,NULL,NULL,,,,8,,21
2476,NOA-Svalbard,,,8/3/2012,9/6/2012,,,,8,,12
2477,NOCA,,,12/30/1999,12/30/2009,,,,-9999,,4
2478,Noranda Minerals,,,6/11/1905,6/11/1905,,,Mineral Exploration,5,,16
2479,North Shore Volcanic Group 2015,,,NULL,NULL,,,,-9999,,31
2480,Northern Expedition 2000,R/V Western Flyer,R/V Western Flyer,8/12/2000,8/12/2000,,,,7,,24
2481,NorthernShield SR,,,6/30/2021,6/30/2021,,,,-9999,,17
2482,NoToVE,,,10/3/2004,11/13/2004,,,,-9999,,6
2483,Nov. 2015 Field work,,N.A.,11/26/2015,11/26/2015,,,Field campaign,3,,20
2484,NOVA03HO,Horizon,Horizon,NULL,NULL,,,,-9999,,8
2485,NOVA04HO,Horizon,Horizon,NULL,NULL,,,,-9999,,8
2486,NP04, RV Maman Benita,R/V Maman Benita,12/30/2004,12/30/2004,,,,7,,4
2487,NRF,,,6/27/2013,10/3/2014,,,,-9999,,3
2488,NSF - EARPF2010 UK Field Work BDC,,N.A.,7/4/2010,7/4/2010,,,Field campaign,3,,33
2489,NSF CAREER,,,6/10/2021,6/16/2021,,,,-9999,,10
2490,NSF EAR 2004684,,,5/21/2017,7/12/2019,,,,8,,15
4243,NSF EAR Grant #0609905,,,,,,,,-9999,,22
4244,NSF EAR Grant #2317814,,,,,,,,-9999,,22
2491,NSF GeoPRISMS Shared Platform 2015 Leg 3,R/V Maritime Maid,R/V Maritime Maid,9/7/2015,10/8/2015,,,,7,,40
2492,NSF grant ID 1761576,,,12/31/2018,12/31/2021,,,,8,,20
2493,NSF Moenave-Elliot Project,,,3/20/2022,3/24/2022,,,,8,,26
2494,NSF PLUME Program (TUIM01),Melville,R/V Melville,NULL,NULL,,,,7,,26
2495,NSF Project - Mesozoic West Antarctic Plateau,,,1/14/2009,1/14/2009,NSF Project - Collaborative Research: A Thermochronologic and Kinematic â€“ Thermal Modeling Test of the Collapse of a Mesozoic West Antarctic Plateau,,,8,,45
2496,NSFC41530207,,,NULL,NULL,,,,8,,12
2497,NSF-EAR award 0217598,,N.A.,2/28/2003,2/28/2003,fix fill-down error in legacy SESAR data,,,8,,21
2498,NSF-EAR award 0440169,,,6/21/2005,7/4/2005,,,Research project,8,,21
4236,NSF-EAR-2314532 Fieldwork,,,,,,,,-9999,,25
2499,NSF-RAPID Hurricane Florence,,,8/31/2016,8/31/2019,,,,8,,28
2500,NSVG 2015 Fieldwork,,N.A.,8/5/2015,8/5/2015,,,Field campaign,3,,19
2501,NT0210 3K,R/V Natsushima,R/V Natsushima,NULL,NULL,,,,7,,9
2502,NT0517,R/V Natsushima,R/V Natsushima,NULL,NULL,,,,7,,6
2503,NT1012,R/V Natsushima,R/V Natsushima,NULL,NULL,,,,7,,6
2504,NUNV,,,12/30/2001,12/30/2006,,,,-9999,,4
2505,NV861,PELICAN,R/V Pelican,2/14/1997,2/22/1997,,,,7,,5
2506,NV865,CAPE HATTERAS,Cape Hatteras,2/14/1997,3/16/1997,,,,-9999,,5
2507,NV871,NEW HORIZON,New Horizon,2/25/1997,3/11/1997,,,,-9999,,5
2508,NV885,PELICAN,R/V Pelican,8/28/1997,9/5/1997,,,,7,,5
2509,NV888,NEW HORIZON,New Horizon,9/8/1997,9/13/1997,,,,-9999,,5
2510,NV891,CAPE HENLOPEN,Cape Henlopen,2/17/1997,2/28/1997,,,,-9999,,5
2511,NV893,CAPE HENLOPEN,Cape Henlopen,8/21/1997,9/1/1997,,,,-9999,,5
2512,NV895,EWING,R/V Maurice Ewing,4/24/1997,4/25/1997,,,,7,,5
2513,NV896,NEW HORIZON,New Horizon,8/20/1997,9/2/1997,,,,-9999,,5
2514,NV899,POINT SUR,R/V Point Sur,2/14/1997,2/24/1997,,,,7,,5
2515,NV912,WECOMA,R/V Wecoma,3/17/1998,3/29/1998,,,,7,,5
2516,NV922,PELICAN,R/V Pelican,5/14/1998,5/20/1998,,,,7,,5
2517,NV923BI,KNORR,R/V Knorr,4/27/1998,4/27/1998,,,,7,,7
2518,NV923TO,KNORR,R/V Knorr,5/2/1998,5/4/1998,,,,7,,7
2519,NV924,NEW HORIZON,New Horizon,4/29/1998,5/15/1998,,,,-9999,,5
2520,NV926,NEW HORIZON,New Horizon,5/20/1998,5/31/1998,,,,-9999,,5
2521,NV933,CAPE HENLOPEN,Cape Henlopen,5/28/1998,6/13/1998,,,,-9999,,5
2522,NV946,CAPE HATTERAS,Cape Hatteras,10/8/1998,10/20/1998,,,,-9999,,5
2523,NV947,NEW HORIZON,New Horizon,10/27/1998,11/4/1998,,,,-9999,,5
2524,NV948,CAPE HENLOPEN,Cape Henlopen,11/2/1998,11/16/1998,,,,-9999,,5
2525,NV951,NEW HORIZON,New Horizon,7/31/1998,8/11/1998,,,,-9999,,5
2526,NV952,THOMAS THOMPSON,R/V Thomas G. Thompson,11/17/1998,11/18/1998,,,,7,,5
2527,NV953,POINT SUR,R/V Point Sur,1/7/1999,1/18/1999,,,,7,,5
2528,NV955,NEW HORIZON,New Horizon,1/8/1999,1/16/1999,,,,-9999,,5
2529,NV967,THOMAS THOMPSON,R/V Thomas G. Thompson,4/30/1999,5/12/1999,,,,7,,5
2530,NV982,THOMAS THOMPSON,R/V Thomas G. Thompson,10/12/1999,10/23/1999,,,,7,,5
2531,NV986,NEW HORIZON,New Horizon,11/4/1999,11/9/1999,,,,-9999,,5
2532,NV992,POINT SUR,R/V Point Sur,11/9/1999,11/18/1999,,,,7,,5
2533,NWG14,,,6/3/2014,6/7/2014,,,,-9999,,5
2534,NY-13 (EESC 3101),,,9/7/2013,9/22/2013,,,,-9999,,17
2535,NZ12,,,2/3/2012,3/4/2012,,,,-9999,,4
2536,NZ13,,,1/10/2013,1/13/2013,,,,-9999,,4
2537,OAOA03NH,New Horizon,New Horizon,NULL,NULL,,,,-9999,,8
2538,OASIS,Melville,R/V Melville,4/22/1982,5/2/1982,,,,7,,5
2539,OB87,Orca Basin,Orca Basin,12/9/1987,12/9/1987,,,,-9999,,4
2540,Ocean Study Group: Denmark,Chain,R/V Chain,,,,,,7,,26
2541,Oceanus 023,Oceanus,Oceanus,4/6/1977,4/12/1977,,,,7,,11
2542,Oceanus 043,OCEANUS,Oceanus,4/14/1978,11/4/1981,,,,7,,11
2543,Oceanus 152,Oceanus,Oceanus,3/31/1984,4/29/1984,,,,7,,11
2544,Oceanus 153,Oceanus,Oceanus,3/31/1984,3/31/1984,,,,7,,11
2545,Oceanus 154,Oceanus,Oceanus,3/31/1984,3/31/1984,,,,7,,11
2546,Oceanus 155,Oceanus,Oceanus,3/31/1984,3/31/1984,,,,7,,11
2547,Oceanus 156,Oceanus,Oceanus,3/31/1984,3/31/1984,,,,7,,11
2548,Oceanus 205,Oceanus,Oceanus,12/2/1988,12/16/1988,,,,7,,11
2549,Oceanus 212,Oceanus,Oceanus,9/11/1989,9/12/1989,,,,7,,11
2550,Oceanus 326,Oceanus,Oceanus,7/5/1998,7/5/1998,,,,7,,11
2551,Oceanus 376,Oceanus,Oceanus,4/24/2002,4/29/2002,,,,7,,11
2552,Oceanus 380,Oceanus,Oceanus,8/12/2002,8/15/2002,,,,7,,11
2553,Oceanus 383,Oceanus,Oceanus,10/18/2002,10/19/2002,,,,7,,11
2554,Oceanus 437-7,Oceanus,Oceanus,7/4/2007,7/24/2007,,,,7,,13
2555,OCNGR68,Oceanographer,Oceanographer,10/1/1968,10/1/1968,,,,-9999,,7
2556,OCR,,,4/23/2010,5/14/2010,,,,-9999,,3
4224,Öcsöd 2019; East Hungary Tell Project,,,,,,,,-9999,,37
2557,ODEMAR,Pourquoi Pas ? ,Pourquoi Pas,11/20/2013,12/18/2013,platform name uncertain,,,7,,6
2558,ODP,,,NULL,NULL,,,,-9999,,3
2559,ODP Leg 100,Joides Resolution,D/V JOIDES Resolution,1/11/1985,1/29/1985,,,,2,,11
2560,ODP Leg 101,Joides Resolution,D/V JOIDES Resolution,1/31/1985,3/11/1985,,,,2,,11
2561,ODP Leg 102,Joides Resolution,D/V JOIDES Resolution,3/19/1985,4/11/1985,,,,2,,11
2562,ODP Leg 103,Joides Resolution,D/V JOIDES Resolution,4/28/1985,6/11/1985,,,,2,,11
2563,ODP Leg 104,Joides Resolution,D/V JOIDES Resolution,6/27/1985,8/9/1985,,,,2,,11
2564,ODP Leg 105,Joides Resolution,D/V JOIDES Resolution,9/4/1985,10/23/1985,,,,2,,11
2565,ODP Leg 106,Joides Resolution,D/V JOIDES Resolution,11/8/1985,12/17/1985,,,,2,,11
2566,ODP Leg 107,Joides Resolution,D/V JOIDES Resolution,1/2/1986,2/15/1986,,,,2,,11
2567,ODP Leg 108,Joides Resolution,D/V JOIDES Resolution,2/27/1986,4/13/1986,,,,2,,11
2568,ODP Leg 109,Joides Resolution,D/V JOIDES Resolution,5/28/1986,6/11/1986,,,,2,,11
2569,ODP Leg 110,Joides Resolution,D/V JOIDES Resolution,6/27/1986,8/9/1986,,,,2,,11
2570,ODP Leg 111,Joides Resolution,D/V JOIDES Resolution,9/29/1986,10/8/1986,,,,2,,11
2571,ODP Leg 112,Joides Resolution,D/V JOIDES Resolution,10/30/1986,12/10/1986,,,,2,,11
2572,ODP Leg 113,Joides Resolution,D/V JOIDES Resolution,1/15/1987,3/3/1987,,,,2,,11
2573,ODP Leg 114,Joides Resolution,D/V JOIDES Resolution,3/17/1987,4/26/1987,,,,2,,11
2574,ODP Leg 115,Joides Resolution,D/V JOIDES Resolution,5/21/1987,6/28/1987,,,,2,,11
2575,ODP Leg 116,Joides Resolution,D/V JOIDES Resolution,7/9/1987,8/11/1987,,,,2,,11
2576,ODP Leg 117,Joides Resolution,D/V JOIDES Resolution,8/29/1987,10/5/1987,,,,2,,11
2577,ODP Leg 118,Joides Resolution,D/V JOIDES Resolution,10/26/1987,11/17/1987,,,,2,,11
2578,ODP Leg 119,Joides Resolution,D/V JOIDES Resolution,12/25/1987,2/10/1988,,,,2,,11
2579,ODP Leg 120,Joides Resolution,D/V JOIDES Resolution,3/6/1988,4/19/1988,,,,2,,11
2580,ODP Leg 121,Joides Resolution,D/V JOIDES Resolution,5/9/1988,6/14/1988,,,,2,,11
2581,ODP Leg 122,Joides Resolution,D/V JOIDES Resolution,7/7/1988,8/18/1988,,,,2,,11
2582,ODP Leg 123,Joides Resolution,D/V JOIDES Resolution,9/6/1988,10/19/1988,,,,2,,11
2583,ODP Leg 124,Joides Resolution,D/V JOIDES Resolution,11/9/1988,2/12/1989,associate with leg 124 based on date,,,2,,11
2584,ODP Leg 125,Joides Resolution,D/V JOIDES Resolution,2/21/1989,4/5/1989,,,,2,,11
2585,ODP Leg 126,Joides Resolution,D/V JOIDES Resolution,4/23/1989,6/1/1989,,,,2,,11
2586,ODP Leg 127,Joides Resolution,D/V JOIDES Resolution,6/25/1989,8/5/1989,,,,2,,11
2587,ODP Leg 128,Joides Resolution,D/V JOIDES Resolution,8/26/1989,10/11/1989,,,,2,,11
2588,ODP Leg 129,Joides Resolution,D/V JOIDES Resolution,11/25/1989,1/8/1990,,,,2,,11
2589,ODP Leg 130,D/V JOIDES Resolution,D/V JOIDES Resolution,1/27/1990,3/7/1990,,,,2,,11
2590,ODP Leg 131,Joides Resolution,D/V JOIDES Resolution,4/3/1990,5/27/1990,,,,2,,11
2591,ODP Leg 132,Joides Resolution,D/V JOIDES Resolution,6/13/1990,7/21/1990,,,,2,,11
2592,ODP Leg 133,Joides Resolution,D/V JOIDES Resolution,8/15/1990,10/8/1990,,,,2,,11
2593,ODP Leg 134,Joides Resolution,D/V JOIDES Resolution,10/20/1990,12/3/1990,,,,2,,11
2594,ODP Leg 135,Joides Resolution,D/V JOIDES Resolution,12/20/1990,2/1/1991,,,,2,,11
2595,ODP Leg 136,Joides Resolution,D/V JOIDES Resolution,3/3/1991,3/17/1991,,,,2,,11
2596,ODP Leg 137,Joides Resolution,D/V JOIDES Resolution,4/24/1991,4/24/1991,,,,2,,11
2597,ODP Leg 138,Joides Resolution,D/V JOIDES Resolution,5/8/1991,6/27/1991,,,,2,,11
2598,ODP Leg 139,Joides Resolution,D/V JOIDES Resolution,7/15/1991,9/3/1991,,,,2,,11
2599,ODP Leg 140,Joides Resolution,D/V JOIDES Resolution,11/5/1991,11/5/1991,,,,2,,11
2600,ODP Leg 141,Joides Resolution,D/V JOIDES Resolution,11/28/1991,1/1/1992,,,,2,,11
2601,ODP Leg 142,Joides Resolution,D/V JOIDES Resolution,1/6/1992,2/28/1992,,,,2,,11
2602,ODP Leg 143,Joides Resolution,D/V JOIDES Resolution,3/27/1992,5/15/1992,,,,2,,11
2603,ODP Leg 144,Joides Resolution,D/V JOIDES Resolution,5/23/1992,7/17/1992,,,,2,,11
2604,ODP Leg 145,Joides Resolution,D/V JOIDES Resolution,7/28/1992,9/13/1992,,,,2,,11
2605,ODP Leg 146,Joides Resolution,D/V JOIDES Resolution,9/25/1992,11/20/1992,,,,2,,11
2606,ODP Leg 147,Joides Resolution,D/V JOIDES Resolution,12/3/1992,1/12/1993,,,,2,,11
2607,ODP Leg 148,Joides Resolution,D/V JOIDES Resolution,1/27/1993,2/15/1993,,,,2,,11
2608,ODP Leg 149,Joides Resolution,D/V JOIDES Resolution,3/30/1993,5/22/1993,,,,2,,11
2609,ODP Leg 150,Joides Resolution,D/V JOIDES Resolution,6/10/1993,7/18/1993,,,,2,,11
2610,ODP Leg 151,Joides Resolution,D/V JOIDES Resolution,8/4/1993,9/15/1993,,,,2,,11
2611,ODP Leg 152,Joides Resolution,D/V JOIDES Resolution,9/29/1993,11/13/1993,,,,2,,11
2612,ODP Leg 153,Joides Resolution,D/V JOIDES Resolution,12/1/1993,1/16/1994,start date interpoloated from adjacent legs,,,2,,11
2613,ODP Leg 154,Joides Resolution,D/V JOIDES Resolution,2/4/1994,3/15/1994,,,,2,,11
2614,ODP Leg 155,Joides Resolution,D/V JOIDES Resolution,4/1/1994,5/17/1994,,,,2,,11
2615,ODP Leg 156,Joides Resolution,D/V JOIDES Resolution,6/3/1994,7/10/1994,,,,2,,11
2616,ODP Leg 157,Joides Resolution,D/V JOIDES Resolution,8/5/1994,9/15/1994,,,,2,,11
2617,ODP Leg 158,Joides Resolution,D/V JOIDES Resolution,10/5/1994,11/15/1994,,,,2,,11
2618,ODP Leg 159,Joides Resolution,D/V JOIDES Resolution,12/30/1994,2/14/1995,,,,2,,11
2619,ODP Leg 160,Joides Resolution,D/V JOIDES Resolution,3/14/1995,4/30/1995,,,,2,,11
2620,ODP Leg 161,Joides Resolution,D/V JOIDES Resolution,5/6/1995,6/20/1995,,,,2,,11
2621,ODP Leg 162,Joides Resolution,D/V JOIDES Resolution,7/9/1995,8/26/1995,,,,2,,11
2622,ODP Leg 163,Joides Resolution,D/V JOIDES Resolution,9/8/1995,9/23/1995,,,,2,,11
2623,ODP Leg 164,Joides Resolution,D/V JOIDES Resolution,11/4/1995,12/9/1995,,,,2,,11
2624,ODP Leg 165,Joides Resolution,D/V JOIDES Resolution,12/23/1995,2/14/1996,,,,2,,11
2625,ODP Leg 166,Joides Resolution,D/V JOIDES Resolution,2/23/1996,4/3/1996,,,,2,,11
2626,ODP Leg 167,Joides Resolution,D/V JOIDES Resolution,4/25/1996,6/11/1996,,,,2,,11
2627,ODP Leg 168,Joides Resolution,D/V JOIDES Resolution,6/23/1996,8/11/1996,,,,2,,11
2628,ODP Leg 169,Joides Resolution,D/V JOIDES Resolution,8/18/1996,10/9/1996,,,,2,,11
2629,ODP Leg 170,Joides Resolution,D/V JOIDES Resolution,11/1/1996,12/7/1996,,,,2,,11
2630,ODP Leg 171,Joides Resolution,D/V JOIDES Resolution,1/13/1997,2/8/1997,,,,2,,11
2631,ODP Leg 171B,,D/V JOIDES Resolution,NULL,NULL,Site 1050,,,2,,12
2632,ODP Leg 172,Joides Resolution,D/V JOIDES Resolution,2/19/1997,4/4/1997,,,,2,,11
2633,ODP Leg 173,Joides Resolution,D/V JOIDES Resolution,4/23/1997,5/31/1997,,,,2,,11
2634,ODP Leg 174,Joides Resolution,D/V JOIDES Resolution,6/22/1997,6/24/1999,,,,2,,11
2635,ODP Leg 174AX,,D/V JOIDES Resolution,NULL,NULL,,,,2,,13
2636,ODP Leg 175,Joides Resolution,D/V JOIDES Resolution,8/23/1997,10/5/1997,,,,2,,11
2637,ODP Leg 176,Joides Resolution,D/V JOIDES Resolution,11/18/1992,12/6/1997,,,,2,,11
2638,ODP Leg 177,Joides Resolution,D/V JOIDES Resolution,12/16/1997,1/21/1998,,,,2,,11
2639,ODP Leg 178,Joides Resolution,D/V JOIDES Resolution,2/17/1998,3/22/1998,,,,2,,11
2640,ODP Leg 179,Joides Resolution,D/V JOIDES Resolution,5/2/1998,5/22/1998,,,,2,,11
2641,ODP Leg 180,Joides Resolution,D/V JOIDES Resolution,6/16/1998,7/27/1998,,,,2,,11
2642,ODP Leg 181,Joides Resolution,D/V JOIDES Resolution,8/21/1998,10/2/1998,,,,2,,11
2643,ODP Leg 182,Joides Resolution,D/V JOIDES Resolution,10/24/1998,12/2/1998,,,,2,,11
2644,ODP Leg 183,Joides Resolution,D/V JOIDES Resolution,12/22/1998,2/4/1999,,,,2,,11
2645,ODP Leg 184,Joides Resolution,D/V JOIDES Resolution,3/2/1999,4/4/1999,,,,2,,11
2646,ODP Leg 185,Joides Resolution,D/V JOIDES Resolution,4/27/1999,6/6/1999,,,,2,,11
2647,ODP Leg 186,Joides Resolution,D/V JOIDES Resolution,6/21/1999,8/9/1999,,,,2,,11
2648,ODP Leg 187,Joides Resolution,D/V JOIDES Resolution,11/1/1999,1/3/2000,,,,2,,11
2649,ODP Leg 188,Joides Resolution,D/V JOIDES Resolution,1/27/2000,2/28/2000,,,,2,,11
2650,ODP Leg 189,Joides Resolution,D/V JOIDES Resolution,3/16/2000,4/27/2000,,,,2,,11
2651,ODP Leg 190,Joides Resolution,D/V JOIDES Resolution,5/28/2000,7/11/2000,,,,2,,11
2652,ODP Leg 191,Joides Resolution,D/V JOIDES Resolution,7/25/2000,9/9/2000,,,,2,,11
2653,ODP Leg 192,D/V JOIDES Resolution,D/V JOIDES Resolution,9/17/2000,10/28/2000,,,,2,,11
2654,ODP Leg 193,Joides Resolution,D/V JOIDES Resolution,11/18/2000,12/27/2000,,,,2,,11
2655,ODP Leg 194,Joides Resolution,D/V JOIDES Resolution,1/8/2001,2/17/2001,,,,2,,11
2656,ODP Leg 195,Joides Resolution,D/V JOIDES Resolution,3/10/2001,4/28/2001,,,,2,,11
2657,ODP Leg 196,Joides Resolution,D/V JOIDES Resolution,5/20/2000,5/18/2001,,,,2,,11
2658,ODP Leg 197,Joides Resolution,D/V JOIDES Resolution,7/11/2001,8/12/2001,,,,2,,11
2659,ODP Leg 198,Joides Resolution,D/V JOIDES Resolution,9/5/2001,10/11/2001,,,,2,,11
2660,ODP Leg 198 Site 1209B,,D/V JOIDES Resolution,NULL,NULL,,,,2,,22
2661,ODP Leg 199,Joides Resolution,D/V JOIDES Resolution,10/30/2001,12/10/2001,,,,2,,11
2662,ODP Leg 200,Joides Resolution,D/V JOIDES Resolution,12/21/2001,1/14/2002,,,,2,,11
2663,ODP Leg 201,Joides Resolution,D/V JOIDES Resolution,2/7/2002,3/21/2002,,,,2,,11
2664,ODP Leg 202,Joides Resolution,D/V JOIDES Resolution,4/7/2002,5/27/2002,,,,2,,11
2665,ODP Leg 203,Joides Resolution,D/V JOIDES Resolution,6/12/2002,6/19/2002,,,,2,,11
2666,ODP Leg 204,Joides Resolution,D/V JOIDES Resolution,7/12/2002,8/29/2002,,,,2,,11
2667,ODP Leg 205,Joides Resolution,D/V JOIDES Resolution,9/22/2002,10/30/2002,,,,2,,11
2668,ODP Leg 206,Joides Resolution,D/V JOIDES Resolution,11/14/2002,11/23/2002,,,,2,,11
2669,ODP Leg 207,Joides Resolution,D/V JOIDES Resolution,1/15/2003,2/19/2003,,,,2,,11
2670,ODP Leg 207 Site 1259,,D/V JOIDES Resolution,NULL,NULL,,,,2,,21
2671,ODP Leg 208,Joides Resolution,D/V JOIDES Resolution,3/24/2003,4/23/2003,,,,2,,11
2672,ODP Leg 209,Joides Resolution,D/V JOIDES Resolution,5/22/2003,6/24/2003,,,,2,,11
2673,ODP Leg 210,Joides Resolution,D/V JOIDES Resolution,7/18/2003,9/2/2003,,,,2,,11
2674,ODP Leg 302,,,NULL,NULL,,,,-9999,,11
2675,OGAP,,,8/14/1997,7/11/2014,,,,-9999,,4
2676,OGCP,,,NULL,NULL,,,,-9999,,4
2677,OGDP,,,8/12/2014,8/20/2014,,,,-9999,,4
2678,OHIO,,,6/20/2014,6/25/2014,,,,-9999,,4
2679,OHPA,,,8/17/2015,8/25/2015,,,,-9999,,4
2680,Oil well drilling,,Unknown,NULL,NULL,,,Oil and Gas Exploration,6,,17
2681,OJB,,,5/31/2007,12/30/2007,,,,-9999,,3
2682,OJB09,,,2/28/2009,2/28/2009,,,,-9999,,5
2683,OJB2,,,2/20/2008,12/30/2008,,,,-9999,,4
2684,OJB4,,,2/20/2010,2/26/2010,,,,-9999,,4
2685,Okolište 2006 Late Neolithic settlement Visoko Basin Central Bosnia,,,9/21/2006,9/25/2006,"Okolište 2006; ""The reconstruction of Late Neolithic settlement processes in the Visoko Basin in Central Bosnia""",,,15,,67
2686,OMAA,,,1/8/2012,6/24/2013,,,,-9999,,4
2687,Oman Drilling Project,,,NULL,NULL,,,,11,,21
2688,Oman Fieldwork 2023,,N.A.,1/21/2023,1/26/2023,,,Field campaign,3,,19
2689,Oman Fieldwork 2024,,N.A.,1/15/2024,1/15/2024,,,Field campaign,3,,19
2690,Omo River Project,,,NULL,NULL,,,,16,,17
2691,ON2,Onrust,Onrust,12/2/1998,12/3/1998,,,,-9999,,3
2692,ON3,Onrust,Onrust,11/30/1998,12/1/1998,,,,-9999,,3
2693,ON4,Onrust,Onrust,4/11/2000,4/11/2000,,,,-9999,,3
2694,Operation Deep Freeze II,Edisto,USCGC Edisto,5/9/1905,5/10/1905,,,,-9999,,24
2695,Operation Deep Freeze IV,Edisto,USCGC Edisto,NULL,NULL,,,,-9999,,24
2696,OPS,RV Happy,RV Happy,7/11/2007,7/11/2007,,,,7,,3
2697,ORDWAY,,,1/30/2011,1/30/2011,,,,-9999,,6
2698,OSO09-10,Oden,Oden,12/31/2008,12/6/2015,Date range is uncertain,,,-9999,,8
2699,OSS276,,,2/24/2016,7/19/2018,,,,-9999,,6
2700,OSS2761,,,6/12/2017,6/12/2017,,,,-9999,,7
2701,OSU,RV KRKII,RV KRKII,6/30/2005,9/16/2015,Date range is uncertain,,,7,,3
2702,OUNIK,,,12/30/2003,12/30/2004,,,,-9999,,5
2703,OWENS,,,12/30/1992,12/30/1992,,,,-9999,,5
2704,P6903,R/V Pillsbury,R/V Pillsbury,NULL,NULL,,,,7,,5
2705,PA9802,Palmer,R/V Nathaniel B. Palmer,3/4/1998,3/28/1998,,,,7,,6
2706,PACHIDERME,R/V Marion Dufresne,R/V Marion Dufresne,2/14/2007,2/15/2007,,,,7,,10
2707,PACIMA,,,4/7/1994,4/18/1994,,,,-9999,,6
2708,Pakostane Janice 2019; aDNA-Project,,,9/16/2019,9/17/2019,,,,8,,35
2709,PAL2,,,12/30/2006,12/30/2007,,,,-9999,,4
2710,PALAS2014,,,11/5/2014,11/5/2014,,,,-9999,,9
2711,PALAU,RV Avon,RV Avon,9/10/2013,10/3/2016,,,,7,,5
2712,Palau 2020,,,3/8/2020,3/8/2020,,,,-9999,,10
2713,PALEOMAG26/04/10,,,4/25/2010,4/25/2010,,,,-9999,,16
2714,PaleoMoz,,,NULL,NULL,,,,-9999,,8
2715,PaleoMoz project,,,NULL,NULL,,,,8,,16
2716,PALEON,,,6/16/2015,6/19/2015,,,,-9999,,6
2717,Paleoseismic project,,,3/5/2024,3/5/2024,,,,8,,20
2718,PALEOSUMA2010,,,12/18/2010,12/18/2010,,,,-9999,,13
2719,PALEOSUMA2013,,,11/25/2013,11/25/2013,,,,-9999,,13
2720,PALEOSUMA2014,,,10/8/2014,10/8/2014,,,,-9999,,13
2721,PALEOSUMA2015,,,3/29/2015,3/29/2015,,,,-9999,,13
2722,Palmer 2020,,,9/14/2020,9/14/2020,,,,-9999,,11
2723,PALSS,,,3/1/2012,3/3/2012,,,,-9999,,5
2724,Pamir,,,7/23/2007,7/23/2007,,,,-9999,,5
2725,Pan Palladium 2002 drilling campaign,,,NULL,NULL,,,,11,,36
2726,PANR01MV,Melville,R/V Melville,NULL,NULL,,,,7,,8
2727,PANR04MV,Melville,R/V Melville,2/1/1998,2/20/1998,,,,7,,8
2728,PANR06MV,Melville,R/V Melville,NULL,NULL,,,,7,,8
2729,Papatua,Thomas Washington,R/V Thomas Washington,NULL,NULL,,,,7,,7
2730,PAPATUA Leg 05 (1986),Thomas Washington,R/V Thomas Washington,1/31/1986,1/31/1986,,,,7,,21
2731,Park,,,NULL,NULL,,,,-9999,,4
2732,PARRIS,,,12/30/2001,12/30/2001,,,,-9999,,6
2733,PARTNERS,,,4/6/2004,6/14/2004,,,,-9999,,8
2734,PASC03WT,R/V Thomas Washington,R/V Thomas Washington,3/6/1983,3/23/1983,,,,7,,8
2735,PASC04WT,R/V Thomas Washington,R/V Thomas Washington,4/20/1983,4/21/1983,,,,7,,8
2736,PAT,,,7/7/2015,7/12/2015,,,,-9999,,3
2737,PATACH,,,11/4/2009,11/13/2009,,,,-9999,,6
2738,PATTON,,,9/8/2008,9/8/2008,,,,-9999,,6
4313,Paul Hazet  PhD,,,,,,,,-9999,,15
2739,Paulina Marsh Coring,,,7/5/2019,7/5/2019,,,,1,,20
2740,PAWTL Project,,,2/28/2016,2/28/2016,,,,8,,13
2741,PAWTL2 Project,,,10/10/2017,11/9/2017,,,,8,,14
2742,PBO/UNAVCO,,,8/17/2008,8/17/2008,,,,-9999,,10
2743,PBR,,,2/15/2009,2/17/2009,,,,-9999,,3
2744,PC88-III,,,12/31/1987,12/31/1987,,,,-9999,,8
2745,PD,,,4/10/2017,4/19/2017,,,,-9999,,2
2746,PD86-VIII,Polar Duke,Polar Duke,12/31/1985,1/2/1986,,,,7,,9
2747,PD88-III,Polar Duke,Polar Duke,12/31/1987,12/31/1987,,,,7,,8
2748,PD88-VI,Polar Duke,Polar Duke,12/31/1987,12/31/1987,,,,7,,7
2749,PD89-IV,Polar Duke,Polar Duke,12/31/1988,12/31/1988,,,,7,,7
2750,PD90-II,Polar Duke,Polar Duke,12/31/1989,12/31/1989,,,,7,,7
2751,PD90-VII,Polar Duke,Polar Duke,12/31/1989,12/31/1989,,,,7,,8
2752,PD91-I,Polar Duke,Polar Duke,12/31/1990,12/31/1990,,,,7,,6
2753,PD92-II,Polar Duke,Polar Duke,12/31/1991,12/31/1991,,,,7,,7
2754,PD93-VI,Polar Duke,Polar Duke,12/31/1992,12/31/1992,,,,7,,7
2755,PD95-X,Polar Duke,Polar Duke,12/31/1994,12/31/1994,,,,7,,6
2756,PdT17,,,1/9/2017,1/9/2017,,,,-9999,,5
2757,PE22-17,RV Pelican,R/V Pelican,1/9/2022,1/24/2022,,,,7,,7
2758,PE2304,R/V Pelican,R/V Pelican,8/5/2022,8/19/2022,,,,7,,6
2759,PEAT,,,12/30/1978,12/30/1993,,,,-9999,,4
2760,PEMI,,,5/8/2013,5/23/2013,,,,-9999,,4
2761,PENN,RV Happy,RV Happy,8/8/2010,8/8/2010,,,,7,,4
2762,PERU,,,7/12/2009,7/22/2009,,,,-9999,,4
2763,PETEN,,,12/30/1996,12/30/1997,,,,-9999,,5
2764,Ph. D. Thesis Padrón-Navarta,,,7/16/2006,8/27/2009,,,,14,,28
4222,Ph.D. Khorasan,,,,,,,,-9999,,14
2765,Ph.D. Thesis Mohsen Mobasheri,,,NULL,NULL,,,,14,,29
2766,PhD 2000,,,NULL,NULL,,,,14,,8
2767,PhD Dario Pedrazzi,,,NULL,NULL,,,,14,,18
2768,PhD fieldwork,,N.A.,7/31/2011,7/31/2011,,,Field campaign,3,,13
2769,Phelps Dodge - San Xavier,,,NULL,NULL,,,,5,,25
2770,PHNX02MV,Melville,R/V Melville,7/20/1992,8/8/1992,,,,7,,8
2771,PHNX03MV,Melville,R/V Melville,8/24/1992,8/27/1992,,,,7,,8
2772,PIB,,,3/5/2010,3/5/2010,,,,-9999,,3
2773,PICABIA,,,3/19/2003,7/25/2003,,,,-9999,,7
2774,PICEA,,,6/30/2003,7/25/2009,,,,-9999,,5
2775,Pietrele 2012,,,NULL,NULL,,,,-9999,,13
2776,Pilbara Sample Return 2022,,,6/14/2022,6/14/2022,correct fill down problem; all collection dates on Pilbara Sample Return are 2022,,,-9999,,26
2777,Pillsbury,,,NULL,NULL,,,,-9999,,9
2778,Pilot Strategy 2021-2022,,,11/5/2021,3/29/2022,,,,-9999,,24
2779,Pilot Strategy 2023-2024,,,7/14/2023,4/21/2024,,,,-9999,,24
2780,Pioneer cruise Stn 03 ,r/v Pioneer,R/V Pioneer,3/12/1962,3/12/1962,,,,7,,22
2781,Pioneer cruise Stn 14 ,r/v Pioneer,R/V Pioneer,3/12/1962,3/12/1962,,,,7,,22
2782,Pioneer cruise Stn 27 ,r/v Pioneer,R/V Pioneer,NULL,NULL,,,,7,,22
2783,Pioneer cruise Stn 31 ,r/v Pioneer,R/V Pioneer,NULL,NULL,,,,7,,22
2784,Pioneer cruise Stn 40 ,r/v Pioneer,R/V Pioneer,3/12/1962,3/12/1962,,,,7,,22
2785,Pioneer cruise Stn 41 ,r/v Pioneer,R/V Pioneer,3/11/1962,3/11/1962,,,,7,,22
2786,Pioneer cruise Stn 44 ,r/v Pioneer,R/V Pioneer,NULL,NULL,,,,7,,22
2787,Pioneer cruise Stn 52 ,r/v Pioneer,R/V Pioneer,3/12/1962,3/12/1962,,,,7,,22
2788,Pioneer cruise Stn 53 ,r/v Pioneer,R/V Pioneer,NULL,NULL,,,,7,,22
2789,PIP 100523 CONICET,,,2/21/2015,2/21/2015,,,,-9999,,18
2790,PIREN Seine,,,6/5/2016,9/5/2021,,,,-9999,,11
2791,PISCO,,,1/16/2013,1/19/2013,,,,-9999,,5
2792,PITT,,,7/15/2011,7/25/2011,,,,-9999,,4
2793,PJP-RI-1,Unknown,Unknown,NULL,NULL,,,,-9999,,8
2794,PKC,,,1/23/2015,6/17/2015,,,,-9999,,3
2795,PLAD,,,10/27/2012,5/31/2014,,,,-9999,,4
2796,Plan Chlordécone en Martinique et en Guadeloupe,,,2/15/2023,2/20/2023,,,,-9999,,47
2797,Plan Chlordécone IV,,,2/12/2023,2/20/2023,,,,-9999,,19
2798,PLDS01MV,Melville,R/V Melville,NULL,NULL,,,,7,,8
2799,PLDS02MV,Melville,R/V Melville,NULL,NULL,,,,7,,8
2800,PLDS04MV,Melville,R/V Melville,NULL,NULL,,,,7,,8
2801,Pleiades,,,NULL,NULL,,,,-9999,,8
2802,PLJ,,,7/1/2015,8/14/2015,,,,-9999,,3
2803,PLJL,,,7/4/2015,8/4/2015,,,,-9999,,4
2804,PLJV,,,6/6/2012,6/9/2012,,,,-9999,,4
2805,PLSL,,,6/8/2009,6/8/2009,,,,-9999,,4
2806,PLTO03MV,Melville,R/V Melville,NULL,NULL,,,,7,,8
2807,PLTO07NH,New Horizon,New Horizon,NULL,NULL,,,,-9999,,8
2808,PLUM05WT,T. Washington,R/V Thomas Washington,NULL,NULL,,,,7,,8
2809,PLUME2,,,12/31/1989,12/31/1989,,,,-9999,,6
2810,PNNL PREMIS,,,10/31/2019,10/31/2019,,,,-9999,,11
2811,PNWH,,,8/10/2012,8/13/2015,,,,-9999,,4
2812,PO,,,2/26/2012,2/27/2012,,,,-9999,,2
2813,Point Sur 2013,,,NULL,NULL,,,,-9999,,14
2814,Polar Stern 59,,Polar Stern,8/5/2001,9/23/2001,,,,7,,14
2815,Polar Stern 60,,Polar Stern,8/16/2002,8/16/2002,,,,7,,14
2816,Polar Stern PS-84,Polar Stern,R/V Polarstern,7/30/1984,7/30/1984,,,,7,,17
2817,POLK,,,12/30/2007,12/30/2007,,,,-9999,,4
2818,POLLI,,,7/19/2017,7/20/2017,,,,-9999,,5
2819,Pos232,R/V Poseidon,R/V Poseidon,9/19/1997,9/19/1997,,,,7,,6
2820,Pos286,R/V Poseidon,R/V Poseidon,9/19/1997,9/19/1997,,,,7,,6
2821,POS512,,,NULL,NULL,,,,-9999,,6
2822,POST-DOC ENTERS D 01/07/07,,,6/30/2007,7/6/2008,,,,-9999,,26
2823,Potzlow 2011/2012,,,NULL,NULL,,,,-9999,,17
2824,PPGPR,,,10/19/2015,10/19/2015,,,,-9999,,5
2825,PP-RI-01,Unknown,Unknown,NULL,NULL,,,,-9999,,8
2826,PP-RI-02,Unknown,Unknown,NULL,NULL,,,,-9999,,8
2827,PPTU03WT,T. Washington,R/V Thomas Washington,NULL,NULL,,,,7,,8
2828,PPTU04WT,T. Washington,R/V Thomas Washington,NULL,NULL,,,,7,,8
2829,PPTU05WT,T. Washington,R/V Thomas Washington,NULL,NULL,,,,7,,8
2830,PPTU06WT,T. Washington,R/V Thomas Washington,NULL,NULL,,,,7,,8
2831,PPTU11WT,T. Washington,R/V Thomas Washington,NULL,NULL,,,,7,,8
2832,PR-73-74,Unknown,Unknown,NULL,NULL,,,,-9999,,8
2833,Prasklice 2012; Geomagnetic prospection in the Czech Republic,,,8/31/2012,8/31/2012,,,,-9999,,61
2834,PRES,,,9/30/2012,10/4/2012,,,,-9999,,4
2835,PRI,,,2/24/2012,2/24/2012,,,,-9999,,3
2836,"Princeton Expedition, 1913",,,NULL,NULL,,,,-9999,,26
2837,PRIVILEGE,,,4/19/2004,5/28/2004,,,,-9999,,9
2838,PRL,,,3/2/2016,3/3/2016,,,,-9999,,3
2839,PROA02BD,Baird,Baird,NULL,NULL,,,,-9999,,8
2840,PROA3ABD,Baird,Baird,NULL,NULL,,,,-9999,,8
2841,PROCOPE02/10/12,,,10/1/2012,10/1/2012,,,,-9999,,15
2842,Profile,,,NULL,NULL,,,,-9999,,7
2843,Project 6946,,,NULL,NULL,,,,8,,12
2844,PROJET ARCHEO13/07/12,,,7/10/2012,7/10/2012,,,,15,,21
2845,PROK,,,12/30/2002,12/30/2006,,,,-9999,,4
2846,PROM,,,5/19/2008,6/10/2008,,,,-9999,,4
2847,PROT01MV,Melville,R/V Melville,NULL,NULL,,,,7,,8
2848,PROT05MV,Melville,R/V Melville,NULL,NULL,,,,7,,8
2849,PROT06MV,Melville,R/V Melville,NULL,NULL,,,,7,,8
2850,PROTEA,Melville,R/V Melville,NULL,NULL,,,,7,,6
2851,PROTEA Acoustically Navigated Geological Underwater Survey (ANGUS),Melville,R/V Melville,NULL,NULL,,,,7,,66
2852,PROTEVS_DUNES_2013,,,3/19/2013,8/26/2013,,,,-9999,,18
2853,Providencia,,,NULL,NULL,,,,-9999,,11
2854,PS101,R/V Polarstern,R/V Polarstern,NULL,NULL,,,,7,,5
2855,PS78,R/V Polarstern,R/V Polarstern,NULL,NULL,,,,7,,4
2856,PSaba20140619,,,5/19/2014,5/19/2014,,,,-9999,,13
2857,PTL,,,6/19/2008,6/30/2008,,,,-9999,,3
2858,PUP,,,9/1/2005,9/1/2005,,,,-9999,,3
2859,PUT,,,5/11/2014,5/27/2014,,,,-9999,,3
2860,Putinesti 2015 Sântana-de-Mureş Culture between Prut und Dniester,,,7/29/2015,7/3/2016,"Putinesti 2015; ""Cultural relations of the Sântana-de-Mureş-Culture between Prut und Dniester""",,,15,,65
2861,PZA,,,2/28/2010,5/31/2011,,,,-9999,,3
2862,QHNPN,,,1/2/2015,1/2/2015,,,,-9999,,5
2863,QHSC,,,5/31/2007,5/31/2007,,,,-9999,,4
2864,QLE,,,12/30/2006,12/30/2006,,,,-9999,,3
2865,QLR,,,3/15/2011,6/22/2011,,,,-9999,,3
2866,QUAKE,RV KRKII,RV KRKII,5/17/2013,5/20/2013,,,,7,,5
2867,Quartzsite,,,NULL,NULL,,,,-9999,,10
2868,QUECA,,,12/31/2011,12/31/2011,,,,-9999,,5
2869,R.V. Thompson TT 080 (1973),,R.V. Thompson,5/31/1973,5/31/1973,,,,7,,27
2870,R.V. Thompson TT 170 (1981),,R.V. Thompson,5/31/1981,5/31/1981,,,,7,,27
2871,R.V. Thompson TT 175 (1983),,R.V. Thompson,5/31/1983,5/31/1983,,,,7,,27
2872,"R/V G.O. Sars, CGB2011",,,12/31/2010,12/31/2010,,,,7,,22
2873,"R/V Haakon Mosby, SM01",,,12/31/2000,12/31/2000,,,,7,,22
2874,R/V KEXUE cruise in 2015,,,1/15/2011,1/15/2011,,,,7,,24
2875,R/V Poseidon Leg 436,,,12/31/2011,12/31/2011,,,,7,,20
2876,R/V Thompson 2015,Thompson,R/V Thomas G. Thompson,7/26/2015,8/27/2015,,,,-9999,,17
2877,RAD,,,NULL,NULL,,,,-9999,,3
2878,RADIS,,,6/5/2022,9/19/2022,,,,-9999,,5
2879,RAIT02WT,Thomas Washington,R/V Thomas Washington,2/14/1988,3/10/1988,,,,7,,8
2880,RAIT03WT,T. Washington,R/V Thomas Washington,NULL,NULL,,,,7,,8
2881,RAMA01,Rama,Rama,NULL,NULL,,,,-9999,,6
2882,RAMA06WT,T. Washington,R/V Thomas Washington,NULL,NULL,,,,7,,8
2883,RAMA07WT,T. Washington,R/V Thomas Washington,NULL,NULL,,,,7,,8
2884,RAMA08WT,T. Washington,R/V Thomas Washington,NULL,NULL,,,,7,,8
2885,RAMBLE,,,12/9/2013,12/17/2013,,,,-9999,,6
2886,Rapuhia Cruise 2032,Rapuhia,Rapuhia,10/31/1989,10/31/1989,,,,7,,19
2887,Rapuhia Cruise 2050,Rapuhia,Rapuhia,12/31/1990,12/31/1990,"one piston core sample; ship Rapuhia, Kermandec, UCSC",,,7,,19
2888,Rapuhia Cruise 2052,Rapuhia,Rapuhia,1/31/1992,1/31/1992,,,,7,,19
2889,RAR,,,12/30/2006,12/30/2006,,,,-9999,,3
2890,Rate of Taconic thrust advance across the North American Cambro-Ordovician margin,,,7/10/2022,9/14/2022,,,,8,,81
2891,RB0005_2,,,7/4/2000,7/15/2000,,,,-9999,,8
2892,RB0303,R/V Ronald H. Brown,R/V Ronald H. Brown,3/14/2003,3/20/2003,,,,7,,6
2894,RB1403,Ron Brown,R/V Ronald H. Brown,8/12/2014,8/18/2014,,,,7,,6
2895,RB9803_2b,,,8/28/1998,9/15/1998,,,,-9999,,9
2896,RBKGS,,,10/31/2016,10/31/2016,,,,-9999,,5
2897,RC01,Robert Conrad,R/V Robert D. Conrad,12/5/1962,12/5/1962,,,,7,,4
2898,RC0101,Robert D. Conrad,R/V Robert D. Conrad,12/3/1962,12/3/1962,,,,7,,6
2899,RC0102,Robert D. Conrad,R/V Robert D. Conrad,12/16/1962,12/19/1962,,,,7,,6
2900,RC02,Robert Conrad,R/V Robert D. Conrad,1/26/1963,1/26/1963,,,,7,,4
2901,RC0201,Robert D. Conrad,R/V Robert D. Conrad,1/25/1963,1/27/1963,,,,7,,6
2902,RC03,Robert Conrad,R/V Robert D. Conrad,2/6/1963,2/6/1963,,,,7,,4
2903,RC0301,Robert D. Conrad,R/V Robert D. Conrad,2/6/1963,2/6/1963,,,,7,,6
2904,RC0401,Robert D. Conrad,R/V Robert D. Conrad,3/3/1963,3/5/1963,,,,7,,6
2905,RC0402,Robert D. Conrad,R/V Robert D. Conrad,3/10/1963,3/16/1963,,,,7,,6
2906,RC05,Robert Conrad,R/V Robert D. Conrad,4/10/1963,4/10/1963,,,,7,,4
2907,RC0501,Robert D. Conrad,R/V Robert D. Conrad,3/30/1963,4/7/1963,,,,7,,6
2908,RC0502,Robert D. Conrad,R/V Robert D. Conrad,4/6/1963,4/9/1963,,,,7,,6
2909,RC06,Robert D. Conrad,R/V Robert D. Conrad,5/13/1963,5/14/1963,,,,7,,4
2910,RC0601,Robert D. Conrad,R/V Robert D. Conrad,4/30/1963,5/1/1963,,,,7,,6
2911,RC0602,Robert D. Conrad,R/V Robert D. Conrad,5/13/1963,5/14/1963,,,,7,,6
2912,RC0605,Robert D. Conrad,R/V Robert D. Conrad,6/23/1963,6/23/1963,,,,7,,6
2913,RC07,Robert Conrad,R/V Robert D. Conrad,9/19/1963,10/7/1963,,,,7,,4
2914,RC0702,Robert D. Conrad,R/V Robert D. Conrad,7/28/1963,8/2/1963,,,,7,,6
2915,RC0707,Robert D. Conrad,R/V Robert D. Conrad,9/8/1963,9/10/1963,,,,7,,6
2916,RC0708,Robert D. Conrad,R/V Robert D. Conrad,9/26/1963,10/10/1963,,,,7,,6
2917,RC08,Robert D. Conrad,R/V Robert D. Conrad,11/13/1963,8/18/1964,,,,7,,4
2918,RC0801,Robert D. Conrad,R/V Robert D. Conrad,11/13/1963,12/26/1963,,,,7,,6
2919,RC0802,Robert D. Conrad,R/V Robert D. Conrad,1/7/1964,1/31/1964,,,,7,,6
2920,RC0803,Robert D. Conrad,R/V Robert D. Conrad,2/6/1964,2/24/1964,,,,7,,6
2921,RC0804,Robert D. Conrad,R/V Robert D. Conrad,3/3/1964,3/3/1964,,,,7,,6
2922,RC0805,Robert D. Conrad,R/V Robert D. Conrad,3/9/1964,3/9/1964,,,,7,,6
2923,RC0806,Robert D. Conrad,R/V Robert D. Conrad,3/17/1964,4/14/1964,,,,7,,6
2924,RC0807,Robert D. Conrad,R/V Robert D. Conrad,4/21/1964,4/28/1964,,,,7,,6
2925,RC0808,Robert D. Conrad,R/V Robert D. Conrad,5/19/1964,5/26/1964,,,,7,,6
2926,RC0809,Robert D. Conrad,R/V Robert D. Conrad,6/1/1964,6/21/1964,,,,7,,6
2927,RC0810,Robert D. Conrad,R/V Robert D. Conrad,7/3/1964,7/13/1964,,,,7,,6
2928,RC0812,Robert D. Conrad,R/V Robert D. Conrad,8/5/1964,8/19/1964,,,,7,,6
2929,RC09,Robert Conrad,R/V Robert D. Conrad,10/28/1964,4/27/1965,,,,7,,4
2930,RC0901,Robert D. Conrad,R/V Robert D. Conrad,10/18/1964,11/7/1964,,,,7,,6
2931,RC0902,Robert D. Conrad,R/V Robert D. Conrad,11/13/1964,12/7/1964,,,,7,,6
2932,RC0903,Robert D. Conrad,R/V Robert D. Conrad,12/13/1964,1/13/1965,,,,7,,6
2933,RC0904,Robert D. Conrad,R/V Robert D. Conrad,1/20/1965,2/6/1965,,,,7,,6
2934,RC0905,Robert D. Conrad,R/V Robert D. Conrad,2/11/1965,2/26/1965,,,,7,,6
2935,RC0906,Robert D. Conrad,R/V Robert D. Conrad,3/22/1965,4/15/1965,,,,7,,6
2936,RC0907,Robert D. Conrad,R/V Robert D. Conrad,4/23/1965,5/7/1965,,,,7,,6
2937,RC0908,Robert D. Conrad,R/V Robert D. Conrad,5/17/1965,5/18/1965,,,,7,,6
2938,RC0909,Robert D. Conrad,R/V Robert D. Conrad,5/20/1965,5/21/1965,,,,7,,6
2939,RC0910,Robert D. Conrad,R/V Robert D. Conrad,6/13/1965,6/29/1965,,,,7,,6
2940,RC0911A,Robert D. Conrad,R/V Robert D. Conrad,7/4/1965,7/10/1965,,,,7,,7
2941,RC0911B,Robert D. Conrad,R/V Robert D. Conrad,7/14/1965,7/24/1965,,,,7,,7
2942,RC0912,Robert D. Conrad,R/V Robert D. Conrad,7/29/1965,8/21/1965,,,,7,,6
2943,RC0913,Robert D. Conrad,R/V Robert D. Conrad,8/29/1965,9/3/1965,,,,7,,6
2944,RC10,Robert Conrad,R/V Robert D. Conrad,12/12/1965,10/5/1966,,,,7,,4
2945,RC1001,Robert D. Conrad,R/V Robert D. Conrad,12/1/1965,12/21/1965,,,,7,,6
2946,RC1003,Robert D. Conrad,R/V Robert D. Conrad,12/28/1965,12/2/1966,,,,7,,6
2947,RC1004,Robert D. Conrad,R/V Robert D. Conrad,1/29/1966,2/20/1966,,,,7,,6
2948,RC1005,Robert D. Conrad,R/V Robert D. Conrad,2/26/1966,3/20/1966,,,,7,,6
2949,RC1006,Robert D. Conrad,R/V Robert D. Conrad,3/27/1966,4/20/1966,,,,7,,6
2950,RC1007,Robert D. Conrad,R/V Robert D. Conrad,4/28/1966,5/24/1966,,,,7,,6
2951,RC1008,Robert D. Conrad,R/V Robert D. Conrad,6/11/1966,6/27/1966,,,,7,,6
2952,RC1009,Robert D. Conrad,R/V Robert D. Conrad,7/1/1966,7/11/1966,,,,7,,6
2953,RC1010,Robert D. Conrad,R/V Robert D. Conrad,7/16/1966,8/9/1966,,,,7,,6
2954,RC1011,Robert D. Conrad,R/V Robert D. Conrad,8/14/1966,9/7/1966,,,,7,,6
2955,RC1012,Robert D. Conrad,R/V Robert D. Conrad,9/13/1966,10/13/1966,,,,7,,6
2956,RC11,Robert Conrad,R/V Robert D. Conrad,12/30/1966,10/23/1967,,,,7,,4
2957,RC1101,Robert D. Conrad,R/V Robert D. Conrad,12/1/1966,12/20/1966,,,,7,,6
2958,RC1102,Robert D. Conrad,R/V Robert D. Conrad,12/26/1966,12/2/1967,,,,7,,6
2959,RC1103,Robert D. Conrad,R/V Robert D. Conrad,1/31/1967,2/24/1967,,,,7,,6
2960,RC1104,Robert D. Conrad,R/V Robert D. Conrad,3/1/1967,3/31/1967,,,,7,,6
2961,RC1105,Robert D. Conrad,R/V Robert D. Conrad,4/6/1967,5/4/1967,,,,7,,6
2962,RC1106,Robert D. Conrad,R/V Robert D. Conrad,5/11/1967,5/15/1967,,,,7,,6
2963,RC1107,Robert D. Conrad,R/V Robert D. Conrad,5/20/1967,6/20/1967,,,,7,,6
2964,RC1108,Robert D. Conrad,R/V Robert D. Conrad,6/30/1967,7/6/1967,,,,7,,6
2965,RC1109,Robert D. Conrad,R/V Robert D. Conrad,7/14/1967,8/9/1967,,,,7,,6
2966,RC1110,Robert D. Conrad,R/V Robert D. Conrad,8/20/1967,9/14/1967,,,,7,,6
2967,RC1111,Robert D. Conrad,R/V Robert D. Conrad,9/21/1967,10/13/1967,,,,7,,6
2968,RC1112,Robert D. Conrad,R/V Robert D. Conrad,10/21/1967,11/10/1967,,,,7,,6
2969,RC12,Robert Conrad,R/V Robert D. Conrad,2/17/1968,2/25/1969,,,,7,,4
2970,RC1201,Robert D. Conrad,R/V Robert D. Conrad,1/6/1968,12/11/1968,,,,7,,6
2971,RC1202,Robert D. Conrad,R/V Robert D. Conrad,2/9/1968,2/19/1968,,,,7,,6
2972,RC1203,Robert D. Conrad,R/V Robert D. Conrad,2/22/1968,3/19/1968,,,,7,,6
2973,RC1204,Robert D. Conrad,R/V Robert D. Conrad,3/28/1968,4/25/1968,,,,7,,6
2974,RC1205,Robert D. Conrad,R/V Robert D. Conrad,5/4/1968,5/28/1968,,,,7,,6
2975,RC1206,Robert D. Conrad,R/V Robert D. Conrad,6/3/1968,6/24/1968,,,,7,,6
2976,RC1207,Robert D. Conrad,R/V Robert D. Conrad,7/4/1968,7/10/1968,,,,7,,6
2977,RC1208,Robert D. Conrad,R/V Robert D. Conrad,8/11/1968,8/11/1968,,,,7,,6
2978,RC1209,Robert D. Conrad,R/V Robert D. Conrad,8/11/1968,9/3/1968,,,,7,,6
2979,RC1210,Robert D. Conrad,R/V Robert D. Conrad,9/10/1968,9/23/1968,,,,7,,6
2980,RC1211,Robert D. Conrad,R/V Robert D. Conrad,10/1/1968,10/27/1968,,,,7,,6
2981,RC1212,Robert D. Conrad,R/V Robert D. Conrad,11/8/1968,12/14/1968,,,,7,,6
2982,RC1213,Robert D. Conrad,R/V Robert D. Conrad,12/20/1968,1/24/1969,,,,7,,6
2983,RC1214,Robert D. Conrad,R/V Robert D. Conrad,2/2/1969,2/26/1969,,,,7,,6
2984,RC1215,Robert D. Conrad,R/V Robert D. Conrad,4/3/1969,5/2/1969,,,,7,,6
2985,RC1216,Robert D. Conrad,R/V Robert D. Conrad,5/8/1969,5/21/1969,,,,7,,6
2986,RC1217,Robert D. Conrad,R/V Robert D. Conrad,5/31/1969,6/15/1969,,,,7,,6
2987,RC1218,Robert D. Conrad,R/V Robert D. Conrad,6/23/1969,7/15/1969,,,,7,,6
2988,RC1219,Robert D. Conrad,R/V Robert D. Conrad,7/12/1969,8/1/1969,,,,7,,6
2989,RC1220,Robert D. Conrad,R/V Robert D. Conrad,8/10/1969,8/30/1969,,,,7,,6
2990,RC13,Robert Conrad,R/V Robert D. Conrad,9/12/1969,12/23/1970,,,,7,,4
2991,RC1301,Robert D. Conrad,R/V Robert D. Conrad,9/8/1969,9/25/1969,,,,7,,6
2992,RC1304,Robert D. Conrad,R/V Robert D. Conrad,12/22/1969,1/20/1970,,,,7,,6
2993,RC1305,Robert D. Conrad,R/V Robert D. Conrad,1/30/1970,2/27/1970,,,,7,,6
2994,RC1306,Robert D. Conrad,R/V Robert D. Conrad,3/6/1970,4/9/1970,,,,7,,6
2995,RC1307,Robert D. Conrad,R/V Robert D. Conrad,4/19/1970,5/15/1970,,,,7,,6
2996,RC1308,Robert D. Conrad,R/V Robert D. Conrad,5/21/1970,6/15/1970,,,,7,,6
2997,RC1310,Robert D. Conrad,R/V Robert D. Conrad,6/26/1970,7/25/1970,,,,7,,6
2998,RC1311,Robert D. Conrad,R/V Robert D. Conrad,8/1/1970,8/28/1970,,,,7,,6
2999,RC1312,Robert D. Conrad,R/V Robert D. Conrad,9/2/1970,9/29/1970,,,,7,,6
3000,RC1313,Robert D. Conrad,R/V Robert D. Conrad,10/3/1970,11/1/1970,,,,7,,6
3001,RC1314,Robert D. Conrad,R/V Robert D. Conrad,12/9/1970,1/8/1971,,,,7,,6
3002,RC14,Robert Conrad,R/V Robert D. Conrad,2/1/1971,9/16/1971,,,,7,,4
3003,RC1401,Robert D. Conrad,R/V Robert D. Conrad,1/30/1971,2/24/1971,,,,7,,6
3004,RC1402,Robert D. Conrad,R/V Robert D. Conrad,3/4/1971,3/28/1971,,,,7,,6
3005,RC1403,Robert D. Conrad,R/V Robert D. Conrad,4/8/1971,5/3/1971,,,,7,,6
3006,RC1404,Robert D. Conrad,R/V Robert D. Conrad,5/10/1971,6/10/1971,,,,7,,6
3007,RC1405,Robert D. Conrad,R/V Robert D. Conrad,6/17/1971,7/12/1971,,,,7,,6
3008,RC1406,Robert D. Conrad,R/V Robert D. Conrad,7/18/1971,8/14/1971,,,,7,,6
3009,RC1407,Robert D. Conrad,R/V Robert D. Conrad,8/20/1971,9/18/1971,,,,7,,6
3010,RC14-99,,,NULL,NULL,,,,-9999,,7
3011,RC15,Robert Conrad,R/V Robert D. Conrad,1/9/1971,7/31/1972,,,,7,,4
3012,RC1501,Robert D. Conrad,R/V Robert D. Conrad,9/29/1971,10/26/1971,,,,7,,6
3013,RC1502,Robert D. Conrad,R/V Robert D. Conrad,11/3/1971,11/28/1971,,,,7,,6
3014,RC1503,Robert D. Conrad,R/V Robert D. Conrad,12/5/1971,12/27/1971,,,,7,,6
3015,RC1504,Robert D. Conrad,R/V Robert D. Conrad,1/6/1972,2/3/1972,,,,7,,6
3016,RC1505,Robert D. Conrad,R/V Robert D. Conrad,2/13/1972,3/4/1972,,,,7,,6
3017,RC1506,Robert D. Conrad,R/V Robert D. Conrad,3/19/1972,4/7/1972,,,,7,,6
3018,RC1507,Robert D. Conrad,R/V Robert D. Conrad,4/17/1972,5/3/1972,,,,7,,6
3019,RC1508,Robert D. Conrad,R/V Robert D. Conrad,5/11/1972,6/3/1972,,,,7,,6
3020,RC1509,Robert D. Conrad,R/V Robert D. Conrad,6/8/1972,6/29/1972,,,,7,,6
3021,RC1510,Robert D. Conrad,R/V Robert D. Conrad,7/6/1972,8/1/1972,,,,7,,6
3022,RC16,Robert Conrad,R/V Robert D. Conrad,1/27/1972,9/5/1973,,,,7,,4
3023,RC1601,Robert D. Conrad,R/V Robert D. Conrad,8/15/1972,9/9/1972,,,,7,,6
3024,RC1602,Robert D. Conrad,R/V Robert D. Conrad,9/14/1972,10/8/1972,,,,7,,6
3025,RC1603,Robert D. Conrad,R/V Robert D. Conrad,10/14/1972,11/11/1972,,,,7,,6
3026,RC1604,Robert D. Conrad,R/V Robert D. Conrad,11/18/1972,12/14/1972,,,,7,,6
3027,RC1605,Robert D. Conrad,R/V Robert D. Conrad,12/21/1972,1/16/1973,,,,7,,6
3028,RC1606,Robert D. Conrad,R/V Robert D. Conrad,1/24/1973,2/7/1973,,,,7,,6
3029,RC1608,Robert D. Conrad,R/V Robert D. Conrad,3/16/1973,3/16/1973,,,,7,,6
3030,RC1609,Robert D. Conrad,R/V Robert D. Conrad,3/27/1973,3/27/1973,,,,7,,6
3031,RC1610,Robert D. Conrad,R/V Robert D. Conrad,5/6/1973,5/27/1973,,,,7,,6
3032,RC1611,Robert D. Conrad,R/V Robert D. Conrad,6/6/1973,7/1/1973,,,,7,,6
3033,RC1612,Robert D. Conrad,R/V Robert D. Conrad,7/8/1973,7/29/1973,,,,7,,6
3034,RC1613,Robert D. Conrad,R/V Robert D. Conrad,8/9/1973,9/10/1973,,,,7,,6
3035,RC17,Robert Conrad,R/V Robert D. Conrad,10/11/1973,10/2/1974,,,,7,,4
3036,RC1701,Robert D. Conrad,R/V Robert D. Conrad,10/9/1973,10/26/1973,,,,7,,6
3037,RC1702,Robert D. Conrad,R/V Robert D. Conrad,11/7/1973,11/23/1973,,,,7,,6
3038,RC1703,Robert D. Conrad,R/V Robert D. Conrad,12/5/1973,12/26/1973,,,,7,,6
3039,RC1704,Robert D. Conrad,R/V Robert D. Conrad,1/28/1974,2/14/1974,,,,7,,6
3040,RC1705,Robert D. Conrad,R/V Robert D. Conrad,3/9/1974,4/9/1974,,,,7,,6
3041,RC1706,Robert D. Conrad,R/V Robert D. Conrad,4/16/1974,5/12/1974,,,,7,,6
3042,RC1707,Robert D. Conrad,R/V Robert D. Conrad,5/17/1974,6/14/1974,,,,7,,6
3043,RC1708,Robert D. Conrad,R/V Robert D. Conrad,6/25/1974,7/20/1974,,,,7,,6
3044,RC1709,Robert D. Conrad,R/V Robert D. Conrad,8/4/1974,8/8/1974,,,,7,,6
3045,RC1710,Robert D. Conrad,R/V Robert D. Conrad,8/20/1974,9/9/1974,,,,7,,6
3046,RC1711,Robert D. Conrad,R/V Robert D. Conrad,9/18/1974,10/11/1974,,,,7,,6
3047,RC1712,Robert D. Conrad,R/V Robert D. Conrad,10/25/1974,11/15/1974,,,,7,,6
3048,RC1713,Robert D. Conrad,R/V Robert D. Conrad,11/23/1974,12/16/1974,,,,7,,6
3049,RC1714,Robert D. Conrad,R/V Robert D. Conrad,12/23/1974,1/20/1975,,,,7,,6
3050,RC18,Robert Conrad,R/V Robert D. Conrad,3/22/1975,4/18/1975,,,,7,,4
3051,RC1801,Robert D. Conrad,R/V Robert D. Conrad,2/8/1975,3/5/1975,,,,7,,6
3052,RC1802,Robert D. Conrad,R/V Robert D. Conrad,3/17/1975,4/7/1975,,,,7,,6
3053,RC1803,Robert D. Conrad,R/V Robert D. Conrad,4/15/1975,5/9/1975,,,,7,,6
3054,RC1804,Robert D. Conrad,R/V Robert D. Conrad,5/19/1975,6/9/1975,,,,7,,6
3055,RC1806,Robert D. Conrad,R/V Robert D. Conrad,7/2/1975,7/7/1975,,,,7,,6
3056,RC19,Robert Conrad,R/V Robert D. Conrad,8/18/1975,2/6/1976,,,,7,,4
3057,RC1901,Robert D. Conrad,R/V Robert D. Conrad,7/31/1975,7/31/1975,,,,7,,6
3058,RC1902,Robert D. Conrad,R/V Robert D. Conrad,8/14/1975,8/16/1975,,,,7,,6
3059,RC1905,Robert D. Conrad,R/V Robert D. Conrad,1/4/1976,1/18/1976,,,,7,,6
3060,RC1906,Robert D. Conrad,R/V Robert D. Conrad,1/29/1976,2/18/1976,,,,7,,6
3061,RC1907,Robert D. Conrad,R/V Robert D. Conrad,3/1/1976,3/24/1976,,,,7,,6
3062,RC2007,Robert D. Conrad,R/V Robert D. Conrad,12/7/1976,12/8/1976,,,,7,,6
3063,RC2009,R/V Robert D. Conrad,R/V Robert D. Conrad,1/4/1977,1/5/1977,,,,7,,6
3064,RC2011,Robert D. Conrad,R/V Robert D. Conrad,3/16/1977,4/13/1977,,,,7,,6
3065,RC2012,Robert D. Conrad,R/V Robert D. Conrad,4/26/1977,5/13/1977,,,,7,,6
3066,RC21,Robert Conrad,R/V Robert D. Conrad,1/2/1978,12/31/1978,,,,7,,4
3067,RC2116,Robert D. Conrad,R/V Robert D. Conrad,11/17/1978,12/1/1978,,,,7,,6
3068,RC22,Robert Conrad,R/V Robert D. Conrad,7/11/1979,7/11/1979,,,,7,,4
3069,RC2209,Robert D. Conrad,R/V Robert D. Conrad,7/7/1979,7/16/1979,,,,7,,6
3070,RC23,Robert Conrad,R/V Robert D. Conrad,3/28/1982,6/3/1982,,,,7,,4
3071,RC2304,Robert D. Conrad,R/V Robert D. Conrad,4/11/1982,5/2/1982,,,,7,,6
3072,RC2305,Robert D. Conrad,R/V Robert D. Conrad,6/2/1982,6/15/1982,,,,7,,6
3073,RC2307,Robert D. Conrad,R/V Robert D. Conrad,7/11/1982,7/30/1982,,,,7,,6
3074,RC24,Robert Conrad,R/V Robert D. Conrad,3/23/1983,4/4/1983,,,,7,,4
3075,RC2403,Robert D. Conrad,R/V Robert D. Conrad,3/18/1983,4/6/1983,,,,7,,6
3076,RC25,Robert Conrad,R/V Robert D. Conrad,12/31/1984,12/31/1984,,,,7,,4
3077,RC2507,Robert D. Conrad,R/V Robert D. Conrad,6/4/1984,6/27/1984,,,,7,,6
3078,RC2512,Robert D. Conrad,R/V Robert D. Conrad,10/30/1984,11/3/1984,,,,7,,6
3079,RC2514,Robert D. Conrad,R/V Robert D. Conrad,12/4/1984,12/19/1984,,,,7,,6
3080,RC26,Robert Conrad,R/V Robert D. Conrad,9/1/1985,12/7/1985,,,,7,,4
3081,RC2602,R/V Robert D. Conrad,R/V Robert D. Conrad,NULL,NULL,,,,7,,6
3082,RC2603,Robert D. Conrad,R/V Robert D. Conrad,3/3/1985,3/14/1985,,,,7,,6
3083,RC2614,Robert D. Conrad,R/V Robert D. Conrad,12/2/1985,12/14/1985,,,,7,,6
3084,RC27,Robert Conrad,R/V Robert D. Conrad,8/6/1986,9/17/1986,,,,7,,4
3085,RC2703,Robert D. Conrad,R/V Robert D. Conrad,5/1/1986,5/5/1986,,,,7,,6
3086,RC2704,Robert D. Conrad,R/V Robert D. Conrad,5/24/1986,6/4/1987,,,,7,,6
3087,RC2706,Robert D. Conrad,R/V Robert D. Conrad,7/9/1986,7/22/1986,,,,7,,6
3088,RC2707,Robert D. Conrad,R/V Robert D. Conrad,8/9/1986,8/15/1986,,,,7,,6
3089,RC2708,Robert D. Conrad,R/V Robert D. Conrad,9/15/1986,9/15/1986,,,,7,,6
3090,RC28,Robert Conrad,R/V Robert D. Conrad,2/15/1987,5/16/1987,,,,7,,4
3091,RC2804,Robert D. Conrad,R/V Robert D. Conrad,4/27/1987,5/22/1987,,,,7,,6
3092,RC2806,R/V Robert D. Conrad,R/V Robert D. Conrad,6/12/1987,7/17/1987,,,,7,,6
3093,RC29,Robert Conrad,R/V Robert D. Conrad,5/10/1988,5/24/1988,,,,7,,4
3094,RC2907,Robert D. Conrad,R/V Robert D. Conrad,7/14/1988,7/24/1988,,,,7,,6
3095,RC30,Robert Conrad,R/V Robert D. Conrad,2/20/1989,2/20/1989,,,,7,,4
3096,RE01,REHOBOTH,REHOBOTH,12/31/1948,12/31/1948,,,,-9999,,4
3097,RE05,REHOBOTH,REHOBOTH,3/14/1950,3/23/1950,,,,-9999,,4
3098,RE07,REHOBOTH,REHOBOTH,11/25/1950,12/3/1950,,,,-9999,,4
3099,RE08,REHOBOTH,REHOBOTH,7/1/1952,7/29/1952,,,,-9999,,4
3100,RE09,REHOBOTH,REHOBOTH,5/25/1952,9/4/1952,,,,-9999,,4
3101,RE10,REHOBOTH,REHOBOTH,9/4/1952,9/4/1952,,,,-9999,,4
3102,RE11,REHOBOTH,REHOBOTH,6/23/1952,7/21/1952,,,,-9999,,4
3103,RE12,REHOBOTH,REHOBOTH,3/23/1953,4/15/1953,,,,-9999,,4
3104,RE13,REHOBOTH,REHOBOTH,7/30/1952,8/16/1953,,,,-9999,,4
3105,Reccopolis 2016,,,7/6/2016,7/19/2016,,,,-9999,,15
3106,Reccopolis 2021,,,7/28/2022,7/28/2022,,,,-9999,,15
3107,Reconnaissance 2016,,,NULL,NULL,,,,-9999,,19
3108,RED,,,7/14/2008,7/16/2008,,,,-9999,,3
3109,Red Lake (Kerr-McGee Test),,,NULL,NULL,,,,5,,26
3110,RED2,,,7/26/2009,11/1/2009,,,,-9999,,4
3111,RedSea:Stockli,NotApplicable,N.A.,NULL,NULL,,,,-9999,,14
3112,Regalor,,,NULL,NULL,,,,-9999,,7
4291,Research in Svalbard ID,,,,,,,,-9999,,23
4288,Research in Svalbard ID 11397,,,,,,,,-9999,,29
3113,Research project,,,2/29/2000,1/31/2023,,,,8,,16
3114,Researcher 782,Researcher,Researcher,7/16/1982,7/18/1982,,,,8,,14
3115,resource drilling,,,1/20/2022,1/20/2022,,,,11,,17
3116,REST,,,9/26/2010,9/27/2010,,,,-9999,,4
3117,REU,,,7/31/2013,7/31/2013,,,,-9999,,3
3118,Reunion 2015,,,5/31/2015,5/31/2015,,,,-9999,,12
3119,REVDR04,,,12/31/2003,12/31/2003,,,,-9999,,7
3120,Reynolds Critical Zone Observatory (CZO),,N.A.,5/31/2000,9/30/2016,,,,17,,40
3121,Reynolds Sierra negra,,,12/31/1990,12/31/1991,,,,-9999,,21
3122,rgk2021-25; Sofia 2021,,,11/29/2021,11/29/2021,,,,15,,22
3123,rgk2021-30; Sofia 2021,,,11/19/2021,11/22/2021,,,,15,,22
3124,rgk2021-31; Sofia 2021,,,11/22/2021,11/23/2021,,,,15,,22
3125,rgk2021-32; Sofia 2021,,,11/21/2021,11/23/2021,,,,15,,22
3126,rgk2021-33; Sofia 2021,,,11/23/2021,11/24/2021,,,,15,,22
3127,rgk2021-34; Sofia 2021,,,11/28/2021,11/28/2021,,,,15,,22
3128,rgk2021-35; Sofia 2021,,,11/25/2021,11/25/2021,,,,15,,22
3129,RH02,Robert Hays,Robert Hays,9/6/2002,9/7/2002,,,,-9999,,4
3130,RICE,,,12/31/2009,12/31/2009,,,,-9999,,4
3131,Richard2016,,,2/29/2016,2/29/2016,,,,-9999,,11
3132,Ridges 2011,Western Flyer,R/V Western Flyer,7/20/2011,8/4/2011,,,,7,,11
3133,Ridgeway Oil,,,NULL,NULL,,,,-9999,,12
3134,RIETI,,,6/20/2012,7/5/2015,,,,-9999,,5
3135,RIFT01MV,Melville,R/V Melville,NULL,NULL,,,,7,,8
3136,RIFT02MV,Melville,R/V Melville,NULL,NULL,,,,7,,8
3137,RIND,,,12/30/1985,12/30/1985,,,,-9999,,4
3138,Ripiceni 2016,,,NULL,NULL,,,,-9999,,13
3139,Ripsey,,,NULL,NULL,,,,-9999,,6
3140,RISE01NH,New Horizon,New Horizon,NULL,NULL,,,,-9999,,8
3141,RISP,,,12/31/1976,12/30/1979,,,,-9999,,4
3142,RKE,,,3/26/2008,3/26/2008,,,,-9999,,3
3143,RN,,,12/30/2005,12/30/2005,,,,-9999,,2
3144,RNQB,,,3/31/2014,3/31/2014,,,,-9999,,4
3145,RNZFATui-421,RNZFA Tui,RNZFA Tui,12/31/1955,12/31/1955,"one sample, from ship 'RNZFA Tui'; Kermandec, UCSC",,,-9999,,12
3146,Robciero,,,NULL,NULL,,,,-9999,,8
3147,ROMEO,,,8/3/2010,8/2/2016,,,,-9999,,5
3148,Ronda_Peridotite_2009,,,10/26/2009,10/27/2009,,,,8,,21
3149,ROSA01NH,New Horizon,New Horizon,NULL,NULL,,,,-9999,,8
3150,ROUNDABOUT Expedition,Thomas Washington,R/V Thomas Washington,8/14/1988,8/29/1988,"RNDB02WT, RNDB06WT, RNDB10WT, RNDB15WT",,,7,,21
3151,ROV SMOOTH,Pourquoi Pas ?,Pourquoi Pas,12/11/2016,12/30/2016,platform name uncertain,,,9,,10
3152,Roy Owens,,,NULL,NULL,,,,-9999,,9
3153,RP14RE81,Researcher,Researcher,8/20/1981,8/30/1981,,,,-9999,,8
3154,RP6-OC75,Oceanographer,Oceanographer,5/1/1979,5/1/1979,,,,-9999,,8
3155,RP8-OC75,Oceanographer,Oceanographer,10/1/1979,10/1/1979,,,,-9999,,8
3156,RR0503,,R/V Roger Revelle,3/15/2005,3/21/2005,,,,7,,6
3157,RR1001,Roger Revelle,R/V Roger Revelle,1/13/2010,1/20/2010,,,,7,,6
3158,RR1211,Roger Revelle,R/V Roger Revelle,9/12/2012,9/24/2012,,,,7,,6
3159,RR1412,,R/V Roger Revelle,NULL,NULL,,,,7,,6
3160,RR1413,,R/V Roger Revelle,11/30/2014,12/18/2014,,,,7,,6
3161,RR1506,R/V Roger Revelle,R/V Roger Revelle,3/30/2015,4/12/2015,,,,7,,6
3162,RR1712,,R/V Roger Revelle,7/16/2017,7/22/2017,,,,7,,6
3163,RR1805,,R/V Roger Revelle,NULL,NULL,,,,7,,6
3164,RR2403,R/V Roger Revelle,R/V Roger Revelle,4/2/2024,4/23/2024,,,,7,,6
3165,RS05,Sea Wolf,Sea Wolf,7/15/2005,7/18/2005,,,,-9999,,4
3166,RS06,Sea Wolf,Sea Wolf,7/6/2006,7/19/2006,,,,-9999,,4
3167,RS08,Sea Wolf,Sea Wolf,7/27/2008,8/20/2008,,,,-9999,,4
3168,RS09,Sea Wolf,Sea Wolf,7/21/2009,7/21/2009,,,,-9999,,4
3169,RSTH03NH,New Horizon,New Horizon,4/3/1979,4/18/1979,,,,-9999,,8
3170,RSTH04NH,New Horizon,New Horizon,5/9/1979,5/9/1979,,,,-9999,,8
3171,RT,Ricky-0Ticky,Ricky-0Ticky,6/30/1951,6/30/1951,,,,-9999,,2
3172,RT23 Field Campaing,,N.A.,11/15/2023,11/15/2023,,,Field campaign,3,,19
3173,RU07,,,11/30/2007,11/30/2007,,,,-9999,,4
3174,Ruffenhofen 2015-2017; Limites-Project/Space development and roman-german interactions-Project,,,7/6/1905,4/13/2022,,,,15,,94
3175,Rybník,,,NULL,NULL,,,,-9999,,6
3176,Rybník 2006,,,NULL,NULL,,,,-9999,,11
3177,S P Lee 1983,S.P. Lee,S.P. Lee,12/31/1983,12/31/1983,,,,-9999,,12
3178,"S,Roy PHD expedition TDF, CNRS, USMB",,,12/19/2018,11/17/2019,,,,3,,36
3179,S4-78,Sea Sounder,Sea Sounder,NULL,NULL,,,,-9999,,5
3180,S5-79,Sea Sounder,Sea Sounder,NULL,NULL,,,,-9999,,5
3181,S62,,,12/30/1962,12/30/1962,,,,-9999,,3
3182,S67,,,12/30/1967,12/30/1967,,,,-9999,,3
3183,S6-79,Sea Sounder,Sea Sounder,1/1/1979,1/1/1979,,,,-9999,,5
3184,SAC,RV Happy,RV Happy,9/20/2008,9/28/2008,,,,7,,3
3185,SACP4,,,5/12/2012,7/9/2015,,,,-9999,,5
3187,SAEQ,RV Happy,RV Happy,7/5/2016,7/11/2016,,,,7,,4
3188,SAFEGE04/06/11,,,6/3/2011,6/3/2011,,,,-9999,,14
3189,Sahara 2022 participatory approach,,,2/14/2022,4/22/2022,,,,3,,34
3190,SAINT-ANDRE-05/12/2011,,,12/31/1969,12/4/2011,,,,-9999,,22
3191,SAK,,,6/10/2017,6/18/2017,,,,-9999,,3
3192,SALT,,,2/27/2007,2/27/2007,,,,-9999,,4
3193,SAM,,,12/30/1994,12/30/2006,,,,-9999,,3
3194,Samar,Argentinian Sun,Argentinian Sun,9/23/1969,9/23/1969,,,,-9999,,5
3195,SAMOA-SPT,,,5/19/2015,5/19/2015,,,,-9999,,9
3196,SAMUDRA2,L'Atalante,L'Atalante,12/8/1995,12/9/1995,,,,-9999,,8
3197,San Andreas Fault Observatory at Depth (SAFOD),SAFOD,SAFOD,12/31/2001,12/31/2006,,,,-9999,,46
3198,Sanchez,,,NULL,NULL,,,,-9999,,7
3199,SARGASS,,,7/5/2010,7/5/2010,,,,-9999,,7
3200,Saudi Arabia,,,6/25/1905,6/25/1905,,,,-9999,,12
3201,SAUK,,,12/30/2008,12/30/2008,,,,-9999,,4
3202,SB,RV Happy,RV Happy,8/1/2014,8/6/2014,,,,7,,2
3203,SB3,Argentinian Wildcat,Argentinian Wildcat,6/6/1971,6/6/1971,,,,-9999,,3
3204,SBROWN,,,12/30/1997,12/30/1998,,,,-9999,,6
3205,SC2014,RV Pritchard,RV Pritchard,6/3/2014,6/3/2014,,,,7,,6
3206,SCAN04AR,Argo,Argo,NULL,NULL,,,,-9999,,8
3207,SCAN08AR,Argo,Argo,NULL,NULL,,,,-9999,,8
3208,Scarritt Patagonian Expedition of the AMNH,,,1/31/1931,1/31/1931,,,,3,,42
3209,Scientific Collaboration On Past Speciation Conditions in Lake Ohrid (SCOPSCO),,,1/3/2013,5/28/2013, ICDP-2009/3,,,-9999,,78
3210,SCONI,,,6/20/1998,12/30/1998,,,,-9999,,5
3211,SCRC,,,6/5/2012,6/5/2012,,,,-9999,,4
3212,SCSU,,,1/31/2018,1/31/2018,,,,-9999,,4
3213,SD99,Orange Rockland/Nyack,Orange Rockland/Nyack,12/13/1999,12/15/1999,,,,-9999,,4
3214,SEA VEE,SEA VEE,SEA VEE,5/6/2013,5/6/2013,,,,-9999,,7
3215,Sean - floating pumice,,,NULL,NULL,,,,-9999,,22
3216,SECBI Dating,,,8/19/2021,8/19/2021,,,,-9999,,12
3217,SEDICAR,,,3/19/2003,7/15/2003,,,,-9999,,7
3218,"Sedimentary Hills, Company",,,NULL,NULL,,,,-9999,,26
3219,Sedimentary Xenolith Rock Project,,,NULL,NULL,,,,8,,33
3220,SEGMENT TZ FIELD CAMPAIGN 2012,Not Applicable,N.A.,7/25/2012,8/21/2012,,,Field campaign,3,,30
3221,SELBY,,,3/23/2010,3/25/2010,,,,-9999,,5
3222,Sells,,,NULL,NULL,,,,-9999,,5
3223,Serpentine cruise,Pourquoi Pas?,Pourquoi Pas,3/31/2007,3/31/2007,platform name uncertain,,,7,,17
3224,Severance,,,10/4/2023,11/12/2023,,,,-9999,,9
3225,SF96,San Francisco Bay,San Francisco Bay,6/20/1996,6/21/1996,,,,-9999,,4
3226,SFBS,RV Endeavor,R/V Endeavor,8/4/2014,8/12/2014,,,,7,,4
3227,SG2014,RV Pritchard,RV Pritchard,6/2/2014,6/2/2014,,,,7,,6
3228,SGSL,,,12/30/2006,12/30/2006,,,,-9999,,4
3229,SH97,New York Bight,New York Bight,8/19/1997,8/19/1997,,,,-9999,,4
3230,SH98,New York Bight,New York Bight,12/2/1998,12/2/1998,,,,-9999,,4
3231,SHAKE,RV KRKII,RV KRKII,9/6/2015,9/10/2015,,,,7,,5
3232,SHANE,,,10/5/1972,7/21/1994,,,,-9999,,5
3233,SHAP,,,5/31/1997,12/30/2005,,,,-9999,,4
3234,SHCH,,,5/22/2016,5/24/2016,,,,-9999,,4
3235,Ship,,,7/19/2021,8/20/2022,,,,-9999,,4
3236,SHL80,Sir Horace Lamb,Sir Horace Lamb,5/15/1963,6/5/1963,,,,-9999,,5
3237,SHLKS,,,6/14/2010,6/16/2010,,,,-9999,,5
3238,SHOCO,,,3/5/2018,3/5/2018,,,,-9999,,5
3239,SHOW-H,Horizon,Horizon,6/3/1966,7/9/1966,,,,-9999,,6
3240,SHRB,,,5/21/2010,5/21/2010,,,,-9999,,4
3241,SHU,,,12/30/1994,12/30/2003,,,,-9999,,3
3242,Sierra Critical Zone Observatory (CZO),,N.A.,4/9/2016,6/23/2016,,,,17,,38
3243,Sierra Negra Eruption,,,12/31/2004,12/31/2004,,,,-9999,,21
3244,Sihl - time series,,,5/12/2014,2/28/2019,,,,-9999,,18
3245,Silurian Strontium Database,,,NULL,NULL,,,,-9999,,27
3246,SILV,,,8/25/2009,12/30/2009,,,,-9999,,4
3247,SIQR01WT,T. Washington,R/V Thomas Washington,NULL,NULL,,,,7,,8
3248,SIQUEIROS,Thomas Washington,R/V Thomas Washington,NULL,NULL,,,,7,,9
3249,SIQUEIROS-DSII,Thomas Washington,R/V Thomas Washington,NULL,NULL,,,,7,,14
3250,SitS-NNA,,,8/6/2022,8/7/2022,,,,-9999,,8
3251,SKQ202211S,Sikuliaq,Sikuliaq,8/3/2022,8/20/2022,,,,-9999,,10
3252,SLAC SFA,,,6/12/2018,10/4/2022,,,,-9999,,8
3253,SLAOC,,,8/26/2013,8/26/2013,,,,-9999,,5
3254,SLAPP,,,1/6/2017,1/6/2017,,,,-9999,,5
3255,Slave craton fieldwork ,,N.A.,7/15/2016,7/15/2016,,,Field campaign,3,,23
3256,SLH,,,3/7/2014,3/7/2014,,,,-9999,,3
3257,SLICE,,,1/20/2010,8/6/2010,,,,-9999,,5
3258,SLR,,,2/26/2016,2/26/2016,,,,-9999,,3
3259,SMARTIES,POURQUOIPAS?,Pourquoi Pas,2/8/2019,12/8/2019,platform name uncertain,,,7,,8
3260,SMAST,,,6/21/2011,6/21/2011,,,,-9999,,5
4242,SMB24-DC,,,,,,,,-9999,,8
3261,SMC,,,8/23/2011,8/25/2011,,,,-9999,,3
3262,SMESA,,,12/30/2007,12/30/2007,,,,-9999,,5
3264,Smithsonian Research Expedition 05,,,NULL,NULL,,,,3,,34
3265,Smithsonian Research Expedition 07,,,NULL,NULL,,,,3,,34
3266,Smithsonian Research Expedition 08,,,NULL,NULL,,,,3,,34
3267,Smithsonian Research Expedition 09,,,NULL,NULL,,,,3,,34
3263,Smithsonian Research Expedition 12,,,NULL,NULL,,,,3,,34
3268,SMN1,,,12/30/2006,12/30/2006,,,,-9999,,4
3269,SMNT01WT,T. Washington,R/V Thomas Washington,NULL,NULL,,,,7,,8
3270,SMOOTHSEAFLOOR,Marion Dufresne,R/V Marion Dufresne,10/9/2010,10/31/2010,,,,7,,14
3271,SMTH,,,9/22/2017,9/22/2017,,,,-9999,,4
3272,SN09,,,6/30/1905,12/31/2008,,,,-9999,,4
3273,SNBE,,,8/5/2016,8/19/2016,,,,-9999,,4
3274,SO093,R/V Sonne,R/V Sonne,2/14/1994,2/15/1994,,,,7,,5
3275,SO135,Sonne,R/V Sonne,8/31/1999,8/31/1999,,,,7,,5
3276,SO167,Sonne,R/V Sonne,4/30/2002,4/30/2002,,,,7,,5
3277,SO229,R/V Sonne,R/V Sonne,7/7/2013,7/10/2013,Vanuatu,,,7,,5
3278,SO249-1,Sonne,R/V Sonne,NULL,NULL,,,,7,,7
3279,SO249-2,Sonne,R/V Sonne,NULL,NULL,,,,7,,7
3280,SO4,,,8/18/2011,9/11/2013,,,,-9999,,3
3281,SOBO03BD,Baird,Baird,NULL,NULL,,,,-9999,,8
3282,SOBO04BD,Baird,Baird,NULL,NULL,,,,-9999,,8
3283,SODA,,,5/27/2009,5/3/2010,,,,-9999,,4
3284,Sofia 2021,,,NULL,NULL,,,,15,,10
3285,Sofia 2021; rgk,,,11/18/2021,11/28/2021,,,,15,,15
3286,Sofia 2b 2021,,,7/17/2023,8/1/2023,,,,15,,13
3287,Sofia 2c 2021,,,9/5/2023,9/11/2023,,,,15,,13
3288,Sofia 3 2021,,,9/11/2023,9/19/2023,,,,15,,12
3289,Sofia 5 2021,,,9/19/2023,9/20/2023,,,,15,,12
3290,Sofia Fintinita1 2021,,,8/7/2023,9/5/2023,,,,15,,21
3291,Sofia La Moina2 2021,,,10/11/2023,10/24/2023,,,,15,,20
3292,SOG,,,3/8/2013,1/20/2015,,,,-9999,,3
3293,SONNE 156,,,4/16/2001,4/26/2001,,,,-9999,,9
3294,SONNE 161 Leg 5,,,12/31/2001,12/31/2001,,,,-9999,,15
3295,Sonne-245,RV Sonne,R/V Sonne,12/26/2015,1/23/2016,,,,7,,9
3296,SOTW 9-66-23 Southtow,510,platform 510,NULL,NULL,,,,-9999,,21
3297,SOTW07WT,R/V Thomas Washington,R/V Thomas Washington,7/20/1972,7/28/1972,,,,7,,8
3298,SOTW08WT,T. Washington,R/V Thomas Washington,NULL,NULL,,,,7,,8
3299,SOTW09WT,T. Washington,R/V Thomas Washington,NULL,NULL,,,,7,,8
3300,SOTW11WT,T. Washington,R/V Thomas Washington,NULL,NULL,,,,7,,8
3301,SOUTH,,,3/15/2012,3/15/2012,,,,-9999,,5
3302,southern NB Dating,,,7/14/2022,7/15/2022,,,,-9999,,18
3303,Southern NL lithium pegmatites,,,6/15/2023,6/20/2023,,,,-9999,,30
3304,SOUTHTOW,Thomas Washington,R/V Thomas Washington,NULL,NULL,,,,7,,8
3305,SOUTHTOW 7,Thomas Washington,R/V Thomas Washington,NULL,NULL,,,,7,,10
3306,SOUTHTOW 8,Thomas Washington,R/V Thomas Washington,NULL,NULL,,,,7,,10
3307,SOUTHTOW Expedition (SOTW07WT),Thomas Washington,R/V Thomas Washington,1/1/1975,1/1/1975,,,,7,,30
3308,SP,,,12/30/2006,12/30/2006,,,,-9999,,2
3309,SP03,San Pablo,San Pablo,7/27/1949,8/28/1949,,,,-9999,,4
3310,SP08,San Pablo,San Pablo,2/14/1951,4/22/1951,,,,-9999,,4
3311,SP09,San Pablo,San Pablo,12/31/1950,12/31/1950,,,,-9999,,4
3312,SP10,San Pablo,San Pablo,1/31/1952,3/22/1952,,,,-9999,,4
3313,SP11,San Pablo,San Pablo,6/1/1956,6/1/1956,,,,-9999,,4
3314,SP12,San Pablo,San Pablo,12/31/1952,12/31/1952,,,,-9999,,4
3315,SP13,San Pablo,San Pablo,5/29/1953,6/6/1953,,,,-9999,,4
3316,SPA,,,4/1/2009,7/31/2010,,,,-9999,,3
3317,SPAM,,,2/24/2008,3/1/2008,,,,-9999,,4
3318,Spanish Antarctic Campaign 2010-2011 RECALDEC,,,1/31/2011,2/1/2011,Spanish Antarctic Campaign 2010-2011 (RECALDEC project CTM2009-05919-E/ANT),,,-9999,,45
3319,Spanish Antarctic Campaign 2012-2013 PEVOLDEC,,,1/31/2013,1/31/2013,Spanish Antarctic Campaign 2012-2013 (PEVOLDEC project PNIDI-CTM: CTM2011-13578-E),,,-9999,,45
4221,Spanish Antarctic Campaign 2017-2018 POSVOLDEC,,,,,,,,-9999,,46
4234,"Spanish Antarctic Campaign 2017-2018, POSVOLDEC, CTM2016-79617-P",,,,,,,,-9999,,64
3320,Spanish Antarctic Campaign 2018-2019  VOLCLIMA,,,1/31/2019,1/31/2019,Spanish Antarctic Campaign 2018-2019 (VOLCLIMA project CG2015-726229-EXP),,,-9999,,46
3321,Spanish Antarctic Campaign 2018-2019 POSVOLDEC,,,1/31/2018,1/31/2018,Spanish Antarctic Campaign 2018-2019 (POSVOLDEC project CTM2016-79617-P),,,-9999,,46
3322,Spanish Antarctic Campaign 2022-2023 Erupting ,,,2/23/2022,2/23/2023,"funded by MCIN/AEI/10.13039/501100011033,  (PID2021-127189OB-I00) ",,,-9999,,46
3323,SPCZ14,RV Avon,RV Avon,5/3/2011,7/1/2012,,,,7,,6
3324,SPICE ice core,,,12/31/2012,12/31/2012,,,,1,,14
3325,SPICEcore,,,NULL,NULL,,,,1,,9
3326,SPRESSO,,,12/31/2001,12/31/2001,,,,-9999,,7
3327,SPRUCE Peat Coring,4,platform 04,6/24/2024,6/24/2024,platform 04 to 21,,,1,,18
3328,SPRUCE Vegetation Sampling,,,7/31/2023,7/31/2023,,,,-9999,,26
3329,SPS3,R/V Jean Charcot,R/V Jean Charcot,12/9/1985,12/14/1985,,,,7,,4
3330,SQNP,,,10/24/2013,10/26/2013,,,,-9999,,4
3331,SR1806,R/V Sally Ride,R/V Sally Ride,NULL,NULL,,,,7,,6
3332,SREU,,,6/30/2012,6/30/2012,,,,-9999,,4
3333,SS0708,R/V Southern Surveyor,R/V Southern Surveyor,4/30/2008,6/3/2008,,,,7,,6
3334,SSAL,,,6/10/2009,3/30/2011,,,,-9999,,4
3335,St. Elias Erosion and Tectonic Program (STEEP),,,7/2/2006,7/25/2011,,,,-9999,,46
3336,Star Hill,,,NULL,NULL,,,,-9999,,9
3337,STARS,,,5/27/2010,7/1/2010,,,,-9999,,5
3338,STATEMAP,,,7/27/2021,8/1/2022,"Mostly Idaho survey, probably from different project years",,,3,,8
3339,"STATEMAP 2015, Arizona Geological Survey",,,NULL,NULL,,,,3,,40
3340,"STATEMAP 2016, Arizona Geological Survey",,,NULL,NULL,,,,3,,40
3341,STD,,,12/30/2006,12/30/2006,,,,-9999,,3
3342,STD2,,,12/30/2007,12/30/2007,,,,-9999,,4
3343,Stein Pass,,,NULL,NULL,,,,-9999,,10
3344,STG,,,9/11/1990,4/22/1991,,,,-9999,,3
3345,STL,,,10/29/2014,10/29/2014,,,,-9999,,3
3346,STND,,,2/13/2016,2/13/2016,,,,-9999,,4
3347,Stolniceni 2015 Large settlement in the Copper Age,,,10/27/2015,12/14/2020,,,,15,,50
3348,Stolniceni 2016 Large settlement in the Copper Age ,,,NULL,NULL,,,,15,,51
4218,Stolniceni 2019 Large settlement in the Copper Age ,,,10/23/2019 21:00,12/15/2020 22:00,,,,15,,51
3349,Stolniceni 2023; rgk2023-06,,,4/10/2023,4/27/2023,,,,15,,27
3350,STOM01MV,Melville,R/V Melville,NULL,NULL,,,,7,,8
3351,STT,,,3/5/2014,3/10/2014,,,,-9999,,3
3352,STURK,RV Kilindi,RV Kilindi,5/13/2010,5/22/2011,,,,7,,5
3353,STYX Expedition (STYX07AZ),Alexander Agassiz,Alexander Agassiz,NULL,NULL,,,,-9999,,26
3354,SU2,Sunbird,Sunbird,1/30/1974,1/30/1974,,,,-9999,,3
3355,SUBSAINTES,Atalante,Atalante,4/3/2017,4/23/2017,,,,-9999,,10
3356,SUBVENT 2,R/V Sarmiento de Gamboa,R/V Sarmiento de Gamboa,4/3/2014,4/4/2014,,,,7,,9
3357,SUIVI EDF20/07/12,,,7/19/2012,7/19/2012,,,,-9999,,17
3358,SUIVI EDF22/04/13,,,4/21/2013,4/21/2013,,,,-9999,,17
3359,SUK,,,8/8/2014,8/15/2014,,,,-9999,,3
3360,Sukosan Babir 2019; aDNA-Project,,,9/16/2019,9/17/2019,,,,8,,32
3361,summer field campaign 2016-2019,,N.A.,7/31/2016,5/31/2019,,,Field campaign,3,,31
3362,summer field campaign 2017,,N.A.,7/31/2017,7/31/2017,,,Field campaign,3,,26
3363,summer field campaign 2020,,N.A.,5/28/2020,9/3/2020,"guess dates for summer, northern hemisphere",,,3,,26
3364,summer field campaign 2021,,N.A.,5/14/2021,8/14/2021,,,Field campaign,3,,26
3365,summer field campaign 2022,,N.A.,5/31/2022,8/24/2022,,,Field campaign,3,,26
3366,summer field campaign 2023,,N.A.,5/28/2023,9/3/2023,,,,3,,26
3367,summer field campaign 2023- Ambrose and Webb camp 1,,N.A.,7/2/2023,7/2/2023,,,,3,,51
3368,SUPBAY,,,10/4/2010,10/4/2010,,,,-9999,,6
3369,Superior East,,,NULL,NULL,,,,-9999,,13
3370,Sur Astral 2017,R/V Sur Austral,R/V Sur Austral,2/1/2017,2/1/2017,,,,-9999,,15
3371,Survey of the Canal Zone,,,NULL,NULL,,,,-9999,,24
3372,Survey of the Copper River 1907,,,NULL,NULL,,,,16,,31
3373,Survey of the Santa Fe RR,,,NULL,NULL,,,,-9999,,25
3374,Survey of the Seward Peninsula,,,NULL,NULL,,,,-9999,,30
3375,Survey of the Tin Region,,,NULL,NULL,,,,-9999,,24
3376,Survey of the West Seward Peninsula Tin Deposits,,,NULL,NULL,,,,-9999,,48
3377,Survey of the York Tin Region,,,NULL,NULL,,,,-9999,,29
3378,Susquehanna Shale Hills Critical Zone Observatory (CZO),,N.A.,9/8/2007,8/20/2018,,,,17,,55
3379,SVAL,,,6/30/2009,6/30/2009,,,,-9999,,4
3380,SWA,,,12/30/2002,12/30/2002,,,,-9999,,3
3381,SWAF,,,9/20/2002,9/20/2002,,,,-9999,,4
3382,SWAMP,,,12/30/2006,9/21/2007,,,,-9999,,5
3383,Swansea,,,NULL,NULL,,,,-9999,,7
3384,SWIFT,Marion Dufresne,R/V Marion Dufresne,12/31/2000,3/16/2001,,,,7,,5
3385,SWTP,,,6/12/1994,6/12/1994,,,,-9999,,4
3386,SYR,,,7/13/2009,9/22/2009,,,,-9999,,3
4247,SZ4D SZNET July 2024,,,,,,,,-9999,,20
4248,SZ4D SZNET July 2025,,,,,,,,-9999,,20
3387,Szilhalom 2013; Neolithic Period and Copper Age in eastern Hungary,,,2/12/2018,2/12/2018,,,,15,,66
3388,Szilhalom 2014; Neolithic Period and Copper Age in eastern Hungary,,,10/18/2014,3/27/2018,,,,15,,66
3390,T. Wash cruise MARA02,r/v Thomas Washington,R/V Thomas Washington,8/3/1978,8/5/1978,,,,7,,21
3391,T. Wash cruise MARA03,,,8/3/1978,8/3/1978,,,,7,,21
3392,T. Wash cruise MARA04,,,8/3/1978,8/3/1978,,,,7,,21
3393,T. Wash cruise MARA05,,,8/5/1978,8/5/1978,,,,7,,21
3394,T. Wash cruise MARA06,,,8/5/1978,8/5/1978,,,,7,,21
3395,T. Wash cruise MARA07,,,8/14/1978,8/14/1978,,,,7,,21
3396,T. Wash cruise MARA08,,,8/14/1978,8/14/1978,,,,7,,21
3397,T. Wash cruise MARA09,,,8/14/1978,8/14/1978,,,,7,,21
3389,T. Wash cruise MARA12,r/v Thomas Washington,R/V Thomas Washington,8/5/1979,8/21/1979,,,,7,,21
3398,T16,,,5/31/2016,5/31/2016,,,,-9999,,3
3399,T3-53,Ice Island T3,Ice Island T3,5/9/1953,9/9/1953,,,Ice Island Sampling,10,,5
3400,T3-55,Ice Island T3,Ice Island T3,5/26/1955,5/26/1955,,,Ice Island Sampling,10,,5
3401,T3-63,Ice Island T3,Ice Island T3,7/22/1963,9/3/1963,,,Ice Island Sampling,10,,5
3402,T3-65,Ice Island T3,Ice Island T3,7/16/1965,8/30/1965,,,Ice Island Sampling,10,,5
3403,T3-66,Ice Island T3,Ice Island T3,12/31/1965,9/21/1966,,,Ice Island Sampling,10,,5
3404,T3-67,Ice Island T3,Ice Island T3,3/15/1967,5/19/2005,,,Ice Island Sampling,10,,5
3405,T3-68,Ice Island T3,Ice Island T3,1/13/1968,10/21/1968,,,Ice Island Sampling,10,,5
3406,T3-69,Ice Island T3,Ice Island T3,4/25/1969,5/4/1969,,,Ice Island Sampling,10,,5
3407,T3-74,Ice Island T3,Ice Island T3,3/31/1974,5/25/1974,,,Ice Island Sampling,10,,5
3408,TAC06,,,12/5/2006,12/5/2006,,,,-9999,,5
3409,TAJ1,,,7/4/2008,7/6/2008,,,,-9999,,4
3410,Tall Zirāʿa 2013,,,6/13/2013,6/14/2013,,,,15,,16
3411,TAN0005,Tangaroa,Tangaroa,NULL,NULL,,,,7,,7
3412,TAN0613,Tangaroa,Tangaroa,10/3/2006,10/4/2006,,,,7,,7
3413,TAN1007,Tangaroa,Tangaroa,4/30/2010,4/30/2010,,,,7,,7
3414,TAN3028,Tangaroa,Tangaroa,1/31/1996,1/31/1996,"19 samples; dredge, from ship Tangaroa, follow cruise ID pattern from other Tangaroa cruises.",,,7,,7
3415,TAN9912,Tangaroa,Tangaroa,9/30/1999,9/30/1999,,,,7,,7
3416,TAS,,,4/30/2011,4/30/2011,,,,-9999,,3
3417,TAS12,,,3/19/2012,3/25/2012,,,,-9999,,5
3418,TASADAY Expedition (TSDY02WT),Thomas Washington,R/V Thomas Washington,NULL,NULL,,,,7,,29
3419,TASADAY Expedition (TSDY03WT),Thomas Washington,R/V Thomas Washington,NULL,NULL,,,,7,,29
3420,TAUPO,RV Rangatahi II,RV Rangatahi II,3/13/2011,3/13/2011,,,,7,,5
3421,TCH,,,2/9/2010,2/10/2010,,,,-9999,,3
3422,TCS06NH,New Horizon,New Horizon,5/11/2006,5/16/2006,,,,-9999,,7
3423,TDF,,,12/30/2005,12/30/2005,,,,-9999,,3
3424,TDP,,,5/25/2015,7/2/2015,,,,-9999,,3
3425,Teleac 2016; LOEWE- Bronze age Hillforts between Taunus and Carpathian Mountains,,,5/23/2016,2/12/2017,Teleac 2016; LOEWE-Project: Prehistoric conflict research. Bronze age Hillforts between Taunus and Carpathian Mountains.,,,15,,80
3426,Teleac 2018; LOEWE- Bronze age Hillforts between Taunus and Carpathian Mountains,,,NULL,NULL,Teleac 2018; LOEWE-Project Prehistoric conflict research. Bronze age Hillforts between Taunus and Carpathian Mountains,,,15,,80
3427,Teller,,,NULL,NULL,,,,-9999,,6
3428,TELVE,,,3/17/2003,4/1/2003,,,,-9999,,5
3429,Tenth Census,,,NULL,NULL,,,,-9999,,12
3430,TERUEL,,,12/30/2005,12/30/2005,,,,-9999,,6
3431,TETON,,,1/4/2013,4/28/2017,,,,-9999,,5
3432,TFH,,,12/30/2005,12/30/2006,,,,-9999,,3
3433,TFJ,,,8/19/2017,8/21/2017,,,,-9999,,3
3434,TFM Arnau Casas,,,1/31/2019,1/31/2019,,,,-9999,,15
3435,TFM Daniela Cerda,,,1/31/2018,1/31/2018,,,,-9999,,17
3436,TFM Louise Muir,,,2/27/2023,2/27/2023,,,,-9999,,15
3437,TFM Marc López,,,1/31/2020,1/31/2020,,,,-9999,,14
3438,TFM Samanta Cordova,,,3/14/2024,3/14/2024,,,,-9999,,19
3439,TFM Tomas Romero,,,1/31/2019,1/31/2019,,,,-9999,,16
3440,TFM Uriel Vergara,,,1/31/2021,2/15/2021,,,,-9999,,17
3441,TGI-5 (Geological Survey of Canada),,,NULL,NULL,,,,-9999,,35
4282,TGI-6,,,,,,,,-9999,,5
3442,TGI-6-GSC-SMU,,,7/31/2017,5/31/2021,,,,-9999,,13
3443,TH1,Theta,Theta,6/13/1956,9/29/1956,,,,-9999,,3
3444,THESE  FOUINAT,,N.A.,10/3/2011,7/4/2013,"various dates reported: 04/10/2011, 14/06/2011, 14/05/2012, 18/09/2012, 10/04/2012, 05/07/13",,Student project,14,,14
3445,THESE ARNAUD F,,N.A.,12/31/2003,12/31/2003,THESE ARNAUD F (ORCID:0000-0002-8706-9902)01/01/04,,Student project,14,,14
3446,THESE BELLE S,,N.A.,11/10/2013,11/10/2013,THESE BELLE S11/11/13,,Student project,14,,13
3447,THESE NOURAGUE O,,N.A.,6/25/2013,6/25/2013,THESE NOURAGUE O26/06/13,,Student project,14,,16
3448,THESE WILHELM B,,N.A.,6/30/2008,7/3/2011,THESE WILHELM B (orcid:0000-0002-0555-1915)01/07/08,,Student project,14,,15
3449,Thesis-Cordova,,,NULL,NULL,,,,14,,14
3450,Thorkelson in Mazatzal,,,5/17/2023,5/17/2023,,,,-9999,,22
3451,THULE,,,7/15/2011,7/18/2011,,,,-9999,,5
3452,THULE2,,,8/7/2012,8/22/2012,,,,-9999,,6
3453,Thurstonian Alien Life Theory project,,N.A.,8/1/2022,8/1/2022,The Thurstonian Alien Life Theory ALIENÂ TERRA FORMINGÂ  PROJECTÂ Date [ed. Note: pseudo science],,,-9999,,37
3454,THYRECS,,,1/14/2015,10/9/2016,,,,-9999,,7
3455,TIBET,,,5/10/2007,6/4/2007,,,,-9999,,5
3456,Tim Matthews ugrad research,,,NULL,NULL,,,,14,,27
3457,TLX,,,3/6/2008,12/30/2008,,,,-9999,,3
3458,TN041,Thomas G. Thompson,R/V Thomas G. Thompson,10/29/1994,11/18/1994,,,,7,,5
3459,TN047,Thomas G. Thompson,R/V Thomas G. Thompson,5/4/1995,5/18/1995,,,,7,,5
3460,TN084,Thomas Thompson,R/V Thomas G. Thompson,10/22/1998,10/29/1998,,,,7,,5
3461,TN094,,R/V Thomas G. Thompson,6/22/1999,7/10/1999,,,,7,,5
3462,TN154,Thomas G. Thompson,R/V Thomas G. Thompson,3/28/2003,4/22/2003,,,,7,,5
3463,TN182,Thompson,R/V Thomas G. Thompson,7/24/2001,8/19/2001,,,,7,,5
3464,TN183,Thomas G. Thompson,R/V Thomas G. Thompson,9/5/2005,9/19/2006,,,,7,,5
3465,TN199,Thompson,R/V Thomas G. Thompson,9/1/2006,9/3/2006,,,,7,,5
3466,TN209,Thomas G. Thompson,R/V Thomas G. Thompson,8/5/2007,8/9/2007,,,,7,,5
3467,TN226,R/V Thompson,R/V Thomas G. Thompson,10/24/2008,10/27/2008,,,,7,,5
3468,TN232,Thomas G. Thompson,R/V Thomas G. Thompson,4/3/2009,4/16/2009,,,,7,,5
3469,TN234,R/V TG Thompson,R/V Thomas G. Thompson,5/5/2009,5/13/2009,,,,7,,5
3470,TN235,Thomas G. Thompson,R/V Thomas G. Thompson,5/22/2009,6/8/2013,,,,7,,5
3471,TN236,Thomas G. Thompson,R/V Thomas G. Thompson,6/12/2009,7/5/2009,,,,7,,5
3472,TN253,Thomas G. Thompson,R/V Thomas G. Thompson,8/27/2010,9/5/2010,,,,7,,5
3473,TN271,Thompson,R/V Thomas G. Thompson,10/26/2011,10/26/2011,,,,7,,5
3474,TN273,Thomas G. Thompson,R/V Thomas G. Thompson,12/24/2011,1/18/2012,,,,7,,5
3475,TN300,,R/V Thomas G. Thompson,9/5/2013,9/16/2013,,,,7,,5
3476,TN327,,R/V Thomas G. Thompson,8/17/2015,8/27/2015,,,,7,,5
3477,TN401,R/V Thomas G. Thompson,R/V Thomas G. Thompson,4/9/2022,4/23/2022,,,,7,,5
3478,TOFU,,,6/7/2021,6/7/2021,,,,-9999,,4
3479,TOFU 01,,,11/16/2011,11/23/2011,,,,-9999,,7
3480,TOFU 02,,,4/3/2012,4/7/2012,,,,-9999,,7
3481,TOFU 03,,,11/4/2012,11/4/2012,,,,-9999,,7
3482,TOFU 04,,,5/7/2013,5/10/2013,,,,-9999,,7
3483,TOFU 05,,,10/29/2013,11/1/2013,,,,-9999,,7
3484,TOFU 06,,,5/7/2014,5/9/2014,,,,-9999,,7
3485,TOFU 07,,,10/31/2014,10/31/2014,,,,-9999,,7
3486,TOFU 08,,,3/23/2015,3/23/2015,,,,-9999,,7
3487,TOFU 08.5,,,7/7/2015,7/7/2015,,,,-9999,,9
3488,TOFU 09,,,11/8/2015,11/8/2015,,,,-9999,,7
3489,TOFU 10,,,6/21/2016,6/22/2016,,,,-9999,,7
3490,TOFU 11,,,10/31/2016,11/1/2016,,,,-9999,,7
3491,TOFU 12,,,6/11/2017,6/11/2017,,,,-9999,,7
3492,TOFU 13,,,10/23/2017,10/25/2017,,,,-9999,,7
3493,TOFU 14,,,10/28/2018,10/30/2018,,,,-9999,,7
3494,TOFU 14.5,,,3/24/2019,3/26/2019,,,,-9999,,9
3495,TOFU 15,,,10/28/2019,10/29/2019,,,,-9999,,7
3496,TOFU 16,,,10/29/2020,10/30/2020,,,,-9999,,7
3497,TOFU 17,,,10/28/2021,10/31/2021,,,,-9999,,7
3498,TOFU 17.5,,,4/18/2022,4/20/2022,,,,-9999,,9
3499,TOFU 18,,,10/6/2022,10/7/2022,,,,-9999,,7
3500,Tom Hudgen ugrad research,,,NULL,NULL,,,,14,,25
3501,Tonstein Expedition,,,9/14/2021,3/14/2024,,,,-9999,,19
3502,Tonto,,,NULL,NULL,,,,-9999,,5
3503,Topernawi Field Excursion 2020,,N.A.,1/16/2020,1/16/2020,,,Field campaign,3,,30
3504,Topernawi Geology Excursion 2020,,,1/16/2020,1/16/2020,,,,3,,32
3505,TOPGUN,RV KRKII,RV KRKII,11/10/2010,11/12/2010,,,,7,,6
3506,Tourbiere des Creusates (Eté2009),,,6/30/2009,6/30/2009,,,,-9999,,33
3507,TPTW01WT,T. Washington,R/V Thomas Washington,NULL,NULL,,,,7,,8
3508,Tr/Jr boundary proyect,,,5/2/2018,4/22/2023,,,,8,,22
3509,TR002,R/V Trident,R/V Trident,11/11/1962,11/19/1962,,,,7,,5
3510,TR004,R/V Trident,R/V Trident,4/12/1963,4/23/1963,,,,7,,5
3511,TR005,R/V Trident,R/V Trident,6/25/1963,6/25/1963,,,,7,,5
3512,TR009,R/V Trident,R/V Trident,8/20/1963,8/28/1963,,,,7,,5
3513,TR015,R/V Trident,R/V Trident,4/24/1964,5/19/1964,,,,7,,5
3514,TR018,R/V Trident,R/V Trident,7/15/1964,7/24/1964,,,,7,,5
3515,TR021,R/V Trident,R/V Trident,10/15/1964,10/15/1964,,,,7,,5
3516,TR023,Trident,R/V Trident,NULL,NULL,,,,7,,5
3517,TR024,Trident,R/V Trident,NULL,NULL,,,,7,,5
3518,TR027,R/V Trident,R/V Trident,8/19/1965,8/28/1965,,,,7,,5
3519,TR028,Trident,R/V Trident,11/6/1965,11/7/1965,,,,7,,5
3520,TR029,R/V Trident,R/V Trident,4/13/1966,4/30/1966,,,,7,,5
3521,TR034,R/V Trident,R/V Trident,8/2/1966,8/10/1966,,,,7,,5
3522,TR036,Trident,R/V Trident,NULL,NULL,,,,7,,5
3523,TR037,Trident,R/V Trident,4/5/1967,4/20/1967,,,,7,,5
3524,TR041,Trident,R/V Trident,8/31/1967,9/9/1967,,,,7,,5
3525,TR044,Trident,R/V Trident,NULL,NULL,,,,7,,5
3526,TR049,Trident,R/V Trident,5/3/1968,6/3/1968,,,,7,,5
3527,TR050,Trident,R/V Trident,NULL,NULL,,,,7,,5
3528,TR051,Trident,R/V Trident,NULL,NULL,,,,7,,5
3529,TR052,Trident,R/V Trident,7/12/1968,7/22/1968,,,,7,,5
3530,TR055,Trident,R/V Trident,NULL,NULL,,,,7,,5
3531,TR067,R/V Trident,R/V Trident,2/28/1969,3/17/1969,,,,7,,5
3532,TR069,Trident,R/V Trident,6/20/1969,6/22/1969,,,,7,,5
3533,TR071,Trident,R/V Trident,8/3/1969,8/6/1969,,,,7,,5
3534,TR079,Trident,R/V Trident,3/14/1970,3/20/1970,,,,7,,5
3535,TR082,Trident,R/V Trident,12/31/1981,12/31/1981,,,,7,,5
3536,TR083,R/V Trident,R/V Trident,6/5/1970,6/7/1970,,,,7,,5
3537,TR085,Trident,R/V Trident,7/13/1970,7/13/1970,,,,7,,5
3538,TR086,Trident,R/V Trident,7/23/1970,7/26/1970,,,,7,,5
3539,TR089,Trident,R/V Trident,10/5/1970,10/21/1970,,,,7,,5
3540,TR091,Trident,R/V Trident,NULL,NULL,,,,7,,5
3541,TR096,Trident,R/V Trident,2/21/1971,3/21/1971,,,,7,,5
3542,TR098,Trident,R/V Trident,5/22/1971,12/31/1997,,,,7,,5
3543,TR099,R/V Trident,R/V Trident,6/13/1971,6/14/1971,,,,7,,5
3544,TR100,Trident,R/V Trident,7/6/1971,7/11/1971,,,,7,,5
3545,TR101,Trident,R/V Trident,7/18/1971,7/27/1971,,,,7,,5
3546,TR102,Trident,R/V Trident,NULL,NULL,,,,7,,5
3547,TR103,Trident,R/V Trident,NULL,NULL,,,,7,,5
3548,TR104,Trident,R/V Trident,NULL,NULL,,,,7,,5
3549,TR112,R/V Trident,R/V Trident,3/18/1972,4/1/1972,,,,7,,5
3550,TR116,Trident,R/V Trident,NULL,NULL,,,,7,,5
3551,TR119,Trident,R/V Trident,7/22/1972,7/25/1972,,,,7,,5
3552,TR121,Trident,R/V Trident,NULL,NULL,,,,7,,5
3553,TR122,Trident,R/V Trident,8/23/1972,8/29/1972,,,,7,,5
3554,TR123,Trident,R/V Trident,9/13/1972,9/16/1972,,,,7,,5
3555,TR126,Trident,R/V Trident,NULL,NULL,,,,7,,5
3556,TR138,Trident,R/V Trident,7/1/1973,7/8/1973,,,,7,,5
3557,TR139,Trident,R/V Trident,7/18/1973,8/3/1973,,,,7,,5
3558,TR148,Trident,R/V Trident,NULL,NULL,,,,7,,5
3559,TR149,Trident,R/V Trident,NULL,NULL,,,,7,,5
3560,TR154,Trident,R/V Trident,6/8/1974,6/26/1974,,,,7,,5
3561,TR163,R/V Trident,R/V Trident,2/12/1975,2/24/1975,,,,7,,5
3562,TR164,Trident,R/V Trident,3/10/1975,3/27/1975,,,,7,,5
3563,TR171,Trident,R/V Trident,NULL,NULL,,,,7,,5
3564,TR172,Trident,R/V Trident,NULL,NULL,,,,7,,5
3565,TR174,Trident,R/V Trident,NULL,NULL,,,,7,,5
3566,TransitENSENS-SHEBA,,,6/2/2000,6/2/2000,,,,-9999,,19
3567,Trident,,,NULL,NULL,,,,-9999,,7
3568,TRIESTE15-77,Trieste,Trieste,NULL,NULL,,,,-9999,,12
3569,TRIESTE16-77,Trieste,Trieste,NULL,NULL,,,,-9999,,12
3570,Triglav2014 (Slovenie),,,7/19/2014,7/19/2014,,,,-9999,,22
3571,TRIP,,,12/30/2008,12/30/2008,,,,-9999,,4
3572,TRIP03AR,Argo,Argo,NULL,NULL,,,,-9999,,8
3573,TSARR,,,2/13/2012,2/13/2012,,,,-9999,,5
3574,TT013,Thomas Thompson,R/V Thomas G. Thompson,NULL,NULL,,,,7,,5
3575,TT170,R.V. Thompson,R/V Thomas G. Thompson,5/31/1981,5/31/1981,,,,7,,5
3576,TT175,Thomas Thompson,R/V Thomas G. Thompson,NULL,NULL,,,,7,,5
3577,TT198,Thomas G. Thompson,R/V Thomas G. Thompson,5/12/1986,6/12/1986,,,,7,,5
3578,TTN013,Thomas Thompson,R/V Thomas G. Thompson,NULL,NULL,,,,7,,6
3579,TTN015,R/V Thomas G. Thompson,R/V Thomas G. Thompson,NULL,NULL,,,,7,,6
3580,TTN057,Thomas Thompson,R/V Thomas G. Thompson,2/4/1996,3/5/1996,,,,7,,6
4276,"Tuffs, trilobites and tectonics",,,,,,,,-9999,,31
3581,TUIM05MV,Melville,R/V Melville,4/6/2005,5/6/2005,,,,7,,8
3582,TUIM06MV,Melville,R/V Melville,5/17/2005,5/31/2005,,,,7,,8
3583,TUIM07MV,Melville,R/V Melville,6/11/2005,6/26/2005,,,,7,,8
3584,TUNE04WT,Thomas Washington,R/V Thomas Washington,10/6/1991,10/10/1991,,,,7,,8
3585,TUNE06WT,T. Washington,R/V Thomas Washington,NULL,NULL,,,,7,,8
3586,TUNE07WT,T. Washington,R/V Thomas Washington,NULL,NULL,,,,7,,8
3587,TURKANA,RV Halcyon,RV Halcyon,8/23/1984,11/10/1984,,,,7,,7
3588,Turkana 2018,,,6/4/2018,6/24/2018,,,,15,,12
3589,Turquie01/07/10,,,6/30/2010,6/30/2010,,,,15,,15
3590,TW7,Thomas Washington,R/V Thomas Washington,6/9/1990,6/13/1992,,,,7,,3
3591,TW-PL07,Thomas Washington,R/V Thomas Washington,6/11/1990,6/25/1990,,,,7,,7
3592,U.S. Borax,,,NULL,NULL,,,,5,,10
3593,U.S. Exploring Expedition - Wilkes,,,NULL,NULL,,,,-9999,,34
3594,UARK,,,9/19/2007,12/30/2008,,,,-9999,,4
3595,UAURS,,,3/20/2014,3/17/2015,,,,-9999,,5
3596,UBER,,,11/12/2015,11/13/2015,,,,-9999,,4
3597,UCSD Arizona,,,NULL,NULL,,,,-9999,,12
3598,UF Jamaica 2015 Fieldwork,,N.A.,6/13/2015,7/16/2017,,,Field campaign,3,,25
3599,Uganda,,,12/30/2001,12/30/2002,,,,-9999,,6
3600,UKB,,,3/24/1998,3/24/1998,,,,-9999,,3
3601,UMB,,,12/31/1999,3/31/2003,,,,-9999,,3
3602,UMKC,,,3/26/2014,6/30/2016,,,,-9999,,4
3603,UNCC,,,7/15/2007,7/18/2007,,,,-9999,,4
3604,UNCW,,,NULL,NULL,,,,-9999,,4
3605,United States Exploring Expedition (Wilkes Expedition),,,NULL,NULL,,,,3,,54
3606,UNITY,,,2/28/2009,2/28/2009,,,,-9999,,5
3607,UP,,,12/30/2005,12/30/2005,,,,-9999,,2
3608,UPRI,,,1/7/2013,1/7/2013,,,,-9999,,4
4285,Urban Forest Soil Coring Campaign,,,,,,,,-9999,,33
3609,Urban Interface Soil Coring Campaign,,,6/10/2024,7/18/2024,,,,13,,36
3610,US Department of Energy River Corridor Science Focus Area,,,7/28/2019,10/9/2023,"US Department of Energy River Corridor Science Focus Area, Worldwide Hydrobiogeochemical Observation Network for Dynamic River Systems (WHONDRS)",,,16,,57
3611,USAP B-511-M,,,11/15/2012,11/15/2012,,,,-9999,,12
3612,USAP G-094-P,,,12/31/2013,12/31/2013,,,,-9999,,12
3613,USBM01A,,,NULL,NULL,,,,-9999,,7
3614,USC,,,7/26/2009,7/28/2009,,,,-9999,,3
3615,USF GLY3311 course,,,12/31/2017,12/31/2017,,,,-9999,,18
3616,USGS,,,NULL,NULL,,,,-9999,,4
3617,USGS 1590 Series,,,6/2/1905,12/31/1980,,,,-9999,,16
3618,USGS 1590 Series Report A,,,12/31/1974,12/31/1979,,,,-9999,,25
3619,USGS 1590 Series Report B,,,12/31/1976,12/31/1976,,,,-9999,,25
3620,USGS 1590 Series Report E,,,12/31/1977,12/31/1977,,,,-9999,,25
3621,USGS Alaska Basins and Petroleum Systems,,,7/17/2012,7/15/2019,,,,-9999,,40
3622,USGS Drylands,,,12/31/1997,12/31/2006,,,,-9999,,13
3623,USGS Numbered Series,,,12/31/1979,12/31/1979,,,,-9999,,20
3624,USGS Reheis Archive,,,12/31/1999,12/31/2000,,,,-9999,,19
3626,USGS Sea Sounder S6-79 (1979),,,5/31/1979,5/31/1979,,,,-9999,,29
3627,"USGS Survey of Greeneville Quad, Tenn.-N.C.",,,NULL,NULL,,,,-9999,,43
3628,"USGS Survey of the Copper Deposits Near Lemhi Co, Idaho",,,NULL,NULL,,,,5,,55
3629,"USGS Survey of the Copper Deposits Near Salmon, Idaho",,,NULL,NULL,,,,5,,53
3630,USGS/MDEM,,,NULL,NULL,,,,-9999,,9
3631,USGS-KORDI Cooperative Cruise to the Marshall Islands (F10-89-CP),Farnella,Farnella,NULL,NULL,,,,7,,65
3632,USP/UFAC/ICMBio 2022,,,7/19/2022,7/19/2022,,,,-9999,,20
3633,UTWE,,,8/22/2011,8/24/2011,,,,-9999,,4
3634,UWI,RV Molly McGlue,RV Molly McGlue,10/19/2015,10/22/2015,,,,7,,3
3635,Uwitec CLIMCOR I 2011,Uwitec CLIMCOR I,Uwitec CLIMCOR I,12/11/2011,12/11/2011,,,,-9999,,21
3636,UWRF,,,3/6/2016,2/6/2018,,,,-9999,,4
3637,VA01,R/V Valdivia,R/V Valdivia,6/30/1971,6/30/1971,,,,7,,4
3638,VA03,R/V Valdivia,R/V Valdivia,1/9/1972,1/9/1972,,,,7,,4
3639,VAN,,,7/13/2006,7/17/2006,,,,-9999,,3
3640,VANC02MV,Melville,R/V Melville,9/8/2002,10/7/2002,,,,7,,8
3641,VANC04,Melville,R/V Melville,10/31/2002,10/31/2002,,,,7,,6
3642,VANC13MV,Melville,R/V Melville,8/22/2003,8/24/2003,,,,7,,8
3643,VANC14MV,Melville,R/V Melville,8/26/2003,9/15/2003,,,,7,,8
3644,VANC15MV,Melville,R/V Melville,9/18/2003,9/25/2003,,,,7,,8
3645,VANC16MV,Melville,R/V Melville,9/29/2003,9/29/2003,,,,7,,8
3646,VANC19MV,Melville,R/V Melville,1/10/2004,1/13/2004,,,,7,,8
3647,VANC20MV,Melville,R/V Melville,1/13/2004,1/25/2004,,,,7,,8
3648,VANC21MV,Melville,R/V Melville,1/28/2004,2/14/2004,,,,7,,8
3649,VANC22MV,Melville,R/V Melville,2/19/2004,2/27/2004,,,,7,,8
3650,VANC23MV,Melville,R/V Melville,3/1/2004,3/6/2004,,,,7,,8
3651,VANC24MV,Melville,R/V Melville,3/13/2004,3/19/2004,,,,7,,8
3652,VANC25MV,Melville,R/V Melville,3/20/2004,4/1/2004,,,,7,,8
3653,VANC26MV,Melville,R/V Melville,4/3/2004,4/8/2004,,,,7,,8
3654,VANC27MV,Melville,R/V Melville,4/20/2004,5/21/2004,,,,7,,8
3655,VANC28MV,Melville,R/V Melville,4/22/2004,5/6/2004,,,,7,,8
3656,VANC29MV,Melville,R/V Melville,5/7/2004,5/18/2004,,,,7,,8
3657,VANC30MV,Melville,R/V Melville,5/19/2004,5/23/2004,,,,7,,8
3658,VASTB,,,5/9/2008,5/9/2008,,,,-9999,,5
3659,VASTC,,,4/15/2009,8/14/2010,,,,-9999,,5
3660,VAULT,,,3/21/2013,3/22/2013,,,,-9999,,5
3661,VCNPD,,,6/2/2016,6/19/2016,,,,-9999,,5
3662,Vekol,,,NULL,NULL,,,,-9999,,5
3663,VEMA V-33-07,,,NULL,NULL,,,,-9999,,12
3664,VEMA V-33-08,,,NULL,NULL,,,,-9999,,12
3665,VEMA V-33-09,,,NULL,NULL,,,,-9999,,12
3666,VEMA V-33-10,,,NULL,NULL,,,,-9999,,12
3667,VEMA V-33-11,,,NULL,NULL,,,,-9999,,12
3668,VEMA V-33-12,,,NULL,NULL,,,,-9999,,12
3669,VEMA V-33-13,,,NULL,NULL,,,,-9999,,12
3670,VEMA V-33-14,,,NULL,NULL,,,,-9999,,12
3671,VEMA V-33-15,,,NULL,NULL,,,,-9999,,12
3672,VEMA V-33-16,,,NULL,NULL,,,,-9999,,12
3673,VEMA V-33-17,,,NULL,NULL,,,,-9999,,12
3674,VEMA V-33-18,,,NULL,NULL,,,,-9999,,12
3675,VEMA V-33-19,,,NULL,NULL,,,,-9999,,12
3676,VEMA V-33-20,,,NULL,NULL,,,,-9999,,12
3677,VEMA V-33-21,,,NULL,NULL,,,,-9999,,12
3678,VEMA V-33-22,,,NULL,NULL,,,,-9999,,12
3679,VEMA V-33-23,,,NULL,NULL,,,,-9999,,12
3680,VEMA V-33-24,,,NULL,NULL,,,,-9999,,12
3681,VENZ,,,12/30/2002,12/30/2007,,,,-9999,,4
3682,VEOLIA/SORME19/09/13,,,9/18/2013,9/18/2013,,,,-9999,,20
3683,VERE,RV Vereshagin,RV Vereshagin,7/23/1990,12/30/1994,,,,7,,4
3684,VERSEAU - DRASTIC projects (Loire-Bretagne Water Agency),,,9/17/2012,4/29/2014,,,,16,,56
3685,VERSEAU project,,,3/14/2012,1/10/2016,,,,8,,15
3686,Věteřov 2012; Geomagnetic prospection in the Czech Republic,,,9/19/2012,9/19/2012,,,,-9999,,59
3687,VFH,,,12/30/2005,12/30/2005,,,,-9999,,3
3688,Victoria,RV Ibis,RV Ibis,3/31/1995,12/30/1996,,,,7,,8
3689,VISIONS'11,R/V Thomas G. Thompson,R/V Thomas G. Thompson,8/23/2011,8/30/2011,,,,7,,10
3690,VLCN05MV,Melville,R/V Melville,11/30/1980,11/30/1980,,,,7,,8
3691,VLCN08MV,Melville,R/V Melville,NULL,NULL,,,,7,,8
3692,VM02,Vema,R/V Vema,7/25/1953,7/27/1953,,,,7,,4
3693,VM0201,Vema,R/V Vema,7/20/1953,7/29/1953,,,,7,,6
3694,VM0202,Vema,R/V Vema,8/23/1953,8/25/1953,,,,7,,6
3695,VM03,Vema,R/V Vema,2/28/1954,4/3/1954,,,,7,,4
3696,VM0302,Vema,R/V Vema,1/29/1954,2/9/1954,,,,7,,6
3697,VM0304,Vema,R/V Vema,2/16/1954,2/20/1954,,,,7,,6
3698,VM0305,Vema,R/V Vema,2/25/1954,3/8/1954,,,,7,,6
3699,VM0306,Vema,R/V Vema,3/13/1954,3/21/1954,,,,7,,6
3700,VM0307,Vema,R/V Vema,4/2/1954,4/17/1954,,,,7,,6
3701,VM0308,Vema,R/V Vema,4/20/1954,5/1/1954,,,,7,,6
3702,VM0309,Vema,R/V Vema,5/5/1954,5/18/1954,,,,7,,6
3703,VM0310,Vema,R/V Vema,5/21/1954,6/2/1954,,,,7,,6
3704,VM04,Vema,R/V Vema,7/21/1954,8/30/1954,,,,7,,4
3705,VM0401,Vema,R/V Vema,7/9/1954,7/25/1954,,,,7,,6
3706,VM0402,Vema,R/V Vema,8/1/1954,8/9/1954,,,,7,,6
3707,VM0404,Vema,R/V Vema,8/21/1954,8/21/1954,,,,7,,6
3708,VM0405,Vema,R/V Vema,8/26/1954,9/5/1954,,,,7,,6
3709,VM05,Vema,R/V Vema,11/8/1954,12/12/1954,,,,7,,4
3710,VM0501,Vema,R/V Vema,11/6/1954,11/8/1954,,,,7,,6
3711,VM0502,Vema,R/V Vema,11/11/1954,11/14/1954,,,,7,,6
3712,VM0503,Vema,R/V Vema,11/16/1954,11/18/1954,,,,7,,6
3713,VM0504,Vema,R/V Vema,11/22/1954,11/25/1954,,,,7,,6
3714,VM0505,Vema,R/V Vema,12/3/1954,12/4/1954,,,,7,,6
3715,VM0507,Vema,R/V Vema,12/11/1954,12/13/1954,,,,7,,6
3716,VM0604,Vema,R/V Vema,2/11/1955,2/13/1955,,,,7,,6
3717,VM0605,Vema,R/V Vema,2/19/1955,2/21/1955,,,,7,,6
3718,VM0606,Vema,R/V Vema,3/3/1955,3/7/1955,,,,7,,6
3719,VM0607,Vema,R/V Vema,3/15/1955,3/15/1955,,,,7,,6
3720,VM0608,Vema,R/V Vema,3/27/1955,3/27/1955,,,,7,,6
3721,VM07,Vema,R/V Vema,6/17/1955,8/14/1955,,,,7,,4
3722,VM0701,Vema,R/V Vema,5/25/1955,6/4/1955,,,,7,,6
3723,VM0702,Vema,R/V Vema,6/10/1955,6/28/1955,,,,7,,6
3724,VM0703,Vema,R/V Vema,7/9/1955,7/26/1955,,,,7,,6
3725,VM0704,Vema,R/V Vema,8/4/1955,8/14/1955,,,,7,,6
3726,VM0705,Vema,R/V Vema,8/31/1955,9/17/1955,,,,7,,6
3727,VM08,Vema,R/V Vema,12/6/1955,12/6/1955,,,,7,,4
3728,VM0803,Vema,R/V Vema,11/8/1955,11/12/1955,,,,7,,6
3729,VM0805,Vema,R/V Vema,11/21/1955,11/30/1955,,,,7,,6
3730,VM0807,Vema,R/V Vema,12/7/1955,12/21/1955,,,,7,,6
3731,VM0808,Vema,R/V Vema,12/30/1955,2/7/1956,,,,7,,6
3732,VM09,Vema,R/V Vema,3/30/1956,3/30/1956,,,,7,,4
3733,VM0901,Vema,R/V Vema,2/10/1956,2/16/1956,,,,7,,6
3734,VM0902,Vema,R/V Vema,3/2/1956,3/17/1956,,,,7,,6
3735,VM0903,Vema,R/V Vema,3/28/1956,4/15/1956,,,,7,,6
3736,VM10,Vema,R/V Vema,7/3/1956,7/8/1956,,,,7,,4
3737,VM1003,Vema,R/V Vema,6/29/1956,7/3/1956,,,,7,,6
3738,VM1004,Vema,R/V Vema,7/5/1956,7/9/1956,,,,7,,6
3739,VM1005,Vema,R/V Vema,7/12/1956,7/14/1956,,,,7,,6
3740,VM1006,Vema,R/V Vema,7/16/1956,7/19/1956,,,,7,,6
3741,VM1007,Vema,R/V Vema,7/21/1956,7/27/1956,,,,7,,6
3742,VM1008,Vema,R/V Vema,7/30/1956,8/5/1956,,,,7,,6
3743,VM1009,Vema,R/V Vema,8/6/1956,8/11/1956,,,,7,,6
3744,VM1010,Vema,R/V Vema,8/14/1956,8/19/1956,,,,7,,6
3745,VM1011,Vema,R/V Vema,8/27/1956,9/1/1956,,,,7,,6
3746,VM1012,Vema,R/V Vema,9/3/1956,9/4/1956,,,,7,,6
3747,VM1013,Vema,R/V Vema,9/8/1956,9/25/1956,,,,7,,6
3748,VM1101,Vema,R/V Vema,11/6/1956,11/6/1956,,,,7,,6
3749,VM12,Vema,R/V Vema,1/29/1957,7/29/1957,,,,7,,4
3750,VM1201,Vema,R/V Vema,12/15/1956,12/16/1956,,,,7,,6
3751,VM1202,Vema,R/V Vema,12/22/1956,1/7/1957,,,,7,,6
3752,VM1203,Vema,R/V Vema,1/21/1957,1/31/1957,,,,7,,6
3753,VM1204,Vema,R/V Vema,2/12/1957,2/18/1957,,,,7,,6
3754,VM1206,Vema,R/V Vema,3/13/1957,3/23/1957,,,,7,,6
3755,VM1207,Vema,R/V Vema,4/1/1957,4/20/1957,,,,7,,6
3756,VM1208,Vema,R/V Vema,4/28/1957,5/7/1957,,,,7,,6
3757,VM1209,Vema,R/V Vema,5/18/1957,6/10/1957,,,,7,,6
3758,VM1210,Vema,R/V Vema,6/28/1957,7/2/1957,,,,7,,6
3759,VM1211,Vema,R/V Vema,7/10/1957,7/12/1957,,,,7,,6
3760,VM1212,Vema,R/V Vema,8/8/1957,8/11/1957,,,,7,,6
3761,VM1213,Vema,R/V Vema,8/14/1957,8/17/1957,,,,7,,6
3762,VM1301,Vema,R/V Vema,10/24/1957,10/31/1957,,,,7,,6
3763,VM14,Vema,R/V Vema,11/11/1957,5/23/1958,,,,7,,4
3764,VM1402,Vema,R/V Vema,11/21/1957,12/8/1957,,,,7,,6
3765,VM1403,Vema,R/V Vema,12/15/1957,12/16/1957,,,,7,,6
3766,VM1404,Vema,R/V Vema,12/20/1957,12/27/1957,,,,7,,6
3767,VM1405,Vema,R/V Vema,1/2/1958,1/7/1958,,,,7,,6
3768,VM1406,Vema,R/V Vema,1/17/1958,1/20/1958,,,,7,,6
3769,VM1407,Vema,R/V Vema,1/29/1958,2/12/1958,,,,7,,6
3770,VM1408,Vema,R/V Vema,2/18/1958,3/10/1958,,,,7,,6
3771,VM1409,Vema,R/V Vema,3/13/1958,4/5/1958,,,,7,,6
3772,VM1410,Vema,R/V Vema,4/19/1958,4/22/1958,,,,7,,6
3773,VM1411,Vema,R/V Vema,4/23/1958,5/4/1958,,,,7,,6
3774,VM1412,Vema,R/V Vema,5/11/1958,6/5/1958,,,,7,,6
3775,VM1413,Vema,R/V Vema,6/9/1958,6/27/1958,,,,7,,6
3776,VM1414,Vema,R/V Vema,7/2/1958,7/2/1958,,,,7,,6
3777,VM1415,Vema,R/V Vema,7/5/1958,7/14/1958,,,,7,,6
3778,VM1416,Vema,R/V Vema,7/23/1958,8/2/1958,,,,7,,6
3779,VM1417,Vema,R/V Vema,8/7/1958,8/10/1958,,,,7,,6
3780,VM1418,Vema,R/V Vema,8/13/1958,8/13/1958,,,,7,,6
3781,VM15,Vema,R/V Vema,10/28/1958,7/11/1959,,,,7,,4
3782,VM1501,Vema,R/V Vema,10/17/1958,10/21/1958,,,,7,,6
3783,VM1502,Vema,R/V Vema,11/3/1958,11/9/1958,,,,7,,6
3784,VM1503,Vema,R/V Vema,11/12/1958,12/10/1958,,,,7,,6
3785,VM1504,Vema,R/V Vema,12/16/1958,12/31/1958,,,,7,,6
3786,VM1505,Vema,R/V Vema,1/6/1959,1/12/1959,,,,7,,6
3787,VM1506,Vema,R/V Vema,1/15/1959,1/20/1959,,,,7,,6
3788,VM1507,Vema,R/V Vema,1/22/1959,1/31/1959,,,,7,,6
3789,VM1508,Vema,R/V Vema,2/4/1959,2/5/1959,,,,7,,6
3790,VM1508A,Vema,R/V Vema,2/7/1959,2/13/1959,,,,7,,7
3791,VM1509,Vema,R/V Vema,2/14/1959,2/14/1959,,,,7,,6
3792,VM1510,Vema,R/V Vema,2/22/1959,3/8/1959,,,,7,,6
3793,VM1511,Vema,R/V Vema,3/11/1959,4/4/1959,,,,7,,6
3794,VM1512,Vema,R/V Vema,4/5/1959,4/5/1959,,,,7,,6
3795,VM1513,Vema,R/V Vema,4/19/1959,5/2/1959,,,,7,,6
3796,VM1514,Vema,R/V Vema,5/4/1959,5/20/1959,,,,7,,6
3797,VM1515,Vema,R/V Vema,5/24/1959,5/24/1959,,,,7,,6
3798,VM1516,Vema,R/V Vema,5/26/1959,6/12/1959,,,,7,,6
3799,VM1517,Vema,R/V Vema,6/16/1959,6/23/1959,,,,7,,6
3800,VM1518,Vema,R/V Vema,7/1/1959,7/12/1959,,,,7,,6
3801,VM16,Vema,R/V Vema,10/12/1959,9/8/1960,,,,7,,4
3802,VM1601,Vema,R/V Vema,10/3/1959,10/13/1959,,,,7,,6
3803,VM1602,Vema,R/V Vema,10/19/1959,10/27/1959,,,,7,,6
3804,VM1603,Vema,R/V Vema,11/3/1959,11/15/1959,,,,7,,6
3805,VM1604,Vema,R/V Vema,11/22/1959,12/19/1959,,,,7,,6
3806,VM1605,Vema,R/V Vema,12/27/1959,1/20/1960,,,,7,,6
3807,VM1606,Vema,R/V Vema,1/24/1960,2/18/1960,,,,7,,6
3808,VM1607,Vema,R/V Vema,3/1/1960,3/9/1960,,,,7,,6
3809,VM1608,Vema,R/V Vema,3/16/1960,4/5/1960,,,,7,,6
3810,VM1609,Vema,R/V Vema,4/11/1960,5/10/1960,,,,7,,6
3811,VM1610,Vema,R/V Vema,5/13/1960,6/7/1960,,,,7,,6
3812,VM1611,Vema,R/V Vema,6/15/1960,6/29/1960,,,,7,,6
3813,VM1612,Vema,R/V Vema,7/5/1960,7/29/1960,,,,7,,6
3814,VM1613,Vema,R/V Vema,8/8/1960,8/10/1960,,,,7,,6
3815,VM1614,Vema,R/V Vema,8/12/1960,8/21/1960,,,,7,,6
3816,VM1615,Vema,R/V Vema,8/23/1960,9/7/1960,,,,7,,6
3817,VM1616,Vema,R/V Vema,9/10/1960,9/10/1960,,,,7,,6
3818,VM17,Vema,R/V Vema,1/4/1961,9/15/1961,,,,7,,4
3819,VM1702,Vema,R/V Vema,12/14/1960,12/21/1960,,,,7,,6
3820,VM1703,Vema,R/V Vema,12/31/1960,1/7/1961,,,,7,,6
3821,VM1704,Vema,R/V Vema,1/12/1961,2/12/1961,,,,7,,6
3822,VM1705,Vema,R/V Vema,2/18/1961,3/5/1961,,,,7,,6
3823,VM1706,Vema,R/V Vema,3/11/1961,3/15/1961,,,,7,,6
3824,VM1707,Vema,R/V Vema,3/20/1961,3/28/1961,,,,7,,6
3825,VM1708,Vema,R/V Vema,3/31/1961,4/3/1961,,,,7,,6
3826,VM1709,Vema,R/V Vema,4/12/1961,4/25/1961,,,,7,,6
3827,VM1710,Vema,R/V Vema,5/3/1961,5/18/1961,,,,7,,6
3828,VM1711,Vema,R/V Vema,5/22/1961,6/18/1961,,,,7,,6
3829,VM1712,Vema,R/V Vema,6/26/1961,7/16/1961,,,,7,,6
3830,VM1713,Vema,R/V Vema,7/19/1961,8/3/1961,,,,7,,6
3831,VM1714,Vema,R/V Vema,8/12/1961,8/14/1961,,,,7,,6
3832,VM1715,Vema,R/V Vema,8/17/1961,8/23/1961,,,,7,,6
3833,VM1716,Vema,R/V Vema,8/25/1961,9/15/1961,,,,7,,6
3834,VM1717,Vema,R/V Vema,9/23/1961,9/25/1961,,,,7,,6
3835,VM18,Vema,R/V Vema,12/31/1961,12/3/1962,,,,7,,4
3836,VM1802,Vema,R/V Vema,12/5/1961,12/22/1961,,,,7,,6
3837,VM1803,Vema,R/V Vema,12/27/1961,1/16/1962,,,,7,,6
3838,VM1804,Vema,R/V Vema,1/21/1962,2/3/1962,,,,7,,6
3839,VM1805,Vema,R/V Vema,2/10/1962,2/18/1962,,,,7,,6
3840,VM1806,Vema,R/V Vema,2/23/1962,3/8/1962,,,,7,,6
3841,VM1807,Vema,R/V Vema,3/13/1962,4/2/1962,,,,7,,6
3842,VM1808,Vema,R/V Vema,4/7/1962,4/30/1962,,,,7,,6
3843,VM1809,Vema,R/V Vema,5/10/1962,5/29/1962,,,,7,,6
3844,VM1810,Vema,R/V Vema,6/4/1962,6/16/1962,,,,7,,6
3845,VM1811,Vema,R/V Vema,6/22/1962,7/10/1962,,,,7,,6
3846,VM1812,Vema,R/V Vema,7/14/1962,7/29/1962,,,,7,,6
3847,VM1813,Vema,R/V Vema,8/5/1962,8/20/1962,,,,7,,6
3848,VM1814,Vema,R/V Vema,8/26/1962,9/14/1962,,,,7,,6
3849,VM1815,Vema,R/V Vema,9/19/1962,10/12/1962,,,,7,,6
3850,VM1816,Vema,R/V Vema,10/15/1962,10/23/1962,,,,7,,6
3851,VM1817,Vema,R/V Vema,10/28/1962,11/8/1962,,,,7,,6
3852,VM1818,Vema,R/V Vema,11/14/1962,11/23/1962,,,,7,,6
3853,VM1819,Vema,R/V Vema,11/28/1962,12/4/1962,,,,7,,6
3854,VM19,Vema,R/V Vema,1/25/1963,12/5/1963,,,,7,,4
3855,VM1901,Vema,R/V Vema,2/21/1963,2/23/1963,,,,7,,6
3856,VM1902,Vema,R/V Vema,2/27/1963,3/9/1963,,,,7,,6
3857,VM1903,Vema,R/V Vema,3/15/1963,3/23/1963,,,,7,,6
3858,VM1904,Vema,R/V Vema,3/31/1963,4/10/1963,,,,7,,6
3859,VM1905,Vema,R/V Vema,4/13/1963,5/5/1963,,,,7,,6
3860,VM1906,Vema,R/V Vema,5/9/1963,5/17/1963,,,,7,,6
3861,VM1907,Vema,R/V Vema,5/21/1963,6/13/1963,,,,7,,6
3862,VM1908,Vema,R/V Vema,6/22/1963,7/7/1963,,,,7,,6
3863,VM1909,Vema,R/V Vema,7/11/1963,8/3/1963,,,,7,,6
3864,VM1910,Vema,R/V Vema,8/8/1963,8/24/1963,,,,7,,6
3865,VM1911,Vema,R/V Vema,8/27/1963,9/13/1963,,,,7,,6
3866,VM1912,Vema,R/V Vema,9/19/1963,10/21/1963,,,,7,,6
3867,VM1913,Vema,R/V Vema,11/14/1963,12/3/1963,,,,7,,6
3868,VM20,Vema,R/V Vema,2/25/1964,11/30/1964,,,,7,,4
3869,VM2002,Vema,R/V Vema,3/1/1964,3/14/1964,,,,7,,6
3870,VM2003,Vema,R/V Vema,3/17/1964,4/14/1964,,,,7,,6
3871,VM2004,Vema,R/V Vema,4/20/1964,4/29/1964,,,,7,,6
3872,VM2005,Vema,R/V Vema,5/6/1964,5/23/1964,,,,7,,6
3873,VM2006,Vema,R/V Vema,5/27/1964,6/19/1964,,,,7,,6
3874,VM2007,Vema,R/V Vema,7/4/1964,7/4/1964,,,,7,,6
3875,VM2008,Vema,R/V Vema,7/29/1964,8/17/1964,,,,7,,6
3876,VM2009,Vema,R/V Vema,8/24/1964,9/16/1964,,,,7,,6
3877,VM2010,Vema,R/V Vema,9/21/1964,10/6/1964,,,,7,,6
3878,VM2011,Vema,R/V Vema,10/15/1964,11/5/1964,,,,7,,6
3879,VM2012,Vema,R/V Vema,11/11/1964,12/1/1964,,,,7,,6
3880,VM2013,Vema,R/V Vema,12/4/1964,12/8/1964,,,,7,,6
3881,VM21,Vema,R/V Vema,2/17/1965,10/19/1965,,,,7,,4
3882,VM2101,Vema,R/V Vema,2/11/1965,2/22/1965,,,,7,,6
3883,VM2103,Vema,R/V Vema,3/1/1965,3/10/1965,,,,7,,6
3884,VM2104,Vema,R/V Vema,3/14/1965,4/5/1965,,,,7,,6
3885,VM2106,Vema,R/V Vema,5/6/1965,5/25/1965,,,,7,,6
3886,VM2107,Vema,R/V Vema,6/15/1965,7/3/1965,,,,7,,6
3887,VM2108,Vema,R/V Vema,7/8/1965,7/23/1965,,,,7,,6
3888,VM2109A,Vema,R/V Vema,8/1/1965,8/1/1965,,,,7,,7
3889,VM2109B,Vema,R/V Vema,8/3/1965,8/5/1965,,,,7,,7
3890,VM2110,Vema,R/V Vema,8/9/1965,8/31/1965,,,,7,,6
3891,VM2111,Vema,R/V Vema,9/5/1965,9/14/1965,,,,7,,6
3892,VM2112,Vema,R/V Vema,9/16/1965,9/28/1965,,,,7,,6
3893,VM2113,Vema,R/V Vema,10/10/1965,11/8/1965,,,,7,,6
3894,VM2114,Vema,R/V Vema,11/14/1965,12/8/1965,,,,7,,6
3895,VM22,Vema,R/V Vema,1/21/1966,6/6/1966,,,,7,,4
3896,VM2201,Vema,R/V Vema,1/10/1966,1/25/1966,,,,7,,6
3897,VM2202,Vema,R/V Vema,1/30/1966,2/14/1966,,,,7,,6
3898,VM2203,Vema,R/V Vema,2/17/1966,3/8/1966,,,,7,,6
3899,VM2204,Vema,R/V Vema,3/15/1966,4/10/1966,,,,7,,6
3900,VM2205,Vema,R/V Vema,4/16/1966,4/22/1966,,,,7,,6
3901,VM2206,Vema,R/V Vema,4/26/1966,5/21/1966,,,,7,,6
3902,VM2207,Vema,R/V Vema,5/24/1966,6/11/1966,,,,7,,6
3903,VM23,Vema,R/V Vema,9/12/1966,11/15/1966,,,,7,,4
3904,VM2301,Vema,R/V Vema,7/28/1966,7/31/1966,,,,7,,6
3905,VM2302,Vema,R/V Vema,8/8/1966,8/22/1966,,,,7,,6
3906,VM2303,Vema,R/V Vema,8/30/1966,9/12/1966,,,,7,,6
3907,VM2304,Vema,R/V Vema,9/18/1966,10/7/1966,,,,7,,6
3908,VM2305,Vema,R/V Vema,10/15/1966,11/1/1966,,,,7,,6
3909,VM2306,Vema,R/V Vema,11/6/1966,12/3/1966,,,,7,,6
3910,VM2307,Vema,R/V Vema,12/8/1966,12/12/1966,,,,7,,6
3911,VM24,Vema,R/V Vema,1/16/1967,11/23/1967,,,,7,,4
3912,VM2401,Vema,R/V Vema,1/17/1967,1/27/1967,,,,7,,6
3913,VM2402,Vema,R/V Vema,2/1/1967,2/17/1967,,,,7,,6
3914,VM2403,Vema,R/V Vema,2/21/1967,3/20/1967,,,,7,,6
3915,VM2404,Vema,R/V Vema,3/27/1967,4/20/1967,,,,7,,6
3916,VM2405,Vema,R/V Vema,4/25/1967,5/23/1967,,,,7,,6
3917,VM2406,Vema,R/V Vema,6/2/1967,6/9/1967,,,,7,,6
3918,VM2407,Vema,R/V Vema,6/18/1967,7/11/1967,,,,7,,6
3919,VM2408,Vema,R/V Vema,7/17/1967,8/6/1967,,,,7,,6
3920,VM2409,Vema,R/V Vema,8/13/1967,8/14/1967,,,,7,,6
3921,VM2410,Vema,R/V Vema,8/23/1967,9/2/1967,,,,7,,6
3922,VM2411,Vema,R/V Vema,9/18/1967,10/9/1967,,,,7,,6
3923,VM2412,Vema,R/V Vema,10/16/1967,11/9/1967,,,,7,,6
3924,VM2413,Vema,R/V Vema,11/18/1967,12/12/1967,,,,7,,6
3925,VM25,Vema,R/V Vema,1/24/1968,4/7/1968,,,,7,,4
3926,VM2501,Vema,R/V Vema,1/6/1968,2/2/1968,,,,7,,6
3927,VM2502,Vema,R/V Vema,2/9/1968,3/6/1968,,,,7,,6
3928,VM2503,Vema,R/V Vema,3/11/1968,3/29/1968,,,,7,,6
3929,VM26,Vema,R/V Vema,8/2/1968,3/11/1969,,,,7,,4
3930,VM2601,Vema,R/V Vema,7/28/1968,8/11/1968,,,,7,,6
3931,VM2602,Vema,R/V Vema,8/24/1968,9/18/1968,,,,7,,6
3932,VM2603,Vema,R/V Vema,9/27/1968,10/18/1968,,,,7,,6
3933,VM2604,Vema,R/V Vema,10/26/1968,11/19/1968,,,,7,,6
3934,VM2605,Vema,R/V Vema,11/30/1968,12/25/1968,,,,7,,6
3935,VM2606,Vema,R/V Vema,1/3/1969,1/27/1969,,,,7,,6
3936,VM2607,Vema,R/V Vema,2/5/1969,2/25/1969,,,,7,,6
3937,VM2608,Vema,R/V Vema,3/6/1969,4/2/1969,,,,7,,6
3938,VM2609,Vema,R/V Vema,4/12/1969,5/7/1969,,,,7,,6
3939,VM2610,Vema,R/V Vema,5/12/1969,5/16/1969,,,,7,,6
3940,VM27,Vema,R/V Vema,6/2/1969,4/24/1970,,,,7,,4
3941,VM2701,Vema,R/V Vema,5/30/1969,6/13/1969,,,,7,,6
3942,VM2702,Vema,R/V Vema,6/21/1969,7/12/1969,,,,7,,6
3943,VM2703,Vema,R/V Vema,7/19/1969,8/5/1969,,,,7,,6
3944,VM2704,Vema,R/V Vema,8/11/1969,9/5/1969,,,,7,,6
3945,VM2705,Vema,R/V Vema,9/11/1969,9/15/1969,,,,7,,6
3946,VM2706,Vema,R/V Vema,9/20/1969,10/14/1969,,,,7,,6
3947,VM2707,Vema,R/V Vema,10/19/1969,11/15/1969,,,,7,,6
3948,VM2708,Vema,R/V Vema,11/21/1969,11/30/1969,,,,7,,6
3949,VM2709,Vema,R/V Vema,12/3/1969,12/27/1969,,,,7,,6
3950,VM2710,Vema,R/V Vema,1/2/1970,1/26/1970,,,,7,,6
3951,VM2712,Vema,R/V Vema,2/13/1970,3/9/1970,,,,7,,6
3952,VM2713,Vema,R/V Vema,3/15/1970,4/5/1970,,,,7,,6
3953,VM2714,Vema,R/V Vema,4/13/1970,5/6/1970,,,,7,,6
3954,VM28,Vema,R/V Vema,8/11/1970,11/6/1971,,,,7,,4
3955,VM2801,Vema,R/V Vema,6/26/1970,7/14/1970,,,,7,,6
3956,VM2802,Vema,R/V Vema,7/18/1970,8/1/1970,,,,7,,6
3957,VM2803,Vema,R/V Vema,8/7/1970,9/1/1970,,,,7,,6
3958,VM2804,Vema,R/V Vema,9/11/1970,10/3/1970,,,,7,,6
3959,VM2805,Vema,R/V Vema,10/12/1970,10/31/1970,,,,7,,6
3960,VM2806,Vema,R/V Vema,11/9/1970,11/19/1970,,,,7,,6
3961,VM2807,Vema,R/V Vema,11/26/1970,12/20/1970,,,,7,,6
3962,VM2808,Vema,R/V Vema,12/27/1970,1/6/1971,,,,7,,6
3963,VM2809,Vema,R/V Vema,1/9/1971,1/30/1971,,,,7,,6
3964,VM2810,Vema,R/V Vema,2/5/1971,3/4/1971,,,,7,,6
3965,VM2811,Vema,R/V Vema,3/13/1971,4/6/1971,,,,7,,6
3966,VM2812,Vema,R/V Vema,4/14/1971,4/18/1971,,,,7,,6
3967,VM2813,Vema,R/V Vema,4/21/1971,5/8/1971,,,,7,,6
3968,VM2814,Vema,R/V Vema,5/9/1971,6/16/1971,,,,7,,6
3969,VM2815,Vema,R/V Vema,6/22/1971,7/16/1971,,,,7,,6
3970,VM2816,Vema,R/V Vema,7/25/1971,8/5/1971,,,,7,,6
3971,VM2817,Vema,R/V Vema,8/12/1971,9/7/1971,,,,7,,6
3972,VM2818,Vema,R/V Vema,9/15/1971,10/9/1971,,,,7,,6
3973,VM2819,Vema,R/V Vema,10/17/1971,11/10/1971,,,,7,,6
3974,VM29,Vema,R/V Vema,11/22/1971,9/30/1972,,,,7,,4
3975,VM2901,Vema,R/V Vema,11/20/1971,12/13/1971,,,,7,,6
3976,VM2902,Vema,R/V Vema,12/18/1971,1/14/1972,,,,7,,6
3977,VM2903,Vema,R/V Vema,1/20/1972,2/11/1972,,,,7,,6
3978,VM2904,Vema,R/V Vema,2/18/1972,3/14/1972,,,,7,,6
3979,VM2905,Vema,R/V Vema,3/22/1972,4/14/1972,,,,7,,6
3980,VM2906,Vema,R/V Vema,4/24/1972,5/13/1972,,,,7,,6
3981,VM2907,Vema,R/V Vema,5/21/1972,6/8/1972,,,,7,,6
3982,VM2908,Vema,R/V Vema,6/15/1972,7/5/1972,,,,7,,6
3983,VM2909,Vema,R/V Vema,7/14/1972,8/4/1972,,,,7,,6
3984,VM2910,Vema,R/V Vema,8/11/1972,9/4/1972,,,,7,,6
3985,VM2911,Vema,R/V Vema,9/15/1972,9/30/1972,,,,7,,6
3986,VM30,Vema,R/V Vema,1/7/1973,12/17/1973,,,,7,,4
3987,VM3001,Vema,R/V Vema,11/24/1972,11/26/1972,,,,7,,6
3988,VM3002,Vema,R/V Vema,12/11/1972,12/27/1972,,,,7,,6
3989,VM3003,Vema,R/V Vema,1/5/1973,1/27/1973,,,,7,,6
3990,VM3004,Vema,R/V Vema,2/3/1973,2/26/1973,,,,7,,6
3991,VM3005,Vema,R/V Vema,3/3/1973,3/23/1973,,,,7,,6
3992,VM3006,Vema,R/V Vema,4/1/1973,4/17/1973,,,,7,,6
3993,VM3007,R/V Vema,R/V Vema,4/29/1973,5/13/1973,,,,7,,6
3994,VM3008,Vema,R/V Vema,5/27/1973,6/14/1973,,,,7,,6
3995,VM3009,Vema,R/V Vema,6/26/1973,7/20/1973,,,,7,,6
3996,VM3010,Vema,R/V Vema,7/28/1973,8/24/1973,,,,7,,6
3997,VM3011,Vema,R/V Vema,8/29/1973,9/26/1973,,,,7,,6
3998,VM3012,Vema,R/V Vema,10/13/1973,10/27/1973,,,,7,,6
3999,VM3013,Vema,R/V Vema,10/31/1973,11/28/1973,,,,7,,6
4000,VM3014,Vema,R/V Vema,12/5/1973,12/27/1973,,,,7,,6
4001,VM31,Vema,R/V Vema,2/12/1974,8/17/1974,,,,7,,4
4002,VM3101,Vema,R/V Vema,1/2/1974,1/27/1974,,,,7,,6
4003,VM3102,Vema,R/V Vema,2/9/1974,2/22/1974,,,,7,,6
4004,VM3103,Vema,R/V Vema,3/10/1974,3/29/1974,,,,7,,6
4005,VM3104,Vema,R/V Vema,4/7/1974,5/1/1974,,,,7,,6
4006,VM3105,Vema,R/V Vema,5/10/1974,5/28/1974,,,,7,,6
4007,VM3106,Vema,R/V Vema,6/8/1974,6/26/1974,,,,7,,6
4008,VM3107,Vema,R/V Vema,7/5/1974,7/30/1974,,,,7,,6
4009,VM3108,Vema,R/V Vema,8/7/1974,8/31/1974,,,,7,,6
4010,VM32,Vema,R/V Vema,10/30/1974,11/2/1975,,,,7,,4
4011,VM3203,Vema,R/V Vema,11/29/1974,12/15/1974,,,,7,,6
4012,VM3204,Vema,R/V Vema,12/22/1974,1/12/1975,,,,7,,6
4013,VM3205,Vema,R/V Vema,1/19/1975,2/13/1975,,,,7,,6
4014,VM3206,Vema,R/V Vema,2/24/1975,3/14/1975,,,,7,,6
4015,VM3207,Vema,R/V Vema,3/24/1975,4/17/1975,,,,7,,6
4016,VM3208,Vema,R/V Vema,4/24/1975,4/30/1975,,,,7,,6
4017,VM3209,Vema,R/V Vema,5/13/1975,5/25/1975,,,,7,,6
4018,VM3210,Vema,R/V Vema,6/5/1975,6/23/1975,,,,7,,6
4019,VM3211,Vema,R/V Vema,7/3/1975,7/12/1975,,,,7,,6
4020,VM3212,Vema,R/V Vema,7/20/1975,8/11/1975,,,,7,,6
4021,VM3213,Vema,R/V Vema,8/19/1975,9/11/1975,,,,7,,6
4022,VM3214,Vema,R/V Vema,9/18/1975,10/11/1975,,,,7,,6
4023,VM3215,Vema,R/V Vema,10/19/1975,11/8/1975,,,,7,,6
4024,VM33,Vema,R/V Vema,11/29/1975,9/14/1976,,,,7,,4
4025,VM3301,Vema,R/V Vema,11/21/1975,12/7/1975,,,,7,,6
4026,VM3302,Vema,R/V Vema,1/3/1976,1/14/1976,,,,7,,6
4027,VM3303,Vema,R/V Vema,1/22/1976,2/14/1976,,,,7,,6
4028,VM3304,Vema,R/V Vema,2/24/1976,3/10/1976,,,,7,,6
4029,VM3305,Vema,R/V Vema,3/22/1976,4/12/1976,,,,7,,6
4030,VM3306,Vema,R/V Vema,12/31/1975,5/10/1976,,,,7,,6
4031,VM3307,Vema,R/V Vema,5/15/1976,6/1/1976,,,,7,,6
4032,VM3308,Vema,R/V Vema,6/15/1976,7/13/1976,,,,7,,6
4033,VM3309,Vema,R/V Vema,7/31/1976,8/21/1976,,,,7,,6
4034,VM3310,Vema,R/V Vema,8/28/1976,9/16/1976,,,,7,,6
4035,VM3311,Vema,R/V Vema,10/13/1976,10/13/1976,,,,7,,6
4036,VM3312,Vema,R/V Vema,11/26/1976,12/14/1976,,,,7,,6
4037,VM3313,Vema,R/V Vema,12/22/1976,12/26/1976,,,,7,,6
4038,VM3314,Vema,R/V Vema,1/23/1977,2/10/1977,,,,7,,6
4039,VM34,Vema,R/V Vema,2/24/1977,1/22/1978,,,,7,,4
4040,VM3401,Vema,R/V Vema,2/21/1977,2/22/1977,,,,7,,6
4041,VM3402,Vema,R/V Vema,3/29/1977,4/16/1977,,,,7,,6
4042,VM3403,Vema,R/V Vema,4/27/1977,5/18/1977,,,,7,,6
4043,VM3404,Vema,R/V Vema,5/29/1977,6/17/1977,,,,7,,6
4044,VM3405,Vema,R/V Vema,7/3/1977,7/23/1977,,,,7,,6
4045,VM3406,Vema,R/V Vema,8/3/1977,8/23/1977,,,,7,,6
4046,VM3407,Vema,R/V Vema,9/2/1977,9/26/1977,,,,7,,6
4047,VM3408,Vema,R/V Vema,10/3/1977,10/25/1977,,,,7,,6
4048,VM3409,Vema,R/V Vema,11/11/1977,12/2/1977,,,,7,,6
4049,VM3410,Vema,R/V Vema,12/14/1977,12/20/1977,,,,7,,6
4050,VM3411,Vema,R/V Vema,1/8/1978,1/19/1978,,,,7,,6
4051,VM35,Vema,R/V Vema,6/8/1978,7/15/1978,,,,7,,4
4052,VM3501,Vema,R/V Vema,2/23/1978,2/23/1978,,,,7,,6
4053,VM3502,Vema,R/V Vema,3/22/1978,3/26/1978,,,,7,,6
4054,VM3504,Vema,R/V Vema,5/27/1978,5/27/1978,,,,7,,6
4055,VM3505,Vema,R/V Vema,6/6/1978,6/19/1978,,,,7,,6
4056,VM3506,Vema,R/V Vema,7/14/1978,7/15/1978,,,,7,,6
4057,VM36,Vema,R/V Vema,7/4/1979,3/26/1980,,,,7,,4
4058,VM3603,Vema,R/V Vema,11/4/1979,11/4/1979,,,,7,,6
4059,VM3606,Vema,R/V Vema,12/26/1979,1/2/1980,,,,7,,6
4060,VM3609,Vema,R/V Vema,3/9/1980,3/28/1980,,,,7,,6
4061,VM3612,Vema,R/V Vema,3/28/1980,9/24/1980,,,,7,,6
4062,VM3616,Vema,R/V Vema,9/24/1980,9/28/1980,,,,7,,6
4063,VM3617,Vema,R/V Vema,10/21/1980,10/27/1980,,,,7,,6
4064,VNTR02WT,Thomas Washington,R/V Thomas Washington,10/11/1989,10/11/1989,,,,7,,8
4065,VNTR03WT,Thomas Washington,R/V Thomas Washington,12/8/1989,12/8/1989,,,,7,,8
4066,VNZ,,,1/30/2007,1/31/2011,,,,-9999,,3
4067,VOGE,RV Happy,RV Happy,8/18/2013,3/7/2015,,,,7,,4
4068,Volcanic Glass Project,Bartlett,Bartlett,NULL,NULL,,,,8,,22
4069,Volcanofiles Chile Expedition 2012,,,2/14/2012,2/14/2012,,,,-9999,,34
4070,VOPA,,,5/8/2016,5/10/2016,,,,-9999,,4
4071,VR-2020,,,NULL,NULL,,,,-9999,,7
4072,Vráble 2009; DFG-Project Vráble,,,6/19/2017,6/25/2017,Emergence and decline of an early bronze age settlement center in southwest Slovakia,,,15,,31
4073,Vráble 2010; DFG-Project Vráble,,,NULL,NULL,Emergence and decline of an early bronze age settlement center in southwest Slovakia,,,15,,31
4074,Vráble 2012; DFG-Project Vráble,,,8/31/2012,8/31/2012,Emergence and decline of an early bronze age settlement center in southwest Slovakia,,,15,,31
4076,Vráble 2013; DFG-Project Vráble,,,1/28/2015,7/31/2016,Emergence and decline of an early bronze age settlement center in southwest Slovakia,,,15,,31
4077,Vráble 2014; autumn campaign; DFG-Project Vráble,,,8/17/2014,8/18/2014,Emergence and decline of an early bronze age settlement center in southwest Slovakia,,,15,,48
4078,Vráble 2014; Bešeňov; DFG-Project Vráble,,,7/22/2014,7/28/2014,Emergence and decline of an early bronze age settlement center in southwest Slovakia,,,15,,40
4079,Vráble 2014; Čierne Kľačany; DFG-Project Vráble,,N.A.,4/7/2014,4/7/2014,Emergence and decline of an early bronze age settlement center in southwest Slovakia,,,15,,47
4080,Vráble 2014; DFG-Project Vráble,,,2/18/2015,5/29/2017,Emergence and decline of an early bronze age settlement center in southwest Slovakia,,,15,,31
4081,Vráble 2014; Hul; DFG-Project Vráble,,,3/11/2014,3/12/2014,Emergence and decline of an early bronze age settlement center in southwest Slovakia,,,15,,36
4082,Vráble 2014; Maňa; DFG-Project Vráble,,,4/16/2014,4/16/2014,Emergence and decline of an early bronze age settlement center in southwest Slovakia,,,15,,37
4083,Vráble 2014; spring campaign; DFG-Project Vráble,,,3/15/2014,12/5/2022,Emergence and decline of an early bronze age settlement center in southwest Slovakia,,,15,,48
4084,Vráble 2015; DFG-Project Vráble,,,2/18/2015,9/14/2015,Emergence and decline of an early bronze age settlement center in southwest Slovakia,,,15,,31
4085,Vráble 2016; DFG-Project Vráble,,,10/17/2016,3/12/2017,Emergence and decline of an early bronze age settlement center in southwest Slovakia,,,15,,31
4086,Vráble 2017; DFG-Project Vráble,,,9/9/2018,3/6/2019,Emergence and decline of an early bronze age settlement center in southwest Slovakia,,,15,,31
4087,Vráble 2019; DFG-Project Vráble,,,2/8/2019,9/29/2019,Emergence and decline of an early bronze age settlement center in southwest Slovakia,,,15,,31
4088,Vráble 2023 - MPI Leipzig; rgk2023-03,,,4/3/2023,4/4/2023,,,,-9999,,37
4089,VSF,,,7/14/2021,7/14/2021,,,,-9999,,3
4090,W65101WT,T. Washington,R/V Thomas Washington,NULL,NULL,,,,7,,8
4091,W8803B,R/V Wecoma,R/V Wecoma,3/31/1988,4/19/1988,,,,7,,6
4092,W8907A,Wecoma,R/V Wecoma,6/30/1989,6/30/1989,,,,7,,6
4093,WA2015,R/V Maritime Maid,R/V Maritime Maid,9/11/2015,9/14/2015,,,,7,,6
4094,WAB,RV Happy,RV Happy,7/17/2008,7/17/2008,,,,7,,3
4095,WAK,,,10/27/2011,10/27/2011,,,,-9999,,3
4096,WAM,,,7/20/2010,7/20/2010,,,,-9999,,3
4097,Wandamen Peninsula 2013,,,4/29/2013,4/29/2013,,,,-9999,,23
4098,Wandsworth Volcanic Group Project,,,NULL,NULL,,,,8,,33
4099,Wasatch Intrusive Belt Project,,,7/18/2019,7/18/2019,,,,8,,30
4100,Watenstedt 2016,,,9/27/2016,9/27/2016,,,,-9999,,15
4101,Watershed Function SFA,,,3/6/2017,2/28/2024,,,,16,,22
4102,WCC06,Ferrel,NOAAS Ferrel,4/15/1974,4/15/1974,,,,-9999,,5
4103,WCC07,Ferrel,NOAAS Ferrel,5/5/1974,5/5/1974,,,,-9999,,5
4104,WCC08,Ferrel,NOAAS Ferrel,6/9/1974,6/9/1974,,,,-9999,,5
4105,WCC09,Ferrel,NOAAS Ferrel,7/15/1974,7/15/1974,,,,-9999,,5
4106,WCC10,Ferrel,NOAAS Ferrel,8/20/1974,8/20/1974,,,,-9999,,5
4107,WCC11,Ferrel,NOAAS Ferrel,9/28/1974,9/28/1974,,,,-9999,,5
4108,WCC12,Ferrel,NOAAS Ferrel,11/3/1974,11/3/1974,,,,-9999,,5
4109,WCC13,Ferrel,NOAAS Ferrel,12/9/1974,12/9/1974,,,,-9999,,5
4110,WCC14,Ferrel,NOAAS Ferrel,12/31/1974,12/31/1974,,,,-9999,,5
4111,WDC-06A,,,12/31/2001,12/31/2004,,,,-9999,,7
4112,WEA.SHIP LIMA station 1390,Weather Ship Lima,Weather Ship Lima,NULL,NULL,,,,-9999,,26
4113,WEA.SHIP MIKE Stn 1313,WEA.SHIP,Weather Ship Mike,2/14/1975,2/14/1975,,,,-9999,,22
4114,WEA.SHIP MIKE Stn 1315,WEA.SHIP,Weather Ship Mike,6/1/1975,6/1/1975,,,,-9999,,22
4115,WEA.SHIP MIKE Stn 1318,WEA.SHIP,Weather Ship Mike,8/31/1975,8/31/1975,,,,-9999,,22
4116,WEA.SHIP MIKE Stn 1342 ,WEA.SHIP,Weather Ship Mike,7/14/1977,7/14/1977,,,,-9999,,23
4117,WEA.SHIP MIKE Stn 1343 ,WEA.SHIP,Weather Ship Mike,6/30/1977,6/30/1977,,,,-9999,,23
4118,WEA.SHIP MIKE Stn 1346 ,WEA.SHIP,Weather Ship Mike,12/14/1977,12/14/1977,,,,-9999,,23
4119,WEA.SHIP MIKE Stn 1359 ,WEA.SHIP,Weather Ship Mike,2/28/1979,2/28/1979,,,,-9999,,23
4120,WEA.SHIP MIKE Stn 1360 ,WEA.SHIP,Weather Ship Mike,4/16/1979,4/16/1979,,,,-9999,,23
4121,WEA.SHIP MIKE Stn 1361 ,WEA.SHIP,Weather Ship Mike,4/30/1979,4/30/1979,,,,-9999,,23
4122,WEA.SHIP MIKE Stn 1374,Weather Ship Mike,Weather Ship Mike,5/14/1980,5/14/1980,,,,-9999,,22
4123,WEA.SHIP MIKE Stn 1382,WEA.SHIP,Weather Ship Mike,12/14/1980,12/14/1980,,,,-9999,,22
4124,WEA.SHIP MIKE Stn 1383,WEA.SHIP,Weather Ship Mike,12/30/1980,12/30/1980,,,,-9999,,22
4125,WEA.SHIP MIKE Stn 1384,WEA.SHIP,Weather Ship Mike,2/15/1981,2/15/1981,,,,-9999,,22
4126,WEA.SHIP MIKE Stn 1385,WEA.SHIP,Weather Ship Mike,3/1/1981,3/1/1981,,,,-9999,,22
4127,WEA.SHIP MIKE Stn 1387,WEA.SHIP,Weather Ship Mike,4/29/1981,4/29/1981,,,,-9999,,22
4128,WEA.SHIP MIKE Stn 1389,WEA.SHIP,Weather Ship Mike,4/30/1981,4/30/1981,,,,-9999,,22
4129,WEA.SHIP MIKE Stn 1390,WEA.SHIP,Weather Ship Mike,4/30/1981,4/30/1981,,,,-9999,,22
4130,WEC8402A,Wecoma,R/V Wecoma,NULL,NULL,,,,-9999,,8
4131,WEC8803B,Wecoma,R/V Wecoma,NULL,NULL,,,,-9999,,8
4132,WENCK,,,1/25/2011,1/25/2011,,,,-9999,,5
4133,West Cliff Section,Land Drill,Land Drill,NULL,NULL,,,Land Drilling,-9999,,18
4134,West Papua 2012,,,NULL,NULL,,,,-9999,,15
4135,WEST03MV,Melville,R/V Melville,NULL,NULL,,,,-9999,,8
4136,western Labrador mapping,,,12/31/1986,8/4/2022,,,,-9999,,24
4137,Western United States,,,7/13/2019,7/13/2021,,,,-9999,,21
4138,Wet Mountains project,,,6/13/2022,6/8/2023,,,,-9999,,21
4240,"Wet Mountains Project, USGS",,,,,,,,-9999,,27
4139,Weyer-Oberbrechen 2016,,,3/20/2016,2/12/2017,,,,-9999,,22
4140,WF2479,Western Flyer,R/V Western Flyer,8/17/2002,8/25/2002,,,,-9999,,6
4141,WF2983,Western Flyer,R/V Western Flyer,9/2/2004,9/7/2004,,,,-9999,,6
4142,WF3239,Western Flyer,R/V Western Flyer,8/7/2005,8/16/2005,,,,-9999,,6
4143,WF3463,Western Flyer,R/V Western Flyer,7/30/2006,7/31/2006,,,,-9999,,6
4144,WF4109,Western Flyer,R/V Western Flyer,8/17/2009,8/23/2009,,,,-9999,,6
4145,WF4133,Western Flyer,R/V Western Flyer,8/31/2009,9/1/2009,,,,-9999,,6
4146,WF4535,Western Flyer,R/V Western Flyer,7/27/2011,8/4/2011,,,,-9999,,6
4147,WF4537,Western Flyer,R/V Western Flyer,7/15/2011,7/20/2011,,,,-9999,,6
4148,Wheeler Survey (West of the 100th Meridian),,,NULL,NULL,,,,-9999,,43
4149,Whetstone,,,NULL,NULL,,,,-9999,,9
4150,WHL,RV KRKII,RV KRKII,12/30/2001,12/30/2001,,,,-9999,,3
4151,WHONDRS,,,7/28/2019,9/18/2019,,,,-9999,,7
4152,WHONDRS 48hr,,,8/13/2018,10/18/2018,,,,-9999,,12
4153,WHONDRS CLIMAGAS collaboration,,,4/16/2021,9/2/2022,,,,-9999,,30
4154,WHONDRS disinfection byproduct collaboration,,,7/29/2020,7/27/2021,,,,-9999,,44
4155,WHONDRS ECA2,,,8/1/2020,11/7/2020,,,,-9999,,12
4156,WHONDRS S19S,,,7/28/2019,7/30/2019,,,,-9999,,12
4157,WIDNR,,,3/25/2009,3/25/2009,,,,-9999,,5
4158,WIL07,,,12/30/2007,12/30/2007,,,,-9999,,5
4159,WILL08,,,7/25/2008,7/25/2008,,,,-9999,,6
4160,WILS,,,5/8/2011,5/8/2011,,,,-9999,,4
4161,WISP,,,12/30/2001,12/30/2009,,,,-9999,,4
4162,WISP2,,,8/18/2010,6/9/2011,,,,-9999,,5
4163,WISSARD,,,12/31/2012,12/31/2012,,,,-9999,,7
4164,WITIL,,,2/1/2011,2/25/2011,,,,-9999,,5
4165,WMO,,,7/11/2008,8/1/2008,,,,-9999,,3
4166,WNFS 2019,,,3/30/2019,4/13/2019,,,,-9999,,9
4167,"Woods Hole, MA coastal",,,5/27/1981,5/27/1981,,,,-9999,,22
4168,WRFP,,,3/17/2008,12/30/2008,,,,-9999,,4
4169,WRP,,,12/30/2008,12/30/2008,,,,-9999,,3
4170,WSRP Basalts,,,NULL,NULL,,,,-9999,,12
4171,WULE,,,12/30/2003,12/30/2003,,,,-9999,,4
4172,WUS11,,,7/2/1905,12/31/2010,,,,-9999,,5
4173,WUS14,,,7/5/1905,12/31/2013,,,,-9999,,5
4174,WUS15,,,12/31/2014,12/31/2014,,,,-9999,,5
4175,WV0103,Western Venturer,Western Venturer,1/7/2003,1/17/2003,,,,-9999,,6
4176,WWG,,,7/31/2007,8/2/2007,,,,-9999,,3
4177,WYW,,,9/24/2017,9/24/2017,,,,-9999,,3
4178,XING,,,12/31/2010,12/31/2010,,,,-9999,,4
4179,XIT,,,6/26/2012,6/28/2012,,,,-9999,,3
4180,XXXII Antarctic Expedition,R/V Italica,R/V Italica,1/5/2017,1/30/2017,,,,-9999,,26
4181,Y96-3,R/V Yokosuka,R/V Yokosuka,NULL,NULL,,,,-9999,,5
4182,YALO-74,Yaquina,R/V Yaquina,NULL,NULL,,,,-9999,,7
4183,Yaloc 74-3,Yaloc,R/V Yaquina,NULL,NULL,"multi-disciplinary oceanographic cruise - YALOC '69 - was carried out by staff of the Department of Oceanography, Oregon State University aboard the R/V YAQUINA.",,,-9999,,10
4184,YE1,Yelcho,Yelcho,4/13/1961,4/25/1961,,,,-9999,,3
4185,YE2,Yelcho,Yelcho,2/1/1962,3/6/1962,,,,-9999,,3
4186,YELLOWSTONE,RV KRKII,RV KRKII,9/16/1992,9/22/1992,,,,-9999,,11
4187,Yellowstone Park Survey,,,NULL,NULL,,,,-9999,,23
4188,YEMEN,,,12/30/2001,12/30/2001,,,,-9999,,5
4189,YK06-12,R/V Yokosuka,R/V Yokosuka,8/29/2006,9/2/2006,,,,-9999,,7
4190,YK06-14,Yokosuka,R/V Yokosuka,9/30/2006,9/30/2006,,,,-9999,,7
4191,YK08-08,R/V Yokosuka,R/V Yokosuka,7/9/2008,7/15/2008,,,,-9999,,7
4192,YK08-08 Leg 2,Yokosuka,R/V Yokosuka,7/14/2008,7/14/2008,,,,-9999,,13
4193,YK09-06,R/V Yokosuka,R/V Yokosuka,5/30/2009,5/30/2009,,,,-9999,,7
4194,YK10-12,R/V Yokosuka,R/V Yokosuka,5/27/2009,9/28/2010,,,,-9999,,7
4195,YK13-08,R/V Yokosuka,R/V Yokosuka,9/9/2013,9/9/2013,,,,-9999,,7
4196,YK14-13,R/V Yokosuka,R/V Yokosuka,7/11/2014,7/16/2014,,,,-9999,,7
4197,YK15-11,R/V Yokosuka,R/V Yokosuka,7/12/2015,7/13/2015,,,,-9999,,7
4198,YK9002,R/V Yokosuka,R/V Yokosuka,1/27/1991,2/2/1991,,,,-9999,,6
4199,YK9603,R/V Yokosuka,R/V Yokosuka,2/13/1996,2/13/1996,,,,-9999,,6
4200,YLAKE RV Annie,RV Annie,RV Annie,7/8/2016,8/4/2017,,,,-9999,,14
4201,YLAKE RV KRKII,RV KRKII,RV KRKII,9/12/2016,9/18/2016,,,,-9999,,14
4202,YLV,RV Yogi,RV Yogi,8/10/2017,8/10/2017,,,,-9999,,3
4203,YNP,,,5/31/2004,10/24/2008,,,,-9999,,3
4204,YNP2,,,2/1/2009,2/7/2009,,,,-9999,,4
4205,YNP3,,,8/1/2009,8/5/2009,,,,-9999,,4
4206,YQ73-04,R/V Yaquina,R/V Yaquina,NULL,NULL,,,,-9999,,7
4207,YUFL,,,7/23/2010,7/24/2010,,,,-9999,,4
4208,YUKON,,,12/30/2002,12/30/2006,,,,-9999,,5
4209,ZABR AG RETRO-OBSERVATOIRE PLAN EAU ALTITUDE (Action No2010-19),,,9/22/2011,9/22/2011,ZABR AG RETRO-OBSERVATOIRE PLAN EAU ALTITUDE (Action NÂ2010-19)23/09/11,,,-9999,,63
4210,ZABR23/01/13,,,1/22/2013,1/22/2013,,,,-9999,,12
4275,Zanclean megaflood,,,,,,,,-9999,,18
4211,ZIP,,,12/30/2005,12/30/2005,,,,-9999,,3
4212,ZTES03AR,Argo,Argo,NULL,NULL,ZETES Expedition (ZTES03AR),,,-9999,,8
4213,ZTES04AR,Argo,Argo,NULL,NULL,,,,-9999,,8
4214,ZTES07AR,Argo,Argo,NULL,NULL,,,,-9999,,8
