classification_id,material_id,classification_label,label,description,material_role_id
1,1,Rock,Rock or non-consolidated Earth material,"Material is rock, sediment, or other non-consolidated igneous or composite gensis material.",
2,2,Mineral,Mineral,"Material consists of a single mineral or mineraloid phase. -A mineral is an element or chemical compound that is normally crystalline and that has been formed as a result of geological processes.- (Nickel, Ernest H. (1995), The definition of a mineral, The Canadian Mineralogist. 33 (3): 689–90). Include mineraloids. A material primarily composed of some substance that is naturally occurring, solid and stable at room temperature, representable by a chemical formula, usually abiogenic, and that has an ordered atomic structure. (http://purl.obolibrary.org/obo/ENVO_01000256). The identity of a mineral species is defined by a crystal structure and a chemical composition that might include various specific elemental substitutions in that structure. Mineraloid: A naturally occurring mineral-like substance that does not demonstrate crystallinity. Mineraloids possess chemical compositions that vary beyond the generally accepted ranges for specific minerals. Examples: obsidian, Opal. (https://en.wikipedia.org/wiki/Mineraloid)",
3,5138,Xenolithic>Metamorphic,Metamorphic Rock,"Rock formed by solid-state mineralogical, chemical and/or structural changes to a pre-existing rock, in response to marked changes in temperature, pressure, shearing stress and chemical environment. ",10
4,5031,Xenolithic>Metamorphic>Calc-Silicate,Metamorphic Rock>Calc-Silicate,"metamorphic rock containing abundant calcium-silicate minerals.  Overlaps into metasomatic rocks because of high mobility of Ca carbonates. Typically rich in epidote, diopside, tremolite, calcic-amphibole, talc, with quartz and calcite. Might be gneiss or granofels; lower metamorphic grade than granulite.",10
5,5066,Xenolithic>Metamorphic>Eclogite,Metamorphic Rock>Eclogite,"Metamorphic rock composed of 75 percent or more (by volume) omphacite and garnet, both of which are present as major constituents, the amount of neither of them being higher than 75 percent (by volume); the presence of plagioclase precludes classification as an eclogite. ",10
6,5092,Xenolithic>Metamorphic>Gneiss,Metamorphic Rock>Gneiss,"Foliated metamorphic rock with bands or lenticles rich in granular minerals alternating with bands or lenticles rich in minerals with a flaky or elongate prismatic habit. Mylonitic foliation or well developed, continuous schistosity (greater than 50 percent of the rock consists of grains participate in a planar or linear fabric) precludes classification with this concept. ",10
7,5097,Xenolithic>Metamorphic>Granofels,Metamorphic Rock>Granofels,Metamorphic rock with granoblastic fabric and very little or no foliation (less than 10 percent of the mineral grains in the rock are elements in a planar or linear fabric). Grainsize not specified. ,10
8,5098,Xenolithic>Metamorphic>Granulite,Metamorphic Rock>Granulite,"Metamorphic rock of high metamorphic grade in which Fe-Mg silicate minerals are dominantly hydroxl-free; feldspar must be present, and muscovite is absent; rock contains less than 90 percent mafic minerals, less than 75 percent calcite and/or dolomite, less than 75 percent quartz, less than 50 percent iron-bearing minerals (hematite, magnetite, limonite-group, siderite, iron-sulfides), and less than 50 percent calc-silicate minerals. ",10
9,5071,Xenolithic>Metamorphic>MechanicallyBroken,Fault-related material,"this could be impact related, cataclastic series, or breccia gouge series.",10
10,5134,Xenolithic>Metamorphic>Meta-Carbonate,Metamorphic Rock>Marble,"Metamorphic rock consisting of greater than 75 percent fine- to coarse-grained recrystallized calcite and/or dolomite; usually with a granoblastic, saccharoidal texture.",10
11,5142,Xenolithic>Metamorphic>Metasomatic,Metamorphic Rock>Metasomatic,"Rock that has fabric and composition indicating open-system mineralogical and chemical changes in response to interaction with a fluid phase, typically water rich.",10
12,5139,Xenolithic>Metamorphic>Meta-Ultramafic,Metamorphic Rock>Meta-Ultramafic,Metamorphic rock with a protolith that is a ultramafic rock.,10
13,5199,Xenolithic>Metamorphic>Schist,Metamorphic Rock>Schist,"Foliated phaneritic metamorphic rock with well developed, continuous schistosity, meaning that greater than 50 percent of the rock by volume is mineral grains with a thin tabular, lamellar, or acicular prismatic crystallographic habit that are oriented in a continuous planar or linear fabric. ",10
14,5212,Xenolithic>Metamorphic>Slate,Metamorphic Rock>Slate,"compact, fine grained rock with an average grain size less than 0.032 millimeter and a well developed schistosity (slaty cleavage), and hence can be split into slabs or thin plates.",10
15,3,Unknown,any material,Unknown,
16,5108,Sedimentary>Hybrid,Sedimentary material>Hybrid,Sediment or sedimentary rock that does not fit any of the other composition/genesis categories. Sedimentary rock consisting of three or more components which form more than 5 percent but less than 50 precent of the material. [note uri mapping is to rock],
17,5047,Sedimentary>Siliciclastic,Sedimentary material>Clastic ,"Sedimentary material of unspecified consolidation state in which at least 50 percent of the constituent particles were derived from erosion, weathering, or mass-wasting of pre-existing earth materials, and transported to the place of deposition by mechanical agents such as water, wind, ice and gravity.  [Note this class is broader than legacy SESAR Sedimentary>Siliciclastic class]",
18,5202,Sedimentary>MixedCarbAndOrSiliciclastic,Sedimentary material,"Sedimentary>MixedCarbAndOrSiliciclastic.   Intention is unclear, 44 instances in data, some carbonate, some clastic; these should be reclassified.",
19,5088,Sedimentary>ConglomerateAndOrBreccia,Sedimentary rock>Conglomerate,Sedimentary rock composed of at least 30 percent rounded to subangular fragments larger than 2 mm in diameter; typically contains finer grained material in interstices between larger fragments. ,
20,5041,Sedimentary>Carbonate,Sedimentary material>Carbonate,"Sedimentary material in which at least 50 percent of the primary and/or recrystallized constituents are composed of one (or more) of the carbonate minerals calcite, aragonite and dolomite, in particles of intrabasinal origin. ",
21,5067,Sedimentary>Evaporite,Sedimentary material>Evaporite,"Nonclastic sedimentary rock composed of at least 50 percent non-carbonate salts, including chloride, sulfate or borate minerals; formed through precipitation of mineral salts from a saline solution (non-carbonate salt rock). ",
22,5156,Sedimentary>SiliceousBiogenic,Sedimentary material>Biogenic siliceous,"Sedimentary material that consists of at least 50 percent silicate mineral material, deposited directly by chemical or biological processes at the depositional surface, or in particles formed by chemical or biological processes within the basin of deposition.",
23,5222,Sedimentary>Volcaniclastic,Sedimentary material>Volcaniclastic (tuffite),Rock consists of more than 50 percent particles of indeterminate pyroclastic or epiclastic origin and less than 75 percent particles of clearly pyroclastic origin. commonly the rock is laminated or exhibits size grading. (based on LeMaitre et al. 2002; Murawski and Meyer 1998).,
24,5202,Sedimentary>GlacialAndOrPaleosol,Sedimentary material,"not a lithology term; 29 instances, random field names, should be reclassified",
25,5123,Sedimentary>Ironstone,Sedimentary material>Iron rich,"Sedimentary material of unspecified consolidation state that consists of at least 50 percent iron-bearing minerals (hematite, magnetite, limonite-group, siderite, iron-sulfides), as determined by hand-lens or petrographic analysis. Corresponds to a rock typically containing at least 15 percent iron by weight. ",
26,5176,Sedimentary>Phosphorite,Sedimentary material>Phosphorite,"Sedimentary rock in which at least 50 percent of the primary or recrystallized constituents are phosphate minerals. Most commonly occurs as a bedded primary or reworked secondary marine rock, composed of microcrystalline carbonate fluorapatite in the form of lamina, pellets, oolites and nodules, and skeletal, shell and bone fragments. ",
27,5132,Sedimentary>MnNoduleAndOrCrust,Sedimentary material>Manganese rich,"Sedimentary material of unspecified consolidation state that consists of at least 50 percent manganese-bearing minerals, as determined by hand-lens or petrographic analysis. Manganese-rich nodules and crusts found on the sea floor.",
28,5191,Xenolithic,Rock,"Consolidated aggregate of one or more EarthMaterials, or a body of undifferentiated mineral matter, or of solid organic material. Includes mineral aggregates such as granite, shale, marble; glassy matter such as obsidian; and organic material such a coal. Excludes unconsolidated materials.",
29,5112,Xenolithic>Igneous,Igneous Rock,"rock formed as a result of igneous processes, for example intrusion and cooling of magma in the crust, or volcanic eruption.",
30,5229,Xenolithic>Igneous>Volcanic,Volcanic Rock,Rock that exhibits direct evidence of extrusive igneous processes in its genesis.,
31,5072,Xenolithic>Igneous>Volcanic>Felsic,Volcanic material>Felsic,"light-colored material produced by volcanic processes, containing an abundance of quartz, feldspar, muscovite, or felspathoid (light-colored minerals). ",
32,5119,Xenolithic>Igneous>Volcanic>Intermediate,Volcanic material>Intermediate color,"Material produced by volcanic processes, that has sub-equal proportion of light and dark colored mineral. Not recommended for usage with new sample registrations. (see acid, basic, intermediate composition categories)",
33,5131,Xenolithic>Igneous>Volcanic>Mafic,Volcanic material>Mafic,"Dark-colored material produced by volcanic processes, containing an abundance of ferromagnesian rock-forming silicates, especially Pyroxene Group, Amphibole Supergroup, olivine and biotite ",
34,5226,Xenolithic>Igneous>Volcanic>Ultramafic,Volcanic material>Ultramafic,material produced by volcanic processes that consists of greater than 90 percent mafic minerals. ,
35,5069,Xenolithic>Igneous>Volcanic>Exotic,Igneous material>Exotic,"Rock or tephra with exotic mineralogical, textural or field setting characteristics; typically dark colored, with abundant phenocrysts. Criteria include: presence of greater than 10 percent melilite or leucite, or presence of kalsilite, or greater than 50 percent carbonate minerals. Includes Carbonatite, Melilitic rock, Kalsilitic rocks, Kimberlite, Lamproite, Leucitic rock and Lamprophyres. ",
36,5178,Xenolithic>Igneous>Plutonic,Plutonic rock,"Instrusive igneous rock formed by crystallisation of magma far enough below Earth surface that complete crystallization of magma bodies forms holocrystalline medium to coarse grained igneous rock, wall rocks generally do not include volcanic products related to the magma, and some contact metamorphism is typically developed at intrusive contacts. ",
37,5231,Xenolithic>Igneous>Plutonic>Felsic,Plutonic rock>Felsic,"light-colored plutonic rock containing an abundance of quartz, feldspar, muscovite, or felspathoid",
38,5232,Xenolithic>Igneous>Plutonic>Intermediate,Plutonic rock>Intermediate,"Plutonic rock that has sub-equal proportion of light and dark colored mineral. Not recommended for usage with new sample registrations. (see acid, basic, intermediate composition categories) ",
39,5233,Xenolithic>Igneous>Plutonic>Mafic,Plutonic rock>Mafic,"Dark-colored plutonic rock containing an abundance of ferromagnesian rock-forming silicates, especially Pyroxene Group, Amphibole Supergroup, olivine and biotite",
40,5225,Xenolithic>Igneous>Plutonic>Ultramafic,Plutonic rock>Ultramafic,"Plutonic rock that consists of greater than 90 percent ferromagnesian rock-forming silicates, especially Pyroxene Group, Amphibole Supergroup, olivine and biotite. ",
41,5069,Xenolithic>Igneous>Plutonic>Exotic,Igneous material>Exotic,"Rock or tephra with exotic mineralogical, textural or field setting characteristics; typically dark colored, with abundant phenocrysts. Criteria include: presence of greater than 10 percent melilite or leucite, or presence of kalsilite, or greater than 50 percent carbonate minerals. Includes Carbonatite, Melilitic rock, Kalsilitic rocks, Kimberlite, Lamproite, Leucitic rock and Lamprophyres. ",
42,5111,Igneous,Igneous material,"Earth material formed as a result of igneous processes, eg. intrusion and cooling of magma in the crust, volcanic eruption.",
43,5228,Igneous>Volcanic,Volcanic material,Material exhibiting features demonstrating an extrusive igneous origin. Consolidated or non-consolidated ,
44,5072,Igneous>Volcanic>Felsic,Volcanic material>Felsic,"light-colored material produced by volcanic processes, containing an abundance of quartz, feldspar, muscovite, or felspathoid (light-colored minerals). ",
45,5119,Igneous>Volcanic>Intermediate,Volcanic material>Intermediate color,"Material produced by volcanic processes, that has sub-equal proportion of light and dark colored mineral. Not recommended for usage with new sample registrations. (see acid, basic, intermediate composition categories)",
46,5131,Igneous>Volcanic>Mafic,Volcanic material>Mafic,"Dark-colored material produced by volcanic processes, containing an abundance of ferromagnesian rock-forming silicates, especially Pyroxene Group, Amphibole Supergroup, olivine and biotite ",
47,5226,Igneous>Volcanic>Ultramafic,Volcanic material>Ultramafic,material produced by volcanic processes that consists of greater than 90 percent mafic minerals. ,
48,5069,Igneous>Volcanic>Exotic,Igneous material>Exotic,"Rock or tephra with exotic mineralogical, textural or field setting characteristics; typically dark colored, with abundant phenocrysts. Criteria include: presence of greater than 10 percent melilite or leucite, or presence of kalsilite, or greater than 50 percent carbonate minerals. Includes Carbonatite, Melilitic rock, Kalsilitic rocks, Kimberlite, Lamproite, Leucitic rock and Lamprophyres. ",
49,5178,Igneous>Plutonic,Plutonic rock,"Instrusive igneous rock formed by crystallisation of magma far enough below Earth surface that complete crystallization of magma bodies forms holocrystalline medium to coarse grained igneous rock, wall rocks generally do not include volcanic products related to the magma, and some contact metamorphism is typically developed at intrusive contacts. ",
50,5231,Igneous>Plutonic>Felsic,Plutonic rock>Felsic,"light-colored plutonic rock containing an abundance of quartz, feldspar, muscovite, or felspathoid",
51,5232,Igneous>Plutonic>Intermediate,Plutonic rock>Intermediate,"Plutonic rock that has sub-equal proportion of light and dark colored mineral. Not recommended for usage with new sample registrations. (see acid, basic, intermediate composition categories) ",
52,5233,Igneous>Plutonic>Mafic,Plutonic rock>Mafic,"Dark-colored plutonic rock containing an abundance of ferromagnesian rock-forming silicates, especially Pyroxene Group, Amphibole Supergroup, olivine and biotite",
53,5225,Igneous>Plutonic>Ultramafic,Plutonic rock>Ultramafic,"Plutonic rock that consists of greater than 90 percent ferromagnesian rock-forming silicates, especially Pyroxene Group, Amphibole Supergroup, olivine and biotite. ",
54,5069,Igneous>Plutonic>Exotic,Igneous material>Exotic,"Rock or tephra with exotic mineralogical, textural or field setting characteristics; typically dark colored, with abundant phenocrysts. Criteria include: presence of greater than 10 percent melilite or leucite, or presence of kalsilite, or greater than 50 percent carbonate minerals. Includes Carbonatite, Melilitic rock, Kalsilitic rocks, Kimberlite, Lamproite, Leucitic rock and Lamprophyres. ",
55,5138,,Metamorphic Rock,"Rock formed by solid-state mineralogical, chemical and/or structural changes to a pre-existing rock, in response to marked changes in temperature, pressure, shearing stress and chemical environment. ",
56,5031,Metamorphic>Calc-Silicate,Metamorphic Rock>Calc-Silicate,"metamorphic rock containing abundant calcium-silicate minerals.  Overlaps into metasomatic rocks because of high mobility of Ca carbonates. Typically rich in epidote, diopside, tremolite, calcic-amphibole, talc, with quartz and calcite. Might be gneiss or granofels; lower metamorphic grade than granulite.",
57,5066,Metamorphic>Eclogite,Metamorphic Rock>Eclogite,"Metamorphic rock composed of 75 percent or more (by volume) omphacite and garnet, both of which are present as major constituents, the amount of neither of them being higher than 75 percent (by volume); the presence of plagioclase precludes classification as an eclogite. ",
58,5092,Metamorphic>Gneiss,Metamorphic Rock>Gneiss,"Foliated metamorphic rock with bands or lenticles rich in granular minerals alternating with bands or lenticles rich in minerals with a flaky or elongate prismatic habit. Mylonitic foliation or well developed, continuous schistosity (greater than 50 percent of the rock consists of grains participate in a planar or linear fabric) precludes classification with this concept. ",
59,5097,Metamorphic>Granofels,Metamorphic Rock>Granofels,Metamorphic rock with granoblastic fabric and very little or no foliation (less than 10 percent of the mineral grains in the rock are elements in a planar or linear fabric). Grainsize not specified. ,
60,5098,Metamorphic>Granulite,Metamorphic Rock>Granulite,"Metamorphic rock of high metamorphic grade in which Fe-Mg silicate minerals are dominantly hydroxl-free; feldspar must be present, and muscovite is absent; rock contains less than 90 percent mafic minerals, less than 75 percent calcite and/or dolomite, less than 75 percent quartz, less than 50 percent iron-bearing minerals (hematite, magnetite, limonite-group, siderite, iron-sulfides), and less than 50 percent calc-silicate minerals. ",
61,5071,Metamorphic>MechanicallyBroken,Fault-related material,"Material formed as a result brittle faulting, composed of greater than 10 percent matrix; matrix is fine-grained material caused by tectonic grainsize reduction. Includes cohesive (cataclasite series, mylonitic rocks) and non-cohesive (breccia-gouge series) material. ",
62,5134,Metamorphic>Meta-Carbonate,Metamorphic Rock>Marble,"Metamorphic rock consisting of greater than 75 percent fine- to coarse-grained recrystallized calcite and/or dolomite; usually with a granoblastic, saccharoidal texture.",
63,5142,Metamorphic>Metasomatic,Metamorphic Rock>Metasomatic,"Rock that has fabric and composition indicating open-system mineralogical and chemical changes in response to interaction with a fluid phase, typically water rich.",
64,5139,Metamorphic>Meta-Ultramafic,Metamorphic Rock>Meta-Ultramafic,Metamorphic rock with a protolith that is a ultramafic rock.,
65,5199,Metamorphic>Schist,Metamorphic Rock>Schist,"Foliated phaneritic metamorphic rock with well developed, continuous schistosity, meaning that greater than 50 percent of the rock by volume is mineral grains with a thin tabular, lamellar, or acicular prismatic crystallographic habit that are oriented in a continuous planar or linear fabric. ",
66,5212,Metamorphic>Slate,Metamorphic Rock>Slate,"compact, fine grained rock with an average grain size less than 0.032 millimeter and a well developed schistosity (slaty cleavage), and hence can be split into slabs or thin plates.",
67,5160,Ore,Ore,A natural Earth material containing a potentially economic quantity of extractable metals or other commodities. ,
68,5142,Ore>Oxide,Metasomatic rock,"Rock that has fabric and composition indicating open-system mineralogical and chemical changes in response to interaction with a fluid phase, typically water rich.",
69,5201,Ore>Sulfide,Sedimentary>Massive Sulphide,rock consisting of greater than 50% sulphide or sulfosalt minerals formed by sedimentary exhalative processes.,
70,3,Ore>Other,any material,unspecified ore,
71,5202,Sedimentary,Sedimentary material,"Material formed by accumulation of solid fragmental material deposited by air, water or ice, or material that accumulated by other natural agents such as chemical precipitation from solution or secretion by organisms. Includes both sediment and sedimentary rock. Includes epiclastic deposits. All stated composition criteria are based on the mineral/ compound material (GeoSciML term)/particulate fraction of the material, irrespective of porosity or the pore-fluid. No distinctions are made based on porosity or pore fluid composition (except organic rich sediment in which liquid hydrocarbon content may be considered).",
72,72,Wupatkiite,Wupatkiite,,
73,73,Wurtzite,Wurtzite,,
74,74,Wurtzite-2h,Wurtzite-2h,,
75,75,Wyartite,Wyartite,,
76,76,Wycheproofite,Wycheproofite,,
77,77,Wyllieite,Wyllieite,,
78,78,Wohlerite,Wohlerite,,
79,79,Wolsendorfite,Wolsendorfite,,
80,80,Wulfingite,Wulfingite,,
81,81,Wustite,Wustite,,
82,82,Xanthiosite,Xanthiosite,,
83,83,Xanthoconite,Xanthoconite,,
84,84,Xanthoxenite,Xanthoxenite,,
85,85,Xenotime-(Y),Xenotime-(Y),,
86,86,Xenotime-(Yb),Xenotime-(Yb),,
87,87,Xiangjiangite,Xiangjiangite,,
88,88,Xifengite,Xifengite,,
89,89,Xilingoite,Xilingoite,,
90,90,Xilingolite,Xilingolite,,
91,91,Ximengite,Ximengite,,
92,92,Xingzhongite,Xingzhongite,,
93,93,Xitieshanite,Xitieshanite,,
94,94,Xocomecatlite,Xocomecatlite,,
95,95,Xonotlite,Xonotlite,,
96,96,Yafsoanite,Yafsoanite,,
97,97,Yagiite,Yagiite,,
98,98,Yakhontovite,Yakhontovite,,
99,99,Yanomamite,Yanomamite,,
100,100,Yaroslavite,Yaroslavite,,
101,101,Yarrowite,Yarrowite,,
102,102,Yavapaiite,Yavapaiite,,
103,103,Ye'elimite,Ye'elimite,,
104,104,Yeatmanite,Yeatmanite,,
105,105,Yecoraite,Yecoraite,,
106,106,Yedlinite,Yedlinite,,
107,107,Yftisite-(Y),Yftisite-(Y),,
108,108,Yimengite,Yimengite,,
109,109,Yingjiangite,Yingjiangite,,
110,110,Yixunite,Yixunite,,
111,111,Yoderite,Yoderite,,
112,112,Yofortierite,Yofortierite,,
113,113,Yoshimuraite,Yoshimuraite,,
114,114,Yoshiokaite,Yoshiokaite,,
115,115,Yttrialite-(Y),Yttrialite-(Y),,
116,116,Yttrobetafite-(Y),Yttrobetafite-(Y),,
117,117,Yttrocolumbite-(Y),Yttrocolumbite-(Y),,
118,118,Yttrocrasite-(Y),Yttrocrasite-(Y),,
119,119,Yttropyrochlore-(Y),Yttropyrochlore-(Y),,
120,120,Wallisite,Wallisite,,
121,121,Wallkilldellite,Wallkilldellite,,
122,122,Walpurgite,Walpurgite,,
123,123,Walstromite,Walstromite,,
124,124,Walthierite,Walthierite,,
125,125,Wardite,Wardite,,
126,126,Wardsmithite,Wardsmithite,,
127,127,Warikahnite,Warikahnite,,
128,128,Warwickite,Warwickite,,
129,129,Watanabeite,Watanabeite,,
130,130,Watkinsonite,Watkinsonite,,
131,131,Wattersite,Wattersite,,
132,132,Wattevilleite,Wattevilleite,,
133,133,Wattevillite,Wattevillite,,
134,134,Wavellite,Wavellite,,
135,135,Wawayandaite,Wawayandaite,,
136,136,Waylandite,Waylandite,,
137,137,Weberite,Weberite,,
138,138,Weddellite,Weddellite,,
139,139,Weeksite,Weeksite,,
140,140,Wegscheiderite,Wegscheiderite,,
141,141,Weibullite,Weibullite,,
142,142,Weilerite,Weilerite,,
143,143,Weilite,Weilite,,
144,144,Weinebeneite,Weinebeneite,,
145,145,Weishanite,Weishanite,,
146,146,Weissbergite,Weissbergite,,
147,147,Weissite,Weissite,,
148,148,Welinite,Welinite,,
149,149,Wellsite,Wellsite,,
150,150,Weloganite,Weloganite,,
151,151,Welshite,Welshite,,
152,152,Wendwilsonite,Wendwilsonite,,
153,153,Wenkite,Wenkite,,
154,154,Werdingite,Werdingite,,
155,155,Wermlandite,Wermlandite,,
156,156,Wesselsite,Wesselsite,,
157,157,Westerveldite,Westerveldite,,
158,158,Wheatleyite,Wheatleyite,,
159,159,Wherryite,Wherryite,,
160,160,Whewellite,Whewellite,,
161,161,Whiteite,Whiteite,,
162,162,Whiteite-(CaFeMg),Whiteite-(CaFeMg),,
163,163,Whiteite-(CaMnMg),Whiteite-(CaMnMg),,
164,164,Whiteite-(MnFeMg),Whiteite-(MnFeMg),,
165,165,Whitlockite,Whitlockite,,
166,166,Whitmoreite,Whitmoreite,,
167,167,Wickenburgite,Wickenburgite,,
168,168,Wickmanite,Wickmanite,,
169,169,Wicksite,Wicksite,,
170,170,Widenmannite,Widenmannite,,
171,171,Widgiemoolthalite,Widgiemoolthalite,,
172,172,Wightmanite,Wightmanite,,
173,173,Wilcoxite,Wilcoxite,,
174,174,Wilhelmvierlingite,Wilhelmvierlingite,,
175,175,Wilkinsonite,Wilkinsonite,,
176,176,Wilkmanite,Wilkmanite,,
177,177,Willemite,Willemite,,
178,178,Willemseite,Willemseite,,
179,179,Willhendersonite,Willhendersonite,,
180,180,Willyamite,Willyamite,,
181,181,Wiluite,Wiluite,,
182,182,Winchite,Winchite,,
183,183,Winstanleyite,Winstanleyite,,
184,184,Wiserite,Wiserite,,
185,185,Witherite,Witherite,,
186,186,Wittichenite,Wittichenite,,
187,187,Wittite,Wittite,,
188,188,Wodginite,Wodginite,,
189,189,Woehlerite,Woehlerite,,
190,190,Wolfeite,Wolfeite,,
191,191,Wolframite,Wolframite,,
192,192,WolframiteSeries,WolframiteSeries,,
193,193,Wolframoixiolite,Wolframoixiolite,,
194,194,Wollastonite,Wollastonite,,
195,195,Wollastonite-1t,Wollastonite-1t,,
196,196,Wollastonite-2m,Wollastonite-2m,,
197,197,Wollastonite-7t,Wollastonite-7t,,
198,198,Wonesite,Wonesite,,
199,199,Woodallite,Woodallite,,
200,200,Woodhouseite,Woodhouseite,,
201,201,Woodruffite,Woodruffite,,
202,202,Woodwardite,Woodwardite,,
203,203,Wooldridgeite,Wooldridgeite,,
204,204,Wroewolfeite,Wroewolfeite,,
205,205,Wulfenite,Wulfenite,,
206,206,Zektzerite,Zektzerite,,
207,207,Zellerite,Zellerite,,
208,208,Zemannite,Zemannite,,
209,209,Zemkorite,Zemkorite,,
210,210,Zenzenite,Zenzenite,,
212,212,Zeophyllite,Zeophyllite,,
213,213,Zeunerite,Zeunerite,,
214,214,Zhanghengite,Zhanghengite,,
215,215,Zharchikhite,Zharchikhite,,
216,216,Zhemchuzhnikovite,Zhemchuzhnikovite,,
217,217,Zhonghuacerite-(Ce),Zhonghuacerite-(Ce),,
218,218,Ziesite,Ziesite,,
219,219,Zimbabweite,Zimbabweite,,
220,220,Zinalsite,Zinalsite,,
221,221,Zinc,Zinc,,
222,222,Zinc-melanterite,Zinc-melanterite,,
223,223,Zinc-zippeite,Zinc-zippeite,,
224,224,Zincaluminite,Zincaluminite,,
225,225,Zincgartrellite,Zincgartrellite,,
226,226,Zincite,Zincite,,
227,227,Zincobotryogen,Zincobotryogen,,
228,228,Zincochromite,Zincochromite,,
229,229,Zincocopiapite,Zincocopiapite,,
230,230,Zincovoltaite,Zincovoltaite,,
231,231,Zincowoodwardite,Zincowoodwardite,,
232,232,Zincrosasite,Zincrosasite,,
233,233,Zincroselite,Zincroselite,,
234,234,Zincsilite,Zincsilite,,
235,235,Zinkenite,Zinkenite,,
236,236,Zinnwaldite,Zinnwaldite,,
237,237,Zippeite,Zippeite,,
238,238,Zircon,Zircon,,
239,239,Zirconolite,Zirconolite,,
240,240,Zirconolite-2m,Zirconolite-2m,,
241,241,Zirconolite-3o,Zirconolite-3o,,
242,242,Zirconolite-3t,Zirconolite-3t,,
243,243,Zircophyllite,Zircophyllite,,
244,244,Zircosulfate,Zircosulfate,,
245,245,Zirkelite,Zirkelite,,
246,246,Zirklerite,Zirklerite,,
247,247,Zirsinalite,Zirsinalite,,
248,248,Zlatogorite,Zlatogorite,,
249,249,Znucalite,Znucalite,,
250,250,Zodacite,Zodacite,,
251,251,Zoisite,Zoisite,,
252,252,Zorite,Zorite,,
253,253,Zoubekite,Zoubekite,,
254,254,Zugshunstite-(Ce),Zugshunstite-(Ce),,
255,255,Zunyite,Zunyite,,
256,256,Zussmanite,Zussmanite,,
257,257,Zvyagintsevite,Zvyagintsevite,,
258,258,Zwieselite,Zwieselite,,
259,259,Zykaite,Zykaite,,
260,260,Zzap,Zzap,,
261,261,Ferruvite,ferruvite,,
262,262,Ikunolite,ikunolite,,
263,263,Vanadiumdravite,vanadiumdravite,,
264,264,Orebroite,Orebroite,,
265,265,Other,Other,,
266,266,Temagamite,Temagamite,,
267,267,Tengchongite,Tengchongite,,
268,268,Tengerite-(Y),Tengerite-(Y),,
269,269,Tennantite,Tennantite,,
270,270,Tenorite,Tenorite,,
271,271,Tephroite,Tephroite,,
272,272,Terlinguaite,Terlinguaite,,
273,273,Ternesite,Ternesite,,
274,274,Ternovite,Ternovite,,
275,275,Terranovaite,Terranovaite,,
276,276,Terskite,Terskite,,
277,277,Tertschite,Tertschite,,
278,278,Teruggite,Teruggite,,
279,279,Teschemacherite,Teschemacherite,,
280,280,Testibiopalladite,Testibiopalladite,,
281,281,Tetra-auricupride,Tetra-auricupride,,
282,282,Tetra-ferri-annite,Tetra-ferri-annite,,
283,283,Tetra-ferriphlogophite,Tetra-ferriphlogophite,,
284,284,Tetradymite,Tetradymite,,
285,285,Tetraferroplatinum,Tetraferroplatinum,,
286,286,Tetrahedrite,Tetrahedrite,,
287,287,TetrahedriteGroup,TetrahedriteGroup,,
288,288,Tetranatrolite,Tetranatrolite,,
289,289,Crednerite,Crednerite,,
290,290,Tetrarooseveltite,Tetrarooseveltite,,
291,291,Tetrataenite,Tetrataenite,,
292,292,Tetrawickmanite,Tetrawickmanite,,
293,293,Thadeuite,Thadeuite,,
294,294,Thalcusite,Thalcusite,,
295,295,Thalenite-(Y),Thalenite-(Y),,
296,296,Thalfenisite,Thalfenisite,,
297,297,Thaumasite,Thaumasite,,
298,298,Theisite,Theisite,,
299,299,Thenardite,Thenardite,,
300,300,Yttrotantalite-(Y),Yttrotantalite-(Y),,
301,301,Yttrotungstite-(Y),Yttrotungstite-(Y),,
302,302,Yuanfuliite,Yuanfuliite,,
303,303,Yuanjiangite,Yuanjiangite,,
304,304,Yugawaralite,Yugawaralite,,
305,305,Yukonite,Yukonite,,
306,306,Yuksporite,Yuksporite,,
307,307,Yushkinite,Yushkinite,,
308,308,Zaherite,Zaherite,,
309,309,Zairite,Zairite,,
310,310,Zajacite,Zajacite,,
311,311,Zajacite-(Ce),Zajacite-(Ce),,
312,312,Zakharovite,Zakharovite,,
313,313,Zalesiite,Zalesiite,,
314,314,Zanazziite,Zanazziite,,
315,315,Zapatalite,Zapatalite,,
316,316,Zaratite,Zaratite,,
317,317,Zavaritskite,Zavaritskite,,
318,318,Zdenekite,Zdenekite,,
319,319,Sundiusite,Sundiusite,,
320,320,Suolunite,Suolunite,,
321,321,Suredaite,Suredaite,,
322,322,Surinamite,Surinamite,,
323,323,Surite,Surite,,
324,324,Sursassite,Sursassite,,
325,325,Susannite,Susannite,,
326,326,Sussexite,Sussexite,,
327,327,Suzukiite,Suzukiite,,
328,328,Svabite,Svabite,,
329,329,Svanbergite,Svanbergite,,
330,330,Sveite,Sveite,,
331,331,Svenekite,Svenekite,,
332,332,Sverigeite,Sverigeite,,
333,333,Svetlozarite,Svetlozarite,,
334,334,Svyatoslavite,Svyatoslavite,,
335,335,Svyazhinite,Svyazhinite,,
336,336,Swaknoite,Swaknoite,,
337,337,Swamboite,Swamboite,,
338,338,Swartzite,Swartzite,,
339,339,Swedenborgite,Swedenborgite,,
340,340,Sweetite,Sweetite,,
341,341,Swinefordite,Swinefordite,,
342,342,Switzerite,Switzerite,,
343,343,Sylvanite,Sylvanite,,
344,344,Sylvite,Sylvite,,
345,345,Symesite,Symesite,,
346,346,Symplesite,Symplesite,,
347,347,Synadelphite,Synadelphite,,
348,348,Synchysite,Synchysite,,
349,349,Synchysite-(Ce),Synchysite-(Ce),,
350,350,Synchysite-(Nd),Synchysite-(Nd),,
351,351,Synchysite-(Y),Synchysite-(Y),,
352,352,Syngenite,Syngenite,,
353,353,Szaibelyite,Szaibelyite,,
354,354,Szenicsite,Szenicsite,,
355,355,Szmikite,Szmikite,,
356,356,Szomolnokite,Szomolnokite,,
357,357,Szymanskiite,Szymanskiite,,
358,358,Sohngeite,Sohngeite,,
359,359,Taaffeite,Taaffeite,,
360,360,Tacharanite,Tacharanite,,
361,361,Tachyhydrite,Tachyhydrite,,
362,362,Tadzhikite-(Ce),Tadzhikite-(Ce),,
363,363,Tadzhikite-(Y),Tadzhikite-(Y),,
364,364,Taeniolite,Taeniolite,,
365,365,Taenite,Taenite,,
366,366,Taikanite,Taikanite,,
367,367,Taimyrite,Taimyrite,,
368,368,Tainiolite,Tainiolite,,
369,369,Takanelite,Takanelite,,
370,370,Takedaite,Takedaite,,
371,371,Takeuchiite,Takeuchiite,,
372,372,Takovite,Takovite,,
373,373,Talc,Talc,,
374,374,Talmessite,Talmessite,,
375,375,Talnakhite,Talnakhite,,
376,376,Tamaite,Tamaite,,
377,377,Tamarugite,Tamarugite,,
378,378,Tancoite,Tancoite,,
379,379,Taneyamalite,Taneyamalite,,
380,380,Tangeite,Tangeite,,
381,381,Tantalaeschynite-(Y),Tantalaeschynite-(Y),,
382,382,TantaliteSeries,TantaliteSeries,,
383,383,Tanteuxenite-(Y),Tanteuxenite-(Y),,
384,384,Tantite,Tantite,,
385,385,Tapiolite,Tapiolite,,
386,386,TapioliteSeries,TapioliteSeries,,
387,387,Taramellite,Taramellite,,
388,388,Taramite,Taramite,,
389,389,Taranakite,Taranakite,,
390,390,Tarapacaite,Tarapacaite,,
391,391,Tarasovite,Tarasovite,,
392,392,Tarbuttite,Tarbuttite,,
393,393,Tatarskite,Tatarskite,,
394,394,Tatyanaite,Tatyanaite,,
395,395,Tauriscite,Tauriscite,,
396,396,Tausonite,Tausonite,,
397,397,Tavorite,Tavorite,,
398,398,Tazheranite,Tazheranite,,
399,399,Teallite,Teallite,,
400,400,Teepleite,Teepleite,,
401,401,Tegengrenite,Tegengrenite,,
402,402,Teineite,Teineite,,
403,403,Telargpalite,Telargpalite,,
404,404,Telluornevskite,Telluornevskite,,
405,405,Tellurantimony,Tellurantimony,,
406,406,Tellurite,Tellurite,,
407,407,Tellurium,Tellurium,,
408,408,Tellurobismuthite,Tellurobismuthite,,
409,409,Tellurohauchecornite,Tellurohauchecornite,,
410,410,Telluropalladinite,Telluropalladinite,,
411,411,Stannite,Stannite,,
412,412,Stannoidite,Stannoidite,,
413,413,Stannomicrolite,Stannomicrolite,,
414,414,Stannopalladinite,Stannopalladinite,,
415,415,Starkeyite,Starkeyite,,
416,416,Staurolite,Staurolite,,
417,417,Steacyite,Steacyite,,
418,418,Steenstrupine-(Ce),Steenstrupine-(Ce),,
419,419,Steigerite,Steigerite,,
420,420,Stellerite,Stellerite,,
421,421,Stenhuggarite,Stenhuggarite,,
422,422,Stenonite,Stenonite,,
423,423,Stepanovite,Stepanovite,,
424,424,Stephanite,Stephanite,,
425,425,Stercorite,Stercorite,,
426,426,Sterlinghillite,Sterlinghillite,,
427,427,Sternbergite,Sternbergite,,
428,428,Sterryite,Sterryite,,
429,429,Stetefeldtite,Stetefeldtite,,
430,430,Stevensite,Stevensite,,
431,431,Stewartite,Stewartite,,
432,432,Stibarsen,Stibarsen,,
433,433,Stibiconite,Stibiconite,,
434,434,Stibiobetafite,Stibiobetafite,,
435,435,Stibiocolumbite,Stibiocolumbite,,
436,436,Stibiocolusite,Stibiocolusite,,
437,437,Stibiomicrolite,Stibiomicrolite,,
438,438,Stibiopalladinite,Stibiopalladinite,,
439,439,Stibiotantalite,Stibiotantalite,,
440,440,Stibivanite,Stibivanite,,
441,441,Stibivanite-2m,Stibivanite-2m,,
442,442,Stibnite,Stibnite,,
443,443,Stichtite,Stichtite,,
444,444,Stilbite,Stilbite,,
445,445,Stilbite-Ca,Stilbite-Ca,,
446,446,Stilbite-Na,Stilbite-Na,,
447,447,Stilleite,Stilleite,,
448,448,Stillwaterite,Stillwaterite,,
449,449,Stillwellite-(Ce),Stillwellite-(Ce),,
450,450,Stilpnomelane,Stilpnomelane,,
451,451,Stishovite,Stishovite,,
452,452,Stistaite,Stistaite,,
453,453,Stoiberite,Stoiberite,,
454,454,Stokesite,Stokesite,,
455,455,Stolen,Stolen,,
456,456,Stolzite,Stolzite,,
457,457,Stoppaniite,Stoppaniite,,
458,458,Stottite,Stottite,,
459,459,Straczekite,Straczekite,,
460,460,Strakhovite,Strakhovite,,
461,461,Stranskiite,Stranskiite,,
462,462,Strashimirite,Strashimirite,,
463,463,Strelkinite,Strelkinite,,
464,464,Strengite,Strengite,,
465,465,Stringhamite,Stringhamite,,
466,466,Stromeyerite,Stromeyerite,,
467,467,Stronalsite,Stronalsite,,
468,468,Strontianite,Strontianite,,
469,469,Strontio-orthojoaquinite,Strontio-orthojoaquinite,,
470,470,Strontioborite,Strontioborite,,
471,471,Strontiochevkinite,Strontiochevkinite,,
472,472,Strontiodresserite,Strontiodresserite,,
473,473,Strontioginorite,Strontioginorite,,
474,474,Strontiojoaquinite,Strontiojoaquinite,,
475,475,Strontiomelane,Strontiomelane,,
476,476,Strontiopiemontite,Strontiopiemontite,,
477,477,Strontiopyrochlore,Strontiopyrochlore,,
478,478,Strontiowhitlockite,Strontiowhitlockite,,
479,479,Strontium-apatite,Strontium-apatite,,
480,480,Strunzite,Strunzite,,
481,481,Struverite,Struverite,,
482,482,Struvite,Struvite,,
483,483,Stratlingite,Stratlingite,,
484,484,Studenitsite,Studenitsite,,
485,485,Studtite,Studtite,,
486,486,Stumpflite,Stumpflite,,
487,487,Sturmanite,Sturmanite,,
488,488,Stutzite,Stutzite,,
489,489,Suanite,Suanite,,
490,490,Sudburyite,Sudburyite,,
491,491,Sudoite,Sudoite,,
492,492,Sudovikovite,Sudovikovite,,
493,493,Suessite,Suessite,,
494,494,Sugilite,Sugilite,,
495,495,Sulfoborite,Sulfoborite,,
496,496,Sulfur,Sulfur,,
497,497,Sulphohalite,Sulphohalite,,
498,498,Sulphotsumoite,Sulphotsumoite,,
499,499,Sulvanite,Sulvanite,,
500,500,Sillenite,Sillenite,,
501,501,Sillimanite,Sillimanite,,
502,502,Silver,Silver,,
503,503,Silver-3c,Silver-3c,,
504,504,Silvialite,Silvialite,,
505,505,Simferite,Simferite,,
506,506,Simmonsite,Simmonsite,,
507,507,Simonellite,Simonellite,,
508,508,Simonite,Simonite,,
509,509,Simonkolleite,Simonkolleite,,
510,510,Simplotite,Simplotite,,
511,511,Simpsonite,Simpsonite,,
512,512,Sincosite,Sincosite,,
513,513,Sinhalite,Sinhalite,,
514,514,Sinjarite,Sinjarite,,
515,515,Sinkankasite,Sinkankasite,,
516,516,Sinnerite,Sinnerite,,
517,517,Sinoite,Sinoite,,
518,518,Sitinakite,Sitinakite,,
519,519,Sjogrenite,Sjogrenite,,
520,520,Skinnerite,Skinnerite,,
521,521,Skippenite,Skippenite,,
522,522,Sklodowskite,Sklodowskite,,
523,523,Skutterudite,Skutterudite,,
524,524,Slavikite,Slavikite,,
525,525,Slawsonite,Slawsonite,,
526,526,SmectiteGroup,SmectiteGroup,,
527,527,Smirnite,Smirnite,,
528,528,Smithite,Smithite,,
529,529,Smithsonite,Smithsonite,,
530,530,Smolianinovite,Smolianinovite,,
531,531,Smrkovecite,Smrkovecite,,
532,532,Smythite,Smythite,,
533,533,Sobolevite,Sobolevite,,
534,534,Sobolevskite,Sobolevskite,,
535,535,Sobotkite,Sobotkite,,
536,536,Sodalite,Sodalite,,
537,537,Soddyite,Soddyite,,
538,538,Sodic-ferripedrizite,Sodic-ferripedrizite,,
539,539,Sodic-ferro-anthophyllite,Sodic-ferro-anthophyllite,,
540,540,Sodicanthophyllite,Sodicanthophyllite,,
541,541,Sodicgedrite,Sodicgedrite,,
542,542,SodiumAlum,SodiumAlum,,
543,543,SodiumAutunite,SodiumAutunite,,
544,544,SodiumBetpakdalite,SodiumBetpakdalite,,
545,545,SodiumBoltwoodite,SodiumBoltwoodite,,
546,546,SodiumDachiardite,SodiumDachiardite,,
547,547,SodiumMeta-autunite,SodiumMeta-autunite,,
548,548,SodiumPharmacosiderite,SodiumPharmacosiderite,,
549,549,SodiumPhlogopite,SodiumPhlogopite,,
550,550,SodiumUranospinite,SodiumUranospinite,,
551,551,Sodium-gedrite,Sodium-gedrite,,
552,552,Sodium-zippeite,Sodium-zippeite,,
553,553,Sofiite,Sofiite,,
554,554,Sogdianite,Sogdianite,,
555,555,Solongoite,Solongoite,,
556,556,Sonolite,Sonolite,,
557,557,Sonoraite,Sonoraite,,
558,558,Sopcheite,Sopcheite,,
559,559,Sophiite,Sophiite,,
560,560,Sorbyite,Sorbyite,,
561,561,Sorensenite,Sorensenite,,
562,562,Sorosite,Sorosite,,
563,563,Sosedkoite,Sosedkoite,,
564,564,Soucekite,Soucekite,,
565,565,Souzalite,Souzalite,,
566,566,Spadaite,Spadaite,,
567,567,Spangolite,Spangolite,,
568,568,Spencerite,Spencerite,,
569,569,Sperrylite,Sperrylite,,
570,570,Spertiniite,Spertiniite,,
571,571,Spessartine,Spessartine,,
572,572,Sphaerobismoite,Sphaerobismoite,,
573,573,Sphaerocobaltite,Sphaerocobaltite,,
574,574,Sphalerite,Sphalerite,,
575,575,Spheniscidite,Spheniscidite,,
576,576,Spinel,Spinel,,
577,577,SpinelGroup,SpinelGroup,,
578,578,Spionkopite,Spionkopite,,
579,579,Spiroffite,Spiroffite,,
580,580,Spodiosite,Spodiosite,,
581,581,Spodumene,Spodumene,,
582,582,Springcreekite,Springcreekite,,
583,583,Spurrite,Spurrite,,
584,584,Squawcreekite,Squawcreekite,,
585,585,Srebrodolskite,Srebrodolskite,,
586,586,Srilankite,Srilankite,,
587,587,Stalderite,Stalderite,,
588,588,Stanekite,Stanekite,,
589,589,Stanfieldite,Stanfieldite,,
590,590,Stanleyite,Stanleyite,,
591,591,Scholzite,Scholzite,,
592,592,Schoonerite,Schoonerite,,
593,593,Schorl,Schorl,,
594,594,Schorlomite,Schorlomite,,
595,595,Schreibersite,Schreibersite,,
596,596,Schreyerite,Schreyerite,,
597,597,Schrockingerite,Schrockingerite,,
598,598,Schubnelite,Schubnelite,,
599,599,Schuetteite,Schuetteite,,
600,600,Schuilingite-(Nd),Schuilingite-(Nd),,
601,601,Schulenbergite,Schulenbergite,,
602,602,Schultenite,Schultenite,,
603,603,Schumacherite,Schumacherite,,
604,604,Schwartzembergite,Schwartzembergite,,
605,605,Schwertmannite,Schwertmannite,,
606,606,Schollhornite,Schollhornite,,
607,607,Sclarite,Sclarite,,
608,608,Scolecite,Scolecite,,
609,609,Scorodite,Scorodite,,
610,610,Scorzalite,Scorzalite,,
611,611,Scotlandite,Scotlandite,,
612,612,Scrutinyite,Scrutinyite,,
613,613,Seamanite,Seamanite,,
614,614,Searlesite,Searlesite,,
615,615,Sederholmite,Sederholmite,,
616,616,Sedovite,Sedovite,,
617,617,Seeligerite,Seeligerite,,
618,618,Seelite,Seelite,,
619,619,Segelerite,Segelerite,,
620,620,Segnitite,Segnitite,,
621,621,Seidite-(Ce),Seidite-(Ce),,
622,622,Seidozerite,Seidozerite,,
623,623,Seinajokite,Seinajokite,,
624,624,Sekaninaite,Sekaninaite,,
625,625,Selen-tellurium,Selen-tellurium,,
626,626,Selenium,Selenium,,
627,627,Selenostephanite,Selenostephanite,,
628,628,Seligmannite,Seligmannite,,
629,629,Sellaite,Sellaite,,
630,630,Selwynite,Selwynite,,
631,631,Semenovite,Semenovite,,
632,632,Semseyite,Semseyite,,
633,633,Senaite,Senaite,,
634,634,Senarmontite,Senarmontite,,
635,635,Senegalite,Senegalite,,
636,636,Sengierite,Sengierite,,
637,637,Sepiolite,Sepiolite,,
638,638,Serandite,Serandite,,
639,639,Serendibite,Serendibite,,
640,640,Sergeevite,Sergeevite,,
641,641,Serpentine,Serpentine,,
642,642,Serpierite,Serpierite,,
643,643,Shabaite-(Nd),Shabaite-(Nd),,
644,644,Shabynite,Shabynite,,
645,645,Shadlunite,Shadlunite,,
646,646,Shafranovskite,Shafranovskite,,
647,647,Shakhovite,Shakhovite,,
648,648,Shandite,Shandite,,
649,649,Shannonite,Shannonite,,
650,650,Sharpite,Sharpite,,
651,651,Shattuckite,Shattuckite,,
652,652,Shcherbakovite,Shcherbakovite,,
653,653,Shcherbinaite,Shcherbinaite,,
654,654,Sheldrickite,Sheldrickite,,
655,655,Sherwoodite,Sherwoodite,,
656,656,Shibkovite,Shibkovite,,
657,657,Shigaite,Shigaite,,
658,658,Shkatulkalite,Shkatulkalite,,
659,659,Shomyokite-(Y),Shomyokite-(Y),,
660,660,Shortite,Shortite,,
661,661,Shuangfengite,Shuangfengite,,
662,662,Shubnikovite,Shubnikovite,,
663,663,Shuiskite,Shuiskite,,
664,664,Sibirskite,Sibirskite,,
665,665,Sicherite,Sicherite,,
666,666,Sicklerite,Sicklerite,,
667,667,Siderazot,Siderazot,,
668,668,Siderite,Siderite,,
669,669,Sideronatrite,Sideronatrite,,
670,670,Siderophyllite,Siderophyllite,,
671,671,Siderotil,Siderotil,,
672,672,Sidorenkite,Sidorenkite,,
673,673,Sidpietersite,Sidpietersite,,
674,674,Sidwillite,Sidwillite,,
675,675,Siegenite,Siegenite,,
676,676,Sieleckiite,Sieleckiite,,
677,677,Sigismundite,Sigismundite,,
678,678,Sigloite,Sigloite,,
679,679,Silhydrite,Silhydrite,,
680,680,Silicon,Silicon,,
681,681,Silinaite,Silinaite,,
682,682,Vicanite-(Ce),Vicanite-(Ce),,
683,683,Vigezzite,Vigezzite,,
684,684,Viitaniemiite,Viitaniemiite,,
685,685,Vikingite,Vikingite,,
686,686,Villamaninite,Villamaninite,,
687,687,Villiaumite,Villiaumite,,
688,688,Villyaellenite,Villyaellenite,,
689,689,Vimsite,Vimsite,,
690,690,Vincentite,Vincentite,,
691,691,Vinciennite,Vinciennite,,
692,692,Vinogradovite,Vinogradovite,,
693,693,Violarite,Violarite,,
694,694,Virgilite,Virgilite,,
695,695,Viseite,Viseite,,
696,696,Vishnevite,Vishnevite,,
697,697,Vismirnovite,Vismirnovite,,
698,698,Vistepite,Vistepite,,
699,699,Vitusite-(Ce),Vitusite-(Ce),,
700,700,Vivianite,Vivianite,,
701,701,Vladimirite,Vladimirite,,
702,702,Vlasovite,Vlasovite,,
703,703,Vlodavetsite,Vlodavetsite,,
704,704,Vochtenite,Vochtenite,,
705,705,Voggite,Voggite,,
706,706,Voglite,Voglite,,
707,707,Volborthite,Volborthite,,
708,708,Volfsonite,Volfsonite,,
709,709,Volkonskoite,Volkonskoite,,
710,710,Volkovskite,Volkovskite,,
711,711,Voltaite,Voltaite,,
712,712,Volynskite,Volynskite,,
713,713,Vonbezingite,Vonbezingite,,
714,714,Vonsenite,Vonsenite,,
715,715,Vozhminite,Vozhminite,,
716,716,Vrbaite,Vrbaite,,
717,717,Vuagnatite,Vuagnatite,,
718,718,Vulcanite,Vulcanite,,
719,719,Vuonnemite,Vuonnemite,,
720,720,Vuorelainenite,Vuorelainenite,,
721,721,Vuoriyarvite,Vuoriyarvite,,
722,722,Vyacheslavite,Vyacheslavite,,
723,723,Vyalsovite,Vyalsovite,,
724,724,Vysotskite,Vysotskite,,
725,725,Vyuntspakhkite-(Y),Vyuntspakhkite-(Y),,
726,726,Vayrynenite,Vayrynenite,,
727,727,Wad,Wad,,
728,728,Wadalite,Wadalite,,
729,729,Wadeite,Wadeite,,
730,730,Wadsleyite,Wadsleyite,,
731,731,Wagnerite,Wagnerite,,
732,732,Wairakite,Wairakite,,
733,733,Wairauite,Wairauite,,
734,734,Wakabayashilite,Wakabayashilite,,
735,735,Wakefieldite,Wakefieldite,,
736,736,Wakefieldite-(Ce),Wakefieldite-(Ce),,
737,737,Wakefieldite-(Y),Wakefieldite-(Y),,
738,738,Walentaite,Walentaite,,
739,739,Walfordite,Walfordite,,
740,740,Sassolite,Sassolite,,
741,741,Satimolite,Satimolite,,
742,742,Satpaevite,Satpaevite,,
743,743,Satterlyite,Satterlyite,,
744,744,Sauconite,Sauconite,,
745,745,Sayrite,Sayrite,,
746,746,Sazhinite-(Ce),Sazhinite-(Ce),,
747,747,Sazykinaite-(Y),Sazykinaite-(Y),,
748,748,Sborgite,Sborgite,,
749,749,Scacchite,Scacchite,,
750,750,Scainiite,Scainiite,,
751,751,Scandiobabingtonite,Scandiobabingtonite,,
752,752,ScapoliteSeries,ScapoliteSeries,,
753,753,Scarbroite,Scarbroite,,
754,754,Scawtite,Scawtite,,
755,755,Schachnerite,Schachnerite,,
756,756,Schafarzikite,Schafarzikite,,
757,757,Schairerite,Schairerite,,
758,758,Schallerite,Schallerite,,
759,759,Schaurteite,Schaurteite,,
760,760,Scheelite,Scheelite,,
761,761,Schertelite,Schertelite,,
762,762,Scheteligite,Scheteligite,,
763,763,Schiavinatoite,Schiavinatoite,,
764,764,Schieffelinite,Schieffelinite,,
765,765,Schirmerite,Schirmerite,,
766,766,Schlossmacherite,Schlossmacherite,,
767,767,Schmiederite,Schmiederite,,
768,768,Schmitterite,Schmitterite,,
769,769,Schneiderhohnite,Schneiderhohnite,,
770,770,Schoderite,Schoderite,,
771,771,Schoenfliesite,Schoenfliesite,,
772,772,Schoepite,Schoepite,,
773,773,Sarmientite,Sarmientite,,
774,774,Sartorite,Sartorite,,
775,775,Saryarkite-(Y),Saryarkite-(Y),,
776,776,Sasaite,Sasaite,,
777,777,Tornebohmite-(La),Tornebohmite-(La),,
778,778,Uchucchacuaite,Uchucchacuaite,,
779,779,Uhligite,Uhligite,,
780,780,Uklonskovite,Uklonskovite,,
781,781,Ulexite,Ulexite,,
782,782,Ullmannite,Ullmannite,,
783,783,Ulrichite,Ulrichite,,
784,784,Ulvospinel,Ulvospinel,,
785,785,Umangite,Umangite,,
786,786,Umbite,Umbite,,
787,787,Umbozerite,Umbozerite,,
788,788,Umohoite,Umohoite,,
789,789,Ungarettiite,Ungarettiite,,
790,790,Ungemachite,Ungemachite,,
791,791,Ungursaite,Ungursaite,,
792,792,Unknown,Unknown,,
793,793,Upalite,Upalite,,
794,794,Uralborite,Uralborite,,
795,795,Uralolite,Uralolite,,
796,796,Uramphite,Uramphite,,
797,797,Urancalcarite,Urancalcarite,,
798,798,Uraninite,Uraninite,,
799,799,Uranmicrolite,Uranmicrolite,,
800,800,Uranocircite,Uranocircite,,
801,801,Uranophane,Uranophane,,
802,802,Uranophane-beta,Uranophane-beta,,
803,803,Uranopilite,Uranopilite,,
804,804,Uranopolycrase,Uranopolycrase,,
805,805,Uranosilite,Uranosilite,,
806,806,Uranospathite,Uranospathite,,
807,807,Uranosphaerite,Uranosphaerite,,
808,808,Uranospinite,Uranospinite,,
809,809,Uranotungstite,Uranotungstite,,
810,810,Uranpyrochlore,Uranpyrochlore,,
811,811,Urea,Urea,,
812,812,Uricite,Uricite,,
813,813,Urusovite,Urusovite,,
814,814,Urvantsevite,Urvantsevite,,
815,815,Ushkovite,Ushkovite,,
816,816,Usonite,Usonite,,
817,817,Usovite,Usovite,,
818,818,Ussingite,Ussingite,,
819,819,Ustarasite,Ustarasite,,
820,820,Utahite,Utahite,,
821,821,Uvanite,Uvanite,,
822,822,Uvarovite,Uvarovite,,
823,823,Uvite,Uvite,,
824,824,Uytenbogaardtite,Uytenbogaardtite,,
825,825,Uzonite,Uzonite,,
826,826,Vaesite,Vaesite,,
827,827,Vajdakite,Vajdakite,,
828,828,Valentinite,Valentinite,,
829,829,Valleriite,Valleriite,,
830,830,Vanadinite,Vanadinite,,
831,831,Vanadomalayaite,Vanadomalayaite,,
832,832,Vanadomalayite,Vanadomalayite,,
833,833,Vanalite,Vanalite,,
834,834,Vandenbrandeite,Vandenbrandeite,,
835,835,Vandendriesscheite,Vandendriesscheite,,
836,836,Vanmeersscheite,Vanmeersscheite,,
837,837,Vanoxite,Vanoxite,,
838,838,Vantasselite,Vantasselite,,
839,839,Vanthoffite,Vanthoffite,,
840,840,Vanuralite,Vanuralite,,
841,841,Vanuranylite,Vanuranylite,,
842,842,Varennesite,Varennesite,,
843,843,Variscite,Variscite,,
844,844,Varlamoffite,Varlamoffite,,
845,845,Varulite,Varulite,,
846,846,Vashegyite,Vashegyite,,
847,847,Vasilite,Vasilite,,
848,848,Vaterite,Vaterite,,
849,849,Vaughanite,Vaughanite,,
850,850,Vauquelinite,Vauquelinite,,
851,851,Vauxite,Vauxite,,
852,852,Veatchite,Veatchite,,
853,853,Veatchite-A,Veatchite-A,,
854,854,Veenite,Veenite,,
855,855,Velikite,Velikite,,
856,856,Vergasovaite,Vergasovaite,,
857,857,Vermiculite,Vermiculite,,
858,858,Vernadite,Vernadite,,
859,859,Verplanckite,Verplanckite,,
860,860,Versiliaite,Versiliaite,,
861,861,Vertumnite,Vertumnite,,
862,862,Vesignieite,Vesignieite,,
863,863,Vesuvianite,Vesuvianite,,
864,864,Veszelyite,Veszelyite,,
865,865,Viaeneite,Viaeneite,,
866,866,Rollandite,Rollandite,,
867,867,Romanechite,Romanechite,,
868,868,Romarchite,Romarchite,,
869,869,Romeite,Romeite,,
870,870,Romerite,Romerite,,
871,871,Ronneburgite,Ronneburgite,,
872,872,Rooseveltite,Rooseveltite,,
873,873,Roquesite,Roquesite,,
874,874,Rorisite,Rorisite,,
875,875,Rosasite,Rosasite,,
876,876,Roscherite,Roscherite,,
877,877,Roscoelite,Roscoelite,,
878,878,Roselite,Roselite,,
879,879,Roselite-beta,Roselite-beta,,
880,880,Rosemaryite,Rosemaryite,,
881,881,Rosenbergite,Rosenbergite,,
882,882,Rosenbuschite,Rosenbuschite,,
883,883,Rosenhahnite,Rosenhahnite,,
884,884,Roshchinite,Roshchinite,,
885,885,Rosiaite,Rosiaite,,
886,886,Rosickyite,Rosickyite,,
887,887,Rosieresite,Rosieresite,,
888,888,Rossite,Rossite,,
889,889,Rossmanite,Rossmanite,,
890,890,Rostite,Rostite,,
891,891,Roubaultite,Roubaultite,,
892,892,Rouseite,Rouseite,,
893,893,Routhierite,Routhierite,,
894,894,Rouvilleite,Rouvilleite,,
895,895,Roweite,Roweite,,
896,896,Rowlandite-(Y),Rowlandite-(Y),,
897,897,Roxbyite,Roxbyite,,
898,898,Rozenite,Rozenite,,
899,899,Ruarsite,Ruarsite,,
900,900,Rubicline,Rubicline,,
901,901,Rucklidgeite,Rucklidgeite,,
902,902,Ruitenbergite,Ruitenbergite,,
903,903,Ruizite,Ruizite,,
904,904,Rusakovite,Rusakovite,,
905,905,Russellite,Russellite,,
906,906,Rustenburgite,Rustenburgite,,
907,907,Rustumite,Rustumite,,
908,908,Ruthenarsenite,Ruthenarsenite,,
909,909,Rutheniridosmine,Rutheniridosmine,,
910,910,Ruthenium,Ruthenium,,
911,911,Ruthenosmiridium,Ruthenosmiridium,,
912,912,Rutherfordine,Rutherfordine,,
913,913,Rutile,Rutile,,
914,914,Rynersonite,Rynersonite,,
916,916,Rontgenite-(Ce),Rontgenite-(Ce),,
917,917,Rosslerite,Rosslerite,,
918,918,Sabatierite,Sabatierite,,
919,919,Sabelliite,Sabelliite,,
920,920,Sabieite,Sabieite,,
921,921,Sabinaite,Sabinaite,,
922,922,Sabugalite,Sabugalite,,
923,923,Sacrofanite,Sacrofanite,,
924,924,Sadanagaite,Sadanagaite,,
925,925,Saddlebackite,Saddlebackite,,
926,926,Safflorite,Safflorite,,
927,927,Sahamalite-(Ce),Sahamalite-(Ce),,
928,928,Sahlinite,Sahlinite,,
929,929,Sainfeldite,Sainfeldite,,
930,930,Sakhaite,Sakhaite,,
931,931,Sakharovaite,Sakharovaite,,
932,932,Sakuraiite,Sakuraiite,,
933,933,SalAmmoniac,SalAmmoniac,,
934,934,Saleeite,Saleeite,,
935,935,Salesite,Salesite,,
936,936,Saliotite,Saliotite,,
937,937,Samarskite-(Y),Samarskite-(Y),,
938,938,Samfowlerite,Samfowlerite,,
939,939,Sampleite,Sampleite,,
940,940,Samsonite,Samsonite,,
941,941,Samuelsonite,Samuelsonite,,
942,942,Sanbornite,Sanbornite,,
943,943,Sanderite,Sanderite,,
944,944,Saneroite,Saneroite,,
945,945,Sanidine,Sanidine,,
946,946,Sanjuanite,Sanjuanite,,
947,947,Sanmartinite,Sanmartinite,,
948,948,Santaclaraite,Santaclaraite,,
949,949,Santafeite,Santafeite,,
950,950,Santanaite,Santanaite,,
951,951,Santite,Santite,,
952,952,Saponite,Saponite,,
953,953,Sapphirine,Sapphirine,,
954,954,Sapphirine-1tc,Sapphirine-1tc,,
955,955,Sarabauite,Sarabauite,,
956,956,Sarcolite,Sarcolite,,
957,957,Sarcopside,Sarcopside,,
958,958,Sarkinite,Sarkinite,,
959,959,Rameauite,Rameauite,,
960,960,Rammelsbergite,Rammelsbergite,,
961,961,Rammeslbergite,Rammeslbergite,,
962,962,Ramsbeckite,Ramsbeckite,,
963,963,Ramsdellite,Ramsdellite,,
964,964,Rancieite,Rancieite,,
965,965,Rankachite,Rankachite,,
966,966,Rankamaite,Rankamaite,,
967,967,Rankinite,Rankinite,,
968,968,Ransomite,Ransomite,,
969,969,Ranunculite,Ranunculite,,
970,970,Rapidcreekite,Rapidcreekite,,
971,971,Rappoldite,Rappoldite,,
972,972,Rashleighite,Rashleighite,,
973,973,Raspite,Raspite,,
974,974,Rasvumite,Rasvumite,,
975,975,Rathite,Rathite,,
976,976,Rauenthalite,Rauenthalite,,
977,977,Rauvite,Rauvite,,
978,978,Ravatite,Ravatite,,
979,979,Rayite,Rayite,,
980,980,Realgar,Realgar,,
981,981,Rebulite,Rebulite,,
982,982,Recatalogued,Recatalogued,,
983,983,Rectorite,Rectorite,,
984,984,Reddingite,Reddingite,,
985,985,Redingtonite,Redingtonite,,
986,986,Redledgeite,Redledgeite,,
987,987,Reederite-(Y),Reederite-(Y),,
988,988,Reedmergnerite,Reedmergnerite,,
989,989,Reevesite,Reevesite,,
990,990,Refikite,Refikite,,
991,991,Reichenbachite,Reichenbachite,,
992,992,Reidite,Reidite,,
993,993,Reinerite,Reinerite,,
994,994,Reinhardbraunsite,Reinhardbraunsite,,
995,995,Remondite-(Ce),Remondite-(Ce),,
996,996,Remondite-(La),Remondite-(La),,
997,997,Renardite,Renardite,,
998,998,Rengeite,Rengeite,,
999,999,Renierite,Renierite,,
1000,1000,Reppiaite,Reppiaite,,
1001,1001,Retgersite,Retgersite,,
1002,1002,Retzian,Retzian,,
1003,1003,Retzian-(Ce),Retzian-(Ce),,
1004,1004,Retzian-(La),Retzian-(La),,
1005,1005,Retzian-(Nd),Retzian-(Nd),,
1006,1006,Revdite,Revdite,,
1007,1007,Reyerite,Reyerite,,
1008,1008,Rhabdophane,Rhabdophane,,
1009,1009,Rhabdophane-(Ce),Rhabdophane-(Ce),,
1010,1010,Rhabdophane-(La),Rhabdophane-(La),,
1011,1011,Rhabdophane-(Nd),Rhabdophane-(Nd),,
1012,1012,Rheniite,Rheniite,,
1013,1013,Rhenium,Rhenium,,
1014,1014,Rhodarsenide,Rhodarsenide,,
1015,1015,Rhodesite,Rhodesite,,
1016,1016,Rhodium,Rhodium,,
1017,1017,Rhodizite,Rhodizite,,
1018,1018,Rhodochrosite,Rhodochrosite,,
1019,1019,Rhodonite,Rhodonite,,
1020,1020,Rhodostannite,Rhodostannite,,
1021,1021,Rhodplumsite,Rhodplumsite,,
1022,1022,Rhomboclase,Rhomboclase,,
1023,1023,Rhonite,Rhonite,,
1024,1024,Ribbeite,Ribbeite,,
1025,1025,Richellite,Richellite,,
1026,1026,Richelsdorfite,Richelsdorfite,,
1027,1027,Richetite,Richetite,,
1028,1028,Richterite,Richterite,,
1029,1029,Rickardite,Rickardite,,
1030,1030,Riebeckite,Riebeckite,,
1031,1031,Rilandite,Rilandite,,
1032,1032,Rimkorolgite,Rimkorolgite,,
1033,1033,Ringwoodite,Ringwoodite,,
1034,1034,Rinkite,Rinkite,,
1035,1035,Rinmanite,Rinmanite,,
1036,1036,Rinneite,Rinneite,,
1037,1037,Rittmannite,Rittmannite,,
1038,1038,Rivadavite,Rivadavite,,
1039,1039,Riversideite,Riversideite,,
1040,1040,Roaldite,Roaldite,,
1041,1041,Robertsite,Robertsite,,
1042,1042,Robinsonite,Robinsonite,,
1043,1043,Rockbridgeite,Rockbridgeite,,
1044,1044,Rodalquilarite,Rodalquilarite,,
1045,1045,Rodolicoite,Rodolicoite,,
1046,1046,Roeblingite,Roeblingite,,
1047,1047,Roedderite,Roedderite,,
1048,1048,Roggianite,Roggianite,,
1049,1049,Rohaite,Rohaite,,
1050,1050,Rokuhnite,Rokuhnite,,
1051,1051,Poyarkovite,Poyarkovite,,
1052,1052,Prehnite,Prehnite,,
1053,1053,Preisingerite,Preisingerite,,
1054,1054,Preiswerkite,Preiswerkite,,
1055,1055,Preobrazhenskite,Preobrazhenskite,,
1056,1056,Pretulite,Pretulite,,
1057,1057,Priceite,Priceite,,
1058,1058,Priderite,Priderite,,
1059,1059,Pringleite,Pringleite,,
1060,1060,Prismatine,Prismatine,,
1061,1061,Probertite,Probertite,,
1062,1062,Prosopite,Prosopite,,
1063,1063,Prosperite,Prosperite,,
1064,1064,Protasite,Protasite,,
1065,1065,Protoferro-anthophyllite,Protoferro-anthophyllite,,
1066,1066,Protojoseite,Protojoseite,,
1067,1067,Protomangano-ferro-anthophyllite,Protomangano-ferro-anthophyllite,,
1068,1068,Proudite,Proudite,,
1069,1069,Proustite,Proustite,,
1070,1070,Przhevalskite,Przhevalskite,,
1071,1071,Pseudo-autunite,Pseudo-autunite,,
1072,1072,Pseudoboleite,Pseudoboleite,,
1073,1073,Pseudobrookite,Pseudobrookite,,
1074,1074,Pseudocotunnite,Pseudocotunnite,,
1075,1075,Pseudograndreefite,Pseudograndreefite,,
1076,1076,Pseudolaueite,Pseudolaueite,,
1077,1077,Pseudomalachite,Pseudomalachite,,
1078,1078,Pseudorutile,Pseudorutile,,
1079,1079,Pseudowollastonite,Pseudowollastonite,,
1080,1080,Psilomelane(GeneralTerm),Psilomelane(GeneralTerm),,
1081,1081,Pucherite,Pucherite,,
1082,1082,Pumpellyite,Pumpellyite,,
1083,1083,Pumpellyite-(Fe+2),Pumpellyite-(Fe+2),,
1084,1084,Pumpellyite-(Fe+3),Pumpellyite-(Fe+3),,
1085,1085,Pumpellyite-(Mg),Pumpellyite-(Mg),,
1086,1086,Pumpellyite-(Mn+2),Pumpellyite-(Mn+2),,
1087,1087,Purpurite,Purpurite,,
1088,1088,Pushcharovskite,Pushcharovskite,,
1089,1089,Putoranite,Putoranite,,
1090,1090,Pyatenkoite-(Y),Pyatenkoite-(Y),,
1091,1091,Pyrargyrite,Pyrargyrite,,
1092,1092,Pyrite,Pyrite,,
1093,1093,Pyroaurite,Pyroaurite,,
1094,1094,Pyrobelonite,Pyrobelonite,,
1095,1095,Pyrochlore,Pyrochlore,,
1096,1096,Pyrochroite,Pyrochroite,,
1097,1097,Pyrolusite,Pyrolusite,,
1098,1098,Pyromorphite,Pyromorphite,,
1099,1099,Pyrope,Pyrope,,
1100,1100,Pyrophanite,Pyrophanite,,
1101,1101,Pyrophyllite,Pyrophyllite,,
1102,1102,Pyrophyllite-2m,Pyrophyllite-2m,,
1103,1103,PyrosmaliteSeries,PyrosmaliteSeries,,
1104,1104,Pyrostilpnite,Pyrostilpnite,,
1105,1105,PyroxeneGroup,PyroxeneGroup,,
1106,1106,Pyroxferroite,Pyroxferroite,,
1107,1107,Pyroxmangite,Pyroxmangite,,
1108,1108,Pyrrhotite,Pyrrhotite,,
1109,1109,Pyrrhotite-4c,Pyrrhotite-4c,,
1110,1110,Paakkonenite,Paakkonenite,,
1111,1111,Qandilite,Qandilite,,
1112,1112,Qilianshanite,Qilianshanite,,
1113,1113,Qingheiite,Qingheiite,,
1114,1114,Qitianlingite,Qitianlingite,,
1115,1115,Quadratite,Quadratite,,
1116,1116,Quadridavyne,Quadridavyne,,
1117,1117,Quadruphite,Quadruphite,,
1118,1118,Quartz,Quartz,,
1119,1119,Queitite,Queitite,,
1120,1120,Quenselite,Quenselite,,
1121,1121,Quenstedtite,Quenstedtite,,
1122,1122,Quetzalcoatlite,Quetzalcoatlite,,
1123,1123,Quintinite-2h,Quintinite-2h,,
1124,1124,Quintinite-3t,Quintinite-3t,,
1125,1125,Raadeite,Raadeite,,
1126,1126,Rabbittite,Rabbittite,,
1127,1127,Rabejacite,Rabejacite,,
1128,1128,Radhakrishnaite,Radhakrishnaite,,
1129,1129,Radtkeite,Radtkeite,,
1130,1130,Raguinite,Raguinite,,
1131,1131,Raite,Raite,,
1132,1132,Rajite,Rajite,,
1133,1133,Ralstonite,Ralstonite,,
1134,1134,Rambergite,Rambergite,,
1135,1135,Ramdohrite,Ramdohrite,,
1136,1136,Phosinaite,Phosinaite,,
1137,1137,Phosinaite-(Ce),Phosinaite-(Ce),,
1138,1138,Phosphammite,Phosphammite,,
1139,1139,Phosphoferrite,Phosphoferrite,,
1140,1140,Phosphofibrite,Phosphofibrite,,
1141,1141,Phosphogartrellite,Phosphogartrellite,,
1142,1142,Phosphophyllite,Phosphophyllite,,
1143,1143,Phosphorrosslerite,Phosphorrosslerite,,
1144,1144,Phosphosiderite,Phosphosiderite,,
1145,1145,Phosphovanadylite,Phosphovanadylite,,
1146,1146,Phosphuranylite,Phosphuranylite,,
1147,1147,Phuralumite,Phuralumite,,
1148,1148,Phurcalite,Phurcalite,,
1149,1149,Phyllotungstite,Phyllotungstite,,
1150,1150,Pickeringite,Pickeringite,,
1151,1151,Picotpaulite,Picotpaulite,,
1152,1152,Picromerite,Picromerite,,
1153,1153,Picropharmacolite,Picropharmacolite,,
1154,1154,Piemontite,Piemontite,,
1155,1155,Pierrotite,Pierrotite,,
1156,1156,Pigeonite,Pigeonite,,
1157,1157,Pillaite,Pillaite,,
1158,1158,Pilsenite,Pilsenite,,
1159,1159,Pinakiolite,Pinakiolite,,
1160,1160,Pinalite,Pinalite,,
1161,1161,Pinchite,Pinchite,,
1162,1162,Pingguite,Pingguite,,
1163,1163,Pinnoite,Pinnoite,,
1164,1164,Pintadoite,Pintadoite,,
1165,1165,Piretite,Piretite,,
1166,1166,Pirquitasite,Pirquitasite,,
1167,1167,Pirssonite,Pirssonite,,
1168,1168,Pitiglianoite,Pitiglianoite,,
1169,1169,Pitticite,Pitticite,,
1170,1170,Piypite,Piypite,,
1171,1171,Plagioclase,Plagioclase,,
1172,1172,Plagionite,Plagionite,,
1173,1173,Plancheite,Plancheite,,
1174,1174,Planerite,Planerite,,
1175,1175,Platarsite,Platarsite,,
1176,1176,Platiniridium,Platiniridium,,
1177,1177,Platinum,Platinum,,
1178,1178,Plattnerite,Plattnerite,,
1179,1179,Platynite,Platynite,,
1180,1180,Playfairite,Playfairite,,
1181,1181,Plombierite,Plombierite,,
1182,1182,Plumalsite,Plumalsite,,
1183,1183,Plumbobetafite,Plumbobetafite,,
1184,1184,Plumboferrite,Plumboferrite,,
1185,1185,Plumbogummite,Plumbogummite,,
1186,1186,Plumbojarosite,Plumbojarosite,,
1187,1187,Plumbomangite,Plumbomangite,,
1188,1188,Plumbomicrolite,Plumbomicrolite,,
1189,1189,Plumbonacrite,Plumbonacrite,,
1190,1190,Plumbopalladinite,Plumbopalladinite,,
1191,1191,Plumbopyrochlore,Plumbopyrochlore,,
1192,1192,Plumbotellurite,Plumbotellurite,,
1193,1193,Plumbotsumite,Plumbotsumite,,
1194,1194,Poitevinite,Poitevinite,,
1195,1195,Pokrovskite,Pokrovskite,,
1196,1196,Polarite,Polarite,,
1197,1197,Poldervaartite,Poldervaartite,,
1198,1198,Polhemusite,Polhemusite,,
1199,1199,Polkanovite,Polkanovite,,
1200,1200,Polkovicite,Polkovicite,,
1201,1201,Pollucite,Pollucite,,
1202,1202,Polybasite,Polybasite,,
1203,1203,Polycrase-(Y),Polycrase-(Y),,
1204,1204,Polydymite,Polydymite,,
1205,1205,Polyhalite,Polyhalite,,
1206,1206,Polylithionite,Polylithionite,,
1207,1207,Polymignite,Polymignite,,
1208,1208,Polyphite,Polyphite,,
1209,1209,Ponomarevite,Ponomarevite,,
1210,1210,Portlandite,Portlandite,,
1211,1211,Posnjakite,Posnjakite,,
1212,1212,Potarite,Potarite,,
1213,1213,Potassic-fluororichterite,Potassic-fluororichterite,,
1214,1214,Yvonite,Yvonite,,
1215,1215,Zabuyelite,Zabuyelite,,
1216,1216,Zaccagnaite,Zaccagnaite,,
1217,1217,PotassiumAlum,PotassiumAlum,,
1218,1218,Potassium-fluor-richterite,Potassium-fluor-richterite,,
1219,1219,Potosiite,Potosiite,,
1220,1220,Pottsite,Pottsite,,
1221,1221,Poubaite,Poubaite,,
1222,1222,Poudretteite,Poudretteite,,
1223,1223,Poughite,Poughite,,
1224,1224,Povondraite,Povondraite,,
1225,1225,Powellite,Powellite,,
1226,1226,Tunellite,Tunellite,,
1227,1227,Tungstenite,Tungstenite,,
1228,1228,Tungstenite-3r,Tungstenite-3r,,
1229,1229,Tungstibite,Tungstibite,,
1230,1230,Tungstite,Tungstite,,
1231,1231,Tungusite,Tungusite,,
1232,1232,Tunisite,Tunisite,,
1233,1233,Tuperssuatsiaite,Tuperssuatsiaite,,
1234,1234,Turanite,Turanite,,
1235,1235,Turkestanite,Turkestanite,,
1236,1236,Turneaureite,Turneaureite,,
1237,1237,Turquoise,Turquoise,,
1238,1238,Turtmannite,Turtmannite,,
1239,1239,Tuscanite,Tuscanite,,
1240,1240,Tusionite,Tusionite,,
1241,1241,Tuzlaite,Tuzlaite,,
1242,1242,Tvalchrelidzeite,Tvalchrelidzeite,,
1243,1243,Tvedalite,Tvedalite,,
1244,1244,Tveitite-(Y),Tveitite-(Y),,
1245,1245,Tweddillite,Tweddillite,,
1246,1246,Twinnite,Twinnite,,
1247,1247,Tychite,Tychite,,
1248,1248,Tyretskite,Tyretskite,,
1249,1249,Tyretskite-1tc,Tyretskite-1tc,,
1250,1250,Tyrolite,Tyrolite,,
1251,1251,Tyrrellite,Tyrrellite,,
1252,1252,Tyuyamunite,Tyuyamunite,,
1253,1253,Tornebohmite,Tornebohmite,,
1254,1254,Tornebohmite-(Ce),Tornebohmite-(Ce),,
1255,1255,Peisleyite,Peisleyite,,
1256,1256,Pekoite,Pekoite,,
1257,1257,Pellyite,Pellyite,,
1258,1258,Penfieldite,Penfieldite,,
1259,1259,Penginite,Penginite,,
1260,1260,Pengzhizhongite,Pengzhizhongite,,
1261,1261,Pengzhizhongite-6h,Pengzhizhongite-6h,,
1262,1262,Penikisite,Penikisite,,
1263,1263,Penkvilksite,Penkvilksite,,
1264,1264,Penkvilksite-1m,Penkvilksite-1m,,
1265,1265,Penkvilksite-2o,Penkvilksite-2o,,
1266,1266,Pennantite,Pennantite,,
1267,1267,Penobsquisite,Penobsquisite,,
1268,1268,Penroseite,Penroseite,,
1269,1269,Pentagonite,Pentagonite,,
1270,1270,Pentahydrite,Pentahydrite,,
1271,1271,Pentahydroborite,Pentahydroborite,,
1272,1272,Pentlandite,Pentlandite,,
1273,1273,Penzhinite,Penzhinite,,
1274,1274,Peprossite-(Ce),Peprossite-(Ce),,
1275,1275,Peretaite,Peretaite,,
1276,1276,Perhamite,Perhamite,,
1277,1277,Periclase,Periclase,,
1278,1278,Perite,Perite,,
1279,1279,Perlialite,Perlialite,,
1280,1280,Perloffite,Perloffite,,
1281,1281,Permingeatite,Permingeatite,,
1282,1282,Perovskite,Perovskite,,
1283,1283,Perraultite,Perraultite,,
1284,1284,Perrierite,Perrierite,,
1285,1285,Perroudite,Perroudite,,
1286,1286,Perryite,Perryite,,
1287,1287,Pertlikite,Pertlikite,,
1288,1288,Petalite,Petalite,,
1289,1289,Petarasite,Petarasite,,
1290,1290,Petedunnite,Petedunnite,,
1291,1291,Peterbaylissite,Peterbaylissite,,
1292,1292,Petersenite-(Ce),Petersenite-(Ce),,
1293,1293,Petersite-(Y),Petersite-(Y),,
1294,1294,Petewilliamsite,Petewilliamsite,,
1295,1295,Petitjeanite,Petitjeanite,,
1296,1296,Petrovicite,Petrovicite,,
1297,1297,Petrovskaite,Petrovskaite,,
1298,1298,Petrukite,Petrukite,,
1299,1299,Petscheckite,Petscheckite,,
1300,1300,Petterdite,Petterdite,,
1301,1301,Petzite,Petzite,,
1302,1302,Pezzottaite,Pezzottaite,,
1303,1303,Pharmacolite,Pharmacolite,,
1304,1304,Pharmacosiderite,Pharmacosiderite,,
1305,1305,Phaunouxite,Phaunouxite,,
1306,1306,Phenakite,Phenakite,,
1307,1307,Philipsbornite,Philipsbornite,,
1308,1308,Philipsburgite,Philipsburgite,,
1309,1309,Phillipsite,Phillipsite,,
1310,1310,Phillipsite-Ca,Phillipsite-Ca,,
1311,1311,Phillipsite-K,Phillipsite-K,,
1312,1312,Phillipsite-Na,Phillipsite-Na,,
1313,1313,Philolithite,Philolithite,,
1314,1314,Phlogopite,Phlogopite,,
1315,1315,Phoenicochroite,Phoenicochroite,,
1316,1316,Phosgenite,Phosgenite,,
1317,1317,Tiettaite,Tiettaite,,
1318,1318,Tikhonenkovite,Tikhonenkovite,,
1319,1319,Tilasite,Tilasite,,
1320,1320,Tilleyite,Tilleyite,,
1321,1321,Tin,Tin,,
1322,1322,Tinaksite,Tinaksite,,
1323,1323,Tincalconite,Tincalconite,,
1324,1324,Tinsleyite,Tinsleyite,,
1325,1325,Tinticite,Tinticite,,
1326,1326,Tintinaite,Tintinaite,,
1327,1327,Tinzenite,Tinzenite,,
1328,1328,Tiptopite,Tiptopite,,
1329,1329,Tiragalloite,Tiragalloite,,
1330,1330,Tirodite,Tirodite,,
1331,1331,Tisinalite,Tisinalite,,
1332,1332,Titanite,Titanite,,
1333,1333,Titanowodginite,Titanowodginite,,
1334,1334,Titantaramellite,Titantaramellite,,
1335,1335,Tivanite,Tivanite,,
1336,1336,Tlalocite,Tlalocite,,
1337,1337,Tlapallite,Tlapallite,,
1338,1338,Tobelite,Tobelite,,
1339,1339,Tobermorite,Tobermorite,,
1340,1340,Tochilinite,Tochilinite,,
1341,1341,Tocornalite,Tocornalite,,
1342,1342,Todorokite,Todorokite,,
1343,1343,Tokkoite,Tokkoite,,
1344,1344,Tolbachite,Tolbachite,,
1345,1345,Tolovkite,Tolovkite,,
1346,1346,Tombarthite-(Y),Tombarthite-(Y),,
1347,1347,Tomichite,Tomichite,,
1348,1348,Tongbaite,Tongbaite,,
1349,1349,Tooeleite,Tooeleite,,
1350,1350,Topaz,Topaz,,
1351,1351,Torbernite,Torbernite,,
1352,1352,Torreyite,Torreyite,,
1353,1353,Tosudite,Tosudite,,
1354,1354,Tounkite,Tounkite,,
1355,1355,Tourmaline,Tourmaline,,
1356,1356,Toyohaite,Toyohaite,,
1357,1357,Trabzonite,Trabzonite,,
1358,1358,Tranquillityite,Tranquillityite,,
1359,1359,Transferred,Transferred,,
1360,1360,Traskite,Traskite,,
1361,1361,Treasurite,Treasurite,,
1362,1362,Trechmannite,Trechmannite,,
1363,1363,Trembathite,Trembathite,,
1364,1364,Tremolite,Tremolite,,
1365,1365,Trevorite,Trevorite,,
1366,1366,Triangulite,Triangulite,,
1367,1367,Tridymite,Tridymite,,
1368,1368,Trigonite,Trigonite,,
1369,1369,Trikalsilite,Trikalsilite,,
1370,1370,Trilithionite,Trilithionite,,
1371,1371,Trimerite,Trimerite,,
1372,1372,Trimounsite-(Y),Trimounsite-(Y),,
1373,1373,Triphylite,Triphylite,,
1374,1374,Triplite,Triplite,,
1375,1375,Triploidite,Triploidite,,
1376,1376,Trippkeite,Trippkeite,,
1377,1377,Tripuhyite,Tripuhyite,,
1378,1378,Tristramite,Tristramite,,
1379,1379,Tritomite,Tritomite,,
1380,1380,Tritomite-(Ce),Tritomite-(Ce),,
1381,1381,Tritomite-(Y),Tritomite-(Y),,
1382,1382,Trogtalite,Trogtalite,,
1383,1383,Troilite,Troilite,,
1384,1384,Trolleite,Trolleite,,
1385,1385,Trona,Trona,,
1386,1386,Truscottite,Truscottite,,
1387,1387,Trogerite,Trogerite,,
1388,1388,Trustedtite,Trustedtite,,
1389,1389,Tsaregorodtsevite,Tsaregorodtsevite,,
1390,1390,Tschermakite,Tschermakite,,
1391,1391,Tschermigite,Tschermigite,,
1392,1392,Tschernichite,Tschernichite,,
1393,1393,Tschortnerite,Tschortnerite,,
1394,1394,Tsnigriite,Tsnigriite,,
1395,1395,Tsugaruite,Tsugaruite,,
1396,1396,Tsumcorite,Tsumcorite,,
1397,1397,Tsumebite,Tsumebite,,
1398,1398,Tsumoite,Tsumoite,,
1399,1399,Tucekite,Tucekite,,
1400,1400,Tugarinovite,Tugarinovite,,
1401,1401,Tugtupite,Tugtupite,,
1402,1402,Tuhualite,Tuhualite,,
1403,1403,Tulameenite,Tulameenite,,
1404,1404,Tuliokite,Tuliokite,,
1405,1405,Tumchaite,Tumchaite,,
1406,1406,Tundrite,Tundrite,,
1407,1407,Tundrite-(Ce),Tundrite-(Ce),,
1408,1408,Tundrite-(Nd),Tundrite-(Nd),,
1409,1409,Bellidoite,Bellidoite,,
1410,1410,Bellingerite,Bellingerite,,
1411,1411,Belloite,Belloite,,
1412,1412,Belovite-(Ce),Belovite-(Ce),,
1413,1413,Belovite-(La),Belovite-(La),,
1414,1414,Belyankinite,Belyankinite,,
1415,1415,Bementite,Bementite,,
1416,1416,Benauite,Benauite,,
1417,1417,Benavidesite,Benavidesite,,
1418,1418,Benitoite,Benitoite,,
1419,1419,Benjaminite,Benjaminite,,
1420,1420,Benleonardite,Benleonardite,,
1421,1421,Benstonite,Benstonite,,
1422,1422,Bentorite,Bentorite,,
1423,1423,Benyacarite,Benyacarite,,
1424,1424,Beraunite,Beraunite,,
1425,1425,Berborite,Berborite,,
1426,1426,Berborite-1t,Berborite-1t,,
1427,1427,Berdesinskiite,Berdesinskiite,,
1428,1428,Berezanskite,Berezanskite,,
1429,1429,Bergenite,Bergenite,,
1430,1430,Bergslagite,Bergslagite,,
1431,1431,Berlinite,Berlinite,,
1432,1432,Bermanite,Bermanite,,
1433,1433,Bernalite,Bernalite,,
1434,1434,Bernardite,Bernardite,,
1435,1435,Berndtite,Berndtite,,
1436,1436,Berndtite-2t,Berndtite-2t,,
1437,1437,Berndtite-4h,Berndtite-4h,,
1438,1438,Berryite,Berryite,,
1439,1439,Berthierine,Berthierine,,
1440,1440,Berthierite,Berthierite,,
1441,1441,Bertossaite,Bertossaite,,
1442,1442,Bertrandite,Bertrandite,,
1443,1443,Beryl,Beryl,,
1444,1444,Beryllite,Beryllite,,
1445,1445,Beryllonite,Beryllonite,,
1446,1446,Berzelianite,Berzelianite,,
1447,1447,Berzeliite,Berzeliite,,
1448,1448,Bessmertnovite,Bessmertnovite,,
1449,1449,Beta-fergusonite-(Ce),Beta-fergusonite-(Ce),,
1450,1450,Beta-fergusonite-(Nd),Beta-fergusonite-(Nd),,
1451,1451,Barnesite,Barnesite,,
1452,1452,Beta-fergusonite-(Y),Beta-fergusonite-(Y),,
1453,1453,Betafite,Betafite,,
1454,1454,Betekhtinite,Betekhtinite,,
1455,1455,Betpakdalite,Betpakdalite,,
1456,1456,Beudantite,Beudantite,,
1457,1457,Beusite,Beusite,,
1458,1458,Beyerite,Beyerite,,
1459,1459,Bezsmertnovite,Bezsmertnovite,,
1460,1460,Bianchite,Bianchite,,
1461,1461,Bicchulite,Bicchulite,,
1462,1462,Bideauxite,Bideauxite,,
1463,1463,Bieberite,Bieberite,,
1464,1464,Biehlite,Biehlite,,
1465,1465,Bigcreekite,Bigcreekite,,
1466,1466,Bijvoetite-(Y),Bijvoetite-(Y),,
1467,1467,Bikitaite,Bikitaite,,
1468,1468,Bilibinskite,Bilibinskite,,
1469,1469,Bilinite,Bilinite,,
1470,1470,Billietite,Billietite,,
1471,1471,Billingsleyite,Billingsleyite,,
1472,1472,Bindheimite,Bindheimite,,
1473,1473,Biotite,Biotite,,
1474,1474,Biphosphammite,Biphosphammite,,
1475,1475,Biringuccite,Biringuccite,,
1476,1476,Birnessite,Birnessite,,
1477,1477,Bischofite,Bischofite,,
1478,1478,Theoparacelsite,Theoparacelsite,,
1479,1479,Theophrastite,Theophrastite,,
1480,1480,Theresemagnanite,Theresemagnanite,,
1481,1481,Theresmagnanite,Theresmagnanite,,
1482,1482,Thermonatrite,Thermonatrite,,
1483,1483,Thomasclarkite-(Y),Thomasclarkite-(Y),,
1484,1484,Thometzekite,Thometzekite,,
1485,1485,Thomsenolite,Thomsenolite,,
1486,1486,Thomsonite,Thomsonite,,
1487,1487,Thorbastnasite,Thorbastnasite,,
1488,1488,Thoreaulite,Thoreaulite,,
1489,1489,Thorianite,Thorianite,,
1490,1490,Thorikosite,Thorikosite,,
1491,1491,Thorite,Thorite,,
1492,1492,Thornasite,Thornasite,,
1493,1493,Thorogummite,Thorogummite,,
1494,1494,Thorosteenstrupine,Thorosteenstrupine,,
1495,1495,Thortveitite,Thortveitite,,
1496,1496,Thorutite,Thorutite,,
1497,1497,Threadgoldite,Threadgoldite,,
1498,1498,Tiemannite,Tiemannite,,
1499,1499,Tienshanite,Tienshanite,,
1500,1500,Dimorphite,Dimorphite,,
1501,1501,Diomignite,Diomignite,,
1502,1502,Diopside,Diopside,,
1503,1503,Dioptase,Dioptase,,
1504,1504,Dissakisite-(Ce),Dissakisite-(Ce),,
1505,1505,Dittmarite,Dittmarite,,
1506,1506,Dixenite,Dixenite,,
1507,1507,Djerfisherite,Djerfisherite,,
1508,1508,Djurleite,Djurleite,,
1509,1509,Dmisteinbergite,Dmisteinbergite,,
1510,1510,Dolerophanite,Dolerophanite,,
1511,1511,Dollaseite-(Ce),Dollaseite-(Ce),,
1512,1512,Dolomite,Dolomite,,
1513,1513,Bakerite,Bakerite,,
1514,1514,Bakhchisaraitsevite,Bakhchisaraitsevite,,
1515,1515,Baksanite,Baksanite,,
1516,1516,Balangeroite,Balangeroite,,
1517,1517,Balavinskite,Balavinskite,,
1518,1518,Balipholite,Balipholite,,
1519,1519,Balkanite,Balkanite,,
1520,1520,Balyakinite,Balyakinite,,
1521,1521,Bambollaite,Bambollaite,,
1522,1522,Bamfordite,Bamfordite,,
1523,1523,Banalsite,Banalsite,,
1524,1524,Bandylite,Bandylite,,
1525,1525,Bannermanite,Bannermanite,,
1526,1526,Bannisterite,Bannisterite,,
1527,1527,Baotite,Baotite,,
1528,1528,Bararite,Bararite,,
1529,1529,Baratovite,Baratovite,,
1530,1530,Barberiite,Barberiite,,
1531,1531,Barbertonite,Barbertonite,,
1532,1532,Barbosalite,Barbosalite,,
1533,1533,Barentsite,Barentsite,,
1534,1534,Bariandite,Bariandite,,
1535,1535,Baricite,Baricite,,
1536,1536,Bario-orthojoaquinite,Bario-orthojoaquinite,,
1537,1537,Bariomicrolite,Bariomicrolite,,
1538,1538,Bariopyrochlore,Bariopyrochlore,,
1539,1539,Bariosincosite,Bariosincosite,,
1540,1540,Barite,Barite,,
1541,1541,Barium-pharmacosiderite,Barium-pharmacosiderite,,
1542,1542,Barquillite,Barquillite,,
1543,1543,Barrerite,Barrerite,,
1544,1544,Barringerite,Barringerite,,
1545,1545,Barringtonite,Barringtonite,,
1546,1546,Barroisite,Barroisite,,
1547,1547,Barstowite,Barstowite,,
1548,1548,Bartelkeite,Bartelkeite,,
1549,1549,Bartonite,Bartonite,,
1550,1550,Barylite,Barylite,,
1551,1551,Barysilite,Barysilite,,
1552,1552,Barytocalcite,Barytocalcite,,
1553,1553,Barytolamprophyllite,Barytolamprophyllite,,
1554,1554,Basaluminite,Basaluminite,,
1555,1555,Bassanite,Bassanite,,
1556,1556,Bassetite,Bassetite,,
1557,1557,Bastnasite,Bastnasite,,
1558,1558,Bastnasite-(Ce),Bastnasite-(Ce),,
1559,1559,Bastnasite-(La),Bastnasite-(La),,
1560,1560,Bastnasite-(Y),Bastnasite-(Y),,
1561,1561,Batiferrite,Batiferrite,,
1562,1562,Batisite,Batisite,,
1563,1563,Baumhauerite,Baumhauerite,,
1564,1564,Baumhauerite-2a,Baumhauerite-2a,,
1565,1565,Baumite,Baumite,,
1566,1566,Baumstarkite,Baumstarkite,,
1567,1567,Bauranoite,Bauranoite,,
1568,1568,Bauxite(GeneralTerm),Bauxite(GeneralTerm),,
1569,1569,Bavenite,Bavenite,,
1570,1570,Bayankhanite,Bayankhanite,,
1571,1571,Bayerite,Bayerite,,
1572,1572,Bayldonite,Bayldonite,,
1573,1573,Bayleyite,Bayleyite,,
1574,1574,Baylissite,Baylissite,,
1575,1575,Bazhenovite,Bazhenovite,,
1576,1576,Bazirite,Bazirite,,
1577,1577,Bazzite,Bazzite,,
1578,1578,Bearsite,Bearsite,,
1579,1579,Bearthite,Bearthite,,
1580,1580,Beaverite,Beaverite,,
1581,1581,Bechererite,Bechererite,,
1582,1582,Becquerelite,Becquerelite,,
1583,1583,Bederite,Bederite,,
1584,1584,Behierite,Behierite,,
1585,1585,Behoite,Behoite,,
1586,1586,Beidellite,Beidellite,,
1587,1587,Belendorffite,Belendorffite,,
1588,1588,Belkovite,Belkovite,,
1589,1589,Bellbergite,Bellbergite,,
1590,1590,Cupalite,Cupalite,,
1591,1591,Cuprite,Cuprite,,
1592,1592,Cuprobismutite,Cuprobismutite,,
1593,1593,Cuprocopiapite,Cuprocopiapite,,
1594,1594,Cuproiridsite,Cuproiridsite,,
1595,1595,Cupropavonite,Cupropavonite,,
1596,1596,Cuprorhodsite,Cuprorhodsite,,
1597,1597,Cuprorivaite,Cuprorivaite,,
1598,1598,Cuprosklodowskite,Cuprosklodowskite,,
1599,1599,Cuprospinel,Cuprospinel,,
1600,1600,Cuprostibite,Cuprostibite,,
1601,1601,Cuprotungstite,Cuprotungstite,,
1602,1602,Curetonite,Curetonite,,
1603,1603,Curienite,Curienite,,
1604,1604,Curite,Curite,,
1605,1605,Cuspidine,Cuspidine,,
1606,1606,Cuzticite,Cuzticite,,
1607,1607,Cyanochroite,Cyanochroite,,
1608,1608,Cyanophillite,Cyanophillite,,
1609,1609,Cyanophyllite,Cyanophyllite,,
1610,1610,Cyanotrichite,Cyanotrichite,,
1611,1611,Cylindrite,Cylindrite,,
1612,1612,Cymrite,Cymrite,,
1613,1613,Cyrilovite,Cyrilovite,,
1614,1614,D'ansite,D'ansite,,
1615,1615,Dachiardite,Dachiardite,,
1616,1616,Dachiardite-Ca,Dachiardite-Ca,,
1617,1617,Dachiardite-Na,Dachiardite-Na,,
1618,1618,Dadsonite,Dadsonite,,
1619,1619,Dalyite,Dalyite,,
1620,1620,Damaraite,Damaraite,,
1621,1621,Damiaoite,Damiaoite,,
1622,1622,Danalite,Danalite,,
1623,1623,Danbaite,Danbaite,,
1624,1624,Danburite,Danburite,,
1625,1625,Danielsite,Danielsite,,
1626,1626,Dannemorite,Dannemorite,,
1627,1627,Daomanite,Daomanite,,
1628,1628,Daqingshanite-(Ce),Daqingshanite-(Ce),,
1629,1629,Darapiosite,Darapiosite,,
1630,1630,Darapskite,Darapskite,,
1631,1631,Dashkovaite,Dashkovaite,,
1632,1632,Datolite,Datolite,,
1633,1633,Daubreeite,Daubreeite,,
1634,1634,Daubreelite,Daubreelite,,
1635,1635,Davanite,Davanite,,
1636,1636,Davidite,Davidite,,
1637,1637,Davidite-(Ce),Davidite-(Ce),,
1638,1638,Davidite-(La),Davidite-(La),,
1639,1639,Davreuxite,Davreuxite,,
1640,1640,Davyne,Davyne,,
1641,1641,Dawsonite,Dawsonite,,
1642,1642,Creedite,Creedite,,
1643,1643,Deaccessioned,Deaccessioned,,
1644,1644,Deanesmithite,Deanesmithite,,
1645,1645,Decrespignyite-(Y),Decrespignyite-(Y),,
1646,1646,Deerite,Deerite,,
1647,1647,Defernite,Defernite,,
1648,1648,Delafossite,Delafossite,,
1649,1649,Delhayelite,Delhayelite,,
1650,1650,Deliensite,Deliensite,,
1651,1651,Delindeite,Delindeite,,
1652,1652,Dellaite,Dellaite,,
1653,1653,Deloneite-(Ce),Deloneite-(Ce),,
1654,1654,Olshanskyite,Olshanskyite,,
1655,1655,Olympite,Olympite,,
1656,1656,Omeiite,Omeiite,,
1657,1657,Omphacite,Omphacite,,
1658,1658,Oneillite,Oneillite,,
1659,1659,Onoratoite,Onoratoite,,
1660,1660,Oosterboschite,Oosterboschite,,
1661,1661,Opal,Opal,,
1662,1662,Orcelite,Orcelite,,
1663,1663,Ordonezite,Ordonezite,,
1664,1664,Oregonite,Oregonite,,
1665,1665,Orickite,Orickite,,
1666,1666,Orientite,Orientite,,
1667,1667,Orlandiite,Orlandiite,,
1668,1668,Orlymanite,Orlymanite,,
1669,1669,Orpheite,Orpheite,,
1670,1670,Orpiment,Orpiment,,
1671,1671,Orschallite,Orschallite,,
1672,1672,Orthobrannerite,Orthobrannerite,,
1673,1673,Orthochamosite,Orthochamosite,,
1674,1674,Orthochrysotile,Orthochrysotile,,
1675,1675,Orthoclase,Orthoclase,,
1676,1676,Orthoericssonite,Orthoericssonite,,
1677,1677,Orthojoaquinite-(Ce),Orthojoaquinite-(Ce),,
1678,1678,Orthojoaquinite-(La),Orthojoaquinite-(La),,
1679,1679,Orthopinakiolite,Orthopinakiolite,,
1680,1680,Orthoserpierite,Orthoserpierite,,
1681,1681,Orthowalpurgite,Orthowalpurgite,,
1682,1682,Osarizawaite,Osarizawaite,,
1683,1683,Osarsite,Osarsite,,
1684,1684,Osbornite,Osbornite,,
1685,1685,Osmiridium,Osmiridium,,
1686,1686,Osmium,Osmium,,
1687,1687,Osumilite,Osumilite,,
1688,1688,Osumilite-(Mg),Osumilite-(Mg),,
1689,1689,Oswaldpeetersite,Oswaldpeetersite,,
1690,1690,Otavite,Otavite,,
1691,1691,Otjisumeite,Otjisumeite,,
1692,1692,Ottemannite,Ottemannite,,
1693,1693,Ottrelite,Ottrelite,,
1694,1694,Otwayite,Otwayite,,
1695,1695,Oulankaite,Oulankaite,,
1696,1696,Ourayite,Ourayite,,
1697,1697,Oursinite,Oursinite,,
1698,1698,Overite,Overite,,
1699,1699,Owensite,Owensite,,
1700,1700,Owyheeite,Owyheeite,,
1701,1701,Oxammite,Oxammite,,
1702,1702,Oyelite,Oyelite,,
1703,1703,P-Veatchite,P-Veatchite,,
1704,1704,Pabstite,Pabstite,,
1705,1705,Pachnolite,Pachnolite,,
1706,1706,Paderaite,Paderaite,,
1707,1707,Padmaite,Padmaite,,
1708,1708,Paganoite,Paganoite,,
1709,1709,Pahasapaite,Pahasapaite,,
1710,1710,Painite,Painite,,
1711,1711,Palarstanide,Palarstanide,,
1712,1712,Palenzonaite,Palenzonaite,,
1713,1713,Palermoite,Palermoite,,
1714,1714,Palladium,Palladium,,
1715,1715,Palladoarsenide,Palladoarsenide,,
1716,1716,Palladobismutharsenide,Palladobismutharsenide,,
1717,1717,Palladodymite,Palladodymite,,
1718,1718,Palladseite,Palladseite,,
1719,1719,Palmierite,Palmierite,,
1720,1720,Palygorskite,Palygorskite,,
1721,1721,Panasqueiraite,Panasqueiraite,,
1722,1722,Panethite,Panethite,,
1723,1723,Panunzite,Panunzite,,
1724,1724,Paolovite,Paolovite,,
1725,1725,Papagoite,Papagoite,,
1726,1726,Para-alumohydrocalcite,Para-alumohydrocalcite,,
1727,1727,Parabariomicrolite,Parabariomicrolite,,
1728,1728,Parabrandtite,Parabrandtite,,
1729,1729,Parabutlerite,Parabutlerite,,
1730,1730,Paracelsian,Paracelsian,,
1731,1731,Parachrysotile,Parachrysotile,,
1732,1732,Paracoquimbite,Paracoquimbite,,
1733,1733,Paracostibite,Paracostibite,,
1734,1734,Paradamite,Paradamite,,
1735,1735,Paradocrasite,Paradocrasite,,
1736,1736,Parafransoletite,Parafransoletite,,
1737,1737,Paragonite,Paragonite,,
1738,1738,Paraguanajuatite,Paraguanajuatite,,
1739,1739,Parahopeite,Parahopeite,,
1740,1740,Parajamesonite,Parajamesonite,,
1741,1741,Parakeldyshite,Parakeldyshite,,
1742,1742,Parakhinite,Parakhinite,,
1743,1743,Paralaurionite,Paralaurionite,,
1744,1744,Paralstonite,Paralstonite,,
1745,1745,Paramelaconite,Paramelaconite,,
1746,1746,Paramendozavilite,Paramendozavilite,,
1747,1747,Paramontroseite,Paramontroseite,,
1748,1748,Paranatisite,Paranatisite,,
1749,1749,Paranatrolite,Paranatrolite,,
1750,1750,Paraniite-(Y),Paraniite-(Y),,
1751,1751,Paraotwayite,Paraotwayite,,
1752,1752,Parapierrotite,Parapierrotite,,
1753,1753,Pararammelsbergite,Pararammelsbergite,,
1754,1754,Pararealgar,Pararealgar,,
1755,1755,Pararobertsite,Pararobertsite,,
1756,1756,Paraschachnerite,Paraschachnerite,,
1757,1757,Paraschoepite,Paraschoepite,,
1758,1758,Parascholzite,Parascholzite,,
1759,1759,Parascorodite,Parascorodite,,
1760,1760,Parasibirskite,Parasibirskite,,
1761,1761,Paraspurrite,Paraspurrite,,
1762,1762,Parasymplesite,Parasymplesite,,
1763,1763,Paratacamite,Paratacamite,,
1764,1764,Paratellurite,Paratellurite,,
1765,1765,Paraumbite,Paraumbite,,
1766,1766,Paravauxite,Paravauxite,,
1767,1767,Pargasite,Pargasite,,
1768,1768,Parisite,Parisite,,
1769,1769,Parisite-(Ce),Parisite-(Ce),,
1770,1770,Parisite-(Nd),Parisite-(Nd),,
1771,1771,Parkerite,Parkerite,,
1772,1772,Parkinsonite,Parkinsonite,,
1773,1773,Parnauite,Parnauite,,
1774,1774,Parsettensite,Parsettensite,,
1775,1775,Parsonsite,Parsonsite,,
1776,1776,Partheite,Partheite,,
1777,1777,Partzite,Partzite,,
1778,1778,Parwanite,Parwanite,,
1779,1779,Parwelite,Parwelite,,
1780,1780,Pascoite,Pascoite,,
1781,1781,Patronite,Patronite,,
1782,1782,Paulingite,Paulingite,,
1783,1783,Paulingite-Ca,Paulingite-Ca,,
1784,1784,Paulingite-K,Paulingite-K,,
1785,1785,Paulkellerite,Paulkellerite,,
1786,1786,Paulkerrite,Paulkerrite,,
1787,1787,Paulmooreite,Paulmooreite,,
1788,1788,Pavonite,Pavonite,,
1789,1789,Paxite,Paxite,,
1790,1790,Pearceite,Pearceite,,
1791,1791,Pecoraite,Pecoraite,,
1792,1792,Pectolite,Pectolite,,
1793,1793,Pectolite-m2abc,Pectolite-m2abc,,
1794,1794,Pehrmanite,Pehrmanite,,
1795,1795,Doloresite,Doloresite,,
1796,1796,Domeykite,Domeykite,,
1797,1797,Donbassite,Donbassite,,
1798,1798,Donharrisite,Donharrisite,,
1799,1799,Donnayite-(Y),Donnayite-(Y),,
1800,1800,Donpeacorite,Donpeacorite,,
1801,1801,Dorallcharite,Dorallcharite,,
1802,1802,Dorfmanite,Dorfmanite,,
1803,1803,Dorrite,Dorrite,,
1804,1804,Douglasite,Douglasite,,
1805,1805,Downeyite,Downeyite,,
1806,1806,Doyleite,Doyleite,,
1807,1807,Dozyite,Dozyite,,
1808,1808,Dravite,Dravite,,
1809,1809,Dresserite,Dresserite,,
1810,1810,Dreyerite,Dreyerite,,
1811,1811,Drugmanite,Drugmanite,,
1812,1812,Drysdallite,Drysdallite,,
1813,1813,Dufrenite,Dufrenite,,
1814,1814,Dufrenoysite,Dufrenoysite,,
1815,1815,Duftite,Duftite,,
1816,1816,Dugganite,Dugganite,,
1817,1817,Duhamelite,Duhamelite,,
1818,1818,Dukeite,Dukeite,,
1819,1819,Dumontite,Dumontite,,
1820,1820,Dumortierite,Dumortierite,,
1821,1821,Dundasite,Dundasite,,
1822,1822,Durangite,Durangite,,
1823,1823,Duranusite,Duranusite,,
1824,1824,Dusmatovite,Dusmatovite,,
1825,1825,Dussertite,Dussertite,,
1826,1826,Duttonite,Duttonite,,
1827,1827,Dwornikite,Dwornikite,,
1828,1828,Dypingite,Dypingite,,
1829,1829,Dyscrasite,Dyscrasite,,
1830,1830,Dzhalindite,Dzhalindite,,
1831,1831,Dzharkenite,Dzharkenite,,
1832,1832,Eakerite,Eakerite,,
1833,1833,Earlandite,Earlandite,,
1834,1834,Earlshannonite,Earlshannonite,,
1835,1835,Eastonite,Eastonite,,
1836,1836,Ecandrewsite,Ecandrewsite,,
1837,1837,Ecdemite,Ecdemite,,
1838,1838,Eckermannite,Eckermannite,,
1839,1839,Eclarite,Eclarite,,
1840,1840,Edenharterite,Edenharterite,,
1841,1841,Edenite,Edenite,,
1842,1842,Edgarbaileyite,Edgarbaileyite,,
1843,1843,Edgarite,Edgarite,,
1844,1844,Edingtonite,Edingtonite,,
1845,1845,Edoylerite,Edoylerite,,
1846,1846,Effenbergerite,Effenbergerite,,
1847,1847,Efremovite,Efremovite,,
1848,1848,Eggletonite,Eggletonite,,
1849,1849,Eglestonite,Eglestonite,,
1850,1850,Ehrleite,Ehrleite,,
1851,1851,Eifelite,Eifelite,,
1852,1852,Eitelite,Eitelite,,
1853,1853,Ekanite,Ekanite,,
1854,1854,Ekaterinite,Ekaterinite,,
1855,1855,Ekatite,Ekatite,,
1856,1856,Elbaite,Elbaite,,
1857,1857,Electrum,Electrum,,
1858,1858,Ellenbergerite,Ellenbergerite,,
1859,1859,EllestaditeSeries,EllestaditeSeries,,
1860,1860,Ellisite,Ellisite,,
1861,1861,Elpasolite,Elpasolite,,
1862,1862,Elpidite,Elpidite,,
1863,1863,Elyite,Elyite,,
1864,1864,Embreyite,Embreyite,,
1865,1865,Emeleusite,Emeleusite,,
1866,1866,Emmonsite,Emmonsite,,
1867,1867,Emplectite,Emplectite,,
1868,1868,Empressite,Empressite,,
1869,1869,Enargite,Enargite,,
1870,1870,Endellite,Endellite,,
1871,1871,Englishite,Englishite,,
1872,1872,Enstatite,Enstatite,,
1873,1873,Eosphorite,Eosphorite,,
1874,1874,Ephesite,Ephesite,,
1875,1875,Epididymite,Epididymite,,
1876,1876,Epidote,Epidote,,
1877,1877,Epistilbite,Epistilbite,,
1878,1878,Epistolite,Epistolite,,
1879,1879,Epsomite,Epsomite,,
1880,1880,Ercitite,Ercitite,,
1881,1881,Erdite,Erdite,,
1882,1882,Ericaite,Ericaite,,
1883,1883,Ericssonite,Ericssonite,,
1884,1884,Eriochalcite,Eriochalcite,,
1885,1885,Erionite,Erionite,,
1886,1886,Erionite-Ca,Erionite-Ca,,
1887,1887,Erionite-K,Erionite-K,,
1888,1888,Erionite-Na,Erionite-Na,,
1889,1889,Erlianite,Erlianite,,
1890,1890,Erlichmanite,Erlichmanite,,
1891,1891,Ernienickelite,Ernienickelite,,
1892,1892,Erniggliite,Erniggliite,,
1893,1893,Ernigglite,Ernigglite,,
1894,1894,Ernstite,Ernstite,,
1895,1895,Ershovite,Ershovite,,
1896,1896,Ertixiite,Ertixiite,,
1897,1897,Erythrite,Erythrite,,
1898,1898,Erythrosiderite,Erythrosiderite,,
1899,1899,Eskebornite,Eskebornite,,
1900,1900,Eskimoite,Eskimoite,,
1901,1901,Eskolaite,Eskolaite,,
1902,1902,Esperanzaite,Esperanzaite,,
1903,1903,Esperite,Esperite,,
1904,1904,Esseneite,Esseneite,,
1905,1905,Ettringite,Ettringite,,
1906,1906,Eucairite,Eucairite,,
1907,1907,Euchlorine,Euchlorine,,
1908,1908,Euchroite,Euchroite,,
1909,1909,Euclase,Euclase,,
1910,1910,Eucryptite,Eucryptite,,
1911,1911,Eudialyte,Eudialyte,,
1912,1912,Eudidymite,Eudidymite,,
1913,1913,Eugenite,Eugenite,,
1914,1914,Eugsterite,Eugsterite,,
1915,1915,Eulytite,Eulytite,,
1916,1916,Euxenite-(Y),Euxenite-(Y),,
1917,1917,Evansite,Evansite,,
1918,1918,Eveite,Eveite,,
1919,1919,Evenkite,Evenkite,,
1920,1920,Ewaldite,Ewaldite,,
1921,1921,Eylettersite,Eylettersite,,
1922,1922,Ezcurrite,Ezcurrite,,
1923,1923,Eztlite,Eztlite,,
1924,1924,F-K-magnesio-arfvedsonite,F-K-magnesio-arfvedsonite,,
1925,1925,Fabianite,Fabianite,,
1926,1926,Faheyite,Faheyite,,
1927,1927,Fahleite,Fahleite,,
1928,1928,Fairbankite,Fairbankite,,
1929,1929,Fairchildite,Fairchildite,,
1930,1930,Fairfieldite,Fairfieldite,,
1931,1931,Falcondoite,Falcondoite,,
1932,1932,Falkmanite,Falkmanite,,
1933,1933,Famatinite,Famatinite,,
1934,1934,Fangite,Fangite,,
1935,1935,Farringtonite,Farringtonite,,
1936,1936,Faujasite,Faujasite,,
1937,1937,Faujasite-Ca,Faujasite-Ca,,
1938,1938,Faujasite-Mg,Faujasite-Mg,,
1939,1939,Faujasite-Na,Faujasite-Na,,
1940,1940,Faustite,Faustite,,
1941,1941,Fayalite,Fayalite,,
1942,1942,Fedorite,Fedorite,,
1943,1943,Fedorovskite,Fedorovskite,,
1944,1944,Fedotovite,Fedotovite,,
1945,1945,Feinglosite,Feinglosite,,
1946,1946,Feitknechtite,Feitknechtite,,
1947,1947,FeldsparGroup,FeldsparGroup,,
1948,1948,Felsobanyaite,Felsobanyaite,,
1949,1949,Fenaksite,Fenaksite,,
1950,1950,Ferberite,Ferberite,,
1951,1951,Ferchromide,Ferchromide,,
1952,1952,Ferdisilicite,Ferdisilicite,,
1953,1953,Fergusonite,Fergusonite,,
1954,1954,Fergusonite-(Ce),Fergusonite-(Ce),,
1955,1955,Fergusonite-(Nd),Fergusonite-(Nd),,
1956,1956,Fergusonite-(Y),Fergusonite-(Y),,
1957,1957,Fergusonite-beta,Fergusonite-beta,,
1958,1958,Fergusonite-beta-(Ce),Fergusonite-beta-(Ce),,
1959,1959,Fergusonite-beta-(Nd),Fergusonite-beta-(Nd),,
1960,1960,Fergusonite-beta-(Y),Fergusonite-beta-(Y),,
1961,1961,Fermorite,Fermorite,,
1962,1962,Fernandinite,Fernandinite,,
1963,1963,Feroxyhyte,Feroxyhyte,,
1964,1964,Ferrarisite,Ferrarisite,,
1965,1965,Ferri-annite,Ferri-annite,,
1966,1966,Ferri-barroisite,Ferri-barroisite,,
1967,1967,Ferri-clinoholmquistite,Ferri-clinoholmquistite,,
1968,1968,Ferricopiapite,Ferricopiapite,,
1969,1969,Ferrierite,Ferrierite,,
1970,1970,Ferrierite-K,Ferrierite-K,,
1971,1971,Ferrierite-Mg,Ferrierite-Mg,,
1972,1972,Ferrierite-Na,Ferrierite-Na,,
1973,1973,Ferrihydrite,Ferrihydrite,,
1974,1974,Ferrikatophorite,Ferrikatophorite,,
1975,1975,Ferrilotharmeyerite,Ferrilotharmeyerite,,
1976,1976,Ferrimolybdite,Ferrimolybdite,,
1977,1977,Ferrinatrite,Ferrinatrite,,
1978,1978,Ferripedrdizite,Ferripedrdizite,,
1979,1979,Ferripyrophyllite,Ferripyrophyllite,,
1980,1980,Ferrisicklerite,Ferrisicklerite,,
1981,1981,Ferristrunzite,Ferristrunzite,,
1982,1982,Ferrisurite,Ferrisurite,,
1983,1983,Ferrisymplesite,Ferrisymplesite,,
1984,1984,Ferritungstite,Ferritungstite,,
1985,1985,Ferro-actinolite,Ferro-actinolite,,
1986,1986,Ferro-alluaudite,Ferro-alluaudite,,
1987,1987,Ferro-aluminoceladonite,Ferro-aluminoceladonite,,
1988,1988,Ferro-anthophyllite,Ferro-anthophyllite,,
1989,1989,Ferro-axinite,Ferro-axinite,,
1990,1990,Crerarite,Crerarite,,
1991,1991,Ferro-eckermannite,Ferro-eckermannite,,
1992,1992,Ferro-edenite,Ferro-edenite,,
1993,1993,Ferroaluminoceladonite,Ferroaluminoceladonite,,
1994,1994,Ferrobarroisite,Ferrobarroisite,,
1995,1995,Ferrobustamite,Ferrobustamite,,
1996,1996,Ferrocarpholite,Ferrocarpholite,,
1997,1997,Ferroceladonite,Ferroceladonite,,
1998,1998,Ferrocolumbite,Ferrocolumbite,,
1999,1999,Ferrogedrite,Ferrogedrite,,
2000,2000,Ferroglaucophane,Ferroglaucophane,,
2001,2001,Ferrohexahydrite,Ferrohexahydrite,,
2002,2002,Ferroholmquistite,Ferroholmquistite,,
2003,2003,Ferrohornblende,Ferrohornblende,,
2004,2004,Ferrokaersutite,Ferrokaersutite,,
2005,2005,Ferrokesterite,Ferrokesterite,,
2006,2006,Ferrokinoshitalite,Ferrokinoshitalite,,
2007,2007,Ferronickelplatinum,Ferronickelplatinum,,
2008,2008,Ferronordite-(Ce),Ferronordite-(Ce),,
2009,2009,Ferropargasite,Ferropargasite,,
2010,2010,Ferropyrosmalite,Ferropyrosmalite,,
2011,2011,Ferrorhodsite,Ferrorhodsite,,
2012,2012,Ferrorichterite,Ferrorichterite,,
2013,2013,Ferroselite,Ferroselite,,
2014,2014,Ferrosilite,Ferrosilite,,
2015,2015,Ferrostrunzite,Ferrostrunzite,,
2016,2016,Ferrotantalite,Ferrotantalite,,
2017,2017,Ferrotapiolite,Ferrotapiolite,,
2018,2018,Ferrotitanowodginite,Ferrotitanowodginite,,
2019,2019,Ferrotschermakite,Ferrotschermakite,,
2020,2020,Ferrotychite,Ferrotychite,,
2021,2021,Ferrowinchite,Ferrowinchite,,
2022,2022,Ferrowodginite,Ferrowodginite,,
2023,2023,Ferrowyllieite,Ferrowyllieite,,
2024,2024,Ferruccite,Ferruccite,,
2025,2025,Fersilicite,Fersilicite,,
2026,2026,Fersmanite,Fersmanite,,
2027,2027,Fersmite,Fersmite,,
2028,2028,Feruvite,Feruvite,,
2029,2029,Fervanite,Fervanite,,
2030,2030,Fetiasite,Fetiasite,,
2031,2031,Fettelite,Fettelite,,
2032,2032,Fianelite,Fianelite,,
2033,2033,Fibroferrite,Fibroferrite,,
2034,2034,Fichtelite,Fichtelite,,
2035,2035,Fiedlerite,Fiedlerite,,
2036,2036,Fiedlerite-2m,Fiedlerite-2m,,
2037,2037,Filipstadite,Filipstadite,,
2038,2038,Fillowite,Fillowite,,
2039,2039,Fingerite,Fingerite,,
2040,2040,Finnemanite,Finnemanite,,
2041,2041,Fischesserite,Fischesserite,,
2042,2042,Fizelyite,Fizelyite,,
2043,2043,Flagstaffite,Flagstaffite,,
2044,2044,Fleischerite,Fleischerite,,
2045,2045,Fletcherite,Fletcherite,,
2046,2046,Flinkite,Flinkite,,
2047,2047,Florencite,Florencite,,
2048,2048,Florencite-(Ce),Florencite-(Ce),,
2049,2049,Florencite-(La),Florencite-(La),,
2050,2050,Florencite-(Nd),Florencite-(Nd),,
2051,2051,Florenskyite,Florenskyite,,
2052,2052,Florensovite,Florensovite,,
2053,2053,Fluckite,Fluckite,,
2054,2054,Fluellite,Fluellite,,
2055,2055,Fluoborite,Fluoborite,,
2056,2056,Fluocerite,Fluocerite,,
2057,2057,Fluocerite-(Ce),Fluocerite-(Ce),,
2058,2058,Fluocerite-(La),Fluocerite-(La),,
2059,2059,Fluor-cannilloite,Fluor-cannilloite,,
2060,2060,Fluor-ferro-leakeite,Fluor-ferro-leakeite,,
2061,2061,Fluorannite,Fluorannite,,
2062,2062,Fluorapatite,Fluorapatite,,
2063,2063,Fluorapophyllite,Fluorapophyllite,,
2064,2064,Fluorbritholite-(Ce),Fluorbritholite-(Ce),,
2065,2065,Fluorcaphite,Fluorcaphite,,
2066,2066,Fluorellestadite,Fluorellestadite,,
2067,2067,Fluorite,Fluorite,,
2068,2068,Fluoro-edenite,Fluoro-edenite,,
2069,2069,Fluoro-ferroleakeite,Fluoro-ferroleakeite,,
2070,2070,Fluoro-magnesio-arfvedsonite,Fluoro-magnesio-arfvedsonite,,
2071,2071,Fluorocannilloite,Fluorocannilloite,,
2072,2072,Fluororichterite,Fluororichterite,,
2073,2073,Fluorrichterite,Fluorrichterite,,
2074,2074,Fluorthalenite-(Y),Fluorthalenite-(Y),,
2075,2075,Foggite,Foggite,,
2076,2076,Meyerhofferite,Meyerhofferite,,
2077,2077,Meymacite,Meymacite,,
2078,2078,Mgriite,Mgriite,,
2079,2079,Miargyrite,Miargyrite,,
2080,2080,MicaGroup,MicaGroup,,
2081,2081,Micheelsenite,Micheelsenite,,
2082,2082,Michenerite,Michenerite,,
2083,2083,Microcline,Microcline,,
2084,2084,Microlite,Microlite,,
2085,2085,Microsommite,Microsommite,,
2086,2086,Miersite,Miersite,,
2087,2087,Miharaite,Miharaite,,
2088,2088,Mikasaite,Mikasaite,,
2089,2089,Milarite,Milarite,,
2090,2090,Millerite,Millerite,,
2091,2091,Millisite,Millisite,,
2092,2092,Millosevichite,Millosevichite,,
2093,2093,Mimetite,Mimetite,,
2094,2094,Minamiite,Minamiite,,
2095,2095,Minasgeraisite-(Y),Minasgeraisite-(Y),,
2096,2096,Minasragrite,Minasragrite,,
2097,2097,Mineevite-(Y),Mineevite-(Y),,
2098,2098,Minehillite,Minehillite,,
2099,2099,Mineral-A,Mineral-A,,
2100,2100,Minguzzite,Minguzzite,,
2101,2101,Minium,Minium,,
2102,2102,Minnesotaite,Minnesotaite,,
2103,2103,Minrecordite,Minrecordite,,
2104,2104,Minyulite,Minyulite,,
2105,2105,Mirabilite,Mirabilite,,
2106,2106,Misenite,Misenite,,
2107,2107,Miserite,Miserite,,
2108,2108,Mitridatite,Mitridatite,,
2109,2109,Mitryaevaite,Mitryaevaite,,
2110,2110,Mitscherlichite,Mitscherlichite,,
2111,2111,Mixite,Mixite,,
2112,2112,Moctezumite,Moctezumite,,
2113,2113,Modderite,Modderite,,
2114,2114,Mohite,Mohite,,
2115,2115,Mohrite,Mohrite,,
2116,2116,Moissanite,Moissanite,,
2117,2117,Moissanite-6h,Moissanite-6h,,
2118,2118,Moldavite,Moldavite,,
2119,2119,Moluranite,Moluranite,,
2120,2120,Molybdenite,Molybdenite,,
2121,2121,Molybdenite-2h,Molybdenite-2h,,
2122,2122,Molybdenite-3R,Molybdenite-3R,,
2123,2123,Molybdite,Molybdite,,
2124,2124,Molybdofornacite,Molybdofornacite,,
2125,2125,Molybdomenite,Molybdomenite,,
2126,2126,Molybdophyllite,Molybdophyllite,,
2127,2127,Molysite,Molysite,,
2128,2128,Monazite-(Ce),Monazite-(Ce),,
2129,2129,Monazite-(La),Monazite-(La),,
2130,2130,Monazite-(Nd),Monazite-(Nd),,
2131,2131,Moncheite,Moncheite,,
2132,2132,Monetite,Monetite,,
2133,2133,Mongolite,Mongolite,,
2134,2134,Monimolite,Monimolite,,
2135,2135,Monohydrocalcite,Monohydrocalcite,,
2136,2136,Monsmedite,Monsmedite,,
2137,2137,Montanite,Montanite,,
2138,2138,Montbrayite,Montbrayite,,
2139,2139,Montdorite,Montdorite,,
2140,2140,Montebrasite,Montebrasite,,
2141,2141,Monteponite,Monteponite,,
2142,2142,Monteregianite-(Y),Monteregianite-(Y),,
2143,2143,Montesommaite,Montesommaite,,
2144,2144,Montgomeryite,Montgomeryite,,
2145,2145,Monticellite,Monticellite,,
2146,2146,Montmorillonite,Montmorillonite,,
2147,2147,Montroseite,Montroseite,,
2148,2148,Montroyalite,Montroyalite,,
2149,2149,Montroydite,Montroydite,,
2150,2150,Mooihoekite,Mooihoekite,,
2151,2151,Moolooite,Moolooite,,
2152,2152,Mooreite,Mooreite,,
2153,2153,Moorhouseite,Moorhouseite,,
2154,2154,Mopungite,Mopungite,,
2155,2155,Moraesite,Moraesite,,
2156,2156,Mordenite,Mordenite,,
2157,2157,Moreauite,Moreauite,,
2158,2158,Morelandite,Morelandite,,
2159,2159,Morenosite,Morenosite,,
2160,2160,Morimotoite,Morimotoite,,
2161,2161,Morinite,Morinite,,
2162,2162,Morozeviczite,Morozeviczite,,
2163,2163,Mosandrite,Mosandrite,,
2164,2164,Moschelite,Moschelite,,
2165,2165,Moschellandsbergite,Moschellandsbergite,,
2166,2166,Mosesite,Mosesite,,
2167,2167,Mottramite,Mottramite,,
2168,2168,Motukoreaite,Motukoreaite,,
2169,2169,Mounanaite,Mounanaite,,
2170,2170,Mountainite,Mountainite,,
2171,2171,Mountkeithite,Mountkeithite,,
2172,2172,Mourite,Mourite,,
2173,2173,Moydite-(Y),Moydite-(Y),,
2174,2174,Mozartite,Mozartite,,
2175,2175,Mozgovaite,Mozgovaite,,
2176,2176,Mpororoite,Mpororoite,,
2177,2177,Mrazekite,Mrazekite,,
2178,2178,Mroseite,Mroseite,,
2180,2180,Muirite,Muirite,,
2181,2181,Mukhinite,Mukhinite,,
2182,2182,Mullite,Mullite,,
2183,2183,Mummeite,Mummeite,,
2184,2184,Mundite,Mundite,,
2185,2185,Mundrabillaite,Mundrabillaite,,
2186,2186,Munirite,Munirite,,
2187,2187,Murataite,Murataite,,
2188,2188,Murdochite,Murdochite,,
2189,2189,Murmanite,Murmanite,,
2190,2190,Murunskite,Murunskite,,
2191,2191,Muscovite,Muscovite,,
2192,2192,Musgravite,Musgravite,,
2193,2193,Mushistonite,Mushistonite,,
2194,2194,Muskoxite,Muskoxite,,
2195,2195,Muthmannite,Muthmannite,,
2196,2196,Mutinaite,Mutinaite,,
2197,2197,Makinenite,Makinenite,,
2198,2198,Muckeite,Muckeite,,
2199,2199,Na-komarovite,Na-komarovite,,
2200,2200,Nabaphite,Nabaphite,,
2201,2201,Nabesite,Nabesite,,
2202,2202,Nabiasite,Nabiasite,,
2203,2203,Nabokoite,Nabokoite,,
2204,2204,Nacaphite,Nacaphite,,
2205,2205,Nacareniobsite-(Ce),Nacareniobsite-(Ce),,
2206,2206,Nacrite,Nacrite,,
2207,2207,Nadorite,Nadorite,,
2208,2208,Nafertisite,Nafertisite,,
2209,2209,Nagashimalite,Nagashimalite,,
2210,2210,Nagelschmidtite,Nagelschmidtite,,
2211,2211,Nagyagite,Nagyagite,,
2212,2212,Nahcolite,Nahcolite,,
2213,2213,Nahpoite,Nahpoite,,
2214,2214,Nakauriite,Nakauriite,,
2215,2215,Nalipoite,Nalipoite,,
2216,2216,Namansilite,Namansilite,,
2217,2217,Nambulite,Nambulite,,
2218,2218,Namibite,Namibite,,
2219,2219,Namuwite,Namuwite,,
2220,2220,Nanlingite,Nanlingite,,
2221,2221,Meurigite,Meurigite,,
2222,2222,Nanpingite,Nanpingite,,
2223,2223,Nantokite,Nantokite,,
2224,2224,Narsarsukite,Narsarsukite,,
2225,2225,Nasinite,Nasinite,,
2226,2226,Nasledovite,Nasledovite,,
2227,2227,Nasonite,Nasonite,,
2228,2228,Nastrophite,Nastrophite,,
2229,2229,Natalyite,Natalyite,,
2230,2230,Natanite,Natanite,,
2231,2231,Natisite,Natisite,,
2232,2232,Natrite,Natrite,,
2233,2233,Natroalunite,Natroalunite,,
2234,2234,Natroapophyllite,Natroapophyllite,,
2235,2235,Natrobistantite,Natrobistantite,,
2236,2236,Natrochalcite,Natrochalcite,,
2237,2237,Natrodufrenite,Natrodufrenite,,
2238,2238,Natrofairchildite,Natrofairchildite,,
2239,2239,Natrojarosite,Natrojarosite,,
2240,2240,Natrolite,Natrolite,,
2241,2241,Natromontebrasite,Natromontebrasite,,
2242,2242,Natron,Natron,,
2243,2243,Natronambulite,Natronambulite,,
2244,2244,Natroniobite,Natroniobite,,
2245,2245,Natrophilite,Natrophilite,,
2246,2246,Natrophosphate,Natrophosphate,,
2247,2247,Natrosilite,Natrosilite,,
2248,2248,Natrotantite,Natrotantite,,
2249,2249,Natroxalate,Natroxalate,,
2250,2250,Naujakasite,Naujakasite,,
2251,2251,Naumannite,Naumannite,,
2252,2252,Navajoite,Navajoite,,
2253,2253,Nchwaningite,Nchwaningite,,
2254,2254,Nealite,Nealite,,
2255,2255,Nefedovite,Nefedovite,,
2256,2256,Neighborite,Neighborite,,
2257,2257,Nekoite,Nekoite,,
2258,2258,Nekrasovite,Nekrasovite,,
2259,2259,Nelenite,Nelenite,,
2260,2260,Neltnerite,Neltnerite,,
2261,2261,Nenadkevichite,Nenadkevichite,,
2262,2262,Neotocite,Neotocite,,
2263,2263,Nepheline,Nepheline,,
2264,2264,Nepouite,Nepouite,,
2265,2265,Nepskoeite,Nepskoeite,,
2266,2266,Neptunite,Neptunite,,
2267,2267,Nesquehonite,Nesquehonite,,
2268,2268,Nevadaite,Nevadaite,,
2269,2269,Nevskite,Nevskite,,
2270,2270,Newberyite,Newberyite,,
2271,2271,Neyite,Neyite,,
2272,2272,Nezilovite,Nezilovite,,
2273,2273,Niahite,Niahite,,
2274,2274,Nichromite,Nichromite,,
2275,2275,Nickel,Nickel,,
2276,2276,Nickel-boussingaultite,Nickel-boussingaultite,,
2277,2277,Nickel-boussingualtite,Nickel-boussingualtite,,
2278,2278,Nickel-hexahydrite,Nickel-hexahydrite,,
2279,2279,Nickel-iron(GeneralTerm),Nickel-iron(GeneralTerm),,
2280,2280,Nickel-skutterudite,Nickel-skutterudite,,
2281,2281,Nickel-zippeite,Nickel-zippeite,,
2282,2282,Nickelalumite,Nickelalumite,,
2283,2283,Nickelaustinite,Nickelaustinite,,
2284,2284,Nickelbischofite,Nickelbischofite,,
2285,2285,Nickelblodite,Nickelblodite,,
2286,2286,Nickelhexahydrite,Nickelhexahydrite,,
2287,2287,Nickeline,Nickeline,,
2288,2288,Nickelphosphide,Nickelphosphide,,
2289,2289,Nickenichite,Nickenichite,,
2290,2290,Niedermayrite,Niedermayrite,,
2291,2291,Nierite,Nierite,,
2292,2292,Nifontovite,Nifontovite,,
2293,2293,Nigerite,Nigerite,,
2294,2294,Niggliite,Niggliite,,
2295,2295,Nikischerite,Nikischerite,,
2296,2296,Nimite,Nimite,,
2297,2297,Ningyoite,Ningyoite,,
2298,2298,Niningerite,Niningerite,,
2299,2299,Niobo-aeschynite,Niobo-aeschynite,,
2300,2300,Niobo-aeschynite-(Ce),Niobo-aeschynite-(Ce),,
2301,2301,Niobo-aeschynite-(Nd),Niobo-aeschynite-(Nd),,
2302,2302,Niobocarbide,Niobocarbide,,
2303,2303,Niobokupletskite,Niobokupletskite,,
2304,2304,Niobophyllite,Niobophyllite,,
2305,2305,Niocalite,Niocalite,,
2306,2306,Nisbite,Nisbite,,
2307,2307,Nissonite,Nissonite,,
2308,2308,Niter,Niter,,
2309,2309,Nitratine,Nitratine,,
2310,2310,Nitrobarite,Nitrobarite,,
2311,2311,Nitrocalcite,Nitrocalcite,,
2312,2312,Nitromagnesite,Nitromagnesite,,
2313,2313,Nobleite,Nobleite,,
2314,2314,Nolanite,Nolanite,,
2315,2315,Nontronite,Nontronite,,
2316,2316,Norbergite,Norbergite,,
2317,2317,Nordenskioeldine,Nordenskioeldine,,
2318,2318,Nordenskioldine,Nordenskioldine,,
2319,2319,Nordite,Nordite,,
2320,2320,Nordite-(Ce),Nordite-(Ce),,
2321,2321,Nordite-(La),Nordite-(La),,
2322,2322,Nordstrandite,Nordstrandite,,
2323,2323,Nordstromite,Nordstromite,,
2324,2324,Normandite,Normandite,,
2325,2325,Norrishite,Norrishite,,
2326,2326,Norsethite,Norsethite,,
2327,2327,Northupite,Northupite,,
2328,2328,Nosean,Nosean,,
2329,2329,Novacekite,Novacekite,,
2330,2330,Novakite,Novakite,,
2331,2331,Nowackiite,Nowackiite,,
2332,2332,Noalbensonite,Noalbensonite,,
2333,2333,Noelbensonite,Noelbensonite,,
2334,2334,Nsutite,Nsutite,,
2335,2335,Nuffieldite,Nuffieldite,,
2336,2336,Nukundamite,Nukundamite,,
2337,2337,Nullaginite,Nullaginite,,
2338,2338,Nyboite,Nyboite,,
2339,2339,Nyerereite,Nyerereite,,
2340,2340,O'danielite,O'danielite,,
2341,2341,Obertiite,Obertiite,,
2342,2342,Oboyerite,Oboyerite,,
2343,2343,Obradovicite,Obradovicite,,
2344,2344,Odinite,Odinite,,
2345,2345,Odinite-1m,Odinite-1m,,
2346,2346,Odintsovite,Odintsovite,,
2347,2347,Oenite,Oenite,,
2348,2348,Offretite,Offretite,,
2349,2349,Ogdensburgite,Ogdensburgite,,
2350,2350,Ohmilite,Ohmilite,,
2351,2351,Ojuelaite,Ojuelaite,,
2352,2352,Okanoganite-(Y),Okanoganite-(Y),,
2353,2353,Okayamalite,Okayamalite,,
2354,2354,Okenite,Okenite,,
2355,2355,Okhotskite,Okhotskite,,
2356,2356,Oldhamite,Oldhamite,,
2357,2357,Olekminskite,Olekminskite,,
2358,2358,Olenite,Olenite,,
2359,2359,Olgite,Olgite,,
2360,2360,Oligoclase,Oligoclase,,
2361,2361,Olivenite,Olivenite,,
2362,2362,OlivineSeries,OlivineSeries,,
2363,2363,Olkhonskite,Olkhonskite,,
2364,2364,Olmsteadite,Olmsteadite,,
2365,2365,Olsacherite,Olsacherite,,
2366,2366,Litharge,Litharge,,
2367,2367,Lithiomarsturite,Lithiomarsturite,,
2368,2368,Lithiophilite,Lithiophilite,,
2369,2369,Lithiophorite,Lithiophorite,,
2370,2370,Lithiophosphate,Lithiophosphate,,
2371,2371,Lithiotantite,Lithiotantite,,
2372,2372,Lithiowodginite,Lithiowodginite,,
2373,2373,Lithosite,Lithosite,,
2374,2374,Litidionite,Litidionite,,
2375,2375,Litvinskite,Litvinskite,,
2376,2376,Liveingite,Liveingite,,
2377,2377,Livingstonite,Livingstonite,,
2378,2378,Lizardite,Lizardite,,
2379,2379,Lizardite-1t,Lizardite-1t,,
2380,2380,Lokkaite-(Y),Lokkaite-(Y),,
2381,2381,Lomonosovite,Lomonosovite,,
2382,2382,Londonite,Londonite,,
2383,2383,Lonecreekite,Lonecreekite,,
2384,2384,Lonsdaleite,Lonsdaleite,,
2385,2385,Loparite-(Ce),Loparite-(Ce),,
2386,2386,Lopezite,Lopezite,,
2387,2387,Lorandite,Lorandite,,
2388,2388,Loranskite-(Y),Loranskite-(Y),,
2389,2389,Lorenzenite,Lorenzenite,,
2390,2390,Loseyite,Loseyite,,
2391,2391,Lotharmeyerite,Lotharmeyerite,,
2392,2392,Loudounite,Loudounite,,
2393,2393,Loughlinite,Loughlinite,,
2394,2394,Lourenswalsite,Lourenswalsite,,
2395,2395,Lovdarite,Lovdarite,,
2396,2396,Loveringite,Loveringite,,
2397,2397,Lovozerite,Lovozerite,,
2398,2398,Luanheite,Luanheite,,
2399,2399,Luberoite,Luberoite,,
2400,2400,Lucasite-(Ce),Lucasite-(Ce),,
2401,2401,Luddenite,Luddenite,,
2402,2402,Ludjibaite,Ludjibaite,,
2403,2403,Ludlamite,Ludlamite,,
2404,2404,Ludlockite,Ludlockite,,
2405,2405,Ludwigite,Ludwigite,,
2406,2406,Lueshite,Lueshite,,
2407,2407,Luetheite,Luetheite,,
2408,2408,Lukechangite-(Ce),Lukechangite-(Ce),,
2409,2409,Lulzacite,Lulzacite,,
2410,2410,Lun'okite,Lun'okite,,
2411,2411,Lunijianlaite,Lunijianlaite,,
2412,2412,Lunsokite,Lunsokite,,
2413,2413,Luzonite,Luzonite,,
2414,2414,Lyonsite,Lyonsite,,
2416,2416,Lollingite,Lollingite,,
2417,2417,Loweite,Loweite,,
2418,2418,Luneburgite,Luneburgite,,
2419,2419,Macaulayite,Macaulayite,,
2420,2420,Macdonaldite,Macdonaldite,,
2421,2421,Macedonite,Macedonite,,
2422,2422,Macfallite,Macfallite,,
2423,2423,Machatschkiite,Machatschkiite,,
2424,2424,Mackayite,Mackayite,,
2425,2425,Mackinawite,Mackinawite,,
2426,2426,Macphersonite,Macphersonite,,
2427,2427,Macquartite,Macquartite,,
2428,2428,Madocite,Madocite,,
2429,2429,Magadiite,Magadiite,,
2430,2430,Magbasite,Magbasite,,
2431,2431,Maghagendorfite,Maghagendorfite,,
2432,2432,Maghemite,Maghemite,,
2433,2433,Magnesio-anthophyllite,Magnesio-anthophyllite,,
2434,2434,Magnesio-arfvedsonite,Magnesio-arfvedsonite,,
2435,2435,Magnesio-axinite,Magnesio-axinite,,
2436,2436,Magnesioaubertite,Magnesioaubertite,,
2437,2437,Magnesiocarpholite,Magnesiocarpholite,,
2438,2438,Magnesiochloritoid,Magnesiochloritoid,,
2439,2439,Magnesiochromite,Magnesiochromite,,
2440,2440,Magnesioclinoholmquistite,Magnesioclinoholmquistite,,
2441,2441,Magnesiocopiapite,Magnesiocopiapite,,
2442,2442,Magnesiocoulsonite,Magnesiocoulsonite,,
2443,2443,Magnesiocummingtonite,Magnesiocummingtonite,,
2444,2444,Magnesiodumortierite,Magnesiodumortierite,,
2445,2445,Magnesioferrite,Magnesioferrite,,
2446,2446,Deloryite,Deloryite,,
2447,2447,Magnesiofoitite,Magnesiofoitite,,
2448,2448,Magnesiohastingsite,Magnesiohastingsite,,
2449,2449,Magnesiohornblende,Magnesiohornblende,,
2450,2450,Magnesiohulsite,Magnesiohulsite,,
2451,2451,Magnesiokatophorite,Magnesiokatophorite,,
2452,2452,Magnesioriebeckite,Magnesioriebeckite,,
2453,2453,Magnesiosadanagaite,Magnesiosadanagaite,,
2454,2454,Magnesiotaramite,Magnesiotaramite,,
2455,2455,Magnesite,Magnesite,,
2456,2456,MagnesiumAstrophyllite,MagnesiumAstrophyllite,,
2457,2457,Magnesium-chlorophoenicite,Magnesium-chlorophoenicite,,
2458,2458,Magnesium-zippeite,Magnesium-zippeite,,
2459,2459,Magnetite,Magnetite,,
2460,2460,Magnetoplumbite,Magnetoplumbite,,
2461,2461,Magniotriplite,Magniotriplite,,
2462,2462,Magnocolumbite,Magnocolumbite,,
2463,2463,Magnolite,Magnolite,,
2464,2464,Magnussonite,Magnussonite,,
2465,2465,Mahlmoodite,Mahlmoodite,,
2466,2466,Mahnertite,Mahnertite,,
2467,2467,Majakite,Majakite,,
2468,2468,Majorite,Majorite,,
2469,2469,Makarochkinite,Makarochkinite,,
2470,2470,Makatite,Makatite,,
2471,2471,Makovickyite,Makovickyite,,
2472,2472,Malachite,Malachite,,
2473,2473,Malanite,Malanite,,
2474,2474,Malayaite,Malayaite,,
2475,2475,Maldonite,Maldonite,,
2476,2476,Malinkoite,Malinkoite,,
2477,2477,Malladrite,Malladrite,,
2478,2478,Mallardite,Mallardite,,
2479,2479,Mammothite,Mammothite,,
2480,2480,Manaksite,Manaksite,,
2481,2481,Manandonite,Manandonite,,
2482,2482,Manasseite,Manasseite,,
2483,2483,Mandarinoite,Mandarinoite,,
2484,2484,Mangan-neptunite,Mangan-neptunite,,
2485,2485,Manganarsite,Manganarsite,,
2486,2486,Manganaxinite,Manganaxinite,,
2487,2487,Manganbabingtonite,Manganbabingtonite,,
2488,2488,Manganbelyankinite,Manganbelyankinite,,
2489,2489,Manganberzeliite,Manganberzeliite,,
2490,2490,Manganese-hoernesite,Manganese-hoernesite,,
2491,2491,Manganese-hornesite,Manganese-hornesite,,
2492,2492,Manganese-shadlunite,Manganese-shadlunite,,
2493,2493,Mangangordonite,Mangangordonite,,
2494,2494,Manganhumite,Manganhumite,,
2495,2495,Manganite,Manganite,,
2496,2496,Manganochromite,Manganochromite,,
2497,2497,Manganocolumbite,Manganocolumbite,,
2498,2498,Manganocummingtonite,Manganocummingtonite,,
2499,2499,Manganogrunerite,Manganogrunerite,,
2500,2500,Manganokhomyakovite,Manganokhomyakovite,,
2501,2501,Manganolangbeinite,Manganolangbeinite,,
2502,2502,Manganonaujakasite,Manganonaujakasite,,
2503,2503,Crichtonite,Crichtonite,,
2504,2504,Manganonordite-(Ce),Manganonordite-(Ce),,
2505,2505,Manganosegelerite,Manganosegelerite,,
2506,2506,Manganosite,Manganosite,,
2507,2507,Manganostibite,Manganostibite,,
2508,2508,Manganotantalite,Manganotantalite,,
2509,2509,Manganotapiolite,Manganotapiolite,,
2510,2510,Manganotychite,Manganotychite,,
2511,2511,Manganpyrosmalite,Manganpyrosmalite,,
2512,2512,Manganvesuvianite,Manganvesuvianite,,
2513,2513,Manjiroite,Manjiroite,,
2514,2514,Mannardite,Mannardite,,
2515,2515,Mansfieldite,Mansfieldite,,
2516,2516,Mantienneite,Mantienneite,,
2517,2517,Mapimite,Mapimite,,
2518,2518,Marcasite,Marcasite,,
2519,2519,Margaritasite,Margaritasite,,
2520,2520,Margarite,Margarite,,
2521,2521,Margarosanite,Margarosanite,,
2522,2522,Marialite,Marialite,,
2523,2523,Maricite,Maricite,,
2524,2524,Maricopaite,Maricopaite,,
2525,2525,Marokite,Marokite,,
2526,2526,Marrite,Marrite,,
2527,2527,Marshite,Marshite,,
2528,2528,Marsturite,Marsturite,,
2529,2529,Marthozite,Marthozite,,
2530,2530,Mascagnite,Mascagnite,,
2531,2531,Maslovite,Maslovite,,
2532,2532,Massicot,Massicot,,
2533,2533,Masutomilite,Masutomilite,,
2534,2534,Masuyite,Masuyite,,
2535,2535,Mathewrogersite,Mathewrogersite,,
2536,2536,Mathiasite,Mathiasite,,
2537,2537,Matildite,Matildite,,
2538,2538,Matlockite,Matlockite,,
2539,2539,Matraite,Matraite,,
2540,2540,Mattagamite,Mattagamite,,
2541,2541,Matteuccite,Matteuccite,,
2542,2542,Mattheddleite,Mattheddleite,,
2543,2543,Matulaite,Matulaite,,
2544,2544,Maucherite,Maucherite,,
2545,2545,Maufite,Maufite,,
2546,2546,Mawbyite,Mawbyite,,
2547,2547,Mawsonite,Mawsonite,,
2548,2548,Maxwellite,Maxwellite,,
2549,2549,Mayenite,Mayenite,,
2550,2550,Mayingite,Mayingite,,
2551,2551,Mazzite,Mazzite,,
2552,2552,Mbobomkulite,Mbobomkulite,,
2553,2553,Mcallisterite,Mcallisterite,,
2554,2554,Mcalpineite,Mcalpineite,,
2555,2555,Mcauslanite,Mcauslanite,,
2556,2556,Mcbirneyite,Mcbirneyite,,
2557,2557,Mcconnellite,Mcconnellite,,
2558,2558,Mccrillisite,Mccrillisite,,
2559,2559,Mcgillite,Mcgillite,,
2560,2560,Mcgovernite,Mcgovernite,,
2561,2561,Mcguinnessite,Mcguinnessite,,
2562,2562,Mckelveyite-(Y),Mckelveyite-(Y),,
2563,2563,Mckinstryite,Mckinstryite,,
2564,2564,Mcnearite,Mcnearite,,
2565,2565,Medaite,Medaite,,
2566,2566,Medenbachite,Medenbachite,,
2567,2567,Megacyclite,Megacyclite,,
2568,2568,Meionite,Meionite,,
2569,2569,Meixnerite,Meixnerite,,
2570,2570,Melanocerite-(Ce),Melanocerite-(Ce),,
2571,2571,Melanophlogite,Melanophlogite,,
2572,2572,Melanostibite,Melanostibite,,
2573,2573,Melanotekite,Melanotekite,,
2574,2574,Melanothallite,Melanothallite,,
2575,2575,Melanovanadite,Melanovanadite,,
2576,2576,Melanterite,Melanterite,,
2577,2577,MeliliteSeries,MeliliteSeries,,
2578,2578,Meliphanite,Meliphanite,,
2579,2579,Melkovite,Melkovite,,
2580,2580,Mellite,Mellite,,
2581,2581,Melonite,Melonite,,
2582,2582,Melonjosephite,Melonjosephite,,
2583,2583,Mendipite,Mendipite,,
2584,2584,Mendozavilite,Mendozavilite,,
2585,2585,Mendozite,Mendozite,,
2586,2586,Meneghinite,Meneghinite,,
2587,2587,Menshikovite,Menshikovite,,
2588,2588,Mercallite,Mercallite,,
2589,2589,Mercury,Mercury,,
2590,2590,Mereheadite,Mereheadite,,
2591,2591,Mereiterite,Mereiterite,,
2592,2592,Merenskyite,Merenskyite,,
2593,2593,Merlinoite,Merlinoite,,
2594,2594,Merrihueite,Merrihueite,,
2595,2595,Mertieite,Mertieite,,
2596,2596,Mertieite-I,Mertieite-I,,
2597,2597,Mertieite-II,Mertieite-II,,
2598,2598,Merwinite,Merwinite,,
2599,2599,Mesolite,Mesolite,,
2600,2600,Messelite,Messelite,,
2601,2601,Meta-aluminite,Meta-aluminite,,
2602,2602,Meta-alunogen,Meta-alunogen,,
2603,2603,Meta-ankoleite,Meta-ankoleite,,
2604,2604,Meta-autunite,Meta-autunite,,
2605,2605,Meta-uranocircite,Meta-uranocircite,,
2606,2606,Meta-uranopilite,Meta-uranopilite,,
2607,2607,Meta-uranospinite,Meta-uranospinite,,
2608,2608,Metaborite,Metaborite,,
2609,2609,Metacalciouranoite,Metacalciouranoite,,
2610,2610,Metacinnabar,Metacinnabar,,
2611,2611,Metadelrioite,Metadelrioite,,
2612,2612,Metahaiweeite,Metahaiweeite,,
2613,2613,Metaheinrichite,Metaheinrichite,,
2614,2614,Metahewettite,Metahewettite,,
2615,2615,Metahohmannite,Metahohmannite,,
2616,2616,Metakahlerite,Metakahlerite,,
2617,2617,Metakirchheimerite,Metakirchheimerite,,
2618,2618,Metakottigite,Metakottigite,,
2619,2619,Metalodevite,Metalodevite,,
2620,2620,Metamunirite,Metamunirite,,
2621,2621,Metanovacekite,Metanovacekite,,
2622,2622,Metarossite,Metarossite,,
2623,2623,Metaschoderite,Metaschoderite,,
2624,2624,Metaschoepite,Metaschoepite,,
2625,2625,Metasideronatrite,Metasideronatrite,,
2626,2626,Metastibnite,Metastibnite,,
2627,2627,Metastudtite,Metastudtite,,
2628,2628,Metaswitzerite,Metaswitzerite,,
2629,2629,Metatorbernite,Metatorbernite,,
2630,2630,Metatyuyamunite,Metatyuyamunite,,
2631,2631,Metavandendriesscheite,Metavandendriesscheite,,
2632,2632,Metavanmeersscheite,Metavanmeersscheite,,
2633,2633,Metavanuralite,Metavanuralite,,
2634,2634,Metavariscite,Metavariscite,,
2635,2635,Metavauxite,Metavauxite,,
2636,2636,Metavivianite,Metavivianite,,
2637,2637,Metavoltine,Metavoltine,,
2638,2638,Metazellerite,Metazellerite,,
2639,2639,Metazeunerite,Metazeunerite,,
2640,2640,Ammonioalunite,Ammonioalunite,,
2641,2641,Foitite,Foitite,,
2642,2642,Fontanite,Fontanite,,
2643,2643,Foordite,Foordite,,
2644,2644,Formanite-(Y),Formanite-(Y),,
2645,2645,Formicaite,Formicaite,,
2646,2646,Fornacite,Fornacite,,
2647,2647,Forsterite,Forsterite,,
2648,2648,Foshagite,Foshagite,,
2649,2649,Foshallasite,Foshallasite,,
2650,2650,Fourmarierite,Fourmarierite,,
2651,2651,Fraipontite,Fraipontite,,
2652,2652,Francevillite,Francevillite,,
2653,2653,Franciscanite,Franciscanite,,
2654,2654,Francisite,Francisite,,
2655,2655,Franckeite,Franckeite,,
2656,2656,Francoanellite,Francoanellite,,
2657,2657,Francoisite-(Nd),Francoisite-(Nd),,
2658,2658,Franconite,Franconite,,
2659,2659,Frankamenite,Frankamenite,,
2660,2660,Frankdicksonite,Frankdicksonite,,
2661,2661,Frankhawthorneite,Frankhawthorneite,,
2662,2662,Franklinfurnaceite,Franklinfurnaceite,,
2663,2663,Franklinite,Franklinite,,
2664,2664,Franklinphilite,Franklinphilite,,
2665,2665,Fransoletite,Fransoletite,,
2666,2666,Franzinite,Franzinite,,
2667,2667,Freboldite,Freboldite,,
2668,2668,Fredrikssonite,Fredrikssonite,,
2669,2669,Freedite,Freedite,,
2670,2670,Freibergite,Freibergite,,
2671,2671,Freieslebenite,Freieslebenite,,
2672,2672,Fresnoite,Fresnoite,,
2673,2673,Freudenbergite,Freudenbergite,,
2674,2674,Freyalite,Freyalite,,
2675,2675,Friedelite,Friedelite,,
2676,2676,Friedrichite,Friedrichite,,
2677,2677,Fritzscheite,Fritzscheite,,
2678,2678,Frohbergite,Frohbergite,,
2679,2679,Frolovite,Frolovite,,
2680,2680,Frondelite,Frondelite,,
2681,2681,Froodite,Froodite,,
2682,2682,Fuenzalidaite,Fuenzalidaite,,
2683,2683,Fukalite,Fukalite,,
2684,2684,Fukuchilite,Fukuchilite,,
2685,2685,Furongite,Furongite,,
2686,2686,Furutobeite,Furutobeite,,
2687,2687,Fuloppite,Fuloppite,,
2688,2688,Gabrielsonite,Gabrielsonite,,
2689,2689,Gadolinite,Gadolinite,,
2690,2690,Gadolinite-(Ce),Gadolinite-(Ce),,
2691,2691,Gadolinite-(Y),Gadolinite-(Y),,
2692,2692,Gagarinite-(Y),Gagarinite-(Y),,
2693,2693,Gageite,Gageite,,
2694,2694,Gageite-1tc,Gageite-1tc,,
2695,2695,Gageite-2m,Gageite-2m,,
2696,2696,Gahnite,Gahnite,,
2697,2697,Gaidonnayite,Gaidonnayite,,
2698,2698,Gainesite,Gainesite,,
2699,2699,Gaitite,Gaitite,,
2700,2700,Galaxite,Galaxite,,
2701,2701,Galeite,Galeite,,
2702,2702,Galena,Galena,,
2703,2703,Galenobismutite,Galenobismutite,,
2704,2704,Galileiite,Galileiite,,
2705,2705,Galkhaite,Galkhaite,,
2706,2706,Gallite,Gallite,,
2707,2707,Gallobeudantite,Gallobeudantite,,
2708,2708,Gamagarite,Gamagarite,,
2709,2709,Gananite,Gananite,,
2710,2710,Ganomalite,Ganomalite,,
2711,2711,Ganophyllite,Ganophyllite,,
2712,2712,Gaotaiite,Gaotaiite,,
2713,2713,Garavellite,Garavellite,,
2714,2714,GarnetGroup,GarnetGroup,,
2715,2715,Garnierite(GeneralTerm),Garnierite(GeneralTerm),,
2716,2716,Garrelsite,Garrelsite,,
2717,2717,Garronite,Garronite,,
2718,2718,Gartrellite,Gartrellite,,
2719,2719,Garyansellite,Garyansellite,,
2720,2720,Gasparite-(Ce),Gasparite-(Ce),,
2721,2721,Gaspeite,Gaspeite,,
2722,2722,Gatehouseite,Gatehouseite,,
2723,2723,Gatumbaite,Gatumbaite,,
2724,2724,Gaudefroyite,Gaudefroyite,,
2725,2725,Gaultite,Gaultite,,
2726,2726,Gaylussite,Gaylussite,,
2727,2727,Gearksutite,Gearksutite,,
2728,2728,Gebhardite,Gebhardite,,
2729,2729,Gedrite,Gedrite,,
2730,2730,Geerite,Geerite,,
2731,2731,Geffroyite,Geffroyite,,
2732,2732,Gehlenite,Gehlenite,,
2733,2733,Geigerite,Geigerite,,
2734,2734,Geikielite,Geikielite,,
2735,2735,Geminite,Geminite,,
2736,2736,Genkinite,Genkinite,,
2737,2737,Genthelvite,Genthelvite,,
2738,2738,Geocronite,Geocronite,,
2739,2739,Georgebokiite,Georgebokiite,,
2740,2740,Georgechaoite,Georgechaoite,,
2741,2741,Georgeericksenite,Georgeericksenite,,
2742,2742,Georgeite,Georgeite,,
2743,2743,Georgiadesite,Georgiadesite,,
2744,2744,Gerasimovskite,Gerasimovskite,,
2745,2745,Gerdtremmelite,Gerdtremmelite,,
2746,2746,Gerenite-(Y),Gerenite-(Y),,
2747,2747,Gerhardtite,Gerhardtite,,
2748,2748,Germanite,Germanite,,
2749,2749,Germanocolusite,Germanocolusite,,
2750,2750,Gersdorffite,Gersdorffite,,
2751,2751,Gerstleyite,Gerstleyite,,
2752,2752,Gerstmannite,Gerstmannite,,
2753,2753,Getchellite,Getchellite,,
2754,2754,Geversite,Geversite,,
2755,2755,Gianellaite,Gianellaite,,
2756,2756,Gibbsite,Gibbsite,,
2757,2757,Giessenite,Giessenite,,
2758,2758,Gilalite,Gilalite,,
2759,2759,Gillespite,Gillespite,,
2760,2760,Gillulyite,Gillulyite,,
2761,2761,Gilmarite,Gilmarite,,
2762,2762,Giniite,Giniite,,
2763,2763,Ginorite,Ginorite,,
2764,2764,Giorgiosite,Giorgiosite,,
2765,2765,Giraudite,Giraudite,,
2766,2766,Girdite,Girdite,,
2767,2767,Girvasite,Girvasite,,
2768,2768,Gismondine,Gismondine,,
2769,2769,Gittinsite,Gittinsite,,
2770,2770,Giuseppettite,Giuseppettite,,
2771,2771,Gladite,Gladite,,
2772,2772,Gladiusite,Gladiusite,,
2773,2773,Glass,Glass,,
2774,2774,Glauberite,Glauberite,,
2775,2775,Glaucocerinite,Glaucocerinite,,
2776,2776,Glaucochroite,Glaucochroite,,
2777,2777,Glaucodot,Glaucodot,,
2778,2778,Glauconite,Glauconite,,
2779,2779,Glaucophane,Glaucophane,,
2780,2780,Glaukosphaerite,Glaukosphaerite,,
2781,2781,Glucine,Glucine,,
2782,2782,Glushinskite,Glushinskite,,
2783,2783,Gmelinite,Gmelinite,,
2784,2784,Gmelinite-Ca,Gmelinite-Ca,,
2785,2785,Gmelinite-K,Gmelinite-K,,
2786,2786,Gmelinite-Na,Gmelinite-Na,,
2787,2787,Gobbinsite,Gobbinsite,,
2788,2788,Godlevskite,Godlevskite,,
2789,2789,Godovikovite,Godovikovite,,
2790,2790,Goedkenite,Goedkenite,,
2791,2791,Goethite,Goethite,,
2792,2792,Gold,Gold,,
2793,2793,Goldore,Goldore,,
2794,2794,Goldamalgam,Goldamalgam,,
2795,2795,Goldamalgam-Gamma,Goldamalgam-Gamma,,
2796,2796,Goldfieldite,Goldfieldite,,
2797,2797,Goldichite,Goldichite,,
2798,2798,Goldmanite,Goldmanite,,
2799,2799,Gonnardite,Gonnardite,,
2800,2800,Gonyerite,Gonyerite,,
2801,2801,Goosecreekite,Goosecreekite,,
2802,2802,Gorceixite,Gorceixite,,
2803,2803,Gordaite,Gordaite,,
2804,2804,Gordonite,Gordonite,,
2805,2805,Gormanite,Gormanite,,
2806,2806,Gortdrumite,Gortdrumite,,
2807,2807,Goslarite,Goslarite,,
2808,2808,Gottardiite,Gottardiite,,
2809,2809,Gottlobite,Gottlobite,,
2810,2810,Goudeyite,Goudeyite,,
2811,2811,Gowerite,Gowerite,,
2812,2812,Goyazite,Goyazite,,
2813,2813,Graemite,Graemite,,
2814,2814,Graeserite,Graeserite,,
2815,2815,Graftonite,Graftonite,,
2816,2816,Grandidierite,Grandidierite,,
2817,2817,Grandreefite,Grandreefite,,
2818,2818,Grantsite,Grantsite,,
2819,2819,Graphite,Graphite,,
2820,2820,Gratonite,Gratonite,,
2821,2821,Grattarolaite,Grattarolaite,,
2822,2822,Gravegliaite,Gravegliaite,,
2823,2823,Grayite,Grayite,,
2824,2824,Grechishchevite,Grechishchevite,,
2825,2825,Greenalite,Greenalite,,
2826,2826,Greenockite,Greenockite,,
2827,2827,Gregoryite,Gregoryite,,
2828,2828,Greifensteinite,Greifensteinite,,
2829,2829,Greigite,Greigite,,
2830,2830,Griceite,Griceite,,
2831,2831,Grimaldiite,Grimaldiite,,
2832,2832,Grimselite,Grimselite,,
2833,2833,Griphite,Griphite,,
2834,2834,Grischunite,Grischunite,,
2835,2835,Grossite,Grossite,,
2836,2836,Grossular,Grossular,,
2837,2837,Groutite,Groutite,,
2838,2838,Grumantite,Grumantite,,
2839,2839,Grumiplucite,Grumiplucite,,
2840,2840,Grunerite,Grunerite,,
2841,2841,Gruzdevite,Gruzdevite,,
2842,2842,Guanajuatite,Guanajuatite,,
2843,2843,Guanine,Guanine,,
2844,2844,Guarinoite,Guarinoite,,
2845,2845,Gudmundite,Gudmundite,,
2846,2846,Guerinite,Guerinite,,
2847,2847,Guettardite,Guettardite,,
2848,2848,Gugiaite,Gugiaite,,
2849,2849,Guildite,Guildite,,
2850,2850,Guilleminite,Guilleminite,,
2851,2851,Gummite(GeneralTerm),Gummite(GeneralTerm),,
2852,2852,Gunningite,Gunningite,,
2853,2853,Gupeiite,Gupeiite,,
2854,2854,Gustavite,Gustavite,,
2855,2855,Gutsevichite,Gutsevichite,,
2856,2856,Guyanaite,Guyanaite,,
2857,2857,Gwihabaite,Gwihabaite,,
2858,2858,Gypsum,Gypsum,,
2859,2859,Gyrolite,Gyrolite,,
2860,2860,Gysinite-(Nd),Gysinite-(Nd),,
2861,2861,Gorgeyite,Gorgeyite,,
2862,2862,Gotzenite,Gotzenite,,
2863,2863,Haapalaite,Haapalaite,,
2864,2864,Hafnon,Hafnon,,
2865,2865,Hagendorfite,Hagendorfite,,
2866,2866,Haggertyite,Haggertyite,,
2867,2867,Haidingerite,Haidingerite,,
2868,2868,Haigerachite,Haigerachite,,
2869,2869,Hainite,Hainite,,
2870,2870,Haiweeite,Haiweeite,,
2871,2871,Hakite,Hakite,,
2872,2872,Halite,Halite,,
2873,2873,Hallimondite,Hallimondite,,
2874,2874,Halloysite,Halloysite,,
2875,2875,Halotrichite,Halotrichite,,
2876,2876,Halurgite,Halurgite,,
2877,2877,Hambergite,Hambergite,,
2878,2878,Hammarite,Hammarite,,
2879,2879,Hanawaltite,Hanawaltite,,
2880,2880,Hancockite,Hancockite,,
2881,2881,Hanksite,Hanksite,,
2882,2882,Hannayite,Hannayite,,
2883,2883,Hannebachite,Hannebachite,,
2884,2884,Haradaite,Haradaite,,
2885,2885,Hardystonite,Hardystonite,,
2886,2886,Harkerite,Harkerite,,
2887,2887,Harmotome,Harmotome,,
2888,2888,Harrisonite,Harrisonite,,
2889,2889,Harstigite,Harstigite,,
2890,2890,Hashemite,Hashemite,,
2891,2891,Hastingsite,Hastingsite,,
2892,2892,Hastite,Hastite,,
2893,2893,Hatchite,Hatchite,,
2894,2894,Hatrurite,Hatrurite,,
2895,2895,Hauchecornite,Hauchecornite,,
2896,2896,Hauckite,Hauckite,,
2897,2897,Hauerite,Hauerite,,
2898,2898,Hausmannite,Hausmannite,,
2899,2899,Hauyne,Hauyne,,
2900,2900,Hawleyite,Hawleyite,,
2901,2901,Hawthorneite,Hawthorneite,,
2902,2902,Haxonite,Haxonite,,
2903,2903,Haycockite,Haycockite,,
2904,2904,Haynesite,Haynesite,,
2905,2905,Heazlewoodite,Heazlewoodite,,
2906,2906,Hechtsbergite,Hechtsbergite,,
2907,2907,Hectorfloresite,Hectorfloresite,,
2908,2908,Hectorite,Hectorite,,
2909,2909,Hedenbergite,Hedenbergite,,
2910,2910,Hedleyite,Hedleyite,,
2911,2911,Hedyphane,Hedyphane,,
2912,2912,Heideite,Heideite,,
2913,2913,Heidornite,Heidornite,,
2914,2914,Heinrichite,Heinrichite,,
2915,2915,Hejtmanite,Hejtmanite,,
2916,2916,Heliophyllite,Heliophyllite,,
2917,2917,Hellandite,Hellandite,,
2918,2918,Hellyerite,Hellyerite,,
2919,2919,Helmutwinklerite,Helmutwinklerite,,
2920,2920,Helvite,Helvite,,
2921,2921,Hematite,Hematite,,
2922,2922,Hematolite,Hematolite,,
2923,2923,Hematophanite,Hematophanite,,
2924,2924,Hemihedrite,Hemihedrite,,
2925,2925,Hemimorphite,Hemimorphite,,
2926,2926,Hemloite,Hemloite,,
2927,2927,Hemusite,Hemusite,,
2928,2928,Hendersonite,Hendersonite,,
2929,2929,Hendricksite,Hendricksite,,
2930,2930,Heneuite,Heneuite,,
2931,2931,Henmilite,Henmilite,,
2932,2932,Hennomartinite,Hennomartinite,,
2933,2933,Henritermierite,Henritermierite,,
2934,2934,Henryite,Henryite,,
2935,2935,Hentschelite,Hentschelite,,
2936,2936,Hercynite,Hercynite,,
2937,2937,Herderite,Herderite,,
2938,2938,Herschelite,Herschelite,,
2939,2939,Herzenbergite,Herzenbergite,,
2940,2940,Hessite,Hessite,,
2941,2941,Hetaerolite,Hetaerolite,,
2942,2942,Heterogenite,Heterogenite,,
2943,2943,Heterogenite-2h,Heterogenite-2h,,
2944,2944,Heteromorphite,Heteromorphite,,
2945,2945,Heterosite,Heterosite,,
2946,2946,Heulandite,Heulandite,,
2947,2947,Heulandite-K,Heulandite-K,,
2948,2948,Heulandite-Na,Heulandite-Na,,
2949,2949,Heulandite-Sr,Heulandite-Sr,,
2950,2950,Heulandite-Ca,Heulandite-Ca,,
2951,2951,Hewettite,Hewettite,,
2952,2952,Hexaferrum,Hexaferrum,,
2953,2953,Hexahydrite,Hexahydrite,,
2954,2954,Hexahydroborite,Hexahydroborite,,
2955,2955,Hexatestibiopanickelite,Hexatestibiopanickelite,,
2956,2956,Heyite,Heyite,,
2957,2957,Heyrovskyite,Heyrovskyite,,
2958,2958,Hibbingite,Hibbingite,,
2959,2959,Hibonite,Hibonite,,
2960,2960,Hibschite,Hibschite,,
2961,2961,Hidalgoite,Hidalgoite,,
2962,2962,Hieratite,Hieratite,,
2963,2963,Hilairite,Hilairite,,
2964,2964,Hilgardite,Hilgardite,,
2965,2965,Hilgardite-1tc,Hilgardite-1tc,,
2966,2966,Hilgardite-3tc,Hilgardite-3tc,,
2967,2967,Hilgardite-4m,Hilgardite-4m,,
2968,2968,Hillebrandite,Hillebrandite,,
2969,2969,Hingganite,Hingganite,,
2970,2970,Hingganite-(Ce),Hingganite-(Ce),,
2971,2971,Hingganite-(Y),Hingganite-(Y),,
2972,2972,Hingganite-(Yb),Hingganite-(Yb),,
2973,2973,Hinsdalite,Hinsdalite,,
2974,2974,Hiortdahlite,Hiortdahlite,,
2975,2975,Hisingerite,Hisingerite,,
2976,2976,Hoakansboda,Hoakansboda,,
2977,2977,Hocartite,Hocartite,,
2978,2978,Hochelagaite,Hochelagaite,,
2979,2979,Hodgkinsonite,Hodgkinsonite,,
2980,2980,Hodrushite,Hodrushite,,
2981,2981,Hoelite,Hoelite,,
2982,2982,Hogtuvaite,Hogtuvaite,,
2983,2983,Hohmannite,Hohmannite,,
2984,2984,Holdawayite,Holdawayite,,
2985,2985,Holdenite,Holdenite,,
2986,2986,Hollandite,Hollandite,,
2987,2987,Hollingworthite,Hollingworthite,,
2988,2988,Holmquistite,Holmquistite,,
2989,2989,Holtedahlite,Holtedahlite,,
2990,2990,Holtite,Holtite,,
2991,2991,Homilite,Homilite,,
2992,2992,Honessite,Honessite,,
2993,2993,Hongquiite,Hongquiite,,
2994,2994,Hongshiite,Hongshiite,,
2995,2995,Hopeite,Hopeite,,
2996,2996,HornblendeSeries,HornblendeSeries,,
2997,2997,Horsfordite,Horsfordite,,
2998,2998,Horvathite-(Y),Horvathite-(Y),,
2999,2999,Hotsonite,Hotsonite,,
3000,3000,Howardevansite,Howardevansite,,
3001,3001,Howieite,Howieite,,
3002,3002,Howlite,Howlite,,
3003,3003,Hsianghualite,Hsianghualite,,
3004,3004,Huanghoite-(Ce),Huanghoite-(Ce),,
3005,3005,Huangite,Huangite,,
3006,3006,Hubeite,Hubeite,,
3007,3007,Huemulite,Huemulite,,
3008,3008,Hulsite,Hulsite,,
3009,3009,Humberstonite,Humberstonite,,
3010,3010,Humboldtine,Humboldtine,,
3011,3011,Humite,Humite,,
3012,3012,Hummerite,Hummerite,,
3013,3013,Hunchunite,Hunchunite,,
3014,3014,Hungchaoite,Hungchaoite,,
3015,3015,Huntite,Huntite,,
3016,3016,Hureaulite,Hureaulite,,
3017,3017,Hurlbutite,Hurlbutite,,
3018,3018,Hutchinsonite,Hutchinsonite,,
3019,3019,Huttonite,Huttonite,,
3020,3020,Hyalophane,Hyalophane,,
3021,3021,Hyalotekite,Hyalotekite,,
3022,3022,Hydroastrophyllite,Hydroastrophyllite,,
3023,3023,Hydrobasaluminite,Hydrobasaluminite,,
3024,3024,Hydrobiotite,Hydrobiotite,,
3025,3025,Hydroboracite,Hydroboracite,,
3026,3026,Hydrocalumite,Hydrocalumite,,
3027,3027,Hydrocerussite,Hydrocerussite,,
3028,3028,Hydrochlorborite,Hydrochlorborite,,
3029,3029,Hydrodelhayelite,Hydrodelhayelite,,
3030,3030,Hydrodresserite,Hydrodresserite,,
3031,3031,Hydroglauberite,Hydroglauberite,,
3032,3032,HydrogrossularSeries,HydrogrossularSeries,,
3033,3033,Hydrohalite,Hydrohalite,,
3034,3034,Hydrohetaerolite,Hydrohetaerolite,,
3035,3035,Hydrohonessite,Hydrohonessite,,
3036,3036,Hydromagnesite,Hydromagnesite,,
3037,3037,Hydrombobomkulite,Hydrombobomkulite,,
3038,3038,Hydromolysite,Hydromolysite,,
3039,3039,HydroniumJarosite,HydroniumJarosite,,
3040,3040,Hydrophilite,Hydrophilite,,
3041,3041,Hydrophosphate,Hydrophosphate,,
3042,3042,Hydroromarchite,Hydroromarchite,,
3043,3043,Hydroscarbroite,Hydroscarbroite,,
3044,3044,Hydrotalcite,Hydrotalcite,,
3045,3045,Hydrotungstite,Hydrotungstite,,
3046,3046,Hydrougrandite,Hydrougrandite,,
3047,3047,Hydrowoodwardite,Hydrowoodwardite,,
3048,3048,Hydroxyapophyllite,Hydroxyapophyllite,,
3049,3049,Hydroxycancrinite,Hydroxycancrinite,,
3050,3050,Hydroxylapatite,Hydroxylapatite,,
3051,3051,Hydroxylbastnaesite,Hydroxylbastnaesite,,
3052,3052,Hydroxylbastnaesite-(Ce),Hydroxylbastnaesite-(Ce),,
3053,3053,Hydroxylbastnaesite-(La),Hydroxylbastnaesite-(La),,
3054,3054,Hydroxylbastnaesite-(Nd),Hydroxylbastnaesite-(Nd),,
3055,3055,Hydroxylclinohumite,Hydroxylclinohumite,,
3056,3056,Hydroxylellestadite,Hydroxylellestadite,,
3057,3057,Hydroxylherderite,Hydroxylherderite,,
3058,3058,Hydrozincite,Hydrozincite,,
3059,3059,Hypercinnabar,Hypercinnabar,,
3060,3060,Hypersthene,Hypersthene,,
3061,3061,Hyttsjoite,Hyttsjoite,,
3062,3062,Haggite,Haggite,,
3063,3063,Hogbomite,Hogbomite,,
3064,3064,Hornesite,Hornesite,,
3065,3065,Hubnerite,Hubnerite,,
3066,3066,Hugelite,Hugelite,,
3067,3067,Ianthinite,Ianthinite,,
3068,3068,Ice,Water Ice,Water that is in a solid state.,
3069,3069,Idaite,Idaite,,
3070,3070,Idrialite,Idrialite,,
3071,3071,Iimoriite-(Y),Iimoriite-(Y),,
3072,3072,Ikaite,Ikaite,,
3073,3073,Ikunolite,Ikunolite,,
3074,3074,Ilesite,Ilesite,,
3075,3075,Ilimaussite-(Ce),Ilimaussite-(Ce),,
3076,3076,Ilinskite,Ilinskite,,
3077,3077,Illite,Illite,,
3078,3078,Ilmajokite,Ilmajokite,,
3079,3079,Ilmenite,Ilmenite,,
3080,3080,Ilmenorutile,Ilmenorutile,,
3081,3081,Ilsemannite,Ilsemannite,,
3082,3082,Iltisite,Iltisite,,
3083,3083,Ilvaite,Ilvaite,,
3084,3084,Imandrite,Imandrite,,
3085,3085,Imgreite,Imgreite,,
3086,3086,Imhofite,Imhofite,,
3087,3087,Imiterite,Imiterite,,
3088,3088,Imogolite,Imogolite,,
3089,3089,Inaglyite,Inaglyite,,
3090,3090,Incaite,Incaite,,
3091,3091,Inderborite,Inderborite,,
3092,3092,Inderite,Inderite,,
3093,3093,Indialite,Indialite,,
3094,3094,Indigirite,Indigirite,,
3095,3095,Indite,Indite,,
3096,3096,Indium,Indium,,
3097,3097,Inesite,Inesite,,
3098,3098,Ingersonite,Ingersonite,,
3099,3099,Ingodite,Ingodite,,
3100,3100,Innelite,Innelite,,
3101,3101,Insizwaite,Insizwaite,,
3102,3102,Intersilite,Intersilite,,
3103,3103,Inyoite,Inyoite,,
3104,3104,Iodargyrite,Iodargyrite,,
3105,3105,Iowaite,Iowaite,,
3106,3106,Iquiqueite,Iquiqueite,,
3107,3107,Iranite,Iranite,,
3108,3108,Iraqite-(La),Iraqite-(La),,
3109,3109,Irarsite,Irarsite,,
3110,3110,Irhtemite,Irhtemite,,
3111,3111,Iridarsenite,Iridarsenite,,
3112,3112,Iridium,Iridium,,
3113,3113,Iridosmine,Iridosmine,,
3114,3114,Iriginite,Iriginite,,
3115,3115,Iron,Iron,,
3116,3116,Irtyshite,Irtyshite,,
3117,3117,Ishikawaite,Ishikawaite,,
3118,3118,Isoclasite,Isoclasite,,
3119,3119,Isocubanite,Isocubanite,,
3120,3120,Isoferroplatinum,Isoferroplatinum,,
3121,3121,Isokite,Isokite,,
3122,3122,Isolueshite,Isolueshite,,
3123,3123,Isomertieite,Isomertieite,,
3124,3124,Isovite,Isovite,,
3125,3125,Itoigawaite,Itoigawaite,,
3126,3126,Itoite,Itoite,,
3127,3127,Iwakiite,Iwakiite,,
3128,3128,Ixiolite,Ixiolite,,
3129,3129,Izoklakeite,Izoklakeite,,
3130,3130,Jachymovite,Jachymovite,,
3131,3131,Jacobsite,Jacobsite,,
3132,3132,Jadeite,Jadeite,,
3133,3133,Jaffeite,Jaffeite,,
3134,3134,Jagoite,Jagoite,,
3135,3135,Jagowerite,Jagowerite,,
3136,3136,Jahnsite,Jahnsite,,
3137,3137,Jahnsite-(CaMnFe),Jahnsite-(CaMnFe),,
3138,3138,Jahnsite-(CaMnMg),Jahnsite-(CaMnMg),,
3139,3139,Jahnsite-(CaMnMn),Jahnsite-(CaMnMn),,
3140,3140,Jalpaite,Jalpaite,,
3141,3141,Jamborite,Jamborite,,
3142,3142,Jamesite,Jamesite,,
3143,3143,Jamesonite,Jamesonite,,
3144,3144,Janggunite,Janggunite,,
3145,3145,Janhaugite,Janhaugite,,
3146,3146,Jankovicite,Jankovicite,,
3147,3147,Jarlite,Jarlite,,
3148,3148,Jarosewichite,Jarosewichite,,
3149,3149,Jarosite,Jarosite,,
3150,3150,Jaskolskiite,Jaskolskiite,,
3151,3151,Jasmundite,Jasmundite,,
3152,3152,Jeanbandyite,Jeanbandyite,,
3153,3153,Jedwabite,Jedwabite,,
3154,3154,Jeffreyite,Jeffreyite,,
3155,3155,Jennite,Jennite,,
3156,3156,Jensenite,Jensenite,,
3157,3157,Jentschite,Jentschite,,
3158,3158,Jeppeite,Jeppeite,,
3159,3159,Jeremejevite,Jeremejevite,,
3160,3160,Jeromite,Jeromite,,
3161,3161,Jerrygibbsite,Jerrygibbsite,,
3162,3162,Jervisite,Jervisite,,
3163,3163,Jianshiite,Jianshiite,,
3164,3164,Jianshuiite,Jianshuiite,,
3165,3165,Jimboite,Jimboite,,
3166,3166,Jimthompsonite,Jimthompsonite,,
3167,3167,Jinshajiangite,Jinshajiangite,,
3168,3168,Jixianite,Jixianite,,
3169,3169,Joaquinite-(Ce),Joaquinite-(Ce),,
3170,3170,Joesmithite,Joesmithite,,
3171,3171,Johachidolite,Johachidolite,,
3172,3172,Johannite,Johannite,,
3173,3173,Johannsenite,Johannsenite,,
3174,3174,Johillerite,Johillerite,,
3175,3175,Johnbaumite,Johnbaumite,,
3176,3176,Johninnesite,Johninnesite,,
3177,3177,Johnsomervilleite,Johnsomervilleite,,
3178,3178,Johntomaite,Johntomaite,,
3179,3179,Johnwalkite,Johnwalkite,,
3180,3180,Jokokuite,Jokokuite,,
3181,3181,Joliotite,Joliotite,,
3182,3182,Jolliffeite,Jolliffeite,,
3183,3183,Jonesite,Jonesite,,
3184,3184,Jordanite,Jordanite,,
3185,3185,Jordisite,Jordisite,,
3186,3186,Jorgensenite,Jorgensenite,,
3187,3187,Joseite,Joseite,,
3188,3188,Joseite-A,Joseite-A,,
3189,3189,Joseite-B,Joseite-B,,
3190,3190,Joseite-a,Joseite-a,,
3191,3191,Joseite-b,Joseite-b,,
3192,3192,Jouravskite,Jouravskite,,
3193,3193,Juabite,Juabite,,
3194,3194,Juanitaite,Juanitaite,,
3195,3195,Juanite,Juanite,,
3196,3196,Julgoldite-(Fe2+),Julgoldite-(Fe2+),,
3197,3197,Julienite,Julienite,,
3198,3198,Jungite,Jungite,,
3199,3199,Junitoite,Junitoite,,
3200,3200,Junoite,Junoite,,
3201,3201,Juonniite,Juonniite,,
3202,3202,Jurbanite,Jurbanite,,
3204,3204,K-feldspar,K-feldspar,,
3205,3205,Kaatialaite,Kaatialaite,,
3206,3206,Kadyrelite,Kadyrelite,,
3207,3207,Kaersutite,Kaersutite,,
3208,3208,Kafehydrocyanite,Kafehydrocyanite,,
3209,3209,Kahlerite,Kahlerite,,
3210,3210,Kainite,Kainite,,
3211,3211,Kainosite-(Y),Kainosite-(Y),,
3212,3212,Kalborsite,Kalborsite,,
3213,3213,Kaliborite,Kaliborite,,
3214,3214,Kalicinite,Kalicinite,,
3215,3215,Kalifersite,Kalifersite,,
3216,3216,Kalininite,Kalininite,,
3217,3217,Kalinite,Kalinite,,
3218,3218,Kaliophilite,Kaliophilite,,
3219,3219,Kalipyrochlore,Kalipyrochlore,,
3220,3220,Kalistrontite,Kalistrontite,,
3221,3221,Kalsilite,Kalsilite,,
3222,3222,Kaluginite,Kaluginite,,
3223,3223,Kamacite,Kamacite,,
3224,3224,Kamaishilite,Kamaishilite,,
3225,3225,Kambaldaite,Kambaldaite,,
3226,3226,Kamchatkite,Kamchatkite,,
3227,3227,Kamiokite,Kamiokite,,
3228,3228,Kamitugaite,Kamitugaite,,
3229,3229,Kamotoite-(Y),Kamotoite-(Y),,
3230,3230,Kamphaugite-(Y),Kamphaugite-(Y),,
3231,3231,Kanemite,Kanemite,,
3232,3232,Kankite,Kankite,,
3233,3233,Kanoite,Kanoite,,
3234,3234,Kanonaite,Kanonaite,,
3235,3235,Kaolinite,Kaolinite,,
3236,3236,KaoliniteGroup,KaoliniteGroup,,
3237,3237,Kapitsaite-(y),Kapitsaite-(y),,
3238,3238,Karasugite,Karasugite,,
3239,3239,Karelianite,Karelianite,,
3240,3240,Karibibite,Karibibite,,
3241,3241,Karlite,Karlite,,
3242,3242,Karnasurtite-(Ce),Karnasurtite-(Ce),,
3243,3243,Karpatite,Karpatite,,
3244,3244,Karpinskite,Karpinskite,,
3245,3245,Kashinite,Kashinite,,
3246,3246,Kasolite,Kasolite,,
3247,3247,Kassite,Kassite,,
3248,3248,Kastningite,Kastningite,,
3249,3249,KastorClaim,KastorClaim,,
3250,3250,Katayamalite,Katayamalite,,
3251,3251,Katoite,Katoite,,
3252,3252,Katophorite,Katophorite,,
3253,3253,Katoptrite,Katoptrite,,
3254,3254,Kawazulite,Kawazulite,,
3255,3255,Kazakhstanite,Kazakhstanite,,
3256,3256,Kazakovite,Kazakovite,,
3257,3257,Keckite,Keckite,,
3258,3258,Kegelite,Kegelite,,
3259,3259,Kehoeite,Kehoeite,,
3260,3260,Keithconnite,Keithconnite,,
3261,3261,Keiviite,Keiviite,,
3262,3262,Keiviite-(Y),Keiviite-(Y),,
3263,3263,Keiviite-(Yb),Keiviite-(Yb),,
3264,3264,Keldyshite,Keldyshite,,
3265,3265,Kellyite,Kellyite,,
3266,3266,Kelyanite,Kelyanite,,
3267,3267,Kemmlitzite,Kemmlitzite,,
3268,3268,Kempite,Kempite,,
3269,3269,Kenhsuite,Kenhsuite,,
3270,3270,Kennedyite,Kennedyite,,
3271,3271,Kentbrooksite,Kentbrooksite,,
3272,3272,Kentrolite,Kentrolite,,
3273,3273,Kenyaite,Kenyaite,,
3274,3274,Kermesite,Kermesite,,
3275,3275,Kernite,Kernite,,
3276,3276,Kerstenite,Kerstenite,,
3277,3277,Kesterite,Kesterite,,
3278,3278,Kettnerite,Kettnerite,,
3279,3279,Keyite,Keyite,,
3280,3280,Keystoneite,Keystoneite,,
3281,3281,Khademite,Khademite,,
3282,3282,Khaidarkanite,Khaidarkanite,,
3283,3283,Khamrabaevite,Khamrabaevite,,
3284,3284,Khanneshite,Khanneshite,,
3285,3285,Kharaelakhite,Kharaelakhite,,
3286,3286,Khatyrkite,Khatyrkite,,
3287,3287,Khibinskite,Khibinskite,,
3288,3288,Khinite,Khinite,,
3289,3289,Khmaralite,Khmaralite,,
3290,3290,Khomyakovite,Khomyakovite,,
3291,3291,Khristovite-(Ce),Khristovite-(Ce),,
3292,3292,Kiddcreekite,Kiddcreekite,,
3293,3293,Kidwellite,Kidwellite,,
3294,3294,Kieftite,Kieftite,,
3295,3295,Kieserite,Kieserite,,
3296,3296,Kilchoanite,Kilchoanite,,
3297,3297,Killalaite,Killalaite,,
3298,3298,Kimrobinsonite,Kimrobinsonite,,
3299,3299,Kimuraite-(Y),Kimuraite-(Y),,
3300,3300,Kimzeyite,Kimzeyite,,
3301,3301,Kingite,Kingite,,
3302,3302,Kingsmountite,Kingsmountite,,
3303,3303,Kinichilite,Kinichilite,,
3304,3304,Kinoite,Kinoite,,
3305,3305,Kinoshitalite,Kinoshitalite,,
3306,3306,Kintoreite,Kintoreite,,
3307,3307,Kipushite,Kipushite,,
3308,3308,Kirkiite,Kirkiite,,
3309,3309,Kirschsteinite,Kirschsteinite,,
3310,3310,Kitaibelite,Kitaibelite,,
3311,3311,Kitkaite,Kitkaite,,
3312,3312,Kittatinnyite,Kittatinnyite,,
3313,3313,Kivuite,Kivuite,,
3314,3314,Kladnoite,Kladnoite,,
3315,3315,Kladonite,Kladonite,,
3316,3316,Klebelsbergite,Klebelsbergite,,
3317,3317,Kleemanite,Kleemanite,,
3318,3318,Kleinite,Kleinite,,
3319,3319,Klockmannite,Klockmannite,,
3320,3320,Klyuchevskite,Klyuchevskite,,
3321,3321,Knorringite,Knorringite,,
3322,3322,Koashvite,Koashvite,,
3323,3323,Kobeite-(Y),Kobeite-(Y),,
3324,3324,Kobellite,Kobellite,,
3325,3325,Kochkarite,Kochkarite,,
3326,3326,Koechlinite,Koechlinite,,
3327,3327,Koenenite,Koenenite,,
3328,3328,Kogarkoite,Kogarkoite,,
3329,3329,Koktaite,Koktaite,,
3330,3330,Kolarite,Kolarite,,
3331,3331,Kolbeckite,Kolbeckite,,
3332,3332,Kolfanite,Kolfanite,,
3333,3333,Kolicite,Kolicite,,
3334,3334,Kolovratite,Kolovratite,,
3335,3335,Kolwezite,Kolwezite,,
3336,3336,Kolymite,Kolymite,,
3337,3337,Komarovite,Komarovite,,
3338,3338,Kombatite,Kombatite,,
3339,3339,Komkovite,Komkovite,,
3340,3340,Konderite,Konderite,,
3341,3341,Koninckite,Koninckite,,
3342,3342,Konyaite,Konyaite,,
3343,3343,Koragoite,Koragoite,,
3344,3344,Koritnigite,Koritnigite,,
3345,3345,Kornelite,Kornelite,,
3346,3346,Kornerupine,Kornerupine,,
3347,3347,Kornite,Kornite,,
3348,3348,Korobitsynite,Korobitsynite,,
3349,3349,Korshunovskite,Korshunovskite,,
3350,3350,Korzhinskite,Korzhinskite,,
3351,3351,Kosmochlor,Kosmochlor,,
3352,3352,Kosnarite,Kosnarite,,
3353,3353,Kostovite,Kostovite,,
3354,3354,Kostylevite,Kostylevite,,
3355,3355,Kotoite,Kotoite,,
3356,3356,Kotulskite,Kotulskite,,
3357,3357,Koutekite,Koutekite,,
3358,3358,Kovdorskite,Kovdorskite,,
3359,3359,Kozoite-(Nd),Kozoite-(Nd),,
3360,3360,Kozulite,Kozulite,,
3361,3361,Kraisslite,Kraisslite,,
3362,3362,Krasnovite,Krasnovite,,
3363,3363,Kratochvilite,Kratochvilite,,
3364,3364,Krausite,Krausite,,
3365,3365,Krauskopfite,Krauskopfite,,
3366,3366,Krautite,Krautite,,
3367,3367,Kremersite,Kremersite,,
3368,3368,Krennerite,Krennerite,,
3369,3369,Krettnichite,Krettnichite,,
3370,3370,Kribergite,Kribergite,,
3371,3371,Krinovite,Krinovite,,
3372,3372,Kristiansenite,Kristiansenite,,
3373,3373,Krupkaite,Krupkaite,,
3374,3374,Krutaite,Krutaite,,
3375,3375,Krutovite,Krutovite,,
3376,3376,Kryzhanovskite,Kryzhanovskite,,
3377,3377,Krohnkite,Krohnkite,,
3378,3378,Ktenasite,Ktenasite,,
3379,3379,Kukharenkoite-(Ce),Kukharenkoite-(Ce),,
3380,3380,Kukisvumite,Kukisvumite,,
3381,3381,Kuksite,Kuksite,,
3382,3382,Kulanite,Kulanite,,
3383,3383,Kuliokite-(Y),Kuliokite-(Y),,
3384,3384,Kulkeite,Kulkeite,,
3385,3385,Kullerudite,Kullerudite,,
3386,3386,Kupletskite,Kupletskite,,
3387,3387,Kuramite,Kuramite,,
3388,3388,Kuranakhite,Kuranakhite,,
3389,3389,Kurchatovite,Kurchatovite,,
3390,3390,Kurnakovite,Kurnakovite,,
3391,3391,Kurumsakite,Kurumsakite,,
3392,3392,Kusachiite,Kusachiite,,
3393,3393,Kutinaite,Kutinaite,,
3394,3394,Kutnahorite,Kutnahorite,,
3395,3395,Kutnohorite,Kutnohorite,,
3396,3396,Kuzelite,Kuzelite,,
3397,3397,Kuzmenkoite,Kuzmenkoite,,
3398,3398,Kuzminite,Kuzminite,,
3399,3399,Kuznetsovite,Kuznetsovite,,
3400,3400,Kvanefjeldite,Kvanefjeldite,,
3401,3401,Kyanite,Kyanite,,
3402,3402,Kyzylkumite,Kyzylkumite,,
3403,3403,Kottigite,Kottigite,,
3404,3404,Labradorite,Labradorite,,
3405,3405,Labuntsovite,Labuntsovite,,
3406,3406,Lacroixite,Lacroixite,,
3407,3407,Laffittite,Laffittite,,
3408,3408,Laforetite,Laforetite,,
3409,3409,Laihunite,Laihunite,,
3410,3410,Laitakarite,Laitakarite,,
3411,3411,Lammerite,Lammerite,,
3412,3412,Lamprophyllite,Lamprophyllite,,
3413,3413,Lanarkite,Lanarkite,,
3414,3414,Landauite,Landauite,,
3415,3415,Landesite,Landesite,,
3416,3416,Langbanite,Langbanite,,
3417,3417,Langbeinite,Langbeinite,,
3418,3418,Langisite,Langisite,,
3419,3419,Langite,Langite,,
3420,3420,Lannonite,Lannonite,,
3421,3421,Lansfordite,Lansfordite,,
3422,3422,Lanthanite,Lanthanite,,
3423,3423,Lanthanite-(Ce),Lanthanite-(Ce),,
3424,3424,Lanthanite-(La),Lanthanite-(La),,
3425,3425,Lanthanite-(Nd),Lanthanite-(Nd),,
3426,3426,Laphamite,Laphamite,,
3427,3427,Lapieite,Lapieite,,
3428,3428,Laplandite-(Ce),Laplandite-(Ce),,
3429,3429,Larderellite,Larderellite,,
3430,3430,Larnite,Larnite,,
3431,3431,Larosite,Larosite,,
3432,3432,Larsenite,Larsenite,,
3433,3433,Latiumite,Latiumite,,
3434,3434,Latrappite,Latrappite,,
3435,3435,Laueite,Laueite,,
3436,3436,Laumontite,Laumontite,,
3437,3437,Launayite,Launayite,,
3438,3438,Laurelite,Laurelite,,
3439,3439,Laurionite,Laurionite,,
3440,3440,Laurite,Laurite,,
3441,3441,Lausenite,Lausenite,,
3442,3442,Lautarite,Lautarite,,
3443,3443,Lautenthalite,Lautenthalite,,
3444,3444,Lautite,Lautite,,
3445,3445,Lavendulan,Lavendulan,,
3446,3446,Lavenite,Lavenite,,
3447,3447,Lavrentievite,Lavrentievite,,
3448,3448,Lawrencite,Lawrencite,,
3449,3449,Lawsonbauerite,Lawsonbauerite,,
3450,3450,Lawsonite,Lawsonite,,
3451,3451,Lazarenkoite,Lazarenkoite,,
3452,3452,Lazulite,Lazulite,,
3453,3453,Lazurite,Lazurite,,
3454,3454,Lead,Lead,,
3455,3455,Leadamalgam,Leadamalgam,,
3456,3456,Leadhillite,Leadhillite,,
3457,3457,Leakeite,Leakeite,,
3458,3458,Leconite,Leconite,,
3459,3459,Lecontite,Lecontite,,
3460,3460,Legrandite,Legrandite,,
3461,3461,Lehnerite,Lehnerite,,
3462,3462,Leifite,Leifite,,
3463,3463,Leightonite,Leightonite,,
3464,3464,Leisingite,Leisingite,,
3465,3465,Leiteite,Leiteite,,
3466,3466,Lemanskiite,Lemanskiite,,
3467,3467,Lemmleinite,Lemmleinite,,
3468,3468,Lemoynite,Lemoynite,,
3469,3469,Lenaite,Lenaite,,
3470,3470,Lengenbachite,Lengenbachite,,
3471,3471,Leningradite,Leningradite,,
3472,3472,Lennilenapeite,Lennilenapeite,,
3473,3473,Lenoblite,Lenoblite,,
3474,3474,Leonite,Leonite,,
3475,3475,Lepersonnite-(Gd),Lepersonnite-(Gd),,
3476,3476,Lepidocrocite,Lepidocrocite,,
3477,3477,Lepidolite,Lepidolite,,
3478,3478,Lepidolite-2m,Lepidolite-2m,,
3479,3479,Lermontovite,Lermontovite,,
3480,3480,Lesukite,Lesukite,,
3481,3481,Letovicite,Letovicite,,
3482,3482,Leucite,Leucite,,
3483,3483,Leucophanite,Leucophanite,,
3484,3484,Leucophoenicite,Leucophoenicite,,
3485,3485,Leucophosphite,Leucophosphite,,
3486,3486,Leucosphenite,Leucosphenite,,
3487,3487,Levinsonite-(Y),Levinsonite-(Y),,
3488,3488,Levyclaudite,Levyclaudite,,
3489,3489,Levyne,Levyne,,
3490,3490,Levyne-Ca,Levyne-Ca,,
3491,3491,Levyne-Na,Levyne-Na,,
3492,3492,Lewisite,Lewisite,,
3493,3493,Liandratite,Liandratite,,
3494,3494,Liberite,Liberite,,
3495,3495,Libethenite,Libethenite,,
3496,3496,Liddicoatite,Liddicoatite,,
3497,3497,Liebauite,Liebauite,,
3498,3498,Liebenbergite,Liebenbergite,,
3499,3499,Liebigite,Liebigite,,
3500,3500,Likasite,Likasite,,
3501,3501,Lillianite,Lillianite,,
3502,3502,Lime,Lime,,
3503,3503,Limonite,Limonite,,
3504,3504,Limonite(GeneralTerm),Limonite(GeneralTerm),,
3505,3505,Linarite,Linarite,,
3506,3506,Lindackerite,Lindackerite,,
3507,3507,Lindgrenite,Lindgrenite,,
3508,3508,Lindqvistite,Lindqvistite,,
3509,3509,Lindsleyite,Lindsleyite,,
3510,3510,Lindstromite,Lindstromite,,
3511,3511,Linnaeite,Linnaeite,,
3512,3512,Lintisite,Lintisite,,
3513,3513,Liottite,Liottite,,
3514,3514,Lipscombite,Lipscombite,,
3515,3515,Liroconite,Liroconite,,
3516,3516,Lisetite,Lisetite,,
3517,3517,Lishizhenite,Lishizhenite,,
3518,3518,Lisitsynite,Lisitsynite,,
3519,3519,Liskeardite,Liskeardite,,
3520,3520,Bismite,Bismite,,
3521,3521,Bismoclite,Bismoclite,,
3522,3522,Bismuth,Bismuth,,
3523,3523,Bismuthinite,Bismuthinite,,
3524,3524,Bismutite,Bismutite,,
3525,3525,Bismutocolumbite,Bismutocolumbite,,
3526,3526,Bismutoferrite,Bismutoferrite,,
3527,3527,Bismutohauchecornite,Bismutohauchecornite,,
3528,3528,Bismutomicrolite,Bismutomicrolite,,
3529,3529,Bismutopyrochlore,Bismutopyrochlore,,
3530,3530,Bismutostibiconite,Bismutostibiconite,,
3531,3531,Bismutotantalite,Bismutotantalite,,
3532,3532,Bityite,Bityite,,
3533,3533,Bixbyite,Bixbyite,,
3534,3534,Bjarebyite,Bjarebyite,,
3535,3535,Blakeite,Blakeite,,
3536,3536,Blatonite,Blatonite,,
3537,3537,Blatterite,Blatterite,,
3538,3538,Bleasdaleite,Bleasdaleite,,
3539,3539,Blixite,Blixite,,
3540,3540,Blossite,Blossite,,
3541,3541,Blodite,Blodite,,
3542,3542,Bobfergusonite,Bobfergusonite,,
3543,3543,Bobierrite,Bobierrite,,
3544,3544,Bogdanovite,Bogdanovite,,
3545,3545,Boggildite,Boggildite,,
3546,3546,Boggsite,Boggsite,,
3547,3547,Bogvadite,Bogvadite,,
3548,3548,Bohdanowiczite,Bohdanowiczite,,
3549,3549,Bokite,Bokite,,
3550,3550,Boleite,Boleite,,
3551,3551,Bolivarite,Bolivarite,,
3552,3552,Boltwoodite,Boltwoodite,,
3553,3553,Bonaccordite,Bonaccordite,,
3554,3554,Bonattite,Bonattite,,
3555,3555,Bonshtedtite,Bonshtedtite,,
3556,3556,Boothite,Boothite,,
3557,3557,Boracite,Boracite,,
3558,3558,Boralsilite,Boralsilite,,
3559,3559,Borax,Borax,,
3560,3560,Borcarite,Borcarite,,
3561,3561,Borishanskiite,Borishanskiite,,
3562,3562,Bornemanite,Bornemanite,,
3563,3563,Bornhardtite,Bornhardtite,,
3564,3564,Bornite,Bornite,,
3565,3565,Borodaevite,Borodaevite,,
3566,3566,Boromuscovite,Boromuscovite,,
3567,3567,Borovskite,Borovskite,,
3568,3568,Bostwickite,Bostwickite,,
3569,3569,Botallackite,Botallackite,,
3570,3570,Botryogen,Botryogen,,
3571,3571,Bottinoite,Bottinoite,,
3572,3572,Boulangerite,Boulangerite,,
3573,3573,Bournonite,Bournonite,,
3574,3574,Boussingaultite,Boussingaultite,,
3575,3575,Boussingualtite,Boussingualtite,,
3576,3576,Bowieite,Bowieite,,
3577,3577,Boyleite,Boyleite,,
3578,3578,Brabantite,Brabantite,,
3579,3579,Bracewellite,Bracewellite,,
3580,3580,Brackebuschite,Brackebuschite,,
3581,3581,Bradleyite,Bradleyite,,
3582,3582,Braggite,Braggite,,
3583,3583,Braitschite-(Ce),Braitschite-(Ce),,
3584,3584,Brammallite,Brammallite,,
3585,3585,Brandholzite,Brandholzite,,
3586,3586,Brandtite,Brandtite,,
3587,3587,Brannerite,Brannerite,,
3588,3588,Brannockite,Brannockite,,
3589,3589,Brassite,Brassite,,
3590,3590,Braunite,Braunite,,
3591,3591,Bravoite,Bravoite,,
3592,3592,Brazilianite,Brazilianite,,
3593,3593,Bredigite,Bredigite,,
3594,3594,Breithauptite,Breithauptite,,
3595,3595,Brenkite,Brenkite,,
3596,3596,Brewsterite,Brewsterite,,
3597,3597,Brewsterite-Ba,Brewsterite-Ba,,
3598,3598,Brewsterite-Sr,Brewsterite-Sr,,
3599,3599,Brezinaite,Brezinaite,,
3600,3600,Brianite,Brianite,,
3601,3601,Brianroulstonite,Brianroulstonite,,
3602,3602,Brianyoungite,Brianyoungite,,
3603,3603,Briartite,Briartite,,
3604,3604,Brindleyite,Brindleyite,,
3605,3605,Britholite,Britholite,,
3606,3606,Britholite-(Ce),Britholite-(Ce),,
3607,3607,Britholite-(Y),Britholite-(Y),,
3608,3608,Brizziite,Brizziite,,
3609,3609,Brochantite,Brochantite,,
3610,3610,Brockite,Brockite,,
3611,3611,Brokenhillite,Brokenhillite,,
3612,3612,Bromargyrite,Bromargyrite,,
3613,3613,Bromellite,Bromellite,,
3614,3614,Brookite,Brookite,,
3615,3615,Brownmillerite,Brownmillerite,,
3616,3616,Brucite,Brucite,,
3617,3617,Brugnatellite,Brugnatellite,,
3618,3618,Brunogeierite,Brunogeierite,,
3619,3619,Brushite,Brushite,,
3620,3620,Bruggenite,Bruggenite,,
3621,3621,Buchwaldite,Buchwaldite,,
3622,3622,Buckhornite,Buckhornite,,
3623,3623,Buddingtonite,Buddingtonite,,
3624,3624,Buergerite,Buergerite,,
3625,3625,Buetschliite,Buetschliite,,
3626,3626,Bukovite,Bukovite,,
3627,3627,Bukovskyite,Bukovskyite,,
3628,3628,Bulachite,Bulachite,,
3629,3629,Bultfonteinite,Bultfonteinite,,
3630,3630,Bunsenite,Bunsenite,,
3631,3631,Burangaite,Burangaite,,
3632,3632,Burbankite,Burbankite,,
3633,3633,Burckhardtite,Burckhardtite,,
3634,3634,Burkeite,Burkeite,,
3635,3635,Burpalite,Burpalite,,
3636,3636,Bursaite,Bursaite,,
3637,3637,Burtite,Burtite,,
3638,3638,Bustamite,Bustamite,,
3639,3639,Butlerite,Butlerite,,
3640,3640,Buttgenbachite,Buttgenbachite,,
3641,3641,Byelorussite-(Ce),Byelorussite-(Ce),,
3642,3642,Byelorussite-[ce],Byelorussite-[ce],,
3643,3643,Bystrite,Bystrite,,
3644,3644,Bystromite,Bystromite,,
3645,3645,Bytownite,Bytownite,,
3646,3646,Bohmite,Bohmite,,
3647,3647,Butschliite,Butschliite,,
3648,3648,Cabalzarite,Cabalzarite,,
3649,3649,Cabriite,Cabriite,,
3650,3650,Cacoxenite,Cacoxenite,,
3651,3651,Cadmium,Cadmium,,
3652,3652,Cadmoselite,Cadmoselite,,
3653,3653,Cadwaladerite,Cadwaladerite,,
3654,3654,Cafarsite,Cafarsite,,
3655,3655,Cafetite,Cafetite,,
3656,3656,Cahnite,Cahnite,,
3657,3657,Calaverite,Calaverite,,
3658,3658,Calciborite,Calciborite,,
3659,3659,Calcio-ancylite,Calcio-ancylite,,
3660,3660,Calcio-ancylite-(Ce),Calcio-ancylite-(Ce),,
3661,3661,Calcio-ancylite-(Nd),Calcio-ancylite-(Nd),,
3662,3662,Calcioaravaipaite,Calcioaravaipaite,,
3663,3663,Calciobetafite,Calciobetafite,,
3664,3664,Calcioburbankite,Calcioburbankite,,
3665,3665,Calciocopiapite,Calciocopiapite,,
3666,3666,Calcioferrite,Calcioferrite,,
3667,3667,Calciohilairite,Calciohilairite,,
3668,3668,Calciosamarskite,Calciosamarskite,,
3669,3669,Calciotantite,Calciotantite,,
3670,3670,Calciouranoite,Calciouranoite,,
3671,3671,Calciovolborthite,Calciovolborthite,,
3672,3672,Calcite,Calcite,,
3673,3673,CalciumCatapleiite,CalciumCatapleiite,,
3674,3674,Calcjarlite,Calcjarlite,,
3675,3675,Calclacite,Calclacite,,
3676,3676,Calcurmolite,Calcurmolite,,
3677,3677,Calderite,Calderite,,
3678,3678,Caledonite,Caledonite,,
3679,3679,Calkinsite-(Ce),Calkinsite-(Ce),,
3680,3680,Callaghanite,Callaghanite,,
3681,3681,Calomel,Calomel,,
3682,3682,Calumetite,Calumetite,,
3683,3683,Calzirtite,Calzirtite,,
3684,3684,Camerolaite,Camerolaite,,
3685,3685,Cameronite,Cameronite,,
3686,3686,Camgasite,Camgasite,,
3687,3687,Caminite,Caminite,,
3688,3688,Campigliaite,Campigliaite,,
3689,3689,Canaphite,Canaphite,,
3690,3690,Canasite,Canasite,,
3691,3691,Canavesite,Canavesite,,
3692,3692,Cancrinite,Cancrinite,,
3693,3693,Cancrisilite,Cancrisilite,,
3694,3694,Canfieldite,Canfieldite,,
3695,3695,Canizzarite,Canizzarite,,
3696,3696,Cannizzarite,Cannizzarite,,
3697,3697,Cannonite,Cannonite,,
3698,3698,Caoxite,Caoxite,,
3699,3699,Capgaronnite,Capgaronnite,,
3700,3700,Capgarronite,Capgarronite,,
3701,3701,Cappelenite-(Y),Cappelenite-(Y),,
3702,3702,Caracolite,Caracolite,,
3703,3703,Carboborite,Carboborite,,
3704,3704,Carbocernaite,Carbocernaite,,
3705,3705,Carboirite,Carboirite,,
3706,3706,Carbonate-cyanotrichite,Carbonate-cyanotrichite,,
3707,3707,Carbonate-fluorapatite,Carbonate-fluorapatite,,
3708,3708,Carbonate-hydroxylapatite,Carbonate-hydroxylapatite,,
3709,3709,Caresite-3t,Caresite-3t,,
3710,3710,Carletonite,Carletonite,,
3711,3711,Carlfriesite,Carlfriesite,,
3712,3712,Carlhintzeite,Carlhintzeite,,
3713,3713,Carlinite,Carlinite,,
3714,3714,Carlosruizite,Carlosruizite,,
3715,3715,Carlosturanite,Carlosturanite,,
3716,3716,Carlsbergite,Carlsbergite,,
3717,3717,Carmichaelite,Carmichaelite,,
3718,3718,Carminite,Carminite,,
3719,3719,Carnallite,Carnallite,,
3720,3720,Carnotite,Carnotite,,
3721,3721,Carobbiite,Carobbiite,,
3722,3722,Carpholite,Carpholite,,
3723,3723,Carraraite,Carraraite,,
3724,3724,Carrboydite,Carrboydite,,
3725,3725,Carrollite,Carrollite,,
3726,3726,Caryinite,Caryinite,,
3727,3727,Caryopilite,Caryopilite,,
3728,3728,Cascandite,Cascandite,,
3729,3729,Cassedanneite,Cassedanneite,,
3730,3730,Cassidyite,Cassidyite,,
3731,3731,Cassiterite,Cassiterite,,
3732,3732,Caswellsilverite,Caswellsilverite,,
3733,3733,Catapleiite,Catapleiite,,
3734,3734,Cattierite,Cattierite,,
3735,3735,Cavansite,Cavansite,,
3736,3736,Caysichite-(Y),Caysichite-(Y),,
3737,3737,Cebaite-(Ce),Cebaite-(Ce),,
3738,3738,Cebaite-(Nd),Cebaite-(Nd),,
3739,3739,Cebollite,Cebollite,,
3740,3740,Cechite,Cechite,,
3741,3741,Cejkaite,Cejkaite,,
3742,3742,Celadonite,Celadonite,,
3743,3743,Celestite,Celestite,,
3744,3744,Celsian,Celsian,,
3745,3745,Cerianite-(Ce),Cerianite-(Ce),,
3746,3746,Ceriopyrochlore-(Ce),Ceriopyrochlore-(Ce),,
3747,3747,Cerite-(Ce),Cerite-(Ce),,
3748,3748,Cernyite,Cernyite,,
3749,3749,Cerotungstite-(Ce),Cerotungstite-(Ce),,
3750,3750,Ceruleite,Ceruleite,,
3751,3751,Cerussite,Cerussite,,
3752,3752,Cervandonite-(Ce),Cervandonite-(Ce),,
3753,3753,Cervantite,Cervantite,,
3754,3754,Cervelleite,Cervelleite,,
3755,3755,Cesanite,Cesanite,,
3756,3756,Cesarolite,Cesarolite,,
3757,3757,Cesbronite,Cesbronite,,
3758,3758,CesiumKupletskite,CesiumKupletskite,,
3759,3759,Cesium-kupletskite,Cesium-kupletskite,,
3760,3760,Cesplumtantite,Cesplumtantite,,
3761,3761,Cesstibtantite,Cesstibtantite,,
3762,3762,Cetineite,Cetineite,,
3763,3763,Chabazite,Chabazite,,
3764,3764,Chabazite-Ca,Chabazite-Ca,,
3765,3765,Chabazite-K,Chabazite-K,,
3766,3766,Chabazite-Na,Chabazite-Na,,
3767,3767,Chabazite-Sr,Chabazite-Sr,,
3768,3768,Chabourneite,Chabourneite,,
3769,3769,Chaidamuite,Chaidamuite,,
3770,3770,Chalcanthite,Chalcanthite,,
3771,3771,Chalcoalumite,Chalcoalumite,,
3772,3772,Chalcocite,Chalcocite,,
3773,3773,Chalcocyanite,Chalcocyanite,,
3774,3774,Chalcomenite,Chalcomenite,,
3775,3775,Chalconatronite,Chalconatronite,,
3776,3776,Chalcophanite,Chalcophanite,,
3777,3777,Chalcophyllite,Chalcophyllite,,
3778,3778,Chalcopyrite,Chalcopyrite,,
3779,3779,Chalcosiderite,Chalcosiderite,,
3780,3780,Chalcostibite,Chalcostibite,,
3781,3781,Chalcothallite,Chalcothallite,,
3782,3782,Chambersite,Chambersite,,
3783,3783,Chameanite,Chameanite,,
3784,3784,Chamosite,Chamosite,,
3785,3785,Changbaiite,Changbaiite,,
3786,3786,Changchengite,Changchengite,,
3787,3787,Changoite,Changoite,,
3788,3788,Chantalite,Chantalite,,
3789,3789,Chaoite,Chaoite,,
3790,3790,Chapmanite,Chapmanite,,
3791,3791,Charlesite,Charlesite,,
3792,3792,Charmarite-2h,Charmarite-2h,,
3793,3793,Charmarite-3t,Charmarite-3t,,
3794,3794,Charoite,Charoite,,
3795,3795,Chatkalite,Chatkalite,,
3796,3796,Chayesite,Chayesite,,
3797,3797,Chekhovichite,Chekhovichite,,
3798,3798,Chelkarite,Chelkarite,,
3799,3799,Chenevixite,Chenevixite,,
3800,3800,Chengdeite,Chengdeite,,
3801,3801,Cheralite-(Ce),Cheralite-(Ce),,
3802,3802,Cheremnykhite,Cheremnykhite,,
3803,3803,Cherepanovite,Cherepanovite,,
3804,3804,Chernikovite,Chernikovite,,
3805,3805,Chernovite-(Y),Chernovite-(Y),,
3806,3806,Chernykhite,Chernykhite,,
3807,3807,Chervetite,Chervetite,,
3808,3808,Chessexite,Chessexite,,
3809,3809,Chesterite,Chesterite,,
3810,3810,Chestermanite,Chestermanite,,
3811,3811,Chevkinite,Chevkinite,,
3812,3812,Chevkinite-(Ce),Chevkinite-(Ce),,
3813,3813,Chiavennite,Chiavennite,,
3814,3814,Childrenite,Childrenite,,
3815,3815,Chiluite,Chiluite,,
3816,3816,Chilunite,Chilunite,,
3817,3817,Chiolite,Chiolite,,
3818,3818,Chkalovite,Chkalovite,,
3819,3819,Chladniite,Chladniite,,
3820,3820,Chloraluminite,Chloraluminite,,
3821,3821,Chlorapatite,Chlorapatite,,
3822,3822,Chlorargyrite,Chlorargyrite,,
3823,3823,Chlorartinite,Chlorartinite,,
3824,3824,Chlorellestadite,Chlorellestadite,,
3825,3825,ChloriteGroup,ChloriteGroup,,
3826,3826,Chloritoid,Chloritoid,,
3827,3827,Chlormagaluminite,Chlormagaluminite,,
3828,3828,Chlormanganokalite,Chlormanganokalite,,
3829,3829,Chlorocalcite,Chlorocalcite,,
3830,3830,Chloromenite,Chloromenite,,
3831,3831,Chlorophoenicite,Chlorophoenicite,,
3832,3832,Chlorothionite,Chlorothionite,,
3833,3833,Chloroxiphite,Chloroxiphite,,
3834,3834,Choloalite,Choloalite,,
3835,3835,Chondrodite,Chondrodite,,
3836,3836,Chrisstanleyite,Chrisstanleyite,,
3837,3837,Christelite,Christelite,,
3838,3838,Christite,Christite,,
3839,3839,Chromatite,Chromatite,,
3840,3840,Chrombismite,Chrombismite,,
3841,3841,Chromceladonite,Chromceladonite,,
3842,3842,Chromdravite,Chromdravite,,
3843,3843,Chromferide,Chromferide,,
3844,3844,Chromite,Chromite,,
3845,3845,Chromium,Chromium,,
3846,3846,Chromphyllite,Chromphyllite,,
3847,3847,Chrysoberyl,Chrysoberyl,,
3848,3848,Chrysocolla,Chrysocolla,,
3849,3849,Chrysotile,Chrysotile,,
3850,3850,Chudobaite,Chudobaite,,
3851,3851,Chukhrovite,Chukhrovite,,
3852,3852,Chukhrovite-(Ce),Chukhrovite-(Ce),,
3853,3853,Chukhrovite-(Y),Chukhrovite-(Y),,
3854,3854,Churchite-(Y),Churchite-(Y),,
3855,3855,Chursinite,Chursinite,,
3856,3856,Chvaleticeite,Chvaleticeite,,
3857,3857,Chvilevaite,Chvilevaite,,
3858,3858,Cianciulliite,Cianciulliite,,
3859,3859,Ciguenza,Ciguenza,,
3860,3860,Cinnabar,Cinnabar,,
3861,3861,Clairite,Clairite,,
3862,3862,Claraite,Claraite,,
3863,3863,Claringbullite,Claringbullite,,
3864,3864,Clarkeite,Clarkeite,,
3865,3865,Claudetite,Claudetite,,
3866,3866,Clausthalite,Clausthalite,,
3867,3867,Clearcreekite,Clearcreekite,,
3868,3868,Clerite,Clerite,,
3869,3869,Cliffordite,Cliffordite,,
3870,3870,Cliftonite,Cliftonite,,
3871,3871,Clinoatacamite,Clinoatacamite,,
3872,3872,Clinobehoite,Clinobehoite,,
3873,3873,Clinobisvanite,Clinobisvanite,,
3874,3874,Clinocervantite,Clinocervantite,,
3875,3875,Clinochalcomenite,Clinochalcomenite,,
3876,3876,Clinochlore,Clinochlore,,
3877,3877,Clinochrysotile,Clinochrysotile,,
3878,3878,Clinoclase,Clinoclase,,
3879,3879,Clinoenstatite,Clinoenstatite,,
3880,3880,Clinoferroholmquistite,Clinoferroholmquistite,,
3881,3881,Clinoferrosilite,Clinoferrosilite,,
3882,3882,Clinohedrite,Clinohedrite,,
3883,3883,Clinoholmquistite,Clinoholmquistite,,
3884,3884,Clinohumite,Clinohumite,,
3885,3885,Clinojimthompsonite,Clinojimthompsonite,,
3886,3886,Clinokurchatovite,Clinokurchatovite,,
3887,3887,Clinomimetite,Clinomimetite,,
3888,3888,Clinophosinaite,Clinophosinaite,,
3889,3889,Clinoptilolite,Clinoptilolite,,
3890,3890,Clinoptilolite-Ca,Clinoptilolite-Ca,,
3891,3891,Clinoptilolite-K,Clinoptilolite-K,,
3892,3892,Clinoptilolite-Na,Clinoptilolite-Na,,
3893,3893,Clinosafflorite,Clinosafflorite,,
3894,3894,Clinotobermorite,Clinotobermorite,,
3895,3895,Clinotyrolite,Clinotyrolite,,
3896,3896,Clinoungemachite,Clinoungemachite,,
3897,3897,Clinozoisite,Clinozoisite,,
3898,3898,Clintonite,Clintonite,,
3899,3899,Coalingite,Coalingite,,
3900,3900,CobaltPentlandite,CobaltPentlandite,,
3901,3901,Cobalt-zippeite,Cobalt-zippeite,,
3902,3902,Cobaltaustinite,Cobaltaustinite,,
3903,3903,Cobaltite,Cobaltite,,
3904,3904,Cobaltkoritnigite,Cobaltkoritnigite,,
3905,3905,Cobaltolotharmeyerite,Cobaltolotharmeyerite,,
3906,3906,Cobaltomenite,Cobaltomenite,,
3907,3907,Cochromite,Cochromite,,
3908,3908,Coconinoite,Coconinoite,,
3909,3909,Coeruleolactite,Coeruleolactite,,
3910,3910,Coesite,Coesite,,
3911,3911,Coffinite,Coffinite,,
3912,3912,Cohenite,Cohenite,,
3913,3913,Colemanite,Colemanite,,
3914,3914,Collinsite,Collinsite,,
3915,3915,Coloradoite,Coloradoite,,
3916,3916,Colquiriite,Colquiriite,,
3917,3917,Columbite,Columbite,,
3918,3918,Colusite,Colusite,,
3919,3919,Comancheite,Comancheite,,
3920,3920,Combeite,Combeite,,
3921,3921,Comblainite,Comblainite,,
3922,3922,Compreignacite,Compreignacite,,
3923,3923,Congolite,Congolite,,
3924,3924,Conichalcite,Conichalcite,,
3925,3925,Connellite,Connellite,,
3926,3926,Consumed,Consumed,,
3927,3927,Cookeite,Cookeite,,
3928,3928,Coombsite,Coombsite,,
3929,3929,Cooperite,Cooperite,,
3930,3930,Coparsite,Coparsite,,
3931,3931,Copiapite,Copiapite,,
3932,3932,Copper,Copper,,
3933,3933,Coquandite,Coquandite,,
3934,3934,Chenite,Chenite,,
3935,3935,Cheralite,Cheralite,,
3936,3936,Coquimbite,Coquimbite,,
3937,3937,Coral,Coral,,
3938,3938,Corderoite,Corderoite,,
3939,3939,Cordierite,Cordierite,,
3940,3940,Abelsonite,Abelsonite,,
3941,3941,Abenakiite-(Ce),Abenakiite-(Ce),,
3942,3942,Abernathyite,Abernathyite,,
3943,3943,Abhurite,Abhurite,,
3944,3944,Abswurmbachite,Abswurmbachite,,
3945,3945,Acanthite,Acanthite,,
3946,3946,Acetamide,Acetamide,,
3947,3947,Actinolite,Actinolite,,
3948,3948,Acuminite,Acuminite,,
3949,3949,Adamite,Adamite,,
3950,3950,Adamsite-(Y),Adamsite-(Y),,
3951,3951,Adelite,Adelite,,
3952,3952,Admontite,Admontite,,
3953,3953,Aegirine,Aegirine,,
3954,3954,Aenigmatite,Aenigmatite,,
3955,3955,Aerinite,Aerinite,,
3956,3956,Aerugite,Aerugite,,
3957,3957,Aeschynite,Aeschynite,,
3958,3958,Aeschynite-(Ce),Aeschynite-(Ce),,
3959,3959,Aeschynite-(Nd),Aeschynite-(Nd),,
3960,3960,Aeschynite-(Y),Aeschynite-(Y),,
3961,3961,Afghanite,Afghanite,,
3962,3962,Afwillite,Afwillite,,
3963,3963,Agardite,Agardite,,
3964,3964,Agardite-(La),Agardite-(La),,
3965,3965,Agardite-(Y),Agardite-(Y),,
3966,3966,Agrellite,Agrellite,,
3967,3967,Agrinierite,Agrinierite,,
3968,3968,Aguilarite,Aguilarite,,
3969,3969,Aheylite,Aheylite,,
3970,3970,Ahlfeldite,Ahlfeldite,,
3971,3971,Aikinite,Aikinite,,
3972,3972,Ajoite,Ajoite,,
3973,3973,Akaganeite,Akaganeite,,
3974,3974,Akatoreite,Akatoreite,,
3975,3975,Akdalaite,Akdalaite,,
3976,3976,Akermanite,Akermanite,,
3977,3977,Akhtenskite,Akhtenskite,,
3978,3978,Akimotoite,Akimotoite,,
3979,3979,Akrochordite,Akrochordite,,
3980,3980,Aksaite,Aksaite,,
3981,3981,Aktashite,Aktashite,,
3982,3982,Alabandite,Alabandite,,
3983,3983,Alacranite,Alacranite,,
3984,3984,Alamosite,Alamosite,,
3985,3985,Alarsite,Alarsite,,
3986,3986,Albite,Albite,,
3987,3987,Albrechtschraufite,Albrechtschraufite,,
3988,3988,Aldermanite,Aldermanite,,
3989,3989,Aldzhanite,Aldzhanite,,
3990,3990,Aleksite,Aleksite,,
3991,3991,Alforsite,Alforsite,,
3992,3992,Algodonite,Algodonite,,
3993,3993,Aliettite,Aliettite,,
3994,3994,Allactite,Allactite,,
3995,3995,Allanite,Allanite,,
3996,3996,Allanite-(Ce),Allanite-(Ce),,
3997,3997,Allanite-(La),Allanite-(La),,
3998,3998,Allanite-(Y),Allanite-(Y),,
3999,3999,Allargentum,Allargentum,,
4000,4000,Alleghanyite,Alleghanyite,,
4001,4001,Alloclasite,Alloclasite,,
4002,4002,Allophane,Allophane,,
4003,4003,Alluaivite,Alluaivite,,
4004,4004,Alluaudite,Alluaudite,,
4005,4005,Almandine,Almandine,,
4006,4006,Alstonite,Alstonite,,
4007,4007,Altaite,Altaite,,
4008,4008,Althausite,Althausite,,
4009,4009,Althupite,Althupite,,
4010,4010,Altisite,Altisite,,
4011,4011,Alum(GeneralTerm),Alum(GeneralTerm),,
4012,4012,Aluminite,Aluminite,,
4013,4013,Aluminium,Aluminium,,
4014,4014,Aluminoceladonite,Aluminoceladonite,,
4015,4015,Aluminocopiapite,Aluminocopiapite,,
4016,4016,Aluminokatophorite,Aluminokatophorite,,
4017,4017,Aluminotschermakite,Aluminotschermakite,,
4018,4018,Aluminum,Aluminum,,
4019,4019,Alumohydrocalcite,Alumohydrocalcite,,
4020,4020,Alumoklyuchevskite,Alumoklyuchevskite,,
4021,4021,Alumopharmacosiderite,Alumopharmacosiderite,,
4022,4022,Alumotantite,Alumotantite,,
4023,4023,Alumotungstite,Alumotungstite,,
4024,4024,Alunite,Alunite,,
4025,4025,Alunogen,Alunogen,,
4026,4026,Alvanite,Alvanite,,
4027,4027,Amakinite,Amakinite,,
4028,4028,Amalgam,Amalgam,,
4029,4029,Amarantite,Amarantite,,
4030,4030,Amarillite,Amarillite,,
4031,4031,Amber,Amber,,
4032,4032,Amblygonite,Amblygonite,,
4033,4033,Ameghinite,Ameghinite,,
4034,4034,Amesite,Amesite,,
4035,4035,Amicite,Amicite,,
4036,4036,Aminoffite,Aminoffite,,
4037,4037,Potassic-magnesiosadanagaite,Potassic-magnesiosadanagaite,,
4038,4038,Potassicferrisadanagaite,Potassicferrisadanagaite,,
4039,4039,Potassicpargasite,Potassicpargasite,,
4040,4040,Potassicsadanagaite,Potassicsadanagaite,,
4041,4041,Ammonioborite,Ammonioborite,,
4042,4042,Ammoniojarosite,Ammoniojarosite,,
4043,4043,Ammonioleucite,Ammonioleucite,,
4044,4044,AmphiboleGroup,AmphiboleGroup,,
4045,4045,Amstallite,Amstallite,,
4046,4046,Analcime,Analcime,,
4047,4047,Anandite,Anandite,,
4048,4048,Anapaite,Anapaite,,
4049,4049,Anatase,Anatase,,
4050,4050,Ancylite-(Ce),Ancylite-(Ce),,
4051,4051,Ancylite-(La),Ancylite-(La),,
4052,4052,Andalusite,Andalusite,,
4053,4053,Andersonite,Andersonite,,
4054,4054,Andesine,Andesine,,
4055,4055,Andorite,Andorite,,
4056,4056,Andradite,Andradite,,
4057,4057,Andremeyerite,Andremeyerite,,
4058,4058,Androsite-(La),Androsite-(La),,
4059,4059,Anduoite,Anduoite,,
4060,4060,Angelellite,Angelellite,,
4061,4061,Anglesite,Anglesite,,
4062,4062,Anhydrite,Anhydrite,,
4063,4063,Anilite,Anilite,,
4064,4064,Ankangite,Ankangite,,
4065,4065,Ankerite,Ankerite,,
4066,4066,Annabergite,Annabergite,,
4067,4067,Annite,Annite,,
4068,4068,Anorthite,Anorthite,,
4069,4069,Anorthoclase,Anorthoclase,,
4070,4070,Antarcticite,Antarcticite,,
4071,4071,Anthoinite,Anthoinite,,
4072,4072,Anthonyite,Anthonyite,,
4073,4073,Anthophyllite,Anthophyllite,,
4074,4074,Antigorite,Antigorite,,
4075,4075,Antimonpearceite,Antimonpearceite,,
4076,4076,Antimonselite,Antimonselite,,
4077,4077,Antimony,Antimony,,
4078,4078,Antlerite,Antlerite,,
4079,4079,Anyuiite,Anyuiite,,
4080,4080,Apachite,Apachite,,
4081,4081,ApatiteGroup,ApatiteGroup,,
4082,4082,Aphthitalite,Aphthitalite,,
4083,4083,Apjohnite,Apjohnite,,
4084,4084,Aplowite,Aplowite,,
4085,4085,Apophyllite,Apophyllite,,
4086,4086,Apuanite,Apuanite,,
4087,4087,Aragonite,Aragonite,,
4088,4088,Arakiite,Arakiite,,
4089,4089,Aramayoite,Aramayoite,,
4090,4090,Aravaipaite,Aravaipaite,,
4091,4091,Arcanite,Arcanite,,
4092,4092,Archerite,Archerite,,
4093,4093,Arctite,Arctite,,
4094,4094,Arcubisite,Arcubisite,,
4095,4095,Ardaite,Ardaite,,
4096,4096,Ardealite,Ardealite,,
4097,4097,Ardennite,Ardennite,,
4098,4098,Arfvedsonite,Arfvedsonite,,
4099,4099,Argentojarosite,Argentojarosite,,
4100,4100,Argentopentlandite,Argentopentlandite,,
4101,4101,Argentopyrite,Argentopyrite,,
4102,4102,Argentotennantite,Argentotennantite,,
4103,4103,Argutite,Argutite,,
4104,4104,Argyrodite,Argyrodite,,
4105,4105,Arhbarite,Arhbarite,,
4106,4106,Aristarainite,Aristarainite,,
4107,4107,Armalcolite,Armalcolite,,
4108,4108,Armangite,Armangite,,
4109,4109,Armenite,Armenite,,
4110,4110,Armstrongite,Armstrongite,,
4111,4111,Arnhemite,Arnhemite,,
4112,4112,Arrojadite,Arrojadite,,
4113,4113,Arsenbrackebuschite,Arsenbrackebuschite,,
4114,4114,Arsendescloizite,Arsendescloizite,,
4115,4115,Arsenic,Arsenic,,
4116,4116,Arseniopleite,Arseniopleite,,
4117,4117,Arseniosiderite,Arseniosiderite,,
4118,4118,Arsenobismite,Arsenobismite,,
4119,4119,Arsenoclasite,Arsenoclasite,,
4120,4120,Arsenocrandallite,Arsenocrandallite,,
4121,4121,Arsenoflorencite-(Ce),Arsenoflorencite-(Ce),,
4122,4122,Arsenogorceixite,Arsenogorceixite,,
4123,4123,Arsenogoyazite,Arsenogoyazite,,
4124,4124,Arsenohauchecornite,Arsenohauchecornite,,
4125,4125,Arsenolamprite,Arsenolamprite,,
4126,4126,Arsenolite,Arsenolite,,
4127,4127,Arsenopalladinite,Arsenopalladinite,,
4128,4128,Arsenopyrite,Arsenopyrite,,
4129,4129,Arsenosulvanite,Arsenosulvanite,,
4130,4130,Arsenpolybasite,Arsenpolybasite,,
4131,4131,Arsentsumebite,Arsentsumebite,,
4132,4132,Arsenuranospathite,Arsenuranospathite,,
4133,4133,Arsenuranylite,Arsenuranylite,,
4134,4134,Arthurite,Arthurite,,
4135,4135,Artinite,Artinite,,
4136,4136,Artroeite,Artroeite,,
4137,4137,Arupite,Arupite,,
4138,4138,Arzakite,Arzakite,,
4139,4139,Asbecasite,Asbecasite,,
4140,4140,Asbestos,Asbestos,,
4141,4141,Asbolane,Asbolane,,
4142,4142,Aschamalmite,Aschamalmite,,
4143,4143,Ashanite,Ashanite,,
4144,4144,Ashburtonite,Ashburtonite,,
4145,4145,Ashcroftine-(Y),Ashcroftine-(Y),,
4146,4146,Ashoverite,Ashoverite,,
4147,4147,Asisite,Asisite,,
4148,4148,Aspidolite,Aspidolite,,
4149,4149,Asselbornite,Asselbornite,,
4150,4150,Astrocyanite-(Ce),Astrocyanite-(Ce),,
4151,4151,Astrophyllite,Astrophyllite,,
4152,4152,Atacamite,Atacamite,,
4153,4153,Atelestite,Atelestite,,
4154,4154,Athabascaite,Athabascaite,,
4155,4155,Atheneite,Atheneite,,
4156,4156,Atlasovite,Atlasovite,,
4157,4157,Atokite,Atokite,,
4158,4158,Attakolite,Attakolite,,
4159,4159,Aubertite,Aubertite,,
4160,4160,Augelite,Augelite,,
4161,4161,Augite,Augite,,
4162,4162,Aurantimonate,Aurantimonate,,
4163,4163,Aurichalcite,Aurichalcite,,
4164,4164,Auricupride,Auricupride,,
4165,4165,Aurorite,Aurorite,,
4166,4166,Aurostibite,Aurostibite,,
4167,4167,Austinite,Austinite,,
4168,4168,Autunite,Autunite,,
4169,4169,Averievite,Averievite,,
4170,4170,Avicennite,Avicennite,,
4171,4171,Avogadrite,Avogadrite,,
4172,4172,Awaruite,Awaruite,,
4173,4173,Azoproite,Azoproite,,
4174,4174,Azurite,Azurite,,
4175,4175,Babefphite,Babefphite,,
4176,4176,Babingtonite,Babingtonite,,
4177,4177,Babkinite,Babkinite,,
4178,4178,Baddeleyite,Baddeleyite,,
4179,4179,Bafertisite,Bafertisite,,
4180,4180,Baghdadite,Baghdadite,,
4181,4181,Bahianite,Bahianite,,
4182,4182,Baileychlore,Baileychlore,,
4183,4183,Baiyuneboite,Baiyuneboite,,
4184,4184,Corkite,Corkite,,
4185,4185,Baiyuneboite-(Ce),Baiyuneboite-(Ce),,
4186,4186,Cordylite-(Ce),Cordylite-(Ce),,
4187,4187,Cornetite,Cornetite,,
4188,4188,Cornubite,Cornubite,,
4189,4189,Cornwallite,Cornwallite,,
4190,4190,Coronadite,Coronadite,,
4191,4191,Corrensite,Corrensite,,
4192,4192,Corundum,Corundum,,
4193,4193,Corvusite,Corvusite,,
4194,4194,Cosalite,Cosalite,,
4195,4195,Coskrenite-(Ce),Coskrenite-(Ce),,
4196,4196,Costibite,Costibite,,
4197,4197,Cotunnite,Cotunnite,,
4198,4198,Coulsonite,Coulsonite,,
4199,4199,Cousinite,Cousinite,,
4200,4200,Covellite,Covellite,,
4201,4201,Cowlesite,Cowlesite,,
4202,4202,Coyoteite,Coyoteite,,
4203,4203,Crandallite,Crandallite,,
4204,4204,Crawfordite,Crawfordite,,
4205,4205,Creaseyite,Creaseyite,,
4206,4206,Criddleite,Criddleite,,
4207,4207,Cristobalite,Cristobalite,,
4208,4208,Crocoite,Crocoite,,
4209,4209,Cronstedtite,Cronstedtite,,
4210,4210,Cronstedtite-1m,Cronstedtite-1m,,
4211,4211,Crookesite,Crookesite,,
4212,4212,Crossite,Crossite,,
4213,4213,Cryolite,Cryolite,,
4214,4214,Cryolithionite,Cryolithionite,,
4215,4215,Cryptohalite,Cryptohalite,,
4216,4216,Cryptomelane,Cryptomelane,,
4217,4217,Csikolavaite,Csikolavaite,,
4218,4218,Cualstibite,Cualstibite,,
4219,4219,Cubanite,Cubanite,,
4220,4220,Cumengite,Cumengite,,
4221,4221,Cummingtonite,Cummingtonite,,
4222,4222,AllMinerals,AllMinerals,,
4223,4223,Delrioite,Delrioite,,
4224,4224,Delvauxite,Delvauxite,,
4225,4225,Demesmaekerite,Demesmaekerite,,
4226,4226,Denisovite,Denisovite,,
4227,4227,Denningite,Denningite,,
4228,4228,Derbylite,Derbylite,,
4229,4229,Derriksite,Derriksite,,
4230,4230,Dervillite,Dervillite,,
4231,4231,Desautelsite,Desautelsite,,
4232,4232,Descloizite,Descloizite,,
4233,4233,Despujolsite,Despujolsite,,
4234,4234,Dessauite,Dessauite,,
4235,4235,Devilline,Devilline,,
4236,4236,Dewindtite,Dewindtite,,
4237,4237,Diaboleite,Diaboleite,,
4238,4238,Diadochite,Diadochite,,
4239,4239,Diamond,Diamond,,
4240,4240,Diaoyudaoite,Diaoyudaoite,,
4241,4241,Diaphorite,Diaphorite,,
4242,4242,Diaspore,Diaspore,,
4243,4243,Dickinsonite,Dickinsonite,,
4244,4244,Dickite,Dickite,,
4245,4245,Dickthomssenite,Dickthomssenite,,
4246,4246,Dienerite,Dienerite,,
4247,4247,Dietrichite,Dietrichite,,
4248,4248,Dietzeite,Dietzeite,,
4249,4249,Digenite,Digenite,,
4250,5130,Liquid>aqueous,Fluid>Aqueous liquid,A material primarily composed of dihydrogen oxide in its liquid form,
4251,5087,Gas,Fluid>Gas,Material composed of one or more chemical entities that has neither independent shape nor volume but tends to expand indefinitely (http://purl.obolibrary.org/obo/ENVO_01000797).,
4252,4252,Biology,Biogenic material,"Material formed by a living organism, organic or inorganic composition",
4253,-9999,Microbiology,,"not a material type; reclassify material and material object type (Water biome, soil biome…)",
4254,-9999,NotApplicable,,NotApplicable,
4255,-9999,Other,,other material,
4256,4256,Soil,Soil,"Mixed granular mineral and organic matter modified by interaction between earth material, biosphere, and atmosphere, consisting of varying proportions of sand, silt, and clay, organic material such as humus, gases, liquids, and a broad range of resident micro- and macroorganisms. (https://en.wikipedia.org/wiki/Soil) Soil consists of horizons near the Earth's surface that, in contrast to the underlying parent material, have been altered by the interactions of climate, relief, and living organisms over time. (http://www.nrcs.usda.gov/wps/portal/nrcs/detail/soils/edu/?cid=nrcs142p2_054280) (http://purl.obolibrary.org/obo/ENVO_00001998) ",
4257,4257,Sediment,Non-consolidated sediment,"Solid granular material transported by wind, water, or gravity, not modified by interaction with biosphere or atmosphere (to differentiate from soil). Particles derived by erosion of pre-existing rock, from shell or other body parts from organisms, precipitated chemically in the surficial environment, or generated by explosive volcanic activity. (http://resource.geosciml.org/classifier/cgi/lithology/sediment). Sediment is not consolidated, i.e. Particulate constituents of a compound material do not adhere to each other strongly enough that the aggregate can be considered a solid material in its own right. Similar to http://purl.obolibrary.org/obo/ENVO_00002007",
4258,4258,Particulate,Particulate,"Material consists of microscopic particulate material derived by precipitation, filtering, or settling from suspension in a fluid, e.g. filtrate from water, deposition from atmosphere, astro material particles. Might include mineral, organic, or biological material. ENVO definition (ENVO_01000060) has ""composed of microscopic portions of solid or liquid material suspended in another environmental material."" Refine here to define as the solid particles, distinct from a material in which they are suspended. A material that includes solid or liquid particles suspended in another material would be a dispersed_media in this scheme, not defined in ENVO. Human manufactured particulates (e.g. rock powder) should be categorized as 'Anthropogenic material' as well as 'Particulate' .",
4259,5158,Liquid>organic,Fluid>Non-aqueous liquid,"Liquid composed dominantly of material other than water. Includes liquids that do not fit in any other category. E.g. alcohol, petroleum. ",
4260,4252,Macrobiology,Biogenic material,"Material formed by a living organism, organic or inorganic composition",
4262,4262,Macrobiology>Coral,Biogenic non-organic material ,"Material produced by an organism but not composed of very large molecules of biological origin. E.g. bone, tooth, shell, coral, skeleton ",
4263,5141,Metamorphic>Metasedimentary,Metasedimentary rock,Rock formed by metamorphism of a sedimentary protolith.,
4264,3068,Ice,Frozen water,Water that is in a solid state. ,
4265,5133,Synthetic,Manufactured chemical substance ,material is an artifically produced sustance consisting of a single chemical entity,
4266,5142,Hydrothermal,Metasomatic rock,"Rockh has open source n indicating open-system mineralogical and chemical changes in response to interaction with a fluid phase, typically water rich.",
4267,5109,Hydrothermal>Sulfide,Hydrothermal Massive Sulphide,Rock consisting of greater that 50% sulphide or sulfosalt minerals formed by hydrothermal mineralization processes.,
4268,5142,Hydrothermal>Oxide,Metasomatic rock,"Rock that has fabric and composition indicating open-system mineralogical and chemical changes in response to interaction with a fluid phase, typically water rich.",
4269,5142,Hydrothermal>Sulfate,Metasomatic rock,"Rock that has fabric and composition indicating open-system mineralogical and chemical changes in response to interaction with a fluid phase, typically water rich.",
4270,5142,Hydrothermal>Carbonate,Metasomatic rock,"Rock that has fabric and composition indicating open-system mineralogical and chemical changes in response to interaction with a fluid phase, typically water rich.",
4271,5142,Hydrothermal>Breccia,Metasomatic rock,"Rock that has fabric and composition indicating open-system mineralogical and chemical changes in response to interaction with a fluid phase, typically water rich.",
4272,5142,Hydrothermal>Stockwork,Metasomatic rock,"Rock that has fabric and composition indicating open-system mineralogical and chemical changes in response to interaction with a fluid phase, typically water rich.",
4273,5143,Metamorphic>Metavolcanic,Metavolcanic rock,Rock formed by metamorphism of an extrusive igneous protolith.,
4274,5110,Igneous>Hypabyssal,Hypabyssal intrusive rock,"Igneous rocks formed by crystallisation close to the Earth's surface, characterized by more rapid cooling than plutonic setting to produce generally fine-grained intrusive igneous rock, commonly associated with co-magmatic volcanic rocks.",
4275,5162,Organic Material,Organic material,"Material derived from living organisms and composed primarily of one or more very large molecules of biological origin. Examples: body (animal or plant), body part, fecal matter, seeds, wood, tissue, biological fluids, biological waste, algal material, biofilm, necromass, plankton. source: http://purl.obolibrary.org/obo/ENVO_01000155 ",
4276,5236,Plant Structure,Plant material,Organic material produced by a plant,
4277,5216,Tephra,Tephra,"Unconsolidated pyroclastic material in which greater than 75 percent of the fragments are deposited as a direct result of volcanic processes and the deposit has not been reworked by epiclastic processes. Includes ash, lapilli tephra, bomb tephra, block tephra and unconsolidated agglomerate.",
4278,4278,Donor Organism,Animal tissue,Organic material that is tissue from the body of an animal. ,
,3,,any material,top concept in materials vocabulary,
,4,,Natural Solid Material,"A naturally occurring solid material that is not anthropogenic, biogenic, or ice.",
,5008,,Anthropogenic material,,
,5237,,Mineral-Native Element,Nickel-Strunz class 01,
,5238,,Mineral-Sulfide or Sulfosalt,Nickel-Strunz class 02,
,5239,,Mineral-Halide,Nickel-Strunz class 03,
,5240,,Mineral-Oxide,Nickel-Strunz class 04,
,5241,,Mineral-Carbonate or Nitrate,Nickel-Strunz class 05,
,5242,,Mineral-Borate,Nickel-Strunz class 06,
,5243,,"Mineral-Sulfate, Selenate, or Tellurate",Nickel-Strunz class 07,
,5244,,"Mineral-Phosphate, Arsenate, or Vanadate",Nickel-Strunz class 08,
,5245,,Mineral-Silicate or Germanate,Nickel-Strunz class 09,
,5246,,Mineral-Organic Compound,Nickel-Strunz class 10,
,5247,,Mineral-Organic Compound,Organic mineral,
,5248,,Fluid material,"Substance that continually deforms (flows) under an applied shear stress, or external force. Fluids are a phase of matter and include liquids, gases and plasmas. They are substances with zero or small shear modulus, and flow at a perceptible rate under any shear force applied to them. ",
,5249,,Composite genesis material,"Material of unspecified consolidation state formed by geological modification of pre-existing materials outside the realm of igneous and sedimentary processes. Includes rocks formed by impact metamorphism, standard dynamothermal metamorphism, brittle deformation, weathering, metasomatism and hydrothermal alteration (diagenesis is a sedimentary process in this context). ",
,5250,,Mineral Processing Product,"Materials resulting from mineral processing for resource extraction. Includes tailings, slag, matte, concentrate etc.",
