"cruise_field_prgrm","platform_name","end","start"
NULL,NULL,"1847-08-05 21:27:44-07:28:18","6198-11-08 22:00:00-07"
"DSDP Leg 82",NULL,"1905-05-31 22:00:00-07","1905-06-17 22:00:00-07"
"Lomonosov Ridge Experiment (LOREX) 0m Summer",NULL,"1905-05-31 22:00:00-07","1905-05-31 22:00:00-07"
"Lomonosov Ridge Experiment (LOREX) #3 0m Summer",NULL,"1905-05-31 22:00:00-07","1905-05-31 22:00:00-07"
"USGS 1590 Series",NULL,"1905-06-02 22:00:00-07","1980-12-31 22:00:00-07"
NULL,"AMNH Collection Trip","1905-06-02 22:00:00-07","1905-06-02 22:00:00-07"
"Noranda Minerals",NULL,"1905-06-11 22:00:00-07","1905-06-11 22:00:00-07"
"ODP Leg 153","Joides Resolution","1905-06-15 22:00:00-07","1994-01-16 22:00:00-07"
"Enriched Background Isotope Study",NULL,"1905-06-22 22:00:00-07","1905-06-25 22:00:00-07"
"Saudi Arabia",NULL,"1905-06-25 22:00:00-07","1905-06-25 22:00:00-07"
"Manitoba Far North Geomapping Initiative",NULL,"1905-06-26 22:00:00-07","2009-12-31 22:00:00-07"
"SN09",NULL,"1905-06-30 22:00:00-07","2008-12-31 22:00:00-07"
"IODP Expedition 329","JOIDES Resolution","1905-07-01 22:00:00-07","1905-07-01 22:00:00-07"
"WUS11",NULL,"1905-07-02 22:00:00-07","2010-12-31 22:00:00-07"
"WUS14",NULL,"1905-07-05 22:00:00-07","2013-12-31 22:00:00-07"
"Ruffenhofen 2015-2017; Limites-Project/Space development and roman-german interactions-Project",NULL,"1905-07-06 22:00:00-07","2022-04-13 21:00:00-07"
"Bahamas Field 2019",NULL,"1905-07-10 22:00:00-07","2019-06-19 21:00:00-07"
"Scarritt Patagonian Expedition of the AMNH",NULL,"1931-01-31 22:00:00-07","1931-01-31 22:00:00-07"
"Catalina-Jemez Critical Zone Observatory (CZO)",NULL,"1931-06-02 08:00:00-07","2019-09-24 07:00:00-07"
"Calkins and Thayer Traverse of the Sutro Tunnel",NULL,"1935-01-01 10:00:00-07","1935-01-01 10:00:00-07"
"LK1","Lord Kelvin","1936-04-30 21:00:00-07","1936-04-30 21:00:00-07"
"AT150","Atlantis","1946-12-31 22:00:00-07","1947-09-10 21:00:00-07"
"AT150","R/V Atlantis","1946-12-31 22:00:00-07","1946-12-31 22:00:00-07"
"AT152","Atlantis","1948-08-11 21:00:00-07","1948-09-12 21:00:00-07"
"AT153","Atlantis","1948-10-17 22:00:00-07","1948-12-05 22:00:00-07"
"RE01","REHOBOTH","1948-12-31 22:00:00-07","1948-12-31 22:00:00-07"
"AT156","Atlantis","1948-12-31 22:00:00-07","1948-12-31 22:00:00-07"
"C08","Caryn","1949-05-17 21:00:00-07","1949-05-19 21:00:00-07"
"SP03","San Pablo","1949-07-27 21:00:00-07","1949-08-28 21:00:00-07"
"AT157","Atlantis","1949-07-31 21:00:00-07","1949-09-10 21:00:00-07"
"AT158","Atlantis","1949-09-21 21:00:00-07","1949-09-29 22:00:00-07"
"AT159","Atlantis","1949-12-19 22:00:00-07","1949-12-19 22:00:00-07"
"AT161","Atlantis","1949-12-31 22:00:00-07","1949-12-31 22:00:00-07"
"AT160","Atlantis","1950-01-19 22:00:00-07","1950-04-02 22:00:00-07"
"RE05","REHOBOTH","1950-03-14 22:00:00-07","1950-03-23 22:00:00-07"
"AT162","Atlantis","1950-05-11 21:00:00-07","1950-05-17 21:00:00-07"
"AT164","Atlantis","1950-07-08 21:00:00-07","1950-09-20 21:00:00-07"
"MGII","Mother Goose II","1950-07-26 21:00:00-07","1950-08-01 21:00:00-07"
"RE07","REHOBOTH","1950-11-25 22:00:00-07","1950-12-03 22:00:00-07"
"AT173","Atlantis","1950-12-31 22:00:00-07","1950-12-31 22:00:00-07"
"SP09","San Pablo","1950-12-31 22:00:00-07","1950-12-31 22:00:00-07"
"AT172","Atlantis","1950-12-31 22:00:00-07","1951-06-04 21:00:00-07"
"AT167","Atlantis","1951-01-05 22:00:00-07","1951-01-21 22:00:00-07"
"SP08","San Pablo","1951-02-14 22:00:00-07","1951-04-22 22:00:00-07"
"C22","Caryn","1951-04-30 21:00:00-07","1951-05-31 21:00:00-07"
"C24","Caryn","1951-06-30 21:00:00-07","1951-06-30 21:00:00-07"
"RT","Ricky-0Ticky","1951-06-30 21:00:00-07","1951-06-30 21:00:00-07"
"C25","Caryn","1951-08-09 21:00:00-07","1951-09-14 21:00:00-07"
"ALB43","Albatross","1951-12-31 22:00:00-07","1951-12-31 22:00:00-07"
"ALB43","Albatross III","1951-12-31 22:00:00-07","1951-12-31 22:00:00-07"
"SP10","San Pablo","1952-01-31 22:00:00-07","1952-03-22 22:00:00-07"
"AT179","Atlantis","1952-04-20 22:00:00-07","1952-05-26 21:00:00-07"
"RE09","REHOBOTH","1952-05-25 21:00:00-07","1952-09-04 21:00:00-07"
"RE11","REHOBOTH","1952-06-23 21:00:00-07","1952-07-21 21:00:00-07"
"RE08","REHOBOTH","1952-07-01 21:00:00-07","1952-07-29 21:00:00-07"
"KM1","Kevin Moran","1952-07-15 21:00:00-07","1952-10-04 22:00:00-07"
"AT180","Atlantis","1952-07-23 21:00:00-07","1952-10-02 22:00:00-07"
"RE13","REHOBOTH","1952-07-30 21:00:00-07","1953-08-16 21:00:00-07"
"RE10","REHOBOTH","1952-09-04 21:00:00-07","1952-09-04 21:00:00-07"
"AT181","Atlantis","1952-10-17 22:00:00-07","1952-12-03 22:00:00-07"
"SP12","San Pablo","1952-12-31 22:00:00-07","1952-12-31 22:00:00-07"
"RE12","REHOBOTH","1953-03-23 22:00:00-07","1953-04-15 22:00:00-07"
"AT185","Atlantis","1953-04-28 21:00:00-07","1953-06-08 21:00:00-07"
"T3-53","Ice Island T3","1953-05-09 21:00:00-07","1953-09-09 21:00:00-07"
"SP13","San Pablo","1953-05-29 21:00:00-07","1953-06-06 21:00:00-07"
"V0201","Vema","1953-07-20 21:00:00-07","1953-07-29 21:00:00-07"
"VM02","Vema","1953-07-25 21:00:00-07","1953-07-27 21:00:00-07"
"V0202","Vema","1953-08-23 21:00:00-07","1953-08-25 21:00:00-07"
"V0302","Vema","1954-01-29 22:00:00-07","1954-02-09 22:00:00-07"
"V0304","Vema","1954-02-16 22:00:00-07","1954-02-20 22:00:00-07"
"V0305","Vema","1954-02-25 22:00:00-07","1954-03-08 22:00:00-07"
"VM03","Vema","1954-02-28 22:00:00-07","1954-04-03 22:00:00-07"
"V0306","Vema","1954-03-13 22:00:00-07","1954-03-21 22:00:00-07"
"V0307","Vema","1954-04-02 22:00:00-07","1954-04-17 22:00:00-07"
"V0308","Vema","1954-04-20 22:00:00-07","1954-05-01 21:00:00-07"
"V0309","Vema","1954-05-05 21:00:00-07","1954-05-18 21:00:00-07"
"V0310","Vema","1954-05-21 21:00:00-07","1954-06-02 21:00:00-07"
"V0401","Vema","1954-07-09 21:00:00-07","1954-07-25 21:00:00-07"
"VM04","Vema","1954-07-21 21:00:00-07","1954-08-06 21:00:00-07"
"V0402","Vema","1954-08-01 21:00:00-07","1954-08-09 21:00:00-07"
"V0404","Vema","1954-08-21 21:00:00-07","1954-08-21 21:00:00-07"
"V0405","Vema","1954-08-26 21:00:00-07","1954-09-05 21:00:00-07"
"VM0004","Vema","1954-08-29 21:00:00-07","1954-08-30 21:00:00-07"
"V0501","Vema","1954-11-06 22:00:00-07","1954-11-08 22:00:00-07"
"VM05","Vema","1954-11-08 22:00:00-07","1954-12-12 22:00:00-07"
"V0502","Vema","1954-11-11 22:00:00-07","1954-11-14 22:00:00-07"
"V0503","Vema","1954-11-16 22:00:00-07","1954-11-18 22:00:00-07"
"V0504","Vema","1954-11-22 22:00:00-07","1954-11-25 22:00:00-07"
"V0505","Vema","1954-12-03 22:00:00-07","1954-12-04 22:00:00-07"
"V0507","Vema","1954-12-11 22:00:00-07","1954-12-13 22:00:00-07"
"Citronelle Oil Field",NULL,"1954-12-31 12:00:00-07","2005-12-31 17:00:00-07"
"V0604","Vema","1955-02-11 22:00:00-07","1955-02-13 22:00:00-07"
"V0605","Vema","1955-02-19 22:00:00-07","1955-02-21 22:00:00-07"
"V0606","Vema","1955-03-03 22:00:00-07","1955-03-07 22:00:00-07"
"V0607","Vema","1955-03-15 22:00:00-07","1955-03-15 22:00:00-07"
"V0608","Vema","1955-03-27 22:00:00-07","1955-03-27 22:00:00-07"
"V0701","Vema","1955-05-25 21:00:00-07","1955-06-04 21:00:00-07"
"T3-55","Ice Island T3","1955-05-26 21:00:00-07","1955-05-26 21:00:00-07"
"V0702","Vema","1955-06-10 21:00:00-07","1955-06-28 21:00:00-07"
"VM07","Vema","1955-06-17 21:00:00-07","1955-08-14 21:00:00-07"
"V0703","Vema","1955-07-09 21:00:00-07","1955-07-26 21:00:00-07"
"V0704","Vema","1955-08-04 21:00:00-07","1955-08-14 21:00:00-07"
"V0705","Vema","1955-08-31 21:00:00-07","1955-09-17 21:00:00-07"
"V0803","Vema","1955-11-08 22:00:00-07","1955-11-12 22:00:00-07"
"V0805","Vema","1955-11-21 22:00:00-07","1955-11-30 22:00:00-07"
"VM08","Vema","1955-12-06 22:00:00-07","1955-12-06 22:00:00-07"
"V0807","Vema","1955-12-07 22:00:00-07","1955-12-21 22:00:00-07"
"V0808","Vema","1955-12-30 22:00:00-07","1956-02-07 22:00:00-07"
"421","RNZFA Tui","1955-12-31 22:00:00-07","1955-12-31 22:00:00-07"
"BILL-I-1","R/V Billie","1955-12-31 22:00:00-07","1955-12-31 22:00:00-07"
"V0901","Vema","1956-02-10 22:00:00-07","1956-02-16 22:00:00-07"
"V0902","Vema","1956-03-02 22:00:00-07","1956-03-17 22:00:00-07"
"V0903","Vema","1956-03-28 22:00:00-07","1956-04-15 22:00:00-07"
"VM09","Vema","1956-03-30 22:00:00-07","1956-03-30 22:00:00-07"
"SP11","San Pablo","1956-06-01 21:00:00-07","1956-06-01 21:00:00-07"
"TH1","Theta","1956-06-13 21:00:00-07","1956-09-29 21:00:00-07"
"V1003","Vema","1956-06-29 21:00:00-07","1956-07-03 21:00:00-07"
"VM10","Vema","1956-07-03 21:00:00-07","1956-07-08 21:00:00-07"
"V1004","Vema","1956-07-05 21:00:00-07","1956-07-09 21:00:00-07"
"AST76-7","Asterias","1956-07-06 21:00:00-07","1976-07-06 21:00:00-07"
"CHINOOK","Spencer F. Baird","1956-07-09 17:00:00-07","1956-08-07 17:00:00-07"
"V1005","Vema","1956-07-12 21:00:00-07","1956-07-14 21:00:00-07"
"V1006","Vema","1956-07-16 21:00:00-07","1956-07-19 21:00:00-07"
"V1007","Vema","1956-07-21 21:00:00-07","1956-07-27 21:00:00-07"
"V1008","Vema","1956-07-30 21:00:00-07","1956-08-05 21:00:00-07"
"V1009","Vema","1956-08-06 21:00:00-07","1956-08-11 21:00:00-07"
"V1010","Vema","1956-08-14 21:00:00-07","1956-08-19 21:00:00-07"
"V1011","Vema","1956-08-27 21:00:00-07","1956-09-01 21:00:00-07"
"V1012","Vema","1956-09-03 21:00:00-07","1956-09-04 21:00:00-07"
"V1013","Vema","1956-09-08 21:00:00-07","1956-09-25 21:00:00-07"
"V1101","Vema","1956-11-06 22:00:00-07","1956-11-06 22:00:00-07"
"V1201","Vema","1956-12-15 22:00:00-07","1956-12-16 22:00:00-07"
"V1202","Vema","1956-12-22 22:00:00-07","1957-01-07 22:00:00-07"
"V1203","Vema","1957-01-21 22:00:00-07","1957-01-31 22:00:00-07"
"VM12","Vema","1957-01-29 22:00:00-07","1957-06-23 21:00:00-07"
"V1204","Vema","1957-02-12 22:00:00-07","1957-02-18 22:00:00-07"
"V1206","Vema","1957-03-13 22:00:00-07","1957-03-23 22:00:00-07"
"V1207","Vema","1957-04-01 22:00:00-07","1957-04-20 22:00:00-07"
"VM0012","Vema","1957-04-05 22:00:00-07","1957-04-05 22:00:00-07"
"V1208","Vema","1957-04-28 21:00:00-07","1957-05-07 21:00:00-07"
"V1209","Vema","1957-05-18 21:00:00-07","1957-06-10 21:00:00-07"
"V1210","Vema","1957-06-28 21:00:00-07","1957-07-02 21:00:00-07"
"V1211","Vema","1957-07-10 21:00:00-07","1957-07-12 21:00:00-07"
"V12","Vema","1957-07-13 21:00:00-07","1957-07-29 21:00:00-07"
"DSA","Drift Station Alpha","1957-08-08 21:00:00-07","1958-06-11 21:00:00-07"
"V1212","Vema","1957-08-08 21:00:00-07","1957-08-11 21:00:00-07"
"V1213","Vema","1957-08-14 21:00:00-07","1957-08-17 21:00:00-07"
"V1301","Vema","1957-10-24 21:00:00-07","1957-10-31 22:00:00-07"
"ATL240","Atlantis","1957-11-01 22:00:00-07","1957-11-08 22:00:00-07"
"VM14","Vema","1957-11-11 22:00:00-07","1958-05-23 21:00:00-07"
"V1402","Vema","1957-11-21 22:00:00-07","1957-12-08 22:00:00-07"
"V1403","Vema","1957-12-15 22:00:00-07","1957-12-16 22:00:00-07"
"V1404","Vema","1957-12-20 22:00:00-07","1957-12-27 22:00:00-07"
"V1405","Vema","1958-01-02 22:00:00-07","1958-01-07 22:00:00-07"
"V1406","Vema","1958-01-17 22:00:00-07","1958-01-20 22:00:00-07"
"VM0014","Vema","1958-01-29 22:00:00-07","1961-06-13 21:00:00-07"
"V1407","Vema","1958-01-29 22:00:00-07","1958-02-12 22:00:00-07"
"V1408","Vema","1958-02-18 22:00:00-07","1958-03-10 22:00:00-07"
"V1409","Vema","1958-03-13 22:00:00-07","1958-04-05 22:00:00-07"
"V1410","Vema","1958-04-19 22:00:00-07","1958-04-22 22:00:00-07"
"V1411","Vema","1958-04-23 22:00:00-07","1958-05-04 21:00:00-07"
"V1412","Vema","1958-05-11 21:00:00-07","1958-06-05 21:00:00-07"
"V1413","Vema","1958-06-09 21:00:00-07","1958-06-27 21:00:00-07"
"V1414","Vema","1958-07-02 21:00:00-07","1958-07-02 21:00:00-07"
"V1415","Vema","1958-07-05 21:00:00-07","1958-07-14 21:00:00-07"
"V1416","Vema","1958-07-23 21:00:00-07","1958-08-02 21:00:00-07"
"V1417","Vema","1958-08-07 21:00:00-07","1958-08-10 21:00:00-07"
"V1418","Vema","1958-08-13 21:00:00-07","1958-08-13 21:00:00-07"
"V1501","Vema","1958-10-17 21:00:00-07","1958-10-21 21:00:00-07"
"VM0015","Vema","1958-10-28 22:00:00-07","1959-07-11 21:00:00-07"
"ATL246","Atlantis","1958-11-01 22:00:00-07","1958-11-20 22:00:00-07"
"V1502","Vema","1958-11-03 22:00:00-07","1958-11-09 22:00:00-07"
"V1503","Vema","1958-11-12 22:00:00-07","1958-12-10 22:00:00-07"
"VM15","Vema","1958-11-21 22:00:00-07","1959-06-23 21:00:00-07"
"V1504","Vema","1958-12-16 22:00:00-07","1958-12-31 22:00:00-07"
"V1505","Vema","1959-01-06 22:00:00-07","1959-01-12 22:00:00-07"
"V1506","Vema","1959-01-15 22:00:00-07","1959-01-20 22:00:00-07"
"V1507","Vema","1959-01-22 22:00:00-07","1959-01-31 22:00:00-07"
"V1508","Vema","1959-02-04 22:00:00-07","1959-02-05 22:00:00-07"
"V1508A","Vema","1959-02-07 22:00:00-07","1959-02-13 22:00:00-07"
"V1509","Vema","1959-02-14 22:00:00-07","1959-02-14 22:00:00-07"
"V15","Vema","1959-02-18 22:00:00-07","1959-02-20 22:00:00-07"
"V1510","Vema","1959-02-22 22:00:00-07","1959-03-08 22:00:00-07"
"V1511","Vema","1959-03-11 22:00:00-07","1959-04-04 22:00:00-07"
"V1512","Vema","1959-04-05 22:00:00-07","1959-04-05 22:00:00-07"
"V1513","Vema","1959-04-19 22:00:00-07","1959-05-02 21:00:00-07"
"V1514","Vema","1959-05-04 21:00:00-07","1959-05-20 21:00:00-07"
"CHAIN7-1","Chain","1959-05-09 21:00:00-07","1959-05-09 21:00:00-07"
"CHAIN7-3","Chain","1959-05-23 21:00:00-07","1959-05-31 21:00:00-07"
"V1515","Vema","1959-05-24 21:00:00-07","1959-05-24 21:00:00-07"
"V1516","Vema","1959-05-26 21:00:00-07","1959-06-12 21:00:00-07"
"CHAIN7-4","Chain","1959-06-04 21:00:00-07","1959-06-16 21:00:00-07"
"V1517","Vema","1959-06-16 21:00:00-07","1959-06-23 21:00:00-07"
"V1518","Vema","1959-07-01 21:00:00-07","1959-07-12 21:00:00-07"
"CHAIN7-7","Chain","1959-07-10 21:00:00-07","1959-07-10 21:00:00-07"
"DSC59","Drift Station Charlie","1959-07-20 21:00:00-07","1959-12-25 22:00:00-07"
"CHAIN7-9","Chain","1959-07-24 21:00:00-07","1959-08-04 21:00:00-07"
"CHAIN7-8","Chain","1959-07-31 21:00:00-07","1959-07-31 21:00:00-07"
"BILL-I-2","R/V Billie","1959-09-22 21:00:00-07","1959-10-13 21:00:00-07"
"V1601","Vema","1959-10-03 21:00:00-07","1959-10-13 21:00:00-07"
"VM16","Vema","1959-10-12 21:00:00-07","1960-08-28 21:00:00-07"
"CHAIN9-6","Chain","1959-10-17 21:00:00-07","1959-10-17 21:00:00-07"
"V1602","Vema","1959-10-19 21:00:00-07","1959-10-27 22:00:00-07"
"CHAIN9-7","Chain","1959-10-20 21:00:00-07","1959-10-20 21:00:00-07"
"V1603","Vema","1959-11-03 22:00:00-07","1959-11-15 22:00:00-07"
"ATL251","Atlantis","1959-11-08 22:00:00-07","1959-11-29 22:00:00-07"
"V1604","Vema","1959-11-22 22:00:00-07","1959-12-19 22:00:00-07"
"DSC59","Ice Island Charlie","1959-11-29 22:00:00-07","1959-12-11 22:00:00-07"
"V1605","Vema","1959-12-27 22:00:00-07","1960-01-20 22:00:00-07"
"V1606","Vema","1960-01-24 22:00:00-07","1960-02-18 22:00:00-07"
"VM0016","Vema","1960-01-28 22:00:00-07","1960-09-08 21:00:00-07"
"CHAIN11-1","Chain","1960-02-12 22:00:00-07","1960-03-19 22:00:00-07"
"ATL254","Atlantis","1960-02-14 22:00:00-07","1960-02-22 22:00:00-07"
"CHAIN11-3","Chain","1960-02-21 22:00:00-07","1960-02-21 22:00:00-07"
"V1607","Vema","1960-03-01 22:00:00-07","1960-03-09 22:00:00-07"
"CHAIN11-4","Chain","1960-03-06 22:00:00-07","1960-03-06 22:00:00-07"
"V1608","Vema","1960-03-16 22:00:00-07","1960-04-05 22:00:00-07"
"V1609","Vema","1960-04-11 22:00:00-07","1960-05-10 21:00:00-07"
"V1610","Vema","1960-05-13 21:00:00-07","1960-06-07 21:00:00-07"
"GO34","Goldberger","1960-06-12 21:00:00-07","1960-06-12 21:00:00-07"
"V1611","Vema","1960-06-15 21:00:00-07","1960-06-29 21:00:00-07"
"GO35","Goldberger","1960-06-20 21:00:00-07","1960-06-20 21:00:00-07"
"V1612","Vema","1960-07-05 21:00:00-07","1960-07-29 21:00:00-07"
"CHAIN13-1","Chain","1960-07-09 21:00:00-07","1960-08-30 21:00:00-07"
"GO60","Goldberger","1960-07-12 21:00:00-07","1960-12-05 22:00:00-07"
"CHAIN13-2","Chain","1960-07-20 21:00:00-07","1960-07-24 21:00:00-07"
"V1613","Vema","1960-08-08 21:00:00-07","1960-08-10 21:00:00-07"
"V1614","Vema","1960-08-12 21:00:00-07","1960-08-21 21:00:00-07"
"V1615","Vema","1960-08-23 21:00:00-07","1960-09-07 21:00:00-07"
"V1616","Vema","1960-09-10 21:00:00-07","1960-09-10 21:00:00-07"
"CHAIN13-7","Chain","1960-09-24 21:00:00-07","1960-09-24 21:00:00-07"
"ATL260","Atlantis","1960-10-11 21:00:00-07","1960-10-19 21:00:00-07"
"LIAF",NULL,"1960-11-10 22:00:00-07","1985-05-30 21:00:00-07"
"V1702","Vema","1960-12-14 22:00:00-07","1960-12-21 22:00:00-07"
"ELT04",NULL,"1960-12-31 17:00:00-07","1961-12-31 17:00:00-07"
"V1703","Vema","1960-12-31 22:00:00-07","1961-01-07 22:00:00-07"
"ELT04","USNS Eltanin","1960-12-31 22:00:00-07","1961-12-31 22:00:00-07"
"ELT05","USNS Eltanin","1960-12-31 22:00:00-07","1961-12-31 22:00:00-07"
"VM0017","Vema","1961-01-04 22:00:00-07","1961-09-12 21:00:00-07"
"V1704","Vema","1961-01-12 22:00:00-07","1961-02-12 22:00:00-07"
"V1705","Vema","1961-02-18 22:00:00-07","1961-03-05 22:00:00-07"
"BILL-I-3","R/V Billie","1961-03-01 22:00:00-07","1961-03-01 22:00:00-07"
"V1706","Vema","1961-03-11 22:00:00-07","1961-03-15 22:00:00-07"
"V1707","Vema","1961-03-20 22:00:00-07","1961-03-28 22:00:00-07"
"VM17","Vema","1961-03-21 22:00:00-07","1961-09-15 21:00:00-07"
"V1708","Vema","1961-03-31 22:00:00-07","1961-04-03 22:00:00-07"
"V1709","Vema","1961-04-12 22:00:00-07","1961-04-25 22:00:00-07"
"YE1","Yelcho","1961-04-13 22:00:00-07","1961-04-25 22:00:00-07"
"CHAIN17-1","Chain","1961-04-27 22:00:00-07","1961-05-03 21:00:00-07"
"V1710","Vema","1961-05-03 21:00:00-07","1961-05-18 21:00:00-07"
"BILL-I-3A","R/V Billie","1961-05-10 21:00:00-07","1961-05-10 21:00:00-07"
"V1711","Vema","1961-05-22 21:00:00-07","1961-06-18 21:00:00-07"
"CHAIN19-1","Chain","1961-06-17 21:00:00-07","1961-07-01 21:00:00-07"
"ATL266","Atlantis","1961-06-24 21:00:00-07","1961-07-22 21:00:00-07"
"V1712","Vema","1961-06-26 21:00:00-07","1961-07-16 21:00:00-07"
"GO61","Goldberger","1961-07-02 21:00:00-07","1961-07-02 21:00:00-07"
"V1713","Vema","1961-07-19 21:00:00-07","1961-08-03 21:00:00-07"
"V1714","Vema","1961-08-12 21:00:00-07","1961-08-14 21:00:00-07"
"V1715","Vema","1961-08-17 21:00:00-07","1961-08-23 21:00:00-07"
"CHAIN21-1","Chain","1961-08-17 21:00:00-07","1961-12-08 22:00:00-07"
"V1716","Vema","1961-08-25 21:00:00-07","1961-09-15 21:00:00-07"
"V1717","Vema","1961-09-23 21:00:00-07","1961-09-25 21:00:00-07"
"V1802","Vema","1961-12-05 22:00:00-07","1961-12-22 22:00:00-07"
"V1803","Vema","1961-12-27 22:00:00-07","1962-01-16 22:00:00-07"
"DF62-01","USCGC Burton Island","1961-12-31 17:00:00-07","1962-01-01 12:00:00-07"
"ELT06",NULL,"1961-12-31 17:00:00-07","1963-01-06 17:00:00-07"
"ELT05",NULL,"1961-12-31 17:00:00-07","1961-12-31 17:00:00-07"
"ELT03",NULL,"1961-12-31 17:00:00-07","1961-12-31 17:00:00-07"
"ELT02",NULL,"1961-12-31 17:00:00-07","1961-12-31 17:00:00-07"
"ELT03","USNS Eltanin","1961-12-31 22:00:00-07","1961-12-31 22:00:00-07"
"VM18","Vema","1961-12-31 22:00:00-07","1962-12-03 22:00:00-07"
"ELT06","e","1961-12-31 22:00:00-07","1961-12-31 22:00:00-07"
"ELT01","USNS Eltanin","1961-12-31 22:00:00-07","1961-12-31 22:00:00-07"
"ELT02","USNS Eltanin","1961-12-31 22:00:00-07","1961-12-31 22:00:00-07"
"ELT06","USNS Eltanin","1961-12-31 22:00:00-07","1963-01-06 22:00:00-07"
"VM0018","Vema","1962-01-08 22:00:00-07","1962-11-02 22:00:00-07"
"V1804","Vema","1962-01-21 22:00:00-07","1962-02-03 22:00:00-07"
"YE2","Yelcho","1962-02-01 22:00:00-07","1962-03-06 22:00:00-07"
"V1805","Vema","1962-02-10 22:00:00-07","1962-02-18 22:00:00-07"
"V1806","Vema","1962-02-23 22:00:00-07","1962-03-08 22:00:00-07"
"Pioneer cruise Stn 41 ","r/v Pioneer","1962-03-11 22:00:00-07","1962-03-11 22:00:00-07"
"Pioneer cruise Stn 3 ","r/v Pioneer","1962-03-12 22:00:00-07","1962-03-12 22:00:00-07"
"Pioneer cruise Stn 14 ","r/v Pioneer","1962-03-12 22:00:00-07","1962-03-12 22:00:00-07"
"Pioneer cruise Stn 40 ","r/v Pioneer","1962-03-12 22:00:00-07","1962-03-12 22:00:00-07"
"Pioneer cruise Stn 52 ","r/v Pioneer","1962-03-12 22:00:00-07","1962-03-12 22:00:00-07"
"V1807","Vema","1962-03-13 22:00:00-07","1962-04-02 22:00:00-07"
"EL2","Eltanin","1962-04-06 22:00:00-07","1962-04-06 22:00:00-07"
"V1808","Vema","1962-04-07 22:00:00-07","1962-04-30 21:00:00-07"
"V1809","Vema","1962-05-10 21:00:00-07","1962-05-29 21:00:00-07"
"AP","Alpine","1962-05-15 21:00:00-07","1962-05-15 21:00:00-07"
"V1810","Vema","1962-06-04 21:00:00-07","1962-06-16 21:00:00-07"
"ATL280","Atlantis","1962-06-15 21:00:00-07","1962-06-20 21:00:00-07"
NULL,"Mott Drilling Co.","1962-06-20 17:00:00-07","1962-06-20 17:00:00-07"
"GO62","Goldberger","1962-06-20 21:00:00-07","1962-08-29 21:00:00-07"
"V1811","Vema","1962-06-22 21:00:00-07","1962-07-10 21:00:00-07"
"ARII","Ice Island Arliss II","1962-06-23 21:00:00-07","1962-11-30 22:00:00-07"
"ATL281","Atlantis","1962-06-27 21:00:00-07","1962-06-29 21:00:00-07"
"GO-8-62","Goldberger","1962-07-03 21:00:00-07","1962-07-04 21:00:00-07"
"ATL282","Atlantis","1962-07-10 21:00:00-07","1962-08-06 21:00:00-07"
"V1812","Vema","1962-07-14 21:00:00-07","1962-07-29 21:00:00-07"
"V1813","Vema","1962-08-05 21:00:00-07","1962-08-20 21:00:00-07"
"V1814","Vema","1962-08-26 21:00:00-07","1962-09-14 21:00:00-07"
"V1815","Vema","1962-09-19 21:00:00-07","1962-10-12 21:00:00-07"
"V1816","Vema","1962-10-15 21:00:00-07","1962-10-23 21:00:00-07"
"V1817","Vema","1962-10-28 22:00:00-07","1962-11-08 22:00:00-07"
"TR002","R/V Trident","1962-11-11 22:00:00-07","1962-11-19 22:00:00-07"
"V1818","Vema","1962-11-14 22:00:00-07","1962-11-23 22:00:00-07"
"V1819","Vema","1962-11-28 22:00:00-07","1962-12-04 22:00:00-07"
"CHAIN34-1","Chain","1962-12-02 22:00:00-07","1962-12-03 22:00:00-07"
"RC0101","Robert D. Conrad","1962-12-03 22:00:00-07","1962-12-03 22:00:00-07"
"RC01","Robert Conrad","1962-12-05 22:00:00-07","1962-12-05 22:00:00-07"
"RC0102","Robert D. Conrad","1962-12-16 22:00:00-07","1962-12-19 22:00:00-07"
"S62",NULL,"1962-12-30 22:00:00-07","1962-12-30 22:00:00-07"
"HERB",NULL,"1962-12-30 22:00:00-07","2006-02-28 22:00:00-07"
"ELT10",NULL,"1962-12-31 17:00:00-07","1962-12-31 22:00:00-07"
"ELT08",NULL,"1962-12-31 17:00:00-07","1962-12-31 17:00:00-07"
"ELT09",NULL,"1962-12-31 17:00:00-07","1962-12-31 22:00:00-07"
"ELT07",NULL,"1962-12-31 17:00:00-07","1962-12-31 17:00:00-07"
"ELT09","USNS Eltanin","1962-12-31 22:00:00-07","1962-12-31 22:00:00-07"
"ELT11","USNS Eltanin","1962-12-31 22:00:00-07","1964-02-12 22:00:00-07"
"ELT10","USNS Eltanin","1962-12-31 22:00:00-07","1962-12-31 22:00:00-07"
"ELT07","USNS Eltanin","1962-12-31 22:00:00-07","1972-12-31 22:00:00-07"
"ELT08","USNS Eltanin","1962-12-31 22:00:00-07","1962-12-31 22:00:00-07"
"VM0019","Vema","1963-01-25 22:00:00-07","1963-12-05 22:00:00-07"
"RC0201","Robert D. Conrad","1963-01-25 22:00:00-07","1963-01-27 22:00:00-07"
"RC02","Robert Conrad","1963-01-26 22:00:00-07","1963-01-26 22:00:00-07"
"RC03","Robert Conrad","1963-02-06 22:00:00-07","1963-02-06 22:00:00-07"
"RC03","Robert D. Conrad","1963-02-06 22:00:00-07","1963-02-06 22:00:00-07"
"RC0301","Robert D. Conrad","1963-02-06 22:00:00-07","1963-02-06 22:00:00-07"
"V1901","Vema","1963-02-21 22:00:00-07","1963-02-23 22:00:00-07"
"A1-1","Atlantis II","1963-02-24 22:00:00-07","1963-03-27 22:00:00-07"
"V1902","Vema","1963-02-27 22:00:00-07","1963-03-09 22:00:00-07"
"RC0401","Robert D. Conrad","1963-03-03 22:00:00-07","1963-03-05 22:00:00-07"
"CHAIN35-2","Chain","1963-03-04 22:00:00-07","1963-03-18 22:00:00-07"
"RC0402","Robert D. Conrad","1963-03-10 22:00:00-07","1963-03-16 22:00:00-07"
"V1903","Vema","1963-03-15 22:00:00-07","1963-03-23 22:00:00-07"
"RC0501","Robert D. Conrad","1963-03-30 22:00:00-07","1963-04-07 22:00:00-07"
"V1904","Vema","1963-03-31 22:00:00-07","1963-04-10 22:00:00-07"
"CHAIN35-3","Chain","1963-03-31 22:00:00-07","1963-03-31 22:00:00-07"
"VM19","Vema","1963-04-04 22:00:00-07","1963-10-12 21:00:00-07"
"RC0502","Robert D. Conrad","1963-04-06 22:00:00-07","1963-04-09 22:00:00-07"
"RC0005","Robert Conrad","1963-04-10 22:00:00-07","1963-04-10 22:00:00-07"
"TR004","R/V Trident","1963-04-12 22:00:00-07","1963-04-23 22:00:00-07"
"CHAIN35-1","Chain","1963-04-13 22:00:00-07","1963-04-15 22:00:00-07"
"V1905","Vema","1963-04-13 22:00:00-07","1963-05-05 21:00:00-07"
"CHAIN 35 stn575 1000m","CHAIN","1963-04-25 22:00:00-07","1963-04-25 22:00:00-07"
"RC0601","Robert D. Conrad","1963-04-30 21:00:00-07","1963-05-01 21:00:00-07"
"V1906","Vema","1963-05-09 21:00:00-07","1963-05-17 21:00:00-07"
"RC0602","Robert D. Conrad","1963-05-13 21:00:00-07","1963-05-14 21:00:00-07"
"RC06","Robert D. Conrad","1963-05-13 21:00:00-07","1963-05-14 21:00:00-07"
"SHL80","Sir Horace Lamb","1963-05-15 21:00:00-07","1963-06-05 21:00:00-07"
"V1907","Vema","1963-05-21 21:00:00-07","1963-06-13 21:00:00-07"
"CHAIN36-1","Chain","1963-06-19 21:00:00-07","1963-07-07 21:00:00-07"
"V1908","Vema","1963-06-22 21:00:00-07","1963-07-07 21:00:00-07"
"RC0605","Robert D. Conrad","1963-06-23 21:00:00-07","1963-06-23 21:00:00-07"
"TR005","R/V Trident","1963-06-25 21:00:00-07","1963-06-25 21:00:00-07"
"BILL-I-4","R/V Billie","1963-07-10 21:00:00-07","1963-07-11 21:00:00-07"
"V1909","Vema","1963-07-11 21:00:00-07","1963-08-03 21:00:00-07"
"T3-63","Ice Island T3","1963-07-22 21:00:00-07","1963-09-03 21:00:00-07"
"CPRI01",NULL,"1963-07-25 21:00:00-07","1963-08-15 21:00:00-07"
"RC0702","Robert D. Conrad","1963-07-28 21:00:00-07","1963-08-02 21:00:00-07"
"ATL296","Atlantis","1963-08-04 21:00:00-07","1963-08-10 21:00:00-07"
"V1910","Vema","1963-08-08 21:00:00-07","1963-08-24 21:00:00-07"
"BTL","Bell Telephone Labs (Taken on the Earl of Desmond)","1963-08-11 21:00:00-07","1963-08-22 21:00:00-07"
"BTL","Bell Telephone Labs","1963-08-13 21:00:00-07","1963-08-13 21:00:00-07"
"ATL297","Atlantis","1963-08-17 21:00:00-07","1963-08-23 21:00:00-07"
"TR009","R/V Trident","1963-08-20 21:00:00-07","1963-08-28 21:00:00-07"
"V1911","Vema","1963-08-27 21:00:00-07","1963-09-13 21:00:00-07"
"CHAIN39-2","Chain","1963-09-05 21:00:00-07","1963-09-18 21:00:00-07"
"RC0707","Robert D. Conrad","1963-09-08 21:00:00-07","1963-09-10 21:00:00-07"
"V1912","Vema","1963-09-19 21:00:00-07","1963-10-21 21:00:00-07"
"RC0007","Robert Conrad","1963-09-19 21:00:00-07","1963-09-19 21:00:00-07"
"RC0708","Robert D. Conrad","1963-09-26 21:00:00-07","1963-10-10 21:00:00-07"
"RC07","Robert Conrad","1963-09-30 21:00:00-07","1963-10-07 21:00:00-07"
"RC08","Robert D. Conrad","1963-11-13 22:00:00-07","1963-11-13 22:00:00-07"
"RC0801","Robert D. Conrad","1963-11-13 22:00:00-07","1963-12-26 22:00:00-07"
"V1913","Vema","1963-11-14 22:00:00-07","1963-12-03 22:00:00-07"
"CHAIN41-1","Chain","1963-12-04 22:00:00-07","1963-12-11 22:00:00-07"
"RC0008","Robert Conrad","1963-12-25 22:00:00-07","1964-08-18 21:00:00-07"
"ELT11",NULL,"1963-12-27 17:00:00-07","1964-02-12 17:00:00-07"
"ELT15",NULL,"1963-12-31 17:00:00-07","1963-12-31 22:00:00-07"
"ELT12",NULL,"1963-12-31 17:00:00-07","1963-12-31 22:00:00-07"
"ELT13",NULL,"1963-12-31 17:00:00-07","1963-12-31 22:00:00-07"
"ELT14",NULL,"1963-12-31 17:00:00-07","1963-12-31 22:00:00-07"
"ELT13","USNS Eltanin","1963-12-31 22:00:00-07","1963-12-31 22:00:00-07"
"ELT12","USNS Eltanin","1963-12-31 22:00:00-07","1963-12-31 22:00:00-07"
"ELT14","USNS Eltanin","1963-12-31 22:00:00-07","1963-12-31 22:00:00-07"
"ELT15","USNS Eltanin","1963-12-31 22:00:00-07","1963-12-31 22:00:00-07"
"ELT18",NULL,"1963-12-31 22:00:00-07","1964-12-31 22:00:00-07"
"RC0802","Robert D. Conrad","1964-01-07 22:00:00-07","1964-01-31 22:00:00-07"
"RC0803","Robert D. Conrad","1964-02-06 22:00:00-07","1964-02-24 22:00:00-07"
"RC08","Robert Conrad","1964-02-16 22:00:00-07","1964-08-18 21:00:00-07"
"V20","Vema","1964-02-25 22:00:00-07","1964-02-25 22:00:00-07"
"V2002","Vema","1964-03-01 22:00:00-07","1964-03-14 22:00:00-07"
"GOS39","Gosnold","1964-03-01 22:00:00-07","1964-03-04 22:00:00-07"
"RC0804","Robert D. Conrad","1964-03-03 22:00:00-07","1964-03-03 22:00:00-07"
"RC0805","Robert D. Conrad","1964-03-09 22:00:00-07","1964-03-09 22:00:00-07"
"VM20","Vema","1964-03-11 22:00:00-07","1964-11-24 22:00:00-07"
"V2003","Vema","1964-03-17 22:00:00-07","1964-04-14 22:00:00-07"
"RC0806","Robert D. Conrad","1964-03-17 22:00:00-07","1964-04-14 22:00:00-07"
"CHAIN43-1","Chain","1964-03-24 22:00:00-07","1964-08-11 21:00:00-07"
"AL4","Alaminos","1964-03-26 22:00:00-07","1964-04-07 22:00:00-07"
"VM0020","Vema","1964-04-02 22:00:00-07","1964-11-30 22:00:00-07"
"V2004","Vema","1964-04-20 22:00:00-07","1964-04-29 21:00:00-07"
"RC0807","Robert D. Conrad","1964-04-21 22:00:00-07","1964-04-28 21:00:00-07"
"TR015","R/V Trident","1964-04-24 22:00:00-07","1964-05-19 21:00:00-07"
"TR015","Trident","1964-04-27 21:00:00-07","1964-05-13 21:00:00-07"
"V2005","Vema","1964-05-06 21:00:00-07","1964-05-23 21:00:00-07"
"RC0808","Robert D. Conrad","1964-05-19 21:00:00-07","1964-05-26 21:00:00-07"
"V2006","Vema","1964-05-27 21:00:00-07","1964-06-19 21:00:00-07"
"RC0809","Robert D. Conrad","1964-06-01 21:00:00-07","1964-06-21 21:00:00-07"
"CH43","Chain","1964-06-23 21:00:00-07","1964-06-25 21:00:00-07"
"RC0810","Robert D. Conrad","1964-07-03 21:00:00-07","1964-07-13 21:00:00-07"
"V2007","Vema","1964-07-04 21:00:00-07","1964-07-04 21:00:00-07"
"A11-2","Atlantis II","1964-07-04 21:00:00-07","1964-07-11 21:00:00-07"
"Dodo","Argo","1964-07-07 21:00:00-07","1964-10-22 21:00:00-07"
"TR018","R/V Trident","1964-07-15 21:00:00-07","1964-07-24 21:00:00-07"
"V2008","Vema","1964-07-29 21:00:00-07","1964-08-17 21:00:00-07"
"RC0812","Robert D. Conrad","1964-08-05 21:00:00-07","1964-08-19 21:00:00-07"
"CH043","R/V Chain","1964-08-07 21:00:00-07","1964-08-07 21:00:00-07"
"AS1","Atlantic Seal","1964-08-12 21:00:00-07","1964-11-12 22:00:00-07"
"V2009","Vema","1964-08-24 21:00:00-07","1964-09-16 21:00:00-07"
"Atlantis II 13 stn429 700m","Atlantis II","1964-09-16 21:00:00-07","1964-09-16 21:00:00-07"
"Atlantis II cruise 13 stn429 700m","r/v Atlantis II","1964-09-16 21:00:00-07","1964-09-16 21:00:00-07"
"A13-1","Atlantis II","1964-09-18 21:00:00-07","1964-09-25 21:00:00-07"
"V2010","Vema","1964-09-21 21:00:00-07","1964-10-06 21:00:00-07"
"CHAIN 44 stn622 500m",NULL,"1964-10-06 21:00:00-07","1964-10-06 21:00:00-07"
"r/v Chain cruise 44 station 622","r/v Chain","1964-10-06 21:00:00-07","1964-10-06 21:00:00-07"
"CHAIN44-1","Chain","1964-10-13 21:00:00-07","1964-11-02 22:00:00-07"
"TR021","R/V Trident","1964-10-15 21:00:00-07","1964-10-15 21:00:00-07"
"V2011","Vema","1964-10-15 21:00:00-07","1964-11-05 22:00:00-07"
"RC0901","Robert D. Conrad","1964-10-18 21:00:00-07","1964-11-07 22:00:00-07"
"RC09","Robert Conrad","1964-10-28 22:00:00-07","1965-04-27 21:00:00-07"
"V2012","Vema","1964-11-11 22:00:00-07","1964-12-01 22:00:00-07"
"RC0902","Robert D. Conrad","1964-11-13 22:00:00-07","1964-12-07 22:00:00-07"
"V2013","Vema","1964-12-04 22:00:00-07","1964-12-08 22:00:00-07"
"RC0903","Robert D. Conrad","1964-12-13 22:00:00-07","1965-01-13 22:00:00-07"
"ELT19",NULL,"1964-12-31 17:00:00-07","1964-12-31 22:00:00-07"
"ELT20",NULL,"1964-12-31 17:00:00-07","1964-12-31 22:00:00-07"
"ELT21",NULL,"1964-12-31 17:00:00-07","1965-12-31 22:00:00-07"
"ELT16",NULL,"1964-12-31 17:00:00-07","1964-12-31 22:00:00-07"
"ELT17",NULL,"1964-12-31 17:00:00-07","1964-12-31 22:00:00-07"
"ELT21","USNS Eltanin","1964-12-31 22:00:00-07","2016-02-23 22:00:00-07"
"Midway Deep Core - 1965",NULL,"1964-12-31 22:00:00-07","1964-12-31 22:00:00-07"
"ELT16","USNS Eltanin","1964-12-31 22:00:00-07","1964-12-31 22:00:00-07"
"ELT17","USNS Eltanin","1964-12-31 22:00:00-07","1964-12-31 22:00:00-07"
"ELT18","USNS Eltanin","1964-12-31 22:00:00-07","1964-12-31 22:00:00-07"
"Deep Cores in Ewa Plain, summer 1965",NULL,"1964-12-31 22:00:00-07","1964-12-31 22:00:00-07"
"ELT19","USNS Eltanin","1964-12-31 22:00:00-07","1964-12-31 22:00:00-07"
"ELT20","USNS Eltanin","1964-12-31 22:00:00-07","2016-02-23 22:00:00-07"
"RC0904","Robert D. Conrad","1965-01-20 22:00:00-07","1965-02-06 22:00:00-07"
NULL,"Jason Platform","1965-01-22 22:00:00-07","1969-01-22 22:00:00-07"
"V2101","Vema","1965-02-11 22:00:00-07","1965-02-22 22:00:00-07"
"RC0905","Robert D. Conrad","1965-02-11 22:00:00-07","1965-02-26 22:00:00-07"
"A15-3","Atlantis II","1965-02-12 22:00:00-07","1965-02-18 22:00:00-07"
"VM21","Vema","1965-02-17 22:00:00-07","1965-10-19 21:00:00-07"
"CHAIN46-1","Chain","1965-02-21 22:00:00-07","1965-04-06 22:00:00-07"
"A15-4","Atlantis II","1965-02-22 22:00:00-07","1965-03-20 22:00:00-07"
"RC0009","Robert Conrad","1965-02-23 22:00:00-07","1965-02-23 22:00:00-07"
"V2103","Vema","1965-03-01 22:00:00-07","1965-03-10 22:00:00-07"
"V2104","Vema","1965-03-14 22:00:00-07","1965-04-05 22:00:00-07"
"A15-5","Atlantis II","1965-03-20 22:00:00-07","1965-04-06 22:00:00-07"
"RC0906","Robert D. Conrad","1965-03-22 22:00:00-07","1965-04-15 22:00:00-07"
"A15-6","Atlantis II","1965-04-14 22:00:00-07","1965-04-14 22:00:00-07"
"CHAIN47-1","Chain","1965-04-22 22:00:00-07","1965-05-04 21:00:00-07"
"RC0907","Robert D. Conrad","1965-04-23 22:00:00-07","1965-05-07 21:00:00-07"
"A15-7","Atlantis II","1965-05-04 21:00:00-07","1965-05-05 21:00:00-07"
"V2106","Vema","1965-05-06 21:00:00-07","1965-05-25 21:00:00-07"
"RC0908","Robert D. Conrad","1965-05-17 21:00:00-07","1965-05-18 21:00:00-07"
"RC0909","Robert D. Conrad","1965-05-20 21:00:00-07","1965-05-21 21:00:00-07"
"A15-13","Atlantis II","1965-06-10 21:00:00-07","1965-06-15 21:00:00-07"
"RC0910","Robert D. Conrad","1965-06-13 21:00:00-07","1965-06-29 21:00:00-07"
"A15-14","Atlantis II","1965-06-15 21:00:00-07","1965-06-19 21:00:00-07"
"V2107","Vema","1965-06-15 21:00:00-07","1965-07-03 21:00:00-07"
"A15-15","Atlantis II","1965-06-27 21:00:00-07","1965-07-10 21:00:00-07"
"RC0911A","Robert D. Conrad","1965-07-04 21:00:00-07","1965-07-10 21:00:00-07"
"V2108","Vema","1965-07-08 21:00:00-07","1965-07-23 21:00:00-07"
"GOS73","Gosnold","1965-07-12 21:00:00-07","1965-07-18 21:00:00-07"
"RC0911B","Robert D. Conrad","1965-07-14 21:00:00-07","1965-07-24 21:00:00-07"
"T3-65","Ice Island T3","1965-07-16 21:00:00-07","1965-08-30 21:00:00-07"
"RC0912","Robert D. Conrad","1965-07-29 21:00:00-07","1965-08-21 21:00:00-07"
"CH21","Chain","1965-08-01 21:00:00-07","1965-08-01 21:00:00-07"
"V2109A","Vema","1965-08-01 21:00:00-07","1965-08-01 21:00:00-07"
"V2109B","Vema","1965-08-03 21:00:00-07","1965-08-05 21:00:00-07"
"V2110","Vema","1965-08-09 21:00:00-07","1965-08-31 21:00:00-07"
"VM0021","Vema","1965-08-18 21:00:00-07","1965-10-18 21:00:00-07"
"TR027","R/V Trident","1965-08-19 21:00:00-07","1965-08-28 21:00:00-07"
"RC0913","Robert D. Conrad","1965-08-29 21:00:00-07","1965-09-03 21:00:00-07"
"V2111","Vema","1965-09-05 21:00:00-07","1965-09-14 21:00:00-07"
"V2112","Vema","1965-09-16 21:00:00-07","1965-09-28 21:00:00-07"
"CHAIN52-1","Chain","1965-09-26 21:00:00-07","1965-10-02 21:00:00-07"
"43",NULL,"1965-09-27 21:00:00-07","2003-04-26 21:00:00-07"
"V2113","Vema","1965-10-10 21:00:00-07","1965-11-08 22:00:00-07"
"CHAIN53-1","Chain","1965-10-19 21:00:00-07","1965-10-20 21:00:00-07"
"TR028","Trident","1965-11-06 22:00:00-07","1965-11-07 22:00:00-07"
"V2114","Vema","1965-11-14 22:00:00-07","1965-12-08 22:00:00-07"
"RC1001","Robert D. Conrad","1965-12-01 22:00:00-07","1965-12-21 22:00:00-07"
"RC10","Robert Conrad","1965-12-12 22:00:00-07","1966-10-05 21:00:00-07"
"RC1003","Robert D. Conrad","1965-12-28 22:00:00-07","1966-12-02 22:00:00-07"
"61",NULL,"1965-12-30 22:00:00-07","1965-12-30 22:00:00-07"
"ELT25",NULL,"1965-12-31 17:00:00-07","1965-12-31 22:00:00-07"
"ELT26",NULL,"1965-12-31 17:00:00-07","1965-12-31 22:00:00-07"
"ELT24",NULL,"1965-12-31 17:00:00-07","1965-12-31 22:00:00-07"
"ELT23",NULL,"1965-12-31 17:00:00-07","1965-12-31 22:00:00-07"
"ELT22",NULL,"1965-12-31 17:00:00-07","1965-12-31 22:00:00-07"
"LL",NULL,"1965-12-31 22:00:00-07","1965-12-31 22:00:00-07"
"CH61","Chain","1965-12-31 22:00:00-07","1970-07-01 21:00:00-07"
"ELT22","USNS Eltanin","1965-12-31 22:00:00-07","1965-12-31 22:00:00-07"
"ELT23","USNS Eltanin","1965-12-31 22:00:00-07","1965-12-31 22:00:00-07"
"ELT24","USNS Eltanin","1965-12-31 22:00:00-07","1965-12-31 22:00:00-07"
"ELT25","USNS Eltanin","1965-12-31 22:00:00-07","1965-12-31 22:00:00-07"
"AS","Atlantic Seal","1965-12-31 22:00:00-07","1966-08-29 21:00:00-07"
"ELT26","USNS Eltanin","1965-12-31 22:00:00-07","1965-12-31 22:00:00-07"
"T3-66","Ice Island T3","1965-12-31 22:00:00-07","1966-09-21 21:00:00-07"
"EA02-66","Eastward","1966-01-09 22:00:00-07","1966-01-11 22:00:00-07"
"V2201","Vema","1966-01-10 22:00:00-07","1966-01-25 22:00:00-07"
"VM22","Vema","1966-01-21 22:00:00-07","1966-06-06 21:00:00-07"
"RC1004","Robert D. Conrad","1966-01-29 22:00:00-07","1966-02-20 22:00:00-07"
"V2202","Vema","1966-01-30 22:00:00-07","1966-02-14 22:00:00-07"
"A20-1","Atlantis II","1966-02-15 22:00:00-07","1966-05-01 21:00:00-07"
"V2203","Vema","1966-02-17 22:00:00-07","1966-03-08 22:00:00-07"
"VM0022","Vema","1966-02-21 22:00:00-07","1966-05-10 21:00:00-07"
"RC1005","Robert D. Conrad","1966-02-26 22:00:00-07","1966-03-20 22:00:00-07"
"A20-2","Atlantis II","1966-03-07 22:00:00-07","1966-03-24 22:00:00-07"
"CHAIN57-1","Chain","1966-03-13 22:00:00-07","1966-04-10 22:00:00-07"
"V2204","Vema","1966-03-15 22:00:00-07","1966-04-10 22:00:00-07"
"EA09-66","Eastward","1966-03-22 22:00:00-07","1966-03-24 22:00:00-07"
"RC1006","Robert D. Conrad","1966-03-27 22:00:00-07","1966-04-20 22:00:00-07"
"TR029","R/V Trident","1966-04-13 22:00:00-07","1966-04-28 21:00:00-07"
"TR029","Trident","1966-04-14 22:00:00-07","1966-04-30 21:00:00-07"
"V2205","Vema","1966-04-16 22:00:00-07","1966-04-22 22:00:00-07"
"A20-3","Atlantis II","1966-04-18 22:00:00-07","1966-04-21 22:00:00-07"
"V2206","Vema","1966-04-26 21:00:00-07","1966-05-21 21:00:00-07"
"RC1007","Robert D. Conrad","1966-04-28 21:00:00-07","1966-05-24 21:00:00-07"
"CHAIN58-1","Chain","1966-04-30 21:00:00-07","1966-04-30 21:00:00-07"
"V2207","Vema","1966-05-24 21:00:00-07","1966-06-11 21:00:00-07"
"SHOW-H","Horizon","1966-06-03 17:00:00-07","1966-07-09 17:00:00-07"
"RC1008","Robert D. Conrad","1966-06-11 21:00:00-07","1966-06-27 21:00:00-07"
"EA27-66","Eastward","1966-06-30 21:00:00-07","1966-07-11 21:00:00-07"
"RC1009","Robert D. Conrad","1966-07-01 21:00:00-07","1966-07-11 21:00:00-07"
"RC1010","Robert D. Conrad","1966-07-16 21:00:00-07","1966-08-09 21:00:00-07"
"V2301","Vema","1966-07-28 21:00:00-07","1966-07-31 21:00:00-07"
"TR034","R/V Trident","1966-08-02 21:00:00-07","1966-08-10 21:00:00-07"
"CHAIN61-2","Chain","1966-08-07 21:00:00-07","1966-08-16 21:00:00-07"
"RC0010","Robert Conrad","1966-08-08 21:00:00-07","1966-08-28 21:00:00-07"
"V2302","Vema","1966-08-08 21:00:00-07","1966-08-22 21:00:00-07"
"RC1011","Robert D. Conrad","1966-08-14 21:00:00-07","1966-09-07 21:00:00-07"
"CHAIN61-3","Chain","1966-08-26 21:00:00-07","1966-09-11 21:00:00-07"
"V2303","Vema","1966-08-30 21:00:00-07","1966-09-12 21:00:00-07"
"EA36-66","Eastward","1966-09-11 21:00:00-07","1966-09-13 21:00:00-07"
"VM0023","Vema","1966-09-12 21:00:00-07","1966-09-12 21:00:00-07"
"RC1012","Robert D. Conrad","1966-09-13 21:00:00-07","1966-10-13 21:00:00-07"
"CHAIN61-4","Chain","1966-09-16 21:00:00-07","1966-10-03 21:00:00-07"
"V2304","Vema","1966-09-18 21:00:00-07","1966-10-07 21:00:00-07"
"V2305","Vema","1966-10-15 21:00:00-07","1966-11-01 22:00:00-07"
"CHAIN61-5","Chain","1966-10-16 21:00:00-07","1966-10-16 21:00:00-07"
"CHAIN61-6","Chain","1966-10-17 21:00:00-07","1966-10-25 21:00:00-07"
"CHAIN61-7","Chain","1966-10-29 21:00:00-07","1966-11-09 22:00:00-07"
"V2306","Vema","1966-11-06 22:00:00-07","1966-12-03 22:00:00-07"
"VM23","Vema","1966-11-15 22:00:00-07","1966-11-15 22:00:00-07"
"RC1101","Robert D. Conrad","1966-12-01 22:00:00-07","1966-12-20 22:00:00-07"
"CHAIN61-10","Chain","1966-12-05 22:00:00-07","1966-12-10 22:00:00-07"
"V2307","Vema","1966-12-08 22:00:00-07","1966-12-12 22:00:00-07"
"RC1102","Robert D. Conrad","1966-12-26 22:00:00-07","1967-12-02 22:00:00-07"
"RC11","Robert Conrad","1966-12-30 22:00:00-07","1971-11-09 22:00:00-07"
"ELT27","USNS Eltanin","1966-12-31 17:00:00-07","1966-12-31 22:00:00-07"
"ELT27",NULL,"1966-12-31 17:00:00-07","1966-12-31 22:00:00-07"
"558","HMNZS Endeavour III","1966-12-31 22:00:00-07","1966-12-31 22:00:00-07"
"Atlantis II, Cruise 32 (AII32)","Atlantis II","1967-01-01 10:00:00-07","1967-01-01 10:00:00-07"
"NKARA67","Northwind","1967-01-02 22:00:00-07","1967-01-02 22:00:00-07"
"RC0011","Robert Conrad","1967-01-09 22:00:00-07","1967-10-23 22:00:00-06"
"VM24","Vema","1967-01-16 22:00:00-07","1967-11-23 22:00:00-07"
"V2401","Vema","1967-01-17 22:00:00-07","1967-01-27 22:00:00-07"
"GOS96","Gosnold","1967-01-31 22:00:00-07","1967-02-11 22:00:00-07"
"RC1103","Robert D. Conrad","1967-01-31 22:00:00-07","1967-02-24 22:00:00-07"
"V2402","Vema","1967-02-01 22:00:00-07","1967-02-17 22:00:00-07"
"EA08-67","Eastward","1967-02-07 22:00:00-07","1967-02-18 22:00:00-07"
"EA-08-67","Eastward","1967-02-12 22:00:00-07","1967-02-17 22:00:00-07"
"AS7","Atlantic Seal","1967-02-12 22:00:00-07","1968-04-28 21:00:00-07"
"AS6","Atlantic Seal","1967-02-15 22:00:00-07","1967-04-26 22:00:00-07"
"V2403","Vema","1967-02-21 22:00:00-07","1967-03-20 22:00:00-07"
"RC1104","Robert D. Conrad","1967-03-01 22:00:00-07","1967-03-31 22:00:00-07"
"GOS97","Gosnold","1967-03-14 22:00:00-07","1967-03-21 22:00:00-07"
"T3-67","Ice Island T3","1967-03-15 22:00:00-07","2005-05-19 21:00:00-07"
"VM0024","Vema","1967-03-19 22:00:00-07","1967-04-03 22:00:00-07"
"V2404","Vema","1967-03-27 22:00:00-07","1967-04-20 22:00:00-07"
"TR037","Trident","1967-04-05 22:00:00-07","1967-04-20 22:00:00-07"
"RC1105","Robert D. Conrad","1967-04-06 22:00:00-07","1967-05-04 22:00:00-06"
"A31-1","Atlantis II","1967-04-08 22:00:00-07","1967-04-28 22:00:00-07"
"V2405","Vema","1967-04-25 22:00:00-07","1967-05-23 22:00:00-06"
"RC1106","Robert D. Conrad","1967-05-11 22:00:00-06","1967-05-15 22:00:00-06"
"RC1107","Robert D. Conrad","1967-05-20 22:00:00-06","1967-06-20 22:00:00-06"
"V2406","Vema","1967-06-02 22:00:00-06","1967-06-09 22:00:00-06"
"A32-1","Atlantis II","1967-06-05 22:00:00-06","1967-06-12 22:00:00-06"
"A32-2","Atlantis II","1967-06-12 22:00:00-06","1967-06-16 22:00:00-06"
"V2407","Vema","1967-06-18 22:00:00-06","1967-07-11 22:00:00-06"
"AS2","Atlantic Seal","1967-06-26 22:00:00-06","1967-10-01 22:00:00-06"
"EA28-67","Eastward","1967-06-26 22:00:00-06","1967-06-26 22:00:00-06"
"RC1108","Robert D. Conrad","1967-06-30 22:00:00-06","1967-07-06 22:00:00-06"
"A32-3","Atlantis II","1967-07-01 22:00:00-06","1967-07-18 22:00:00-06"
"AII032-3","R/V Atlantis II","1967-07-11 22:00:00-06","1967-07-11 22:00:00-06"
"RC1109","Robert D. Conrad","1967-07-14 22:00:00-06","1967-08-09 22:00:00-06"
"Atlantis II cruise 32 stn1115 1500m","r/v Atlantis II","1967-07-17 22:00:00-06","1967-07-17 22:00:00-06"
"V2408","Vema","1967-07-17 22:00:00-06","1967-08-06 22:00:00-06"
"A33-1","Atlantis II","1967-07-27 22:00:00-06","1967-07-27 22:00:00-06"
"V2409","Vema","1967-08-13 22:00:00-06","1967-08-14 22:00:00-06"
"RC1110","Robert D. Conrad","1967-08-20 22:00:00-06","1967-09-14 22:00:00-06"
"V2410","Vema","1967-08-23 22:00:00-06","1967-09-02 22:00:00-06"
"TR041","Trident","1967-08-31 22:00:00-06","1967-09-09 22:00:00-06"
"TR041",NULL,"1967-09-04 22:00:00-06","1967-09-04 22:00:00-06"
"TR041","R/V Trident","1967-09-07 22:00:00-06","1967-09-07 22:00:00-06"
"V2411","Vema","1967-09-18 22:00:00-06","1967-10-09 22:00:00-06"
"RC1111","Robert D. Conrad","1967-09-21 22:00:00-06","1967-10-13 22:00:00-06"
"V2412","Vema","1967-10-16 22:00:00-06","1967-11-09 22:00:00-07"
"RC1112","Robert D. Conrad","1967-10-21 22:00:00-06","1967-11-10 22:00:00-07"
"CHAIN75-1","Chain","1967-10-22 22:00:00-06","1967-10-29 22:00:00-07"
"AS3","Atlantic Seal","1967-10-28 22:00:00-06","1967-12-25 22:00:00-07"
"CHAIN75-2","Chain","1967-11-04 22:00:00-07","1967-11-29 22:00:00-07"
"V2413","Vema","1967-11-18 22:00:00-07","1967-12-12 22:00:00-07"
"CHAIN75-3","Chain","1967-12-10 22:00:00-07","1967-12-11 22:00:00-07"
"EA46","Eastward","1967-12-14 22:00:00-07","1967-12-14 22:00:00-07"
"EA46-67","Eastward","1967-12-15 22:00:00-07","1967-12-18 22:00:00-07"
"S67",NULL,"1967-12-30 22:00:00-07","1967-12-30 22:00:00-07"
"ELT35","USNS Eltanin","1967-12-31 07:00:00-07","1967-12-31 22:00:00-07"
"ELT34","USNS Eltanin","1967-12-31 12:00:00-07","1967-12-31 22:00:00-07"
"ELT36","USNS Eltanin","1967-12-31 17:00:00-07","1967-12-31 22:00:00-07"
"IWSOE68","USCGC Glacier","1967-12-31 17:00:00-07","1967-12-31 17:00:00-07"
"IWSOE",NULL,"1967-12-31 17:00:00-07","1969-12-31 17:00:00-07"
"ELT33","USNS Eltanin","1967-12-31 17:00:00-07","1967-12-31 22:00:00-07"
"ELT34",NULL,"1967-12-31 17:00:00-07","1967-12-31 22:00:00-07"
"ELT33",NULL,"1967-12-31 17:00:00-07","2014-01-13 22:00:00-07"
"ELT35",NULL,"1967-12-31 17:00:00-07","1967-12-31 17:00:00-07"
"ELT36",NULL,"1967-12-31 17:00:00-07","1967-12-31 17:00:00-07"
"ELT32",NULL,"1967-12-31 17:00:00-07","1967-12-31 22:00:00-07"
"ELT32","USNS Eltanin","1967-12-31 17:00:00-07","1969-12-31 17:00:00-07"
"EA68","Eastward","1967-12-31 22:00:00-07","1967-12-31 22:00:00-07"
"RC1201","Robert D. Conrad","1968-01-06 22:00:00-07","1968-12-11 22:00:00-07"
"V2501","Vema","1968-01-06 22:00:00-07","1968-02-02 22:00:00-07"
"T3-68","Ice Island T3","1968-01-13 22:00:00-07","1968-10-21 21:00:00-07"
"EA461-67/68","Eastward","1968-01-21 22:00:00-07","1968-01-21 22:00:00-07"
"VM0025","Vema","1968-01-24 22:00:00-07","1968-03-23 22:00:00-07"
"RC1202","Robert D. Conrad","1968-02-09 22:00:00-07","1968-02-19 22:00:00-07"
"V2502","Vema","1968-02-09 22:00:00-07","1968-03-06 22:00:00-07"
"RC12","Robert Conrad","1968-02-17 22:00:00-07","1972-08-14 21:00:00-07"
"RC1203","Robert D. Conrad","1968-02-22 22:00:00-07","1968-03-19 22:00:00-07"
"RC0012","Robert D. Conrad","1968-02-25 22:00:00-07","1969-02-25 22:00:00-07"
"VM25","Vema","1968-03-01 22:00:00-07","1968-04-07 22:00:00-07"
"V2503","Vema","1968-03-11 22:00:00-07","1968-03-29 22:00:00-07"
"RC0012","Robert Conrad","1968-03-19 22:00:00-07","1968-07-08 21:00:00-07"
"RC1204","Robert D. Conrad","1968-03-28 22:00:00-07","1968-04-25 22:00:00-07"
"TR049","Trident","1968-05-03 21:00:00-07","1968-06-03 21:00:00-07"
"RC1205","Robert D. Conrad","1968-05-04 21:00:00-07","1968-05-28 21:00:00-07"
"TR049","R/V Trident","1968-05-31 21:00:00-07","1968-06-03 21:00:00-07"
"RC1206","Robert D. Conrad","1968-06-03 21:00:00-07","1968-06-24 21:00:00-07"
"A42-5","Atlantis II","1968-06-09 21:00:00-07","1968-06-10 21:00:00-07"
"AS4","Atlantic Seal","1968-06-20 21:00:00-07","1968-08-05 21:00:00-07"
"A42-1","Atlantis II","1968-06-28 21:00:00-07","1968-07-23 21:00:00-07"
"RC1207","Robert D. Conrad","1968-07-04 21:00:00-07","1968-07-10 21:00:00-07"
"TR52","Trident","1968-07-12 21:00:00-07","1968-07-22 21:00:00-07"
"CHAIN82-6","Chain","1968-07-27 21:00:00-07","1968-08-10 21:00:00-07"
"V2601","Vema","1968-07-28 21:00:00-07","1968-08-11 21:00:00-07"
"EA50-68/69","Eastward","1968-07-30 21:00:00-07","1968-07-30 21:00:00-07"
"VM0026","Vema","1968-08-02 21:00:00-07","1969-01-24 22:00:00-07"
"RC1209","Robert D. Conrad","1968-08-11 21:00:00-07","1968-09-03 21:00:00-07"
"RC1208","Robert D. Conrad","1968-08-11 21:00:00-07","1968-08-11 21:00:00-07"
"Circe","Argo","1968-08-13 21:00:00-07","1968-09-21 21:00:00-07"
"CHAIN82-7","Chain","1968-08-15 21:00:00-07","1968-08-30 21:00:00-07"
"V2602","Vema","1968-08-24 21:00:00-07","1968-09-18 21:00:00-07"
"CHAIN82-8","Chain","1968-08-30 21:00:00-07","1968-09-07 21:00:00-07"
"RC1210","Robert D. Conrad","1968-09-10 21:00:00-07","1968-09-23 21:00:00-07"
"V2603","Vema","1968-09-27 21:00:00-07","1968-10-18 21:00:00-07"
"OCNGR68","Oceanographer","1968-10-01 09:00:00-07","1968-10-01 09:00:00-07"
"RC1211","Robert D. Conrad","1968-10-01 21:00:00-07","1968-10-27 22:00:00-07"
"GOS137","Gosnold","1968-10-17 21:00:00-07","1968-10-17 21:00:00-07"
"V2604","Vema","1968-10-26 21:00:00-07","1968-11-19 22:00:00-07"
"RC1212","Robert D. Conrad","1968-11-08 22:00:00-07","1968-12-14 22:00:00-07"
"V2605","Vema","1968-11-30 22:00:00-07","1968-12-25 22:00:00-07"
"AL18-4","Albatross","1968-12-09 22:00:00-07","1969-12-12 22:00:00-07"
"RC1213","Robert D. Conrad","1968-12-20 22:00:00-07","1969-01-24 22:00:00-07"
"ELT39","USNS Eltanin","1968-12-31 12:00:00-07","1969-01-02 17:00:00-07"
"ELT38",NULL,"1968-12-31 17:00:00-07","1968-12-31 17:00:00-07"
"ELT37",NULL,"1968-12-31 17:00:00-07","1968-12-31 17:00:00-07"
"ELT39",NULL,"1968-12-31 17:00:00-07","2015-02-02 22:00:00-07"
"IWSOE69","USCGC Glacier","1968-12-31 22:00:00-07","1968-12-31 22:00:00-07"
"ELT38","USNS Eltanin","1968-12-31 22:00:00-07","1968-12-31 22:00:00-07"
"EA69","Eastward","1968-12-31 22:00:00-07","1968-12-31 22:00:00-07"
"ELT37","USNS Eltanin","1968-12-31 22:00:00-07","1968-12-31 22:00:00-07"
"V2606","Vema","1969-01-03 22:00:00-07","1969-01-27 22:00:00-07"
"ELT37","Eltanin","1969-01-19 22:00:00-07","1969-01-19 22:00:00-07"
"VM26","Vema","1969-01-28 22:00:00-07","1969-03-11 22:00:00-07"
"RC1214","Robert D. Conrad","1969-02-02 22:00:00-07","1969-02-26 22:00:00-07"
"V2607","Vema","1969-02-05 22:00:00-07","1969-02-25 22:00:00-07"
"TR067","R/V Trident","1969-02-28 22:00:00-07","1969-02-28 22:00:00-07"
"V2608","Vema","1969-03-06 22:00:00-07","1969-04-02 22:00:00-07"
"TR067","Trident","1969-03-12 22:00:00-07","1969-03-17 22:00:00-07"
"A49-3","Atlantis II","1969-03-20 22:00:00-07","1969-05-20 21:00:00-07"
"RC1215","Robert D. Conrad","1969-04-03 22:00:00-07","1969-05-02 21:00:00-07"
"V2609","Vema","1969-04-12 22:00:00-07","1969-05-07 21:00:00-07"
"A49-4","Atlantis II","1969-04-13 22:00:00-07","1969-04-29 21:00:00-07"
"T3-69","Ice Island T3","1969-04-25 22:00:00-07","1969-05-04 21:00:00-07"
"RC1216","Robert D. Conrad","1969-05-08 21:00:00-07","1969-05-21 21:00:00-07"
"V2610","Vema","1969-05-12 21:00:00-07","1969-05-16 21:00:00-07"
"AII 49 stn1488 100m",NULL,"1969-05-30 21:00:00-07","1969-05-30 21:00:00-07"
"V2701","Vema","1969-05-30 21:00:00-07","1969-06-13 21:00:00-07"
"RC1217","Robert D. Conrad","1969-05-31 21:00:00-07","1969-06-15 21:00:00-07"
"VM27","Vema","1969-06-02 21:00:00-07","1970-04-24 22:00:00-07"
"Atlantis II 49 stn1492 3000m","Atlantis II","1969-06-17 21:00:00-07","1969-06-17 21:00:00-07"
"TR69","Trident","1969-06-20 21:00:00-07","1969-06-22 21:00:00-07"
"V2702","Vema","1969-06-21 21:00:00-07","1969-07-12 21:00:00-07"
"RC1218","Robert D. Conrad","1969-06-23 21:00:00-07","1969-07-15 21:00:00-07"
"Atlantis II cruise 49 Stn 1495 ","Atlantis II","1969-07-03 21:00:00-07","1969-07-03 21:00:00-07"
"RC1219","Robert D. Conrad","1969-07-12 21:00:00-07","1969-08-01 21:00:00-07"
"VM0027","Vema","1969-07-13 21:00:00-07","1970-02-20 22:00:00-07"
"V2703","Vema","1969-07-19 21:00:00-07","1969-08-05 21:00:00-07"
"TR071","Trident","1969-08-03 21:00:00-07","1969-08-06 21:00:00-07"
"RC1220","Robert D. Conrad","1969-08-10 21:00:00-07","1969-08-30 21:00:00-07"
"V2704","Vema","1969-08-11 21:00:00-07","1969-09-05 21:00:00-07"
"RC1301","Robert D. Conrad","1969-09-08 21:00:00-07","1969-09-25 21:00:00-07"
"V2705","Vema","1969-09-11 21:00:00-07","1969-09-15 21:00:00-07"
"RC13","Robert Conrad","1969-09-12 21:00:00-07","1970-12-23 22:00:00-07"
"V2706","Vema","1969-09-20 21:00:00-07","1969-10-14 21:00:00-07"
"Samar","Argentinian Sun","1969-09-23 21:00:00-07","1969-09-23 21:00:00-07"
"V2707","Vema","1969-10-19 21:00:00-07","1969-11-15 22:00:00-07"
"A54-2","Atlantis II","1969-11-01 22:00:00-07","1969-11-29 22:00:00-07"
"CHAIN96-4","Chain","1969-11-05 22:00:00-07","1969-12-02 22:00:00-07"
"V2708","Vema","1969-11-21 22:00:00-07","1969-11-30 22:00:00-07"
"V2709","Vema","1969-12-03 22:00:00-07","1969-12-27 22:00:00-07"
"CHAIN96-5","Chain","1969-12-08 22:00:00-07","1969-12-09 22:00:00-07"
"RC1304","Robert D. Conrad","1969-12-22 22:00:00-07","1970-01-20 22:00:00-07"
"ELT45","USNS Eltanin","1969-12-31 07:00:00-07","1969-12-31 22:00:00-07"
"ELT44","USNS Eltanin","1969-12-31 12:00:00-07","1969-12-31 22:00:00-07"
"SAINT-ANDRE-05/12/2011",NULL,"1969-12-31 17:00:00-07","2011-12-04 17:00:00-07"
"ELT43",NULL,"1969-12-31 17:00:00-07","1969-12-31 17:00:00-07"
"ELT44",NULL,"1969-12-31 17:00:00-07","1969-12-31 17:00:00-07"
"ELT45",NULL,"1969-12-31 17:00:00-07","1969-12-31 17:00:00-07"
"Lac d&#x27;altitude21/06/2010",NULL,"1969-12-31 17:00:00-07","1969-12-31 17:00:00-07"
"ELT42",NULL,"1969-12-31 17:00:00-07","1969-12-31 17:00:00-07"
"ELT42","USNS Eltanin","1969-12-31 22:00:00-07","1969-12-31 22:00:00-07"
"EA70","Eastward","1969-12-31 22:00:00-07","1969-12-31 22:00:00-07"
"EA-33e-70-71","Eastward","1969-12-31 22:00:00-07","1969-12-31 22:00:00-07"
"ELT43","USNS Eltanin","1969-12-31 22:00:00-07","1969-12-31 22:00:00-07"
"IWSOE70","USCGC Glacier","1969-12-31 22:00:00-07","1969-12-31 22:00:00-07"
"V2710","Vema","1970-01-02 22:00:00-07","1970-01-26 22:00:00-07"
"MGS",NULL,"1970-01-07 22:00:00-07","1970-06-30 21:00:00-07"
"RC1305","Robert D. Conrad","1970-01-30 22:00:00-07","1970-02-27 22:00:00-07"
"V2712","Vema","1970-02-13 22:00:00-07","1970-03-09 22:00:00-07"
"AII 56 stn1652 700m",NULL,"1970-02-25 22:00:00-07","1970-02-25 22:00:00-07"
"RC1306","Robert D. Conrad","1970-03-06 22:00:00-07","1970-04-09 22:00:00-07"
"TR079","Trident","1970-03-14 22:00:00-07","1970-03-20 22:00:00-07"
"V2713","Vema","1970-03-15 22:00:00-07","1970-04-05 22:00:00-07"
"RC0013","Robert D. Conrad","1970-03-21 22:00:00-07","1970-04-07 22:00:00-07"
"unknown","unknown","1970-04-02 22:00:00-07","1972-02-29 22:00:00-07"
"AII 56 stn1691 50m",NULL,"1970-04-03 22:00:00-07","1970-04-03 22:00:00-07"
"AII 56 stn1691 300m",NULL,"1970-04-03 22:00:00-07","1970-04-03 22:00:00-07"
"V2714","Vema","1970-04-13 22:00:00-07","1970-05-06 21:00:00-07"
"RC1307","Robert D. Conrad","1970-04-19 22:00:00-07","1970-05-15 21:00:00-07"
"CHAIN99-2","Chain","1970-04-22 22:00:00-07","1970-05-01 21:00:00-07"
"Atlantis II 56 stn1714 500m","Atlantis II","1970-04-25 22:00:00-07","1970-04-25 22:00:00-07"
"RC0013","Robert Conrad","1970-05-05 21:00:00-07","1970-12-18 22:00:00-07"
"CHAIN99-3","Chain","1970-05-13 21:00:00-07","1970-06-05 21:00:00-07"
"RC1308","Robert D. Conrad","1970-05-21 21:00:00-07","1970-06-15 21:00:00-07"
"TR083","R/V Trident","1970-06-05 21:00:00-07","1970-06-07 21:00:00-07"
"CHAIN99-4","Chain","1970-06-12 21:00:00-07","1970-06-18 21:00:00-07"
"V2801","Vema","1970-06-26 21:00:00-07","1970-07-14 21:00:00-07"
"RC1310","Robert D. Conrad","1970-06-26 21:00:00-07","1970-07-25 21:00:00-07"
"TR85","Trident","1970-07-13 21:00:00-07","1970-07-13 21:00:00-07"
"V2802","Vema","1970-07-18 21:00:00-07","1970-08-01 21:00:00-07"
"TR086","Trident","1970-07-23 21:00:00-07","1970-07-26 21:00:00-07"
"RC1311","Robert D. Conrad","1970-08-01 21:00:00-07","1970-08-28 21:00:00-07"
"V2803","Vema","1970-08-07 21:00:00-07","1970-09-01 21:00:00-07"
"VM0028","Vema","1970-08-11 21:00:00-07","1971-11-06 22:00:00-07"
"RC1312","Robert D. Conrad","1970-09-02 21:00:00-07","1970-09-29 21:00:00-07"
"KN10-1","Knorr","1970-09-08 21:00:00-07","1970-09-08 21:00:00-07"
"V2804","Vema","1970-09-11 21:00:00-07","1970-10-03 21:00:00-07"
"VM28","Vema","1970-09-16 21:00:00-07","1971-09-25 21:00:00-07"
"RC1313","Robert D. Conrad","1970-10-03 21:00:00-07","1970-11-01 22:00:00-07"
"TR089","Trident","1970-10-05 21:00:00-07","1970-10-21 21:00:00-07"
"V2805","Vema","1970-10-12 21:00:00-07","1970-10-31 22:00:00-07"
"TR089","R/V Trident","1970-10-14 21:00:00-07","1970-10-21 21:00:00-07"
"M68-10-12",NULL,"1970-10-16 21:00:00-07","1970-11-22 22:00:00-07"
"V2806","Vema","1970-11-09 22:00:00-07","1970-11-19 22:00:00-07"
"CHAIN99-8","Chain","1970-11-24 22:00:00-07","1970-12-12 22:00:00-07"
"V2807","Vema","1970-11-26 22:00:00-07","1970-12-20 22:00:00-07"
"AII 59 stn1759 1000m",NULL,"1970-11-30 22:00:00-07","1970-11-30 22:00:00-07"
"A59-8","Atlantis II","1970-12-03 22:00:00-07","1970-12-06 22:00:00-07"
"RC1314","Robert D. Conrad","1970-12-09 22:00:00-07","1971-01-08 22:00:00-07"
"AII 59 stn1757 400m",NULL,"1970-12-14 22:00:00-07","1970-12-14 22:00:00-07"
"AII 59 stn1757 100m",NULL,"1970-12-14 22:00:00-07","1970-12-14 22:00:00-07"
"V2808","Vema","1970-12-27 22:00:00-07","1971-01-06 22:00:00-07"
"ELT49","USNS Eltanin","1970-12-31 12:00:00-07","1971-01-03 17:00:00-07"
"ELT50","USNS Eltanin","1970-12-31 12:00:00-07","1970-12-31 22:00:00-07"
"ELT48","USNS Eltanin","1970-12-31 17:00:00-07","1970-12-31 22:00:00-07"
"ELT50",NULL,"1970-12-31 17:00:00-07","2014-04-09 21:00:00-07"
"ELT49",NULL,"1970-12-31 17:00:00-07","2014-04-09 21:00:00-07"
"ELT48",NULL,"1970-12-31 17:00:00-07","1970-12-31 17:00:00-07"
"ELT47",NULL,"1970-12-31 17:00:00-07","2014-04-09 21:00:00-07"
"ELT47","USNS Eltanin","1970-12-31 17:00:00-07","1970-12-31 22:00:00-07"
"EA-31f-71-72","Eastward","1970-12-31 22:00:00-07","1970-12-31 22:00:00-07"
"EA71","Eastward","1970-12-31 22:00:00-07","1970-12-31 22:00:00-07"
"V2809","Vema","1971-01-09 22:00:00-07","1971-01-30 22:00:00-07"
"RC0015","Robert Conrad","1971-01-09 22:00:00-07","1972-07-31 21:00:00-07"
"RC1401","Robert D. Conrad","1971-01-30 22:00:00-07","1971-02-24 22:00:00-07"
"RC0014","Robert Conrad","1971-02-01 22:00:00-07","1971-09-15 21:00:00-07"
"RC14","Robert Conrad","1971-02-04 22:00:00-07","1971-09-16 21:00:00-07"
"V2810","Vema","1971-02-05 22:00:00-07","1971-03-04 22:00:00-07"
"A60-2","Atlantis II","1971-02-15 22:00:00-07","1971-03-02 22:00:00-07"
"TR096","Trident","1971-02-21 22:00:00-07","1971-03-21 22:00:00-07"
"CHAIN100-3","Chain","1971-03-01 22:00:00-07","1971-03-22 22:00:00-07"
"RC1402","Robert D. Conrad","1971-03-04 22:00:00-07","1971-03-28 22:00:00-07"
"V2811","Vema","1971-03-13 22:00:00-07","1971-04-06 22:00:00-07"
"CHAIN100-4","Chain","1971-03-31 22:00:00-07","1971-04-19 22:00:00-07"
"RC1403","Robert D. Conrad","1971-04-08 22:00:00-07","1971-05-03 21:00:00-07"
"V2812","Vema","1971-04-14 22:00:00-07","1971-04-18 22:00:00-07"
"V2813","Vema","1971-04-21 22:00:00-07","1971-05-08 21:00:00-07"
"CHAIN100-5","Chain","1971-04-26 21:00:00-07","1971-05-08 21:00:00-07"
"V2814","Vema","1971-05-09 21:00:00-07","1971-06-16 21:00:00-07"
"Aries-V","T. Washington","1971-05-10 21:00:00-07","1971-06-04 21:00:00-07"
"RC1404","Robert D. Conrad","1971-05-10 21:00:00-07","1971-06-10 21:00:00-07"
"ARIES-V","Thomas Washington","1971-05-13 21:00:00-07","1971-06-04 21:00:00-07"
"TR98","Trident","1971-05-22 21:00:00-07","1997-12-31 22:00:00-07"
"CHAIN100-6","Chain","1971-05-30 21:00:00-07","1971-05-30 21:00:00-07"
"SB3","Argentinian Wildcat","1971-06-06 21:00:00-07","1971-06-06 21:00:00-07"
"TR099","R/V Trident","1971-06-13 21:00:00-07","1971-06-14 21:00:00-07"
"LIAF","RV Ibis","1971-06-15 21:00:00-07","1971-06-15 21:00:00-07"
"RC1405","Robert D. Conrad","1971-06-17 21:00:00-07","1971-07-12 21:00:00-07"
"V2815","Vema","1971-06-22 21:00:00-07","1971-07-16 21:00:00-07"
"A60-6","Atlantis II","1971-06-23 21:00:00-07","1971-06-26 21:00:00-07"
"KK710426-2","Kana Keoki","1971-06-24 21:00:00-07","1971-06-24 21:00:00-07"
"VA01","R/V Valdivia","1971-06-30 21:00:00-07","1971-06-30 21:00:00-07"
"TR100",NULL,"1971-07-06 21:00:00-07","1971-07-06 21:00:00-07"
"TR100","Trident","1971-07-06 21:00:00-07","1971-07-11 21:00:00-07"
"KK710426-2",NULL,"1971-07-08 21:00:00-07","1971-07-08 21:00:00-07"
"CHAIN100-7","Chain","1971-07-10 21:00:00-07","1971-07-11 21:00:00-07"
"Alvin:338","Alvin","1971-07-17 21:00:00-07","1971-07-17 21:00:00-07"
"RC1406","Robert D. Conrad","1971-07-18 21:00:00-07","1971-08-14 21:00:00-07"
"TR101","Trident","1971-07-18 21:00:00-07","1971-07-27 21:00:00-07"
"TR101",NULL,"1971-07-18 21:00:00-07","1971-07-24 21:00:00-07"
"TR101","R/V Trident","1971-07-18 21:00:00-07","1971-07-24 21:00:00-07"
"Alvin:340","Alvin","1971-07-19 21:00:00-07","1971-07-19 21:00:00-07"
"Alvin:342","Alvin","1971-07-21 21:00:00-07","1971-07-21 21:00:00-07"
"CHAIN100-8","Chain","1971-07-22 21:00:00-07","1971-07-30 21:00:00-07"
"V2816","Vema","1971-07-25 21:00:00-07","1971-08-05 21:00:00-07"
"A60-8","Atlantis II","1971-08-03 21:00:00-07","1971-08-13 21:00:00-07"
"CHAIN100-9","Chain","1971-08-04 21:00:00-07","1971-08-23 21:00:00-07"
"V2817","Vema","1971-08-12 21:00:00-07","1971-09-07 21:00:00-07"
"RC1407","Robert D. Conrad","1971-08-20 21:00:00-07","1971-09-18 21:00:00-07"
"Alvin:349","Alvin","1971-09-04 21:00:00-07","1971-09-04 21:00:00-07"
"CHAIN100-10","Chain","1971-09-09 21:00:00-07","1971-09-17 21:00:00-07"
"V2818","Vema","1971-09-15 21:00:00-07","1971-10-09 21:00:00-07"
"RC1501","Robert D. Conrad","1971-09-29 21:00:00-07","1971-10-26 21:00:00-07"
"RC15","Robert Conrad","1971-10-07 21:00:00-07","1972-07-18 21:00:00-07"
"V2819","Vema","1971-10-17 21:00:00-07","1971-11-10 22:00:00-07"
"CHAIN100-11","Chain","1971-10-19 21:00:00-07","1971-10-24 21:00:00-07"
"DSDP Leg 21","Glomar Challenger","1971-10-31 22:00:00-07","1971-10-31 22:00:00-07"
"RC1502","Robert D. Conrad","1971-11-03 22:00:00-07","1971-11-28 22:00:00-07"
"Alvin:371","Alvin","1971-11-11 22:00:00-07","1971-11-11 22:00:00-07"
"Alvin:374","Alvin","1971-11-15 22:00:00-07","1971-11-15 22:00:00-07"
"KK710426-5",NULL,"1971-11-20 22:00:00-07","1971-11-20 22:00:00-07"
"V2901","Vema","1971-11-20 22:00:00-07","1971-12-13 22:00:00-07"
"VM29","Vema","1971-11-22 22:00:00-07","1972-09-28 21:00:00-07"
"RC1503","Robert D. Conrad","1971-12-05 22:00:00-07","1971-12-27 22:00:00-07"
"V2902","Vema","1971-12-18 22:00:00-07","1972-01-14 22:00:00-07"
"ELT55","USNS Eltanin","1971-12-31 12:00:00-07","1971-12-31 22:00:00-07"
"ELT54",NULL,"1971-12-31 17:00:00-07","2014-04-09 21:00:00-07"
"ELT52",NULL,"1971-12-31 17:00:00-07","1971-12-31 17:00:00-07"
"ELT53","USNS Eltanin","1971-12-31 17:00:00-07","1971-12-31 22:00:00-07"
"ELT53",NULL,"1971-12-31 17:00:00-07","1971-12-31 17:00:00-07"
"ELT54","USNS Eltanin","1971-12-31 17:00:00-07","1971-12-31 22:00:00-07"
"ELT55","ARA Islas Orcadas","1971-12-31 17:00:00-07","1971-12-31 17:00:00-07"
"ELT55",NULL,"1971-12-31 17:00:00-07","1971-12-31 17:00:00-07"
"ELT52","USNS Eltanin","1971-12-31 22:00:00-07","1971-12-31 22:00:00-07"
"EA72","Eastward","1971-12-31 22:00:00-07","1971-12-31 22:00:00-07"
"RC1504","Robert D. Conrad","1972-01-06 22:00:00-07","1972-02-03 22:00:00-07"
"VA03","R/V Valdivia","1972-01-09 22:00:00-07","1972-01-09 22:00:00-07"
"V2903","Vema","1972-01-20 22:00:00-07","1972-02-11 22:00:00-07"
"VM0029","Vema","1972-01-25 22:00:00-07","1972-09-30 21:00:00-07"
"RC16","Robert Conrad","1972-01-27 22:00:00-07","1973-09-05 21:00:00-07"
"Alvin:504","Alvin","1972-02-03 22:00:00-07","1972-02-03 22:00:00-07"
"KN25-1","Knorr","1972-02-09 22:00:00-07","1972-02-15 22:00:00-07"
"RC1505","Robert D. Conrad","1972-02-13 22:00:00-07","1972-03-04 22:00:00-07"
"V2904","Vema","1972-02-18 22:00:00-07","1972-03-14 22:00:00-07"
"KNORR 25 stn107 200m",NULL,"1972-03-17 22:00:00-07","1972-03-17 22:00:00-07"
"KNORR 25 stn107 700m",NULL,"1972-03-17 22:00:00-07","1972-03-17 22:00:00-07"
"TR112","R/V Trident","1972-03-18 22:00:00-07","1972-04-01 22:00:00-07"
"KNORR 25 stn117 140m",NULL,"1972-03-18 22:00:00-07","1972-03-18 22:00:00-07"
"RC1506","Robert D. Conrad","1972-03-19 22:00:00-07","1972-04-07 22:00:00-07"
"V2905","Vema","1972-03-22 22:00:00-07","1972-04-14 22:00:00-07"
"Knorr cruise 25 Stn 160 14","r/v Knorr","1972-04-01 22:00:00-07","1972-04-01 22:00:00-07"
"KNORR 25 stn171 1000m","KNORR","1972-04-03 22:00:00-07","1972-04-03 22:00:00-07"
"Knorr cruise 25 Stn 171 1","r/v Knorr","1972-04-03 22:00:00-07","1972-04-03 22:00:00-07"
"KNORR 25 stn187 300m",NULL,"1972-04-06 22:00:00-07","1972-04-06 22:00:00-07"
"RC1507","Robert D. Conrad","1972-04-17 22:00:00-07","1972-05-03 21:00:00-07"
"V2906","Vema","1972-04-24 22:00:00-07","1972-05-13 21:00:00-07"
"KN25-6","Knorr","1972-05-01 21:00:00-07","1972-05-01 21:00:00-07"
"RC1508","Robert D. Conrad","1972-05-11 21:00:00-07","1972-06-03 21:00:00-07"
"GS7202","R/V Gilliss","1972-05-13 21:00:00-07","1972-05-13 21:00:00-07"
"RC0016","Robert Conrad","1972-05-21 21:00:00-07","1973-08-27 21:00:00-07"
"V2907","Vema","1972-05-21 21:00:00-07","1972-06-08 21:00:00-07"
"KN27-1","Knorr","1972-06-07 21:00:00-07","1972-06-07 21:00:00-07"
"RC1509","Robert D. Conrad","1972-06-08 21:00:00-07","1972-06-29 21:00:00-07"
"V2908","Vema","1972-06-15 21:00:00-07","1972-07-05 21:00:00-07"
"AII032-03","R/V Atlantis II","1972-06-22 21:00:00-07","1972-06-22 21:00:00-07"
"CHAIN 105 Stn 1283","CHAIN","1972-06-24 21:00:00-07","1972-06-24 21:00:00-07"
"Chain cruise 105 stn1283 500m","r/v Chain","1972-06-24 21:00:00-07","1972-06-24 21:00:00-07"
"Alvin:410","Alvin","1972-06-24 21:00:00-07","1972-06-24 21:00:00-07"
"Alvin:415","Alvin","1972-06-28 21:00:00-07","1972-06-28 21:00:00-07"
"Chain cruise 105 stn1285 1000m","r/v Chain","1972-07-03 21:00:00-07","1972-07-03 21:00:00-07"
"CHAIN 105 Stn 1285","CHAIN","1972-07-03 21:00:00-07","1972-07-03 21:00:00-07"
"RC1510","Robert D. Conrad","1972-07-06 21:00:00-07","1972-08-01 21:00:00-07"
"Alvin:419","Alvin","1972-07-08 21:00:00-07","1972-07-08 21:00:00-07"
"Chain cruise 105 stn1287 5300m","r/v Chain","1972-07-09 21:00:00-07","1972-07-09 21:00:00-07"
"Alvin:421","Alvin","1972-07-10 21:00:00-07","1972-07-10 21:00:00-07"
"KK720702-2",NULL,"1972-07-11 21:00:00-07","1972-08-01 21:00:00-07"
"Alvin:423","Alvin","1972-07-13 21:00:00-07","1972-07-13 21:00:00-07"
"V2909","Vema","1972-07-14 21:00:00-07","1972-08-04 21:00:00-07"
"Chain cruise 105 stn1288 500m","r/v Chain","1972-07-14 21:00:00-07","1972-07-14 21:00:00-07"
"SOTW07WT","R/V Thomas Washington","1972-07-20 21:00:00-07","1972-07-28 21:00:00-07"
"Alvin:427","Alvin","1972-07-21 21:00:00-07","1972-07-21 21:00:00-07"
"TR119","Trident","1972-07-22 21:00:00-07","1972-07-25 21:00:00-07"
"Alvin:429","Alvin","1972-07-23 21:00:00-07","1972-07-23 21:00:00-07"
"Alvin:430","Alvin","1972-07-24 21:00:00-07","1972-07-24 21:00:00-07"
"CHAIN105-2","Chain","1972-07-25 21:00:00-07","1972-07-28 21:00:00-07"
"Alvin:431","Alvin","1972-07-26 21:00:00-07","1972-07-26 21:00:00-07"
"Chain cruise 105 stn1292 0m","r/v Chain","1972-08-04 21:00:00-07","1972-08-04 21:00:00-07"
"r/v Chain cruise 105 stn1294 700m","Chain","1972-08-07 21:00:00-07","1972-08-07 21:00:00-07"
"V2910","Vema","1972-08-11 21:00:00-07","1972-09-04 21:00:00-07"
"RC1601","Robert D. Conrad","1972-08-15 21:00:00-07","1972-09-09 21:00:00-07"
"TR122","Trident","1972-08-23 21:00:00-07","1972-08-29 21:00:00-07"
"Alvin:445","Alvin","1972-08-26 21:00:00-07","1972-08-26 21:00:00-07"
"Alvin:447","Alvin","1972-08-28 21:00:00-07","1972-08-28 21:00:00-07"
"TR123","Trident","1972-09-13 21:00:00-07","1972-09-16 21:00:00-07"
"RC1602","Robert D. Conrad","1972-09-14 21:00:00-07","1972-10-08 21:00:00-07"
"V2911","Vema","1972-09-15 21:00:00-07","1972-09-30 21:00:00-07"
"SHANE",NULL,"1972-10-05 21:00:00-07","1994-07-21 21:00:00-07"
"RC1603","Robert D. Conrad","1972-10-14 21:00:00-07","1972-11-11 22:00:00-07"
"A72-1","Atlantis II","1972-10-20 21:00:00-07","1972-11-03 22:00:00-07"
"RC1604","Robert D. Conrad","1972-11-18 22:00:00-07","1972-12-14 22:00:00-07"
"A73-1","Atlantis II","1972-11-23 22:00:00-07","1972-12-08 22:00:00-07"
"V3001","Vema","1972-11-24 22:00:00-07","1972-11-26 22:00:00-07"
"AII073","R/V Atlantis II","1972-11-24 22:00:00-07","1972-11-25 22:00:00-07"
"RC1604","R/V Robert D. Conrad","1972-11-26 22:00:00-07","1972-12-02 22:00:00-07"
"V3002","Vema","1972-12-11 22:00:00-07","1972-12-27 22:00:00-07"
"RC1605","Robert D. Conrad","1972-12-21 22:00:00-07","1973-01-16 22:00:00-07"
"ELT55","Eltanin","1972-12-22 22:00:00-07","1972-12-22 22:00:00-07"
"Dry Valley Drilling Project",NULL,"1972-12-31 17:00:00-07","1972-12-31 17:00:00-07"
"V3003","Vema","1973-01-05 22:00:00-07","1973-01-27 22:00:00-07"
"VM30","Vema","1973-01-07 22:00:00-07","1973-11-24 22:00:00-07"
"RC1606","Robert D. Conrad","1973-01-24 22:00:00-07","1973-02-07 22:00:00-07"
"KK721108-3","Kana Keoki","1973-01-31 22:00:00-07","1973-01-31 22:00:00-07"
"V3004","Vema","1973-02-03 22:00:00-07","1973-02-26 22:00:00-07"
"VM0030","Vema","1973-02-11 22:00:00-07","1973-12-17 22:00:00-07"
"V3005","Vema","1973-03-03 22:00:00-07","1973-03-23 22:00:00-07"
"KK721108-5","Kana Keoki","1973-03-07 22:00:00-07","1973-03-22 22:00:00-07"
"RC1608","Robert D. Conrad","1973-03-16 22:00:00-07","1973-03-16 22:00:00-07"
"RC1609","Robert D. Conrad","1973-03-27 22:00:00-07","1973-03-27 22:00:00-07"
"DSDP Leg 30","Glomar Challenger","1973-03-31 22:00:00-07","1973-03-31 22:00:00-07"
"V3006","Vema","1973-04-01 22:00:00-07","1973-04-17 22:00:00-07"
"KK721108-6","Kana Keoki","1973-04-24 22:00:00-07","1973-04-24 22:00:00-07"
"V3007","R/V Vema","1973-04-29 21:00:00-07","1973-04-29 21:00:00-07"
"KK721108-7","Kana Keoki","1973-04-30 21:00:00-07","1973-05-18 21:00:00-07"
"V3007","Vema","1973-05-06 21:00:00-07","1973-05-13 21:00:00-07"
"RC1610","Robert D. Conrad","1973-05-06 21:00:00-07","1973-05-27 21:00:00-07"
"V3008","Vema","1973-05-27 21:00:00-07","1973-06-14 21:00:00-07"
"R.V. Thompson TT 080 (1973)",NULL,"1973-05-31 21:00:00-07","1973-05-31 21:00:00-07"
"RC1611","Robert D. Conrad","1973-06-06 21:00:00-07","1973-07-01 21:00:00-07"
"V3009","Vema","1973-06-26 21:00:00-07","1973-07-20 21:00:00-07"
"KN31-3","Knorr","1973-06-27 21:00:00-07","1973-07-10 21:00:00-07"
"TR138","Trident","1973-07-01 21:00:00-07","1973-07-08 21:00:00-07"
"TR138",NULL,"1973-07-05 21:00:00-07","1973-07-05 21:00:00-07"
"TR138","R/V Trident","1973-07-05 21:00:00-07","1973-07-08 21:00:00-07"
"RC1612","Robert D. Conrad","1973-07-08 21:00:00-07","1973-07-29 21:00:00-07"
"AK15","Akademik Kurchatov","1973-07-15 21:00:00-07","1973-09-02 21:00:00-07"
"TR139","Trident","1973-07-18 21:00:00-07","1973-08-03 21:00:00-07"
"KN31-4","Knorr","1973-07-19 21:00:00-07","1973-07-22 21:00:00-07"
"V3010","Vema","1973-07-28 21:00:00-07","1973-08-24 21:00:00-07"
"TR139","R/V Trident","1973-08-01 21:00:00-07","1973-08-03 21:00:00-07"
"RC1613","Robert D. Conrad","1973-08-09 21:00:00-07","1973-09-10 21:00:00-07"
"A77-2","Atlantis II","1973-08-10 21:00:00-07","1973-08-27 21:00:00-07"
"KN31-5","Knorr","1973-08-14 21:00:00-07","1973-09-01 21:00:00-07"
"V3011","Vema","1973-08-29 21:00:00-07","1973-09-26 21:00:00-07"
"Atlantis II cruise 78 stn1914 150m","r/v Atlantis II","1973-09-06 21:00:00-07","1973-09-06 21:00:00-07"
"Atlantis II cruise 78 stn1915 50m","r/v Atlantis II","1973-09-07 21:00:00-07","1973-09-07 21:00:00-07"
"Atlantis II cruise 78 stn1918 300m","r/v Atlantis II","1973-09-08 21:00:00-07","1973-09-08 21:00:00-07"
"Atlantis II cruise 78 Stn 1919","Atlantis II","1973-09-09 05:00:00-07","1973-09-09 05:00:00-07"
"Atlantis II cruise 78 Stn 1928","Atlantis II","1973-09-14 05:00:00-07","1973-09-14 05:00:00-07"
"Atlantis II cruise 78 stn1947 100m","r/v Atlantis II","1973-09-24 21:00:00-07","1973-09-24 21:00:00-07"
"Atlantis II cruise 78 Stn 1954","Atlantis II","1973-09-27 09:00:00-07","1973-09-27 09:00:00-07"
"Atlantis II cruise 78 Stn 1953","Atlantis II","1973-09-27 21:00:00-07","1973-09-27 21:00:00-07"
"Atlantis II cruise 78 Stn 1958","Atlantis II","1973-10-05 21:00:00-07","1973-10-05 21:00:00-07"
"RC1701","Robert D. Conrad","1973-10-09 21:00:00-07","1973-10-26 21:00:00-07"
"Atlantis II cruise 78 Stn 1970","Atlantis II","1973-10-11 21:00:00-07","1973-10-11 21:00:00-07"
"RC17","Robert Conrad","1973-10-11 21:00:00-07","1974-10-02 21:00:00-07"
"Atlantis II 78 stn1974 300m","Atlantis II","1973-10-13 21:00:00-07","1973-10-13 21:00:00-07"
"V3012","Vema","1973-10-13 21:00:00-07","1973-10-27 21:00:00-07"
"A78-2","Atlantis II","1973-10-14 21:00:00-07","1973-10-24 21:00:00-07"
"Atlantis II cruise 78 stn1986 700m","r/v Atlantis II","1973-10-25 21:00:00-07","1973-10-25 21:00:00-07"
"Atlantis II cruise 78 stn1986 120m","r/v Atlantis II","1973-10-25 21:00:00-07","1973-10-25 21:00:00-07"
"AII 78 stn1986 150m",NULL,"1973-10-25 21:00:00-07","1973-10-25 21:00:00-07"
"V3013","Vema","1973-10-31 22:00:00-07","1973-11-28 22:00:00-07"
"RC1702","Robert D. Conrad","1973-11-07 22:00:00-07","1973-11-23 22:00:00-07"
"RC0017","Robert Conrad","1973-11-11 22:00:00-07","1974-10-02 21:00:00-07"
"CHAIN115-1","Chain","1973-11-20 22:00:00-07","1973-12-07 22:00:00-07"
"RC1703","Robert D. Conrad","1973-12-05 22:00:00-07","1973-12-26 22:00:00-07"
"V3014","Vema","1973-12-05 22:00:00-07","1973-12-27 22:00:00-07"
"CHAIN115-2","Chain","1973-12-28 22:00:00-07","1974-01-04 22:00:00-07"
"EA74","Eastward","1973-12-31 22:00:00-07","1973-12-31 22:00:00-07"
"V3101","Vema","1974-01-02 22:00:00-07","1974-01-27 21:00:00-07"
"RC1704","Robert D. Conrad","1974-01-28 21:00:00-07","1974-02-14 21:00:00-07"
"KK740109-1","Kana Keoki","1974-01-28 21:00:00-07","1974-01-30 21:00:00-07"
"Alvin:500","Alvin","1974-01-30 21:00:00-07","1974-01-30 21:00:00-07"
"SU2","Sunbird","1974-01-30 21:00:00-07","1974-01-30 21:00:00-07"
"Alvin:502","Alvin","1974-02-01 21:00:00-07","1974-02-01 21:00:00-07"
"Alvin:503","Alvin","1974-02-02 21:00:00-07","1974-02-02 21:00:00-07"
"V3102","Vema","1974-02-09 21:00:00-07","1974-02-22 21:00:00-07"
"VM31","Vema","1974-02-12 21:00:00-07","1974-08-17 21:00:00-07"
"VM0031","Vema","1974-02-13 21:00:00-07","1974-07-15 21:00:00-07"
"CHAIN115-4","Chain","1974-02-16 21:00:00-07","1974-03-08 21:00:00-07"
"Hawaii cruise MD-1 Station 6 100m","HAWAII","1974-02-17 21:00:00-07","1974-02-17 21:00:00-07"
"Hawaii cruise MD-1 Station 6 3000m","HAWAII","1974-02-17 21:00:00-07","1974-02-17 21:00:00-07"
"Hawaii cruise MD-1 Station 6 600m","HAWAII","1974-02-17 21:00:00-07","1974-02-17 21:00:00-07"
"Hawaii cruise MD-1 Station 6 0m","HAWAII","1974-02-17 21:00:00-07","1974-02-17 21:00:00-07"
"RC1705","Robert D. Conrad","1974-03-09 21:00:00-07","1974-04-09 21:00:00-07"
"V3103","Vema","1974-03-10 21:00:00-07","1974-03-29 21:00:00-07"
"GR74","Researcher","1974-03-18 21:00:00-07","1974-04-30 21:00:00-07"
"CHAIN115-5","Chain","1974-03-24 21:00:00-07","1974-04-15 21:00:00-07"
"T3-74","Ice Island T3","1974-03-31 21:00:00-07","1974-05-25 21:00:00-07"
"V3104","Vema","1974-04-07 21:00:00-07","1974-05-01 21:00:00-07"
"WCC6","Ferrel","1974-04-15 21:00:00-07","1974-04-15 21:00:00-07"
"RC1706","Robert D. Conrad","1974-04-16 21:00:00-07","1974-05-12 21:00:00-07"
"CHAIN115-6","Chain","1974-04-23 21:00:00-07","1974-05-10 21:00:00-07"
"MW74-2","Moana Wave","1974-04-23 21:00:00-07","1974-04-29 21:00:00-07"
"MW74","Moana Wave","1974-05-02 21:00:00-07","1974-05-10 21:00:00-07"
"KK740109-3","Kana Keoki","1974-05-03 21:00:00-07","1974-05-04 21:00:00-07"
"WCC7","Ferrel","1974-05-05 21:00:00-07","1974-05-05 21:00:00-07"
"V3105","Vema","1974-05-10 21:00:00-07","1974-05-28 21:00:00-07"
"60",NULL,"1974-05-12 21:00:00-07","1974-05-12 21:00:00-07"
"KK740109-4","Kana Keoki","1974-05-15 21:00:00-07","1974-05-15 21:00:00-07"
"RC1707","Robert D. Conrad","1974-05-17 21:00:00-07","1974-06-14 21:00:00-07"
"CHAIN115-7","Chain","1974-05-23 21:00:00-07","1974-05-27 21:00:00-07"
"CHAIN115-8","Chain","1974-06-02 21:00:00-07","1974-06-16 21:00:00-07"
"KA74","Kane","1974-06-07 21:00:00-07","1974-06-08 21:00:00-07"
"TR154","Trident","1974-06-08 21:00:00-07","1974-06-26 21:00:00-07"
"V3106","Vema","1974-06-08 21:00:00-07","1974-06-26 21:00:00-07"
"WCC8","Ferrel","1974-06-09 21:00:00-07","1974-06-09 21:00:00-07"
"KA074","Kane","1974-06-23 21:00:00-07","1974-06-24 21:00:00-07"
"RC1708","Robert D. Conrad","1974-06-25 21:00:00-07","1974-07-20 21:00:00-07"
"TR154","R/V Trident","1974-06-26 21:00:00-07","1974-06-26 21:00:00-07"
"KN42-2","Knorr","1974-06-28 21:00:00-07","1974-07-02 21:00:00-07"
"Alvin:518","Alvin","1974-06-29 21:00:00-07","1974-06-29 21:00:00-07"
"Alvin:519","Alvin","1974-06-30 21:00:00-07","1974-06-30 21:00:00-07"
"Alvin:520","Alvin","1974-07-01 21:00:00-07","1974-07-01 21:00:00-07"
"LU070-02C","R/V Lulu","1974-07-02 21:00:00-07","1974-07-02 21:00:00-07"
"Alvin:521","Alvin","1974-07-02 21:00:00-07","1974-07-02 21:00:00-07"
"Alvin:522","Alvin","1974-07-03 21:00:00-07","1974-07-03 21:00:00-07"
"Alvin:523","Alvin","1974-07-04 21:00:00-07","1974-07-04 21:00:00-07"
"V3107","Vema","1974-07-05 21:00:00-07","1974-07-30 21:00:00-07"
"KN42-3","Knorr","1974-07-14 21:00:00-07","1974-07-24 21:00:00-07"
"Alvin:524","Alvin","1974-07-14 21:00:00-07","1974-07-14 21:00:00-07"
"WCC9","Ferrel","1974-07-15 21:00:00-07","1974-07-15 21:00:00-07"
"Alvin:525","Alvin","1974-07-15 21:00:00-07","1974-07-15 21:00:00-07"
"LU070-03","R/V Lulu","1974-07-15 21:00:00-07","1974-07-17 21:00:00-07"
"Alvin:526","Alvin","1974-07-16 21:00:00-07","1974-07-16 21:00:00-07"
"Alvin:527","Alvin","1974-07-17 21:00:00-07","1974-07-17 21:00:00-07"
"Alvin:528","Alvin","1974-07-18 21:00:00-07","1974-07-18 21:00:00-07"
"Alvin:529","Alvin","1974-07-19 21:00:00-07","1974-07-19 21:00:00-07"
"Alvin:530","Alvin","1974-07-20 21:00:00-07","1974-07-20 21:00:00-07"
"KN42-4","Knorr","1974-08-02 21:00:00-07","1974-08-05 21:00:00-07"
"Alvin:532","Alvin","1974-08-02 21:00:00-07","1974-08-02 21:00:00-07"
"Alvin:533","Alvin","1974-08-03 21:00:00-07","1974-08-03 21:00:00-07"
"LU070-05","R/V Lulu","1974-08-04 21:00:00-07","1974-08-04 21:00:00-07"
"Alvin:534","Alvin","1974-08-04 21:00:00-07","1974-08-04 21:00:00-07"
"RC1709","Robert D. Conrad","1974-08-04 21:00:00-07","1974-08-08 21:00:00-07"
"V3108","Vema","1974-08-07 21:00:00-07","1974-08-31 21:00:00-07"
"KN42-5","Knorr","1974-08-15 21:00:00-07","1974-08-31 21:00:00-07"
"KN42-05","R/V Knorr","1974-08-15 21:00:00-07","1974-08-25 21:00:00-07"
"RC1710","Robert D. Conrad","1974-08-20 21:00:00-07","1974-09-09 21:00:00-07"
"Alvin:537","Alvin","1974-08-20 21:00:00-07","1974-08-20 21:00:00-07"
"WCC10","Ferrel","1974-08-20 21:00:00-07","1974-08-20 21:00:00-07"
"Alvin:538","Alvin","1974-08-23 21:00:00-07","1974-08-23 21:00:00-07"
"Alvin:539","Alvin","1974-08-24 21:00:00-07","1974-08-24 21:00:00-07"
"Alvin:540","Alvin","1974-08-26 21:00:00-07","1974-08-26 21:00:00-07"
"Alvin:541","Alvin","1974-08-27 21:00:00-07","1974-08-27 21:00:00-07"
"A85-1","Atlantis II","1974-08-27 21:00:00-07","1974-09-09 21:00:00-07"
"Alvin:542","Alvin","1974-08-29 21:00:00-07","1974-08-29 21:00:00-07"
"Alvin:543","Alvin","1974-08-31 21:00:00-07","1974-08-31 21:00:00-07"
"Atlantis II cruise 85 stnQCW 0m","r/v Atlantis II","1974-09-04 21:00:00-07","1974-09-04 21:00:00-07"
"AII 85 stnQCW 0m","Atlantis II","1974-09-04 21:00:00-07","1974-09-04 21:00:00-07"
"COCOTOW","Melville","1974-09-16 21:00:00-07","1974-12-04 22:00:00-07"
"RC1711","Robert D. Conrad","1974-09-18 21:00:00-07","1974-10-11 21:00:00-07"
"A85-2","Atlantis II","1974-09-19 21:00:00-07","1974-09-20 21:00:00-07"
"WCC11","Ferrel","1974-09-28 21:00:00-07","1974-09-28 21:00:00-07"
"RC1712","Robert D. Conrad","1974-10-25 21:00:00-07","1974-11-15 22:00:00-07"
"V32","Vema","1974-10-30 22:00:00-07","1974-10-30 22:00:00-07"
"WCC12","Ferrel","1974-11-03 22:00:00-07","1974-11-03 22:00:00-07"
"RC1713","Robert D. Conrad","1974-11-23 22:00:00-07","1974-12-16 22:00:00-07"
"CCTW04MV","R/V Melville","1974-11-25 22:00:00-07","1974-12-04 22:00:00-07"
"V3203","Vema","1974-11-29 22:00:00-07","1974-12-15 22:00:00-07"
"HAWAII Y74-3 station 49 200m",NULL,"1974-12-04 22:00:00-07","1974-12-04 22:00:00-07"
"HAWAII Y74-3 stn49 2500m",NULL,"1974-12-04 22:00:00-07","1974-12-04 22:00:00-07"
"HAWAII Y74-3 station 49 100m",NULL,"1974-12-04 22:00:00-07","1974-12-04 22:00:00-07"
"HAWAII Y74-3 stn49 500m",NULL,"1974-12-04 22:00:00-07","1974-12-04 22:00:00-07"
"HAWAII Y74-3 station 49 3500m",NULL,"1974-12-04 22:00:00-07","1974-12-04 22:00:00-07"
"WCC13","Ferrel","1974-12-09 22:00:00-07","1974-12-09 22:00:00-07"
"VM32","Vema","1974-12-15 22:00:00-07","1975-10-21 21:00:00-07"
"V3204","Vema","1974-12-22 22:00:00-07","1975-01-12 22:00:00-07"
"RC1714","Robert D. Conrad","1974-12-23 22:00:00-07","1975-01-20 22:00:00-07"
"IO0775","ARA Islas Orcadas","1974-12-31 17:00:00-07","1974-12-31 22:00:00-07"
"IO0775",NULL,"1974-12-31 17:00:00-07","1974-12-31 17:00:00-07"
"WCC14","Ferrel","1974-12-31 22:00:00-07","1974-12-31 22:00:00-07"
"EA75","Eastward","1974-12-31 22:00:00-07","1974-12-31 22:00:00-07"
"USGS 1590 Series Report A",NULL,"1974-12-31 22:00:00-07","1979-12-31 22:00:00-07"
"SOUTHTOW Expedition (SOTW07WT)","Thomas Washington","1975-01-01 10:00:00-07","1975-01-01 10:00:00-07"
"Atlantis II cruise 86 Stn 2171","Atlantis II","1975-01-16 22:00:00-07","1975-01-16 22:00:00-07"
"V3205","Vema","1975-01-19 22:00:00-07","1975-02-13 22:00:00-07"
"AII 86 stn2193 5000m",NULL,"1975-02-02 22:00:00-07","1975-02-02 22:00:00-07"
"Atlantis II cruise 86 stn2193 500m","r/v Atlantis II","1975-02-02 22:00:00-07","1975-02-02 22:00:00-07"
"Atlantis II cruise 86 stn2193 5000m","r/v Atlantis II","1975-02-02 22:00:00-07","1975-02-02 22:00:00-07"
"AII 86 stn2193 200m",NULL,"1975-02-02 22:00:00-07","1975-02-02 22:00:00-07"
"AII 86 stn2193 300m",NULL,"1975-02-02 22:00:00-07","1975-02-02 22:00:00-07"
"Atlantis II cruise 86 stn2193 50m","r/v Atlantis II","1975-02-02 22:00:00-07","1975-02-02 22:00:00-07"
"Atlantis II cruise 86 stn2193 300m","r/v Atlantis II","1975-02-02 22:00:00-07","1975-02-02 22:00:00-07"
"AII 86 stn2193 100m",NULL,"1975-02-02 22:00:00-07","1975-02-02 22:00:00-07"
"Atlantis II cruise 86 stn2193 700m","r/v Atlantis II","1975-02-02 22:00:00-07","1975-02-02 22:00:00-07"
"Atlantis II cruise 86 stn2193 4000m","r/v Atlantis II","1975-02-02 22:00:00-07","1975-02-02 22:00:00-07"
"RC1801","Robert D. Conrad","1975-02-08 22:00:00-07","1975-03-05 21:00:00-07"
"KN47-1","Knorr","1975-02-09 22:00:00-07","1975-02-15 22:00:00-07"
"TR163","R/V Trident","1975-02-12 22:00:00-07","1975-02-24 21:00:00-07"
"WEA.SHIP MIKE stn#1313 0m","WEA.SHIP","1975-02-14 22:00:00-07","1975-02-14 22:00:00-07"
"V3206","Vema","1975-02-24 21:00:00-07","1975-03-14 21:00:00-07"
"TR163","Trident","1975-02-24 21:00:00-07","1975-02-24 21:00:00-07"
"TR164","Trident","1975-03-10 21:00:00-07","1975-03-27 21:00:00-07"
"GR75","Researcher","1975-03-11 21:00:00-07","1975-09-13 21:00:00-07"
"A86-3","Atlantis II","1975-03-13 21:00:00-07","1975-03-18 21:00:00-07"
"RC1802","Robert D. Conrad","1975-03-17 21:00:00-07","1975-04-07 21:00:00-07"
"CHAIN119-2","Chain","1975-03-21 21:00:00-07","1975-04-10 21:00:00-07"
"RC0018","Robert Conrad","1975-03-22 21:00:00-07","1975-03-22 21:00:00-07"
"RC18","Robert Conrad","1975-03-23 21:00:00-07","1975-04-18 21:00:00-07"
"V3207","Vema","1975-03-24 21:00:00-07","1975-04-17 21:00:00-07"
"RC1803","Robert D. Conrad","1975-04-15 21:00:00-07","1975-05-09 21:00:00-07"
"V3208","Vema","1975-04-24 21:00:00-07","1975-04-30 21:00:00-07"
"Chain cruise 121 Stn 1360","Chain","1975-05-09 05:00:00-07","1975-05-15 05:00:00-07"
"CHAIN 121 stn1360 300m","CHAIN","1975-05-10 21:00:00-07","1975-05-10 21:00:00-07"
"V3209","Vema","1975-05-13 21:00:00-07","1975-05-25 21:00:00-07"
"RC1804","Robert D. Conrad","1975-05-19 21:00:00-07","1975-06-09 21:00:00-07"
"WEA.SHIP MIKE stn#1315 0m","WEA.SHIP","1975-06-01 21:00:00-07","1975-06-01 21:00:00-07"
"V3210","Vema","1975-06-05 21:00:00-07","1975-06-23 21:00:00-07"
"RC1806","Robert D. Conrad","1975-07-02 21:00:00-07","1975-07-07 21:00:00-07"
"V3211","Vema","1975-07-03 21:00:00-07","1975-07-12 21:00:00-07"
"V3211","R/V Vema","1975-07-12 21:00:00-07","1975-07-12 21:00:00-07"
"V3212","Vema","1975-07-20 21:00:00-07","1975-08-11 21:00:00-07"
"RC1901","Robert D. Conrad","1975-07-31 21:00:00-07","1975-07-31 21:00:00-07"
"KN51-3","Knorr","1975-08-10 21:00:00-07","1975-08-29 21:00:00-07"
"RC1902","Robert D. Conrad","1975-08-14 21:00:00-07","1975-08-16 21:00:00-07"
"RC19","Robert Conrad","1975-08-18 21:00:00-07","1976-02-06 22:00:00-07"
"V3213","Vema","1975-08-19 21:00:00-07","1975-09-11 21:00:00-07"
"WEA.SHIP MIKE stn#1318 0m","WEA.SHIP","1975-08-31 21:00:00-07","1975-08-31 21:00:00-07"
"A92-1","Atlantis II","1975-09-03 21:00:00-07","1975-09-09 21:00:00-07"
"AST75-9","Asterias","1975-09-14 21:00:00-07","1975-09-18 21:00:00-07"
"V3214","Vema","1975-09-18 21:00:00-07","1975-10-11 21:00:00-07"
"VM0032","Vema","1975-09-24 21:00:00-07","1975-11-02 22:00:00-07"
"A92-2","Atlantis II","1975-09-24 21:00:00-07","1975-10-05 21:00:00-07"
"GEORSTOM III SUD","Le Noroit","1975-09-30 21:00:00-07","1975-09-30 21:00:00-07"
"AII092-02","R/V Atlantis II","1975-10-04 21:00:00-07","1975-10-04 21:00:00-07"
"A2092-02","R/V Atlantis II","1975-10-04 21:00:00-07","1975-10-04 21:00:00-07"
"AST75-10","Asterias","1975-10-08 21:00:00-07","1975-10-09 21:00:00-07"
"V3215","Vema","1975-10-19 21:00:00-07","1975-11-08 22:00:00-07"
"V3301","Vema","1975-11-21 22:00:00-07","1975-12-07 22:00:00-07"
"A93-2","Atlantis II","1975-11-27 22:00:00-07","1975-12-13 22:00:00-07"
"VM33","Vema","1975-11-29 22:00:00-07","1976-09-14 21:00:00-07"
"VM0033","Vema","1975-11-30 22:00:00-07","1977-02-08 22:00:00-07"
"GL76",NULL,"1975-12-31 17:00:00-07","1975-12-31 17:00:00-07"
"IO1176",NULL,"1975-12-31 17:00:00-07","2014-04-09 21:00:00-07"
"GL76","USCGC Glacier","1975-12-31 17:00:00-07","1975-12-31 22:00:00-07"
"IO1176","ARA Islas Orcadas","1975-12-31 22:00:00-07","1975-12-31 22:00:00-07"
"V3306","Vema","1975-12-31 22:00:00-07","1976-05-10 21:00:00-07"
"V3302","Vema","1976-01-03 22:00:00-07","1976-01-14 22:00:00-07"
"RC1905","Robert D. Conrad","1976-01-04 22:00:00-07","1976-01-18 22:00:00-07"
"KN54-2","Knorr","1976-01-14 22:00:00-07","1976-02-04 22:00:00-07"
"V3303","Vema","1976-01-22 22:00:00-07","1976-02-14 22:00:00-07"
"Alvin:611","Alvin","1976-01-27 22:00:00-07","1976-01-27 22:00:00-07"
"RC1906","Robert D. Conrad","1976-01-29 22:00:00-07","1976-02-18 22:00:00-07"
"Alvin:612","Alvin","1976-01-30 22:00:00-07","1976-01-30 22:00:00-07"
"Alvin:613","Alvin","1976-01-31 22:00:00-07","1976-01-31 22:00:00-07"
"Alvin:614","Alvin","1976-02-01 22:00:00-07","1976-02-01 22:00:00-07"
"Alvin:615","Alvin","1976-02-02 22:00:00-07","1976-02-02 22:00:00-07"
"Alvin:616","Alvin","1976-02-03 22:00:00-07","1976-02-03 22:00:00-07"
"Alvin:617","Alvin","1976-02-09 22:00:00-07","1976-02-09 22:00:00-07"
"KN54-3","Knorr","1976-02-09 22:00:00-07","1976-02-19 22:00:00-07"
"Alvin:619","Alvin","1976-02-11 22:00:00-07","1976-02-11 22:00:00-07"
"Alvin:620","Alvin","1976-02-13 22:00:00-07","1976-02-13 22:00:00-07"
"Alvin:621","Alvin","1976-02-15 22:00:00-07","1976-02-15 22:00:00-07"
"Alvin:622","Alvin","1976-02-17 22:00:00-07","1976-02-17 22:00:00-07"
"Alvin:623","Alvin","1976-02-18 22:00:00-07","1976-02-18 22:00:00-07"
"Alvin:624","Alvin","1976-02-19 22:00:00-07","1976-02-19 22:00:00-07"
"Alvin:625","Alvin","1976-02-20 22:00:00-07","1976-02-20 22:00:00-07"
"V3304","Vema","1976-02-24 22:00:00-07","1976-03-10 22:00:00-07"
"RC1907","Robert D. Conrad","1976-03-01 22:00:00-07","1976-03-24 22:00:00-07"
"KK760103-2","Kana Keoki","1976-03-05 22:00:00-07","1976-03-05 22:00:00-07"
"A93-6","Atlantis II","1976-03-16 22:00:00-07","1976-03-29 22:00:00-07"
"V3305","Vema","1976-03-22 22:00:00-07","1976-04-12 22:00:00-07"
"Knorr cruise 54 Station 728 580m","Knorr","1976-04-09 22:00:00-07","1976-04-09 22:00:00-07"
"A93-7","Atlantis II","1976-04-09 22:00:00-07","1976-05-01 21:00:00-07"
"Knorr cruise 54 Station 728 280m","Knorr","1976-04-09 22:00:00-07","1976-04-09 22:00:00-07"
"Knorr cruise 54 Station 736 375m","Knorr","1976-04-11 22:00:00-07","1976-04-11 22:00:00-07"
"Knorr cruise 54/5 Station 743 20m","Knorr","1976-04-14 22:00:00-07","1976-04-14 22:00:00-07"
"Knorr cruise 54/5 Station 743 525m","Knorr","1976-04-14 22:00:00-07","1976-04-14 22:00:00-07"
"Knorr cruise 54 Station 750 2900m","Knorr","1976-04-17 22:00:00-07","1976-04-17 22:00:00-07"
"Knorr cruise 54 Station 750 1075m","Knorr","1976-04-17 22:00:00-07","1976-04-17 22:00:00-07"
"Knorr cruise 54 Stn 760","r/v Knorr","1976-04-21 17:00:00-07","1976-04-21 17:00:00-07"
"Knorr cruise 54 Station 754 0m","Knorr","1976-04-25 21:00:00-07","1976-04-25 21:00:00-07"
"Knorr cruise 54 Station 754 700m","Knorr","1976-04-25 21:00:00-07","1976-04-25 21:00:00-07"
"KNORR 54 stn9 0m",NULL,"1976-05-09 21:00:00-07","1976-05-09 21:00:00-07"
"KNORR 54 stn19 40m",NULL,"1976-05-10 21:00:00-07","1976-05-10 21:00:00-07"
"Knorr cruise 54 Stn 24","r/v Knorr","1976-05-11 17:00:00-07","1976-05-11 17:00:00-07"
"KN54-6","Knorr","1976-05-11 21:00:00-07","1976-06-02 21:00:00-07"
"V3307","Vema","1976-05-15 21:00:00-07","1976-06-01 21:00:00-07"
"V3307","R/V Vema","1976-05-16 21:00:00-07","1976-05-16 21:00:00-07"
"GS7605","James M. Gilliss","1976-05-19 21:00:00-07","1976-05-19 21:00:00-07"
"GR76","Researcher","1976-05-25 21:00:00-07","1976-07-20 21:00:00-07"
"KNORR 54 stn84 60m",NULL,"1976-05-26 21:00:00-07","1976-05-26 21:00:00-07"
"Knorr cruise 54 Stn 101","r/v Knorr","1976-06-02 17:00:00-07","1976-06-02 17:00:00-07"
"V3308","Vema","1976-06-15 21:00:00-07","1976-07-13 21:00:00-07"
"Alvin:660","Alvin","1976-06-25 21:00:00-07","1976-06-25 21:00:00-07"
"V3309","Vema","1976-07-31 21:00:00-07","1976-08-21 21:00:00-07"
"KK760806-1","Kana Keoki","1976-08-10 21:00:00-07","1976-08-31 21:00:00-07"
"unknown","Long Lines","1976-08-15 21:00:00-07","1976-10-10 21:00:00-07"
"V3310","Vema","1976-08-28 21:00:00-07","1976-09-16 21:00:00-07"
"KK760806",NULL,"1976-09-02 21:00:00-07","1976-09-02 21:00:00-07"
"A93-12","Atlantis II","1976-09-04 21:00:00-07","1976-09-22 21:00:00-07"
"KK760806-2","Kana Keoki","1976-09-13 21:00:00-07","1976-09-26 21:00:00-07"
"A93-13","Atlantis II","1976-10-13 21:00:00-07","1976-10-13 21:00:00-07"
"V3311","Vema","1976-10-13 21:00:00-07","1976-10-13 21:00:00-07"
"A93-14","Atlantis II","1976-11-02 22:00:00-07","1976-11-19 22:00:00-07"
"KN61-1","Knorr","1976-11-04 22:00:00-07","1976-11-21 22:00:00-07"
"KK761108","Kana Keoki","1976-11-10 22:00:00-07","1976-11-14 22:00:00-07"
"I1176","Islas Orcadas","1976-11-19 22:00:00-07","1976-12-08 22:00:00-07"
"V3312","Vema","1976-11-26 22:00:00-07","1976-12-14 22:00:00-07"
"RC2007","Robert D. Conrad","1976-12-07 22:00:00-07","1976-12-08 22:00:00-07"
"V3313","Vema","1976-12-22 22:00:00-07","1976-12-26 22:00:00-07"
"IO1277",NULL,"1976-12-31 17:00:00-07","2014-04-09 21:00:00-07"
"IO1277","Islas Orcadas","1976-12-31 17:00:00-07","1976-12-31 17:00:00-07"
"RISP",NULL,"1976-12-31 22:00:00-07","1979-12-30 17:00:00-07"
"USGS 1590 Series Report B",NULL,"1976-12-31 22:00:00-07","1976-12-31 22:00:00-07"
"IO1277","ARA Islas Orcadas","1976-12-31 22:00:00-07","2014-04-09 21:00:00-07"
"EA77","Eastward","1976-12-31 22:00:00-07","1976-12-31 22:00:00-07"
"RC2009","Robert D. Conrad","1977-01-04 22:00:00-07","1977-01-05 22:00:00-07"
"RC2009","R/V Robert D. Conrad","1977-01-04 22:00:00-07","1977-01-05 22:00:00-07"
"V3314","Vema","1977-01-23 22:00:00-07","1977-02-10 22:00:00-07"
"KN64-1","Knorr","1977-01-29 22:00:00-07","1977-02-01 22:00:00-07"
"V3401","Vema","1977-02-21 22:00:00-07","1977-02-22 22:00:00-07"
"VM0034","Vema","1977-02-24 22:00:00-07","1978-01-22 22:00:00-07"
"Alvin:721","Alvin","1977-02-24 22:00:00-07","1977-02-24 22:00:00-07"
"VM34","Vema","1977-02-24 22:00:00-07","1977-10-17 21:00:00-07"
"KN64-3","Knorr","1977-02-25 22:00:00-07","1977-03-17 22:00:00-07"
"A93-18","Atlantis II","1977-03-02 22:00:00-07","1977-03-19 22:00:00-07"
"Alvin:725","Alvin","1977-03-07 22:00:00-07","1977-03-07 22:00:00-07"
"Alvin:729","Alvin","1977-03-11 22:00:00-07","1977-03-11 22:00:00-07"
"Alvin:731","Alvin","1977-03-13 22:00:00-07","1977-03-13 22:00:00-07"
"RC2011","Robert D. Conrad","1977-03-16 22:00:00-07","1977-04-13 22:00:00-07"
"Alvin:734","Alvin","1977-03-16 22:00:00-07","1977-03-16 22:00:00-07"
"V3402","Vema","1977-03-29 22:00:00-07","1977-04-16 22:00:00-07"
"Eastern Shale Gas Project",NULL,"1977-03-31 17:00:00-07","1977-03-31 22:00:00-07"
"A93-19","Atlantis II","1977-03-31 22:00:00-07","1977-04-12 22:00:00-07"
"OC23","Oceanus","1977-04-06 22:00:00-07","1977-04-12 22:00:00-07"
"Alvin:737","Alvin","1977-04-06 22:00:00-07","1977-04-06 22:00:00-07"
"Alvin:738","Alvin","1977-04-07 22:00:00-07","1977-04-07 22:00:00-07"
"Alvin:739","Alvin","1977-04-09 22:00:00-07","1977-04-09 22:00:00-07"
"Alvin:740","Alvin","1977-04-10 22:00:00-07","1977-04-10 22:00:00-07"
"Alvin:741","Alvin","1977-04-11 22:00:00-07","1977-04-11 22:00:00-07"
"Alvin:742","Alvin","1977-04-12 22:00:00-07","1977-04-12 22:00:00-07"
"Atlantis II 93 stn7 2500m","Atlantis II","1977-04-24 21:00:00-07","1977-04-24 21:00:00-07"
"GR77","Researcher","1977-04-25 21:00:00-07","1978-05-06 21:00:00-07"
"RC2012","Robert D. Conrad","1977-04-26 21:00:00-07","1977-05-13 21:00:00-07"
"V3403","Vema","1977-04-27 21:00:00-07","1977-05-18 21:00:00-07"
"KK770317-4",NULL,"1977-05-19 21:00:00-07","1977-05-24 21:00:00-07"
"KK770317-4 STA 40 RD 10",NULL,"1977-05-26 21:00:00-07","1977-05-26 21:00:00-07"
"KK770317",NULL,"1977-05-27 21:00:00-07","1977-06-28 21:00:00-07"
"KK770317-4","Kana Keoki","1977-05-29 21:00:00-07","1977-05-29 21:00:00-07"
"V3404","Vema","1977-05-29 21:00:00-07","1977-06-17 21:00:00-07"
"KK770317-5","Kana Keoki","1977-06-14 21:00:00-07","1977-07-06 21:00:00-07"
"A94-1","Atlantis II","1977-06-15 21:00:00-07","1977-07-10 21:00:00-07"
"WEA.SHIP MIKE Stn #1343 ","WEA.SHIP","1977-06-30 21:00:00-07","1977-06-30 21:00:00-07"
"V3405","Vema","1977-07-03 21:00:00-07","1977-07-23 21:00:00-07"
"WEA.SHIP MIKE Stn #1342 ","WEA.SHIP","1977-07-14 21:00:00-07","1977-07-14 21:00:00-07"
"A94-2","Atlantis II","1977-07-16 21:00:00-07","1977-07-24 21:00:00-07"
"V3406","Vema","1977-08-03 21:00:00-07","1977-08-23 21:00:00-07"
"V3407","Vema","1977-09-02 21:00:00-07","1977-09-26 21:00:00-07"
"Alvin:786","Alvin","1977-09-06 21:00:00-07","1977-09-06 21:00:00-07"
"Alvin:787","Alvin","1977-09-08 21:00:00-07","1977-09-08 21:00:00-07"
"Knorr cruise 69/1 Station 7 0m","Knorr","1977-09-11 21:00:00-07","1977-09-11 21:00:00-07"
"Knorr cruise 69/1 Station 7 100m","Knorr","1977-09-11 21:00:00-07","1977-09-11 21:00:00-07"
"Alvin:789","Alvin","1977-09-12 21:00:00-07","1977-09-12 21:00:00-07"
"Knorr cruise 69/1 Station 8 50m","Knorr","1977-09-13 21:00:00-07","1977-09-13 21:00:00-07"
"Knorr cruise 69/1 Station 8 0m","Knorr","1977-09-13 21:00:00-07","1977-09-13 21:00:00-07"
"Knorr cruise 69/1 Station 8 350m","Knorr","1977-09-13 21:00:00-07","1977-09-13 21:00:00-07"
"Knorr cruise 69/1 Station 10 700m","Knorr","1977-09-15 21:00:00-07","1977-09-15 21:00:00-07"
"A96-1","Atlantis II","1977-09-20 21:00:00-07","1977-09-20 21:00:00-07"
"V3408","Vema","1977-10-03 21:00:00-07","1977-10-25 21:00:00-07"
"CH078","R/V Jean Charcot","1977-10-26 21:00:00-07","1977-10-26 21:00:00-07"
"CH077","R/V Jean Charcot","1977-10-28 21:00:00-07","1977-10-28 21:00:00-07"
"A96-3","Atlantis II","1977-11-06 22:00:00-07","1977-11-23 22:00:00-07"
"V3409","Vema","1977-11-11 22:00:00-07","1977-12-02 22:00:00-07"
"V3410","Vema","1977-12-14 22:00:00-07","1977-12-20 22:00:00-07"
"WEA.SHIP MIKE Stn #1346 ","WEA.SHIP","1977-12-14 22:00:00-07","1977-12-14 22:00:00-07"
"LU77",NULL,"1977-12-30 22:00:00-07","1977-12-30 22:00:00-07"
"IO1578","ARA Islas Orcadas","1977-12-31 12:00:00-07","1977-12-31 22:00:00-07"
"GL78","USCGC Glacier","1977-12-31 17:00:00-07","1977-12-31 22:00:00-07"
"IO1678",NULL,"1977-12-31 17:00:00-07","1977-12-31 17:00:00-07"
"IO1678","Islas Orcadas","1977-12-31 17:00:00-07","1977-12-31 17:00:00-07"
"IO1678","ARA Islas Orcadas","1977-12-31 17:00:00-07","1977-12-31 22:00:00-07"
"IO1578","Islas Orcadas","1977-12-31 17:00:00-07","1977-12-31 17:00:00-07"
"GL78",NULL,"1977-12-31 17:00:00-07","1977-12-31 17:00:00-07"
"IO1578",NULL,"1977-12-31 17:00:00-07","1977-12-31 17:00:00-07"
"USGS 1590 Series Report E",NULL,"1977-12-31 22:00:00-07","1977-12-31 22:00:00-07"
"RC21","Robert Conrad","1978-01-02 22:00:00-07","1978-12-01 22:00:00-07"
"RC0021","Robert Conrad","1978-01-03 22:00:00-07","1978-12-31 22:00:00-07"
"V3411","Vema","1978-01-08 22:00:00-07","1978-01-19 22:00:00-07"
"DSDP leg 59","D/V Glomar Challenger","1978-02-07 22:00:00-07","1978-02-07 22:00:00-07"
"A97-2","Atlantis II","1978-02-11 22:00:00-07","1978-02-19 22:00:00-07"
"V3501","Vema","1978-02-23 22:00:00-07","1978-02-23 22:00:00-07"
"EA78","Eastward","1978-03-08 22:00:00-07","1978-10-09 21:00:00-07"
"MM78","Mt. Mitchell","1978-03-11 22:00:00-07","1978-03-11 22:00:00-07"
"MM78","Mount Mitchell","1978-03-12 22:00:00-07","1978-03-14 22:00:00-07"
"V3502","Vema","1978-03-22 22:00:00-07","1978-03-26 22:00:00-07"
"KN73-4","Knorr","1978-04-08 22:00:00-07","1978-05-02 21:00:00-07"
"OCEANUS 43 stnQCW 0m","OCEANUS","1978-04-14 22:00:00-07","1981-11-04 22:00:00-07"
"DSDP leg 60","D/V Glomar Challenger","1978-04-18 22:00:00-07","1978-05-01 21:00:00-07"
"EN020","Endeavor","1978-04-22 22:00:00-07","1978-04-25 22:00:00-07"
"GR78","Researcher","1978-05-09 21:00:00-07","1978-09-21 21:00:00-07"
"V3504","Vema","1978-05-27 21:00:00-07","1978-05-27 21:00:00-07"
"V3505","Vema","1978-06-06 21:00:00-07","1978-06-19 21:00:00-07"
"VM0035","Vema","1978-06-08 21:00:00-07","1978-06-25 21:00:00-07"
"KZ78","Kelez","1978-06-22 21:00:00-07","1978-06-22 21:00:00-07"
"Knorr cruise 73/6 stn5 450m","r/v Knorr","1978-06-24 21:00:00-07","1978-06-24 21:00:00-07"
"Knorr cruise 73/6 station 8 700m","r/v Knorr","1978-06-25 21:00:00-07","1978-06-25 21:00:00-07"
"Knorr cruise 73/6 station 10 200m","r/v Knorr","1978-06-27 21:00:00-07","1978-06-27 21:00:00-07"
"Knorr cruise 73/6 station 10 750m","r/v Knorr","1978-06-27 21:00:00-07","1978-06-27 21:00:00-07"
"Knorr cruise 73/6 stn12 100m","r/v Knorr","1978-06-29 21:00:00-07","1978-06-29 21:00:00-07"
"Knorr cruise 73/6 stn12 200m","r/v Knorr","1978-06-29 21:00:00-07","1978-06-29 21:00:00-07"
"Knorr cruise 73/6 station 12 2347m",NULL,"1978-06-29 21:00:00-07","1978-06-29 21:00:00-07"
"EN025",NULL,"1978-06-30 21:00:00-07","1978-06-30 21:00:00-07"
"Knorr cruise 73/6 station 14 750m","r/v Knorr","1978-07-01 21:00:00-07","1978-07-01 21:00:00-07"
"Knorr cruise 73/6 station 14 2800m","r/v Knorr","1978-07-01 21:00:00-07","1978-07-01 21:00:00-07"
"Knorr cruise 73/6 station 14 500m","r/v Knorr","1978-07-01 21:00:00-07","1978-07-01 21:00:00-07"
"Knorr cruise 73/6 Stn 14","r/v Knorr","1978-07-01 21:00:00-07","1978-07-01 21:00:00-07"
"Knorr cruise 73/6 stn15 0m","r/v Knorr","1978-07-04 21:00:00-07","1978-07-04 21:00:00-07"
"Knorr cruise 73/6 Stn 7","r/v Knorr","1978-07-05 21:00:00-07","1978-07-05 21:00:00-07"
"Knorr cruise 73/6 station 7 1450m","r/v Knorr","1978-07-05 21:00:00-07","1978-07-05 21:00:00-07"
"Knorr cruise 73/6 station 7 1000m","r/v Knorr","1978-07-05 21:00:00-07","1978-07-05 21:00:00-07"
"Knorr cruise 73/6 station 7 0m","r/v Knorr","1978-07-05 21:00:00-07","1978-07-05 21:00:00-07"
"Knorr cruise 73/6 stn7 1300m","r/v Knorr","1978-07-05 21:00:00-07","1978-07-05 21:00:00-07"
"Knorr cruise 73/6 stn7 650m","r/v Knorr","1978-07-05 21:00:00-07","1978-07-05 21:00:00-07"
"Knorr cruise 73/6 Stn 16 ","r/v Knorr","1978-07-07 21:00:00-07","1978-07-07 21:00:00-07"
"Knorr cruise 73/6 station 17 3600m","r/v Knorr","1978-07-09 21:00:00-07","1978-07-09 21:00:00-07"
"Knorr cruise 73/6 station 17 2800m","r/v Knorr","1978-07-09 21:00:00-07","1978-07-09 21:00:00-07"
"V3506","Vema","1978-07-14 21:00:00-07","1978-07-15 21:00:00-07"
"VM35","Vema","1978-07-15 21:00:00-07","1978-07-15 21:00:00-07"
"EN025","Endeavor","1978-07-21 21:00:00-07","1978-07-26 21:00:00-07"
"EN025","R/V Endeavor","1978-07-21 21:00:00-07","1978-07-26 21:00:00-07"
"Knorr cruise 73/7 station 1 (F) 150m","r/v Knorr","1978-07-23 21:00:00-07","1978-07-23 21:00:00-07"
"GL103","Gilliss","1978-07-28 21:00:00-07","1978-08-24 21:00:00-07"
"Alvin:818","Alvin","1978-07-29 21:00:00-07","1978-07-29 21:00:00-07"
"Knorr cruise 73/7 station 4 (J) 300m","r/v Knorr","1978-07-30 21:00:00-07","1978-07-30 21:00:00-07"
"Alvin:819","Alvin","1978-07-30 21:00:00-07","1978-07-30 21:00:00-07"
"Alvin:820","Alvin","1978-07-31 21:00:00-07","1978-07-31 21:00:00-07"
"EN026","R/V Endeavor","1978-07-31 21:00:00-07","1978-08-16 21:00:00-07"
"EN026","Endeavor","1978-07-31 21:00:00-07","1978-08-18 21:00:00-07"
"Alvin:821","Alvin","1978-08-01 21:00:00-07","1978-08-01 21:00:00-07"
"Knorr cruise 73/7 station 5 (K) 5500m","r/v Knorr","1978-08-02 21:00:00-07","1978-08-02 21:00:00-07"
"Knorr cruise 73/7 station 5 (K) 500m","r/v Knorr","1978-08-02 21:00:00-07","1978-08-02 21:00:00-07"
"Alvin:822","Alvin","1978-08-02 21:00:00-07","1978-08-02 21:00:00-07"
"T.WASH MARA2 stn102 200m",NULL,"1978-08-03 21:00:00-07","1978-08-03 21:00:00-07"
"T. Wash cruise MARA2 station 102 500m","r/v Thomas Washington","1978-08-03 21:00:00-07","1978-08-03 21:00:00-07"
"T.WASH MARA2 stn102 100m",NULL,"1978-08-03 21:00:00-07","1978-08-03 21:00:00-07"
"T. Wash cruise MARA2 station 102 150m","r/v Thomas Washington","1978-08-03 21:00:00-07","1978-08-03 21:00:00-07"
"T. Wash cruise MARA2 station 109 200m","r/v Thomas Washington","1978-08-05 21:00:00-07","1978-08-05 21:00:00-07"
"T.WASH MARA2 stn109 0m",NULL,"1978-08-05 21:00:00-07","1978-08-05 21:00:00-07"
"EA35","Eastward","1978-08-05 21:00:00-07","1979-06-22 21:00:00-07"
"T. Wash cruise MARA2 station 109 450m","r/v Thomas Washington","1978-08-05 21:00:00-07","1978-08-05 21:00:00-07"
"T.WASH MARA2 stn109 750m",NULL,"1978-08-05 21:00:00-07","1978-08-05 21:00:00-07"
"Knorr cruise 73/7 station 6 (L) 400m","r/v Knorr","1978-08-06 21:00:00-07","1978-08-06 21:00:00-07"
"Knorr cruise 73/7 station 6 (L) 450m","r/v Knorr","1978-08-06 21:00:00-07","1978-08-06 21:00:00-07"
"Knorr cruise 73/7 station 6 (L) 100m","r/v Knorr","1978-08-06 21:00:00-07","1978-08-06 21:00:00-07"
"Knorr cruise 73/7 station 7 (N) 200m","r/v Knorr","1978-08-08 21:00:00-07","1978-08-08 21:00:00-07"
"Knorr cruise 73/7 station 8 (N) 300m","r/v Knorr","1978-08-09 21:00:00-07","1978-08-09 21:00:00-07"
"EA035","Eastward","1978-08-09 21:00:00-07","1978-08-09 21:00:00-07"
"Knorr cruise 73/7 station 8 750m","r/v Knorr","1978-08-09 21:00:00-07","1978-08-09 21:00:00-07"
"Alvin:823","Alvin","1978-08-12 21:00:00-07","1978-08-12 21:00:00-07"
"Alvin:824","Alvin","1978-08-13 21:00:00-07","1978-08-13 21:00:00-07"
"Knorr cruise 73/7 station 11 R 750m","r/v Knorr","1978-08-13 21:00:00-07","1978-08-13 21:00:00-07"
"T.WASH MARA2 stn179 400m",NULL,"1978-08-14 21:00:00-07","1978-08-14 21:00:00-07"
"T.WASH MARA2 stn179 200m",NULL,"1978-08-14 21:00:00-07","1978-08-14 21:00:00-07"
"T.WASH MARA2 stn179 100m",NULL,"1978-08-14 21:00:00-07","1978-08-14 21:00:00-07"
"Alvin:825","Alvin","1978-08-14 21:00:00-07","1978-08-14 21:00:00-07"
"Alvin:826","Alvin","1978-08-16 21:00:00-07","1978-08-16 21:00:00-07"
"Alvin:827","Alvin","1978-08-17 21:00:00-07","1978-08-17 21:00:00-07"
"Alvin:828","Alvin","1978-08-18 21:00:00-07","1978-08-18 21:00:00-07"
"Alvin:829","Alvin","1978-08-19 21:00:00-07","1978-08-19 21:00:00-07"
"Alvin:830","Alvin","1978-08-22 21:00:00-07","1978-08-22 21:00:00-07"
"Alvin:831","Alvin","1978-08-24 21:00:00-07","1978-08-24 21:00:00-07"
"Knorr cruise 89/6 station 177 0m","r/v Knorr","1978-08-25 21:00:00-07","1978-08-25 21:00:00-07"
"Alvin:832","Alvin","1978-08-25 21:00:00-07","1978-08-25 21:00:00-07"
"EA-3e-78","Eastward","1978-09-02 21:00:00-07","1978-09-02 21:00:00-07"
"GL104","Gilliss","1978-09-05 21:00:00-07","1978-09-21 21:00:00-07"
"EA-3f-78","Eastward","1978-09-20 21:00:00-07","1978-09-24 21:00:00-07"
"EA-3g-78","Eastward","1978-10-05 21:00:00-07","1978-10-09 21:00:00-07"
"RC2116","Robert D. Conrad","1978-11-17 22:00:00-07","1978-12-01 22:00:00-07"
"PEAT",NULL,"1978-12-30 22:00:00-07","1993-12-30 22:00:00-07"
"L78",NULL,"1978-12-30 22:00:00-07","1978-12-30 22:00:00-07"
"DF79",NULL,"1978-12-31 17:00:00-07","2014-06-29 21:00:00-07"
"DF79","USCGC Glacier","1978-12-31 22:00:00-07","1978-12-31 22:00:00-07"
"EA36","Eastward","1978-12-31 22:00:00-07","1978-12-31 22:00:00-07"
"S6-79","Sea Sounder","1979-01-01 10:00:00-07","1979-01-01 10:00:00-07"
"Alvin:889","Alvin","1979-02-13 22:00:00-07","1979-02-13 22:00:00-07"
"Alvin:890","Alvin","1979-02-14 22:00:00-07","1979-02-14 22:00:00-07"
"EN032","R/V Endeavor","1979-02-14 22:00:00-07","1979-02-14 22:00:00-07"
"Alvin:891","Alvin","1979-02-15 22:00:00-07","1979-02-15 22:00:00-07"
"Alvin:892","Alvin","1979-02-16 22:00:00-07","1979-02-16 22:00:00-07"
"Alvin:893","Alvin","1979-02-17 22:00:00-07","1979-02-17 22:00:00-07"
"Alvin:895","Alvin","1979-02-19 22:00:00-07","1979-02-19 22:00:00-07"
"WEA.SHIP MIKE Stn #1359 ","WEA.SHIP","1979-02-28 22:00:00-07","1979-02-28 22:00:00-07"
"RSTH03NH","New Horizon","1979-04-03 22:00:00-07","1979-04-18 22:00:00-07"
"WEA.SHIP MIKE Stn #1360 ","WEA.SHIP","1979-04-16 22:00:00-07","1979-04-16 22:00:00-07"
"WEA.SHIP MIKE Stn #1361 ","WEA.SHIP","1979-04-30 21:00:00-07","1979-04-30 21:00:00-07"
"KK781230-5","Kana Keoki","1979-05-01 21:00:00-07","1979-05-07 21:00:00-07"
"RP6-OC75","Oceanographer","1979-05-01 21:00:00-07","1979-05-01 21:00:00-07"
"KK781230",NULL,"1979-05-05 21:00:00-07","1979-06-10 21:00:00-07"
"RSTH04NH","New Horizon","1979-05-09 21:00:00-07","1979-05-09 21:00:00-07"
"ATII-107-8","Atlantis II","1979-05-22 21:00:00-07","1979-06-17 21:00:00-07"
"USGS Sea Sounder S6-79 (1979)",NULL,"1979-05-31 21:00:00-07","1979-05-31 21:00:00-07"
"EA02D79","Eastward","1979-06-03 21:00:00-07","1979-06-11 21:00:00-07"
"EA02E79","Eastward","1979-06-15 21:00:00-07","1979-06-23 21:00:00-07"
"Deep Freeze 79",NULL,"1979-06-29 21:00:00-07","2004-09-17 21:00:00-07"
"1979 Field Work",NULL,"1979-06-30 21:00:00-07","1979-06-30 21:00:00-07"
"VM0036","Vema","1979-07-04 21:00:00-07","1980-03-21 22:00:00-07"
"RC2209","Robert D. Conrad","1979-07-07 21:00:00-07","1979-07-16 21:00:00-07"
"RC22","Robert Conrad","1979-07-11 21:00:00-07","1979-07-11 21:00:00-07"
"Unknown","R/V Hakurei-MARU","1979-07-20 21:00:00-07","1987-08-29 21:00:00-07"
"T. Wash cruise MARA12 station 101 600m","r/v Thomas Washington","1979-08-05 21:00:00-07","1979-08-05 21:00:00-07"
"T. Wash cruise MARA12 station 101 650m","r/v Thomas Washington","1979-08-05 21:00:00-07","1979-08-05 21:00:00-07"
"T.WASH MARA12 stn101 100m","Thomas Washington","1979-08-05 21:00:00-07","1979-08-05 21:00:00-07"
"KK790808-1",NULL,"1979-08-12 21:00:00-07","1979-08-30 13:00:00-07"
"T. Wash cruise MARA12 station 149 0m","r/v Thomas Washington","1979-08-15 21:00:00-07","1979-08-15 21:00:00-07"
"T.WASH MARA12 stn149 100m","Thomas Washington","1979-08-15 21:00:00-07","1979-08-15 21:00:00-07"
"T.WASH MARA12 stn149 550m","Thomas Washington","1979-08-15 21:00:00-07","1979-08-15 21:00:00-07"
"T. Wash cruise MARA12 station 149 500m","r/v Thomas Washington","1979-08-15 21:00:00-07","1979-08-15 21:00:00-07"
"KK790808",NULL,"1979-08-19 21:00:00-07","1979-09-14 21:00:00-07"
"T. Wash cruise MARA12 station 179 450m","r/v Thomas Washington","1979-08-21 21:00:00-07","1979-08-21 21:00:00-07"
"T. Wash cruise MARA12 station 179 650m","r/v Thomas Washington","1979-08-21 21:00:00-07","1979-08-21 21:00:00-07"
"Mara 12 cruise stn 179",NULL,"1979-08-21 21:00:00-07","1979-08-21 21:00:00-07"
"Mara 12 cruise station 227",NULL,"1979-08-31 21:00:00-07","1979-08-31 21:00:00-07"
"KK790808-2 STA131 RD52",NULL,"1979-09-06 21:00:00-07","1979-09-06 21:00:00-07"
"KN74-1","Knorr","1979-09-10 21:00:00-07","1979-10-26 21:00:00-07"
"CI79","Columbus Iselin","1979-09-20 21:00:00-07","1979-09-21 21:00:00-07"
"RP8-OC75","Oceanographer","1979-10-01 21:00:00-07","1979-10-01 21:00:00-07"
"GL107","Gilliss","1979-10-20 21:00:00-07","1979-10-26 21:00:00-07"
"CH098","R/V Jean Charcot","1979-10-24 21:00:00-07","1979-10-26 21:00:00-07"
"Alvin:978","Alvin","1979-11-01 22:00:00-07","1979-11-01 22:00:00-07"
"Alvin:979","Alvin","1979-11-02 22:00:00-07","1979-11-02 22:00:00-07"
"Alvin:980","Alvin","1979-11-03 22:00:00-07","1979-11-03 22:00:00-07"
"V3603","Vema","1979-11-04 22:00:00-07","1979-11-04 22:00:00-07"
"Alvin:981","Alvin","1979-11-04 22:00:00-07","1979-11-04 22:00:00-07"
"Alvin:982","Alvin","1979-11-05 22:00:00-07","1979-11-05 22:00:00-07"
"KK791029",NULL,"1979-11-08 22:00:00-07","1979-11-14 22:00:00-07"
"V3606","Vema","1979-12-26 22:00:00-07","1980-01-02 22:00:00-07"
"52",NULL,"1979-12-30 22:00:00-07","1982-12-30 22:00:00-07"
"36",NULL,"1979-12-30 22:00:00-07","1996-12-30 22:00:00-07"
"62",NULL,"1979-12-30 22:00:00-07","1980-12-30 22:00:00-07"
"DF80","USCGC Glacier","1979-12-31 07:00:00-07","1979-12-31 22:00:00-07"
"DF80","USNS Eltanin","1979-12-31 12:00:00-07","1979-12-31 12:00:00-07"
"DF80",NULL,"1979-12-31 17:00:00-07","1979-12-31 17:00:00-07"
"USGS Numbered Series",NULL,"1979-12-31 22:00:00-07","1979-12-31 22:00:00-07"
"EA04A-80","Eastward","1979-12-31 22:00:00-07","1979-12-31 22:00:00-07"
"Deep Freeze 1980","USCGC Glacier","1979-12-31 22:00:00-07","1979-12-31 22:00:00-07"
"L3-80-NP","S. P. Lee","1980-01-01 10:00:00-07","1980-01-01 10:00:00-07"
"EN048","Endeavor","1980-02-04 22:00:00-07","1980-02-10 22:00:00-07"
"A107-6","Atlantis II","1980-03-08 22:00:00-07","1980-04-01 22:00:00-07"
"V3609","Vema","1980-03-09 22:00:00-07","1980-03-28 22:00:00-07"
"VM36","Vema","1980-03-09 22:00:00-07","1980-03-26 22:00:00-07"
"AII107-7","R/V Atlantis II","1980-04-21 22:00:00-07","1980-05-08 21:00:00-07"
"A107-7","Atlantis II","1980-04-21 22:00:00-07","1980-05-08 21:00:00-07"
"A2-107-7","Atlantis II","1980-04-21 22:00:00-07","1980-05-08 21:00:00-07"
"KN78-1","Knorr","1980-04-26 22:00:00-07","1980-04-29 21:00:00-07"
"Hak. Maru Cygnus cruise station 5, 1700m","Hak. Maru","1980-05-03 21:00:00-07","1980-05-03 21:00:00-07"
"Hak Maru Cruise Cygnus Stn 5","Hak Maru","1980-05-03 21:00:00-07","1980-05-03 21:00:00-07"
"Hak. Maru Cygnus cruise station 6 1500m","Hak. Maru","1980-05-06 21:00:00-07","1980-05-06 21:00:00-07"
"Hak Maru Cruise Cygnus Stn 6","Hak Maru","1980-05-06 21:00:00-07","1980-05-06 21:00:00-07"
"Hak. Maru Cygnus cruise station 6 1000m","Hak. Maru","1980-05-06 21:00:00-07","1980-05-06 21:00:00-07"
"Hak Maru Cruise Cygnus Stn 8","Hak Maru","1980-05-10 21:00:00-07","1980-05-10 21:00:00-07"
"Weather Ship Mike station #1374 0m","Weather Ship Mike","1980-05-14 21:00:00-07","1980-05-14 21:00:00-07"
"Hak Maru Cruise Cygnus Stn 9","Hak Maru","1980-05-15 21:00:00-07","1980-05-15 21:00:00-07"
"KK800414",NULL,"1980-05-21 21:00:00-07","1980-06-01 21:00:00-07"
"KK8000414",NULL,"1980-05-23 21:00:00-07","1980-05-23 21:00:00-07"
"KN79-2","Knorr","1980-05-30 21:00:00-07","1980-06-09 21:00:00-07"
"Alvin:1008","Alvin","1980-06-02 21:00:00-07","1980-06-02 21:00:00-07"
"Alvin:1010","Alvin","1980-06-03 21:00:00-07","1980-06-03 21:00:00-07"
"Alvin:1011","Alvin","1980-06-04 21:00:00-07","1980-06-04 21:00:00-07"
"Alvin:1012","Alvin","1980-06-05 21:00:00-07","1980-06-05 21:00:00-07"
"Alvin:1013","Alvin","1980-06-06 21:00:00-07","1980-06-06 21:00:00-07"
"Alvin:1014","Alvin","1980-06-07 21:00:00-07","1980-06-07 21:00:00-07"
"Alvin:1015","Alvin","1980-06-08 21:00:00-07","1980-06-08 21:00:00-07"
"A107-9","Atlantis II","1980-06-27 21:00:00-07","1980-07-18 21:00:00-07"
"KK800715",NULL,"1980-07-16 21:00:00-07","1980-07-29 21:00:00-07"
"Deep Freeze 1980",NULL,"1980-07-20 21:00:00-07","2003-05-18 21:00:00-07"
"Endeavor cruise 53 stnB 3000m","Endeavor","1980-07-28 21:00:00-07","1980-07-28 21:00:00-07"
"Endeavor cruise 53 stnB 3500m","Endeavor","1980-07-28 21:00:00-07","1980-07-28 21:00:00-07"
"Endeavor cruise 53 stnB 1500m","Endeavor","1980-07-28 21:00:00-07","1980-07-28 21:00:00-07"
"Endeavor cruise 53 stnB 400m","Endeavor","1980-07-28 21:00:00-07","1980-07-28 21:00:00-07"
"V3616","Vema","1980-09-24 21:00:00-07","1980-09-28 21:00:00-07"
"Alvin:1054","Alvin","1980-10-19 21:00:00-07","1980-10-19 21:00:00-07"
"Alvin:1055","Alvin","1980-10-20 21:00:00-07","1980-10-20 21:00:00-07"
"V3617","Vema","1980-10-21 21:00:00-07","1980-10-27 22:00:00-07"
"Alvin:1056","Alvin","1980-10-21 21:00:00-07","1980-10-21 21:00:00-07"
"Alvin:1057","Alvin","1980-10-22 21:00:00-07","1980-10-22 21:00:00-07"
"Alvin:1058","Alvin","1980-10-24 21:00:00-07","1980-10-24 21:00:00-07"
"Alvin:1059","Alvin","1980-10-26 22:00:00-07","1980-10-26 22:00:00-07"
"Alvin:1060","Alvin","1980-10-27 22:00:00-07","1980-10-27 22:00:00-07"
"Alvin:1061","Alvin","1980-10-28 22:00:00-07","1980-10-28 22:00:00-07"
"Alvin:1062","Alvin","1980-10-29 22:00:00-07","1980-10-29 22:00:00-07"
"Alvin:1063","Alvin","1980-10-30 22:00:00-07","1980-10-30 22:00:00-07"
"VLCN05MV","Melville","1980-11-30 22:00:00-07","1980-11-30 22:00:00-07"
"WEA.SHIP MIKE stn#1382 0m","WEA.SHIP","1980-12-14 22:00:00-07","1980-12-14 22:00:00-07"
"9",NULL,"1980-12-30 22:00:00-07","1991-12-30 22:00:00-07"
"WEA.SHIP MIKE stn#1383 0m","WEA.SHIP","1980-12-30 22:00:00-07","1980-12-30 22:00:00-07"
"DF81",NULL,"1980-12-31 17:00:00-07","1980-12-31 17:00:00-07"
"DF81","USCGC Glacier","1980-12-31 22:00:00-07","1980-12-31 22:00:00-07"
"EN061","Endeavor","1981-02-12 22:00:00-07","1981-03-03 22:00:00-07"
"EN061","R/V Endeavor","1981-02-13 22:00:00-07","1981-03-03 22:00:00-07"
"WEA.SHIP MIKE stn#1384 0m","WEA.SHIP","1981-02-15 22:00:00-07","1981-02-15 22:00:00-07"
"A108-1","Atlantis II","1981-02-26 22:00:00-07","1981-04-22 22:00:00-07"
"WEA.SHIP MIKE stn#1385 0m","WEA.SHIP","1981-03-01 22:00:00-07","1981-03-01 22:00:00-07"
"EN063","Endeavor","1981-03-31 22:00:00-07","1981-04-22 22:00:00-07"
"EN063","R/V Endeavor","1981-03-31 22:00:00-07","1981-04-14 22:00:00-07"
"BLM59","Cape Henlopen","1981-04-21 22:00:00-07","1982-09-06 21:00:00-07"
"A108-4","Atlantis II","1981-04-23 22:00:00-07","1981-05-04 21:00:00-07"
"WEA.SHIP MIKE stn#1387 0m","WEA.SHIP","1981-04-29 21:00:00-07","1981-04-29 21:00:00-07"
"WEA.SHIP MIKE stn#1390 0m","WEA.SHIP","1981-04-30 21:00:00-07","1981-04-30 21:00:00-07"
"WEA.SHIP MIKE stn#1389 0m","WEA.SHIP","1981-04-30 21:00:00-07","1981-04-30 21:00:00-07"
"EN066","Endeavor","1981-05-20 21:00:00-07","1981-06-01 21:00:00-07"
"A108-5","Atlantis II","1981-05-22 21:00:00-07","1981-05-26 21:00:00-07"
"Woods Hole, MA coastal",NULL,"1981-05-27 21:00:00-07","1981-05-27 21:00:00-07"
"Cape Newagen Maine coast surface",NULL,"1981-05-31 21:00:00-07","1981-05-31 21:00:00-07"
"R.V. Thompson TT 170 (1981)",NULL,"1981-05-31 21:00:00-07","1981-05-31 21:00:00-07"
"Bailey Is. Main Coast surface",NULL,"1981-05-31 21:00:00-07","1981-05-31 21:00:00-07"
"R.V. Thompson TT 170 (1981)","R.V. Thompson","1981-05-31 21:00:00-07","1981-05-31 21:00:00-07"
"ALV765","Alvin","1981-06-12 21:00:00-07","1981-06-12 21:00:00-07"
"KZ81","Kelez","1981-06-12 21:00:00-07","1981-06-17 21:00:00-07"
"MM81","Researcher","1981-06-12 21:00:00-07","1981-06-25 21:00:00-07"
"ALV766","Alvin","1981-06-13 21:00:00-07","1981-06-13 21:00:00-07"
"ALV767","Alvin","1981-06-14 21:00:00-07","1981-06-14 21:00:00-07"
"Knorr cruise 89/5 Stn 145","r/v Knorr","1981-07-26 17:00:00-07","1981-07-26 17:00:00-07"
"KNORR 89/5 stn145X 0m",NULL,"1981-07-27 21:00:00-07","1981-07-27 21:00:00-07"
"KNORR 89/5 stn147 0m",NULL,"1981-07-28 21:00:00-07","1981-07-28 21:00:00-07"
"KK810626-2",NULL,"1981-07-29 21:00:00-07","1981-08-20 21:00:00-07"
"KK810626",NULL,"1981-07-31 21:00:00-07","1981-07-31 21:00:00-07"
"RP14RE81","Researcher","1981-08-20 21:00:00-07","1981-08-30 21:00:00-07"
"Knorr cruise 89/6 Stn 183","r/v Knorr","1981-08-27 17:00:00-07","1981-08-27 17:00:00-07"
"Knorr cruise 89/6 station 183 100m","r/v Knorr","1981-08-27 21:00:00-07","1981-08-27 21:00:00-07"
"Knorr cruise 89/6 station 189 600m","r/v Knorr","1981-08-29 21:00:00-07","1981-08-29 21:00:00-07"
"Knorr cruise 89/6 Stn 189","r/v Knorr","1981-08-29 21:00:00-07","1981-08-29 21:00:00-07"
"KK810626-3",NULL,"1981-08-29 21:00:00-07","1981-09-13 21:00:00-07"
"Knorr cruise 89/6 station 193 0m","r/v Knorr","1981-08-31 21:00:00-07","1981-08-31 21:00:00-07"
"Knorr cruise 89/6 station 199 65m","r/v Knorr","1981-09-02 21:00:00-07","1981-09-02 21:00:00-07"
"Knorr cruise 89/6 station 199 150m","r/v Knorr","1981-09-02 21:00:00-07","1981-09-02 21:00:00-07"
"KK810626-3","Kana Keoki","1981-09-05 21:00:00-07","1981-09-14 21:00:00-07"
"BA81","Bannock","1981-09-13 21:00:00-07","1981-09-24 21:00:00-07"
"KK810626-4",NULL,"1981-09-21 21:00:00-07","1981-10-10 21:00:00-07"
"Deep Freeze 1981",NULL,"1981-10-13 21:00:00-07","1994-11-12 22:00:00-07"
"KK810626-5",NULL,"1981-11-02 22:00:00-07","1981-11-12 22:00:00-07"
"Knorr cruise 90 Station C 0m","Knorr","1981-11-04 22:00:00-07","1981-11-04 22:00:00-07"
"KNORR 90 stnC 1300m","KNORR","1981-11-04 22:00:00-07","1981-11-04 22:00:00-07"
"KNORR 90 stnC 2000m","KNORR","1981-11-04 22:00:00-07","1981-11-04 22:00:00-07"
"KNORR 90 stnC 1700m","KNORR","1981-11-04 22:00:00-07","1981-11-04 22:00:00-07"
"Knorr cruise 90 Station C 1300m","Knorr","1981-11-04 22:00:00-07","1981-11-04 22:00:00-07"
"Knorr cruise 90 Station C 400m","Knorr","1981-11-04 22:00:00-07","1981-11-04 22:00:00-07"
"Knorr cruise 90 Station C 800m","Knorr","1981-11-04 22:00:00-07","1981-11-04 22:00:00-07"
"Knorr cruise 90 Station C 600m","Knorr","1981-11-04 22:00:00-07","1981-11-04 22:00:00-07"
"KNORR 90 stnC 1000m","KNORR","1981-11-04 22:00:00-07","1981-11-04 22:00:00-07"
"KNORR 90 stnC 200m","KNORR","1981-11-04 22:00:00-07","1981-11-04 22:00:00-07"
"Alvin:1148","Alvin","1981-11-10 22:00:00-07","1981-11-10 22:00:00-07"
"Alvin:1149","Alvin","1981-11-11 22:00:00-07","1981-11-11 22:00:00-07"
"Alvin:1150","Alvin","1981-11-12 22:00:00-07","1981-11-12 22:00:00-07"
"Alvin:1152","Alvin","1981-11-14 22:00:00-07","1981-11-14 22:00:00-07"
"Alvin:1154","Alvin","1981-11-16 22:00:00-07","1981-11-16 22:00:00-07"
"Alvin:1155","Alvin","1981-11-17 22:00:00-07","1981-11-17 22:00:00-07"
"Alvin:1156","Alvin","1981-11-18 22:00:00-07","1981-11-18 22:00:00-07"
"Alvin:1157","Alvin","1981-11-19 22:00:00-07","1981-11-19 22:00:00-07"
"Alvin:1158","Alvin","1981-11-20 22:00:00-07","1981-11-20 22:00:00-07"
"Alvin:1159","Alvin","1981-11-22 22:00:00-07","1981-11-22 22:00:00-07"
"unknown","Shackelton","1981-11-26 22:00:00-07","1982-01-05 22:00:00-07"
"38",NULL,"1981-12-30 22:00:00-07","1981-12-30 22:00:00-07"
"DF82","USCGC Glacier","1981-12-31 12:00:00-07","1981-12-31 22:00:00-07"
"DF82",NULL,"1981-12-31 17:00:00-07","1981-12-31 17:00:00-07"
"TR82","Trident","1981-12-31 22:00:00-07","1981-12-31 22:00:00-07"
"Deep Freeze 1982","USCGC Glacier","1981-12-31 22:00:00-07","1981-12-31 22:00:00-07"
"ARIA2",NULL,"1982-01-11 22:00:00-07","1982-03-10 22:00:00-07"
"EN078","Endeavor","1982-01-21 22:00:00-07","1982-01-21 22:00:00-07"
"RC23","Robert Conrad","1982-03-28 22:00:00-07","1982-06-03 21:00:00-07"
"KK820316-2",NULL,"1982-04-03 22:00:00-07","1982-04-15 22:00:00-07"
"RC2304","Robert D. Conrad","1982-04-11 22:00:00-07","1982-05-02 21:00:00-07"
"OASIS","Melville","1982-04-22 17:00:00-07","1982-05-02 17:00:00-07"
"KK820316-3",NULL,"1982-04-26 21:00:00-07","1982-05-06 21:00:00-07"
"KK820316-4",NULL,"1982-05-20 21:00:00-07","1982-06-03 21:00:00-07"
"RC2305","Robert D. Conrad","1982-06-02 21:00:00-07","1982-06-15 21:00:00-07"
"RC0023","Robert Conrad","1982-06-02 21:00:00-07","1982-06-02 21:00:00-07"
"ALV808","Alvin","1982-06-10 21:00:00-07","1982-06-10 21:00:00-07"
"ALV809","Alvin","1982-06-11 21:00:00-07","1982-06-11 21:00:00-07"
"ALV810","Alvin","1982-06-12 21:00:00-07","1982-06-12 21:00:00-07"
"ALV811","Alvin","1982-06-13 21:00:00-07","1982-06-13 21:00:00-07"
"Alvin:1246","Alvin","1982-07-01 21:00:00-07","1982-07-01 21:00:00-07"
"KN96-1","Knorr","1982-07-08 21:00:00-07","1982-07-25 21:00:00-07"
"RC2307","Robert D. Conrad","1982-07-11 21:00:00-07","1982-07-30 21:00:00-07"
"Alvin:1240","Alvin","1982-07-13 21:00:00-07","1982-07-13 21:00:00-07"
"Alvin:1242","Alvin","1982-07-14 21:00:00-07","1982-07-14 21:00:00-07"
"Alvin:1243","Alvin","1982-07-16 21:00:00-07","1982-07-16 21:00:00-07"
"Researcher 782","Researcher","1982-07-16 21:00:00-07","1982-07-18 21:00:00-07"
"Alvin:1244","Alvin","1982-07-17 21:00:00-07","1982-07-17 21:00:00-07"
"Alvin:1245","Alvin","1982-07-18 21:00:00-07","1982-07-18 21:00:00-07"
"Alvin:1247","Alvin","1982-07-20 21:00:00-07","1982-07-20 21:00:00-07"
"KK820903",NULL,"1982-09-05 21:00:00-07","1982-09-05 21:00:00-07"
"BA82","Bannock","1982-09-17 21:00:00-07","1982-09-29 21:00:00-07"
"KK821007",NULL,"1982-10-08 21:00:00-07","1982-10-08 21:00:00-07"
"ELK",NULL,"1982-12-30 22:00:00-07","1982-12-30 22:00:00-07"
"23",NULL,"1982-12-30 22:00:00-07","1982-12-30 22:00:00-07"
"DF83-III",NULL,"1982-12-31 17:00:00-07","1982-12-31 17:00:00-07"
"DF83-II",NULL,"1982-12-31 17:00:00-07","1982-12-31 17:00:00-07"
"DF83",NULL,"1982-12-31 17:00:00-07","1982-12-31 17:00:00-07"
"DF83","USCGC Glacier","1982-12-31 22:00:00-07","1982-12-31 22:00:00-07"
"DF83-III","USCGC Glacier","1982-12-31 22:00:00-07","1982-12-31 22:00:00-07"
"DF83-II","USCGC Glacier","1982-12-31 22:00:00-07","1982-12-31 22:00:00-07"
"PASC03WT","R/V Thomas Washington","1983-03-06 22:00:00-07","1983-03-23 22:00:00-07"
"RC2403","Robert D. Conrad","1983-03-18 22:00:00-07","1983-04-06 22:00:00-07"
"RC24","Robert Conrad","1983-03-23 22:00:00-07","1983-04-04 22:00:00-07"
"KK830116-3","Kana Keoki","1983-03-26 22:00:00-07","1983-04-07 22:00:00-07"
"KN101","Knorr","1983-03-31 22:00:00-07","1983-03-31 22:00:00-07"
"RC0024","Robert Conrad","1983-04-02 22:00:00-07","1983-04-02 22:00:00-07"
"PASC04WT","R/V Thomas Washington","1983-04-20 22:00:00-07","1983-04-21 22:00:00-07"
"KN102-1","Knorr","1983-05-04 21:00:00-07","1983-05-27 21:00:00-07"
"KK830116-4",NULL,"1983-05-09 21:00:00-07","1983-05-09 21:00:00-07"
"R.V. Thompson TT 175 (1983)",NULL,"1983-05-31 21:00:00-07","1983-05-31 21:00:00-07"
"DISCOVERER","Discoverer","1983-06-04 21:00:00-07","1983-06-14 21:00:00-07"
"KK830725",NULL,"1983-07-25 21:00:00-07","1983-07-30 21:00:00-07"
"KK2-83-NP","Kana Keoki","1983-10-01 09:00:00-07","1983-10-01 09:00:00-07"
"LU83",NULL,"1983-12-30 22:00:00-07","1983-12-30 22:00:00-07"
"KK84028-03","R/V KANA KEOKI","1983-12-31 22:00:00-07","1983-12-31 22:00:00-07"
NULL,"S.P. Lee","1983-12-31 22:00:00-07","1983-12-31 22:00:00-07"
"EN112","Endeavor","1984-01-31 22:00:00-07","1984-02-15 22:00:00-07"
"EN112","R/V Endeavor","1984-01-31 22:00:00-07","1984-02-15 22:00:00-07"
"ATII-112","Atlantis II","1984-02-06 22:00:00-07","1984-02-12 22:00:00-07"
"EN113","Endeavor","1984-02-22 22:00:00-07","1984-03-23 22:00:00-07"
"EN113","R/V Endeavor","1984-02-22 22:00:00-07","1984-03-23 22:00:00-07"
"OCE155","Oceanus","1984-03-31 22:00:00-07","1984-03-31 22:00:00-07"
"OCE152","Oceanus","1984-03-31 22:00:00-07","1984-03-31 22:00:00-07"
"OCE153","Oceanus","1984-03-31 22:00:00-07","1984-03-31 22:00:00-07"
"OCE156","Oceanus","1984-03-31 22:00:00-07","1984-03-31 22:00:00-07"
"OCE154","Oceanus","1984-03-31 22:00:00-07","1984-03-31 22:00:00-07"
"OC152","Oceanus","1984-04-21 22:00:00-07","1984-04-29 21:00:00-07"
"KK840428",NULL,"1984-05-25 21:00:00-07","1984-07-26 21:00:00-07"
"RC2507","Robert D. Conrad","1984-06-04 21:00:00-07","1984-06-27 21:00:00-07"
"Burgundy university collection",NULL,"1984-06-05 21:00:00-07","1984-06-05 21:00:00-07"
"Arktis II-3 Polar Stern cruise 84 station 332 1000m","Polar Stern","1984-07-25 13:00:00-07","1984-07-25 13:00:00-07"
"Arktis II-3 Polar Stern cruise 84 station 332 600m","Polar Stern","1984-07-25 17:00:00-07","1984-07-25 17:00:00-07"
"Polar Stern PS-84 stn. 355 Arktis","Polar Stern","1984-07-30 17:00:00-07","1984-07-30 17:00:00-07"
"Polar Stern PS-84 stn. 334 Arktis","Polar Stern","1984-07-30 21:00:00-07","1984-07-30 21:00:00-07"
"Polar Stern PS-84 ArkTis","Polar Stern","1984-07-30 21:00:00-07","1984-07-30 21:00:00-07"
"Polar Stern PS-84 stn. 335 Arktis","Polar Stern","1984-07-30 21:00:00-07","1984-07-30 21:00:00-07"
"TURKANA","RV Halcyon","1984-08-23 21:00:00-07","1984-11-10 22:00:00-07"
"KK840824",NULL,"1984-08-27 21:00:00-07","1984-09-06 21:00:00-07"
"BA84","Bannock","1984-09-06 21:00:00-07","1984-09-19 21:00:00-07"
"Endeavor cruise 121 Stn EN-3","r/v Endeavor","1984-09-09 21:00:00-07","1984-09-09 21:00:00-07"
"Endeavor Cruise EN-121 Leg I","r/v Endeavor","1984-09-09 21:00:00-07","1984-09-09 21:00:00-07"
"AT84",NULL,"1984-10-06 21:00:00-07","1984-10-07 21:00:00-07"
"CIROS",NULL,"1984-10-09 21:00:00-07","1986-10-14 21:00:00-07"
"KN110-2","Knorr","1984-10-28 22:00:00-07","1984-11-09 22:00:00-07"
"RC2512","Robert D. Conrad","1984-10-30 22:00:00-07","1984-11-03 22:00:00-07"
"RC2514","Robert D. Conrad","1984-12-04 22:00:00-07","1984-12-19 22:00:00-07"
"58",NULL,"1984-12-30 22:00:00-07","1984-12-30 22:00:00-07"
"DF85","USCGC Glacier","1984-12-31 17:00:00-07","1985-01-07 02:00:00-07"
"DF85",NULL,"1984-12-31 17:00:00-07","2004-12-07 22:00:00-07"
"RC25","Robert Conrad","1984-12-31 22:00:00-07","1984-12-31 22:00:00-07"
"KK84028-04","R/V KANA KEOKI","1984-12-31 22:00:00-07","1984-12-31 22:00:00-07"
"2PI","R/V Akademik Boris Petrov","1984-12-31 22:00:00-07","1984-12-31 22:00:00-07"
"USGS Reheis Arvhive",NULL,"1984-12-31 22:00:00-07","1984-12-31 22:00:00-07"
"L6-85-NC","S. P. Lee","1985-01-01 10:00:00-07","1985-01-01 10:00:00-07"
"ODP Leg 101","Joides Resolution","1985-01-31 22:00:00-07","1985-03-11 22:00:00-07"
"RC2603","Robert D. Conrad","1985-03-03 22:00:00-07","1985-03-14 22:00:00-07"
"CHEP01NH","New Horizon","1985-04-06 17:00:00-07","1985-04-09 17:00:00-07"
"ODP Leg 103","Joides Resolution","1985-04-28 21:00:00-07","1985-06-11 21:00:00-07"
"ALV1569","Alvin","1985-05-26 21:00:00-07","1985-05-26 21:00:00-07"
"ODP Leg 104","Joides Resolution","1985-06-27 21:00:00-07","1985-08-09 21:00:00-07"
"RC0026","Robert Conrad","1985-09-01 21:00:00-07","1985-09-21 21:00:00-07"
"ODP Leg 105","Joides Resolution","1985-09-04 21:00:00-07","1985-10-23 21:00:00-07"
"MW8513",NULL,"1985-09-10 21:00:00-07","1985-09-16 21:00:00-07"
"ODP Leg 106","Joides Resolution","1985-11-08 22:00:00-07","1985-12-17 22:00:00-07"
"RC2614","Robert D. Conrad","1985-12-02 22:00:00-07","1985-12-14 22:00:00-07"
"MW8517","Moana Wave","1985-12-04 22:00:00-07","1985-12-04 22:00:00-07"
"RC26","Robert Conrad","1985-12-07 22:00:00-07","1985-12-07 22:00:00-07"
"SPS3","R/V Jean Charcot","1985-12-09 22:00:00-07","1985-12-14 22:00:00-07"
"MW8518",NULL,"1985-12-26 22:00:00-07","1986-01-01 22:00:00-07"
"MW8518","Moana Wave","1985-12-28 22:00:00-07","1986-01-03 22:00:00-07"
"RIND",NULL,"1985-12-30 22:00:00-07","1985-12-30 22:00:00-07"
"15",NULL,"1985-12-30 22:00:00-07","1985-12-30 22:00:00-07"
"DF86","USCGC Glacier","1985-12-31 12:00:00-07","1985-12-31 22:00:00-07"
"DF86",NULL,"1985-12-31 17:00:00-07","1985-12-31 17:00:00-07"
"PD86-VIII",NULL,"1985-12-31 17:00:00-07","1985-12-31 17:00:00-07"
"Geochemical Evidence of Dust",NULL,"1985-12-31 22:00:00-07","1985-12-31 22:00:00-07"
"KK84028-05","R/V KANA KEOKI","1985-12-31 22:00:00-07","1985-12-31 22:00:00-07"
"BAN86","Bannock","1985-12-31 22:00:00-07","1985-12-31 22:00:00-07"
"PD86-VIII","Polar Duke","1985-12-31 22:00:00-07","1986-01-02 17:00:00-07"
"L3-86-NC","S. P. Lee","1986-01-01 10:00:00-07","1986-01-01 10:00:00-07"
"L2-86-NC","S. P. Lee","1986-01-01 10:00:00-07","1986-01-01 10:00:00-07"
"ODP Leg 107","Joides Resolution","1986-01-02 22:00:00-07","1986-02-15 22:00:00-07"
"MW8701","Moana Wave","1986-01-25 22:00:00-07","1987-01-30 22:00:00-07"
"PAPATUA Leg 05 (1986)","Thomas Washington","1986-01-31 22:00:00-07","1986-01-31 22:00:00-07"
"ODP Leg 108","Joides Resolution","1986-02-27 22:00:00-07","1986-04-13 22:00:00-07"
"RC2703","Robert D. Conrad","1986-05-01 21:00:00-07","1986-05-05 21:00:00-07"
"TT198","Thomas G. Thompson","1986-05-12 21:00:00-07","1986-06-12 21:00:00-07"
"RC2704","Robert D. Conrad","1986-05-24 21:00:00-07","1987-06-04 21:00:00-07"
"ODP Leg 109","Joides Resolution","1986-05-28 21:00:00-07","1986-06-11 21:00:00-07"
"ODP Leg 110","Joides Resolution","1986-06-27 21:00:00-07","1986-08-09 21:00:00-07"
"RC2706","Robert D. Conrad","1986-07-09 21:00:00-07","1986-07-22 21:00:00-07"
"RC27","Robert Conrad","1986-08-06 21:00:00-07","1986-08-06 21:00:00-07"
"RC2707","Robert D. Conrad","1986-08-09 21:00:00-07","1986-08-15 21:00:00-07"
"MW8607",NULL,"1986-08-20 21:00:00-07","1986-08-22 21:00:00-07"
"RC0027","Robert Conrad","1986-09-07 21:00:00-07","1986-09-17 21:00:00-07"
"RC2708","Robert D. Conrad","1986-09-15 21:00:00-07","1986-09-15 21:00:00-07"
"ODP Leg 111","Joides Resolution","1986-09-29 21:00:00-07","1986-10-08 21:00:00-07"
"ODP Leg 112","Joides Resolution","1986-10-30 22:00:00-07","1986-12-10 22:00:00-07"
"20",NULL,"1986-11-01 22:00:00-07","1986-11-01 22:00:00-07"
"7",NULL,"1986-12-30 22:00:00-07","1986-12-30 22:00:00-07"
"17",NULL,"1986-12-30 22:00:00-07","1986-12-30 22:00:00-07"
"M86","RV Orion","1986-12-30 22:00:00-07","1986-12-30 22:00:00-07"
"DF87","USCGC Glacier","1986-12-31 12:00:00-07","2002-09-17 21:00:00-07"
"DF87",NULL,"1986-12-31 17:00:00-07","1986-12-31 17:00:00-07"
"western Labrador mapping",NULL,"1986-12-31 22:00:00-07","2022-08-04 21:00:00-07"
"KK84028-06","R/V KANA KEOKI","1986-12-31 22:00:00-07","1986-12-31 22:00:00-07"
"GSJ",NULL,"1986-12-31 22:00:00-07","1986-12-31 22:00:00-07"
"M87","RV Liloya","1987-01-05 22:00:00-07","1987-01-05 22:00:00-07"
"Jason Cruise","Jason Platform","1987-01-11 22:00:00-07","1987-01-11 22:00:00-07"
"ODP Leg 113","Joides Resolution","1987-01-15 22:00:00-07","1987-03-03 22:00:00-07"
"MW8702","Moana Wave","1987-02-11 22:00:00-07","1987-02-26 22:00:00-07"
"30",NULL,"1987-02-12 22:00:00-07","1987-02-12 22:00:00-07"
"RC0028","Robert Conrad","1987-02-15 22:00:00-07","1987-02-22 22:00:00-07"
"59",NULL,"1987-03-07 22:00:00-07","1987-03-07 22:00:00-07"
"ODP Leg 114","Joides Resolution","1987-03-17 22:00:00-07","1987-04-26 21:00:00-07"
"RC2804","Robert D. Conrad","1987-04-27 21:00:00-07","1987-05-22 21:00:00-07"
"RC28","Robert Conrad","1987-04-28 21:00:00-07","1987-05-12 21:00:00-07"
"A118-18","R/V Atlantis II","1987-04-30 21:00:00-07","1987-04-30 21:00:00-07"
"RC0028","Robert D Conrad","1987-05-12 21:00:00-07","1987-05-16 21:00:00-07"
"ODP Leg 115","Joides Resolution","1987-05-21 21:00:00-07","1987-06-28 21:00:00-07"
"A118-16","R/V Atlantis II","1987-06-09 21:00:00-07","1987-06-26 21:00:00-07"
"RC2806","R/V Robert D. Conrad","1987-06-12 21:00:00-07","1987-07-17 21:00:00-07"
"RC2806","Robert D. Conrad","1987-06-12 21:00:00-07","1987-07-17 21:00:00-07"
"Cenozoic Investigations of the western Ross Sea 1 (CIROS-1)",NULL,"1987-06-21 21:00:00-07","1999-07-31 21:00:00-07"
"AII-118","R/V Atlantis II","1987-07-01 21:00:00-07","1987-07-28 21:00:00-07"
"ODP Leg 116","Joides Resolution","1987-07-09 21:00:00-07","1987-08-11 21:00:00-07"
"MW8708","Moana Wave","1987-07-13 21:00:00-07","1987-07-25 21:00:00-07"
"A118-18","ATLANTIS II","1987-07-28 21:00:00-07","1987-07-28 21:00:00-07"
"MW8709","Moana Wave","1987-08-15 17:00:00-07","1987-08-15 17:00:00-07"
"27",NULL,"1987-08-21 21:00:00-07","1996-12-30 22:00:00-07"
"GH87-3","R/V Hakurei-Maru","1987-08-24 21:00:00-07","1987-08-24 21:00:00-07"
"ODP Leg 117","Joides Resolution","1987-08-29 21:00:00-07","1987-10-05 21:00:00-07"
"Cenozoic Investigations of the western Ross Sea 2 (CIROS-2)",NULL,"1987-10-07 21:00:00-07","1996-10-06 21:00:00-07"
"ODP Leg 118","Joides Resolution","1987-10-26 22:00:00-07","1987-11-17 22:00:00-07"
"MW8712","Moana Wave","1987-11-20 22:00:00-07","1987-12-12 22:00:00-07"
"KY87-1","R/V Kaiyo","1987-12-05 22:00:00-07","1987-12-11 22:00:00-07"
"OB87","Orca Basin","1987-12-09 22:00:00-07","1987-12-09 22:00:00-07"
"KY87-2","R/V Kaiyo","1987-12-19 22:00:00-07","1987-12-28 22:00:00-07"
"ODP Leg 119","Joides Resolution","1987-12-25 22:00:00-07","1988-02-10 22:00:00-07"
"PD88-III",NULL,"1987-12-31 17:00:00-07","1987-12-31 17:00:00-07"
"PC88-III",NULL,"1987-12-31 17:00:00-07","1987-12-31 17:00:00-07"
"PD88-VI",NULL,"1987-12-31 17:00:00-07","1987-12-31 17:00:00-07"
"PD88-III","Polar Duke","1987-12-31 17:00:00-07","1987-12-31 22:00:00-07"
"KK84028-07","R/V KANA KEOKI","1987-12-31 22:00:00-07","1987-12-31 22:00:00-07"
"NAZCOPAC","R/V Le Nadir","1987-12-31 22:00:00-07","1987-12-31 22:00:00-07"
"PD88-VI","Polar Duke","1987-12-31 22:00:00-07","1987-12-31 22:00:00-07"
"RAIT02WT","Thomas Washington","1988-02-14 22:00:00-07","1988-03-10 22:00:00-07"
"ODP Leg 120","Joides Resolution","1988-03-06 22:00:00-07","1988-04-19 21:00:00-07"
"W8803B","R/V Wecoma","1988-03-31 22:00:00-07","1988-04-19 21:00:00-07"
"KN134-7","Knorr","1988-04-04 21:00:00-07","1988-04-07 21:00:00-07"
"KN134-8","Knorr","1988-04-18 21:00:00-07","1988-05-05 21:00:00-07"
"MW8805","Moana Wave","1988-04-30 21:00:00-07","1988-05-26 21:00:00-07"
"ODP Leg 121","Joides Resolution","1988-05-09 21:00:00-07","1988-06-14 21:00:00-07"
"RC29","Robert Conrad","1988-05-10 21:00:00-07","1988-05-24 21:00:00-07"
"KN134-10","Knorr","1988-06-13 21:00:00-07","1988-06-14 21:00:00-07"
"EN179","Endeavor","1988-06-16 21:00:00-07","1988-06-20 21:00:00-07"
"HYDROSNAKE","Nadir","1988-06-24 04:39:00-07","1988-07-09 08:38:00-07"
"KN134-11","Knorr","1988-06-25 21:00:00-07","1988-07-01 21:00:00-07"
"ODP Leg 122","Joides Resolution","1988-07-07 21:00:00-07","1988-08-18 21:00:00-07"
NULL,"Atlantis II","1988-07-10 21:00:00-07","1995-11-02 10:00:00-07"
"RC2907","Robert D. Conrad","1988-07-14 21:00:00-07","1988-07-24 21:00:00-07"
"unknown","Bjarni Saemundsson","1988-08-04 21:00:00-07","1988-09-30 21:00:00-07"
"RNDB06WT","Thomas Washington","1988-08-14 21:00:00-07","1988-08-29 21:00:00-07"
"KN134-16","Knorr","1988-08-20 21:00:00-07","1988-08-23 21:00:00-07"
"ODP Leg 123","Joides Resolution","1988-09-06 21:00:00-07","1988-10-19 21:00:00-07"
"unknown","Polar Star","1988-09-06 21:00:00-07","1993-09-14 21:00:00-07"
"EN187","Endeavor","1988-10-09 21:00:00-07","1988-10-28 21:00:00-07"
"ODP Leg 124","Joides Resolution","1988-11-09 22:00:00-07","1989-02-12 22:00:00-07"
"KY88-1","R/V Kaiyo","1988-11-16 22:00:00-07","1988-12-11 22:00:00-07"
"OC205","Oceanus","1988-12-02 22:00:00-07","1988-12-16 22:00:00-07"
"KY88-1 ","R/V Kaiyo","1988-12-04 22:00:00-07","1988-12-04 22:00:00-07"
"PD89-IV",NULL,"1988-12-31 17:00:00-07","1988-12-31 17:00:00-07"
"PD89-IV","Polar Duke","1988-12-31 17:00:00-07","1988-12-31 22:00:00-07"
"ODP","Joides Resolution","1988-12-31 22:00:00-07","1988-12-31 22:00:00-07"
"KK84028-08","R/V KANA KEOKI","1988-12-31 22:00:00-07","1988-12-31 22:00:00-07"
"DEAN",NULL,"1989-02-08 22:00:00-07","1989-12-30 22:00:00-07"
"RC30","Robert Conrad","1989-02-20 22:00:00-07","1989-02-20 22:00:00-07"
"ODP Leg 125","Joides Resolution","1989-02-21 22:00:00-07","1989-04-05 21:00:00-07"
"ODP Leg 126","Joides Resolution","1989-04-23 21:00:00-07","1989-06-01 21:00:00-07"
"KEJ89","R/V Seward Johnson","1989-04-30 21:00:00-07","1989-04-30 21:00:00-07"
"unknown","Maritime Explorer","1989-06-12 21:00:00-07","1989-06-14 21:00:00-07"
"DE87-04","Delaware","1989-06-16 21:00:00-07","1989-06-16 21:00:00-07"
"ODP Leg 127","Joides Resolution","1989-06-25 21:00:00-07","1989-08-05 21:00:00-07"
"W8907A","Wecoma","1989-06-30 21:00:00-07","1989-06-30 21:00:00-07"
"unknown","Kaiyo","1989-08-21 21:00:00-07","1989-08-24 21:00:00-07"
"ATII-120-02","Atlantis II","1989-08-23 21:00:00-07","1989-08-29 21:00:00-07"
"ATII120-02","Atlantis II","1989-08-25 21:00:00-07","1989-08-27 21:00:00-07"
"ODP Leg 128","Joides Resolution","1989-08-26 21:00:00-07","1989-10-11 21:00:00-07"
"OC212","Oceanus","1989-09-11 21:00:00-07","1989-09-12 21:00:00-07"
"VNTR02WT","Thomas Washington","1989-10-11 17:00:00-07","1989-10-11 17:00:00-07"
"Rapuhia Cruise 2032","Rapuhia","1989-10-31 22:00:00-07","1989-10-31 22:00:00-07"
"A123-2","Atlantis II","1989-11-01 22:00:00-07","1989-11-20 22:00:00-07"
"ODP Leg 129","Joides Resolution","1989-11-25 22:00:00-07","1990-01-08 22:00:00-07"
"ALV2168","Alvin","1989-12-05 22:00:00-07","1989-12-05 22:00:00-07"
"AT124","Atlantis","1989-12-06 22:00:00-07","1989-12-18 22:00:00-07"
"ALV2169","Alvin","1989-12-07 22:00:00-07","1989-12-07 22:00:00-07"
"VNTR03WT","Thomas Washington","1989-12-08 00:58:00-07","1989-12-08 00:58:00-07"
"ALV2172","Alvin","1989-12-11 22:00:00-07","1989-12-11 22:00:00-07"
"ALV2173","Alvin","1989-12-13 22:00:00-07","1989-12-13 22:00:00-07"
"24",NULL,"1989-12-30 22:00:00-07","2000-12-30 22:00:00-07"
"PD90-VII",NULL,"1989-12-31 17:00:00-07","1989-12-31 17:00:00-07"
"PD90-II",NULL,"1989-12-31 17:00:00-07","1989-12-31 17:00:00-07"
"PD90-II","Polar Duke","1989-12-31 22:00:00-07","1989-12-31 22:00:00-07"
"PD90-VII","Polar Duke","1989-12-31 22:00:00-07","1989-12-31 22:00:00-07"
"PLUME2",NULL,"1989-12-31 22:00:00-07","1989-12-31 22:00:00-07"
"ODP Leg 130","Joides Resolution","1990-01-27 22:00:00-07","1990-03-07 22:00:00-07"
"ODP Leg 131","Joides Resolution","1990-04-03 21:00:00-07","1990-05-27 21:00:00-07"
"BFN",NULL,"1990-04-30 21:00:00-07","1992-04-04 22:00:00-07"
"KRK90",NULL,"1990-05-05 21:00:00-07","1990-06-02 21:00:00-07"
"TW7","Thomas Washington","1990-06-09 21:00:00-07","1992-06-13 21:00:00-07"
"TW-PL07","Thomas Washington","1990-06-11 21:00:00-07","1990-06-25 21:00:00-07"
"ODP Leg 132","Joides Resolution","1990-06-13 21:00:00-07","1990-07-21 21:00:00-07"
"A125-8","Atlantis II","1990-06-22 21:00:00-07","1990-07-03 21:00:00-07"
"VERE","RV Vereshagin","1990-07-23 21:00:00-07","1994-12-30 22:00:00-07"
"ODP Leg 133","Joides Resolution","1990-08-15 21:00:00-07","1990-10-08 21:00:00-07"
"STG",NULL,"1990-09-11 21:00:00-07","1991-04-22 21:00:00-07"
"ODP Leg 134","Joides Resolution","1990-10-20 21:00:00-07","1990-12-03 22:00:00-07"
"ODP Leg 135","Joides Resolution","1990-12-20 22:00:00-07","1991-02-01 22:00:00-07"
"PD91-I",NULL,"1990-12-31 17:00:00-07","1990-12-31 17:00:00-07"
"PD91-I","Polar Duke","1990-12-31 22:00:00-07","1990-12-31 22:00:00-07"
"2050","Rapuhia","1990-12-31 22:00:00-07","1990-12-31 22:00:00-07"
"Reynolds Sierra negra",NULL,"1990-12-31 22:00:00-07","1991-12-31 22:00:00-07"
"YK9002","R/V Yokosuka","1991-01-27 22:00:00-07","1991-02-02 22:00:00-07"
"ODP Leg 136","Joides Resolution","1991-03-03 22:00:00-07","1991-03-17 22:00:00-07"
"BI91","Cape Hatteras","1991-03-21 22:00:00-07","1991-03-24 22:00:00-07"
"BI91","Block Island","1991-03-21 22:00:00-07","1991-03-21 22:00:00-07"
"A125-24","R/V Atlantis II","1991-03-28 22:00:00-07","1991-03-28 22:00:00-07"
"MD68 SUZIL",NULL,"1991-04-14 17:00:00-07","1991-04-18 13:00:00-07"
"ODP Leg 137","Joides Resolution","1991-04-24 21:00:00-07","1991-04-24 21:00:00-07"
"ODP Leg 138","Joides Resolution","1991-05-08 21:00:00-07","1991-06-27 21:00:00-07"
"MW9109","Moana Wave","1991-06-19 21:00:00-07","1991-07-10 21:00:00-07"
"ODP Leg 139","Joides Resolution","1991-07-15 21:00:00-07","1991-09-03 21:00:00-07"
"unknown","Vinogradov","1991-07-16 21:00:00-07","1991-07-23 21:00:00-07"
"BA",NULL,"1991-09-04 21:00:00-07","1991-09-04 21:00:00-07"
"TUNE04WT","Thomas Washington","1991-10-06 21:00:00-07","1991-10-10 21:00:00-07"
"ODP Leg 140","Joides Resolution","1991-11-05 22:00:00-07","1991-11-05 22:00:00-07"
"ODP Leg 141","Joides Resolution","1991-11-28 22:00:00-07","1992-01-01 22:00:00-07"
"1",NULL,"1991-12-30 22:00:00-07","1991-12-30 22:00:00-07"
"CAPA",NULL,"1991-12-30 22:00:00-07","1991-12-30 22:00:00-07"
"PD92-II",NULL,"1991-12-31 17:00:00-07","1991-12-31 17:00:00-07"
"32",NULL,"1991-12-31 22:00:00-07","1991-12-31 22:00:00-07"
"PD92-II","Polar Duke","1991-12-31 22:00:00-07","1991-12-31 22:00:00-07"
"ODP Leg 142","Joides Resolution","1992-01-06 22:00:00-07","1992-02-28 22:00:00-07"
"CRWG1",NULL,"1992-01-31 22:00:00-07","2002-12-30 22:00:00-07"
"Rapuhia Cruise 2052","Rapuhia","1992-01-31 22:00:00-07","1992-01-31 22:00:00-07"
"A125-38","R/V Atlantis II","1992-02-21 22:00:00-07","1992-02-21 22:00:00-07"
"ODP Leg 143","Joides Resolution","1992-03-27 22:00:00-07","1992-05-15 21:00:00-07"
"ODP Leg 144","Joides Resolution","1992-05-23 21:00:00-07","1992-07-17 21:00:00-07"
"PHNX02MV","Melville","1992-07-20 21:00:00-07","1992-08-08 21:00:00-07"
"ODP Leg 145","Joides Resolution","1992-07-28 21:00:00-07","1992-09-13 21:00:00-07"
"ODP 145"," R/V JOIDES Resolution","1992-08-04 21:00:00-07","1992-08-06 21:00:00-07"
"PHNX03MV","Melville","1992-08-24 21:00:00-07","1992-08-27 21:00:00-07"
"EW9209","Maurice Ewing","1992-08-30 21:00:00-07","1992-09-17 21:00:00-07"
"ATII127","Atlantis II","1992-09-05 21:00:00-07","1992-10-05 21:00:00-07"
"ATII-127","Atlantis II - Alvin","1992-09-08 21:00:00-07","1992-09-13 21:00:00-07"
"YELLOWSTONE","RV KRKII","1992-09-16 21:00:00-07","1992-09-22 21:00:00-07"
"ODP Leg 146","Joides Resolution","1992-09-25 21:00:00-07","1992-11-20 22:00:00-07"
"ODP Leg 176","Joides Resolution","1992-11-18 22:00:00-07","1997-12-06 22:00:00-07"
"ODP Leg 147","Joides Resolution","1992-12-03 22:00:00-07","1993-01-12 22:00:00-07"
"KELTS",NULL,"1992-12-30 22:00:00-07","1999-12-30 22:00:00-07"
"OWENS",NULL,"1992-12-30 22:00:00-07","1992-12-30 22:00:00-07"
"47",NULL,"1992-12-30 22:00:00-07","1992-12-30 22:00:00-07"
"NBP93-08","R/V Nathaniel B. Palmer","1992-12-31 12:00:00-07","1993-01-03 17:00:00-07"
"PD93-VI","Polar Duke","1992-12-31 12:00:00-07","1992-12-31 22:00:00-07"
"PD93-VI",NULL,"1992-12-31 17:00:00-07","1992-12-31 17:00:00-07"
"NBP93-01",NULL,"1992-12-31 17:00:00-07","1992-12-31 17:00:00-07"
"NBP93-01","R/V Nathaniel B. Palmer","1992-12-31 17:00:00-07","1992-12-31 17:00:00-07"
"NBP93-01","Palmer","1992-12-31 17:00:00-07","1992-12-31 17:00:00-07"
"NBP93-08",NULL,"1992-12-31 17:00:00-07","2014-06-16 21:00:00-07"
"EW9305","Ewing","1992-12-31 22:00:00-07","1992-12-31 22:00:00-07"
"NBP9301","Palmer","1992-12-31 22:00:00-07","1992-12-31 22:00:00-07"
"NBP9308","Palmer","1992-12-31 22:00:00-07","1992-12-31 22:00:00-07"
"NBP93-08","R/V Nathaniel B Palmer","1993-01-04 12:00:00-07","1993-01-04 12:00:00-07"
"GLORIA04MV","Melville","1993-01-17 22:00:00-07","1993-01-30 22:00:00-07"
"ODP Leg 148","Joides Resolution","1993-01-27 22:00:00-07","1993-02-15 22:00:00-07"
NULL,"Mystique","1993-01-30 22:00:00-07","1993-01-30 22:00:00-07"
"KN138-11","Knorr","1993-01-30 22:00:00-07","1993-02-12 22:00:00-07"
"19",NULL,"1993-03-02 22:00:00-07","1999-04-11 21:00:00-07"
"ODP Leg 149","Joides Resolution","1993-03-30 22:00:00-07","1993-05-22 21:00:00-07"
"GLOR07MV","R/V Melville","1993-05-11 21:00:00-07","1993-05-27 21:00:00-07"
"GL07","Melville Gloria","1993-05-11 21:00:00-07","1993-05-27 21:00:00-07"
"GLORIA07MV","Melville","1993-05-12 21:00:00-07","1993-05-27 21:00:00-07"
"ATII129","Atlantis II","1993-05-26 21:00:00-07","1993-05-26 21:00:00-07"
"EW9302","Maurice Ewing","1993-06-01 21:00:00-07","1993-06-19 21:00:00-07"
"GLORIA08MV","Melville","1993-06-02 21:00:00-07","1993-06-25 21:00:00-07"
"ODP Leg 150","Joides Resolution","1993-06-10 21:00:00-07","1993-07-18 21:00:00-07"
"EW9303","Maurice Ewing","1993-06-25 21:00:00-07","1993-07-15 21:00:00-07"
"3010","Akademik M.A. Lavrentyev","1993-06-30 21:00:00-07","1993-06-30 21:00:00-07"
"EW9303","Ewing","1993-07-01 17:00:00-07","1993-07-15 17:00:00-07"
"EW93-03","Ewing","1993-07-03 17:00:00-07","1993-07-15 17:00:00-07"
"GNS cruise RE9302-D3","Akademik M.A. Lavrentyev","1993-07-31 21:00:00-07","1993-07-31 21:00:00-07"
"ODP Leg 151","Joides Resolution","1993-08-04 21:00:00-07","1993-09-15 21:00:00-07"
"21",NULL,"1993-08-14 21:00:00-07","1993-08-14 21:00:00-07"
"unknown","Nesmeyanov","1993-09-05 21:00:00-07","1993-09-16 21:00:00-07"
"ODP Leg 152","Joides Resolution","1993-09-29 21:00:00-07","1993-11-13 22:00:00-07"
"KN140-2","Knorr","1993-11-01 22:00:00-07","1995-11-02 22:00:00-07"
"ATAC",NULL,"1993-11-20 22:00:00-07","1993-12-10 22:00:00-07"
"EW9309","Maurice Ewing","1993-11-25 22:00:00-07","1993-12-17 22:00:00-07"
"EW9309","R/V Maurice Ewing","1993-11-26 22:00:00-07","1993-12-16 22:00:00-07"
"A131-08","R/V Atlantis II","1993-12-08 22:00:00-07","1993-12-08 22:00:00-07"
"NBP94-01","Nathaniel B. Palmer","1993-12-31 17:00:00-07","2015-05-25 21:00:00-07"
"NBP94-07","n","1993-12-31 17:00:00-07","1993-12-31 17:00:00-07"
"NBP94-07","Nathaniel B. Palmer","1993-12-31 17:00:00-07","1994-01-02 17:00:00-07"
"NBP9407","Palmer","1993-12-31 22:00:00-07","1993-12-31 22:00:00-07"
"A131-11","R/V Atlantis II","1993-12-31 22:00:00-07","1993-12-31 22:00:00-07"
"NBP9401","Palmer","1993-12-31 22:00:00-07","1993-12-31 22:00:00-07"
"NBP94-07","R/V Nathaniel B. Palmer","1994-01-02 17:00:00-07","1994-01-02 17:00:00-07"
"A131-09","R/V Atlantis II","1994-01-04 22:00:00-07","1994-01-04 22:00:00-07"
"ODP Leg 154","Joides Resolution","1994-02-04 22:00:00-07","1994-03-15 22:00:00-07"
"SO93","R/V Sonne","1994-02-14 22:00:00-07","1994-02-15 22:00:00-07"
"EW9403","Maurice Ewing","1994-03-23 22:00:00-07","1994-03-23 22:00:00-07"
"3020","FV Giljanes","1994-03-31 22:00:00-07","1994-03-31 22:00:00-07"
"ODP Leg 155","Joides Resolution","1994-04-01 22:00:00-07","1994-05-17 21:00:00-07"
"PACIMA",NULL,"1994-04-07 17:00:00-07","1994-04-18 17:00:00-07"
"A131-12","R/V Atlantis II","1994-04-10 21:00:00-07","1994-04-10 21:00:00-07"
"ODP Leg 156","Joides Resolution","1994-06-03 21:00:00-07","1994-07-10 21:00:00-07"
"SWTP",NULL,"1994-06-12 21:00:00-07","1994-06-12 21:00:00-07"
"BI94","Cape Henlopen","1994-08-03 21:00:00-07","1994-08-06 21:00:00-07"
"ODP Leg 157","Joides Resolution","1994-08-05 21:00:00-07","1994-09-15 21:00:00-07"
"ODP Leg 158","Joides Resolution","1994-10-05 21:00:00-07","1994-11-15 22:00:00-07"
"A131-24","R/V Atlantis II","1994-10-13 21:00:00-07","1994-10-13 21:00:00-07"
"TN041","Thomas G. Thompson","1994-10-29 21:00:00-07","1994-11-18 22:00:00-07"
"53",NULL,"1994-12-30 22:00:00-07","1996-07-21 21:00:00-07"
"22",NULL,"1994-12-30 22:00:00-07","1994-12-30 22:00:00-07"
"48",NULL,"1994-12-30 22:00:00-07","1994-12-30 22:00:00-07"
"13",NULL,"1994-12-30 22:00:00-07","1994-12-30 22:00:00-07"
"SAM",NULL,"1994-12-30 22:00:00-07","2006-12-30 22:00:00-07"
"ODP Leg 159","Joides Resolution","1994-12-30 22:00:00-07","1995-02-14 22:00:00-07"
"SHU",NULL,"1994-12-30 22:00:00-07","2003-12-30 22:00:00-07"
"NBP95-01","R/V Nathaniel B. Palmer","1994-12-31 17:00:00-07","1994-12-31 17:00:00-07"
"PD95-X",NULL,"1994-12-31 17:00:00-07","1994-12-31 17:00:00-07"
"NBP95-01",NULL,"1994-12-31 17:00:00-07","1994-12-31 17:00:00-07"
NULL,"R/V MOANA WAVE","1994-12-31 22:00:00-07","1994-12-31 22:00:00-07"
"PD95-X","Polar Duke","1994-12-31 22:00:00-07","1994-12-31 22:00:00-07"
"Geist Wolf Volcano",NULL,"1994-12-31 22:00:00-07","1994-12-31 22:00:00-07"
"NBP9501","Palmer","1994-12-31 22:00:00-07","1994-12-31 22:00:00-07"
"5",NULL,"1995-01-27 22:00:00-07","1995-01-28 22:00:00-07"
"ODP Leg 160","Joides Resolution","1995-03-14 22:00:00-07","1995-04-30 21:00:00-07"
"Victoria","RV Ibis","1995-03-31 22:00:00-07","1996-12-30 22:00:00-07"
"2",NULL,"1995-04-28 21:00:00-07","1998-12-30 22:00:00-07"
"TN047","Thomas G. Thompson","1995-05-04 21:00:00-07","1995-05-18 21:00:00-07"
"ODP Leg 161","Joides Resolution","1995-05-06 21:00:00-07","1995-06-20 21:00:00-07"
"IMAGES 101",NULL,"1995-05-28 17:00:00-07","1995-05-28 17:00:00-07"
"MW9507","R/V Moana Wave","1995-05-29 21:00:00-07","1995-06-20 21:00:00-07"
"ODP Leg 162","Joides Resolution","1995-07-09 21:00:00-07","1995-08-26 21:00:00-07"
"NBP94-07","Nathaniel B Palmer","1995-07-17 21:00:00-07","2004-08-05 21:00:00-07"
"ODP Leg 163","Joides Resolution","1995-09-08 21:00:00-07","1995-09-23 21:00:00-07"
"40",NULL,"1995-09-25 21:00:00-07","1995-10-02 21:00:00-07"
"LSC",NULL,"1995-10-13 21:00:00-07","1997-10-20 21:00:00-07"
"ODP Leg 164","Joides Resolution","1995-11-04 22:00:00-07","1995-12-09 22:00:00-07"
"A132-18","R/V Atlantis II","1995-11-11 22:00:00-07","1995-11-11 22:00:00-07"
"SAMUDRA2","L'Atalante","1995-12-08 16:51:00-07","1995-12-09 18:58:00-07"
"ODP Leg 165","Joides Resolution","1995-12-23 22:00:00-07","1996-02-14 22:00:00-07"
"NBP96-01",NULL,"1995-12-31 17:00:00-07","2014-06-17 21:00:00-07"
"NBP96-01","R/V Nathaniel B. Palmer","1995-12-31 17:00:00-07","1995-12-31 22:00:00-07"
"GSJ","R/V Tansei- Maru","1995-12-31 22:00:00-07","1995-12-31 22:00:00-07"
"3028","Tangaroa","1996-01-31 22:00:00-07","1996-01-31 22:00:00-07"
"TTN057","Thomas Thompson","1996-02-04 22:00:00-07","1996-03-05 22:00:00-07"
"YK9603","R/V Yokosuka","1996-02-13 22:00:00-07","1996-02-13 22:00:00-07"
"JAMSTEC","R/V Yokosuka","1996-02-13 22:00:00-07","1996-02-13 22:00:00-07"
"ODP Leg 166","Joides Resolution","1996-02-23 22:00:00-07","1996-04-03 22:00:00-07"
"BMRG06","Melville","1996-02-25 22:00:00-07","1996-04-04 22:00:00-07"
"BMRG06MV","Melville","1996-02-25 22:00:00-07","1996-04-05 22:00:00-07"
"EW9602","Ewing","1996-04-01 22:00:00-07","1996-05-06 21:00:00-07"
"ODP Leg 167","Joides Resolution","1996-04-25 21:00:00-07","1996-06-11 21:00:00-07"
"NAUSICAA",NULL,"1996-06-18 17:00:00-07","1996-09-19 17:00:00-07"
"SF96","San Francisco Bay","1996-06-20 21:00:00-07","1996-06-21 21:00:00-07"
"ODP Leg 168","Joides Resolution","1996-06-23 21:00:00-07","1996-08-11 21:00:00-07"
"HB96","Humboldt Bay","1996-06-25 21:00:00-07","1996-06-28 21:00:00-07"
"MD104 MOZAPHARE",NULL,"1996-07-16 17:00:00-07","1996-07-25 17:00:00-07"
"63",NULL,"1996-07-29 21:00:00-07","1996-07-29 21:00:00-07"
"ODP Leg 169","Joides Resolution","1996-08-18 21:00:00-07","1996-10-09 21:00:00-07"
"ODP Leg 170","Joides Resolution","1996-11-01 22:00:00-07","1996-12-07 22:00:00-07"
"44",NULL,"1996-12-30 22:00:00-07","1996-12-30 22:00:00-07"
"MISSC",NULL,"1996-12-30 22:00:00-07","2003-12-30 22:00:00-07"
"PETEN",NULL,"1996-12-30 22:00:00-07","1997-12-30 22:00:00-07"
"EDW","RV Topi","1996-12-30 22:00:00-07","1996-12-30 22:00:00-07"
"MONT",NULL,"1996-12-30 22:00:00-07","1996-12-30 22:00:00-07"
"EDUL","Marion Dufresne","1996-12-31 17:00:00-07","1996-12-31 22:00:00-07"
"ODP Leg 171","Joides Resolution","1997-01-13 22:00:00-07","1997-02-08 22:00:00-07"
"NV861","PELICAN","1997-02-14 22:00:00-07","1997-02-22 22:00:00-07"
"NV899","POINT SUR","1997-02-14 22:00:00-07","1997-02-24 22:00:00-07"
"NV865","CAPE HATTERAS","1997-02-14 22:00:00-07","1997-03-16 22:00:00-07"
"NV891","CAPE HENLOPEN","1997-02-17 22:00:00-07","1997-02-28 22:00:00-07"
"ODP Leg 172","Joides Resolution","1997-02-19 22:00:00-07","1997-04-04 22:00:00-07"
"NV871","NEW HORIZON","1997-02-25 22:00:00-07","1997-03-11 22:00:00-07"
"ODP Leg 173","Joides Resolution","1997-04-23 21:00:00-07","1997-05-31 21:00:00-07"
"NV895","EWING","1997-04-24 21:00:00-07","1997-04-25 21:00:00-07"
"SHAP",NULL,"1997-05-31 21:00:00-07","2005-12-30 22:00:00-07"
"ODP Leg 174","Joides Resolution","1997-06-22 21:00:00-07","1999-06-24 21:00:00-07"
"IPHIS",NULL,"1997-07-18 09:00:00-07","1997-07-18 17:00:00-07"
"ISSYK","RV Multor","1997-08-04 21:00:00-07","2000-12-30 22:00:00-07"
"HEB",NULL,"1997-08-13 21:00:00-07","1997-08-13 21:00:00-07"
"OGAP",NULL,"1997-08-14 21:00:00-07","2014-07-11 21:00:00-07"
"SH97","New York Bight","1997-08-19 21:00:00-07","1997-08-19 21:00:00-07"
"AC97","New York Bight","1997-08-19 21:00:00-07","2001-09-14 21:00:00-07"
"NV896","NEW HORIZON","1997-08-20 21:00:00-07","1997-09-02 21:00:00-07"
"NV893","CAPE HENLOPEN","1997-08-21 21:00:00-07","1997-09-01 21:00:00-07"
"ODP Leg 175","Joides Resolution","1997-08-23 21:00:00-07","1997-10-05 21:00:00-07"
"NV885","PELICAN","1997-08-28 21:00:00-07","1997-09-05 21:00:00-07"
"NV888","NEW HORIZON","1997-09-08 21:00:00-07","1997-09-13 21:00:00-07"
"HV97","New York Bight","1997-09-13 21:00:00-07","1997-09-13 21:00:00-07"
"55",NULL,"1997-09-14 21:00:00-07","1997-09-14 21:00:00-07"
"Pos232","R/V Poseidon","1997-09-19 21:00:00-07","1997-09-19 21:00:00-07"
"Pos286","R/V Poseidon","1997-09-19 21:00:00-07","1997-09-19 21:00:00-07"
"Cape Roberts Project-1",NULL,"1997-10-16 21:00:00-07","1997-10-16 21:00:00-07"
"AT03-10","R/V Atlantis II","1997-10-28 22:00:00-07","1997-10-28 22:00:00-07"
"ODP Leg 177","Joides Resolution","1997-12-16 22:00:00-07","1998-01-21 22:00:00-07"
"M97",NULL,"1997-12-30 22:00:00-07","1997-12-30 22:00:00-07"
"33",NULL,"1997-12-30 22:00:00-07","1997-12-30 22:00:00-07"
"29",NULL,"1997-12-30 22:00:00-07","1998-12-30 22:00:00-07"
"SBROWN",NULL,"1997-12-30 22:00:00-07","1998-12-30 22:00:00-07"
"31",NULL,"1997-12-30 22:00:00-07","1997-12-30 22:00:00-07"
"51",NULL,"1997-12-30 22:00:00-07","1997-12-30 22:00:00-07"
"AZ1",NULL,"1997-12-30 22:00:00-07","1997-12-30 22:00:00-07"
"NBP98-01","R/V Nathaniel B. Palmer","1997-12-31 12:00:00-07","1997-12-31 22:00:00-07"
"NBP98-01",NULL,"1997-12-31 17:00:00-07","1997-12-31 17:00:00-07"
"LMG98-02","R/V Laurence M. Gould","1997-12-31 17:00:00-07","1997-12-31 22:00:00-07"
"LMG98-02","R/V Laurenece M. Gould","1997-12-31 22:00:00-07","1997-12-31 22:00:00-07"
"USGS Drylands",NULL,"1997-12-31 22:00:00-07","2006-12-31 17:00:00-07"
"NBP9801","Palmer","1997-12-31 22:00:00-07","1997-12-31 22:00:00-07"
"PANR04MV","Melville","1998-02-01 22:00:00-07","1998-02-20 22:00:00-07"
"ODP Leg 178","Joides Resolution","1998-02-17 22:00:00-07","1998-03-22 22:00:00-07"
"10",NULL,"1998-02-28 22:00:00-07","1998-02-28 22:00:00-07"
"PA9802","Palmer","1998-03-04 22:00:00-07","1998-03-28 22:00:00-07"
"M98",NULL,"1998-03-05 22:00:00-07","1998-03-07 22:00:00-07"
"NV912","WECOMA","1998-03-17 22:00:00-07","1998-03-29 22:00:00-07"
"UKB",NULL,"1998-03-24 22:00:00-07","1998-03-24 22:00:00-07"
"NV923BI","KNORR","1998-04-27 21:00:00-07","1998-04-27 21:00:00-07"
"NV924","NEW HORIZON","1998-04-29 21:00:00-07","1998-05-15 21:00:00-07"
"NV923TO","KNORR","1998-05-02 21:00:00-07","1998-05-04 21:00:00-07"
"ODP Leg 179","Joides Resolution","1998-05-02 21:00:00-07","1998-05-22 21:00:00-07"
"NV922","PELICAN","1998-05-14 21:00:00-07","1998-05-20 21:00:00-07"
"NV926","NEW HORIZON","1998-05-20 21:00:00-07","1998-05-31 21:00:00-07"
"California Seamounts 1998","R/V Western Flyer","1998-05-21 12:22:00-07","1998-05-23 01:05:00-07"
"CH0798","Cape Hatteras","1998-05-26 21:00:00-07","1998-05-26 21:00:00-07"
"NV933","CAPE HENLOPEN","1998-05-28 21:00:00-07","1998-06-13 21:00:00-07"
"ODP Leg 180","Joides Resolution","1998-06-16 21:00:00-07","1998-07-27 21:00:00-07"
"KN158-4","Knorr","1998-06-19 21:00:00-07","1998-07-13 21:00:00-07"
"SCONI",NULL,"1998-06-20 21:00:00-07","1998-12-30 22:00:00-07"
"ALE",NULL,"1998-07-03 21:00:00-07","1998-07-14 21:00:00-07"
"OC326","Oceanus","1998-07-05 21:00:00-07","1998-07-05 21:00:00-07"
"NV951","NEW HORIZON","1998-07-31 21:00:00-07","1998-08-11 21:00:00-07"
"ODP Leg 181","Joides Resolution","1998-08-21 21:00:00-07","1998-10-02 21:00:00-07"
"RB9803_2b",NULL,"1998-08-28 07:04:00-07","1998-09-15 16:42:00-07"
"ECHO",NULL,"1998-09-14 21:00:00-07","1998-09-16 21:00:00-07"
"KN159-5","Knorr","1998-10-05 21:00:00-07","1998-11-02 22:00:00-07"
"NV946","CAPE HATTERAS","1998-10-08 21:00:00-07","1998-10-20 21:00:00-07"
"TN084","Thomas Thompson","1998-10-22 21:00:00-07","1998-10-29 22:00:00-07"
"ODP Leg 182","Joides Resolution","1998-10-24 21:00:00-07","1998-12-02 22:00:00-07"
"NV947","NEW HORIZON","1998-10-27 22:00:00-07","1998-11-04 22:00:00-07"
"NV948","CAPE HENLOPEN","1998-11-02 22:00:00-07","1998-11-16 22:00:00-07"
"NV952","THOMAS THOMPSON","1998-11-17 22:00:00-07","1998-11-18 22:00:00-07"
"ON3","Onrust","1998-11-30 22:00:00-07","1998-12-01 22:00:00-07"
"SH98","New York Bight","1998-12-02 22:00:00-07","1998-12-02 22:00:00-07"
"HV98","New York Bight","1998-12-02 22:00:00-07","1998-12-02 22:00:00-07"
"ON2","Onrust","1998-12-02 22:00:00-07","1998-12-03 22:00:00-07"
"ODP Leg 183","Joides Resolution","1998-12-22 22:00:00-07","1999-02-04 22:00:00-07"
"JAVA",NULL,"1998-12-30 22:00:00-07","2002-12-30 22:00:00-07"
"49",NULL,"1998-12-30 22:00:00-07","1998-12-30 22:00:00-07"
"CHILE",NULL,"1998-12-30 22:00:00-07","1998-12-30 22:00:00-07"
"BH98","RV Blue Heron","1998-12-30 22:00:00-07","1998-12-30 22:00:00-07"
"45",NULL,"1998-12-30 22:00:00-07","1998-12-30 22:00:00-07"
"42",NULL,"1998-12-30 22:00:00-07","1998-12-30 22:00:00-07"
"ADI",NULL,"1998-12-30 22:00:00-07","1998-12-30 22:00:00-07"
"NBP99-02",NULL,"1998-12-31 12:00:00-07","1998-12-31 17:00:00-07"
"NBP99-02","R/V Nathaniel B. Palmer","1998-12-31 17:00:00-07","1998-12-31 17:00:00-07"
"NBP99-03",NULL,"1998-12-31 17:00:00-07","1998-12-31 17:00:00-07"
"NBP9902","Palmer","1998-12-31 17:00:00-07","1998-12-31 22:00:00-07"
"NBP99-03","R/V Nathaniel B. Palmer","1998-12-31 17:00:00-07","1998-12-31 17:00:00-07"
"NBP9903","Palmer","1998-12-31 22:00:00-07","1998-12-31 22:00:00-07"
"Harpp Genovesa",NULL,"1998-12-31 22:00:00-07","1998-12-31 22:00:00-07"
"NV953","POINT SUR","1999-01-07 22:00:00-07","1999-01-18 22:00:00-07"
"NV955","NEW HORIZON","1999-01-08 22:00:00-07","1999-01-16 22:00:00-07"
"ODP Leg 184","Joides Resolution","1999-03-02 22:00:00-07","1999-04-04 21:00:00-07"
"ODP Leg 185","Joides Resolution","1999-04-27 21:00:00-07","1999-06-06 21:00:00-07"
"NV967","THOMAS THOMPSON","1999-04-30 21:00:00-07","1999-05-12 21:00:00-07"
"AT03-34","R/V Atlantis II","1999-05-06 21:00:00-07","1999-05-06 21:00:00-07"
"ITSAS-3",NULL,"1999-05-09 17:00:00-07","1999-09-18 17:00:00-07"
"LW2","L. Walford","1999-05-28 21:00:00-07","1999-06-05 21:00:00-07"
"LW3","L. Walford","1999-05-29 21:00:00-07","1999-05-29 21:00:00-07"
"R.V. Atlantis A3-36 (1999)",NULL,"1999-05-31 21:00:00-07","1999-05-31 21:00:00-07"
"LW1","L. Walford","1999-06-05 21:00:00-07","1999-06-10 21:00:00-07"
"GINNA",NULL,"1999-06-10 17:00:00-07","1999-09-18 17:00:00-07"
"ODP Leg 186","Joides Resolution","1999-06-21 21:00:00-07","1999-08-09 21:00:00-07"
"TN094",NULL,"1999-06-22 21:00:00-07","1999-07-10 08:35:00-07"
"MIVS","RV KRKII","1999-06-24 21:00:00-07","2001-12-30 22:00:00-07"
"n/r01/07/1999",NULL,"1999-06-30 17:00:00-07","1999-06-30 17:00:00-07"
"A125-9","Atlantis II","1999-07-10 21:00:00-07","1999-07-10 21:00:00-07"
"SO135","Sonne","1999-08-31 21:00:00-07","1999-08-31 21:00:00-07"
"TAN9912","Tangaroa","1999-09-30 21:00:00-07","1999-09-30 21:00:00-07"
"NV982","THOMAS THOMPSON","1999-10-12 21:00:00-07","1999-10-23 21:00:00-07"
"MV99","Melville","1999-10-29 21:00:00-07","1999-11-18 22:00:00-07"
"ODP Leg 187","Joides Resolution","1999-11-01 22:00:00-07","2000-01-03 22:00:00-07"
"NV986","NEW HORIZON","1999-11-04 22:00:00-07","1999-11-09 22:00:00-07"
"NV992","POINT SUR","1999-11-09 22:00:00-07","1999-11-18 22:00:00-07"
"SD99","Orange Rockland/Nyack","1999-12-13 22:00:00-07","1999-12-15 22:00:00-07"
"18",NULL,"1999-12-30 22:00:00-07","1999-12-30 22:00:00-07"
"16",NULL,"1999-12-30 22:00:00-07","2001-12-30 22:00:00-07"
"NOCA",NULL,"1999-12-30 22:00:00-07","2009-12-30 22:00:00-07"
"ISSYK",NULL,"1999-12-30 22:00:00-07","2000-12-30 22:00:00-07"
"BR1",NULL,"1999-12-30 22:00:00-07","1999-12-30 22:00:00-07"
"BH99","RV Blue Heron","1999-12-30 22:00:00-07","1999-12-30 22:00:00-07"
"MNVS","RV KRKII","1999-12-30 22:00:00-07","1999-12-30 22:00:00-07"
"ABBA",NULL,"1999-12-30 22:00:00-07","2000-12-30 22:00:00-07"
"NBP00-01",NULL,"1999-12-31 12:00:00-07","1999-12-31 22:00:00-07"
"Mississippi River Valley Transect",NULL,"1999-12-31 17:00:00-07","1999-12-31 22:00:00-07"
"NBP00-03","R/V Nathaniel B. Palmer","1999-12-31 17:00:00-07","2000-04-30 21:00:00-07"
"USGS Reheis Archive",NULL,"1999-12-31 22:00:00-07","2000-12-31 22:00:00-07"
"UMB",NULL,"1999-12-31 22:00:00-07","2003-03-31 22:00:00-07"
"Lophelia millennium","R/V Urania","2000-01-07 17:00:00-07","2000-01-07 22:00:00-07"
"Lophelia millennium ","R/V Urania","2000-01-08 22:00:00-07","2000-01-08 22:00:00-07"
"AT03-47","R/V Atlantis II","2000-01-26 22:00:00-07","2000-01-26 22:00:00-07"
"ODP Leg 188","Joides Resolution","2000-01-27 22:00:00-07","2000-02-28 22:00:00-07"
"46",NULL,"2000-02-04 22:00:00-07","2000-02-04 22:00:00-07"
"Research project",NULL,"2000-02-29 22:00:00-07","2023-01-31 22:00:00-07"
"ODP Leg 189","Joides Resolution","2000-03-16 22:00:00-07","2000-04-27 21:00:00-07"
"California Seamounts 2000","R/V Western Flyer","2000-03-21 18:21:00-07","2000-05-15 02:38:00-07"
"ON4","Onrust","2000-04-11 21:00:00-07","2000-04-11 21:00:00-07"
"ODP Leg 196","Joides Resolution","2000-05-20 21:00:00-07","2001-05-18 21:00:00-07"
"ODP Leg 190","Joides Resolution","2000-05-28 21:00:00-07","2000-07-11 21:00:00-07"
"Reynolds Critical Zone Observatory (CZO)",NULL,"2000-05-31 21:00:00-07","2016-09-30 21:00:00-07"
"KR00-03-Leg 2","Kairei","2000-06-01 21:00:00-07","2000-06-02 21:00:00-07"
"TransitENSENS-SHEBA",NULL,"2000-06-02 17:00:00-07","2000-06-02 17:00:00-07"
"JdFWF007","Western Flyer","2000-06-30 21:00:00-07","2000-06-30 21:00:00-07"
"RB0005_2",NULL,"2000-07-04 05:03:35-07","2000-07-15 18:09:52-07"
"ODP Leg 191","Joides Resolution","2000-07-25 21:00:00-07","2000-09-09 21:00:00-07"
"MBARI Gorda 2000","R/V Western Flyer","2000-08-06 04:53:00-07","2000-08-19 18:25:00-07"
"Northern Expedition 2000","R/V Western Flyer","2000-08-12 15:09:23-07","2000-08-12 15:09:23-07"
"GLAD1","RV Kerry Kelts","2000-08-12 21:00:00-07","2000-12-30 22:00:00-07"
"ODP Leg 192","Joides Resolution","2000-09-17 21:00:00-07","2000-10-28 21:00:00-07"
"MD120 ANTAUS",NULL,"2000-10-12 17:00:00-07","2000-10-12 17:00:00-07"
"ODP Leg 193","Joides Resolution","2000-11-18 22:00:00-07","2000-12-27 22:00:00-07"
"FL1","RV KRKII","2000-12-30 22:00:00-07","2000-12-30 22:00:00-07"
"BH00","RV Blue Heron","2000-12-30 22:00:00-07","2000-12-30 22:00:00-07"
"LW",NULL,"2000-12-30 22:00:00-07","2001-12-30 22:00:00-07"
"NBP01-07",NULL,"2000-12-31 17:00:00-07","2000-12-31 22:00:00-07"
"NBP01-01","R/V Nathaniel B. Palmer","2000-12-31 17:00:00-07","2016-01-14 22:00:00-07"
"NBP07-01",NULL,"2000-12-31 17:00:00-07","2000-12-31 22:00:00-07"
"SWIFT","Marion Dufresne","2000-12-31 17:00:00-07","2000-12-31 22:00:00-07"
"Geochemical Evidence for Dust",NULL,"2000-12-31 22:00:00-07","2000-12-31 22:00:00-07"
"R/V Håkon Mosby, SM01",NULL,"2000-12-31 22:00:00-07","2000-12-31 22:00:00-07"
"USGS Drylands Project",NULL,"2000-12-31 22:00:00-07","2004-12-31 22:00:00-07"
"ODP Leg 194","Joides Resolution","2001-01-08 22:00:00-07","2001-02-17 22:00:00-07"
"GEOSCIENCES 1",NULL,"2001-01-19 17:00:00-07","2001-08-20 17:00:00-07"
"COOK06MV","Melville","2001-02-23 19:44:00-07","2001-02-28 04:36:00-07"
"SWIFT",NULL,"2001-02-27 22:00:00-07","2001-03-16 22:00:00-07"
"CRWG2",NULL,"2001-02-27 22:00:00-07","2004-12-30 22:00:00-07"
"ODP Leg 195","Joides Resolution","2001-03-10 22:00:00-07","2001-04-28 21:00:00-07"
"COOK07MV","Melville","2001-03-23 19:00:00-07","2001-04-11 08:05:00-07"
"Hawaii 2001","R/V Western Flyer","2001-04-01 17:02:18-07","2001-05-17 22:43:54-07"
"SONNE 156",NULL,"2001-04-16 19:40:00-07","2001-04-26 13:36:00-07"
"Anastasya 2001 cruise","Cornide de Saavedra","2001-05-31 21:00:00-07","2001-05-31 21:00:00-07"
"CD01","Can-Do","2001-06-06 21:00:00-07","2001-06-06 21:00:00-07"
"ODP Leg 197","Joides Resolution","2001-07-11 21:00:00-07","2001-08-12 21:00:00-07"
"3",NULL,"2001-07-17 21:00:00-07","2001-07-18 21:00:00-07"
"ICEBERG",NULL,"2001-07-19 21:00:00-07","2001-07-19 21:00:00-07"
"TN182","Thompson","2001-07-24 21:00:00-07","2001-08-19 14:18:00-07"
"Polar Stern 59",NULL,"2001-08-05 21:00:00-07","2001-09-23 21:00:00-07"
"HLY-01-02","Healy","2001-08-06 15:28:00-07","2001-09-24 11:50:00-07"
"CADISAR 1",NULL,"2001-08-07 17:00:00-07","2001-08-07 17:00:00-07"
"AB-F2001-042","R/V Akademik","2001-08-15 21:00:00-07","2001-08-26 21:00:00-07"
"HLY 0102","USCGC Healy","2001-08-24 21:00:00-07","2001-08-24 21:00:00-07"
"Bimodal volcanism 2001",NULL,"2001-09-03 21:00:00-07","2001-09-05 21:00:00-07"
"LWB2","L. Walford","2001-09-04 21:00:00-07","2001-09-07 21:00:00-07"
"LWB3","L. Walford","2001-09-05 21:00:00-07","2001-09-06 21:00:00-07"
"ODP Leg 198","Joides Resolution","2001-09-05 21:00:00-07","2001-10-11 21:00:00-07"
"ECCHYMOSE 2001 coring survey2001/09/11","UWITEC C2FN","2001-09-09 21:00:00-07","2001-09-09 21:00:00-07"
"ECCHYMOSE 2001 coring survey2001/09/10","UWITEC C2FN","2001-09-09 21:00:00-07","2001-09-09 21:00:00-07"
"MD124-GEOSCIENCES 2",NULL,"2001-09-28 17:00:00-07","2001-09-28 17:00:00-07"
"MD124/GEOSCIENCES 2",NULL,"2001-09-28 17:00:00-07","2001-09-28 17:00:00-07"
"ECCHYMOSE200110/09/01",NULL,"2001-09-30 13:00:00-07","2001-09-30 17:00:00-07"
"ODP Leg 199","Joides Resolution","2001-10-30 22:00:00-07","2001-12-10 22:00:00-07"
"AT07-04","R/V Atlantis II","2001-11-03 22:00:00-07","2001-11-03 22:00:00-07"
"MV16","Melville","2001-11-16 22:00:00-07","2001-12-18 22:00:00-07"
"CIMAR (Cruceros de Investigacion Marina) Fiordos 7 expedition",NULL,"2001-11-21 07:00:00-07","2001-11-21 07:00:00-07"
"ODP Leg 200","Joides Resolution","2001-12-21 22:00:00-07","2002-01-14 22:00:00-07"
"28",NULL,"2001-12-30 22:00:00-07","2001-12-30 22:00:00-07"
"41",NULL,"2001-12-30 22:00:00-07","2001-12-30 22:00:00-07"
"YEMEN",NULL,"2001-12-30 22:00:00-07","2001-12-30 22:00:00-07"
"MISSC","RV KRKII","2001-12-30 22:00:00-07","2001-12-30 22:00:00-07"
"WHL","RV KRKII","2001-12-30 22:00:00-07","2001-12-30 22:00:00-07"
"BH01","RV Blue Heron","2001-12-30 22:00:00-07","2001-12-30 22:00:00-07"
"NUNV",NULL,"2001-12-30 22:00:00-07","2006-12-30 22:00:00-07"
"WISP",NULL,"2001-12-30 22:00:00-07","2009-12-30 22:00:00-07"
"Uganda",NULL,"2001-12-30 22:00:00-07","2002-12-30 22:00:00-07"
"CRA",NULL,"2001-12-30 22:00:00-07","2001-12-30 22:00:00-07"
"PARRIS",NULL,"2001-12-30 22:00:00-07","2001-12-30 22:00:00-07"
"35",NULL,"2001-12-30 22:00:00-07","2001-12-30 22:00:00-07"
"GLAD2","RV Kerry Kelts","2001-12-30 22:00:00-07","2001-12-30 22:00:00-07"
"4",NULL,"2001-12-30 22:00:00-07","2001-12-30 22:00:00-07"
"SONNE 161 Leg 5",NULL,"2001-12-31 11:43:00-07","2001-12-31 11:43:00-07"
"NBP02-01",NULL,"2001-12-31 17:00:00-07","2014-11-13 22:00:00-07"
"San Andreas Fault Observatory at Depth (SAFOD)",NULL,"2001-12-31 22:00:00-07","2006-12-31 22:00:00-07"
"SPRESSO",NULL,"2001-12-31 22:00:00-07","2001-12-31 22:00:00-07"
"WDC-06A",NULL,"2001-12-31 22:00:00-07","2004-12-31 22:00:00-07"
"AT07-06","R/V Atlantis II","2002-01-05 22:00:00-07","2002-01-05 22:00:00-07"
"KN166-2","Knorr","2002-01-07 22:00:00-07","2002-01-22 22:00:00-07"
"Mariana_Forearc_Reagan_2002","NotApplicable","2002-01-08 17:00:00-07","2002-02-09 22:00:00-07"
"FOY",NULL,"2002-01-31 22:00:00-07","2002-01-31 22:00:00-07"
"ODP Leg 201","Joides Resolution","2002-02-07 22:00:00-07","2002-03-21 22:00:00-07"
"ODP Leg 202","Joides Resolution","2002-04-07 21:00:00-07","2002-05-27 21:00:00-07"
"OC376","Oceanus","2002-04-24 21:00:00-07","2002-04-29 21:00:00-07"
"SO167","Sonne","2002-04-30 21:00:00-07","2002-04-30 21:00:00-07"
"AT07-12","R/V Atlantis II","2002-05-11 21:00:00-07","2002-05-11 21:00:00-07"
"MBARI Gorda 2002","R/V Western Flyer","2002-05-18 16:55:00-07","2002-08-01 11:37:00-07"
"CD02","Can-Do","2002-05-28 21:00:00-07","2002-06-02 21:00:00-07"
"MD126 MONA",NULL,"2002-05-29 17:00:00-07","2002-05-29 17:00:00-07"
"R.V. Atlantis A7-16 (2002)",NULL,"2002-05-31 21:00:00-07","2002-05-31 21:00:00-07"
"EN002","Endeavor","2002-05-31 21:00:00-07","2002-06-03 21:00:00-07"
"EN02","Endeavor","2002-06-03 21:00:00-07","2002-06-03 21:00:00-07"
"ODP Leg 203","Joides Resolution","2002-06-12 21:00:00-07","2002-06-19 21:00:00-07"
"Harpp Wolf Island",NULL,"2002-06-30 21:00:00-07","2002-06-30 21:00:00-07"
"ODP Leg 204","Joides Resolution","2002-07-12 21:00:00-07","2002-08-29 21:00:00-07"
"JdFCL02","Western Flyer","2002-07-31 21:00:00-07","2002-07-31 21:00:00-07"
"2002",NULL,"2002-08-04 17:00:00-07","2002-08-04 17:00:00-07"
"OC380","Oceanus","2002-08-12 21:00:00-07","2002-08-15 21:00:00-07"
"Polar Stern 60",NULL,"2002-08-16 21:00:00-07","2002-08-16 21:00:00-07"
"WF2479","Western Flyer","2002-08-17 21:00:00-07","2002-08-25 21:00:00-07"
"RH02","Robert Hays","2002-09-06 21:00:00-07","2002-09-07 21:00:00-07"
"VANC02MV","Melville","2002-09-08 15:36:00-07","2002-10-07 15:27:00-07"
"SWAF",NULL,"2002-09-20 17:00:00-07","2002-09-20 17:00:00-07"
"ODP Leg 205","Joides Resolution","2002-09-22 21:00:00-07","2002-10-30 22:00:00-07"
"MyFieldDescription Here","myplatform","2002-09-23 21:00:00-07","2002-09-23 21:00:00-07"
"MyFieldDescription Here","myplatform ID","2002-09-23 21:00:00-07","2002-09-23 21:00:00-07"
"OC383","Oceanus","2002-10-18 21:00:00-07","2002-10-19 21:00:00-07"
"VANC04","Melville","2002-10-31 22:00:00-07","2002-10-31 22:00:00-07"
"LAUCA","RV KRKII","2002-11-02 22:00:00-07","2002-11-12 22:00:00-07"
"ODP Leg 206","Joides Resolution","2002-11-14 22:00:00-07","2002-11-23 22:00:00-07"
"PROK",NULL,"2002-12-30 22:00:00-07","2006-12-30 22:00:00-07"
"64",NULL,"2002-12-30 22:00:00-07","2002-12-30 22:00:00-07"
"12",NULL,"2002-12-30 22:00:00-07","2002-12-30 22:00:00-07"
"YUKON",NULL,"2002-12-30 22:00:00-07","2006-12-30 22:00:00-07"
"SWA",NULL,"2002-12-30 22:00:00-07","2002-12-30 22:00:00-07"
"39",NULL,"2002-12-30 22:00:00-07","2002-12-30 22:00:00-07"
"ICE1",NULL,"2002-12-30 22:00:00-07","2002-12-30 22:00:00-07"
"BH02","RV Blue Heron","2002-12-30 22:00:00-07","2002-12-30 22:00:00-07"
"VENZ",NULL,"2002-12-30 22:00:00-07","2007-12-30 22:00:00-07"
"HAY",NULL,"2002-12-30 22:00:00-07","2002-12-30 22:00:00-07"
"NBP03-01",NULL,"2002-12-31 17:00:00-07","2002-12-31 22:00:00-07"
"MD03",NULL,"2002-12-31 17:00:00-07","2002-12-31 22:00:00-07"
"LMG03-03","R/V Laurence M. Gould","2002-12-31 22:00:00-07","2002-12-31 22:00:00-07"
"NBP03-06",NULL,"2002-12-31 22:00:00-07","2002-12-31 22:00:00-07"
"NBP03-01","R/V Nathaniel B. Palmer","2003-01-04 12:00:00-07","2003-01-04 12:00:00-07"
"WV0103","Western Venturer","2003-01-07 22:00:00-07","2003-01-17 04:48:00-07"
"ODP Leg 207","Joides Resolution","2003-01-15 22:00:00-07","2003-02-19 22:00:00-07"
"CADO",NULL,"2003-02-03 17:00:00-07","2003-03-19 17:00:00-07"
"NSF-EAR award 0217637",NULL,"2003-02-28 22:00:00-07","2003-02-28 22:00:00-07"
"NSF-EAR award 0217612",NULL,"2003-02-28 22:00:00-07","2003-02-28 22:00:00-07"
"NSF-EAR award 0217613",NULL,"2003-02-28 22:00:00-07","2003-02-28 22:00:00-07"
"NSF-EAR award 0217601",NULL,"2003-02-28 22:00:00-07","2003-02-28 22:00:00-07"
"NSF-EAR award 0217611",NULL,"2003-02-28 22:00:00-07","2003-02-28 22:00:00-07"
"NSF-EAR award 0217610",NULL,"2003-02-28 22:00:00-07","2003-02-28 22:00:00-07"
"NSF-EAR award 0217609",NULL,"2003-02-28 22:00:00-07","2003-02-28 22:00:00-07"
"NSF-EAR award 0217614",NULL,"2003-02-28 22:00:00-07","2003-02-28 22:00:00-07"
"NSF-EAR award 0217608",NULL,"2003-02-28 22:00:00-07","2003-02-28 22:00:00-07"
"NSF-EAR award 0217615",NULL,"2003-02-28 22:00:00-07","2003-02-28 22:00:00-07"
"NSF-EAR award 0217616",NULL,"2003-02-28 22:00:00-07","2003-02-28 22:00:00-07"
"NSF-EAR award 0217617",NULL,"2003-02-28 22:00:00-07","2003-02-28 22:00:00-07"
"NSF-EAR award 0217618",NULL,"2003-02-28 22:00:00-07","2003-02-28 22:00:00-07"
"NSF-EAR award 0217619",NULL,"2003-02-28 22:00:00-07","2003-02-28 22:00:00-07"
"NSF-EAR award 0217620",NULL,"2003-02-28 22:00:00-07","2003-02-28 22:00:00-07"
"NSF-EAR award 0217621",NULL,"2003-02-28 22:00:00-07","2003-02-28 22:00:00-07"
"NSF-EAR award 0217622",NULL,"2003-02-28 22:00:00-07","2003-02-28 22:00:00-07"
"NSF-EAR award 0217602",NULL,"2003-02-28 22:00:00-07","2003-02-28 22:00:00-07"
"NSF-EAR award 0217603",NULL,"2003-02-28 22:00:00-07","2003-02-28 22:00:00-07"
"NSF-EAR award 0217600",NULL,"2003-02-28 22:00:00-07","2003-02-28 22:00:00-07"
"NSF-EAR award 0217599",NULL,"2003-02-28 22:00:00-07","2003-02-28 22:00:00-07"
"NSF-EAR award 0217623",NULL,"2003-02-28 22:00:00-07","2003-02-28 22:00:00-07"
"NSF-EAR award 0217624",NULL,"2003-02-28 22:00:00-07","2003-02-28 22:00:00-07"
"NSF-EAR award 0217625",NULL,"2003-02-28 22:00:00-07","2003-02-28 22:00:00-07"
"NSF-EAR award 0217626",NULL,"2003-02-28 22:00:00-07","2003-02-28 22:00:00-07"
"NSF-EAR award 0217605",NULL,"2003-02-28 22:00:00-07","2003-02-28 22:00:00-07"
"NSF-EAR award 0217627",NULL,"2003-02-28 22:00:00-07","2003-02-28 22:00:00-07"
"NSF-EAR award 0217628",NULL,"2003-02-28 22:00:00-07","2003-02-28 22:00:00-07"
"NSF-EAR award 0217629",NULL,"2003-02-28 22:00:00-07","2003-02-28 22:00:00-07"
"NSF-EAR award 0217630",NULL,"2003-02-28 22:00:00-07","2003-02-28 22:00:00-07"
"NSF-EAR award 0217631",NULL,"2003-02-28 22:00:00-07","2003-02-28 22:00:00-07"
"NSF-EAR award 0217606",NULL,"2003-02-28 22:00:00-07","2003-02-28 22:00:00-07"
"NSF-EAR award 0217632",NULL,"2003-02-28 22:00:00-07","2003-02-28 22:00:00-07"
"NSF-EAR award 0217607",NULL,"2003-02-28 22:00:00-07","2003-02-28 22:00:00-07"
"NSF-EAR award 0217633",NULL,"2003-02-28 22:00:00-07","2003-02-28 22:00:00-07"
"NSF-EAR award 0217634",NULL,"2003-02-28 22:00:00-07","2003-02-28 22:00:00-07"
"NSF-EAR award 0217642",NULL,"2003-02-28 22:00:00-07","2003-02-28 22:00:00-07"
"NSF-EAR award 0217604",NULL,"2003-02-28 22:00:00-07","2003-02-28 22:00:00-07"
"NSF-EAR award 0217635",NULL,"2003-02-28 22:00:00-07","2003-02-28 22:00:00-07"
"NSF-EAR award 0217636",NULL,"2003-02-28 22:00:00-07","2003-02-28 22:00:00-07"
"NSF-EAR award 0217638",NULL,"2003-02-28 22:00:00-07","2003-02-28 22:00:00-07"
"NSF-EAR award 0217639",NULL,"2003-02-28 22:00:00-07","2003-02-28 22:00:00-07"
"NSF-EAR award 0217640",NULL,"2003-02-28 22:00:00-07","2003-02-28 22:00:00-07"
"NSF-EAR award 0217641",NULL,"2003-02-28 22:00:00-07","2003-02-28 22:00:00-07"
"NSF-EAR award 0217598",NULL,"2003-02-28 22:00:00-07","2003-02-28 22:00:00-07"
"RB0303","R/V Ronald H. Brown","2003-03-14 22:00:00-07","2003-03-20 22:00:00-07"
"RB0303 ","R/V Ronald H. Brown","2003-03-16 22:00:00-07","2003-03-16 22:00:00-07"
"TELVE",NULL,"2003-03-17 22:00:00-07","2003-04-01 22:00:00-07"
"SEDICAR",NULL,"2003-03-19 17:00:00-07","2003-07-15 17:00:00-07"
"PICABIA",NULL,"2003-03-19 17:00:00-07","2003-07-25 17:00:00-07"
"EVERG",NULL,"2003-03-23 22:00:00-07","2006-05-02 21:00:00-07"
"ODP Leg 208","Joides Resolution","2003-03-24 22:00:00-07","2003-04-23 21:00:00-07"
"TN154","Thomas G. Thompson","2003-03-28 13:25:00-07","2003-04-22 12:50:00-07"
"Gulf of California 2003","R/V Western Flyer","2003-04-10 11:23:00-07","2003-04-16 21:04:00-07"
"MD132/PICASSO",NULL,"2003-05-05 17:00:00-07","2003-05-05 17:00:00-07"
"AT07-13","R/V Atlantis II","2003-05-11 21:00:00-07","2003-05-11 21:00:00-07"
"IBM:Fischer","NotApplicable","2003-05-18 21:00:00-07","2005-08-02 21:00:00-07"
"LWB0","L. Walford","2003-05-18 21:00:00-07","2003-05-19 21:00:00-07"
"LWB1","L. Walford","2003-05-18 21:00:00-07","2003-05-18 21:00:00-07"
"LWH1","L. Walford","2003-05-19 21:00:00-07","2003-05-20 21:00:00-07"
"ODP Leg 209","Joides Resolution","2003-05-22 21:00:00-07","2003-06-24 21:00:00-07"
"PICEA",NULL,"2003-06-30 21:00:00-07","2009-07-25 21:00:00-07"
"Harpp Geist Floreana Island",NULL,"2003-06-30 21:00:00-07","2003-06-30 21:00:00-07"
"unknown","Baruna Jaya","2003-07-03 21:00:00-07","2003-07-28 21:00:00-07"
"ODP Leg 210","Joides Resolution","2003-07-18 21:00:00-07","2003-07-18 21:00:00-07"
"VANC13MV","Melville","2003-08-22 21:00:00-07","2003-08-24 21:00:00-07"
"VANC14MV","Melville","2003-08-26 18:31:00-07","2003-09-15 21:00:00-07"
"IBM:Kent","NotApplicable","2003-08-31 21:00:00-07","2003-08-31 21:00:00-07"
"BH03","RV Blue Heron","2003-08-31 21:00:00-07","2003-08-31 21:00:00-07"
"IBM:Kent","Not Applicable","2003-08-31 21:00:00-07","2003-08-31 21:00:00-07"
"ODP_Leg_210","Joides Resolution","2003-09-02 21:00:00-07","2003-09-02 21:00:00-07"
"HAW1",NULL,"2003-09-14 21:00:00-07","2003-12-30 22:00:00-07"
"VANC15MV","Melville","2003-09-18 19:54:00-07","2003-09-25 21:00:00-07"
"VANC16MV","Melville","2003-09-29 21:00:00-07","2003-09-29 22:44:00-07"
"ETP",NULL,"2003-09-30 21:00:00-07","2012-04-03 21:00:00-07"
"DANA01RR","Roger Revelle","2003-10-08 16:33:00-07","2003-10-09 01:27:00-07"
"California Seamounts 2003","R/V Western Flyer","2003-10-12 11:56:00-07","2003-10-16 18:09:00-07"
"DPB1","D.Pritchard","2003-10-12 21:00:00-07","2003-10-12 21:00:00-07"
"MOLE","RV KRKII","2003-10-13 21:00:00-07","2003-10-19 21:00:00-07"
"DPMOH","D.Pritchard","2003-10-16 21:00:00-07","2003-10-17 21:00:00-07"
"DPHUD","D.Pritchard","2003-10-18 21:00:00-07","2003-10-18 21:00:00-07"
"DPB9","D.Pritchard","2003-10-18 21:00:00-07","2003-10-18 21:00:00-07"
"DANA02RR","Roger Revelle","2003-10-19 02:11:00-07","2003-11-05 01:32:00-07"
"DPB5","D.Pritchard","2003-10-19 21:00:00-07","2003-10-19 21:00:00-07"
"DPB7","D.Pritchard","2003-10-19 21:00:00-07","2003-10-19 21:00:00-07"
"DPB6","D.Pritchard","2003-10-19 21:00:00-07","2003-10-19 21:00:00-07"
"DPA2","D.Pritchard","2003-10-20 21:00:00-07","2003-10-20 21:00:00-07"
"DPB4","D.Pritchard","2003-10-20 21:00:00-07","2003-10-20 21:00:00-07"
"BRW",NULL,"2003-11-29 22:00:00-07","2003-11-29 22:00:00-07"
"OUNIK",NULL,"2003-12-30 22:00:00-07","2004-12-30 22:00:00-07"
"BOB",NULL,"2003-12-30 22:00:00-07","2003-12-30 22:00:00-07"
"CHUN","RV KRKII","2003-12-30 22:00:00-07","2003-12-30 22:00:00-07"
"BR2",NULL,"2003-12-30 22:00:00-07","2003-12-30 22:00:00-07"
"GLAD4",NULL,"2003-12-30 22:00:00-07","2003-12-30 22:00:00-07"
"FL2","RV KRKII","2003-12-30 22:00:00-07","2003-12-30 22:00:00-07"
"WULE",NULL,"2003-12-30 22:00:00-07","2003-12-30 22:00:00-07"
"ED03",NULL,"2003-12-30 22:00:00-07","2003-12-30 22:00:00-07"
"NH",NULL,"2003-12-30 22:00:00-07","2010-06-02 21:00:00-07"
"THESE ARNAUD F (ORCID:0000-0002-8706-9902)01/01/04",NULL,"2003-12-31 12:00:00-07","2003-12-31 12:00:00-07"
"01/01/04n/r",NULL,"2003-12-31 17:00:00-07","2003-12-31 17:00:00-07"
"LMG04-04",NULL,"2003-12-31 17:00:00-07","2003-12-31 22:00:00-07"
"DRFT04",NULL,"2003-12-31 22:00:00-07","2003-12-31 22:00:00-07"
"IRG1334",NULL,"2003-12-31 22:00:00-07","2003-12-31 22:00:00-07"
"REVDR04",NULL,"2003-12-31 22:00:00-07","2003-12-31 22:00:00-07"
"LMG04-04","R/V Laurence M. Gould","2003-12-31 22:00:00-07","2003-12-31 22:00:00-07"
"VANC19MV","Melville","2004-01-10 21:22:00-07","2004-01-13 00:05:00-07"
"VANC20MV","Melville","2004-01-13 15:26:00-07","2004-01-25 16:23:00-07"
"VANC21MV","Melville","2004-01-28 13:49:00-07","2004-02-14 10:49:00-07"
"AT11-07","Atlantis","2004-02-01 17:00:00-07","2004-02-19 10:24:30-07"
"CLW",NULL,"2004-02-06 22:00:00-07","2004-02-06 22:00:00-07"
"VANC22MV","Melville","2004-02-19 17:06:00-07","2004-02-27 13:40:00-07"
"VANC23MV","Melville","2004-03-01 07:38:00-07","2004-03-06 09:03:00-07"
"VANC24MV","Melville","2004-03-13 17:07:00-07","2004-03-19 01:21:00-07"
"AT11-09","Atlantis","2004-03-19 20:27:00-07","2004-03-29 22:00:00-07"
"VANC25MV","Melville","2004-03-20 07:25:00-07","2004-04-01 01:17:00-07"
"DANA07RR","Roger Revelle","2004-03-25 10:07:00-07","2004-03-25 10:07:00-07"
"VANC26MV","Melville","2004-04-03 14:16:00-07","2004-04-08 18:28:00-07"
"PARTNERS",NULL,"2004-04-06 21:00:00-07","2004-06-14 21:00:00-07"
"AT11-10","Atlantis","2004-04-09 21:00:00-07","2004-04-24 21:00:00-07"
"2004 MARGINS",NULL,"2004-04-14 21:00:00-07","2004-04-22 21:00:00-07"
"2009 MARGINS",NULL,"2004-04-18 21:00:00-07","2004-04-18 21:00:00-07"
"2005 MARGINS",NULL,"2004-04-18 21:00:00-07","2004-04-18 21:00:00-07"
"2006 MARGINS",NULL,"2004-04-18 21:00:00-07","2004-04-18 21:00:00-07"
"2007 MARGINS",NULL,"2004-04-18 21:00:00-07","2004-04-18 21:00:00-07"
"2008 MARGINS",NULL,"2004-04-18 21:00:00-07","2004-04-18 21:00:00-07"
"PRIVILEGE",NULL,"2004-04-19 01:00:00-07","2004-05-28 17:00:00-07"
"ALIENOR 1",NULL,"2004-04-19 05:00:00-07","2004-06-06 17:00:00-07"
"VANC27MV","Melville","2004-04-20 01:30:00-07","2004-05-21 09:44:00-07"
"VANC28MV","Melville","2004-04-22 16:32:00-07","2004-05-06 12:17:00-07"
"DANA08RR","Roger Revelle","2004-04-24 17:22:00-07","2004-05-11 02:16:00-07"
"California Seamounts 2004","R/V Western Flyer","2004-04-28 14:49:00-07","2004-05-07 23:08:00-07"
"California Seamounts 2005","R/V Western Flyer","2004-04-28 16:43:00-07","2004-04-28 16:43:00-07"
"California Seamounts 2006","R/V Western Flyer","2004-05-01 15:16:00-07","2006-08-05 16:01:14-07"
"California Seamounts 2007","R/V Western Flyer","2004-05-01 17:16:00-07","2007-06-20 21:29:43-07"
"VANC29MV","Melville","2004-05-07 18:23:00-07","2004-05-18 05:30:00-07"
"AT07-14","R/V Atlantis II","2004-05-11 21:00:00-07","2004-05-11 21:00:00-07"
"VANC30MV","Melville","2004-05-19 23:46:00-07","2004-05-23 04:02:00-07"
"YNP",NULL,"2004-05-31 21:00:00-07","2008-10-24 21:00:00-07"
"ALIENOR 2",NULL,"2004-06-17 17:00:00-07","2004-06-17 17:00:00-07"
"IODP / DSDP",NULL,"2004-06-29 21:00:00-07","2005-04-16 21:00:00-07"
"CLO1",NULL,"2004-07-24 21:00:00-07","2004-07-25 21:00:00-07"
"CADISAR 2",NULL,"2004-08-26 17:00:00-07","2004-08-26 17:00:00-07"
"Central_America:Walker","NotApplicable","2004-08-26 21:00:00-07","2004-08-28 21:00:00-07"
"JWP01","JW Powell","2004-08-29 21:00:00-07","2004-08-29 21:00:00-07"
"JWP02","JW Powell","2004-08-30 21:00:00-07","2004-08-30 21:00:00-07"
"JdF04","Western Flyer","2004-08-31 21:00:00-07","2004-08-31 21:00:00-07"
"JWP03","JW Powell","2004-08-31 21:00:00-07","2004-08-31 21:00:00-07"
"JWP04","JW Powell","2004-08-31 21:00:00-07","2004-08-31 21:00:00-07"
"WF2983","Western Flyer","2004-09-02 21:00:00-07","2004-09-07 16:01:06-07"
"BMW","RV KRKII","2004-09-10 21:00:00-07","2004-09-13 21:00:00-07"
"KM0417","Kilo Moana","2004-09-11 22:36:00-07","2004-10-15 03:06:00-07"
"CHAMAK",NULL,"2004-09-21 17:00:00-07","2004-09-21 17:00:00-07"
"NoToVE",NULL,"2004-10-03 21:00:00-07","2004-11-13 22:00:00-07"
"AV",NULL,"2004-10-22 21:00:00-07","2004-10-22 21:00:00-07"
"KN180","Knorr","2004-10-25 20:08:00-07","2004-12-10 07:24:00-07"
"AT11-20","Atlantis","2004-11-11 10:37:00-07","2004-11-23 17:00:00-07"
"KN180-2","R/V Knorr","2004-11-21 22:00:00-07","2004-12-08 22:00:00-07"
"KN180-2","Knorr","2004-11-24 22:00:00-07","2004-12-06 22:00:00-07"
"G438",NULL,"2004-12-04 22:00:00-07","2005-01-01 22:00:00-07"
"IODP / DSDP","Joides Resolution > 304","2004-12-19 22:00:00-07","2005-01-02 22:00:00-07"
"FNDP1",NULL,"2004-12-30 22:00:00-07","2004-12-30 22:00:00-07"
"ICE2",NULL,"2004-12-30 22:00:00-07","2004-12-30 22:00:00-07"
"NP04"," RV Maman Benita","2004-12-30 22:00:00-07","2004-12-30 22:00:00-07"
"MURP",NULL,"2004-12-30 22:00:00-07","2004-12-30 22:00:00-07"
"CRNR",NULL,"2004-12-30 22:00:00-07","2004-12-30 22:00:00-07"
"AQABA",NULL,"2004-12-30 22:00:00-07","2004-12-30 22:00:00-07"
"CWLA",NULL,"2004-12-30 22:00:00-07","2004-12-30 22:00:00-07"
"EMR1",NULL,"2004-12-30 22:00:00-07","2004-12-30 22:00:00-07"
"ED04",NULL,"2004-12-30 22:00:00-07","2004-12-30 22:00:00-07"
"ESP","RV KRKII","2004-12-30 22:00:00-07","2004-12-30 22:00:00-07"
"IDS",NULL,"2004-12-30 22:00:00-07","2004-12-30 22:00:00-07"
"LPL",NULL,"2004-12-30 22:00:00-07","2004-12-30 22:00:00-07"
"GLAD6","RV Kerry Kelts","2004-12-30 22:00:00-07","2004-12-30 22:00:00-07"
"GLAD5",NULL,"2004-12-30 22:00:00-07","2004-12-30 22:00:00-07"
"KENAI",NULL,"2004-12-30 22:00:00-07","2004-12-30 22:00:00-07"
"LMG05-02",NULL,"2004-12-31 17:00:00-07","2004-12-31 22:00:00-07"
"NBP05-02, SHALDRIL",NULL,"2004-12-31 17:00:00-07","2004-12-31 17:00:00-07"
"LMG05-02","R/V Laurence M. Gould","2004-12-31 17:00:00-07","2004-12-31 17:00:00-07"
"JAMSTEC","R/V YOKOSUKA","2004-12-31 22:00:00-07","2004-12-31 22:00:00-07"
"Sierra Negra Eruption",NULL,"2004-12-31 22:00:00-07","2004-12-31 22:00:00-07"
"NBP05-02",NULL,"2004-12-31 22:00:00-07","2004-12-31 22:00:00-07"
"NBP05-05","R/V Nathaniel B. Palmer","2005-01-02 12:00:00-07","2005-01-03 12:00:00-07"
"NBP05-05",NULL,"2005-01-02 17:00:00-07","2005-06-28 17:00:00-07"
"KM0502","Kilo Moana","2005-01-15 07:13:00-07","2005-01-28 10:58:00-07"
"LCAN",NULL,"2005-01-31 22:00:00-07","2005-01-31 22:00:00-07"
"KM0503","Kilo Moana","2005-02-04 22:00:00-07","2005-02-12 22:00:00-07"
"HAW2",NULL,"2005-02-24 22:00:00-07","2005-02-24 22:00:00-07"
"GLAD7","RV Viphya","2005-02-28 22:00:00-07","2005-02-28 22:00:00-07"
"RR0503",NULL,"2005-03-15 22:00:00-07","2005-03-21 22:00:00-07"
"AT11-24","Atlantis","2005-03-21 12:10:00-07","2005-03-28 13:09:00-07"
"Geological Survey of Western Australia field trip",NULL,"2005-03-29 22:00:00-07","2014-05-25 21:00:00-07"
"ODP Leg 306","Joides Resolution","2005-03-30 22:00:00-07","2005-04-08 21:00:00-07"
"TUIM05MV","Melville","2005-04-06 02:43:00-07","2005-05-06 03:02:00-07"
"KM0506","Kilo Moana","2005-04-09 21:00:00-07","2005-04-24 21:00:00-07"
"AT11-26","Atlantis","2005-04-24 17:00:00-07","2005-05-11 12:22:00-07"
"C10","Caryn","2005-05-01 21:00:00-07","2009-05-02 21:00:00-07"
"AT07-15","R/V Atlantis II","2005-05-11 21:00:00-07","2005-05-11 21:00:00-07"
"TUIM06MV","Melville","2005-05-17 13:00:00-07","2005-05-31 13:33:00-07"
"VNTR02WT","Name of platform for the cruise.","2005-06-01 10:33:00-07","2005-06-01 10:33:00-07"
"BH05","RV Blue Heron","2005-06-09 21:00:00-07","2005-06-10 21:00:00-07"
"TUIM07MV","Melville","2005-06-11 16:29:00-07","2005-06-26 03:20:00-07"
"NSF-EAR award 0440169",NULL,"2005-06-21 21:00:00-07","2005-07-04 21:00:00-07"
"DECLAKES FP29 ESF EuroCLIMATE (http://declakes.von-grafenstein.com/)27/06/05",NULL,"2005-06-26 17:00:00-07","2005-06-26 17:00:00-07"
"n/r28/06/05",NULL,"2005-06-27 17:00:00-07","2005-06-27 17:00:00-07"
"HGA",NULL,"2005-06-29 21:00:00-07","2011-06-29 21:00:00-07"
"OSU",NULL,"2005-06-30 21:00:00-07","2014-06-14 21:00:00-07"
"GNP",NULL,"2005-07-02 21:00:00-07","2014-07-30 21:00:00-07"
"RS05","Sea Wolf","2005-07-15 21:00:00-07","2005-07-18 21:00:00-07"
"FTB",NULL,"2005-07-31 21:00:00-07","2005-07-31 21:00:00-07"
"IST",NULL,"2005-08-02 21:00:00-07","2005-09-08 21:00:00-07"
"WF3239","Western Flyer","2005-08-07 21:00:00-07","2005-08-16 21:00:00-07"
"MBARI Ridges 2005","R/V Western Flyer","2005-08-09 12:12:00-07","2005-08-30 18:27:00-07"
"PUP",NULL,"2005-09-01 21:00:00-07","2005-09-01 21:00:00-07"
"TN183","Thomas G. Thompson","2005-09-05 06:01:20-07","2006-09-19 10:51:21-07"
"EM05","Sea Wolf","2005-09-15 21:00:00-07","2005-09-15 21:00:00-07"
"AT15-55","Atlantis","2005-11-09 12:21:00-07","2005-11-16 18:11:00-07"
"BAF",NULL,"2005-12-30 22:00:00-07","2005-12-30 22:00:00-07"
"VFH",NULL,"2005-12-30 22:00:00-07","2005-12-30 22:00:00-07"
"GLAD8","RV Kerry Kelts","2005-12-30 22:00:00-07","2005-12-30 22:00:00-07"
"GLAD8",NULL,"2005-12-30 22:00:00-07","2005-12-30 22:00:00-07"
"TFH",NULL,"2005-12-30 22:00:00-07","2006-12-30 22:00:00-07"
"COLO",NULL,"2005-12-30 22:00:00-07","2005-12-30 22:00:00-07"
"MKP",NULL,"2005-12-30 22:00:00-07","2005-12-30 22:00:00-07"
"TERUEL",NULL,"2005-12-30 22:00:00-07","2005-12-30 22:00:00-07"
"IN1",NULL,"2005-12-30 22:00:00-07","2005-12-30 22:00:00-07"
"UP",NULL,"2005-12-30 22:00:00-07","2005-12-30 22:00:00-07"
"BR3",NULL,"2005-12-30 22:00:00-07","2005-12-30 22:00:00-07"
"HAMP",NULL,"2005-12-30 22:00:00-07","2005-12-30 22:00:00-07"
"TDF",NULL,"2005-12-30 22:00:00-07","2005-12-30 22:00:00-07"
"ZIP",NULL,"2005-12-30 22:00:00-07","2005-12-30 22:00:00-07"
"ED05",NULL,"2005-12-30 22:00:00-07","2005-12-30 22:00:00-07"
"FNDP2",NULL,"2005-12-30 22:00:00-07","2005-12-30 22:00:00-07"
"AZ2",NULL,"2005-12-30 22:00:00-07","2005-12-30 22:00:00-07"
"RN",NULL,"2005-12-30 22:00:00-07","2005-12-30 22:00:00-07"
"NBP06-02a","R/V Nathaniel B. Palmer","2005-12-31 07:00:00-07","2006-01-02 07:00:00-07"
"AND001-01B",NULL,"2005-12-31 12:00:00-07","2005-12-31 17:00:00-07"
"AND001-01A",NULL,"2005-12-31 12:00:00-07","2005-12-31 12:00:00-07"
"ANDRILL-MIS",NULL,"2005-12-31 22:00:00-07","2005-12-31 22:00:00-07"
"NBP06-03","R/V Nathaniel B. Palmer","2006-01-01 17:00:00-07","2006-01-03 12:00:00-07"
"MD152","R/V Marion-Dufresne","2006-01-23 22:00:00-07","2006-01-23 22:00:00-07"
"EAR 0711551/354",NULL,"2006-02-28 17:00:00-07","2007-02-28 22:00:00-07"
"KM1005","Kilo Moana","2006-03-21 12:01:28-07","2010-03-28 22:23:20-07"
"GLAD9","RV Kerry Kelts","2006-03-31 22:00:00-07","2006-03-31 22:00:00-07"
"New_Zealand:Core_McNinch","NotApplicable","2006-04-11 21:00:00-07","2006-10-11 21:00:00-07"
"FOREVER","L'Atalante","2006-04-14 18:36:00-07","2006-04-26 02:38:00-07"
NULL,"Not Applicable","2006-04-18 21:00:00-07","2008-07-01 21:00:00-07"
"NBP0603","Nathaniel B. Palmer","2006-04-21 03:27:00-07","2006-04-29 05:08:00-07"
"KYGS",NULL,"2006-04-26 21:00:00-07","2008-11-06 22:00:00-07"
"KN182-13","Knorr","2006-04-26 21:03:00-07","2006-04-26 21:03:00-07"
"KN182-13","R/V Knorr","2006-04-26 21:03:00-07","2006-04-26 21:03:00-07"
"AEG01","R/V Aegaeo","2006-04-29 21:00:00-07","2006-05-06 21:00:00-07"
"DPB2-06","D.Pritchard","2006-05-09 21:00:00-07","2006-05-10 21:00:00-07"
"TCS06NH","New Horizon","2006-05-11 14:20:00-07","2006-05-16 14:03:00-07"
"AT07-16","R/V Atlantis II","2006-05-11 21:00:00-07","2006-05-11 21:00:00-07"
"JBR",NULL,"2006-05-16 21:00:00-07","2006-05-19 21:00:00-07"
"CentralAmerica:NicLakes","Mozorola, Morrito #2","2006-05-24 21:00:00-07","2006-06-01 21:00:00-07"
"EN419",NULL,"2006-05-30 21:00:00-07","2006-06-07 21:00:00-07"
"Kodiak_Islands:Moore","NotApplicable","2006-05-31 21:00:00-07","2006-07-30 06:51:00-07"
"CHIP",NULL,"2006-06-05 21:00:00-07","2006-06-05 21:00:00-07"
"AT15-06","R/V Atlantis II","2006-06-15 21:00:00-07","2006-06-15 21:00:00-07"
"14",NULL,"2006-06-19 21:00:00-07","2006-06-19 21:00:00-07"
"HS06","Hugh Sharp","2006-06-23 21:00:00-07","2006-06-26 21:00:00-07"
"AT15-06","Atlantis","2006-06-26 09:08:00-07","2006-07-01 17:37:00-07"
"AT15-6","Alvin","2006-06-26 09:08:00-07","2006-07-01 12:24:00-07"
"St. Elias Erosion and Tectonic Program (STEEP)",NULL,"2006-07-02 21:00:00-07","2011-07-25 21:00:00-07"
"RS06","Sea Wolf","2006-07-06 21:00:00-07","2006-07-19 21:00:00-07"
"AT15-67","Atlantis","2006-07-08 11:30:00-07","2010-07-08 13:54:00-07"
"CES",NULL,"2006-07-09 21:00:00-07","2006-07-11 21:00:00-07"
"VAN",NULL,"2006-07-13 21:00:00-07","2006-07-17 21:00:00-07"
"Ph. D. Thesis Padrón-Navarta",NULL,"2006-07-16 05:00:00-07","2009-08-27 05:00:00-07"
"MGLN06MV","Melville","2006-07-22 08:15:00-07","2006-08-28 20:40:00-07"
"ICO",NULL,"2006-07-24 21:00:00-07","2006-07-25 21:00:00-07"
"WF3463","Western Flyer","2006-07-30 21:00:00-07","2006-07-31 21:00:00-07"
"GRAVILUCK","Atalante","2006-08-09 06:16:00-07","2006-09-08 08:33:58-07"
"AT15-09","Atlantis","2006-08-26 10:42:00-07","2006-09-10 12:18:00-07"
"15-9","Atlantis","2006-08-28 21:00:00-07","2006-09-09 21:00:00-07"
"YK06-12","R/V Yokosuka","2006-08-29 21:00:00-07","2006-09-02 21:00:00-07"
"ANR BLANC 2007 PYGMALION01/09/06",NULL,"2006-08-31 09:00:00-07","2006-08-31 17:00:00-07"
"n/r01/09/06",NULL,"2006-08-31 13:00:00-07","2006-08-31 17:00:00-07"
"AROI",NULL,"2006-08-31 21:00:00-07","2006-08-31 21:00:00-07"
"TN199","Thompson","2006-09-01 21:00:00-07","2006-09-03 21:00:00-07"
"MGLN07MV","Melville","2006-09-06 11:21:00-07","2006-09-30 03:15:00-07"
NULL,"R/V Kaimikai-o-Kanaloa","2006-09-08 21:00:00-07","2014-11-16 17:00:00-07"
"EM06","Sea Wolf","2006-09-14 21:00:00-07","2006-09-14 21:00:00-07"
"Okolište 2006; ""The reconstruction of Late Neolithic settlement processes in the Visoko Basin in Central Bosnia""",NULL,"2006-09-21 21:00:00-07","2006-09-25 21:00:00-07"
"YK06 Leg 14","Yokosuka","2006-09-30 21:00:00-07","2006-09-30 21:00:00-07"
"TAN0613","Tangaroa","2006-10-03 03:45:00-07","2006-10-04 16:31:00-07"
"MGLN08MV","Melville","2006-10-04 21:00:00-07","2006-10-08 13:31:00-07"
"AT15-12","R/V Atlantis II","2006-10-15 21:00:00-07","2006-10-15 21:00:00-07"
"AT15-12","Atlantis","2006-10-29 22:00:00-07","2006-11-14 22:00:00-07"
"KM06-31","R/V Kilo Moana","2006-11-16 22:00:00-07","2006-11-16 22:00:00-07"
"AT15-13","Atlantis","2006-11-24 11:24:00-07","2006-12-04 15:30:00-07"
"AT15-13","Alvin","2006-11-24 11:24:00-07","2006-12-02 12:54:00-07"
"KERGUELEN200601/12/06",NULL,"2006-11-30 17:00:00-07","2006-11-30 17:00:00-07"
"TAC06",NULL,"2006-12-05 22:00:00-07","2006-12-05 22:00:00-07"
"AT15-14","R/V Atlantis II","2006-12-07 22:00:00-07","2006-12-07 22:00:00-07"
"AT15-14","Atlantis","2006-12-13 15:04:00-07","2007-01-01 22:00:00-07"
"KNOX02RR","R/V Roger Revelle","2006-12-20 22:00:00-07","2007-01-20 22:00:00-07"
"FEN",NULL,"2006-12-30 22:00:00-07","2006-12-30 22:00:00-07"
"CLO2",NULL,"2006-12-30 22:00:00-07","2006-12-30 22:00:00-07"
"SMN1",NULL,"2006-12-30 22:00:00-07","2006-12-30 22:00:00-07"
"FIN",NULL,"2006-12-30 22:00:00-07","2006-12-30 22:00:00-07"
"SWAMP",NULL,"2006-12-30 22:00:00-07","2007-09-21 21:00:00-07"
"AAFBLP",NULL,"2006-12-30 22:00:00-07","2006-12-30 22:00:00-07"
"ED06",NULL,"2006-12-30 22:00:00-07","2006-12-30 22:00:00-07"
"SGSL",NULL,"2006-12-30 22:00:00-07","2006-12-30 22:00:00-07"
"AUGIE3",NULL,"2006-12-30 22:00:00-07","2006-12-30 22:00:00-07"
"MOMOS","RV KRKII","2006-12-30 22:00:00-07","2006-12-30 22:00:00-07"
"AK",NULL,"2006-12-30 22:00:00-07","2006-12-30 22:00:00-07"
"AZ3",NULL,"2006-12-30 22:00:00-07","2006-12-30 22:00:00-07"
"EMR2",NULL,"2006-12-30 22:00:00-07","2006-12-30 22:00:00-07"
"BFW",NULL,"2006-12-30 22:00:00-07","2006-12-30 22:00:00-07"
"QLE",NULL,"2006-12-30 22:00:00-07","2006-12-30 22:00:00-07"
"COOL",NULL,"2006-12-30 22:00:00-07","2007-07-03 21:00:00-07"
"RAR",NULL,"2006-12-30 22:00:00-07","2006-12-30 22:00:00-07"
"MBM",NULL,"2006-12-30 22:00:00-07","2008-02-22 22:00:00-07"
"SP",NULL,"2006-12-30 22:00:00-07","2006-12-30 22:00:00-07"
"IN2",NULL,"2006-12-30 22:00:00-07","2006-12-30 22:00:00-07"
"MBH1",NULL,"2006-12-30 22:00:00-07","2006-12-30 22:00:00-07"
"PAL2",NULL,"2006-12-30 22:00:00-07","2007-12-30 22:00:00-07"
"CHI",NULL,"2006-12-30 22:00:00-07","2006-12-30 22:00:00-07"
"STD",NULL,"2006-12-30 22:00:00-07","2006-12-30 22:00:00-07"
"LACSUC",NULL,"2006-12-30 22:00:00-07","2006-12-30 22:00:00-07"
"AND002-02A",NULL,"2006-12-31 12:00:00-07","2006-12-31 17:00:00-07"
"Citronelle EOR",NULL,"2006-12-31 17:00:00-07","2007-08-01 21:00:00-07"
"NBP07-03",NULL,"2006-12-31 17:00:00-07","2015-01-21 22:00:00-07"
"EM07","Sea Wolf","2006-12-31 22:00:00-07","2006-12-31 22:00:00-07"
"Brown/Lamont/Earthscope",NULL,"2006-12-31 22:00:00-07","2010-05-15 05:00:00-07"
"ASH",NULL,"2006-12-31 22:00:00-07","2010-07-31 21:00:00-07"
"MOMARDREAM","Pourquoi Pas ? ","2006-12-31 22:00:00-07","2008-05-08 22:32:59-07"
"AT15-14","Alvin","2007-01-02 22:00:00-07","2007-01-03 10:14:00-07"
"NBP-07-01",NULL,"2007-01-12 22:00:00-07","2007-01-12 22:00:00-07"
"AT15-15","Atlantis","2007-01-13 11:13:00-07","2007-02-03 13:14:00-07"
"VNZ",NULL,"2007-01-30 22:00:00-07","2011-01-31 22:00:00-07"
"CLW2",NULL,"2007-02-02 22:00:00-07","2007-02-02 22:00:00-07"
"PACHIDERME","R/V Marion Dufresne","2007-02-14 22:00:00-07","2007-02-15 22:00:00-07"
"GIDA1",NULL,"2007-02-16 22:00:00-07","2007-02-16 22:00:00-07"
"AT15-16","Atlantis","2007-02-17 10:54:00-07","2007-03-11 20:40:00-07"
"SALT",NULL,"2007-02-27 22:00:00-07","2007-02-27 22:00:00-07"
"65",NULL,"2007-03-02 22:00:00-07","2007-03-23 21:00:00-07"
"AT15-17","R/V Atlantis II","2007-03-22 21:00:00-07","2007-03-22 21:00:00-07"
"AT15-17","Atlantis","2007-03-29 21:35:00-07","2007-04-20 14:35:00-07"
"Serpentine cruise","Pourquoi Pas?","2007-03-31 21:00:00-07","2007-03-31 21:00:00-07"
"NBP0703","Nathaniel B. Palmer","2007-04-09 13:01:57-07","2007-04-29 10:23:23-07"
"KNOX05RR","Roger Revelle","2007-05-07 15:36:00-07","2007-06-10 17:42:00-07"
"TIBET",NULL,"2007-05-10 21:00:00-07","2007-06-04 21:00:00-07"
"AT07-17","R/V Atlantis II","2007-05-11 21:00:00-07","2007-05-11 21:00:00-07"
"OJB",NULL,"2007-05-31 21:00:00-07","2007-12-30 22:00:00-07"
"QHSC",NULL,"2007-05-31 21:00:00-07","2007-05-31 21:00:00-07"
"JOL1",NULL,"2007-05-31 21:00:00-07","2007-05-31 21:00:00-07"
"CRAD","RV KRKII","2007-06-03 21:00:00-07","2007-06-08 21:00:00-07"
"CRAD",NULL,"2007-06-03 21:00:00-07","2007-06-05 21:00:00-07"
"FISH","RV KRKII","2007-06-11 21:00:00-07","2007-06-18 21:00:00-07"
"MAINE",NULL,"2007-06-12 21:00:00-07","2007-06-13 21:00:00-07"
"KNOX06RR","Roger Revelle","2007-06-19 21:00:00-07","2007-07-28 21:00:00-07"
"POST-DOC ENTERS D 01/07/07",NULL,"2007-06-30 13:00:00-07","2008-07-06 21:00:00-07"
"COOL","RV Mark Griffith","2007-06-30 21:00:00-07","2007-06-30 21:00:00-07"
"OC437-07","Oceanus","2007-07-04 21:00:00-07","2007-07-23 21:00:00-07"
"OC437-7","Oceanus","2007-07-05 14:24:00-07","2007-07-24 07:35:00-07"
"BH07","RV Blue Heron","2007-07-09 21:00:00-07","2007-07-09 21:00:00-07"
"OPS","RV Happy","2007-07-11 21:00:00-07","2007-07-11 21:00:00-07"
"UNCC",NULL,"2007-07-15 21:00:00-07","2007-07-18 21:00:00-07"
"Pamir",NULL,"2007-07-23 21:00:00-07","2007-07-23 21:00:00-07"
"WWG",NULL,"2007-07-31 21:00:00-07","2007-08-02 21:00:00-07"
"C1001","NRV Alliance","2007-08-04 21:00:00-07","2007-08-07 21:00:00-07"
"TN209","Thomas G. Thompson","2007-08-05 20:55:00-07","2007-08-09 09:41:00-07"
"TN209","Thompson","2007-08-06 21:00:00-07","2007-08-06 21:00:00-07"
"AT15-21","Atlantis","2007-08-08 21:00:00-07","2007-08-15 21:00:00-07"
"AT15-24","Atlantis","2007-08-16 21:00:00-07","2007-08-16 21:00:00-07"
"AT15-22","Atlantis","2007-08-16 21:00:00-07","2007-08-16 21:00:00-07"
"AT15-23","Atlantis","2007-08-16 21:00:00-07","2007-08-16 21:00:00-07"
"FUM","RV Neuston","2007-08-20 21:00:00-07","2007-08-21 21:00:00-07"
"ANR BLANC 2007 PYGMALION05/09/2007",NULL,"2007-09-04 09:00:00-07","2007-09-04 17:00:00-07"
"LWB4","L. Walford","2007-09-08 21:00:00-07","2007-09-08 21:00:00-07"
"Susquehanna Shale Hills Critical Zone Observatory (CZO)",NULL,"2007-09-08 21:00:00-07","2018-08-20 21:00:00-07"
"UARK",NULL,"2007-09-19 21:00:00-07","2008-12-30 22:00:00-07"
"CLW3",NULL,"2007-09-20 21:00:00-07","2007-09-20 21:00:00-07"
"IOWA",NULL,"2007-09-21 21:00:00-07","2007-09-22 21:00:00-07"
"ANDRILL-SMS",NULL,"2007-10-16 21:00:00-07","2015-04-28 21:00:00-07"
"MR07",NULL,"2007-10-31 21:00:00-07","2007-10-31 21:00:00-07"
"AT15-26","Atlantis","2007-11-16 22:00:00-07","2007-11-29 22:00:00-07"
"Mascarene Islands 2007",NULL,"2007-11-25 22:00:00-07","2007-11-30 22:00:00-07"
"MST",NULL,"2007-11-29 22:00:00-07","2007-11-29 22:00:00-07"
"RU07",NULL,"2007-11-30 22:00:00-07","2007-11-30 22:00:00-07"
"BAS-2007/08-Z7",NULL,"2007-12-02 22:00:00-07","2008-02-04 22:00:00-07"
"AT15-27","Atlantis","2007-12-09 17:00:00-07","2007-12-20 10:22:00-07"
"ERODER2","Meteor","2007-12-29 03:47:00-07","2008-01-13 23:25:00-07"
"AT15-28","Atlantis","2007-12-30 09:24:00-07","2008-01-13 12:04:00-07"
"WIL07",NULL,"2007-12-30 22:00:00-07","2007-12-30 22:00:00-07"
"STD2",NULL,"2007-12-30 22:00:00-07","2007-12-30 22:00:00-07"
"ICE3",NULL,"2007-12-30 22:00:00-07","2007-12-30 22:00:00-07"
"BS2",NULL,"2007-12-30 22:00:00-07","2007-12-30 22:00:00-07"
"ESP2",NULL,"2007-12-30 22:00:00-07","2007-12-30 22:00:00-07"
"NLSN",NULL,"2007-12-30 22:00:00-07","2007-12-30 22:00:00-07"
"POLK",NULL,"2007-12-30 22:00:00-07","2007-12-30 22:00:00-07"
"BW2",NULL,"2007-12-30 22:00:00-07","2007-12-30 22:00:00-07"
"MNRF",NULL,"2007-12-30 22:00:00-07","2008-11-08 22:00:00-07"
"FBOM",NULL,"2007-12-30 22:00:00-07","2009-10-31 21:00:00-07"
"MCWD",NULL,"2007-12-30 22:00:00-07","2007-12-30 22:00:00-07"
"MSPI",NULL,"2007-12-30 22:00:00-07","2016-06-14 21:00:00-07"
"SMESA",NULL,"2007-12-30 22:00:00-07","2007-12-30 22:00:00-07"
"CHIP2",NULL,"2007-12-30 22:00:00-07","2007-12-30 22:00:00-07"
"MBH2",NULL,"2007-12-30 22:00:00-07","2007-12-30 22:00:00-07"
"JAX",NULL,"2007-12-30 22:00:00-07","2007-12-30 22:00:00-07"
"NBP08-02","Nathaniel B. Palmer","2007-12-31 12:00:00-07","2007-12-31 17:00:00-07"
"NBP08-03","R/V Nathaniel B. Palmer","2007-12-31 12:00:00-07","2007-12-31 17:00:00-07"
"MOMARDREAM","Pourquoi Pas ?","2007-12-31 22:00:00-07","2007-12-31 22:00:00-07"
"EM08","Sea Wolf","2007-12-31 22:00:00-07","2007-12-31 22:00:00-07"
"AHVC",NULL,"2008-02-03 22:00:00-07","2008-04-03 21:00:00-07"
"GulfOfCalifornia:Stock","NotApplicable","2008-02-04 03:50:00-07","2009-05-30 00:38:00-07"
"CLW4",NULL,"2008-02-08 22:00:00-07","2008-02-08 22:00:00-07"
"ALCOVE",NULL,"2008-02-13 22:00:00-07","2011-02-22 22:00:00-07"
"GNY",NULL,"2008-02-19 22:00:00-07","2008-02-20 22:00:00-07"
"LMG0802","Gould","2008-02-20 22:00:00-07","2008-03-10 21:00:00-07"
"HFNZ",NULL,"2008-02-20 22:00:00-07","2008-03-04 22:00:00-07"
"OJB2",NULL,"2008-02-20 22:00:00-07","2008-12-30 22:00:00-07"
"SPAM",NULL,"2008-02-24 22:00:00-07","2008-03-01 22:00:00-07"
"CLAC",NULL,"2008-03-06 22:00:00-07","2008-03-07 22:00:00-07"
"TLX",NULL,"2008-03-06 22:00:00-07","2008-12-30 22:00:00-07"
"WRFP",NULL,"2008-03-17 21:00:00-07","2008-12-30 22:00:00-07"
"RKE",NULL,"2008-03-26 21:00:00-07","2008-03-26 21:00:00-07"
"CHALCO",NULL,"2008-03-27 21:00:00-07","2011-07-11 21:00:00-07"
"FAI",NULL,"2008-03-31 21:00:00-07","2009-02-28 22:00:00-07"
"SS0708","R/V Southern Surveyor","2008-04-30 21:00:00-07","2008-06-03 21:00:00-07"
"VASTB",NULL,"2008-05-09 21:00:00-07","2008-05-09 21:00:00-07"
"MNCL",NULL,"2008-05-11 21:00:00-07","2008-05-14 21:00:00-07"
"AT07-18","R/V Atlantis II","2008-05-11 21:00:00-07","2008-05-11 21:00:00-07"
"PROM",NULL,"2008-05-19 21:00:00-07","2008-06-10 21:00:00-07"
"AT15-32","Atlantis","2008-06-06 12:32:00-07","2008-06-13 14:07:00-07"
"MD168  AMOCINT",NULL,"2008-06-14 17:00:00-07","2008-06-14 17:00:00-07"
"PTL",NULL,"2008-06-19 21:00:00-07","2008-06-30 21:00:00-07"
"IOWA2",NULL,"2008-06-20 21:00:00-07","2008-06-22 21:00:00-07"
"KPW",NULL,"2008-06-23 21:00:00-07","2008-08-11 21:00:00-07"
"BH08","RV Blue Heron","2008-06-27 21:00:00-07","2008-06-28 21:00:00-07"
"THESE WILHELM B 01/07/08",NULL,"2008-06-30 17:00:00-07","2008-06-30 17:00:00-07"
"THESE WILHELM B (orcid:0000-0002-0555-1915)01/07/08",NULL,"2008-06-30 17:00:00-07","2008-06-30 17:00:00-07"
"Cook Inlet basin analysis",NULL,"2008-06-30 21:00:00-07","2010-06-30 21:00:00-07"
"CELOT",NULL,"2008-07-03 21:00:00-07","2008-07-15 21:00:00-07"
"TAJ1",NULL,"2008-07-04 21:00:00-07","2008-07-06 21:00:00-07"
"AT15-34","Atlantis","2008-07-05 12:07:00-07","2008-07-19 15:39:00-07"
"YK08-08","R/V Yokosuka","2008-07-09 21:00:00-07","2008-07-15 21:00:00-07"
"WMO",NULL,"2008-07-11 21:00:00-07","2008-08-01 21:00:00-07"
"CIP",NULL,"2008-07-14 21:00:00-07","2009-07-08 21:00:00-07"
"YK08-08 Leg 2","Yokosuka","2008-07-14 21:00:00-07","2008-07-14 21:00:00-07"
"RED",NULL,"2008-07-14 21:00:00-07","2008-07-16 21:00:00-07"
"NBP0808","Nathaniel B. Palmer","2008-07-14 21:00:00-07","2008-07-31 21:00:00-07"
"THESE WILHELM B17/07/08",NULL,"2008-07-16 17:00:00-07","2008-07-16 17:00:00-07"
"KNOX18RR","Roger Revelle","2008-07-17 20:40:00-07","2008-08-03 14:31:00-07"
"WAB","RV Happy","2008-07-17 21:00:00-07","2008-07-17 21:00:00-07"
"BH08I","RV Blue Heron","2008-07-17 21:00:00-07","2008-07-17 21:00:00-07"
"DUST",NULL,"2008-07-19 21:00:00-07","2008-07-22 21:00:00-07"
"WILL08",NULL,"2008-07-25 21:00:00-07","2008-07-25 21:00:00-07"
"RS08","Sea Wolf","2008-07-27 21:00:00-07","2008-08-20 21:00:00-07"
"THESE WILHELM B (orcid:0000-0002-0555-1915)30/07/08",NULL,"2008-07-29 17:00:00-07","2008-07-29 17:00:00-07"
"THESE WILHELM B 30/07/08",NULL,"2008-07-29 17:00:00-07","2008-07-29 17:00:00-07"
"ICE4",NULL,"2008-08-03 21:00:00-07","2008-12-30 22:00:00-07"
"MCH",NULL,"2008-08-07 21:00:00-07","2009-05-06 21:00:00-07"
"MOMAR08 ","Atalante","2008-08-15 08:45:00-07","2008-08-18 07:31:00-07"
"EarthScope-PBO-2008-Unimak",NULL,"2008-08-16 21:00:00-07","2008-08-21 21:00:00-07"
"PBO/UNAVCO",NULL,"2008-08-17 21:00:00-07","2008-08-17 21:00:00-07"
"AT15-36","Atlantis","2008-08-19 18:00:00-07","2008-09-05 19:35:00-07"
"HLY0805","USCGC HEALY","2008-08-30 21:00:00-07","2008-09-03 21:00:00-07"
"HLY0805","USCGC Healy","2008-08-30 21:00:00-07","2008-09-03 21:00:00-07"
"PATTON",NULL,"2008-09-08 21:00:00-07","2008-09-08 21:00:00-07"
"SAC",NULL,"2008-09-20 21:00:00-07","2008-09-27 21:00:00-07"
"SAC","RV Happy","2008-09-21 21:00:00-07","2008-09-28 21:00:00-07"
"LOTC",NULL,"2008-09-30 21:00:00-07","2008-10-31 21:00:00-07"
"TN226","R/V Thompson","2008-10-24 21:00:00-07","2008-10-27 21:00:00-07"
"THESE WILHELM B (orcid:0000-0002-0555-1915)27/10/08",NULL,"2008-10-26 17:00:00-07","2008-10-26 17:00:00-07"
"THESE WILHELM B 27/10/08",NULL,"2008-10-26 17:00:00-07","2008-10-26 17:00:00-07"
"AT15-38","Atlantis","2008-10-27 12:36:00-07","2008-11-03 17:15:00-07"
"NBP0812","Nathaniel B. Palmer","2008-11-20 18:14:38-07","2008-12-11 15:36:00-07"
"ESP3",NULL,"2008-12-30 22:00:00-07","2008-12-30 22:00:00-07"
"SAUK",NULL,"2008-12-30 22:00:00-07","2008-12-30 22:00:00-07"
"TRIP",NULL,"2008-12-30 22:00:00-07","2008-12-30 22:00:00-07"
"HYBLA",NULL,"2008-12-30 22:00:00-07","2012-03-31 21:00:00-07"
"WRP",NULL,"2008-12-30 22:00:00-07","2008-12-30 22:00:00-07"
"ESP4",NULL,"2008-12-30 22:00:00-07","2008-12-30 22:00:00-07"
"BER",NULL,"2008-12-30 22:00:00-07","2008-12-30 22:00:00-07"
"CAR",NULL,"2008-12-30 22:00:00-07","2008-12-30 22:00:00-07"
"GLAD11; NSF EAR 06-02471",NULL,"2008-12-31 22:00:00-07","2008-12-31 22:00:00-07"
"OSO09-10",NULL,"2008-12-31 22:00:00-07","2008-12-31 22:00:00-07"
"M09","RV Ndunduma","2009-01-13 22:00:00-07","2009-01-14 22:00:00-07"
"NSF Project - Collaborative Research: A Thermochronologic and Kinematic – Thermal Modeling Test of the Collapse of a Mesozoic West Antarctic Plateau",NULL,"2009-01-14 22:00:00-07","2009-01-14 22:00:00-07"
"KN195-03","R/V Knorr","2009-01-14 22:00:00-07","2009-02-19 22:00:00-07"
"ART",NULL,"2009-01-22 22:00:00-07","2009-01-22 22:00:00-07"
"GMSP",NULL,"2009-01-29 22:00:00-07","2009-01-31 22:00:00-07"
"CLNS",NULL,"2009-01-30 22:00:00-07","2009-01-30 22:00:00-07"
"YNP2",NULL,"2009-02-01 22:00:00-07","2009-02-07 22:00:00-07"
"BRR",NULL,"2009-02-03 22:00:00-07","2009-02-24 22:00:00-07"
"ANR 2008 IPER-RETRO (http://www6.inra.fr/iper_retro)09/02/09",NULL,"2009-02-08 12:00:00-07","2009-02-08 17:00:00-07"
"09/02/09_ANR 2008-2013 IPER-RETRO (http://www6.inra.fr/iper_retro)","UWITEC C2FN","2009-02-08 17:00:00-07","2009-02-08 17:00:00-07"
"09/02/09_ANR 2008-2013 IPER-RETRO (http://www6.inra.fr/iper_retro)",NULL,"2009-02-08 22:00:00-07","2009-02-08 22:00:00-07"
"66",NULL,"2009-02-08 22:00:00-07","2009-02-08 22:00:00-07"
"ANR 2008 IPER-RETRO (http://www6.inra.fr/iper_retro)12/02/09",NULL,"2009-02-10 12:00:00-07","2009-02-10 17:00:00-07"
"PBR",NULL,"2009-02-15 22:00:00-07","2009-02-17 22:00:00-07"
"LMG0902","Gould","2009-02-19 22:00:00-07","2009-03-07 22:00:00-07"
"ABS",NULL,"2009-02-20 22:00:00-07","2009-02-21 22:00:00-07"
"UNITY",NULL,"2009-02-28 22:00:00-07","2009-02-28 22:00:00-07"
"OJB09",NULL,"2009-02-28 22:00:00-07","2009-02-28 22:00:00-07"
"HFNZ2",NULL,"2009-03-04 22:00:00-07","2009-03-08 21:00:00-07"
"AHVC2",NULL,"2009-03-08 21:00:00-07","2009-03-24 21:00:00-07"
"BYTH",NULL,"2009-03-15 21:00:00-07","2009-03-17 21:00:00-07"
"GLAD11",NULL,"2009-03-16 21:00:00-07","2009-03-31 21:00:00-07"
"CH2M",NULL,"2009-03-19 21:00:00-07","2009-12-30 22:00:00-07"
"WIDNR",NULL,"2009-03-25 21:00:00-07","2009-03-25 21:00:00-07"
"AHVC3",NULL,"2009-03-29 21:00:00-07","2009-03-29 21:00:00-07"
"MBH3",NULL,"2009-03-30 21:00:00-07","2009-04-02 21:00:00-07"
"SPA",NULL,"2009-04-01 21:00:00-07","2010-07-31 21:00:00-07"
"TN232","Thomas G. Thompson","2009-04-03 17:17:14-07","2009-04-16 05:47:00-07"
"THESE WILHELM B 07/04/09",NULL,"2009-04-06 17:00:00-07","2009-04-06 17:00:00-07"
"THESE WILHELM B (orcid:0000-0002-0555-1915)07/04/09",NULL,"2009-04-06 17:00:00-07","2009-04-06 17:00:00-07"
"FLS11",NULL,"2009-04-11 21:00:00-07","2011-03-31 21:00:00-07"
"VASTC",NULL,"2009-04-15 21:00:00-07","2010-08-14 21:00:00-07"
"Lamont/Rice/Brown/Earthscope",NULL,"2009-04-19 21:00:00-07","2009-04-22 21:00:00-07"
"BARR",NULL,"2009-04-20 21:00:00-07","2009-04-20 21:00:00-07"
"GulfOfCalifornia:Schmitt","NotApplicable","2009-04-30 21:00:00-07","2009-04-30 21:00:00-07"
"TN-234","R/V TG Thompson","2009-05-05 21:00:00-07","2009-05-11 21:00:00-07"
"TN234","Thomas G. Thompson","2009-05-07 11:28:00-07","2009-05-13 18:37:00-07"
"TN235","Thomas G. Thompson","2009-05-22 04:36:00-07","2013-06-08 02:00:00-07"
"SODA",NULL,"2009-05-27 21:00:00-07","2010-05-03 21:00:00-07"
"YK10-12","R/V Yokosuka","2009-05-27 21:00:00-07","2010-09-24 21:00:00-07"
"YK09-06","R/V Yokosuka","2009-05-30 21:00:00-07","2009-05-30 21:00:00-07"
"FHPP",NULL,"2009-05-31 21:00:00-07","2009-08-03 21:00:00-07"
"BH09","RV Blue Heron","2009-06-02 21:00:00-07","2009-10-05 21:00:00-07"
"ANR 2008 IPER-RETRO (http://www6.inra.fr/iper_retro)04/06/09",NULL,"2009-06-03 17:00:00-07","2009-06-03 17:00:00-07"
"PLSL",NULL,"2009-06-08 21:00:00-07","2009-06-08 21:00:00-07"
"SSAL",NULL,"2009-06-10 21:00:00-07","2011-03-30 21:00:00-07"
"TN236","Thomas G. Thompson","2009-06-12 06:31:00-07","2009-07-05 19:23:59-07"
"AT15-47","Atlantis","2009-06-14 09:50:00-07","2009-06-26 14:04:00-07"
"FLAM",NULL,"2009-06-14 21:00:00-07","2009-06-14 21:00:00-07"
"CRAD2",NULL,"2009-06-18 21:00:00-07","2009-06-30 21:00:00-07"
"THESE WILHELM B22/06/09",NULL,"2009-06-21 13:00:00-07","2009-06-21 17:00:00-07"
"IOWA3",NULL,"2009-06-21 21:00:00-07","2009-08-11 21:00:00-07"
"ANR BLANC 2007 PYGMALION25/06/2009",NULL,"2009-06-23 17:00:00-07","2009-06-23 21:00:00-07"
"THESE WILHELM B (orcid:0000-0002-0555-1915)02/07/12",NULL,"2009-06-30 17:00:00-07","2009-06-30 17:00:00-07"
"Tourbiere des Creusates (Eté2009)",NULL,"2009-06-30 17:00:00-07","2009-06-30 17:00:00-07"
"THESE WILHELM B 02/07/12",NULL,"2009-06-30 17:00:00-07","2009-06-30 17:00:00-07"
"ADAK",NULL,"2009-06-30 21:00:00-07","2010-06-30 21:00:00-07"
"SVAL",NULL,"2009-06-30 21:00:00-07","2009-06-30 21:00:00-07"
"MASH",NULL,"2009-06-30 21:00:00-07","2009-06-30 21:00:00-07"
"EXPERIMENTAL WARMING","CARR","2009-07-01 06:00:00-07","2009-07-01 06:00:00-07"
"ARCHEO02/07/09",NULL,"2009-07-01 17:00:00-07","2009-07-01 17:00:00-07"
"BHI","RV Blue Heron","2009-07-09 21:00:00-07","2009-07-09 21:00:00-07"
"PERU",NULL,"2009-07-12 21:00:00-07","2009-07-22 21:00:00-07"
"SYR",NULL,"2009-07-13 21:00:00-07","2009-09-22 21:00:00-07"
"BH092","RV Blue Heron","2009-07-17 21:00:00-07","2009-07-18 21:00:00-07"
"BH09K","RV Blue Heron","2009-07-18 21:00:00-07","2009-07-18 21:00:00-07"
"RS09","Sea Wolf","2009-07-21 21:00:00-07","2009-07-21 21:00:00-07"
"USC",NULL,"2009-07-26 21:00:00-07","2009-07-28 21:00:00-07"
"RED2",NULL,"2009-07-26 21:00:00-07","2009-11-01 22:00:00-07"
"Dutton Seychelles 2009",NULL,"2009-07-30 21:00:00-07","2009-07-31 17:00:00-07"
"YNP3",NULL,"2009-08-01 21:00:00-07","2009-08-05 21:00:00-07"
"IWLP",NULL,"2009-08-09 21:00:00-07","2009-08-09 21:00:00-07"
"CHIME",NULL,"2009-08-15 21:00:00-07","2012-06-30 21:00:00-07"
"BIOMAG",NULL,"2009-08-17 21:00:00-07","2009-08-17 21:00:00-07"
"WF4109","Western Flyer","2009-08-17 21:00:00-07","2009-08-23 21:00:00-07"
"2009 Northern Expedition","R/V Western Flyer","2009-08-19 13:23:43-07","2009-08-31 21:09:19-07"
"AT15-51","Atlantis","2009-08-22 11:57:00-07","2009-09-02 18:32:00-07"
"New Gatun Locks Construction",NULL,"2009-08-24 21:00:00-07","2010-03-10 22:00:00-07"
"SILV",NULL,"2009-08-25 21:00:00-07","2009-12-30 22:00:00-07"
"WF4133","Western Flyer","2009-08-31 21:00:00-07","2009-09-01 21:00:00-07"
"California Seamounts 2009","R/V Western Flyer","2009-09-02 13:56:35-07","2009-09-08 21:51:50-07"
"BH093","RV Blue Heron","2009-09-02 21:00:00-07","2009-09-05 21:00:00-07"
"BATHYLUCK09","Pourquoi Pas ?","2009-09-03 22:15:00-07","2009-09-23 19:31:00-07"
"DFG Priority Program TiP (SPP-1372)",NULL,"2009-09-05 21:00:00-07","2012-06-23 21:00:00-07"
"HLY0905","USCGC Healy","2009-09-06 21:00:00-07","2009-09-11 21:00:00-07"
"BATHYLUCK09","Pourquoi Pas ? ","2009-09-08 11:59:00-07","2009-09-23 14:55:00-07"
"IOWA4",NULL,"2009-09-10 21:00:00-07","2010-02-20 22:00:00-07"
"EM09","Sea Wolf","2009-09-17 21:00:00-07","2009-09-17 21:00:00-07"
"MNMN",NULL,"2009-09-29 21:00:00-07","2014-01-18 22:00:00-07"
"DAPH","RV Happy","2009-10-07 21:00:00-07","2010-07-13 21:00:00-07"
"Ronda_Peridotite_2009",NULL,"2009-10-26 21:00:00-07","2009-10-27 21:00:00-07"
"PATACH",NULL,"2009-11-04 22:00:00-07","2009-11-13 22:00:00-07"
"ANR 2008 IPER-RETRO (http://www6.inra.fr/iper_retro)20/11/09",NULL,"2009-11-19 17:00:00-07","2009-11-19 17:00:00-07"
"NBP0908","Nathaniel B. Palmer","2009-11-20 21:45:51-07","2009-12-17 09:06:00-07"
"ANR 2008 IPER-RETRO (http://www6.inra.fr/iper_retro)27/11/09",NULL,"2009-11-26 17:00:00-07","2009-11-26 17:00:00-07"
"Susquehanna Shale Hills Critical Zone Observatory (CZO) ",NULL,"2009-12-04 22:00:00-07","2011-01-22 22:00:00-07"
"JOL2",NULL,"2009-12-30 22:00:00-07","2009-12-30 22:00:00-07"
"ICE5",NULL,"2009-12-30 22:00:00-07","2009-12-30 22:00:00-07"
"ALMP",NULL,"2009-12-30 22:00:00-07","2010-09-30 21:00:00-07"
"NBP10-01","Nathaniel B. Palmer","2009-12-31 12:00:00-07","2009-12-31 17:00:00-07"
"DSDP Leg 59",NULL,"2009-12-31 22:00:00-07","2009-12-31 22:00:00-07"
"IODP Leg 320/321",NULL,"2009-12-31 22:00:00-07","2009-12-31 22:00:00-07"
"DSDP Leg 60",NULL,"2009-12-31 22:00:00-07","2009-12-31 22:00:00-07"
"RICE",NULL,"2009-12-31 22:00:00-07","2009-12-31 22:00:00-07"
"DSDP Leg 6",NULL,"2009-12-31 22:00:00-07","2009-12-31 22:00:00-07"
"GUST",NULL,"2010-01-05 22:00:00-07","2016-02-17 22:00:00-07"
"Luquillo Critical Zone Observatory (CZO)",NULL,"2010-01-09 22:00:00-07","2016-11-15 22:00:00-07"
"NBP1001","Nathaniel B. Palmer","2010-01-11 12:30:03-07","2010-02-23 02:03:00-07"
"RR1001","Roger Revelle","2010-01-13 18:04:00-07","2010-01-20 13:26:00-07"
"SLICE",NULL,"2010-01-20 22:00:00-07","2010-08-06 21:00:00-07"
"CLGC",NULL,"2010-01-29 22:00:00-07","2010-03-30 21:00:00-07"
"CLW5",NULL,"2010-01-29 22:00:00-07","2010-01-29 22:00:00-07"
"ICE6",NULL,"2010-01-31 22:00:00-07","2010-03-11 22:00:00-07"
"TCH",NULL,"2010-02-09 22:00:00-07","2010-02-10 22:00:00-07"
"NewZealand:Kniskern","Touchwood, 38 degrees South","2010-02-14 12:00:00-07","2010-02-16 20:10:00-07"
"OJB4",NULL,"2010-02-20 22:00:00-07","2010-02-26 22:00:00-07"
"EN473","Endeavor","2010-02-28 22:00:00-07","2010-03-10 22:00:00-07"
"PZA",NULL,"2010-02-28 22:00:00-07","2011-05-31 21:00:00-07"
"CentralAmerica:Marshall","NotApplicable","2010-03-02 22:00:00-07","2010-05-31 21:00:00-07"
"PIB",NULL,"2010-03-05 22:00:00-07","2010-03-05 22:00:00-07"
"ARCAK",NULL,"2010-03-08 22:00:00-07","2010-03-10 22:00:00-07"
"CentralAmerica:Marshall","Not Applicable","2010-03-09 17:00:00-07","2010-03-09 17:00:00-07"
"THESE WILHELM B (orcid:0000-0002-0555-1915)12/03/10",NULL,"2010-03-11 12:00:00-07","2010-03-11 17:00:00-07"
"THESE WILHELM B 12/03/10",NULL,"2010-03-11 17:00:00-07","2010-03-11 17:00:00-07"
"AT15-63","R/V Atlantis","2010-03-18 09:13:00-07","2010-04-13 11:51:00-07"
"AT15-63","TowCam","2010-03-18 21:00:00-07","2010-04-10 21:00:00-07"
"NBP1002","Nathaniel B. Palmer","2010-03-19 19:58:51-07","2010-04-25 14:47:43-07"
"AKA",NULL,"2010-03-22 21:00:00-07","2010-06-30 21:00:00-07"
"SELBY",NULL,"2010-03-23 21:00:00-07","2010-03-25 21:00:00-07"
"DLDS",NULL,"2010-03-23 21:00:00-07","2010-03-23 21:00:00-07"
"Karlstrom trip April 2010",NULL,"2010-04-07 21:00:00-07","2010-04-07 21:00:00-07"
"Mantle Dynamics and Magmatism Across the Basin and Range",NULL,"2010-04-08 21:00:00-07","2010-04-08 21:00:00-07"
"Lac d&#x27;altitude12/04/10",NULL,"2010-04-11 17:00:00-07","2010-04-11 17:00:00-07"
"Lac d&apos;altitude12/04/10",NULL,"2010-04-11 17:00:00-07","2010-04-11 17:00:00-07"
"ATLN",NULL,"2010-04-15 21:00:00-07","2010-04-18 21:00:00-07"
"OCR",NULL,"2010-04-23 21:00:00-07","2010-05-14 21:00:00-07"
"PALEOMAG26/04/10",NULL,"2010-04-25 13:00:00-07","2010-04-25 17:00:00-07"
"MATANO","RV Nuha","2010-04-30 21:00:00-07","2010-04-30 21:00:00-07"
"TAN1007","Tangaroa","2010-04-30 21:00:00-07","2010-04-30 21:00:00-07"
"KM1008","R/V Kilo Moana","2010-05-01 21:00:00-07","2010-05-09 21:00:00-07"
"ANR 2008 IPER-RETRO (http://www6.inra.fr/iper_retro)06/05/10",NULL,"2010-05-05 17:00:00-07","2010-05-05 17:00:00-07"
"CDV",NULL,"2010-05-09 21:00:00-07","2010-05-09 21:00:00-07"
"STURK","RV Kilindi","2010-05-13 21:00:00-07","2011-05-22 21:00:00-07"
"IOWA5",NULL,"2010-05-18 21:00:00-07","2010-07-13 21:00:00-07"
"SHRB",NULL,"2010-05-21 21:00:00-07","2010-05-21 21:00:00-07"
"ANR 2008 IPER-RETRO (http://www6.inra.fr/iper_retro)26/05/10",NULL,"2010-05-25 17:00:00-07","2010-05-25 17:00:00-07"
"26/05/10_ANR 2008-2013 IPER-RETRO (http://www6.inra.fr/iper_retro)",NULL,"2010-05-25 21:00:00-07","2010-05-25 21:00:00-07"
"STARS",NULL,"2010-05-27 21:00:00-07","2010-07-01 21:00:00-07"
"BH10A","RV Blue Heron","2010-05-28 21:00:00-07","2010-05-31 21:00:00-07"
"FLAMINGO/MV1007",NULL,"2010-05-30 21:00:00-07","2010-06-14 21:00:00-07"
"MV1007",NULL,"2010-05-31 21:00:00-07","2010-05-31 21:00:00-07"
"BH10","RV Blue Heron","2010-06-06 21:00:00-07","2010-09-21 21:00:00-07"
"LBC",NULL,"2010-06-08 21:00:00-07","2010-06-11 21:00:00-07"
"SHLKS",NULL,"2010-06-14 21:00:00-07","2010-06-16 21:00:00-07"
"BAR",NULL,"2010-06-16 21:00:00-07","2010-06-16 21:00:00-07"
"Lac d&apos;altitude21/06/2010",NULL,"2010-06-20 17:00:00-07","2010-06-20 17:00:00-07"
"IDLE","PT INCO","2010-06-20 21:00:00-07","2010-06-26 21:00:00-07"
"CRV",NULL,"2010-06-24 21:00:00-07","2010-07-14 21:00:00-07"
"FINGER","RV Happy","2010-06-28 21:00:00-07","2010-06-28 21:00:00-07"
"IDLE","RV KRKII","2010-06-29 21:00:00-07","2010-06-30 21:00:00-07"
"Turquie01/07/10",NULL,"2010-06-30 17:00:00-07","2010-06-30 17:00:00-07"
"HAW3",NULL,"2010-06-30 21:00:00-07","2010-06-30 21:00:00-07"
"KARUPA",NULL,"2010-06-30 21:00:00-07","2010-07-09 21:00:00-07"
"DUNE",NULL,"2010-06-30 21:00:00-07","2010-06-30 21:00:00-07"
"NSF - EARPF2010 UK Field Work BDC",NULL,"2010-07-04 21:00:00-07","2010-07-04 21:00:00-07"
"SARGASS",NULL,"2010-07-05 17:00:00-07","2010-07-05 17:00:00-07"
"Lac d&apos;altitude09/07/10",NULL,"2010-07-08 17:00:00-07","2010-07-08 17:00:00-07"
"Lac d&#x27;altitude09/07/10",NULL,"2010-07-08 17:00:00-07","2010-07-08 17:00:00-07"
"CAL",NULL,"2010-07-08 21:00:00-07","2010-10-18 21:00:00-07"
"WAM",NULL,"2010-07-20 21:00:00-07","2010-07-20 21:00:00-07"
"YUFL",NULL,"2010-07-23 21:00:00-07","2010-07-24 21:00:00-07"
"BAF2",NULL,"2010-07-25 21:00:00-07","2010-08-01 21:00:00-07"
"NA007","E/V Nautilus","2010-07-28 21:00:00-07","2010-08-10 21:00:00-07"
"COSC related fieldwork",NULL,"2010-08-02 21:00:00-07","2010-08-06 21:00:00-07"
"ROMEO",NULL,"2010-08-03 21:00:00-07","2016-08-02 21:00:00-07"
"California Seamounts 2010","R/V Western Flyer","2010-08-06 12:40:59-07","2010-08-10 13:00:54-07"
"PENN","RV Happy","2010-08-08 21:00:00-07","2010-08-08 21:00:00-07"
"California Seamounts 2011","R/V Western Flyer","2010-08-10 13:12:24-07","2010-08-10 13:12:24-07"
"California Seamounts 2012","R/V Western Flyer","2010-08-10 13:17:59-07","2010-08-10 13:17:59-07"
"California Seamounts 2013","R/V Western Flyer","2010-08-10 13:19:23-07","2010-08-10 13:19:23-07"
"California Seamounts 2014","R/V Western Flyer","2010-08-10 13:22:26-07","2010-08-10 13:22:26-07"
"California Seamounts 2015","R/V Western Flyer","2010-08-10 14:03:13-07","2010-08-10 14:03:13-07"
"California Seamounts 2016","R/V Western Flyer","2010-08-10 14:10:15-07","2010-08-10 14:10:15-07"
"California Seamounts 2017","R/V Western Flyer","2010-08-10 14:12:39-07","2010-08-10 14:12:39-07"
"California Seamounts 2018","R/V Western Flyer","2010-08-10 14:14:24-07","2010-08-10 14:14:24-07"
"California Seamounts 2019","R/V Western Flyer","2010-08-10 15:13:06-07","2010-08-10 15:13:06-07"
"California Seamounts 2020","R/V Western Flyer","2010-08-10 15:27:02-07","2010-08-10 15:27:02-07"
"California Seamounts 2021","R/V Western Flyer","2010-08-10 15:28:16-07","2010-08-10 15:28:16-07"
"California Seamounts 2022","R/V Western Flyer","2010-08-10 15:31:09-07","2010-08-10 15:31:09-07"
"California Seamounts 2023","R/V Western Flyer","2010-08-10 15:41:49-07","2010-08-10 15:41:49-07"
"California Seamounts 2024","R/V Western Flyer","2010-08-10 16:39:27-07","2010-08-10 16:39:27-07"
"California Seamounts 2025","R/V Western Flyer","2010-08-10 17:09:45-07","2010-08-10 17:09:45-07"
"California Seamounts 2026","R/V Western Flyer","2010-08-10 18:04:20-07","2010-08-10 18:04:20-07"
"California Seamounts 2027","R/V Western Flyer","2010-08-10 18:12:09-07","2010-08-10 18:12:09-07"
"California Seamounts 2028","R/V Western Flyer","2010-08-10 18:42:51-07","2010-08-10 18:42:51-07"
"California Seamounts 2029","R/V Western Flyer","2010-08-10 19:28:38-07","2010-08-10 19:28:38-07"
"California Seamounts 2030","R/V Western Flyer","2010-08-10 19:30:42-07","2010-08-10 19:30:42-07"
"California Seamounts 2031","R/V Western Flyer","2010-08-10 20:53:27-07","2010-08-10 20:53:27-07"
"California Seamounts 2032","R/V Western Flyer","2010-08-10 20:55:30-07","2010-08-10 20:55:30-07"
"California Seamounts 2033","R/V Western Flyer","2010-08-10 20:56:56-07","2010-08-10 20:56:56-07"
"HLY1002","USCGC Healy","2010-08-10 21:00:00-07","2010-09-01 21:00:00-07"
"California Seamounts 2034","R/V Western Flyer","2010-08-10 21:01:40-07","2010-08-10 21:01:40-07"
"California Seamounts 2035","R/V Western Flyer","2010-08-11 13:53:09-07","2010-08-11 13:53:09-07"
"California Seamounts 2036","R/V Western Flyer","2010-08-11 13:57:59-07","2010-08-11 13:57:59-07"
"California Seamounts 2037","R/V Western Flyer","2010-08-11 14:02:45-07","2010-08-11 14:02:45-07"
"California Seamounts 2038","R/V Western Flyer","2010-08-11 14:06:16-07","2010-08-11 14:06:16-07"
"California Seamounts 2039","R/V Western Flyer","2010-08-11 14:24:48-07","2010-08-11 14:24:48-07"
"California Seamounts 2040","R/V Western Flyer","2010-08-11 14:28:33-07","2010-08-11 14:28:33-07"
"California Seamounts 2041","R/V Western Flyer","2010-08-11 14:29:44-07","2010-08-11 14:29:44-07"
"California Seamounts 2042","R/V Western Flyer","2010-08-11 14:42:02-07","2010-08-11 14:42:02-07"
"California Seamounts 2043","R/V Western Flyer","2010-08-11 15:54:27-07","2010-08-11 15:54:27-07"
"California Seamounts 2044","R/V Western Flyer","2010-08-11 16:05:07-07","2010-08-11 16:05:07-07"
"California Seamounts 2045","R/V Western Flyer","2010-08-11 16:19:03-07","2010-08-11 16:19:03-07"
"California Seamounts 2046","R/V Western Flyer","2010-08-11 17:23:54-07","2010-08-11 17:23:54-07"
"California Seamounts 2047","R/V Western Flyer","2010-08-11 18:08:49-07","2010-08-11 18:08:49-07"
"California Seamounts 2048","R/V Western Flyer","2010-08-11 18:11:24-07","2010-08-11 18:11:24-07"
"California Seamounts 2049","R/V Western Flyer","2010-08-11 18:15:28-07","2010-08-11 18:15:28-07"
"California Seamounts 2050","R/V Western Flyer","2010-08-11 18:47:33-07","2010-08-11 18:47:33-07"
"California Seamounts 2051","R/V Western Flyer","2010-08-11 18:50:36-07","2010-08-11 18:50:36-07"
"California Seamounts 2052","R/V Western Flyer","2010-08-11 19:09:38-07","2010-08-11 19:09:38-07"
"California Seamounts 2053","R/V Western Flyer","2010-08-11 19:12:15-07","2010-08-11 19:12:15-07"
"California Seamounts 2054","R/V Western Flyer","2010-08-11 19:24:47-07","2010-08-11 19:24:47-07"
"California Seamounts 2055","R/V Western Flyer","2010-08-11 20:12:23-07","2010-08-11 20:12:23-07"
"California Seamounts 2056","R/V Western Flyer","2010-08-11 21:21:03-07","2010-08-11 21:21:03-07"
"California Seamounts 2057","R/V Western Flyer","2010-08-12 13:44:16-07","2010-08-12 13:44:16-07"
"California Seamounts 2058","R/V Western Flyer","2010-08-12 13:48:10-07","2010-08-12 13:48:10-07"
"California Seamounts 2059","R/V Western Flyer","2010-08-12 13:55:22-07","2010-08-12 13:55:22-07"
"California Seamounts 2060","R/V Western Flyer","2010-08-12 13:59:04-07","2010-08-12 13:59:04-07"
"California Seamounts 2061","R/V Western Flyer","2010-08-12 14:01:01-07","2010-08-12 14:01:01-07"
"California Seamounts 2062","R/V Western Flyer","2010-08-12 14:32:58-07","2010-08-12 14:32:58-07"
"California Seamounts 2063","R/V Western Flyer","2010-08-12 14:35:47-07","2010-08-12 14:35:47-07"
"California Seamounts 2064","R/V Western Flyer","2010-08-12 14:38:19-07","2010-08-12 14:38:19-07"
"California Seamounts 2065","R/V Western Flyer","2010-08-12 14:40:33-07","2010-08-12 14:40:33-07"
"California Seamounts 2066","R/V Western Flyer","2010-08-12 15:29:49-07","2010-08-12 15:29:49-07"
"California Seamounts 2067","R/V Western Flyer","2010-08-12 15:43:35-07","2010-08-12 15:43:35-07"
"California Seamounts 2068","R/V Western Flyer","2010-08-12 15:45:35-07","2010-08-12 15:45:35-07"
"California Seamounts 2069","R/V Western Flyer","2010-08-12 15:47:37-07","2010-08-12 15:47:37-07"
"California Seamounts 2070","R/V Western Flyer","2010-08-12 16:07:23-07","2010-08-12 16:07:23-07"
"California Seamounts 2071","R/V Western Flyer","2010-08-12 16:08:10-07","2010-08-12 16:08:10-07"
"California Seamounts 2072","R/V Western Flyer","2010-08-12 16:14:28-07","2010-08-12 16:14:28-07"
"California Seamounts 2073","R/V Western Flyer","2010-08-12 16:22:52-07","2010-08-12 16:22:52-07"
"California Seamounts 2074","R/V Western Flyer","2010-08-12 16:43:12-07","2010-08-12 16:43:12-07"
"California Seamounts 2075","R/V Western Flyer","2010-08-12 16:44:41-07","2010-08-12 16:44:41-07"
"California Seamounts 2076","R/V Western Flyer","2010-08-12 16:47:35-07","2010-08-12 16:47:35-07"
"California Seamounts 2077","R/V Western Flyer","2010-08-12 17:04:03-07","2010-08-12 17:04:03-07"
"California Seamounts 2078","R/V Western Flyer","2010-08-12 17:05:19-07","2010-08-12 17:05:19-07"
"California Seamounts 2079","R/V Western Flyer","2010-08-12 17:15:23-07","2010-08-12 17:15:23-07"
"California Seamounts 2080","R/V Western Flyer","2010-08-12 17:16:36-07","2010-08-12 17:16:36-07"
"California Seamounts 2081","R/V Western Flyer","2010-08-12 17:22:29-07","2010-08-12 17:22:29-07"
"California Seamounts 2082","R/V Western Flyer","2010-08-12 17:27:14-07","2010-08-12 17:27:14-07"
"California Seamounts 2083","R/V Western Flyer","2010-08-12 17:33:57-07","2010-08-12 17:33:57-07"
"California Seamounts 2084","R/V Western Flyer","2010-08-12 17:41:37-07","2010-08-12 17:41:37-07"
"California Seamounts 2085","R/V Western Flyer","2010-08-12 17:47:47-07","2010-08-12 17:47:47-07"
"California Seamounts 2086","R/V Western Flyer","2010-08-12 17:48:46-07","2010-08-12 17:48:46-07"
"California Seamounts 2087","R/V Western Flyer","2010-08-12 17:52:18-07","2010-08-12 17:52:18-07"
"California Seamounts 2088","R/V Western Flyer","2010-08-12 18:00:33-07","2010-08-12 18:00:33-07"
"California Seamounts 2089","R/V Western Flyer","2010-08-12 18:16:58-07","2010-08-12 18:16:58-07"
"California Seamounts 2090","R/V Western Flyer","2010-08-12 19:46:42-07","2010-08-12 19:46:42-07"
"California Seamounts 2091","R/V Western Flyer","2010-08-12 19:57:10-07","2010-08-12 19:57:10-07"
"California Seamounts 2092","R/V Western Flyer","2010-08-12 20:05:50-07","2010-08-12 20:05:50-07"
"California Seamounts 2093","R/V Western Flyer","2010-08-12 20:19:44-07","2010-08-12 20:19:44-07"
"California Seamounts 2094","R/V Western Flyer","2010-08-12 20:23:27-07","2010-08-12 20:23:27-07"
"California Seamounts 2095","R/V Western Flyer","2010-08-12 20:47:41-07","2010-08-12 20:47:41-07"
"California Seamounts 2096","R/V Western Flyer","2010-08-12 20:52:43-07","2010-08-12 20:52:43-07"
"ICEB2",NULL,"2010-08-14 21:00:00-07","2010-08-21 21:00:00-07"
"FUM2","RV Neuston","2010-08-16 21:00:00-07","2010-08-23 21:00:00-07"
"GREEN",NULL,"2010-08-17 21:00:00-07","2010-09-04 21:00:00-07"
"WISP2",NULL,"2010-08-18 21:00:00-07","2011-06-09 21:00:00-07"
"NA008","E/V Nautilus","2010-08-21 21:00:00-07","2010-08-28 21:00:00-07"
"TN253","Thomas G. Thompson","2010-08-27 14:39:00-07","2010-09-05 22:26:00-07"
"ASEA",NULL,"2010-08-31 21:00:00-07","2010-08-31 21:00:00-07"
"HLY1002","USCCGC Healy","2010-09-01 21:00:00-07","2010-09-01 21:00:00-07"
"NA009","E/V Nautilus","2010-09-03 21:00:00-07","2010-09-13 21:00:00-07"
"THESE WILHELM B (orcid:0000-0002-0555-1915)06/09/10",NULL,"2010-09-05 17:00:00-07","2010-09-05 17:00:00-07"
"THESE WILHELM B 06/09/10",NULL,"2010-09-05 17:00:00-07","2010-09-05 17:00:00-07"
"THESE WILHELM B 04/07/11",NULL,"2010-09-05 17:00:00-07","2010-09-05 17:00:00-07"
"HECI","RV EZR Diane","2010-09-05 21:00:00-07","2010-10-13 21:00:00-07"
"YK10-12","Yokosuka","2010-09-18 21:00:00-07","2010-09-28 21:00:00-07"
"REST",NULL,"2010-09-26 21:00:00-07","2010-09-27 21:00:00-07"
"SUPBAY",NULL,"2010-10-04 21:00:00-07","2010-10-04 21:00:00-07"
"DECLAKES FP29 ESF EuroCLIMATE (http://declakes.von-grafenstein.com/)06/10/10",NULL,"2010-10-05 13:00:00-07","2010-10-05 17:00:00-07"
"SMOOTHSEAFLOOR","Marion Dufresne","2010-10-09 21:00:00-07","2010-10-31 21:00:00-07"
"NA011","E/V Nautilus","2010-10-09 21:00:00-07","2010-10-13 21:00:00-07"
"IODP Expedition 329","R/V JOIDES Resolution","2010-10-24 21:00:00-07","2010-11-16 22:00:00-07"
"NBP1004","Nathaniel B. Palmer","2010-10-25 05:13:16-07","2010-11-12 17:16:27-07"
"CARAMBAR",NULL,"2010-10-29 17:00:00-07","2010-10-29 17:00:00-07"
"ANR 2008 IPER-RETRO (http://www6.inra.fr/iper_retro)01/11/10",NULL,"2010-10-31 17:00:00-07","2010-10-31 17:00:00-07"
"BINGO","RV KRKII","2010-11-04 21:00:00-07","2010-11-07 22:00:00-07"
"TOPGUN","RV KRKII","2010-11-10 22:00:00-07","2010-11-12 22:00:00-07"
"G-081",NULL,"2010-11-13 22:00:00-07","2010-11-30 22:00:00-07"
"BOLLY","RV KRKII","2010-11-14 22:00:00-07","2010-11-15 22:00:00-07"
"NBP1005","Nathaniel B. Palmer","2010-12-02 04:58:03-07","2011-01-08 16:06:00-07"
"KM1024","R/V Kilo Moana","2010-12-10 22:00:00-07","2010-12-14 22:00:00-07"
"PALEOSUMA2010",NULL,"2010-12-18 17:00:00-07","2010-12-18 17:00:00-07"
"ODP Leg 199",NULL,"2010-12-31 22:00:00-07","2010-12-31 22:00:00-07"
"ODP Leg 203",NULL,"2010-12-31 22:00:00-07","2010-12-31 22:00:00-07"
"DSDP Leg 63",NULL,"2010-12-31 22:00:00-07","2010-12-31 22:00:00-07"
"R/V G.O. Sars, CGB2011",NULL,"2010-12-31 22:00:00-07","2010-12-31 22:00:00-07"
"XING",NULL,"2010-12-31 22:00:00-07","2010-12-31 22:00:00-07"
"NBP1005A","Nathaniel B. Palmer","2011-01-14 14:42:33-07","2011-01-14 15:05:56-07"
"ND11","RV Ndunduma","2011-01-14 22:00:00-07","2011-01-14 22:00:00-07"
"R/V KEXUE cruise in 2015",NULL,"2011-01-15 22:00:00-07","2011-01-15 22:00:00-07"
"CLDFT",NULL,"2011-01-22 22:00:00-07","2011-01-22 22:00:00-07"
"CARL",NULL,"2011-01-24 22:00:00-07","2017-01-16 22:00:00-07"
"WENCK",NULL,"2011-01-25 22:00:00-07","2011-01-25 22:00:00-07"
"ORDWAY",NULL,"2011-01-30 22:00:00-07","2011-01-30 22:00:00-07"
"Spanish Antarctic Campaign 2010-2011 (RECALDEC project CTM2009-05919-E/ANT)    ",NULL,"2011-01-31 02:00:00-07","2011-02-01 07:00:00-07"
"LONG",NULL,"2011-01-31 22:00:00-07","2011-01-31 22:00:00-07"
"WITIL",NULL,"2011-02-01 22:00:00-07","2011-02-25 22:00:00-07"
"KUROP",NULL,"2011-02-09 22:00:00-07","2011-02-09 22:00:00-07"
"1001",NULL,"2011-02-13 22:00:00-07","2014-03-24 21:00:00-07"
"GEGO",NULL,"2011-02-14 22:00:00-07","2014-05-16 21:00:00-07"
"JWR",NULL,"2011-02-17 22:00:00-07","2011-02-17 22:00:00-07"
"BB",NULL,"2011-02-22 22:00:00-07","2011-03-24 21:00:00-07"
"TAUPO","RV Rangatahi II","2011-03-13 21:00:00-07","2011-03-13 21:00:00-07"
"QLR",NULL,"2011-03-15 21:00:00-07","2011-06-22 21:00:00-07"
"ACOW",NULL,"2011-03-15 21:00:00-07","2014-03-06 22:00:00-07"
"NIBI",NULL,"2011-03-28 21:00:00-07","2011-03-28 21:00:00-07"
"MF",NULL,"2011-04-05 21:00:00-07","2012-06-13 21:00:00-07"
"BH11","RV Blue Heron","2011-04-21 21:00:00-07","2011-04-21 21:00:00-07"
"AYR",NULL,"2011-04-30 21:00:00-07","2011-04-30 21:00:00-07"
"TAS",NULL,"2011-04-30 21:00:00-07","2011-04-30 21:00:00-07"
"SPCZ14","RV Avon","2011-05-03 21:00:00-07","2011-06-24 21:00:00-07"
"WILS",NULL,"2011-05-08 21:00:00-07","2011-05-08 21:00:00-07"
"n/r16/05/11",NULL,"2011-05-15 13:00:00-07","2011-05-15 17:00:00-07"
"Idaho National Laboratory (INL)",NULL,"2011-05-15 21:00:00-07","2012-05-29 21:00:00-07"
"CAHO",NULL,"2011-05-16 21:00:00-07","2013-06-19 21:00:00-07"
"Lac d&apos;altitude19/05/11",NULL,"2011-05-18 17:00:00-07","2011-05-18 17:00:00-07"
"n/r19/05/11",NULL,"2011-05-18 17:00:00-07","2011-05-18 17:00:00-07"
"Lac d&#x27;altitude19/05/11",NULL,"2011-05-18 17:00:00-07","2011-05-18 17:00:00-07"
"KM11-16","R/V Kilo Moana","2011-05-20 21:00:00-07","2011-06-01 21:00:00-07"
"ANR 2008 IPER-RETRO (http://www6.inra.fr/iper_retro)26/05/11",NULL,"2011-05-25 17:00:00-07","2011-05-25 17:00:00-07"
"26/05/11_ANR 2008-2013 IPER-RETRO (http://www6.inra.fr/iper_retro)","UWITEC C2FN","2011-05-25 21:00:00-07","2011-05-25 21:00:00-07"
"JGA",NULL,"2011-05-31 21:00:00-07","2011-05-31 21:00:00-07"
"SAFEGE04/06/11",NULL,"2011-06-03 17:00:00-07","2011-06-03 17:00:00-07"
"CRLS",NULL,"2011-06-06 21:00:00-07","2011-06-07 21:00:00-07"
"THESE  FOUINAT L14/06/11",NULL,"2011-06-13 09:00:00-07","2011-06-13 17:00:00-07"
"HOTSPOT",NULL,"2011-06-14 21:00:00-07","2011-08-31 21:00:00-07"
"SMAST",NULL,"2011-06-21 21:00:00-07","2011-06-21 21:00:00-07"
"LRM",NULL,"2011-06-22 21:00:00-07","2011-07-06 21:00:00-07"
"AKAD11",NULL,"2011-06-26 21:00:00-07","2011-06-26 21:00:00-07"
"Critical Zone Observatory",NULL,"2011-06-27 21:00:00-07","2011-08-10 21:00:00-07"
"JUDD",NULL,"2011-06-30 21:00:00-07","2011-06-30 21:00:00-07"
"CARLACIAO 04/07/11",NULL,"2011-07-03 17:00:00-07","2011-07-03 17:00:00-07"
"THESE WILHELM B (orcid:0000-0002-0555-1915)04/07/11",NULL,"2011-07-03 17:00:00-07","2011-07-03 17:00:00-07"
"LADICIA04/07/11",NULL,"2011-07-03 17:00:00-07","2011-07-03 17:00:00-07"
"EYASI",NULL,"2011-07-03 21:00:00-07","2011-07-04 21:00:00-07"
"DAPH2","RV Happy","2011-07-06 21:00:00-07","2011-07-12 21:00:00-07"
"MOMARSAT11","Pourquoi Pas","2011-07-07 18:09:00-07","2011-07-20 21:05:00-07"
"BBCP",NULL,"2011-07-13 21:00:00-07","2011-08-02 21:00:00-07"
"MBARI Ridges 2011","R/V Western Flyer","2011-07-14 21:00:00-07","2013-08-17 05:29:58-07"
"THULE",NULL,"2011-07-15 21:00:00-07","2011-07-18 21:00:00-07"
"WF4537","Western Flyer","2011-07-15 21:00:00-07","2011-07-20 21:00:00-07"
"PITT",NULL,"2011-07-15 21:00:00-07","2011-07-25 21:00:00-07"
"BH11E","RV Blue Heron","2011-07-18 21:00:00-07","2011-07-20 21:00:00-07"
"Ridges 2011","Western Flyer","2011-07-20 17:16:00-07","2011-08-04 14:16:00-07"
"MBC",NULL,"2011-07-20 21:00:00-07","2011-07-21 21:00:00-07"
"KWRI",NULL,"2011-07-22 21:00:00-07","2011-07-22 21:00:00-07"
"ANR 2008 IPER-RETRO (http://www6.inra.fr/iper_retro)28/07/11",NULL,"2011-07-27 17:00:00-07","2011-07-27 17:00:00-07"
"AT18-08","Atlantis","2011-07-27 21:00:00-07","2011-07-30 21:00:00-07"
"WF4535","Western Flyer","2011-07-27 21:00:00-07","2011-08-04 21:00:00-07"
"HERD",NULL,"2011-07-28 21:00:00-07","2013-09-25 21:00:00-07"
"PhD fieldwork",NULL,"2011-07-31 13:00:00-07","2011-07-31 21:00:00-07"
"KN190","Knorr","2011-08-01 21:00:00-07","2011-08-13 21:00:00-07"
"ISRON",NULL,"2011-08-04 21:00:00-07","2011-08-04 21:00:00-07"
"FL11",NULL,"2011-08-10 21:00:00-07","2011-08-11 21:00:00-07"
"2012 Field Campaign",NULL,"2011-08-13 17:00:00-07","2011-08-13 17:00:00-07"
"BWCA",NULL,"2011-08-15 21:00:00-07","2011-08-23 21:00:00-07"
"SO4",NULL,"2011-08-18 21:00:00-07","2013-09-11 21:00:00-07"
"GREEN2",NULL,"2011-08-18 21:00:00-07","2011-08-29 21:00:00-07"
"MGL1111","R/V Marcus G. Langseth","2011-08-20 21:00:00-07","2011-08-28 21:00:00-07"
"Alps 2011",NULL,"2011-08-22 21:00:00-07","2011-08-30 21:00:00-07"
"UTWE",NULL,"2011-08-22 21:00:00-07","2011-08-24 21:00:00-07"
"VISIONS'11","R/V Thomas G. Thompson","2011-08-23 18:08:00-07","2011-08-30 02:01:10-07"
"SMC",NULL,"2011-08-23 21:00:00-07","2011-08-25 21:00:00-07"
"BH11IR","RV Blue Heron","2011-08-24 21:00:00-07","2011-08-24 21:00:00-07"
"NA014","E/V Nautilus","2011-09-04 21:00:00-07","2011-09-04 21:00:00-07"
"CASE13",NULL,"2011-09-05 21:00:00-07","2011-09-18 21:00:00-07"
"asdfa","asdfasdfaas","2011-09-05 21:00:00-07","2011-09-05 21:00:00-07"
"NA015","E/V Nautilus","2011-09-14 21:00:00-07","2011-09-22 21:00:00-07"
"ZABR AG RETRO-OBSERVATOIRE PLAN EAU ALTITUDE (Action N2010-19)23/09/11",NULL,"2011-09-22 09:00:00-07","2011-09-22 09:00:00-07"
"ZABR AG RETRO-OBSERVATOIRE PLAN EAU ALTITUDE (Action N&#x9d;2010-19)23/09/11",NULL,"2011-09-22 17:00:00-07","2011-09-22 17:00:00-07"
"ZABR AG RETRO-OBSERVATOIRE PLAN EAU ALTITUDE (Action No2010-19)23/09/11",NULL,"2011-09-22 17:00:00-07","2011-09-22 17:00:00-07"
"ZABR AG RETRO-OBSERVATOIRE PLAN EAU ALTITUDE (Action Né2010-19)23/09/11",NULL,"2011-09-22 17:00:00-07","2011-09-22 17:00:00-07"
"LOWP","RV MPCA Hewes","2011-09-22 21:00:00-07","2011-09-22 21:00:00-07"
"asdfasdf","asdfasdf","2011-09-25 21:00:00-07","2011-09-25 21:00:00-07"
"THESE  FOUINAT L04/10/11",NULL,"2011-10-03 17:00:00-07","2011-10-03 17:00:00-07"
"DivBen10/10/11",NULL,"2011-10-09 17:00:00-07","2011-10-09 17:00:00-07"
"NA017","E/V Nautilus","2011-10-09 21:00:00-07","2011-10-17 21:00:00-07"
"ANR 2008 IPER-RETRO (http://www6.inra.fr/iper_retro)13/10/11",NULL,"2011-10-12 17:00:00-07","2011-10-12 17:00:00-07"
"NICE",NULL,"2011-10-22 21:00:00-07","2016-05-16 21:00:00-07"
"BPP",NULL,"2011-10-25 21:00:00-07","2011-11-01 21:00:00-07"
"NA018","E/V Nautilus","2011-10-25 21:00:00-07","2011-11-02 21:00:00-07"
"TN271","Thompson","2011-10-26 17:00:00-07","2011-10-26 17:00:00-07"
"WAK",NULL,"2011-10-27 21:00:00-07","2011-10-27 21:00:00-07"
"ANR 2008 IPER-RETRO (http://www6.inra.fr/iper_retro)04/11/11",NULL,"2011-11-03 17:00:00-07","2011-11-03 17:00:00-07"
"KM1129a","R/V Kilo Moana","2011-11-08 22:00:00-07","2011-12-03 22:00:00-07"
"NA019","E/V Nautilus","2011-11-09 22:00:00-07","2011-11-09 22:00:00-07"
"TOFU 1",NULL,"2011-11-16 22:00:00-07","2011-11-23 22:00:00-07"
"n/r28/11/11",NULL,"2011-11-27 17:00:00-07","2011-11-27 17:00:00-07"
"DIVBen12/12/11",NULL,"2011-12-11 12:00:00-07","2011-12-11 17:00:00-07"
NULL,"Uwitec CLIMCOR I","2011-12-11 22:00:00-07","2011-12-11 22:00:00-07"
"ANR 2008 IPER-RETRO (http://www6.inra.fr/iper_retro)21/12/11",NULL,"2011-12-20 17:00:00-07","2011-12-20 17:00:00-07"
"TN273","Thomas G. Thompson","2011-12-24 07:59:16-07","2012-01-18 11:05:00-07"
"R/V Poseidon Leg 436",NULL,"2011-12-31 22:00:00-07","2011-12-31 22:00:00-07"
"QUECA",NULL,"2011-12-31 22:00:00-07","2011-12-31 22:00:00-07"
"NBP12-03","R/V Nathaniel B. Palmer","2011-12-31 22:00:00-07","2011-12-31 22:00:00-07"
"OMAA",NULL,"2012-01-08 22:00:00-07","2013-06-24 21:00:00-07"
"MANGO",NULL,"2012-01-09 22:00:00-07","2012-01-10 22:00:00-07"
"LPAH",NULL,"2012-01-10 22:00:00-07","2016-11-03 21:00:00-07"
"M12","RV Ndunduma","2012-01-11 22:00:00-07","2012-01-13 22:00:00-07"
"MBGLH",NULL,"2012-01-13 22:00:00-07","2014-02-23 22:00:00-07"
"MANGO","RV Kilindi","2012-01-13 22:00:00-07","2012-01-17 22:00:00-07"
"DR",NULL,"2012-01-14 22:00:00-07","2012-01-22 22:00:00-07"
"DJIB",NULL,"2012-01-14 22:00:00-07","2012-01-15 22:00:00-07"
"LK",NULL,"2012-01-15 22:00:00-07","2012-01-15 22:00:00-07"
"CYC",NULL,"2012-01-20 22:00:00-07","2012-01-20 22:00:00-07"
"C-PROFOR project",NULL,"2012-01-25 22:00:00-07","2012-07-18 21:00:00-07"
"2203",NULL,"2012-01-27 22:00:00-07","2018-01-20 22:00:00-07"
"BanglaPIRE",NULL,"2012-02-01 22:00:00-07","2012-02-15 22:00:00-07"
"NZ12",NULL,"2012-02-03 22:00:00-07","2012-03-04 22:00:00-07"
"ISTERRE / IRD14/02/12",NULL,"2012-02-13 12:00:00-07","2012-02-13 17:00:00-07"
"TSARR",NULL,"2012-02-13 22:00:00-07","2012-02-13 22:00:00-07"
"Volcanofiles Chile Expedition 2012",NULL,"2012-02-14 22:00:00-07","2012-02-14 22:00:00-07"
"MV1203","Melville","2012-02-14 22:00:00-07","2012-03-29 21:00:00-07"
"LES_TUILES_2",NULL,"2012-02-19 17:00:00-07","2012-11-25 17:00:00-07"
"MOCOSED2012",NULL,"2012-02-19 17:00:00-07","2012-02-28 17:00:00-07"
"LES_TUILES_1",NULL,"2012-02-19 17:00:00-07","2012-06-25 17:00:00-07"
"PRI",NULL,"2012-02-24 22:00:00-07","2012-02-24 22:00:00-07"
"PO",NULL,"2012-02-26 22:00:00-07","2012-02-27 22:00:00-07"
"LOW",NULL,"2012-02-27 22:00:00-07","2012-02-29 22:00:00-07"
"ANR 2008 IPER-RETRO (http://www6.inra.fr/iper_retro)29/02/12",NULL,"2012-02-28 17:00:00-07","2012-02-28 17:00:00-07"
"DivBen29/02/12",NULL,"2012-02-28 17:00:00-07","2012-02-28 17:00:00-07"
"ANR 2008 IPER-RETRO (http://www6.inra.fr/iper_retro)01/03/12",NULL,"2012-02-29 17:00:00-07","2012-02-29 17:00:00-07"
"PALSS",NULL,"2012-03-01 22:00:00-07","2012-03-03 22:00:00-07"
"CRADLE",NULL,"2012-03-04 22:00:00-07","2013-03-01 22:00:00-07"
"NHPM",NULL,"2012-03-04 22:00:00-07","2012-03-07 22:00:00-07"
"CAB",NULL,"2012-03-09 22:00:00-07","2013-03-28 21:00:00-07"
"VERSEAU project",NULL,"2012-03-14 21:00:00-07","2016-01-10 22:00:00-07"
"SOUTH",NULL,"2012-03-15 21:00:00-07","2012-03-15 21:00:00-07"
"TAS12",NULL,"2012-03-19 21:00:00-07","2012-03-25 21:00:00-07"
"TOFU 2",NULL,"2012-04-03 21:00:00-07","2012-04-07 21:00:00-07"
"THESE  FOUINAT L10/04/2012",NULL,"2012-04-09 13:00:00-07","2012-04-09 17:00:00-07"
"Gulf of California 2012","R/V Western Flyer","2012-04-22 07:19:31-07","2012-04-28 16:29:29-07"
"CLDP",NULL,"2012-04-26 21:00:00-07","2012-05-01 21:00:00-07"
"MGL1208","Marcus G. Langseth","2012-04-30 21:00:00-07","2012-05-22 21:00:00-07"
"MASTER BELLE S10/05/12",NULL,"2012-05-09 17:00:00-07","2012-05-09 17:00:00-07"
"SACP4",NULL,"2012-05-12 13:00:00-07","2015-07-09 17:00:00-07"
"THESE  FOUINAT L14/05/12",NULL,"2012-05-13 17:00:00-07","2012-05-13 17:00:00-07"
"KN207-02",NULL,"2012-05-13 21:00:00-07","2012-06-04 21:00:00-07"
"IsoMex18/05/12",NULL,"2012-05-14 13:00:00-07","2012-05-14 17:00:00-07"
"IsoMex29/05/12",NULL,"2012-05-28 13:00:00-07","2012-05-28 17:00:00-07"
"BAH",NULL,"2012-05-30 21:00:00-07","2013-06-03 21:00:00-07"
"SCRC",NULL,"2012-06-05 21:00:00-07","2012-06-05 21:00:00-07"
"CISALB07/06/12",NULL,"2012-06-06 17:00:00-07","2012-06-06 17:00:00-07"
"PLJV",NULL,"2012-06-06 21:00:00-07","2012-06-09 21:00:00-07"
"SPCZ14",NULL,"2012-06-19 21:00:00-07","2012-07-01 21:00:00-07"
"RIETI",NULL,"2012-06-20 21:00:00-07","2015-07-05 21:00:00-07"
"FARGO",NULL,"2012-06-22 21:00:00-07","2012-06-24 21:00:00-07"
"DIVben27/06/12",NULL,"2012-06-26 17:00:00-07","2012-06-26 17:00:00-07"
"KKLS",NULL,"2012-06-26 21:00:00-07","2012-06-26 21:00:00-07"
"XIT",NULL,"2012-06-26 21:00:00-07","2012-06-28 21:00:00-07"
"Harpp Santa Cruz/Rabida",NULL,"2012-06-30 21:00:00-07","2012-06-30 21:00:00-07"
"SREU",NULL,"2012-06-30 21:00:00-07","2012-06-30 21:00:00-07"
"PROJET ARCHEO13/07/12",NULL,"2012-07-10 17:00:00-07","2012-07-10 17:00:00-07"
"KAUF",NULL,"2012-07-10 21:00:00-07","2012-07-31 21:00:00-07"
"MOMARSAT2012","Thalassa","2012-07-13 18:22:52-07","2012-07-18 21:27:16-07"
"Lac d&apos;altitude17/07/12",NULL,"2012-07-16 17:00:00-07","2012-07-16 17:00:00-07"
"Lac d&#x27;altitude17/07/12",NULL,"2012-07-16 17:00:00-07","2012-07-16 17:00:00-07"
"DIVBen18/07/12",NULL,"2012-07-17 17:00:00-07","2012-07-17 17:00:00-07"
"USGS Alaska Basins and Petroleum Systems",NULL,"2012-07-17 21:00:00-07","2019-07-15 21:00:00-07"
"BAD",NULL,"2012-07-17 21:00:00-07","2014-02-11 22:00:00-07"
"SUIVI EDF20/07/12",NULL,"2012-07-19 17:00:00-07","2012-07-19 17:00:00-07"
"BH12A","RV Blue Heron","2012-07-23 21:00:00-07","2012-07-25 21:00:00-07"
"SEGMENT TZ FIELD CAMPAIGN 2012","Not Applicable","2012-07-25 21:00:00-07","2012-08-21 21:00:00-07"
"SEGMENT TZ FIELD CAMPAIGN 2016",NULL,"2012-07-27 21:00:00-07","2014-12-12 22:00:00-07"
"SEGMENT TZ FIELD CAMPAIGN 2012",NULL,"2012-07-27 21:00:00-07","2012-07-27 21:00:00-07"
"SEGMENT TZ FIELD CAMPAIGN 2013",NULL,"2012-07-27 21:00:00-07","2014-12-09 22:00:00-07"
"SEGMENT TZ FIELD CAMPAIGN 2014",NULL,"2012-07-27 21:00:00-07","2014-12-11 22:00:00-07"
"SEGMENT TZ FIELD CAMPAIGN 2015",NULL,"2012-07-27 21:00:00-07","2014-12-12 22:00:00-07"
"SEGMENT TZ FIELD CAMPAIGN 2017",NULL,"2012-07-27 21:00:00-07","2012-07-27 21:00:00-07"
"SEGMENT TZ FIELD CAMPAIGN 2018",NULL,"2012-07-27 21:00:00-07","2012-07-27 21:00:00-07"
"SEGMENT TZ FIELD CAMPAIGN 2019",NULL,"2012-07-27 21:00:00-07","2012-07-27 21:00:00-07"
"SEGMENT TZ FIELD CAMPAIGN 2020",NULL,"2012-07-27 21:00:00-07","2012-07-27 21:00:00-07"
"SEGMENT TZ FIELD CAMPAIGN 2021",NULL,"2012-07-27 21:00:00-07","2012-07-27 21:00:00-07"
"SEGMENT TZ FIELD CAMPAIGN 2022",NULL,"2012-07-27 21:00:00-07","2012-07-27 21:00:00-07"
"SEGMENT TZ FIELD CAMPAIGN 2023",NULL,"2012-07-27 21:00:00-07","2012-07-27 21:00:00-07"
"SEGMENT TZ FIELD CAMPAIGN 2024",NULL,"2012-07-27 21:00:00-07","2012-07-27 21:00:00-07"
"SEGMENT TZ FIELD CAMPAIGN 2025",NULL,"2012-07-27 21:00:00-07","2012-07-27 21:00:00-07"
"SEGMENT TZ FIELD CAMPAIGN 2026",NULL,"2012-07-27 21:00:00-07","2012-07-27 21:00:00-07"
"SEGMENT TZ FIELD CAMPAIGN 2027",NULL,"2012-07-27 21:00:00-07","2012-07-27 21:00:00-07"
"SEGMENT TZ FIELD CAMPAIGN 2028",NULL,"2012-07-27 21:00:00-07","2012-07-27 21:00:00-07"
"SEGMENT TZ FIELD CAMPAIGN 2029",NULL,"2012-07-27 21:00:00-07","2012-07-27 21:00:00-07"
"SEGMENT TZ FIELD CAMPAIGN 2030",NULL,"2012-07-27 21:00:00-07","2012-07-27 21:00:00-07"
"SEGMENT TZ FIELD CAMPAIGN 2031",NULL,"2012-07-27 21:00:00-07","2012-07-27 21:00:00-07"
"NA022","E/V Nautilus","2012-07-28 21:00:00-07","2012-08-06 21:00:00-07"
"SEGMENT TZ FIELD CAMPAIGN 2041",NULL,"2012-08-01 21:00:00-07","2012-08-01 21:00:00-07"
"SEGMENT TZ FIELD CAMPAIGN 2065",NULL,"2012-08-01 21:00:00-07","2012-08-01 21:00:00-07"
"SEGMENT TZ FIELD CAMPAIGN 2051",NULL,"2012-08-01 21:00:00-07","2012-08-01 21:00:00-07"
"SEGMENT TZ FIELD CAMPAIGN 2064",NULL,"2012-08-01 21:00:00-07","2012-08-01 21:00:00-07"
"SEGMENT TZ FIELD CAMPAIGN 2042",NULL,"2012-08-01 21:00:00-07","2012-08-01 21:00:00-07"
"SEGMENT TZ FIELD CAMPAIGN 2052",NULL,"2012-08-01 21:00:00-07","2012-08-01 21:00:00-07"
"SEGMENT TZ FIELD CAMPAIGN 2053",NULL,"2012-08-01 21:00:00-07","2012-08-01 21:00:00-07"
"SEGMENT TZ FIELD CAMPAIGN 2036",NULL,"2012-08-01 21:00:00-07","2012-08-01 21:00:00-07"
"SEGMENT TZ FIELD CAMPAIGN 2054",NULL,"2012-08-01 21:00:00-07","2012-08-01 21:00:00-07"
"SEGMENT TZ FIELD CAMPAIGN 2055",NULL,"2012-08-01 21:00:00-07","2012-08-01 21:00:00-07"
"SEGMENT TZ FIELD CAMPAIGN 2063",NULL,"2012-08-01 21:00:00-07","2012-08-01 21:00:00-07"
"SEGMENT TZ FIELD CAMPAIGN 2062",NULL,"2012-08-01 21:00:00-07","2012-08-01 21:00:00-07"
"SEGMENT TZ FIELD CAMPAIGN 2061",NULL,"2012-08-01 21:00:00-07","2012-08-01 21:00:00-07"
"SEGMENT TZ FIELD CAMPAIGN 2060",NULL,"2012-08-01 21:00:00-07","2012-08-01 21:00:00-07"
"SEGMENT TZ FIELD CAMPAIGN 2056",NULL,"2012-08-01 21:00:00-07","2012-08-01 21:00:00-07"
"SEGMENT TZ FIELD CAMPAIGN 2059",NULL,"2012-08-01 21:00:00-07","2012-08-01 21:00:00-07"
"SEGMENT TZ FIELD CAMPAIGN 2043",NULL,"2012-08-01 21:00:00-07","2012-08-01 21:00:00-07"
"SEGMENT TZ FIELD CAMPAIGN 2057",NULL,"2012-08-01 21:00:00-07","2012-08-01 21:00:00-07"
"SEGMENT TZ FIELD CAMPAIGN 2058",NULL,"2012-08-01 21:00:00-07","2012-08-01 21:00:00-07"
"SEGMENT TZ FIELD CAMPAIGN 2076",NULL,"2012-08-01 21:00:00-07","2012-08-01 21:00:00-07"
"SEGMENT TZ FIELD CAMPAIGN 2075",NULL,"2012-08-01 21:00:00-07","2012-08-01 21:00:00-07"
"SEGMENT TZ FIELD CAMPAIGN 2074",NULL,"2012-08-01 21:00:00-07","2012-08-01 21:00:00-07"
"SEGMENT TZ FIELD CAMPAIGN 2073",NULL,"2012-08-01 21:00:00-07","2012-08-01 21:00:00-07"
"SEGMENT TZ FIELD CAMPAIGN 2045",NULL,"2012-08-01 21:00:00-07","2012-08-01 21:00:00-07"
"SEGMENT TZ FIELD CAMPAIGN 2072",NULL,"2012-08-01 21:00:00-07","2012-08-01 21:00:00-07"
"SEGMENT TZ FIELD CAMPAIGN 2071",NULL,"2012-08-01 21:00:00-07","2012-08-01 21:00:00-07"
"SEGMENT TZ FIELD CAMPAIGN 2070",NULL,"2012-08-01 21:00:00-07","2012-08-01 21:00:00-07"
"SEGMENT TZ FIELD CAMPAIGN 2089",NULL,"2012-08-01 21:00:00-07","2012-08-01 21:00:00-07"
"SEGMENT TZ FIELD CAMPAIGN 2088",NULL,"2012-08-01 21:00:00-07","2012-08-01 21:00:00-07"
"SEGMENT TZ FIELD CAMPAIGN 2087",NULL,"2012-08-01 21:00:00-07","2012-08-01 21:00:00-07"
"SEGMENT TZ FIELD CAMPAIGN 2086",NULL,"2012-08-01 21:00:00-07","2012-08-01 21:00:00-07"
"SEGMENT TZ FIELD CAMPAIGN 2085",NULL,"2012-08-01 21:00:00-07","2012-08-01 21:00:00-07"
"SEGMENT TZ FIELD CAMPAIGN 2044",NULL,"2012-08-01 21:00:00-07","2012-08-01 21:00:00-07"
"SEGMENT TZ FIELD CAMPAIGN 2035",NULL,"2012-08-01 21:00:00-07","2012-08-01 21:00:00-07"
"SEGMENT TZ FIELD CAMPAIGN 2069",NULL,"2012-08-01 21:00:00-07","2012-08-01 21:00:00-07"
"SEGMENT TZ FIELD CAMPAIGN 2084",NULL,"2012-08-01 21:00:00-07","2012-08-01 21:00:00-07"
"SEGMENT TZ FIELD CAMPAIGN 2083",NULL,"2012-08-01 21:00:00-07","2012-08-01 21:00:00-07"
"SEGMENT TZ FIELD CAMPAIGN 2082",NULL,"2012-08-01 21:00:00-07","2012-08-01 21:00:00-07"
"SEGMENT TZ FIELD CAMPAIGN 2068",NULL,"2012-08-01 21:00:00-07","2012-08-01 21:00:00-07"
"SEGMENT TZ FIELD CAMPAIGN 2081",NULL,"2012-08-01 21:00:00-07","2012-08-01 21:00:00-07"
"SEGMENT TZ FIELD CAMPAIGN 2037",NULL,"2012-08-01 21:00:00-07","2012-08-01 21:00:00-07"
"SEGMENT TZ FIELD CAMPAIGN 2046",NULL,"2012-08-01 21:00:00-07","2012-08-01 21:00:00-07"
"SEGMENT TZ FIELD CAMPAIGN 2080",NULL,"2012-08-01 21:00:00-07","2012-08-01 21:00:00-07"
"SEGMENT TZ FIELD CAMPAIGN 2079",NULL,"2012-08-01 21:00:00-07","2012-08-01 21:00:00-07"
"SEGMENT TZ FIELD CAMPAIGN 2067",NULL,"2012-08-01 21:00:00-07","2012-08-01 21:00:00-07"
"SEGMENT TZ FIELD CAMPAIGN 2078",NULL,"2012-08-01 21:00:00-07","2012-08-01 21:00:00-07"
"SEGMENT TZ FIELD CAMPAIGN 2091",NULL,"2012-08-01 21:00:00-07","2012-08-01 21:00:00-07"
"SEGMENT TZ FIELD CAMPAIGN 2034",NULL,"2012-08-01 21:00:00-07","2012-08-01 21:00:00-07"
"SEGMENT TZ FIELD CAMPAIGN 2077",NULL,"2012-08-01 21:00:00-07","2012-08-01 21:00:00-07"
"SEGMENT TZ FIELD CAMPAIGN 2090",NULL,"2012-08-01 21:00:00-07","2012-08-01 21:00:00-07"
"SEGMENT TZ FIELD CAMPAIGN 2038",NULL,"2012-08-01 21:00:00-07","2012-08-01 21:00:00-07"
"SEGMENT TZ FIELD CAMPAIGN 2047",NULL,"2012-08-01 21:00:00-07","2012-08-01 21:00:00-07"
"SEGMENT TZ FIELD CAMPAIGN 2039",NULL,"2012-08-01 21:00:00-07","2012-08-01 21:00:00-07"
"SEGMENT TZ FIELD CAMPAIGN 2033",NULL,"2012-08-01 21:00:00-07","2012-08-01 21:00:00-07"
"SEGMENT TZ FIELD CAMPAIGN 2048",NULL,"2012-08-01 21:00:00-07","2012-08-01 21:00:00-07"
"SEGMENT TZ FIELD CAMPAIGN 2040",NULL,"2012-08-01 21:00:00-07","2012-08-01 21:00:00-07"
"SEGMENT TZ FIELD CAMPAIGN 2066",NULL,"2012-08-01 21:00:00-07","2012-08-01 21:00:00-07"
"SEGMENT TZ FIELD CAMPAIGN 2049",NULL,"2012-08-01 21:00:00-07","2012-08-01 21:00:00-07"
"SEGMENT TZ FIELD CAMPAIGN 2050",NULL,"2012-08-01 21:00:00-07","2012-08-01 21:00:00-07"
"SEGMENT TZ FIELD CAMPAIGN 2032",NULL,"2012-08-01 21:00:00-07","2012-08-01 21:00:00-07"
"SEGMENT TZ FIELD CAMPAIGN 2117",NULL,"2012-08-03 21:00:00-07","2012-08-03 21:00:00-07"
"SEGMENT TZ FIELD CAMPAIGN 2133",NULL,"2012-08-03 21:00:00-07","2012-08-03 21:00:00-07"
"SEGMENT TZ FIELD CAMPAIGN 2132",NULL,"2012-08-03 21:00:00-07","2012-08-03 21:00:00-07"
"SEGMENT TZ FIELD CAMPAIGN 2113",NULL,"2012-08-03 21:00:00-07","2012-08-03 21:00:00-07"
"SEGMENT TZ FIELD CAMPAIGN 2114",NULL,"2012-08-03 21:00:00-07","2012-08-03 21:00:00-07"
"SEGMENT TZ FIELD CAMPAIGN 2131",NULL,"2012-08-03 21:00:00-07","2012-08-03 21:00:00-07"
"SEGMENT TZ FIELD CAMPAIGN 2130",NULL,"2012-08-03 21:00:00-07","2012-08-03 21:00:00-07"
"SEGMENT TZ FIELD CAMPAIGN 2115",NULL,"2012-08-03 21:00:00-07","2012-08-03 21:00:00-07"
"SEGMENT TZ FIELD CAMPAIGN 2129",NULL,"2012-08-03 21:00:00-07","2012-08-03 21:00:00-07"
"SEGMENT TZ FIELD CAMPAIGN 2116",NULL,"2012-08-03 21:00:00-07","2012-08-03 21:00:00-07"
"SEGMENT TZ FIELD CAMPAIGN 2118",NULL,"2012-08-03 21:00:00-07","2012-08-03 21:00:00-07"
"SEGMENT TZ FIELD CAMPAIGN 2128",NULL,"2012-08-03 21:00:00-07","2012-08-03 21:00:00-07"
"SEGMENT TZ FIELD CAMPAIGN 2127",NULL,"2012-08-03 21:00:00-07","2012-08-03 21:00:00-07"
"SEGMENT TZ FIELD CAMPAIGN 2126",NULL,"2012-08-03 21:00:00-07","2012-08-03 21:00:00-07"
"SEGMENT TZ FIELD CAMPAIGN 2125",NULL,"2012-08-03 21:00:00-07","2012-08-03 21:00:00-07"
"SEGMENT TZ FIELD CAMPAIGN 2119",NULL,"2012-08-03 21:00:00-07","2012-08-03 21:00:00-07"
"SEGMENT TZ FIELD CAMPAIGN 2120",NULL,"2012-08-03 21:00:00-07","2012-08-03 21:00:00-07"
"SEGMENT TZ FIELD CAMPAIGN 2124",NULL,"2012-08-03 21:00:00-07","2012-08-03 21:00:00-07"
"SEGMENT TZ FIELD CAMPAIGN 2123",NULL,"2012-08-03 21:00:00-07","2012-08-03 21:00:00-07"
"SEGMENT TZ FIELD CAMPAIGN 2122",NULL,"2012-08-03 21:00:00-07","2012-08-03 21:00:00-07"
"SEGMENT TZ FIELD CAMPAIGN 2121",NULL,"2012-08-03 21:00:00-07","2012-08-03 21:00:00-07"
"NOA-Svalbard",NULL,"2012-08-03 21:00:00-07","2012-09-06 21:00:00-07"
"BDL",NULL,"2012-08-06 21:00:00-07","2012-08-06 21:00:00-07"
"SEGMENT TZ FIELD CAMPAIGN 2152",NULL,"2012-08-07 21:00:00-07","2012-08-07 21:00:00-07"
"SEGMENT TZ FIELD CAMPAIGN 2153",NULL,"2012-08-07 21:00:00-07","2012-08-07 21:00:00-07"
"SEGMENT TZ FIELD CAMPAIGN 2150",NULL,"2012-08-07 21:00:00-07","2012-08-07 21:00:00-07"
"SEGMENT TZ FIELD CAMPAIGN 2140",NULL,"2012-08-07 21:00:00-07","2012-08-07 21:00:00-07"
"SEGMENT TZ FIELD CAMPAIGN 2139",NULL,"2012-08-07 21:00:00-07","2012-08-07 21:00:00-07"
"SEGMENT TZ FIELD CAMPAIGN 2138",NULL,"2012-08-07 21:00:00-07","2012-08-07 21:00:00-07"
"SEGMENT TZ FIELD CAMPAIGN 2134",NULL,"2012-08-07 21:00:00-07","2012-08-07 21:00:00-07"
"SEGMENT TZ FIELD CAMPAIGN 2149",NULL,"2012-08-07 21:00:00-07","2012-08-07 21:00:00-07"
"SEGMENT TZ FIELD CAMPAIGN 2148",NULL,"2012-08-07 21:00:00-07","2012-08-07 21:00:00-07"
"SEGMENT TZ FIELD CAMPAIGN 2137",NULL,"2012-08-07 21:00:00-07","2012-08-07 21:00:00-07"
"SEGMENT TZ FIELD CAMPAIGN 2135",NULL,"2012-08-07 21:00:00-07","2012-08-07 21:00:00-07"
"THULE2",NULL,"2012-08-07 21:00:00-07","2012-08-22 21:00:00-07"
"SEGMENT TZ FIELD CAMPAIGN 2136",NULL,"2012-08-07 21:00:00-07","2012-08-07 21:00:00-07"
"LAVO",NULL,"2012-08-07 21:00:00-07","2014-08-07 21:00:00-07"
"SEGMENT TZ FIELD CAMPAIGN 2147",NULL,"2012-08-07 21:00:00-07","2012-08-07 21:00:00-07"
"SEGMENT TZ FIELD CAMPAIGN 2146",NULL,"2012-08-07 21:00:00-07","2012-08-07 21:00:00-07"
"SEGMENT TZ FIELD CAMPAIGN 2151",NULL,"2012-08-07 21:00:00-07","2012-08-07 21:00:00-07"
"SEGMENT TZ FIELD CAMPAIGN 2145",NULL,"2012-08-07 21:00:00-07","2012-08-07 21:00:00-07"
"SEGMENT TZ FIELD CAMPAIGN 2144",NULL,"2012-08-07 21:00:00-07","2012-08-07 21:00:00-07"
"SEGMENT TZ FIELD CAMPAIGN 2143",NULL,"2012-08-07 21:00:00-07","2012-08-07 21:00:00-07"
"SEGMENT TZ FIELD CAMPAIGN 2141",NULL,"2012-08-07 21:00:00-07","2012-08-07 21:00:00-07"
"SEGMENT TZ FIELD CAMPAIGN 2142",NULL,"2012-08-07 21:00:00-07","2012-08-07 21:00:00-07"
"SEGMENT TZ FIELD CAMPAIGN 2168",NULL,"2012-08-10 21:00:00-07","2012-08-10 21:00:00-07"
"SEGMENT TZ FIELD CAMPAIGN 2154",NULL,"2012-08-10 21:00:00-07","2012-08-10 21:00:00-07"
"SEGMENT TZ FIELD CAMPAIGN 2155",NULL,"2012-08-10 21:00:00-07","2012-08-10 21:00:00-07"
"SEGMENT TZ FIELD CAMPAIGN 2156",NULL,"2012-08-10 21:00:00-07","2012-08-10 21:00:00-07"
"SEGMENT TZ FIELD CAMPAIGN 2167",NULL,"2012-08-10 21:00:00-07","2012-08-10 21:00:00-07"
"SEGMENT TZ FIELD CAMPAIGN 2172",NULL,"2012-08-10 21:00:00-07","2012-08-10 21:00:00-07"
"SEGMENT TZ FIELD CAMPAIGN 2157",NULL,"2012-08-10 21:00:00-07","2012-08-10 21:00:00-07"
"SEGMENT TZ FIELD CAMPAIGN 2158",NULL,"2012-08-10 21:00:00-07","2012-08-10 21:00:00-07"
"SEGMENT TZ FIELD CAMPAIGN 2159",NULL,"2012-08-10 21:00:00-07","2012-08-10 21:00:00-07"
"SEGMENT TZ FIELD CAMPAIGN 2160",NULL,"2012-08-10 21:00:00-07","2012-08-10 21:00:00-07"
"PNWH",NULL,"2012-08-10 21:00:00-07","2015-08-13 21:00:00-07"
"SEGMENT TZ FIELD CAMPAIGN 2161",NULL,"2012-08-10 21:00:00-07","2012-08-10 21:00:00-07"
"SEGMENT TZ FIELD CAMPAIGN 2169",NULL,"2012-08-10 21:00:00-07","2012-08-10 21:00:00-07"
"SEGMENT TZ FIELD CAMPAIGN 2166",NULL,"2012-08-10 21:00:00-07","2012-08-10 21:00:00-07"
"SEGMENT TZ FIELD CAMPAIGN 2170",NULL,"2012-08-10 21:00:00-07","2012-08-10 21:00:00-07"
"SEGMENT TZ FIELD CAMPAIGN 2162",NULL,"2012-08-10 21:00:00-07","2012-08-10 21:00:00-07"
"SEGMENT TZ FIELD CAMPAIGN 2171",NULL,"2012-08-10 21:00:00-07","2012-08-10 21:00:00-07"
"SEGMENT TZ FIELD CAMPAIGN 2163",NULL,"2012-08-10 21:00:00-07","2012-08-10 21:00:00-07"
"SEGMENT TZ FIELD CAMPAIGN 2173",NULL,"2012-08-10 21:00:00-07","2012-08-10 21:00:00-07"
"SEGMENT TZ FIELD CAMPAIGN 2165",NULL,"2012-08-10 21:00:00-07","2012-08-10 21:00:00-07"
"SEGMENT TZ FIELD CAMPAIGN 2164",NULL,"2012-08-10 21:00:00-07","2012-08-10 21:00:00-07"
"NA023","E/V Nautilus","2012-08-14 21:00:00-07","2012-08-24 21:00:00-07"
"SEGMENT TZ FIELD CAMPAIGN 2105",NULL,"2012-08-18 21:00:00-07","2012-08-18 21:00:00-07"
"SEGMENT TZ FIELD CAMPAIGN 2096",NULL,"2012-08-18 21:00:00-07","2012-08-18 21:00:00-07"
"SEGMENT TZ FIELD CAMPAIGN 2112",NULL,"2012-08-18 21:00:00-07","2012-08-18 21:00:00-07"
"SEGMENT TZ FIELD CAMPAIGN 2095",NULL,"2012-08-18 21:00:00-07","2012-08-18 21:00:00-07"
"SEGMENT TZ FIELD CAMPAIGN 2104",NULL,"2012-08-18 21:00:00-07","2012-08-18 21:00:00-07"
"SEGMENT TZ FIELD CAMPAIGN 2103",NULL,"2012-08-18 21:00:00-07","2012-08-18 21:00:00-07"
"SEGMENT TZ FIELD CAMPAIGN 2102",NULL,"2012-08-18 21:00:00-07","2012-08-18 21:00:00-07"
"SEGMENT TZ FIELD CAMPAIGN 2101",NULL,"2012-08-18 21:00:00-07","2012-08-18 21:00:00-07"
"SEGMENT TZ FIELD CAMPAIGN 2100",NULL,"2012-08-18 21:00:00-07","2012-08-18 21:00:00-07"
"SEGMENT TZ FIELD CAMPAIGN 2093",NULL,"2012-08-18 21:00:00-07","2012-08-18 21:00:00-07"
"SEGMENT TZ FIELD CAMPAIGN 2092",NULL,"2012-08-18 21:00:00-07","2012-08-18 21:00:00-07"
"SEGMENT TZ FIELD CAMPAIGN 2099",NULL,"2012-08-18 21:00:00-07","2012-08-18 21:00:00-07"
"SEGMENT TZ FIELD CAMPAIGN 2094",NULL,"2012-08-18 21:00:00-07","2012-08-18 21:00:00-07"
"SEGMENT TZ FIELD CAMPAIGN 2098",NULL,"2012-08-18 21:00:00-07","2012-08-18 21:00:00-07"
"SEGMENT TZ FIELD CAMPAIGN 2097",NULL,"2012-08-18 21:00:00-07","2012-08-18 21:00:00-07"
"SEGMENT TZ FIELD CAMPAIGN 2110",NULL,"2012-08-18 21:00:00-07","2012-08-18 21:00:00-07"
"SEGMENT TZ FIELD CAMPAIGN 2109",NULL,"2012-08-18 21:00:00-07","2012-08-18 21:00:00-07"
"SEGMENT TZ FIELD CAMPAIGN 2108",NULL,"2012-08-18 21:00:00-07","2012-08-18 21:00:00-07"
"SEGMENT TZ FIELD CAMPAIGN 2107",NULL,"2012-08-18 21:00:00-07","2012-08-18 21:00:00-07"
"SEGMENT TZ FIELD CAMPAIGN 2106",NULL,"2012-08-18 21:00:00-07","2012-08-18 21:00:00-07"
"SEGMENT TZ FIELD CAMPAIGN 2111",NULL,"2012-08-18 21:00:00-07","2012-08-18 21:00:00-07"
"SEGMENT TZ FIELD CAMPAIGN 2201",NULL,"2012-08-19 21:00:00-07","2012-08-19 21:00:00-07"
"SEGMENT TZ FIELD CAMPAIGN 2222",NULL,"2012-08-19 21:00:00-07","2012-08-19 21:00:00-07"
"SEGMENT TZ FIELD CAMPAIGN 2223",NULL,"2012-08-19 21:00:00-07","2012-08-19 21:00:00-07"
"SEGMENT TZ FIELD CAMPAIGN 2224",NULL,"2012-08-19 21:00:00-07","2012-08-19 21:00:00-07"
"SEGMENT TZ FIELD CAMPAIGN 2225",NULL,"2012-08-19 21:00:00-07","2012-08-19 21:00:00-07"
"SEGMENT TZ FIELD CAMPAIGN 2226",NULL,"2012-08-19 21:00:00-07","2012-08-19 21:00:00-07"
"SEGMENT TZ FIELD CAMPAIGN 2227",NULL,"2012-08-19 21:00:00-07","2012-08-19 21:00:00-07"
"SEGMENT TZ FIELD CAMPAIGN 2221",NULL,"2012-08-19 21:00:00-07","2012-08-19 21:00:00-07"
"SEGMENT TZ FIELD CAMPAIGN 2228",NULL,"2012-08-19 21:00:00-07","2012-08-19 21:00:00-07"
"SEGMENT TZ FIELD CAMPAIGN 2220",NULL,"2012-08-19 21:00:00-07","2012-08-19 21:00:00-07"
"SEGMENT TZ FIELD CAMPAIGN 2229",NULL,"2012-08-19 21:00:00-07","2012-08-19 21:00:00-07"
"SEGMENT TZ FIELD CAMPAIGN 2230",NULL,"2012-08-19 21:00:00-07","2012-08-19 21:00:00-07"
"SEGMENT TZ FIELD CAMPAIGN 2231",NULL,"2012-08-19 21:00:00-07","2012-08-19 21:00:00-07"
"SEGMENT TZ FIELD CAMPAIGN 2232",NULL,"2012-08-19 21:00:00-07","2012-08-19 21:00:00-07"
"SEGMENT TZ FIELD CAMPAIGN 2233",NULL,"2012-08-19 21:00:00-07","2012-08-19 21:00:00-07"
"SEGMENT TZ FIELD CAMPAIGN 2219",NULL,"2012-08-19 21:00:00-07","2012-08-19 21:00:00-07"
"SEGMENT TZ FIELD CAMPAIGN 2218",NULL,"2012-08-19 21:00:00-07","2012-08-19 21:00:00-07"
"SEGMENT TZ FIELD CAMPAIGN 2217",NULL,"2012-08-19 21:00:00-07","2012-08-19 21:00:00-07"
"SEGMENT TZ FIELD CAMPAIGN 2216",NULL,"2012-08-19 21:00:00-07","2012-08-19 21:00:00-07"
"SEGMENT TZ FIELD CAMPAIGN 2215",NULL,"2012-08-19 21:00:00-07","2012-08-19 21:00:00-07"
"SEGMENT TZ FIELD CAMPAIGN 2214",NULL,"2012-08-19 21:00:00-07","2012-08-19 21:00:00-07"
"SEGMENT TZ FIELD CAMPAIGN 2213",NULL,"2012-08-19 21:00:00-07","2012-08-19 21:00:00-07"
"SEGMENT TZ FIELD CAMPAIGN 2212",NULL,"2012-08-19 21:00:00-07","2012-08-19 21:00:00-07"
"SEGMENT TZ FIELD CAMPAIGN 2211",NULL,"2012-08-19 21:00:00-07","2012-08-19 21:00:00-07"
"SEGMENT TZ FIELD CAMPAIGN 2210",NULL,"2012-08-19 21:00:00-07","2012-08-19 21:00:00-07"
"SEGMENT TZ FIELD CAMPAIGN 2209",NULL,"2012-08-19 21:00:00-07","2012-08-19 21:00:00-07"
"SEGMENT TZ FIELD CAMPAIGN 2208",NULL,"2012-08-19 21:00:00-07","2012-08-19 21:00:00-07"
"SEGMENT TZ FIELD CAMPAIGN 2207",NULL,"2012-08-19 21:00:00-07","2012-08-19 21:00:00-07"
"SEGMENT TZ FIELD CAMPAIGN 2234",NULL,"2012-08-19 21:00:00-07","2012-08-19 21:00:00-07"
"SEGMENT TZ FIELD CAMPAIGN 2206",NULL,"2012-08-19 21:00:00-07","2012-08-19 21:00:00-07"
"SEGMENT TZ FIELD CAMPAIGN 2205",NULL,"2012-08-19 21:00:00-07","2012-08-19 21:00:00-07"
"SEGMENT TZ FIELD CAMPAIGN 2204",NULL,"2012-08-19 21:00:00-07","2012-08-19 21:00:00-07"
"SEGMENT TZ FIELD CAMPAIGN 2203",NULL,"2012-08-19 21:00:00-07","2012-08-19 21:00:00-07"
"SEGMENT TZ FIELD CAMPAIGN 2235",NULL,"2012-08-19 21:00:00-07","2012-08-19 21:00:00-07"
"SEGMENT TZ FIELD CAMPAIGN 2202",NULL,"2012-08-19 21:00:00-07","2012-08-19 21:00:00-07"
"SEGMENT TZ FIELD CAMPAIGN 2200",NULL,"2012-08-19 21:00:00-07","2012-08-19 21:00:00-07"
"SEGMENT TZ FIELD CAMPAIGN 2199",NULL,"2012-08-19 21:00:00-07","2012-08-19 21:00:00-07"
"SEGMENT TZ FIELD CAMPAIGN 2198",NULL,"2012-08-19 21:00:00-07","2012-08-19 21:00:00-07"
"SEGMENT TZ FIELD CAMPAIGN 2197",NULL,"2012-08-19 21:00:00-07","2012-08-19 21:00:00-07"
"SEGMENT TZ FIELD CAMPAIGN 2196",NULL,"2012-08-19 21:00:00-07","2012-08-19 21:00:00-07"
"SEGMENT TZ FIELD CAMPAIGN 2195",NULL,"2012-08-19 21:00:00-07","2012-08-19 21:00:00-07"
"SEGMENT TZ FIELD CAMPAIGN 2194",NULL,"2012-08-19 21:00:00-07","2012-08-19 21:00:00-07"
"SEGMENT TZ FIELD CAMPAIGN 2193",NULL,"2012-08-19 21:00:00-07","2012-08-19 21:00:00-07"
"SEGMENT TZ FIELD CAMPAIGN 2192",NULL,"2012-08-19 21:00:00-07","2012-08-19 21:00:00-07"
"SEGMENT TZ FIELD CAMPAIGN 2191",NULL,"2012-08-19 21:00:00-07","2012-08-19 21:00:00-07"
"SEGMENT TZ FIELD CAMPAIGN 2190",NULL,"2012-08-19 21:00:00-07","2012-08-19 21:00:00-07"
"SEGMENT TZ FIELD CAMPAIGN 2189",NULL,"2012-08-19 21:00:00-07","2012-08-19 21:00:00-07"
"SEGMENT TZ FIELD CAMPAIGN 2188",NULL,"2012-08-19 21:00:00-07","2012-08-19 21:00:00-07"
"SEGMENT TZ FIELD CAMPAIGN 2187",NULL,"2012-08-19 21:00:00-07","2012-08-19 21:00:00-07"
"SEGMENT TZ FIELD CAMPAIGN 2186",NULL,"2012-08-19 21:00:00-07","2012-08-19 21:00:00-07"
"SEGMENT TZ FIELD CAMPAIGN 2185",NULL,"2012-08-19 21:00:00-07","2012-08-19 21:00:00-07"
"SEGMENT TZ FIELD CAMPAIGN 2184",NULL,"2012-08-19 21:00:00-07","2012-08-19 21:00:00-07"
"SEGMENT TZ FIELD CAMPAIGN 2183",NULL,"2012-08-19 21:00:00-07","2012-08-19 21:00:00-07"
"SEGMENT TZ FIELD CAMPAIGN 2182",NULL,"2012-08-19 21:00:00-07","2012-08-19 21:00:00-07"
"SEGMENT TZ FIELD CAMPAIGN 2181",NULL,"2012-08-19 21:00:00-07","2012-08-19 21:00:00-07"
"SEGMENT TZ FIELD CAMPAIGN 2180",NULL,"2012-08-19 21:00:00-07","2012-08-19 21:00:00-07"
"SEGMENT TZ FIELD CAMPAIGN 2179",NULL,"2012-08-19 21:00:00-07","2012-08-19 21:00:00-07"
"SEGMENT TZ FIELD CAMPAIGN 2178",NULL,"2012-08-19 21:00:00-07","2012-08-19 21:00:00-07"
"SEGMENT TZ FIELD CAMPAIGN 2177",NULL,"2012-08-19 21:00:00-07","2012-08-19 21:00:00-07"
"SEGMENT TZ FIELD CAMPAIGN 2176",NULL,"2012-08-19 21:00:00-07","2012-08-19 21:00:00-07"
"SEGMENT TZ FIELD CAMPAIGN 2175",NULL,"2012-08-19 21:00:00-07","2012-08-19 21:00:00-07"
"SEGMENT TZ FIELD CAMPAIGN 2174",NULL,"2012-08-19 21:00:00-07","2012-08-19 21:00:00-07"
"SEGMENT TZ FIELD CAMPAIGN 2243",NULL,"2012-08-20 21:00:00-07","2012-08-20 21:00:00-07"
"SEGMENT TZ FIELD CAMPAIGN 2245",NULL,"2012-08-20 21:00:00-07","2012-08-20 21:00:00-07"
"SEGMENT TZ FIELD CAMPAIGN 2241",NULL,"2012-08-20 21:00:00-07","2012-08-20 21:00:00-07"
"SEGMENT TZ FIELD CAMPAIGN 2240",NULL,"2012-08-20 21:00:00-07","2012-08-20 21:00:00-07"
"SEGMENT TZ FIELD CAMPAIGN 2239",NULL,"2012-08-20 21:00:00-07","2012-08-20 21:00:00-07"
"SEGMENT TZ FIELD CAMPAIGN 2238",NULL,"2012-08-20 21:00:00-07","2012-08-20 21:00:00-07"
"SEGMENT TZ FIELD CAMPAIGN 2244",NULL,"2012-08-20 21:00:00-07","2012-08-20 21:00:00-07"
"SEGMENT TZ FIELD CAMPAIGN 2237",NULL,"2012-08-20 21:00:00-07","2012-08-20 21:00:00-07"
"SEGMENT TZ FIELD CAMPAIGN 2236",NULL,"2012-08-20 21:00:00-07","2012-08-20 21:00:00-07"
"SEGMENT TZ FIELD CAMPAIGN 2242",NULL,"2012-08-20 21:00:00-07","2012-08-20 21:00:00-07"
"SEGMENT TZ FIELD CAMPAIGN 2246",NULL,"2012-08-20 21:00:00-07","2012-08-20 21:00:00-07"
"SEGMENT TZ FIELD CAMPAIGN 2255",NULL,"2012-08-20 21:00:00-07","2012-08-20 21:00:00-07"
"SEGMENT TZ FIELD CAMPAIGN 2247",NULL,"2012-08-20 21:00:00-07","2012-08-20 21:00:00-07"
"SEGMENT TZ FIELD CAMPAIGN 2248",NULL,"2012-08-20 21:00:00-07","2012-08-20 21:00:00-07"
"SEGMENT TZ FIELD CAMPAIGN 2249",NULL,"2012-08-20 21:00:00-07","2012-08-20 21:00:00-07"
"SEGMENT TZ FIELD CAMPAIGN 2254",NULL,"2012-08-20 21:00:00-07","2012-08-20 21:00:00-07"
"SEGMENT TZ FIELD CAMPAIGN 2250",NULL,"2012-08-20 21:00:00-07","2012-08-20 21:00:00-07"
"SEGMENT TZ FIELD CAMPAIGN 2253",NULL,"2012-08-20 21:00:00-07","2012-08-20 21:00:00-07"
"SEGMENT TZ FIELD CAMPAIGN 2251",NULL,"2012-08-20 21:00:00-07","2012-08-20 21:00:00-07"
"SEGMENT TZ FIELD CAMPAIGN 2252",NULL,"2012-08-20 21:00:00-07","2012-08-20 21:00:00-07"
"Vráble 2012; DFG-Project ""Vráble - Emergence and decline of an early bronze age settlement center in southwest Slovakia""",NULL,"2012-08-31 21:00:00-07","2012-08-31 21:00:00-07"
"Prasklice 2012; Geomagnetic prospection in the Czech Republic",NULL,"2012-08-31 21:00:00-07","2012-08-31 21:00:00-07"
"RR1211","Roger Revelle","2012-09-12 21:00:00-07","2012-09-24 21:00:00-07"
"ODP",NULL,"2012-09-14 21:00:00-07","2012-09-23 21:00:00-07"
"HLY1202","Healy","2012-09-16 21:41:00-07","2012-09-22 10:10:00-07"
"THESE  FOUINAT L18/09/12",NULL,"2012-09-17 17:00:00-07","2012-09-17 17:00:00-07"
"VERSEAU - DRASTICprojects (Loire-Bretagne Water Agency)",NULL,"2012-09-17 21:00:00-07","2013-01-15 22:00:00-07"
"Věteřov 2012; Geomagnetic prospection in the Czech Republic",NULL,"2012-09-19 21:00:00-07","2012-09-19 21:00:00-07"
"PRES",NULL,"2012-09-30 21:00:00-07","2012-10-04 21:00:00-07"
"PROCOPE02/10/12",NULL,"2012-10-01 17:00:00-07","2012-10-01 17:00:00-07"
"THESE  FOUINAT L10/04/12",NULL,"2012-10-03 17:00:00-07","2012-10-03 17:00:00-07"
"GI",NULL,"2012-10-05 21:00:00-07","2012-10-09 21:00:00-07"
"Biomarqueurs focaux (Haute-Tarentaise)10/10/12",NULL,"2012-10-09 17:00:00-07","2012-10-09 17:00:00-07"
"Biomarqueurs f&#x9d;caux (Haute-Tarentaise)10/10/12",NULL,"2012-10-09 17:00:00-07","2012-10-09 17:00:00-07"
"Biomarqueurs fécaux (Haute-Tarentaise)10/10/12",NULL,"2012-10-09 17:00:00-07","2012-10-09 17:00:00-07"
"LMG12-11","R/V Laurence M. Gould","2012-10-21 21:00:00-07","2312-10-24 21:00:00-07"
"CHUB",NULL,"2012-10-25 21:00:00-07","2012-10-25 21:00:00-07"
"PLAD",NULL,"2012-10-27 21:00:00-07","2014-05-31 21:00:00-07"
"TOFU 3",NULL,"2012-11-04 22:00:00-07","2012-11-04 22:00:00-07"
"AT37-05",NULL,"2012-11-10 22:00:00-07","2012-11-29 22:00:00-07"
"USAP B-511-M",NULL,"2012-11-15 22:00:00-07","2012-11-15 22:00:00-07"
"IATOS17/12/12",NULL,"2012-12-16 07:00:00-07","2012-12-16 17:00:00-07"
"2013, 2014 summer field campaign",NULL,"2012-12-31 22:00:00-07","2012-12-31 22:00:00-07"
"SPICE ice core",NULL,"2012-12-31 22:00:00-07","2012-12-31 22:00:00-07"
"WISSARD",NULL,"2012-12-31 22:00:00-07","2012-12-31 22:00:00-07"
"Not Applicable","Platform name","2012-12-31 22:00:00-07","2012-12-31 22:00:00-07"
"Scientific Collaboration On Past Speciation Conditions in Lake Ohrid (SCOPSCO) - ICDP-2009/3",NULL,"2013-01-03 22:00:00-07","2013-05-28 21:00:00-07"
"TETON",NULL,"2013-01-04 22:00:00-07","2017-04-28 21:00:00-07"
"2013 Himalaya Fieldwork",NULL,"2013-01-07 22:00:00-07","2013-01-07 22:00:00-07"
"UPRI",NULL,"2013-01-07 22:00:00-07","2013-01-07 22:00:00-07"
"NZ13",NULL,"2013-01-10 22:00:00-07","2013-01-13 22:00:00-07"
"FIE","R/V Seawolf","2013-01-15 22:00:00-07","2013-01-15 22:00:00-07"
"LB","R/V Seawolf","2013-01-15 22:00:00-07","2013-01-15 22:00:00-07"
"FIW","R/V Seawolf","2013-01-15 22:00:00-07","2013-01-15 22:00:00-07"
"PISCO",NULL,"2013-01-16 22:00:00-07","2013-01-19 22:00:00-07"
"MANGO2","RV Kilindi","2013-01-17 22:00:00-07","2013-01-17 22:00:00-07"
"ZABR23/01/13",NULL,"2013-01-22 17:00:00-07","2013-01-22 17:00:00-07"
"LDF",NULL,"2013-01-22 22:00:00-07","2013-02-21 22:00:00-07"
"Biomarqueurs fécaux (Haute-Tarentaise)24/01/13",NULL,"2013-01-23 12:00:00-07","2013-01-23 17:00:00-07"
"Biomarqueurs f&#x9d;caux (Haute-Tarentaise)24/01/13",NULL,"2013-01-23 17:00:00-07","2013-01-23 17:00:00-07"
"Spanish Antarctic Campaign 2012-2013 (PEVOLDEC project PNIDI-CTM: CTM2011-13578-E)",NULL,"2013-01-31 22:00:00-07","2013-01-31 22:00:00-07"
"EHRN",NULL,"2013-02-06 22:00:00-07","2013-02-07 22:00:00-07"
"MAC",NULL,"2013-02-08 22:00:00-07","2015-01-30 22:00:00-07"
"Kroměříž-Hradisko 2013",NULL,"2013-03-08 22:00:00-07","2013-03-08 22:00:00-07"
"SOG",NULL,"2013-03-08 22:00:00-07","2015-01-20 22:00:00-07"
"INDIANA",NULL,"2013-03-17 21:00:00-07","2013-03-28 21:00:00-07"
"LES_TUILES_3",NULL,"2013-03-19 17:00:00-07","2013-04-01 17:00:00-07"
"PROTEVS_DUNES_2013",NULL,"2013-03-19 17:00:00-07","2013-08-26 17:00:00-07"
"VAULT",NULL,"2013-03-21 21:00:00-07","2013-03-22 21:00:00-07"
"LAHI",NULL,"2013-03-24 21:00:00-07","2013-03-27 21:00:00-07"
"VERSEAU - DRASTIC projects (Loire-Bretagne Water Agency)",NULL,"2013-03-27 21:00:00-07","2014-04-29 21:00:00-07"
"AXA15/04/13",NULL,"2013-04-14 13:00:00-07","2013-04-14 17:00:00-07"
"SUIVI EDF22/04/13",NULL,"2013-04-21 17:00:00-07","2013-04-21 17:00:00-07"
"BROOKS",NULL,"2013-04-25 21:00:00-07","2017-05-22 21:00:00-07"
"Wandamen Peninsula 2013",NULL,"2013-04-29 21:00:00-07","2013-04-29 21:00:00-07"
"SEA VEE","SEA VEE","2013-05-06 21:00:00-07","2013-05-06 21:00:00-07"
"TOFU 4",NULL,"2013-05-07 21:00:00-07","2013-05-10 21:00:00-07"
"PEMI",NULL,"2013-05-08 21:00:00-07","2013-05-23 21:00:00-07"
"Cenderawasih Bay 2013",NULL,"2013-05-12 09:00:00-07","2013-05-14 17:00:00-07"
"BIOSED13/05/13",NULL,"2013-05-12 17:00:00-07","2013-05-12 17:00:00-07"
"n/r14/05/13",NULL,"2013-05-13 13:00:00-07","2013-05-13 17:00:00-07"
"QUAKE","RV KRKII","2013-05-17 21:00:00-07","2013-05-20 21:00:00-07"
"KN210-05","Knorr","2013-05-20 15:47:00-07","2013-06-11 04:48:00-07"
"Munigua 2013; Geomagnetic survey in hispano-roman Municipium Flavium Muniguenese (Spain)",NULL,"2013-05-28 21:00:00-07","2013-05-28 21:00:00-07"
"SACP4 ",NULL,"2013-05-31 01:00:00-07","2013-05-31 01:00:00-07"
"Keweenaw Peninsula Fieldwork 2013",NULL,"2013-06-01 09:00:00-07","2013-06-01 09:00:00-07"
"Mission des é Forts Egos é",NULL,"2013-06-03 17:00:00-07","2013-06-03 17:00:00-07"
"Mission des Forts Egos",NULL,"2013-06-03 17:00:00-07","2013-06-03 17:00:00-07"
"Mission des &#x9d; Forts Egos &#x9d;",NULL,"2013-06-03 17:00:00-07","2013-06-03 17:00:00-07"
"IODP Expedition 341",NULL,"2013-06-03 21:00:00-07","2013-07-21 21:00:00-07"
"LIS1303","RV Seawolf","2013-06-04 21:00:00-07","2013-06-12 21:00:00-07"
"IODP Expedition 341","JOIDES Resolution","2013-06-06 21:00:00-07","2013-06-19 21:00:00-07"
"HSPDP",NULL,"2013-06-10 21:00:00-07","2014-11-27 22:00:00-07"
"LIS1303","RV Pritchard","2013-06-12 21:00:00-07","2013-06-12 21:00:00-07"
"Tall Zirāʿa 2013",NULL,"2013-06-13 21:00:00-07","2013-06-14 21:00:00-07"
"Campaign In Italy - 22-09-2013",NULL,"2013-06-21 17:00:00-07","2013-06-21 17:00:00-07"
"Campaign In Italy - 22-09-2015",NULL,"2013-06-21 17:00:00-07","2013-06-21 17:00:00-07"
"Campaign In Italy - 22-09-2014",NULL,"2013-06-21 17:00:00-07","2013-06-21 17:00:00-07"
"CORSICA24/06/13",NULL,"2013-06-23 17:00:00-07","2013-06-23 17:00:00-07"
"THESE NOURAGUE O26/06/13",NULL,"2013-06-25 17:00:00-07","2013-06-25 21:00:00-07"
"NRF",NULL,"2013-06-27 21:00:00-07","2014-10-03 21:00:00-07"
"BLACK",NULL,"2013-06-27 21:00:00-07","2013-06-27 21:00:00-07"
"2014 summer field season",NULL,"2013-06-30 21:00:00-07","2013-06-30 21:00:00-07"
"2023 summer field season",NULL,"2013-06-30 21:00:00-07","2013-06-30 21:00:00-07"
"2022 summer field season",NULL,"2013-06-30 21:00:00-07","2013-06-30 21:00:00-07"
"2021 summer field season",NULL,"2013-06-30 21:00:00-07","2013-06-30 21:00:00-07"
"2024 summer field season",NULL,"2013-06-30 21:00:00-07","2013-06-30 21:00:00-07"
"2025 summer field season",NULL,"2013-06-30 21:00:00-07","2013-06-30 21:00:00-07"
"2034 summer field season",NULL,"2013-06-30 21:00:00-07","2013-06-30 21:00:00-07"
"2035 summer field season",NULL,"2013-06-30 21:00:00-07","2013-06-30 21:00:00-07"
"2037 summer field season",NULL,"2013-06-30 21:00:00-07","2013-06-30 21:00:00-07"
"2038 summer field season",NULL,"2013-06-30 21:00:00-07","2013-06-30 21:00:00-07"
"2039 summer field season",NULL,"2013-06-30 21:00:00-07","2013-06-30 21:00:00-07"
"2026 summer field season",NULL,"2013-06-30 21:00:00-07","2013-06-30 21:00:00-07"
"2040 summer field season",NULL,"2013-06-30 21:00:00-07","2013-06-30 21:00:00-07"
"2036 summer field season",NULL,"2013-06-30 21:00:00-07","2013-06-30 21:00:00-07"
"2032 summer field season",NULL,"2013-06-30 21:00:00-07","2013-06-30 21:00:00-07"
"2033 summer field season",NULL,"2013-06-30 21:00:00-07","2013-06-30 21:00:00-07"
"2030 summer field season",NULL,"2013-06-30 21:00:00-07","2013-06-30 21:00:00-07"
"2053 summer field season",NULL,"2013-06-30 21:00:00-07","2013-06-30 21:00:00-07"
"2054 summer field season",NULL,"2013-06-30 21:00:00-07","2013-06-30 21:00:00-07"
"2015 summer field season",NULL,"2013-06-30 21:00:00-07","2013-06-30 21:00:00-07"
"2055 summer field season",NULL,"2013-06-30 21:00:00-07","2013-06-30 21:00:00-07"
"2056 summer field season",NULL,"2013-06-30 21:00:00-07","2013-06-30 21:00:00-07"
"2016 summer field season",NULL,"2013-06-30 21:00:00-07","2013-06-30 21:00:00-07"
"2031 summer field season",NULL,"2013-06-30 21:00:00-07","2013-06-30 21:00:00-07"
"2027 summer field season",NULL,"2013-06-30 21:00:00-07","2013-06-30 21:00:00-07"
"2017 summer field season",NULL,"2013-06-30 21:00:00-07","2013-06-30 21:00:00-07"
"2028 summer field season",NULL,"2013-06-30 21:00:00-07","2013-06-30 21:00:00-07"
"2029 summer field season",NULL,"2013-06-30 21:00:00-07","2013-06-30 21:00:00-07"
"2041 summer field season",NULL,"2013-06-30 21:00:00-07","2013-06-30 21:00:00-07"
"2042 summer field season",NULL,"2013-06-30 21:00:00-07","2013-06-30 21:00:00-07"
"2020 summer field season",NULL,"2013-06-30 21:00:00-07","2013-06-30 21:00:00-07"
"2043 summer field season",NULL,"2013-06-30 21:00:00-07","2013-06-30 21:00:00-07"
"2019 summer field season",NULL,"2013-06-30 21:00:00-07","2013-06-30 21:00:00-07"
"2018 summer field season",NULL,"2013-06-30 21:00:00-07","2013-06-30 21:00:00-07"
"2044 summer field season",NULL,"2013-06-30 21:00:00-07","2013-06-30 21:00:00-07"
"2045 summer field season",NULL,"2013-06-30 21:00:00-07","2013-06-30 21:00:00-07"
"2046 summer field season",NULL,"2013-06-30 21:00:00-07","2013-06-30 21:00:00-07"
"2047 summer field season",NULL,"2013-06-30 21:00:00-07","2013-06-30 21:00:00-07"
"2048 summer field season",NULL,"2013-06-30 21:00:00-07","2013-06-30 21:00:00-07"
"2049 summer field season",NULL,"2013-06-30 21:00:00-07","2013-06-30 21:00:00-07"
"2050 summer field season",NULL,"2013-06-30 21:00:00-07","2013-06-30 21:00:00-07"
"2051 summer field season",NULL,"2013-06-30 21:00:00-07","2013-06-30 21:00:00-07"
"2052 summer field season",NULL,"2013-06-30 21:00:00-07","2013-06-30 21:00:00-07"
"2013 summer field season",NULL,"2013-06-30 21:00:00-07","2013-06-30 21:00:00-07"
"THESE  FOUINAT L05/07/13",NULL,"2013-07-04 17:00:00-07","2013-07-04 17:00:00-07"
"SO-229 Vanuatu","R/V Sonne","2013-07-07 21:00:00-07","2013-07-07 21:00:00-07"
"SO229","R/V Sonne","2013-07-07 21:00:00-07","2013-07-10 21:00:00-07"
"EPI C/EPI G","R/V Sonne","2013-07-07 21:00:00-07","2013-07-07 21:00:00-07"
"GEP",NULL,"2013-07-12 21:00:00-07","2013-07-15 21:00:00-07"
"CHEAP",NULL,"2013-07-16 21:00:00-07","2013-07-16 21:00:00-07"
"CEME",NULL,"2013-07-21 21:00:00-07","2014-07-15 21:00:00-07"
"CAN13",NULL,"2013-07-23 21:00:00-07","2013-07-25 21:00:00-07"
"LAB",NULL,"2013-07-27 21:00:00-07","2013-07-29 21:00:00-07"
"REU",NULL,"2013-07-31 21:00:00-07","2013-07-31 21:00:00-07"
"Dutton Seychelles 2013",NULL,"2013-07-31 21:00:00-07","2016-03-31 21:00:00-07"
"Mt. Paektu Geoscientific Experiment 2013",NULL,"2013-08-05 21:00:00-07","2013-08-09 21:00:00-07"
"MBARI Ridges 2013","R/V Western Flyer","2013-08-12 13:31:00-07","2013-08-30 20:27:00-07"
"Alps 2013",NULL,"2013-08-15 21:00:00-07","2013-08-22 21:00:00-07"
"VOGE","RV Happy","2013-08-18 21:00:00-07","2013-08-21 21:00:00-07"
"NA034","E/V Nautilus","2013-08-19 21:00:00-07","2013-08-29 21:00:00-07"
"LBNL Belowground Biogeochemistry SFA",NULL,"2013-08-20 21:00:00-07","2019-07-08 21:00:00-07"
"1854",NULL,"2013-08-22 21:00:00-07","2013-08-22 21:00:00-07"
"IRNP",NULL,"2013-08-24 21:00:00-07","2013-08-25 21:00:00-07"
"SLAOC",NULL,"2013-08-26 21:00:00-07","2013-08-26 21:00:00-07"
"Minnesota Pollution Control Agency Wild Rice Sulfate Standard Mesocosm Study",NULL,"2013-08-26 21:00:00-07","2013-08-26 21:00:00-07"
"COL",NULL,"2013-08-31 21:00:00-07","2013-08-31 21:00:00-07"
"TN300",NULL,"2013-09-05 18:27:00-07","2013-09-16 02:25:00-07"
"NY-13 (EESC 3101)",NULL,"2013-09-07 21:00:00-07","2013-09-22 21:00:00-07"
"YK13-08","R/V Yokosuka","2013-09-09 21:00:00-07","2013-09-09 21:00:00-07"
"PALAU","RV Avon","2013-09-10 21:00:00-07","2016-10-03 21:00:00-07"
"MAR",NULL,"2013-09-10 21:00:00-07","2014-09-04 21:00:00-07"
"MWL",NULL,"2013-09-11 21:00:00-07","2013-10-15 21:00:00-07"
"BH13A","RV Blue Heron","2013-09-12 21:00:00-07","2013-09-13 21:00:00-07"
"BHRS",NULL,"2013-09-17 21:00:00-07","2013-09-18 21:00:00-07"
"VEOLIA/SORME19/09/13",NULL,"2013-09-18 17:00:00-07","2013-09-18 17:00:00-07"
"Bird's Head 2014",NULL,"2013-09-21 17:00:00-07","2014-09-16 21:00:00-07"
"CSDP-1",NULL,"2013-09-30 21:00:00-07","2013-09-30 21:00:00-07"
"NAPALM","RV KRKII","2013-10-04 21:00:00-07","2013-10-07 21:00:00-07"
"NA035","E/V Nautilus","2013-10-05 21:00:00-07","2013-10-16 21:00:00-07"
"BH13","RV Blue Heron","2013-10-09 21:00:00-07","2013-10-09 21:00:00-07"
"CCSM",NULL,"2013-10-12 21:00:00-07","2013-10-12 21:00:00-07"
"NA037","E/V Nautilus","2013-10-20 21:00:00-07","2013-10-27 21:00:00-07"
"SQNP",NULL,"2013-10-24 21:00:00-07","2013-10-26 21:00:00-07"
"TOFU 5",NULL,"2013-10-29 21:00:00-07","2013-11-01 21:00:00-07"
"NA039","E/V Nautilus","2013-10-31 21:00:00-07","2013-11-15 22:00:00-07"
"Geotraces EPZT","Thomas G Thompson ","2013-11-02 12:06:00-07","2013-12-17 19:08:00-07"
"LMG13-11","R/V Laurence M. Gould","2013-11-02 21:00:00-07","2013-11-05 22:00:00-07"
"Belovode 2013",NULL,"2013-11-06 22:00:00-07","2013-11-08 22:00:00-07"
"THESE BELLE S11/11/13",NULL,"2013-11-10 12:00:00-07","2013-11-10 17:00:00-07"
"ODEMAR","Pourquoi Pas ? ","2013-11-20 17:00:00-07","2013-12-18 18:08:00-07"
"ODEMAR","Pourquoi Pas ?","2013-11-22 08:47:00-07","2013-12-12 09:12:00-07"
"CPCP",NULL,"2013-11-23 22:00:00-07","2013-12-06 22:00:00-07"
"PALEOSUMA2013",NULL,"2013-11-25 17:00:00-07","2013-11-25 17:00:00-07"
"AT26-04","Atlantis II","2013-12-04 17:00:00-07","2013-12-22 22:00:00-07"
"ADDAL10/12/13",NULL,"2013-12-09 17:00:00-07","2013-12-09 17:00:00-07"
"RAMBLE",NULL,"2013-12-09 22:00:00-07","2013-12-17 22:00:00-07"
"NBP1402","R/V Nathaniel B. Palmer","2013-12-31 22:00:00-07","2016-01-13 22:00:00-07"
"USAP:G-094-P",NULL,"2013-12-31 22:00:00-07","2013-12-31 22:00:00-07"
"DC14",NULL,"2013-12-31 22:00:00-07","2013-12-31 22:00:00-07"
"DSDP Leg 66",NULL,"2013-12-31 22:00:00-07","2013-12-31 22:00:00-07"
"KN223","R/V Knorr","2013-12-31 22:00:00-07","2014-11-23 22:00:00-07"
"NBP14-02","R/V Nathaniel B. Palmer","2014-01-01 22:00:00-07","2014-01-01 22:00:00-07"
"ADDAL-Janv 2014",NULL,"2014-01-14 17:00:00-07","2014-01-14 17:00:00-07"
"AZTA",NULL,"2014-01-17 22:00:00-07","2014-01-17 22:00:00-07"
"IASU",NULL,"2014-01-25 22:00:00-07","2014-08-09 21:00:00-07"
"AccueilDoc CMIRA A, Fuchs28/01/14",NULL,"2014-01-27 17:00:00-07","2014-01-27 17:00:00-07"
"Leman_CMIRA_AFuchs",NULL,"2014-01-27 17:00:00-07","2014-01-27 17:00:00-07"
"NBP12-03",NULL,"2014-01-27 22:00:00-07","2014-05-08 21:00:00-07"
"Deux Alpes_ Lac du Plan",NULL,"2014-01-30 17:00:00-07","2014-01-30 17:00:00-07"
"LASCOP",NULL,"2014-01-31 22:00:00-07","2016-01-30 22:00:00-07"
"NBP-14-02",NULL,"2014-02-06 22:00:00-07","2014-02-06 22:00:00-07"
"ADDAL-Fevrier 2014",NULL,"2014-02-11 17:00:00-07","2014-02-11 17:00:00-07"
"ELKS",NULL,"2014-02-12 22:00:00-07","2014-02-12 22:00:00-07"
"G-094-P",NULL,"2014-02-18 17:00:00-07","2014-02-28 02:00:00-07"
"ANCH",NULL,"2014-02-26 22:00:00-07","2014-06-30 21:00:00-07"
"Mission Sav-wind 05-03-2014",NULL,"2014-03-04 17:00:00-07","2014-03-04 17:00:00-07"
"STT",NULL,"2014-03-05 22:00:00-07","2014-03-10 21:00:00-07"
"IML Critical Zone Observatory (CZO)",NULL,"2014-03-06 22:00:00-07","2017-03-28 21:00:00-07"
"SLH",NULL,"2014-03-07 22:00:00-07","2014-03-07 22:00:00-07"
"Hul 2014; DFG-Project: Vráble - Emergence and decline of an early bronze age settlement center in southwest Slovakia.",NULL,"2014-03-11 21:00:00-07","2014-03-12 21:00:00-07"
"Hul 2014; DFG-Project ""Vráble - Emergence and decline of an early bronze age settlement center in southwest Slovakia""",NULL,"2014-03-12 21:00:00-07","2022-12-06 22:00:00-07"
"Vráble 2014; spring campaign; DFG-Project: Vráble - Emergence and decline of an early bronze age settlement center in southwest Slovakia.",NULL,"2014-03-15 21:00:00-07","2022-12-05 22:00:00-07"
"UAURS",NULL,"2014-03-20 21:00:00-07","2015-03-17 21:00:00-07"
"BLB14",NULL,"2014-03-22 21:00:00-07","2015-01-24 22:00:00-07"
"MBH4",NULL,"2014-03-24 21:00:00-07","2014-03-27 21:00:00-07"
"2014 Field Season",NULL,"2014-03-25 21:00:00-07","2014-03-25 21:00:00-07"
"UMKC",NULL,"2014-03-26 21:00:00-07","2016-06-30 21:00:00-07"
"RNQB",NULL,"2014-03-31 21:00:00-07","2014-03-31 21:00:00-07"
"Mount Holyoke College",NULL,"2014-04-02 21:00:00-07","2014-04-02 21:00:00-07"
"SUBVENT 2","R/V Sarmiento de Gamboa","2014-04-03 21:00:00-07","2014-04-04 13:00:00-07"
"Čierne Kľačany 2014; DFG-Project ""Vráble - Emergence and decline of an early bronze age settlement center in southwest Slovakia""",NULL,"2014-04-07 21:00:00-07","2014-04-07 21:00:00-07"
"NBP01-07","Nathaniel B. Palmer","2014-04-08 21:00:00-07","2014-04-08 21:00:00-07"
"NBP12-03","Nathaniel B. Palmer","2014-04-08 21:00:00-07","2014-04-08 21:00:00-07"
"Bapska 2013; East Hungary Tell Project",NULL,"2014-04-09 21:00:00-07","2014-04-11 21:00:00-07"
"Maňa 2014; DFG-Project ""Vráble - Emergence and decline of an early bronze age settlement center in southwest Slovakia""",NULL,"2014-04-16 21:00:00-07","2014-04-16 21:00:00-07"
"LITAQ",NULL,"2014-04-19 13:00:00-07","2014-04-19 17:00:00-07"
"MOCOSED2014",NULL,"2014-04-19 17:00:00-07","2014-04-19 17:00:00-07"
"GREENEDGE2014",NULL,"2014-04-19 17:00:00-07","2014-07-19 17:00:00-07"
"HR1401","RV Pritchard","2014-04-28 21:00:00-07","2014-05-05 21:00:00-07"
"CHD",NULL,"2014-04-29 21:00:00-07","2014-04-29 21:00:00-07"
"DEANS",NULL,"2014-05-01 21:00:00-07","2014-05-01 21:00:00-07"
"TOFU 6",NULL,"2014-05-07 21:00:00-07","2014-05-09 21:00:00-07"
"PUT",NULL,"2014-05-11 21:00:00-07","2014-05-27 21:00:00-07"
"Sihl - time series",NULL,"2014-05-12 21:00:00-07","2019-02-28 22:00:00-07"
"PSaba20140619",NULL,"2014-05-19 17:00:00-07","2014-05-19 17:00:00-07"
"SG2014","RV Pritchard","2014-06-02 21:00:00-07","2014-06-02 21:00:00-07"
"SC2014","RV Pritchard","2014-06-03 21:00:00-07","2014-06-03 21:00:00-07"
"NWG14",NULL,"2014-06-03 21:00:00-07","2014-06-07 21:00:00-07"
"NA041","E/V Nautilus","2014-06-10 21:00:00-07","2014-06-12 21:00:00-07"
"NBP94-07",NULL,"2014-06-16 21:00:00-07","2014-06-18 21:00:00-07"
"ETWIN","RV Happy","2014-06-16 21:00:00-07","2017-04-16 21:00:00-07"
"OHIO",NULL,"2014-06-20 21:00:00-07","2014-06-25 21:00:00-07"
"LFoui20140627",NULL,"2014-06-25 17:00:00-07","2014-06-25 17:00:00-07"
"Deep Freeze 1982",NULL,"2014-06-26 21:00:00-07","2014-06-26 21:00:00-07"
"EAR 1250239/414",NULL,"2014-06-29 13:00:00-07","2014-06-29 21:00:00-07"
"GTB",NULL,"2014-07-01 21:00:00-07","2014-07-01 21:00:00-07"
"YK14-13","R/V Yokosuka","2014-07-11 21:00:00-07","2014-07-16 21:00:00-07"
"Lou_court20140716",NULL,"2014-07-15 17:00:00-07","2014-07-15 17:00:00-07"
"MOMARSAT2014","Pourquoi Pas ?","2014-07-15 21:30:00-07","2014-07-29 02:04:00-07"
"Triglav2014 (Slovenie)",NULL,"2014-07-19 17:00:00-07","2014-07-19 17:00:00-07"
"Bešeňov 2014; DFG-Project ""Vráble - Emergence and decline of an early bronze age settlement center in southwest Slovakia""",NULL,"2014-07-22 21:00:00-07","2014-07-28 21:00:00-07"
"CANAL",NULL,"2014-07-24 21:00:00-07","2014-07-24 21:00:00-07"
"K2014",NULL,"2014-07-24 21:00:00-07","2014-08-01 21:00:00-07"
"SB","RV Happy","2014-08-01 21:00:00-07","2014-08-06 21:00:00-07"
"AAR",NULL,"2014-08-04 21:00:00-07","2014-09-25 21:00:00-07"
"Bapska 2014; East Hungary Tell Project",NULL,"2014-08-04 21:00:00-07","2014-09-06 21:00:00-07"
"SFBS","RV Endeavor","2014-08-04 21:00:00-07","2014-08-12 21:00:00-07"
"SUK",NULL,"2014-08-08 21:00:00-07","2014-08-15 21:00:00-07"
"RB1403","Ron Brown","2014-08-12 08:12:00-07","2014-08-18 05:42:00-07"
"OGDP",NULL,"2014-08-12 21:00:00-07","2014-08-20 21:00:00-07"
"Calhoun Critical Zone Observatory (CZO)",NULL,"2014-08-14 03:00:00-07","2016-11-20 22:00:00-07"
"BAF3",NULL,"2014-08-15 21:00:00-07","2014-08-15 21:00:00-07"
"Vráble 2014; autumn campaign; DFG-Project: Vráble - Emergence and decline of an early bronze age settlement center in southwest Slovakia.",NULL,"2014-08-17 21:00:00-07","2014-08-18 21:00:00-07"
"LYMAN",NULL,"2014-08-18 21:00:00-07","2014-08-26 21:00:00-07"
"NA050","E/V Nautilus","2014-08-18 21:00:00-07","2014-08-26 21:00:00-07"
"IARA",NULL,"2014-08-18 21:00:00-07","2014-08-24 21:00:00-07"
"HMC",NULL,"2014-08-19 21:00:00-07","2014-08-20 21:00:00-07"
"MBARI Ridges 2014","R/V Western Flyer","2014-08-27 18:31:00-07","2014-09-02 19:25:00-07"
"AT26-19","Atlantis","2014-08-28 17:00:00-07","2014-09-09 21:00:00-07"
"Lac du Plan (2 Alpes) 08_09_2014",NULL,"2014-09-07 17:00:00-07","2014-09-07 17:00:00-07"
"LCCMR",NULL,"2014-09-10 21:00:00-07","2016-02-03 22:00:00-07"
"HEYV","RV Neuston","2014-09-17 21:00:00-07","2014-09-17 21:00:00-07"
"CNV",NULL,"2014-09-17 21:00:00-07","2014-09-18 21:00:00-07"
"NA054","E/V Nautilus","2014-09-21 21:00:00-07","2014-10-07 21:00:00-07"
"Carottage Lac Benit",NULL,"2014-09-24 17:00:00-07","2014-09-24 17:00:00-07"
"FS14 GLG862",NULL,"2014-09-25 21:00:00-07","2014-09-25 21:00:00-07"
"FS14 GLG863",NULL,"2014-09-25 21:00:00-07","2014-09-25 21:00:00-07"
"JMSM",NULL,"2014-10-04 21:00:00-07","2014-10-04 21:00:00-07"
"PALEOSUMA2014",NULL,"2014-10-08 17:00:00-07","2014-10-08 17:00:00-07"
"Faltikögerl 2014; LOEWE-Project: Prehistoric conflict research. Bronze age Hillforts between Taunus and Carpathian Mountains.",NULL,"2014-10-09 21:00:00-07","2014-10-10 21:00:00-07"
"ExTerra Salinia Field Institute",NULL,"2014-10-10 21:00:00-07","2014-10-10 21:00:00-07"
"Szilhalom 2014; Neolithic Period and Copper Age in eastern Hungary-Project",NULL,"2014-10-18 21:00:00-07","2014-10-21 21:00:00-07"
"Szilhalom 2014; Neolithic Period and Copper Age in eastern Hungary",NULL,"2014-10-19 21:00:00-07","2018-03-27 21:00:00-07"
"Carottage fond de lac Sud-est",NULL,"2014-10-26 17:00:00-07","2014-10-26 17:00:00-07"
"STL",NULL,"2014-10-29 21:00:00-07","2014-10-29 21:00:00-07"
"TOFU 7",NULL,"2014-10-31 21:00:00-07","2014-10-31 21:00:00-07"
"PALAS2014",NULL,"2014-11-05 17:00:00-07","2014-11-05 17:00:00-07"
"CARAMBAR 1.5",NULL,"2014-11-06 17:00:00-07","2014-11-06 17:00:00-07"
"RR1413",NULL,"2014-11-30 05:55:00-07","2014-12-18 05:01:00-07"
"M113","R/V Meteor ","2014-12-30 22:00:00-07","2015-01-19 22:00:00-07"
"Intermountain West",NULL,"2014-12-31 22:00:00-07","2018-12-31 22:00:00-07"
"Fernandina",NULL,"2014-12-31 22:00:00-07","2014-12-31 22:00:00-07"
"WUS15",NULL,"2014-12-31 22:00:00-07","2014-12-31 22:00:00-07"
"QHNPN",NULL,"2015-01-02 22:00:00-07","2015-01-02 22:00:00-07"
"KAV",NULL,"2015-01-13 22:00:00-07","2015-01-13 22:00:00-07"
"THYRECS",NULL,"2015-01-14 22:00:00-07","2016-10-09 21:00:00-07"
"PKC",NULL,"2015-01-23 22:00:00-07","2015-06-17 21:00:00-07"
"Vráble 2013; DFG-Project ""Vráble - Emergence and decline of an early bronze age settlement center in southwest Slovakia""",NULL,"2015-01-28 22:00:00-07","2016-07-31 21:00:00-07"
"Vráble 2014; DFG-Project ""Vráble - Emergence and decline of an early bronze age settlement center in southwest Slovakia""",NULL,"2015-02-18 22:00:00-07","2017-05-29 21:00:00-07"
"Vráble 2015; DFG-Project: Vráble - Emergence and decline of an early bronze age settlement center in southwest Slovakia.",NULL,"2015-02-18 22:00:00-07","2015-09-14 21:00:00-07"
"Vráble 2015; DFG-Project ""Vráble - Emergence and decline of an early bronze age settlement center in southwest Slovakia""",NULL,"2015-02-18 22:00:00-07","2016-10-16 21:00:00-07"
"PIP 100523 CONICET",NULL,"2015-02-21 22:00:00-07","2015-02-21 22:00:00-07"
"MESWF",NULL,"2015-03-01 22:00:00-07","2015-03-08 21:00:00-07"
"NBP15-02A","R/V Nathaniel B. Palmer","2015-03-02 22:00:00-07","2015-03-19 21:00:00-07"
"VOGE",NULL,"2015-03-06 22:00:00-07","2015-03-07 22:00:00-07"
"Andrill-MIS",NULL,"2015-03-08 21:00:00-07","2015-03-12 21:00:00-07"
"Carottage Lac de Gers",NULL,"2015-03-09 17:00:00-07","2015-03-09 17:00:00-07"
"NBP1402",NULL,"2015-03-13 21:00:00-07","2015-03-13 21:00:00-07"
"NBP15-02B","R/V Nathaniel B. Palmer","2015-03-19 17:00:00-07","2015-03-19 21:00:00-07"
"NBP15-02A","R/V Nathaniel B Palmer","2015-03-19 21:00:00-07","2015-03-19 21:00:00-07"
"TOFU 8",NULL,"2015-03-23 21:00:00-07","2015-03-23 21:00:00-07"
"PALEOSUMA2015",NULL,"2015-03-29 17:00:00-07","2015-03-29 17:00:00-07"
"RR1506","R/V Roger Revelle","2015-03-30 13:49:27-07","2015-04-12 11:06:03-07"
"BOB lake",NULL,"2015-04-01 17:00:00-07","2015-04-01 17:00:00-07"
"Gulf of California 2015","R/V Western Flyer","2015-04-04 15:16:02-07","2015-04-24 17:36:10-07"
"OSO09-10","Oden","2015-04-13 21:00:00-07","2015-12-06 22:00:00-07"
"MOMARSAT2015","Pourquoi Pas ?","2015-04-15 12:02:00-07","2015-04-26 03:16:00-07"
"NBP07-03","Nathaniel B Palmer","2015-04-22 21:00:00-07","2015-05-13 21:00:00-07"
"Carottage Spatial Crue Mai 2015",NULL,"2015-05-19 17:00:00-07","2015-05-19 17:00:00-07"
"SAMOA-SPT",NULL,"2015-05-19 17:00:00-07","2015-05-19 17:00:00-07"
"GREENEDGE2015",NULL,"2015-05-19 17:00:00-07","2015-09-29 17:00:00-07"
"TDP",NULL,"2015-05-25 21:00:00-07","2015-07-02 21:00:00-07"
"Deep Freeze 80","USCGC Glacier","2015-05-25 21:00:00-07","2015-05-25 21:00:00-07"
"Reunion 2015",NULL,"2015-05-31 21:00:00-07","2015-05-31 21:00:00-07"
"Faltikögerl 2014; LOEWE-Project „Prehistoric conflict research. Bronze age Hillforts between Taunus and Carpathian Mountains“",NULL,"2015-06-02 21:00:00-07","2016-08-02 21:00:00-07"
"UF Jamaica 2015 Fieldwork",NULL,"2015-06-13 17:00:00-07","2017-07-16 21:00:00-07"
"MTC",NULL,"2015-06-13 21:00:00-07","2015-08-20 21:00:00-07"
"NA062","E/V Nautilus","2015-06-14 21:00:00-07","2015-06-14 21:00:00-07"
"NBP07-03","Nathanial B. Palmer","2015-06-14 21:00:00-07","2015-06-15 21:00:00-07"
"BOEM-2015","MV Thunderforce","2015-06-14 21:00:00-07","2016-09-14 21:00:00-07"
"Carottage du lac d&apos;Arvoin",NULL,"2015-06-16 17:00:00-07","2015-06-16 17:00:00-07"
"NBP05-02","Nathanial B. Palmer","2015-06-16 21:00:00-07","2015-06-16 21:00:00-07"
"PALEON",NULL,"2015-06-16 21:00:00-07","2015-06-19 21:00:00-07"
"Harford Basin Provenance",NULL,"2015-06-17 21:00:00-07","2022-04-22 21:00:00-07"
"NA063","E/V Nautilus","2015-06-18 21:00:00-07","2015-06-19 21:00:00-07"
"IML",NULL,"2015-06-22 21:00:00-07","2015-06-22 21:00:00-07"
"Bird's Head 2015",NULL,"2015-06-26 21:00:00-07","2015-08-21 21:00:00-07"
"BUGB",NULL,"2015-06-29 21:00:00-07","2015-06-29 21:00:00-07"
"Harpp Santa Cruz",NULL,"2015-06-30 21:00:00-07","2015-06-30 21:00:00-07"
"Harpp Española",NULL,"2015-06-30 21:00:00-07","2015-06-30 21:00:00-07"
"PLJ",NULL,"2015-07-01 21:00:00-07","2015-08-14 21:00:00-07"
"Burnswark 2015; ArchaeoLandscapes Europe-Project",NULL,"2015-07-01 21:00:00-07","2015-07-02 21:00:00-07"
"Ladyward 2015; ArchaeoLandscapes Europe-Project",NULL,"2015-07-02 21:00:00-07","2015-07-03 21:00:00-07"
"PLJL",NULL,"2015-07-04 21:00:00-07","2015-08-04 21:00:00-07"
"TOFU 8.5",NULL,"2015-07-07 21:00:00-07","2015-07-07 21:00:00-07"
"PAT",NULL,"2015-07-07 21:00:00-07","2015-07-12 21:00:00-07"
"HAWS",NULL,"2015-07-07 21:00:00-07","2015-07-16 21:00:00-07"
"HU",NULL,"2015-07-07 21:00:00-07","2015-07-07 21:00:00-07"
"Michipicoten Island Expedition 2015",NULL,"2015-07-09 21:00:00-07","2015-07-18 17:00:00-07"
"LBY",NULL,"2015-07-12 21:00:00-07","2016-07-12 21:00:00-07"
"YK15-11","R/V Yokosuka","2015-07-12 21:00:00-07","2015-07-13 21:00:00-07"
"Baie Verte field campaign",NULL,"2015-07-15 06:59:52-07","2015-07-26 12:52:12-07"
"Carottage Lac KRN - Slovenie2015",NULL,"2015-07-21 17:00:00-07","2015-07-21 17:00:00-07"
"Carottage Lac KRN - Slovenie",NULL,"2015-07-21 17:00:00-07","2015-07-21 17:00:00-07"
"Burnswark 2015; ""ArchaeoLandscapes Europe""-Project",NULL,"2015-07-23 21:00:00-07","2015-07-27 21:00:00-07"
"Ladyward 2015; ""ArchaeoLandscapes Europe""-Project",NULL,"2015-07-23 21:00:00-07","2015-07-23 21:00:00-07"
NULL,"Thompson","2015-07-26 21:00:00-07","2015-08-27 21:00:00-07"
"NBP15-02B","R/V Nathaniel B Palmer","2015-07-27 21:00:00-07","2015-12-09 22:00:00-07"
"NA066","E/V Nautilus","2015-07-27 21:00:00-07","2015-08-08 21:00:00-07"
"Putinesti 2015; Cultural relations of the Sântana-de-Mure?-Culture between Prut und Dniester-Project",NULL,"2015-07-29 21:00:00-07","2015-07-29 21:00:00-07"
"Putinesti 2015; Cultural relations of the Sântana-de-Mures-Culture between Prut und Dniester-Project",NULL,"2015-07-29 21:00:00-07","2015-07-30 21:00:00-07"
"ALK",NULL,"2015-07-31 21:00:00-07","2015-08-11 21:00:00-07"
"DCSI","RV Happy","2015-07-31 21:00:00-07","2017-07-26 21:00:00-07"
"BEAM",NULL,"2015-08-02 21:00:00-07","2015-08-03 21:00:00-07"
"Alps 2015",NULL,"2015-08-03 21:00:00-07","2015-08-21 21:00:00-07"
"NSVG 2015 Fieldwork",NULL,"2015-08-05 21:00:00-07","2015-08-05 21:00:00-07"
"NBP00-03",NULL,"2015-08-06 21:00:00-07","2015-08-06 21:00:00-07"
"BC",NULL,"2015-08-07 21:00:00-07","2017-07-12 21:00:00-07"
"GeoPrisms 2015",NULL,"2015-08-08 21:00:00-07","2015-08-22 21:00:00-07"
"AL150801","M/V Alucia","2015-08-10 08:15:00-07","2015-08-27 11:54:00-07"
"GeoPrisms 2015 IFM",NULL,"2015-08-10 21:00:00-07","2015-08-20 21:00:00-07"
"Geoprisms",NULL,"2015-08-11 21:00:00-07","2015-08-11 21:00:00-07"
"MNWET",NULL,"2015-08-12 21:00:00-07","2015-08-12 21:00:00-07"
"Bapska 2015; East Hungary Tell Project",NULL,"2015-08-12 21:00:00-07","2015-11-25 22:00:00-07"
"NA067","E/V Nautilus","2015-08-13 21:00:00-07","2015-08-14 21:00:00-07"
"GeoPrisms 2015 IFM to Unimak",NULL,"2015-08-14 21:00:00-07","2015-08-25 21:00:00-07"
"TN327",NULL,"2015-08-17 01:34:00-07","2015-08-27 22:43:00-07"
"OHPA",NULL,"2015-08-17 21:00:00-07","2015-08-25 21:00:00-07"
"Investigation of an Ancient Bald Cypress Forest in the Northern Gulf of Mexico","R/V Coastal Profiler","2015-08-19 09:00:00-07","2016-07-12 13:00:00-07"
"GeoPRISMS 2015 IFM to Unimak",NULL,"2015-08-20 21:00:00-07","2015-08-20 21:00:00-07"
"BAF4",NULL,"2015-08-20 21:00:00-07","2015-08-20 21:00:00-07"
"AL150801",NULL,"2015-08-23 08:12:00-07","2015-08-23 10:27:00-07"
"EX1504L3",NULL,"2015-08-30 21:00:00-07","2015-09-01 21:00:00-07"
"Field work from Science and Engineering Research Board, India sponsered project:  grant  (EMR/2014/000555) and PhD work of Mr. Shailendra Pundir",NULL,"2015-09-02 13:00:00-07","2015-09-11 17:00:00-07"
"Field work from Science ad Engineering Research Board, India sponsered project:  grant  (EMR/2014/000555) and PhD work of Mr. Shailendra Pundir",NULL,"2015-09-02 17:00:00-07","2015-09-02 17:00:00-07"
"SHAKE","RV KRKII","2015-09-06 21:00:00-07","2015-09-10 21:00:00-07"
"NSF GeoPRISMS Shared Platform 2015 Leg 3","R/V Maritime Maid","2015-09-07 21:00:00-07","2015-10-08 21:00:00-07"
"Field work from Science and Engineering Research Board, India sponsered project:  grant  (EMR/2014/000555)",NULL,"2015-09-10 17:00:00-07","2015-09-10 17:00:00-07"
"WA2015",NULL,"2015-09-11 21:00:00-07","2015-09-11 21:00:00-07"
"WA2015","R/V Maritime Maid","2015-09-14 21:00:00-07","2015-09-14 21:00:00-07"
"OSU","RV KRKII","2015-09-15 21:00:00-07","2015-09-16 21:00:00-07"
"carottage des lacs de Maddalena, Oronaye et Lauzanier",NULL,"2015-09-27 17:00:00-07","2015-09-27 17:00:00-07"
"Kerloch OCT15",NULL,"2015-10-18 17:00:00-07","2015-10-18 17:00:00-07"
"UWI","RV Molly McGlue","2015-10-19 21:00:00-07","2015-10-22 21:00:00-07"
"PPGPR",NULL,"2015-10-19 21:00:00-07","2015-10-19 21:00:00-07"
"Sormás 2015; Geomagnetic Prospecting in Hungary",NULL,"2015-10-26 21:00:00-07","2015-10-27 21:00:00-07"
"Stolniceni 2015; Large settlement in the Copper Age-Project",NULL,"2015-10-27 21:00:00-07","2015-10-28 21:00:00-07"
"Stolniceni 2015; ""Large settlement in the Copper Age""",NULL,"2015-10-28 21:00:00-07","2015-12-01 22:00:00-07"
"Keszthely 2015; Geomagnetic Prospecting in Hungary",NULL,"2015-11-07 22:00:00-07","2017-05-15 21:00:00-07"
"2015 Himalaya Fieldwork",NULL,"2015-11-08 22:00:00-07","2015-11-10 22:00:00-07"
"TOFU 9",NULL,"2015-11-08 22:00:00-07","2015-11-08 22:00:00-07"
"Kapospula 2015; Geomagnetic Prospecting in Hungary",NULL,"2015-11-09 22:00:00-07","2018-09-16 21:00:00-07"
"Alsóhetény 2015; Geomagnetic Prospecting in Hungary",NULL,"2015-11-09 22:00:00-07","2015-11-09 22:00:00-07"
"Alsóheteny 2015; Geomagnetic Prospecting in Hungary",NULL,"2015-11-10 22:00:00-07","2017-05-14 21:00:00-07"
"UBER",NULL,"2015-11-12 22:00:00-07","2015-11-13 22:00:00-07"
"NBP05-05","R/V Nathaniel B Palmer","2015-11-17 12:00:00-07","2015-11-19 22:00:00-07"
"Bogdanovci 2015; East Hungary Tell Project",NULL,"2015-11-23 22:00:00-07","2019-07-21 21:00:00-07"
"Nov. 2015 Field work",NULL,"2015-11-26 22:00:00-07","2015-11-26 22:00:00-07"
"NBP1402","R/V Nathaniel B Palmer","2015-12-02 17:00:00-07","2016-01-12 22:00:00-07"
"NBP14-02 ","R/V Nathaniel B Palmer","2015-12-09 22:00:00-07","2015-12-09 22:00:00-07"
"Sonne-245","RV Sonne","2015-12-26 22:00:00-07","2016-01-23 22:00:00-07"
"AGZ",NULL,"2016-01-06 22:00:00-07","2018-03-22 21:00:00-07"
"FALK",NULL,"2016-01-08 22:00:00-07","2016-02-06 22:00:00-07"
"KYL",NULL,"2016-01-08 22:00:00-07","2016-01-09 22:00:00-07"
"NBP14-02","R/V Nathaniel B Palmer","2016-01-12 22:00:00-07","2016-01-15 22:00:00-07"
"NBP14-02","RV Nathaniel B Palmer","2016-01-15 22:00:00-07","2016-01-15 22:00:00-07"
"APIRE",NULL,"2016-01-17 22:00:00-07","2016-01-21 22:00:00-07"
"CPIRE",NULL,"2016-01-29 22:00:00-07","2016-02-03 22:00:00-07"
"STND",NULL,"2016-02-13 22:00:00-07","2016-02-13 22:00:00-07"
"ANDRILL 001B","ANDRILL","2016-02-17 22:00:00-07","2016-02-17 22:00:00-07"
"OSS276",NULL,"2016-02-24 22:00:00-07","2018-07-19 21:00:00-07"
"CLFLWD",NULL,"2016-02-24 22:00:00-07","2016-02-24 22:00:00-07"
"SLR",NULL,"2016-02-26 22:00:00-07","2016-02-26 22:00:00-07"
"PAWTL Project",NULL,"2016-02-28 11:00:00-07","2016-02-28 21:00:00-07"
"Richard2016",NULL,"2016-02-29 17:00:00-07","2016-02-29 17:00:00-07"
"PRL",NULL,"2016-03-02 22:00:00-07","2016-03-03 22:00:00-07"
"UWRF",NULL,"2016-03-06 22:00:00-07","2018-02-06 22:00:00-07"
"MEXI",NULL,"2016-03-13 21:00:00-07","2016-04-02 21:00:00-07"
"Bahamas Field 2017",NULL,"2016-03-16 21:00:00-07","2017-07-01 21:00:00-07"
"Weyer-Oberbrechen 2016",NULL,"2016-03-20 21:00:00-07","2017-02-12 22:00:00-07"
"March 2016 field work",NULL,"2016-03-23 21:00:00-07","2016-03-25 13:00:00-07"
"March 2016 Field work",NULL,"2016-03-23 21:00:00-07","2016-03-23 21:00:00-07"
"FK160320","Falkor","2016-03-27 03:46:24-07","2016-03-28 16:04:23-07"
"IODP Expedition 364",NULL,"2016-04-07 21:00:00-07","2016-04-07 21:00:00-07"
"Sierra Critical Zone Observatory (CZO)",NULL,"2016-04-09 21:00:00-07","2016-06-23 21:00:00-07"
"Fajsz-Kovacshalom 2016",NULL,"2016-04-17 21:00:00-07","2016-10-31 21:00:00-07"
"Fajsz-Garadomb 2016",NULL,"2016-04-17 21:00:00-07","2016-11-28 22:00:00-07"
"Putinesti 2015; ""Cultural relations of the Sântana-de-Mureş-Culture between Prut und Dniester""",NULL,"2016-04-20 21:00:00-07","2016-07-03 21:00:00-07"
"BAF5",NULL,"2016-04-27 21:00:00-07","2016-04-27 21:00:00-07"
"VOPA",NULL,"2016-05-08 21:00:00-07","2016-05-10 21:00:00-07"
"CR002",NULL,"2016-05-16 21:00:00-07","2016-05-18 21:00:00-07"
"BTL",NULL,"2016-05-18 21:00:00-07","2016-07-05 21:00:00-07"
"SHCH",NULL,"2016-05-22 21:00:00-07","2016-05-24 21:00:00-07"
"Teleac 2016; LOEWE-Project: Prehistoric conflict research. Bronze age Hillforts between Taunus and Carpathian Mountains.",NULL,"2016-05-23 21:00:00-07","2016-05-24 21:00:00-07"
"G16",NULL,"2016-05-31 21:00:00-07","2016-05-31 21:00:00-07"
"T16",NULL,"2016-05-31 21:00:00-07","2016-05-31 21:00:00-07"
"COR"," RV Minnow","2016-05-31 21:00:00-07","2016-08-22 21:00:00-07"
"NA072","E/V Nautilus","2016-06-01 21:00:00-07","2016-06-17 21:00:00-07"
"VCNPD",NULL,"2016-06-02 21:00:00-07","2016-06-19 21:00:00-07"
"PIREN Seine",NULL,"2016-06-05 21:00:00-07","2021-02-19 22:00:00-07"
"NDE",NULL,"2016-06-07 21:00:00-07","2016-06-07 21:00:00-07"
"Boulder Critical Zone Observatory (CZO)",NULL,"2016-06-13 21:00:00-07","2016-06-13 21:00:00-07"
"Faughan Hill 2016; Tara Landscape-Project",NULL,"2016-06-14 21:00:00-07","2017-02-23 22:00:00-07"
"TOFU 10",NULL,"2016-06-21 21:00:00-07","2016-06-22 21:00:00-07"
"Dowth 2016; From Boyne to Brodgar-Project",NULL,"2016-06-22 21:00:00-07","2019-05-27 21:00:00-07"
"NA073","E/V Nautilus","2016-06-26 21:00:00-07","2016-06-30 21:00:00-07"
"Harpp San Cristobal",NULL,"2016-06-30 21:00:00-07","2016-06-30 21:00:00-07"
"M128","R/V Meteor ","2016-07-01 21:00:00-07","2016-07-25 21:00:00-07"
"GRIS",NULL,"2016-07-02 21:00:00-07","2016-08-13 21:00:00-07"
"SAEQ","RV Happy","2016-07-05 21:00:00-07","2016-07-11 21:00:00-07"
"Reccopolis 2016",NULL,"2016-07-06 21:00:00-07","2016-07-19 21:00:00-07"
"NA074","E/V Nautilus","2016-07-08 21:00:00-07","2016-07-18 21:00:00-07"
"YLAKE","RV Annie","2016-07-08 21:00:00-07","2017-08-04 21:00:00-07"
"362T","JOIDES Resolution","2016-07-11 21:00:00-07","2016-07-11 21:00:00-07"
"Slave craton fieldwork ",NULL,"2016-07-15 21:00:00-07","2016-07-15 21:00:00-07"
"CCMI & DoE (Ouellette project, 2016)",NULL,"2016-07-17 09:00:00-07","2016-07-17 09:00:00-07"
"CCMI/DoE project (Ouellette 2016)",NULL,"2016-07-17 09:00:00-07","2016-07-17 09:00:00-07"
"Christina Critical Zone Observatory (CZO)",NULL,"2016-07-18 21:00:00-07","2016-07-18 21:00:00-07"
"GeoPrisms 2016 IFM",NULL,"2016-07-21 21:00:00-07","2016-07-28 21:00:00-07"
"MEDS","RV Happy","2016-07-24 21:00:00-07","2016-08-04 21:00:00-07"
"NA075","E/V Nautilus","2016-07-24 21:00:00-07","2016-08-11 21:00:00-07"
"GeoPrisms 2016",NULL,"2016-07-27 21:00:00-07","2016-07-27 21:00:00-07"
"MEDS",NULL,"2016-07-28 21:00:00-07","2016-07-29 21:00:00-07"
"EX1606","Okeanos Explorer","2016-07-29 21:00:00-07","2018-03-07 22:00:00-07"
"summer fieldwork",NULL,"2016-07-31 21:00:00-07","2019-05-31 21:00:00-07"
"MBARI Ridges 2016","R/V Western Flyer","2016-08-01 16:23:00-07","2016-08-12 21:43:00-07"
"GOTHOT",NULL,"2016-08-01 21:00:00-07","2017-08-15 21:00:00-07"
"17ARC",NULL,"2016-08-04 21:00:00-07","2017-08-14 21:00:00-07"
"SNBE",NULL,"2016-08-05 21:00:00-07","2016-08-19 21:00:00-07"
"BOEM-2016","MV Thunderforce","2016-08-08 21:00:00-07","2016-09-01 21:00:00-07"
"NA076","E/V Nautilus","2016-08-15 21:00:00-07","2016-08-15 21:00:00-07"
"MARMINE",NULL,"2016-08-19 17:00:00-07","2016-08-28 21:00:00-07"
"AT37-1",NULL,"2016-08-19 21:00:00-07","2016-08-23 21:00:00-07"
"NA077","E/V Nautilus","2016-08-20 21:00:00-07","2016-08-26 21:00:00-07"
"MOMARSAT2016","Atalante","2016-08-28 17:37:46-07","2016-09-10 21:27:29-07"
"NSF-RAPID Hurricane Florence",NULL,"2016-08-31 21:00:00-07","2019-08-31 21:00:00-07"
"Frankfurt-Heddernheim 2016; In der Römerstadt 120",NULL,"2016-09-10 21:00:00-07","2016-10-30 21:00:00-07"
"YLAKE","RV KRKII","2016-09-12 21:00:00-07","2016-09-18 21:00:00-07"
"BLW",NULL,"2016-09-19 21:00:00-07","2016-09-20 21:00:00-07"
"HLY1603","USCGC HEALY","2016-09-23 09:39:00-07","2016-09-23 16:19:00-07"
"HLY1603","USCGC Healy","2016-09-23 09:39:00-07","2016-09-23 16:19:00-07"
"Watenstedt 2016",NULL,"2016-09-27 21:00:00-07","2016-09-27 21:00:00-07"
"JUNE",NULL,"2016-10-03 21:00:00-07","2016-10-03 21:00:00-07"
"FS16 GLG862",NULL,"2016-10-06 05:00:00-07","2016-10-06 17:00:00-07"
"Vráble 2016; DFG-Project ""Vráble - Emergence and decline of an early bronze age settlement center in southwest Slovakia""",NULL,"2016-10-17 21:00:00-07","2017-03-12 21:00:00-07"
"KR16-14 ","R/V Kairei","2016-10-26 21:00:00-07","2016-10-27 21:00:00-07"
"MCCAM",NULL,"2016-10-28 21:00:00-07","2018-01-27 22:00:00-07"
"TOFU 11",NULL,"2016-10-31 21:00:00-07","2016-11-01 21:00:00-07"
"RBKGS",NULL,"2016-10-31 21:00:00-07","2016-10-31 21:00:00-07"
"DCH",NULL,"2016-11-04 21:00:00-07","2016-11-19 22:00:00-07"
"ERSC 800",NULL,"2016-11-13 17:00:00-07","2016-12-11 17:00:00-07"
"CARAMBAR2",NULL,"2016-11-29 17:00:00-07","2016-11-29 17:00:00-07"
"FK161129",NULL,"2016-12-01 20:46:00-07","2016-12-18 02:57:45-07"
"KM1609","Kilo Moana","2016-12-06 22:00:00-07","2017-01-03 22:00:00-07"
"ROV SMOOTH","Pourquoi Pas ?","2016-12-11 17:00:00-07","2016-12-30 13:33:00-07"
"ROV SMOOTH","Pourquoi Pas ? ","2016-12-11 22:00:00-07","2016-12-21 22:00:00-07"
"ERSC800",NULL,"2016-12-16 17:00:00-07","2017-01-02 17:00:00-07"
"December 2016 field work",NULL,"2016-12-18 00:00:00-07","2016-12-18 09:00:00-07"
"BHM",NULL,"2016-12-28 22:00:00-07","2016-12-30 22:00:00-07"
"GRCO",NULL,"2016-12-30 22:00:00-07","2016-12-30 22:00:00-07"
"XXXII Antarctic Expedition","R/V Italica","2017-01-05 20:00:00-07","2017-01-30 21:00:00-07"
"SLAPP",NULL,"2017-01-06 22:00:00-07","2017-01-06 22:00:00-07"
"Kuniv",NULL,"2017-01-08 17:00:00-07","2017-01-08 22:00:00-07"
"3RPD",NULL,"2017-01-08 22:00:00-07","2017-01-08 22:00:00-07"
"IRSES-MEDYNA",NULL,"2017-01-09 02:00:00-07","2017-01-09 07:00:00-07"
"PdT17",NULL,"2017-01-09 22:00:00-07","2017-01-09 22:00:00-07"
"KH-17-J01","Hakuho Maru","2017-01-27 22:00:00-07","2017-01-28 22:00:00-07"
"NBP1702
","R/V Nathaniel B. Palmer","2017-01-28 22:00:00-07","2017-01-28 22:00:00-07"
"ANTXXIII/2","R/V Polastern","2017-01-29 12:00:00-07","2017-01-29 12:00:00-07"
"Death Valley Jan 2017",NULL,"2017-01-30 22:00:00-07","2017-01-30 22:00:00-07"
"NBP1702","R/V Nathaniel B. Palmer","2017-01-30 22:00:00-07","2017-02-25 22:00:00-07"
NULL,"R/V Sur Austral","2017-02-01 22:00:00-07","2017-02-01 22:00:00-07"
"NBP1702","Nathaniel B Palmer","2017-02-04 22:00:00-07","2017-02-25 22:00:00-07"
"CRWD",NULL,"2017-02-06 22:00:00-07","2017-02-19 22:00:00-07"
"Arctic Great Rivers Observatory III",NULL,"2017-02-08 22:00:00-07","2019-10-21 21:00:00-07"
"Teleac 2016; LOEWE-Project „Prehistoric conflict research. Bronze age Hillforts between Taunus and Carpathian Mountains“",NULL,"2017-02-12 22:00:00-07","2017-02-12 22:00:00-07"
"Next Generation Ecosystem Experiements, Tropics",NULL,"2017-02-15 22:00:00-07","2017-02-21 22:00:00-07"
"GIDA",NULL,"2017-02-17 22:00:00-07","2017-02-17 22:00:00-07"
"Hofheim 2017; Limites-Project/Space development and roman-german interactions-Project",NULL,"2017-02-27 22:00:00-07","2017-02-28 22:00:00-07"
"Watershed Function SFA",NULL,"2017-03-06 22:00:00-07","2024-02-28 22:00:00-07"
"METEOR project (Loire-Brittany water agency)",NULL,"2017-03-09 22:00:00-07","2018-10-02 21:00:00-07"
"Martinique 2017",NULL,"2017-04-02 21:00:00-07","2017-04-03 21:00:00-07"
"SUBSAINTES","Atalante","2017-04-03 18:27:00-07","2017-04-23 03:19:00-07"
"PD",NULL,"2017-04-10 21:00:00-07","2017-04-19 21:00:00-07"
"LT17"," RV Maman Benita","2017-04-24 21:00:00-07","2017-04-24 21:00:00-07"
"Mehlberg 2017; Early Latène Period excavation and deep drilling in the area of Mehlberg, Glauberg",NULL,"2017-05-14 21:00:00-07","2017-05-14 21:00:00-07"
"NA",NULL,"2017-05-15 17:00:00-07","2019-05-10 17:00:00-07"
"NSF EAR 2004684",NULL,"2017-05-21 21:00:00-07","2019-07-12 21:00:00-07"
"GPFG","RV Happy","2017-05-23 21:00:00-07","2017-05-23 21:00:00-07"
"Eel Critical Zone Observatory (CZO)",NULL,"2017-05-23 21:00:00-07","2017-05-23 21:00:00-07"
"GIE SUD ATLANTIQUE",NULL,"2017-05-27 17:00:00-07","2017-05-27 17:00:00-07"
"CAN17",NULL,"2017-06-02 21:00:00-07","2017-06-09 21:00:00-07"
"FUcino Tephrochronology Unites Quaternary REcords (FUTURE)",NULL,"2017-06-04 21:00:00-07","2017-06-04 21:00:00-07"
"SAK",NULL,"2017-06-10 21:00:00-07","2017-06-18 21:00:00-07"
"TOFU 12",NULL,"2017-06-11 21:00:00-07","2017-06-11 21:00:00-07"
"OSS2761",NULL,"2017-06-12 21:00:00-07","2017-06-12 21:00:00-07"
"MOFLUX Quarterly Soil Cores",NULL,"2017-06-13 21:00:00-07","2024-03-05 22:00:00-07"
"MOFLUX Quarterly Soil Cores - 2017 Q2",NULL,"2017-06-13 21:00:00-07","2017-06-13 21:00:00-07"
"KIRI",NULL,"2017-06-15 21:00:00-07","2017-06-18 21:00:00-07"
"MVAP",NULL,"2017-06-19 21:00:00-07","2017-06-19 21:00:00-07"
"Vráble 2009; DFG-Project ""Vráble - Emergence and decline of an early bronze age settlement center in southwest Slovakia""",NULL,"2017-06-19 21:00:00-07","2017-06-25 21:00:00-07"
"BOEM-2017","m/v Samantha Miller","2017-07-07 21:00:00-07","2017-07-26 21:00:00-07"
"NA083","E/V Nautilus","2017-07-07 21:00:00-07","2017-07-27 21:00:00-07"
"ETWIN2","RV Happy","2017-07-10 21:00:00-07","2017-07-11 21:00:00-07"
"RR1712",NULL,"2017-07-16 15:35:42-07","2017-07-22 15:14:18-07"
"POLLI",NULL,"2017-07-19 21:00:00-07","2017-07-20 21:00:00-07"
"E-FIRE",NULL,"2017-07-26 21:00:00-07","2018-10-03 21:00:00-07"
"DCSI",NULL,"2017-07-26 21:00:00-07","2017-07-26 21:00:00-07"
"LUCCA",NULL,"2017-07-27 21:00:00-07","2017-07-27 21:00:00-07"
"2017 summer field campaign",NULL,"2017-07-31 21:00:00-07","2017-07-31 21:00:00-07"
"BOEM-2017","r/v Shearwater","2017-07-31 21:00:00-07","2017-08-02 21:00:00-07"
"TGI-6-GSC-SMU",NULL,"2017-07-31 21:00:00-07","2021-05-31 21:00:00-07"
"DNA",NULL,"2017-08-04 21:00:00-07","2017-08-16 21:00:00-07"
"NA085","E/V Nautilus","2017-08-06 21:00:00-07","2017-08-07 21:00:00-07"
"YLV","RV Yogi","2017-08-10 21:00:00-07","2017-08-10 21:00:00-07"
"LIS1701","R/V Donald Pritchard","2017-08-14 21:00:00-07","2017-08-22 21:00:00-07"
"MOFLUX Quarterly Soil Cores - 2017 Q3",NULL,"2017-08-16 21:00:00-07","2017-08-16 21:00:00-07"
"TFJ",NULL,"2017-08-19 21:00:00-07","2017-08-21 21:00:00-07"
"ICES17",NULL,"2017-08-21 21:00:00-07","2017-08-22 21:00:00-07"
"HEYV","RV LeConte","2017-08-29 21:00:00-07","2017-08-29 21:00:00-07"
"LTS",NULL,"2017-09-06 21:00:00-07","2017-09-10 21:00:00-07"
"FK170825","R/V Falkor","2017-09-10 21:00:00-07","2017-09-26 21:00:00-07"
"COMO",NULL,"2017-09-15 21:00:00-07","2017-09-15 21:00:00-07"
"SMTH",NULL,"2017-09-22 21:00:00-07","2017-09-22 21:00:00-07"
"WYW",NULL,"2017-09-24 21:00:00-07","2017-09-24 21:00:00-07"
"METREE",NULL,"2017-09-26 21:00:00-07","2018-03-08 22:00:00-07"
"LOWMIN",NULL,"2017-10-09 21:00:00-07","2018-02-14 22:00:00-07"
"PAWTL2 Project",NULL,"2017-10-10 21:00:00-07","2017-11-09 12:00:00-07"
"NA090","E/V Nautilus","2017-10-20 21:00:00-07","2017-10-26 21:00:00-07"
"TOFU 13",NULL,"2017-10-23 21:00:00-07","2017-10-25 21:00:00-07"
"IODP Expedition 369","R/V JOIDES Resolution","2017-11-04 21:00:00-07","2017-11-22 22:00:00-07"
"NA092","E/V Nautilus","2017-11-09 22:00:00-07","2017-11-14 22:00:00-07"
"FK171110","R/V Falkor","2017-11-25 22:00:00-07","2017-12-16 22:00:00-07"
"FK171110","Subastian","2017-11-26 20:41:52-07","2017-12-15 22:28:56-07"
"FK171110","SuBastian","2017-11-26 21:00:00-07","2017-12-15 01:18:00-07"
"GeoPRISMS collaboration",NULL,"2017-12-06 22:00:00-07","2017-12-16 22:00:00-07"
NULL,"R/V Meteor","2017-12-28 11:00:00-07","2018-01-14 22:00:00-07"
"M144","R/V Meteor","2017-12-29 12:00:00-07","2018-01-14 12:00:00-07"
"CORTI","R/V Urania","2017-12-29 22:00:00-07","2017-12-29 22:00:00-07"
"USF GLY3311 course",NULL,"2017-12-31 22:00:00-07","2017-12-31 22:00:00-07"
"Masirah field campaign (2018)",NULL,"2017-12-31 22:00:00-07","2017-12-31 22:00:00-07"
"MSA REU NSF",NULL,"2018-01-09 22:00:00-07","2018-01-09 22:00:00-07"
"2018 Himalaya Fieldwork",NULL,"2018-01-10 22:00:00-07","2018-01-10 22:00:00-07"
"Spanish Antarctic Campaign 2018-2019 (POSVOLDEC project CTM2016-79617-P)",NULL,"2018-01-31 07:00:00-07","2018-01-31 22:00:00-07"
"TFM Daniela Cerda",NULL,"2018-01-31 22:00:00-07","2018-01-31 22:00:00-07"
"SCSU",NULL,"2018-01-31 22:00:00-07","2018-01-31 22:00:00-07"
"JAMW",NULL,"2018-02-03 22:00:00-07","2018-02-04 22:00:00-07"
"MAVS",NULL,"2018-02-12 22:00:00-07","2018-02-15 22:00:00-07"
"Szilhalom 2013; Neolithic Period and Copper Age in eastern Hungary",NULL,"2018-02-12 22:00:00-07","2018-02-12 22:00:00-07"
"NA095","E/V Nautilus","2018-02-26 22:00:00-07","2018-06-27 21:00:00-07"
"BYTHO",NULL,"2018-03-01 22:00:00-07","2018-03-02 22:00:00-07"
"SHOCO",NULL,"2018-03-05 22:00:00-07","2018-03-05 22:00:00-07"
"MSU Argentina 2018",NULL,"2018-03-08 22:00:00-07","2018-03-13 21:00:00-07"
"MOFLUX Quarterly Soil Cores - 2018 Q1",NULL,"2018-03-27 21:00:00-07","2018-03-27 21:00:00-07"
"LIS1801","R/V Donald Pritchard","2018-04-03 21:00:00-07","2018-04-03 21:00:00-07"
"LIS1801","R/V Pritchard","2018-04-03 21:00:00-07","2018-04-04 21:00:00-07"
"M146","R/V Meteor","2018-04-08 21:00:00-07","2018-04-13 21:00:00-07"
"Tr/Jr boundary proyect",NULL,"2018-05-02 21:00:00-07","2023-04-22 21:00:00-07"
"CAN18",NULL,"2018-05-07 21:00:00-07","2018-06-11 21:00:00-07"
"Bapska A 2018; East Hungary Tell Project",NULL,"2018-05-14 21:00:00-07","2018-05-27 21:00:00-07"
"Bapska B 2018; East Hungary Tell Project",NULL,"2018-05-14 21:00:00-07","2018-05-23 21:00:00-07"
"2018 Arbuckle Mountains Fieldwork",NULL,"2018-05-24 21:00:00-07","2018-06-03 21:00:00-07"
"Turkana 2018",NULL,"2018-06-04 21:00:00-07","2018-06-24 21:00:00-07"
"SLAC-SFA",NULL,"2018-06-12 21:00:00-07","2019-11-10 22:00:00-07"
"LIS1802","R/V Donald Pritchard","2018-06-25 21:00:00-07","2018-06-28 21:00:00-07"
"MOFLUX Quarterly Soil Cores - 2018 Q3",NULL,"2018-07-09 21:00:00-07","2018-07-09 21:00:00-07"
"GEM2",NULL,"2018-07-14 21:00:00-07","2018-07-14 21:00:00-07"
"MSU Rwanda 2018",NULL,"2018-07-24 21:00:00-07","2018-08-03 21:00:00-07"
"National Geographic and WHOI expedition",NULL,"2018-08-08 21:00:00-07","2018-08-15 21:00:00-07"
"KM1812","Kilo Moana","2018-08-09 21:00:00-07","2018-08-11 21:00:00-07"
"DEVPRAYAG FIELD",NULL,"2018-08-11 21:00:00-07","2019-01-14 22:00:00-07"
"WHONDRS 48hr",NULL,"2018-08-13 09:03:00-07","2018-10-18 10:42:00-07"
"LIS1803","R/V Pritchard","2018-08-20 21:00:00-07","2018-08-23 21:00:00-07"
"KM1813","JASON","2018-08-23 17:31:21-07","2018-08-25 07:12:46-07"
"Oecsoed 2018; East Hungary Tell Project",NULL,"2018-09-04 21:00:00-07","2018-09-04 21:00:00-07"
"field program/cruise",NULL,"2018-09-09 21:00:00-07","2018-09-09 21:00:00-07"
"Vráble 2017; DFG-Project ""Vráble - Emergence and decline of an early bronze age settlement center in southwest Slovakia""",NULL,"2018-09-09 21:00:00-07","2019-03-06 22:00:00-07"
"NA101","E/V Nautilus","2018-09-18 21:00:00-07","2018-09-29 21:00:00-07"
"Dowth 2018; From Boyne to Brodgar-Project",NULL,"2018-09-24 21:00:00-07","2018-09-24 21:00:00-07"
"MOFLUX Quarterly Soil Cores - 2018 Q4",NULL,"2018-10-08 21:00:00-07","2018-10-08 21:00:00-07"
"NA103","E/V Nautilus","2018-10-21 21:00:00-07","2018-10-21 21:00:00-07"
"NBP1808","Nathaniel B. Palmer","2018-10-24 21:00:00-07","2018-11-29 22:00:00-07"
"TOFU 14",NULL,"2018-10-28 21:00:00-07","2018-10-30 21:00:00-07"
"NA104","E/V Nautilus","2018-11-03 21:00:00-07","2018-11-13 22:00:00-07"
"FK181031","R/V Falkor","2018-11-10 04:04:00-07","2018-11-21 09:54:00-07"
"DEVPRAYAG FIELD WORK",NULL,"2018-12-07 22:00:00-07","2019-12-21 22:00:00-07"
"S,Roy PHD expedition TDF, CNRS, USMB",NULL,"2018-12-19 07:00:00-07","2019-11-17 22:00:00-07"
"NSF grant ID 1761576",NULL,"2018-12-31 22:00:00-07","2021-12-31 22:00:00-07"
"Spanish Antarctic Campaign 2018-2019 (VOLCLIMA project CG2015-726229-EXP)",NULL,"2019-01-31 22:00:00-07","2019-01-31 22:00:00-07"
"TFM Tomas Romero",NULL,"2019-01-31 22:00:00-07","2019-01-31 22:00:00-07"
"TFM Arnau Casas",NULL,"2019-01-31 22:00:00-07","2019-01-31 22:00:00-07"
"SMARTIES","POURQUOIPAS?","2019-02-08 03:07:00-07","2019-12-08 08:54:00-07"
"Vráble 2019; DFG-Project: Vráble - Emergence and decline of an early bronze age settlement center in southwest Slovakia.",NULL,"2019-02-08 22:00:00-07","2019-02-09 22:00:00-07"
"Gorzsa 2019; East Hungary Tell Project",NULL,"2019-02-14 22:00:00-07","2019-09-09 21:00:00-07"
"Öcsöd 2019; East Hungary Tell Project",NULL,"2019-02-16 22:00:00-07","2019-02-18 22:00:00-07"
"Vráble 2019; DFG-Project ""Vráble - Emergence and decline of an early bronze age settlement center in southwest Slovakia""",NULL,"2019-02-19 22:00:00-07","2019-09-29 21:00:00-07"
"MD218 CROTALE",NULL,"2019-02-27 17:00:00-07","2019-03-04 17:00:00-07"
"Bapska 2018; East Hungary Tell Project",NULL,"2019-03-24 21:00:00-07","2019-03-27 21:00:00-07"
"TOFU 14.5",NULL,"2019-03-24 21:00:00-07","2019-03-26 21:00:00-07"
"WNFS 2019",NULL,"2019-03-30 17:00:00-07","2019-04-13 21:00:00-07"
"Lingshan island Science Drilling",NULL,"2019-04-01 21:00:00-07","2019-04-01 21:00:00-07"
"Duke-JHopkins-MLP expedition",NULL,"2019-04-01 21:00:00-07","2019-04-01 21:00:00-07"
"Bapska A 2019; East Hungary Tell Project",NULL,"2019-04-01 21:00:00-07","2019-04-02 21:00:00-07"
"AT4209","Atantis","2019-04-04 10:48:49-07","2019-04-15 14:28:49-07"
"Middle Caicos","KaBoat Platform","2019-04-04 21:00:00-07","2019-06-18 21:00:00-07"
"NA106","E/V Nautilus","2019-05-11 21:00:00-07","2019-05-11 21:00:00-07"
"CAN19",NULL,"2019-06-03 21:00:00-07","2019-06-10 21:00:00-07"
"NASA IceCrystal Grant #:80NSSC18K1518",NULL,"2019-06-06 21:00:00-07","2019-06-14 21:00:00-07"
"Natael Na",NULL,"2019-06-11 21:00:00-07","2019-06-11 21:00:00-07"
"Argonne Wetlands Hydrobiogeochemistry SFA",NULL,"2019-06-23 21:00:00-07","2019-06-26 21:00:00-07"
"Biogeochemistry of Actinides SFA",NULL,"2019-06-24 21:00:00-07","2021-12-31 22:00:00-07"
"NA110","E/V Nautilus","2019-06-27 21:00:00-07","2019-07-05 21:00:00-07"
"NA110","E/V Nautilus ","2019-06-28 21:00:00-07","2019-06-28 21:00:00-07"
"Lingshan island Scientific Drill",NULL,"2019-07-01 21:00:00-07","2019-07-01 21:00:00-07"
"Paulina Marsh Coring",NULL,"2019-07-05 21:00:00-07","2019-07-05 21:00:00-07"
"Western United States",NULL,"2019-07-13 21:00:00-07","2021-07-13 21:00:00-07"
"Wasatch Intrusive Belt Project",NULL,"2019-07-18 21:00:00-07","2019-07-18 21:00:00-07"
"NA112","E/V Nautilus","2019-07-22 21:00:00-07","2019-08-03 21:00:00-07"
"IODP 379T","Joides Resolution","2019-07-27 21:00:00-07","2019-08-13 21:00:00-07"
"WHONDRS",NULL,"2019-07-28 21:00:00-07","2019-09-18 21:00:00-07"
"WHONDRS S19S",NULL,"2019-07-28 21:00:00-07","2019-07-30 21:00:00-07"
"US Department of Energy River Corridor Science Focus Area, Worldwide Hydrobiogeochemical Observation Network for Dynamic River Systems (WHONDRS)",NULL,"2019-07-28 21:00:00-07","2023-10-09 21:00:00-07"
"MOFLUX Quarterly Soil Cores - 2019 Q3",NULL,"2019-07-29 21:00:00-07","2019-07-29 21:00:00-07"
"Bapska 2019; East Hungary Tell Project",NULL,"2019-08-28 21:00:00-07","2019-08-28 21:00:00-07"
"NA114","E/V Nautilus","2019-08-29 21:00:00-07","2019-09-12 21:00:00-07"
"Fondo Maria Viñas (FMV_1_2019_1_156244) ",NULL,"2019-08-31 21:00:00-07","2019-08-31 21:00:00-07"
"Pako?tane Janice 2019; aDNA-Project",NULL,"2019-09-16 21:00:00-07","2019-09-16 21:00:00-07"
"Suko?an Babir 2019; aDNA-Project",NULL,"2019-09-16 21:00:00-07","2019-09-16 21:00:00-07"
"Pakostane Janice 2019; aDNA-Project",NULL,"2019-09-17 21:00:00-07","2019-09-17 21:00:00-07"
"Sukosan Babir 2019; aDNA-Project",NULL,"2019-09-17 21:00:00-07","2019-09-17 21:00:00-07"
"Oecsoed 2019; East Hungary Tell Project",NULL,"2019-09-30 21:00:00-07","2019-11-17 22:00:00-07"
"Devprayag Time-series",NULL,"2019-10-02 21:00:00-07","2019-10-14 21:00:00-07"
"19OCS","R/V APALACHEE","2019-10-03 21:00:00-07","2019-10-03 21:00:00-07"
"NA116","E/V Nautilus","2019-10-07 21:00:00-07","2019-10-07 21:00:00-07"
"NA117","E/V Nautilus","2019-10-13 21:00:00-07","2019-10-16 21:00:00-07"
"Stolniceni 2019; Large settlement in the Copper Age-Project",NULL,"2019-10-23 21:00:00-07","2019-10-25 21:00:00-07"
"TOFU 15",NULL,"2019-10-28 21:00:00-07","2019-10-29 21:00:00-07"
"PNNL PREMIS",NULL,"2019-10-31 21:00:00-07","2019-10-31 21:00:00-07"
"Argonne Wetland Complex",NULL,"2019-11-06 17:00:00-07","2019-11-06 22:00:00-07"
"MOFLUX Quarterly Soil Cores - 2019 Q4",NULL,"2019-12-02 22:00:00-07","2019-12-02 22:00:00-07"
"Hudson resampling ",NULL,"2020-01-06 22:00:00-07","2020-01-13 22:00:00-07"
"Hudson resampling",NULL,"2020-01-12 22:00:00-07","2020-01-12 22:00:00-07"
"2020 Himalaya Fieldwork",NULL,"2020-01-13 22:00:00-07","2020-01-14 22:00:00-07"
"Topernawi Geology Excursion 2020",NULL,"2020-01-16 06:59:00-07","2020-01-16 06:59:00-07"
"Topernawi Field Excursion 2020",NULL,"2020-01-16 07:16:00-07","2020-01-16 07:16:00-07"
"TFM Marc López",NULL,"2020-01-31 22:00:00-07","2020-01-31 22:00:00-07"
"Arctic Great Rivers Observatory IV",NULL,"2020-02-04 22:00:00-07","2023-06-01 21:00:00-07"
"COMPASS Task 1.3",NULL,"2020-02-09 22:00:00-07","2021-02-09 22:00:00-07"
"Mars 2020",NULL,"2020-02-14 22:00:00-07","2020-02-14 22:00:00-07"
"Batida-Kökenydomb 2020; East Hungary Tell Project",NULL,"2020-02-17 22:00:00-07","2020-08-16 21:00:00-07"
"GEO3BCN-TNF2020",NULL,"2020-02-29 22:00:00-07","2020-02-29 22:00:00-07"
"Stolniceni 2019; ""Large settlement in the Copper Age""",NULL,"2020-03-02 22:00:00-07","2020-12-14 22:00:00-07"
"EN651","R/V Endeavor","2020-03-03 22:00:00-07","2020-03-14 21:00:00-07"
"Palau 2020",NULL,"2020-03-08 21:00:00-07","2020-03-08 21:00:00-07"
"MOFLUX Quarterly Soil Cores - 2020 Q1",NULL,"2020-03-22 21:00:00-07","2020-03-22 21:00:00-07"
"Lockdown sampling",NULL,"2020-03-24 21:00:00-07","2020-05-12 21:00:00-07"
"Copper Hill",NULL,"2020-03-31 21:00:00-07","2020-03-31 21:00:00-07"
"SLAC SFA",NULL,"2020-05-13 21:00:00-07","2022-10-04 21:00:00-07"
"MOFLUX Quarterly Soil Cores - 2020 Q2",NULL,"2020-05-25 21:00:00-07","2020-05-25 21:00:00-07"
"MOFLUX Quarterly Soil Cores - 2020 Q3",NULL,"2020-07-07 21:00:00-07","2020-07-07 21:00:00-07"
"Initial Characterization",NULL,"2020-07-12 21:00:00-07","2020-07-12 21:00:00-07"
"Oecsoed 2020; East Hungary Tell Project",NULL,"2020-07-14 21:00:00-07","2020-07-19 21:00:00-07"
"Masters research project- Northern Arizona University",NULL,"2020-07-26 21:00:00-07","2020-08-01 21:00:00-07"
"WHONDRS disinfection byproduct collaboration",NULL,"2020-07-29 21:00:00-07","2021-07-27 21:00:00-07"
"WHONDRS ECA2",NULL,"2020-08-01 21:00:00-07","2020-11-07 22:00:00-07"
"GSNL bedrock mapping",NULL,"2020-08-08 21:00:00-07","2023-08-07 21:00:00-07"
"Palmer 2020",NULL,"2020-09-14 21:00:00-07","2020-09-14 21:00:00-07"
"MOFLUX Quarterly Soil Cores - 2020 Q4",NULL,"2020-09-23 21:00:00-07","2020-09-23 21:00:00-07"
"E-K WIS Temporal Framework",NULL,"2020-10-12 21:00:00-07","2023-06-15 21:00:00-07"
"NA122","E/V Nautilus","2020-10-14 21:00:00-07","2020-10-14 21:00:00-07"
"NA123","E/V Nautilus","2020-10-16 21:00:00-07","2020-10-20 21:00:00-07"
"TOFU 16",NULL,"2020-10-29 21:00:00-07","2020-10-30 21:00:00-07"
"US Department of Energy River Corridor Science Focus Area",NULL,"2020-11-24 22:00:00-07","2023-05-23 21:00:00-07"
"Metal earth transect",NULL,"2020-11-30 22:00:00-07","2020-11-30 22:00:00-07"
"NCKRI seed grant",NULL,"2020-12-10 22:00:00-07","2021-04-18 21:00:00-07"
"PIREN SEINE",NULL,"2021-01-20 22:00:00-07","2021-09-05 21:00:00-07"
"TFM Uriel Vergara",NULL,"2021-01-31 22:00:00-07","2021-02-15 22:00:00-07"
"AZGS 2021-2022 STATEMAP",NULL,"2021-02-01 22:00:00-07","2022-06-30 21:00:00-07"
"Grand Canyon Fieldwork 2021",NULL,"2021-04-10 21:00:00-07","2021-04-16 21:00:00-07"
"WHONDRS CLIMAGAS collaboration",NULL,"2021-04-16 21:00:00-07","2022-09-02 21:00:00-07"
"May 2021 GC Research Trip",NULL,"2021-04-17 21:00:00-07","2021-05-28 21:00:00-07"
"MOFLUX Quarterly Soil Cores - 2021 Q2",NULL,"2021-04-18 21:00:00-07","2021-04-18 21:00:00-07"
"CINET",NULL,"2021-05-08 14:00:00-07","2021-11-08 09:00:00-07"
"Summer 2021",NULL,"2021-05-14 21:00:00-07","2021-05-14 21:00:00-07"
"2021 Summer",NULL,"2021-06-01 21:00:00-07","2021-08-14 21:00:00-07"
"TOFU",NULL,"2021-06-07 17:00:00-07","2021-06-07 17:00:00-07"
"NSF CAREER",NULL,"2021-06-10 21:00:00-07","2021-06-16 21:00:00-07"
"Colville foreland basin",NULL,"2021-06-19 21:00:00-07","2021-06-19 21:00:00-07"
"Bedrock Critical Zone Network",NULL,"2021-06-23 21:00:00-07","2021-07-28 21:00:00-07"
"NorthernShield SR",NULL,"2021-06-30 21:00:00-07","2021-06-30 21:00:00-07"
"AGESS 2021",NULL,"2021-07-03 21:00:00-07","2022-06-14 21:00:00-07"
"MOFLUX Quarterly Soil Cores - 2021 Q3",NULL,"2021-07-04 21:00:00-07","2021-07-04 21:00:00-07"
"VSF",NULL,"2021-07-14 21:00:00-07","2021-07-14 21:00:00-07"
"Denali Field Work 2021",NULL,"2021-07-16 21:00:00-07","2021-07-16 21:00:00-07"
"IGS StateMap Weiser",NULL,"2021-07-17 21:00:00-07","2023-09-13 21:00:00-07"
"	Investigation of an Ancient Bald Cypress Forest in the Northern Gulf of Mexico","R/V Point Sur","2021-07-19 21:00:00-07","2021-07-19 21:00:00-07"
"Ship",NULL,"2021-07-19 21:00:00-07","2022-08-20 21:00:00-07"
"Investigation of an Ancient Bald Cypress Forest in the Northern Gulf of Mexico","R/V Point Sur","2021-07-19 21:00:00-07","2021-07-19 21:00:00-07"
"NA128","E/V Nautilus","2021-07-22 21:00:00-07","2021-08-02 21:00:00-07"
"STATEMAP",NULL,"2021-07-27 21:00:00-07","2022-08-01 21:00:00-07"
"INL Probabalistic Volcanic Hazard Assessment New Data Collection and Analysis",NULL,"2021-07-27 21:00:00-07","2021-07-27 21:00:00-07"
"MRDF2021-SMU",NULL,"2021-07-31 21:00:00-07","2021-10-31 21:00:00-07"
"rgk2021-10; Ruffenhofen 2021; Limites-Project",NULL,"2021-08-08 21:00:00-07","2021-08-10 21:00:00-07"
"Ruffenhofen 2021; Limites-Project; rgk2021-10",NULL,"2021-08-09 21:00:00-07","2021-08-11 21:00:00-07"
"Ruffenhofen 2021; Limites-Project/Space development and roman-german interactions-Project",NULL,"2021-08-16 21:00:00-07","2021-10-17 21:00:00-07"
"SECBI Dating",NULL,"2021-08-19 21:00:00-07","2021-08-19 21:00:00-07"
"LESELAM18",NULL,"2021-09-02 21:00:00-07","2021-09-02 21:00:00-07"
"LESELAM9",NULL,"2021-09-02 21:00:00-07","2021-09-02 21:00:00-07"
"LESELAM3",NULL,"2021-09-02 21:00:00-07","2021-09-07 21:00:00-07"
"LESELAM10",NULL,"2021-09-02 21:00:00-07","2021-09-02 21:00:00-07"
"LESELAM11",NULL,"2021-09-02 21:00:00-07","2021-09-02 21:00:00-07"
"LESELAM12",NULL,"2021-09-02 21:00:00-07","2021-09-02 21:00:00-07"
"LESELAM13",NULL,"2021-09-02 21:00:00-07","2021-09-02 21:00:00-07"
"LESELAM14",NULL,"2021-09-02 21:00:00-07","2021-09-02 21:00:00-07"
"LESELAM15",NULL,"2021-09-02 21:00:00-07","2021-09-02 21:00:00-07"
"LESELAM16",NULL,"2021-09-02 21:00:00-07","2021-09-02 21:00:00-07"
"LESELAM17",NULL,"2021-09-02 21:00:00-07","2021-09-02 21:00:00-07"
"LESELAM19",NULL,"2021-09-02 21:00:00-07","2021-09-02 21:00:00-07"
"LESELAM33",NULL,"2021-09-03 21:00:00-07","2021-09-03 21:00:00-07"
"LESELAM43",NULL,"2021-09-03 21:00:00-07","2021-09-03 21:00:00-07"
"LESELAM44",NULL,"2021-09-03 21:00:00-07","2021-09-03 21:00:00-07"
"LESELAM32",NULL,"2021-09-03 21:00:00-07","2021-09-03 21:00:00-07"
"LESELAM31",NULL,"2021-09-03 21:00:00-07","2021-09-03 21:00:00-07"
"LESELAM30",NULL,"2021-09-03 21:00:00-07","2021-09-03 21:00:00-07"
"LESELAM29",NULL,"2021-09-03 21:00:00-07","2021-09-03 21:00:00-07"
"LESELAM28",NULL,"2021-09-03 21:00:00-07","2021-09-03 21:00:00-07"
"LESELAM27",NULL,"2021-09-03 21:00:00-07","2021-09-03 21:00:00-07"
"LESELAM26",NULL,"2021-09-03 21:00:00-07","2021-09-03 21:00:00-07"
"LESELAM25",NULL,"2021-09-03 21:00:00-07","2021-09-03 21:00:00-07"
"LESELAM21",NULL,"2021-09-03 21:00:00-07","2021-09-03 21:00:00-07"
"LESELAM24",NULL,"2021-09-03 21:00:00-07","2021-09-03 21:00:00-07"
"LESELAM23",NULL,"2021-09-03 21:00:00-07","2021-09-03 21:00:00-07"
"LESELAM20",NULL,"2021-09-03 21:00:00-07","2021-09-03 21:00:00-07"
"LESELAM22",NULL,"2021-09-03 21:00:00-07","2021-09-03 21:00:00-07"
"LESELAM37",NULL,"2021-09-03 21:00:00-07","2021-09-03 21:00:00-07"
"LESELAM38",NULL,"2021-09-03 21:00:00-07","2021-09-03 21:00:00-07"
"LESELAM36",NULL,"2021-09-03 21:00:00-07","2021-09-03 21:00:00-07"
"LESELAM39",NULL,"2021-09-03 21:00:00-07","2021-09-03 21:00:00-07"
"LESELAM40",NULL,"2021-09-03 21:00:00-07","2021-09-03 21:00:00-07"
"LESELAM35",NULL,"2021-09-03 21:00:00-07","2021-09-03 21:00:00-07"
"LESELAM41",NULL,"2021-09-03 21:00:00-07","2021-09-03 21:00:00-07"
"LESELAM42",NULL,"2021-09-03 21:00:00-07","2021-09-03 21:00:00-07"
"LESELAM34",NULL,"2021-09-03 21:00:00-07","2021-09-03 21:00:00-07"
"LESELAM54",NULL,"2021-09-05 21:00:00-07","2021-09-05 21:00:00-07"
"LESELAM45",NULL,"2021-09-05 21:00:00-07","2021-09-05 21:00:00-07"
"LESELAM46",NULL,"2021-09-05 21:00:00-07","2021-09-05 21:00:00-07"
"LESELAM47",NULL,"2021-09-05 21:00:00-07","2021-09-05 21:00:00-07"
"LESELAM48",NULL,"2021-09-05 21:00:00-07","2021-09-05 21:00:00-07"
"LESELAM49",NULL,"2021-09-05 21:00:00-07","2021-09-05 21:00:00-07"
"LESELAM50",NULL,"2021-09-05 21:00:00-07","2021-09-05 21:00:00-07"
"LESELAM51",NULL,"2021-09-05 21:00:00-07","2021-09-05 21:00:00-07"
"LESELAM52",NULL,"2021-09-05 21:00:00-07","2021-09-05 21:00:00-07"
"LESELAM53",NULL,"2021-09-05 21:00:00-07","2021-09-05 21:00:00-07"
"LESELAM55",NULL,"2021-09-05 21:00:00-07","2021-09-05 21:00:00-07"
"LESELAM56",NULL,"2021-09-05 21:00:00-07","2021-09-05 21:00:00-07"
"LESELAM57",NULL,"2021-09-05 21:00:00-07","2021-09-05 21:00:00-07"
"LESELAM58",NULL,"2021-09-05 21:00:00-07","2021-09-05 21:00:00-07"
"LESELAM59",NULL,"2021-09-05 21:00:00-07","2021-09-05 21:00:00-07"
"LESELAM60",NULL,"2021-09-05 21:00:00-07","2021-09-05 21:00:00-07"
"LESELAM61",NULL,"2021-09-05 21:00:00-07","2021-09-05 21:00:00-07"
"LESELAM62",NULL,"2021-09-05 21:00:00-07","2021-09-05 21:00:00-07"
"LESELAM63",NULL,"2021-09-05 21:00:00-07","2021-09-05 21:00:00-07"
"LESELAM64",NULL,"2021-09-05 21:00:00-07","2021-09-05 21:00:00-07"
"LESELAM65",NULL,"2021-09-05 21:00:00-07","2021-09-05 21:00:00-07"
"LESELAM66",NULL,"2021-09-05 21:00:00-07","2021-09-05 21:00:00-07"
"LESELAM67",NULL,"2021-09-05 21:00:00-07","2021-09-05 21:00:00-07"
"LESELAM68",NULL,"2021-09-05 21:00:00-07","2021-09-05 21:00:00-07"
"LESELAM75",NULL,"2021-09-07 21:00:00-07","2021-09-07 21:00:00-07"
"LESELAM73",NULL,"2021-09-07 21:00:00-07","2021-09-07 21:00:00-07"
"LESELAM76",NULL,"2021-09-07 21:00:00-07","2021-09-07 21:00:00-07"
"LESELAM72",NULL,"2021-09-07 21:00:00-07","2021-09-07 21:00:00-07"
"LESELAM71",NULL,"2021-09-07 21:00:00-07","2021-09-07 21:00:00-07"
"LESELAM74",NULL,"2021-09-07 21:00:00-07","2021-09-07 21:00:00-07"
"LESELAM70",NULL,"2021-09-07 21:00:00-07","2021-09-07 21:00:00-07"
"LESELAM69",NULL,"2021-09-07 21:00:00-07","2021-09-07 21:00:00-07"
"Tonstein Expedition",NULL,"2021-09-14 21:00:00-07","2024-03-14 21:00:00-07"
"1000 Soils Pilot",NULL,"2021-09-19 21:00:00-07","2022-02-03 22:00:00-07"
"CZNet GeoMicro Cluster",NULL,"2021-09-19 21:00:00-07","2023-10-29 21:00:00-07"
"NA131","E/V Nautilus","2021-09-24 21:00:00-07","2021-09-24 21:00:00-07"
"EXCHANGE Campaign 1",NULL,"2021-10-03 21:00:00-07","2021-12-13 22:00:00-07"
"Expedition",NULL,"2021-10-07 21:00:00-07","2022-03-27 21:00:00-07"
"MOFLUX Quarterly Soil Cores - 2021 Q4",NULL,"2021-10-11 21:00:00-07","2021-10-11 21:00:00-07"
"TOFU 17",NULL,"2021-10-28 21:00:00-07","2021-10-31 21:00:00-07"
"PilotStrategy",NULL,"2021-11-05 21:00:00-07","2022-03-29 21:00:00-07"
"AR62","R/V Neil Armstrong","2021-11-16 22:00:00-07","2021-11-21 22:00:00-07"
"Sofia 2021; rgk2021-30",NULL,"2021-11-18 22:00:00-07","2021-11-21 22:00:00-07"
"NA134","E/V Nautilus","2021-11-18 22:00:00-07","2022-05-28 21:00:00-07"
"rgk2021-30; Sofia 2021",NULL,"2021-11-19 22:00:00-07","2021-11-22 22:00:00-07"
"rgk2021-32; Sofia 2021",NULL,"2021-11-21 22:00:00-07","2021-11-23 22:00:00-07"
"Sofia 2021; rgk2021-32",NULL,"2021-11-21 22:00:00-07","2021-11-21 22:00:00-07"
"Sofia 2021; rgk2021-31",NULL,"2021-11-22 22:00:00-07","2021-11-22 22:00:00-07"
"rgk2021-31; Sofia 2021",NULL,"2021-11-22 22:00:00-07","2021-11-23 22:00:00-07"
"Sofia 2021; rgk2021-33",NULL,"2021-11-22 22:00:00-07","2021-11-23 22:00:00-07"
"rgk2021-33; Sofia 2021",NULL,"2021-11-23 22:00:00-07","2021-11-24 22:00:00-07"
"Sofia 2021; rgk2021-35",NULL,"2021-11-24 22:00:00-07","2021-11-24 22:00:00-07"
"Sofia 2021; rgk2021-34",NULL,"2021-11-25 22:00:00-07","2021-11-25 22:00:00-07"
"rgk2021-35; Sofia 2021",NULL,"2021-11-25 22:00:00-07","2021-11-25 22:00:00-07"
"Sofia 2021; rgk2021-25",NULL,"2021-11-28 22:00:00-07","2021-11-28 22:00:00-07"
"rgk2021-34; Sofia 2021",NULL,"2021-11-28 22:00:00-07","2021-11-28 22:00:00-07"
"rgk2021-25; Sofia 2021",NULL,"2021-11-29 22:00:00-07","2021-11-29 22:00:00-07"
"NA135","E/V Nautilus","2021-12-09 22:00:00-07","2021-12-17 22:00:00-07"
"PE22-17","RV Pelican","2022-01-09 22:00:00-07","2022-01-24 22:00:00-07"
"Drilling program",NULL,"2022-01-16 22:00:00-07","2022-01-16 22:00:00-07"
"resource drilling",NULL,"2022-01-20 22:00:00-07","2022-01-20 22:00:00-07"
"GPF-1 program",NULL,"2022-01-31 22:00:00-07","2022-01-31 22:00:00-07"
"AR64-02","R/V Neil Armstrong","2022-02-14 22:00:00-07","2022-03-03 22:00:00-07"
"Sahara 2022 participatory approach",NULL,"2022-02-14 22:00:00-07","2022-04-22 21:00:00-07"
"Spanish Antarctic Campaign 2022-2023 (Erupting (PID2021-127189OB-I00) funded by MCIN/AEI/10.13039/501100011033)",NULL,"2022-02-23 22:00:00-07","2023-02-23 22:00:00-07"
"MRDF2022-SMU",NULL,"2022-02-28 22:00:00-07","2022-06-30 21:00:00-07"
"MOFLUX Quarterly Soil Cores - 2022 Q1",NULL,"2022-03-08 22:00:00-07","2022-03-08 22:00:00-07"
"NA137","E/V Nautilus","2022-03-20 21:00:00-07","2022-06-29 21:00:00-07"
"NSF Moenave-Elliot Project",NULL,"2022-03-20 21:00:00-07","2022-03-24 21:00:00-07"
"rgk2022-31; Ruffenhofen 2022; Limites-Project",NULL,"2022-04-02 21:00:00-07","2022-04-04 21:00:00-07"
"Ruffenhofen 2022; Limites-Project; rgk2022-31",NULL,"2022-04-03 21:00:00-07","2022-04-05 21:00:00-07"
"Martinique 2022",NULL,"2022-04-07 21:00:00-07","2022-04-07 21:00:00-07"
"TN401","R/V Thomas G. Thompson","2022-04-09 21:00:00-07","2022-04-23 21:00:00-07"
"NA138","E/V Nautilus","2022-04-10 21:00:00-07","2022-05-20 21:00:00-07"
"Ruffenhofen 2022; Limites-Project/Space development and roman-german interactions-Project",NULL,"2022-04-13 21:00:00-07","2022-06-08 21:00:00-07"
"TOFU 17.5",NULL,"2022-04-18 21:00:00-07","2022-04-20 21:00:00-07"
"AguaCal22",NULL,"2022-04-22 21:00:00-07","2022-05-23 21:00:00-07"
"IGS State Map Weiser",NULL,"2022-04-26 21:00:00-07","2022-05-31 21:00:00-07"
"Boyne to Brodgar-Project 2022; rgk2022-15",NULL,"2022-05-01 21:00:00-07","2022-05-02 21:00:00-07"
"Magmatic chronology in Avalonia",NULL,"2022-05-02 21:00:00-07","2022-06-10 21:00:00-07"
"rgk2022-15; Boyne to Brodgar-Project 2022",NULL,"2022-05-03 21:00:00-07","2022-05-03 21:00:00-07"
"Donore Hill and Boyne 2022; From Boyne to Brodgar-Project",NULL,"2022-05-03 21:00:00-07","2022-05-08 21:00:00-07"
"Boyne to Brodgar-Project 2022; rgk2022-19",NULL,"2022-05-06 21:00:00-07","2022-05-06 21:00:00-07"
"rgk2022-15; Donore Hill 2022; Boyne to Brodgar-Project",NULL,"2022-05-06 21:00:00-07","2022-05-08 21:00:00-07"
"Idaho StateMap",NULL,"2022-05-14 21:00:00-07","2022-05-14 21:00:00-07"
"AguaCal27",NULL,"2022-05-18 21:00:00-07","2022-05-18 21:00:00-07"
"AguaCal28",NULL,"2022-05-18 21:00:00-07","2022-05-18 21:00:00-07"
"AguaCal25",NULL,"2022-05-18 21:00:00-07","2022-05-18 21:00:00-07"
"AguaCal26",NULL,"2022-05-18 21:00:00-07","2022-05-18 21:00:00-07"
"AguaCal34",NULL,"2022-05-19 21:00:00-07","2022-05-19 21:00:00-07"
"AguaCal33",NULL,"2022-05-19 21:00:00-07","2022-05-19 21:00:00-07"
"AguaCal30",NULL,"2022-05-20 21:00:00-07","2022-05-20 21:00:00-07"
"AguaCal41",NULL,"2022-05-21 21:00:00-07","2022-05-21 21:00:00-07"
"AguaCal40",NULL,"2022-05-21 21:00:00-07","2022-05-21 21:00:00-07"
"AguaCal38",NULL,"2022-05-21 21:00:00-07","2022-05-21 21:00:00-07"
"AguaCal31",NULL,"2022-05-21 21:00:00-07","2022-05-21 21:00:00-07"
"AguaCal39",NULL,"2022-05-22 21:00:00-07","2022-05-22 21:00:00-07"
"AguaCal32",NULL,"2022-05-22 21:00:00-07","2022-05-22 21:00:00-07"
"AguaCal43",NULL,"2022-05-22 21:00:00-07","2022-05-22 21:00:00-07"
"AguaCal42",NULL,"2022-05-22 21:00:00-07","2022-05-22 21:00:00-07"
"AguaCal37",NULL,"2022-05-22 21:00:00-07","2022-05-22 21:00:00-07"
"AguaCal24",NULL,"2022-05-23 21:00:00-07","2022-05-23 21:00:00-07"
"AguaCal23",NULL,"2022-05-24 21:00:00-07","2022-05-24 21:00:00-07"
"AguaCal36",NULL,"2022-05-25 21:00:00-07","2022-05-25 21:00:00-07"
"AguaCal35",NULL,"2022-05-25 21:00:00-07","2022-05-25 21:00:00-07"
"AguaCal29",NULL,"2022-05-29 21:00:00-07","2022-05-29 21:00:00-07"
"Summer 2022",NULL,"2022-05-31 21:00:00-07","2022-07-31 21:00:00-07"
"Caledonia project",NULL,"2022-05-31 21:00:00-07","2022-05-31 21:00:00-07"
"AT49","R/V Atlantis","2022-06-04 17:00:00-07","2022-06-13 17:00:00-07"
"RADIS",NULL,"2022-06-05 21:00:00-07","2022-09-19 21:00:00-07"
"CZNet GeoMicro Cluster",NULL,"2022-06-05 21:00:00-07","2023-10-28 21:00:00-07"
"Wet Mountains project",NULL,"2022-06-13 21:00:00-07","2022-06-27 21:00:00-07"
"Pilbara Sample Return 2073",NULL,"2022-06-14 21:00:00-07","2022-06-14 21:00:00-07"
"Pilbara Sample Return 2027",NULL,"2022-06-14 21:00:00-07","2022-06-14 21:00:00-07"
"Pilbara Sample Return 2092",NULL,"2022-06-14 21:00:00-07","2022-06-14 21:00:00-07"
"Pilbara Sample Return 2091",NULL,"2022-06-14 21:00:00-07","2022-06-14 21:00:00-07"
"Pilbara Sample Return 2055",NULL,"2022-06-14 21:00:00-07","2022-06-14 21:00:00-07"
"Pilbara Sample Return 2026",NULL,"2022-06-14 21:00:00-07","2022-06-14 21:00:00-07"
"Pilbara Sample Return 2025",NULL,"2022-06-14 21:00:00-07","2022-06-14 21:00:00-07"
"Pilbara Sample Return 2024",NULL,"2022-06-14 21:00:00-07","2022-06-14 21:00:00-07"
"Pilbara Sample Return 2023",NULL,"2022-06-14 21:00:00-07","2022-06-14 21:00:00-07"
"Pilbara Sample Return 2022",NULL,"2022-06-14 21:00:00-07","2022-06-14 21:00:00-07"
"Pilbara Sample Return 2090",NULL,"2022-06-14 21:00:00-07","2022-06-14 21:00:00-07"
"Pilbara Sample Return 2089",NULL,"2022-06-14 21:00:00-07","2022-06-14 21:00:00-07"
"Pilbara Sample Return 2088",NULL,"2022-06-14 21:00:00-07","2022-06-14 21:00:00-07"
"Pilbara Sample Return 2087",NULL,"2022-06-14 21:00:00-07","2022-06-14 21:00:00-07"
"Pilbara Sample Return 2086",NULL,"2022-06-14 21:00:00-07","2022-06-14 21:00:00-07"
"Pilbara Sample Return 2085",NULL,"2022-06-14 21:00:00-07","2022-06-14 21:00:00-07"
"Pilbara Sample Return 2084",NULL,"2022-06-14 21:00:00-07","2022-06-14 21:00:00-07"
"Pilbara Sample Return 2056",NULL,"2022-06-14 21:00:00-07","2022-06-14 21:00:00-07"
"Pilbara Sample Return 2028",NULL,"2022-06-14 21:00:00-07","2022-06-14 21:00:00-07"
"Pilbara Sample Return 2083",NULL,"2022-06-14 21:00:00-07","2022-06-14 21:00:00-07"
"Pilbara Sample Return 2082",NULL,"2022-06-14 21:00:00-07","2022-06-14 21:00:00-07"
"Pilbara Sample Return 2057",NULL,"2022-06-14 21:00:00-07","2022-06-14 21:00:00-07"
"Pilbara Sample Return 2081",NULL,"2022-06-14 21:00:00-07","2022-06-14 21:00:00-07"
"Pilbara Sample Return 2058",NULL,"2022-06-14 21:00:00-07","2022-06-14 21:00:00-07"
"Pilbara Sample Return 2032",NULL,"2022-06-14 21:00:00-07","2022-06-14 21:00:00-07"
"Pilbara Sample Return 2062",NULL,"2022-06-14 21:00:00-07","2022-06-14 21:00:00-07"
"Pilbara Sample Return 2033",NULL,"2022-06-14 21:00:00-07","2022-06-14 21:00:00-07"
"Pilbara Sample Return 2063",NULL,"2022-06-14 21:00:00-07","2022-06-14 21:00:00-07"
"Pilbara Sample Return 2034",NULL,"2022-06-14 21:00:00-07","2022-06-14 21:00:00-07"
"Pilbara Sample Return 2054",NULL,"2022-06-14 21:00:00-07","2022-06-14 21:00:00-07"
"Pilbara Sample Return 2053",NULL,"2022-06-14 21:00:00-07","2022-06-14 21:00:00-07"
"Pilbara Sample Return 2080",NULL,"2022-06-14 21:00:00-07","2022-06-14 21:00:00-07"
"Pilbara Sample Return 2079",NULL,"2022-06-14 21:00:00-07","2022-06-14 21:00:00-07"
"Pilbara Sample Return 2064",NULL,"2022-06-14 21:00:00-07","2022-06-14 21:00:00-07"
"Pilbara Sample Return 2078",NULL,"2022-06-14 21:00:00-07","2022-06-14 21:00:00-07"
"Pilbara Sample Return 2035",NULL,"2022-06-14 21:00:00-07","2022-06-14 21:00:00-07"
"Pilbara Sample Return 2077",NULL,"2022-06-14 21:00:00-07","2022-06-14 21:00:00-07"
"Pilbara Sample Return 2076",NULL,"2022-06-14 21:00:00-07","2022-06-14 21:00:00-07"
"Pilbara Sample Return 2036",NULL,"2022-06-14 21:00:00-07","2022-06-14 21:00:00-07"
"Pilbara Sample Return 2037",NULL,"2022-06-14 21:00:00-07","2022-06-14 21:00:00-07"
"Pilbara Sample Return 2065",NULL,"2022-06-14 21:00:00-07","2022-06-14 21:00:00-07"
"Pilbara Sample Return 2052",NULL,"2022-06-14 21:00:00-07","2022-06-14 21:00:00-07"
"Pilbara Sample Return 2075",NULL,"2022-06-14 21:00:00-07","2022-06-14 21:00:00-07"
"Pilbara Sample Return 2038",NULL,"2022-06-14 21:00:00-07","2022-06-14 21:00:00-07"
"Pilbara Sample Return 2066",NULL,"2022-06-14 21:00:00-07","2022-06-14 21:00:00-07"
"Pilbara Sample Return 2051",NULL,"2022-06-14 21:00:00-07","2022-06-14 21:00:00-07"
"Pilbara Sample Return 2050",NULL,"2022-06-14 21:00:00-07","2022-06-14 21:00:00-07"
"Pilbara Sample Return 2049",NULL,"2022-06-14 21:00:00-07","2022-06-14 21:00:00-07"
"Pilbara Sample Return 2048",NULL,"2022-06-14 21:00:00-07","2022-06-14 21:00:00-07"
"Pilbara Sample Return 2067",NULL,"2022-06-14 21:00:00-07","2022-06-14 21:00:00-07"
"Pilbara Sample Return 2068",NULL,"2022-06-14 21:00:00-07","2022-06-14 21:00:00-07"
"Pilbara Sample Return 2047",NULL,"2022-06-14 21:00:00-07","2022-06-14 21:00:00-07"
"Pilbara Sample Return 2046",NULL,"2022-06-14 21:00:00-07","2022-06-14 21:00:00-07"
"Pilbara Sample Return 2074",NULL,"2022-06-14 21:00:00-07","2022-06-14 21:00:00-07"
"Pilbara Sample Return 2069",NULL,"2022-06-14 21:00:00-07","2022-06-14 21:00:00-07"
"Pilbara Sample Return 2070",NULL,"2022-06-14 21:00:00-07","2022-06-14 21:00:00-07"
"Pilbara Sample Return 2045",NULL,"2022-06-14 21:00:00-07","2022-06-14 21:00:00-07"
"Pilbara Sample Return 2071",NULL,"2022-06-14 21:00:00-07","2022-06-14 21:00:00-07"
"Pilbara Sample Return 2044",NULL,"2022-06-14 21:00:00-07","2022-06-14 21:00:00-07"
"Pilbara Sample Return 2043",NULL,"2022-06-14 21:00:00-07","2022-06-14 21:00:00-07"
"Pilbara Sample Return 2042",NULL,"2022-06-14 21:00:00-07","2022-06-14 21:00:00-07"
"Pilbara Sample Return 2041",NULL,"2022-06-14 21:00:00-07","2022-06-14 21:00:00-07"
"Pilbara Sample Return 2039",NULL,"2022-06-14 21:00:00-07","2022-06-14 21:00:00-07"
"Pilbara Sample Return 2040",NULL,"2022-06-14 21:00:00-07","2022-06-14 21:00:00-07"
"Pilbara Sample Return 2072",NULL,"2022-06-14 21:00:00-07","2022-06-14 21:00:00-07"
"Pilbara Sample Return 2059",NULL,"2022-06-14 21:00:00-07","2022-06-14 21:00:00-07"
"Pilbara Sample Return 2060",NULL,"2022-06-14 21:00:00-07","2022-06-14 21:00:00-07"
"Pilbara Sample Return 2029",NULL,"2022-06-14 21:00:00-07","2022-06-14 21:00:00-07"
"Pilbara Sample Return 2061",NULL,"2022-06-14 21:00:00-07","2022-06-14 21:00:00-07"
"Pilbara Sample Return 2030",NULL,"2022-06-14 21:00:00-07","2022-06-14 21:00:00-07"
"Pilbara Sample Return 2031",NULL,"2022-06-14 21:00:00-07","2022-06-14 21:00:00-07"
"Bay of Islands Ophiolite research",NULL,"2022-06-15 21:00:00-07","2023-06-20 21:00:00-07"
"Denali Field Work 2022",NULL,"2022-06-19 21:00:00-07","2022-07-11 21:00:00-07"
"NA141","E/V Nautilus","2022-06-22 21:00:00-07","2022-09-20 21:00:00-07"
"CO intraplate magmatism",NULL,"2022-07-06 21:00:00-07","2022-08-09 21:00:00-07"
"Rate of Taconic thrust advance across the North American Cambro-Ordovician margin",NULL,"2022-07-10 21:00:00-07","2022-09-14 21:00:00-07"
"southern NB Dating",NULL,"2022-07-14 21:00:00-07","2022-07-15 21:00:00-07"
"USP/UFAC/ICMBio 2022",NULL,"2022-07-19 21:00:00-07","2022-07-19 21:00:00-07"
"ANR SEDIPLAST",NULL,"2022-07-26 21:00:00-07","2022-07-26 21:00:00-07"
"Reccopolis 2021",NULL,"2022-07-28 21:00:00-07","2022-07-28 21:00:00-07"
"Johnson Tract",NULL,"2022-07-29 21:00:00-07","2022-08-12 21:00:00-07"
"The Thurstonian Alien Life Theory ALIEN TERRA FORMING  PROJECT Date","The Thurstonian Alien Life Theory ALIEN TERRA FORMING  PROJECT ","2022-08-01 05:00:00-07","2022-08-01 05:00:00-07"
"SKQ202211S","Sikuliaq","2022-08-03 21:00:00-07","2022-08-20 21:00:00-07"
"Ignacio",NULL,"2022-08-04 21:00:00-07","2022-09-26 21:00:00-07"
"PE2304","R/V Pelican","2022-08-05 21:00:00-07","2022-08-19 21:00:00-07"
"SitS-NNA",NULL,"2022-08-06 21:00:00-07","2022-08-07 21:00:00-07"
"MADEx",NULL,"2022-08-07 21:00:00-07","2022-09-15 21:00:00-07"
"Hopedale2022",NULL,"2022-08-08 21:00:00-07","2022-08-14 21:00:00-07"
"Ampurias 2021",NULL,"2022-08-08 21:00:00-07","2022-08-10 21:00:00-07"
"ANR AVATAR",NULL,"2022-08-11 21:00:00-07","2023-03-07 22:00:00-07"
"Jerusalem, Mount Zion 2022",NULL,"2022-08-16 21:00:00-07","2022-08-23 21:00:00-07"
"2022 Summer",NULL,"2022-08-24 21:00:00-07","2022-08-24 21:00:00-07"
"MOFLUX Quarterly Soil Cores - 2022 Q3",NULL,"2022-09-20 21:00:00-07","2022-09-20 21:00:00-07"
"TOFU 18",NULL,"2022-10-06 21:00:00-07","2022-10-07 21:00:00-07"
"MSU GLG 862 Duluth, MN field trip",NULL,"2022-10-13 21:00:00-07","2022-10-14 21:00:00-07"
"Kladovo2022",NULL,"2022-11-06 22:00:00-07","2022-11-06 22:00:00-07"
"Vráble 2014; spring campaign; DFG-Project ""Vráble - Emergence and decline of an early bronze age settlement center in southwest Slovakia""",NULL,"2022-12-05 22:00:00-07","2023-01-18 22:00:00-07"
"Oman Fieldwork 2023",NULL,"2023-01-21 21:00:00-07","2023-01-26 22:00:00-07"
"Ruffenhofen 2023; Limites-Project; rgk2023-01",NULL,"2023-02-12 22:00:00-07","2023-02-15 22:00:00-07"
"Plan Chlordécone IV",NULL,"2023-02-12 22:00:00-07","2023-02-20 22:00:00-07"
"Martinique 2023",NULL,"2023-02-15 22:00:00-07","2023-02-15 22:00:00-07"
"Plan Chlordécone en Martinique et en Guadeloupe",NULL,"2023-02-15 22:00:00-07","2023-02-20 22:00:00-07"
"Field Study",NULL,"2023-02-19 22:00:00-07","2023-02-19 22:00:00-07"
"TFM Louise Muir",NULL,"2023-02-27 22:00:00-07","2023-02-27 22:00:00-07"
"Ruffenhofen 2023; Limites-Project",NULL,"2023-02-28 22:00:00-07","2023-05-24 21:00:00-07"
"FKt_230303",NULL,"2023-03-11 14:41:07-07","2023-04-04 22:52:27-07"
"rgk2023-01; Ruffenhofen 2023; Limites-Project",NULL,"2023-03-13 21:00:00-07","2023-05-24 21:00:00-07"
"AT50-09","R/V Atlantis","2023-03-29 08:57:59-07","2023-04-18 13:30:59-07"
"Earth Mapping Resources Initiative (MRI) Mentor Project",NULL,"2023-04-01 21:00:00-07","2023-04-04 21:00:00-07"
"MOFLUX Quarterly Soil Cores - 2023 Q1",NULL,"2023-04-02 21:00:00-07","2023-04-02 21:00:00-07"
"Vráble 2023 - MPI Leipzig; rgk2023-03",NULL,"2023-04-03 21:00:00-07","2023-04-04 21:00:00-07"
"Middlesex Fells geologic mapping",NULL,"2023-04-07 21:00:00-07","2023-05-05 21:00:00-07"
"Stolniceni 2023; rgk2023-06",NULL,"2023-04-10 21:00:00-07","2023-04-27 21:00:00-07"
"Thorkelson in Mazatzal",NULL,"2023-05-17 21:00:00-07","2023-05-17 21:00:00-07"
"NA149","E/V Nautilus","2023-05-19 21:00:00-07","2023-06-09 21:00:00-07"
"Summer 2023",NULL,"2023-05-28 21:00:00-07","2023-09-03 21:00:00-07"
"MGL2307","Marcus G Langseth","2023-06-04 21:00:00-07","2023-06-07 21:00:00-07"
"Wet Mountains Project",NULL,"2023-06-06 21:00:00-07","2023-06-08 21:00:00-07"
"MARSnet",NULL,"2023-06-07 21:00:00-07","2023-06-07 21:00:00-07"
"Southern NL lithium pegmatites",NULL,"2023-06-15 21:00:00-07","2023-06-20 21:00:00-07"
"BOIC2",NULL,"2023-06-16 21:00:00-07","2023-06-20 21:00:00-07"
"Field Study and Mapping",NULL,"2023-06-21 21:00:00-07","2023-06-21 21:00:00-07"
"EDMAP - Grays Peak",NULL,"2023-06-25 21:00:00-07","2023-08-14 21:00:00-07"
"MetalEarth2023",NULL,"2023-06-30 21:00:00-07","2023-06-30 21:00:00-07"
"Hollings2023",NULL,"2023-06-30 21:00:00-07","2023-06-30 21:00:00-07"
"Summer 2023- Ambrose and Webb camp 1",NULL,"2023-07-02 21:00:00-07","2023-07-02 21:00:00-07"
"na",NULL,"2023-07-05 21:00:00-07","2023-07-05 21:00:00-07"
"Erick Bora MS Thesis Fieldwork",NULL,"2023-07-11 21:00:00-07","2023-07-11 21:00:00-07"
"Pilot Strategy",NULL,"2023-07-14 21:00:00-07","2024-04-21 21:00:00-07"
"Sofia 2b 2021",NULL,"2023-07-17 21:00:00-07","2023-08-01 21:00:00-07"
"MOFLUX Quarterly Soil Cores - 2023 Q2",NULL,"2023-07-24 21:00:00-07","2023-07-24 21:00:00-07"
"2023 Grenville orogen",NULL,"2023-07-27 21:00:00-07","2023-08-05 21:00:00-07"
"Hopedale2023",NULL,"2023-07-27 21:00:00-07","2023-08-03 21:00:00-07"
"GEM GeoNorth Cordillera",NULL,"2023-07-29 21:00:00-07","2023-07-30 21:00:00-07"
"2023 Aboveground Productivity Net Primary Production","8","2023-07-31 21:00:00-07","2023-07-31 21:00:00-07"
"2023 Aboveground Productivity Net Primary Production","10","2023-07-31 21:00:00-07","2023-07-31 21:00:00-07"
"2023 Aboveground Productivity Net Primary Production","11","2023-07-31 21:00:00-07","2023-07-31 21:00:00-07"
"SPRUCE Vegetation Sampling",NULL,"2023-07-31 21:00:00-07","2023-07-31 21:00:00-07"
"2023 Aboveground Productivity Net Primary Production","13","2023-07-31 21:00:00-07","2023-07-31 21:00:00-07"
"2023 Aboveground Productivity Net Primary Production","14","2023-07-31 21:00:00-07","2023-07-31 21:00:00-07"
"2023 Aboveground Productivity Net Primary Production","15","2023-07-31 21:00:00-07","2023-07-31 21:00:00-07"
"2023 Aboveground Productivity Net Primary Production","16","2023-07-31 21:00:00-07","2023-07-31 21:00:00-07"
"2023 Aboveground Productivity Net Primary Production","17","2023-07-31 21:00:00-07","2023-07-31 21:00:00-07"
"2023 Aboveground Productivity Net Primary Production","19","2023-07-31 21:00:00-07","2023-07-31 21:00:00-07"
"2023 Aboveground Productivity Net Primary Production","20","2023-07-31 21:00:00-07","2023-07-31 21:00:00-07"
"2023 Aboveground Productivity Net Primary Production","21","2023-07-31 21:00:00-07","2023-07-31 21:00:00-07"
"2023 Aboveground Productivity Net Primary Production","4","2023-07-31 21:00:00-07","2023-07-31 21:00:00-07"
"2023 Aboveground Productivity Net Primary Production","5","2023-07-31 21:00:00-07","2023-07-31 21:00:00-07"
"2023 Aboveground Productivity Net Primary Production","6","2023-07-31 21:00:00-07","2023-07-31 21:00:00-07"
"2023 Aboveground Productivity Net Primary Production","7","2023-07-31 21:00:00-07","2023-07-31 21:00:00-07"
"2023 Aboveground Productivity Net Primary Production","9","2023-07-31 21:00:00-07","2023-07-31 21:00:00-07"
"MADEx 2023",NULL,"2023-07-31 21:00:00-07","2023-07-31 21:00:00-07"
"EDMAP - Montezuma ",NULL,"2023-08-02 21:00:00-07","2023-08-02 21:00:00-07"
"NA153","E/V Nautilus","2023-08-05 21:00:00-07","2023-08-25 21:00:00-07"
"Sofia Fintinita1 2021",NULL,"2023-08-07 21:00:00-07","2023-09-05 21:00:00-07"
"HYDROCAL 2023 field campaign",NULL,"2023-08-27 21:00:00-07","2023-09-03 21:00:00-07"
"2023 Summer",NULL,"2023-09-02 21:00:00-07","2023-09-02 21:00:00-07"
"NA154","E/V Nautilus","2023-09-04 21:00:00-07","2023-09-24 21:00:00-07"
"Sofia 2c 2021",NULL,"2023-09-05 21:00:00-07","2023-09-11 21:00:00-07"
"Sofia 3 2021",NULL,"2023-09-11 21:00:00-07","2023-09-19 21:00:00-07"
"FKt230918","R/V Falkor (too)","2023-09-18 03:01:00-07","2023-10-09 17:58:00-07"
"Sofia 5 2021",NULL,"2023-09-19 21:00:00-07","2023-09-20 21:00:00-07"
"Cuyune Earth MRI",NULL,"2023-09-24 21:00:00-07","2023-09-29 21:00:00-07"
"Severance",NULL,"2023-10-04 21:00:00-07","2023-11-12 22:00:00-07"
"Sofia La Moina2 2021",NULL,"2023-10-11 21:00:00-07","2023-10-24 21:00:00-07"
"MOFLUX Quarterly Soil Cores - 2023 Q3",NULL,"2023-10-16 21:00:00-07","2023-10-16 21:00:00-07"
"NA156","E/V Nautilus","2023-10-27 21:00:00-07","2023-10-28 21:00:00-07"
"Missouri S&T Research",NULL,"2023-11-01 21:00:00-07","2023-11-01 21:00:00-07"
"Cortez",NULL,"2023-11-04 21:00:00-07","2023-11-21 22:00:00-07"
"MOFLUX Quarterly Soil Cores - 2023 Q4",NULL,"2023-11-12 22:00:00-07","2023-11-12 22:00:00-07"
"RT23 Field Campaing",NULL,"2023-11-15 22:00:00-07","2023-11-15 22:00:00-07"
"CFPPB01 analysis",NULL,"2023-12-12 22:00:00-07","2023-12-12 22:00:00-07"
"MOFLUX Litter Bag Decomposition Experiment - 2024 Deployment",NULL,"2024-01-10 22:00:00-07","2024-06-17 21:00:00-07"
"MOFLUX Litter Bag Decomposition",NULL,"2024-01-10 22:00:00-07","2024-06-17 21:00:00-07"
"Buitrera paleontological expedition 2024",NULL,"2024-01-11 22:00:00-07","2024-01-11 22:00:00-07"
"Oman Fieldwork 2024",NULL,"2024-01-15 22:00:00-07","2024-01-15 22:00:00-07"
"MOFLUX Quarterly Soil Cores - 2024 Q1",NULL,"2024-02-29 22:00:00-07","2024-02-29 22:00:00-07"
"Paleoseismic project",NULL,"2024-03-05 22:00:00-07","2024-03-05 22:00:00-07"
"TFM Samanta Cordova",NULL,"2024-03-14 21:00:00-07","2024-03-14 21:00:00-07"
"RR2403","R/V Roger Revelle","2024-04-02 21:00:00-07","2024-04-23 21:00:00-07"
"MOFLUX Quarterly Soil Cores - 2024 Q2",NULL,"2024-04-28 21:00:00-07","2024-04-28 21:00:00-07"
"IGEM-HERC Project (IGEM25-004)",NULL,"2024-05-21 07:41:00-07","2024-08-01 13:00:00-07"
"MOFLUX Root Ingrowth Cores",NULL,"2024-05-30 21:00:00-07","2024-05-30 21:00:00-07"
"MetalEarth2024",NULL,"2024-05-31 21:00:00-07","2024-05-31 21:00:00-07"
"NE24",NULL,"2024-06-05 21:00:00-07","2024-06-05 21:00:00-07"
"Idaho Statemap FY23; Elk City project",NULL,"2024-06-09 21:00:00-07","2024-06-09 21:00:00-07"
"Urban Interface Soil Coring Campaign",NULL,"2024-06-10 21:00:00-07","2024-07-18 21:00:00-07"
"Urban Interface",NULL,"2024-06-10 21:00:00-07","2024-07-18 21:00:00-07"
"SPRUCE Peat Coring","17","2024-06-24 21:00:00-07","2024-06-24 21:00:00-07"
"SPRUCE Peat Coring",NULL,"2024-06-24 21:00:00-07","2024-06-24 21:00:00-07"
"SPRUCE Peat Coring","6","2024-06-24 21:00:00-07","2024-06-24 21:00:00-07"
"SPRUCE Peat Coring","4","2024-06-24 21:00:00-07","2024-06-24 21:00:00-07"
"SPRUCE Peat Coring","19","2024-06-24 21:00:00-07","2024-06-24 21:00:00-07"
"SPRUCE Peat Coring","10","2024-06-24 21:00:00-07","2024-06-24 21:00:00-07"
"SPRUCE Peat Coring","11","2024-06-24 21:00:00-07","2024-06-24 21:00:00-07"
"SPRUCE Peat Coring","13","2024-06-24 21:00:00-07","2024-06-24 21:00:00-07"
"SPRUCE Peat Coring","20","2024-06-24 21:00:00-07","2024-06-24 21:00:00-07"
"SPRUCE Peat Coring","16","2024-06-24 21:00:00-07","2024-06-24 21:00:00-07"
"SPRUCE Peat Coring","8","2024-06-24 21:00:00-07","2024-06-24 21:00:00-07"
"2024 JULY ALPI ORIENTALI",NULL,"2024-07-06 08:12:00-07","2024-07-07 07:13:00-07"
"Justin Segal ugrad research",NULL,NULL,NULL
"Jumping Brook mapping",NULL,NULL,NULL
"JSPR01NH","New Horizon",NULL,NULL
"JC024",NULL,NULL,NULL
"IV-2",NULL,NULL,NULL
"IODP Leg 343","Chikyu",NULL,NULL
"IODP Leg 209",NULL,NULL,NULL
"IODP Leg 121","Joides Resolution",NULL,NULL
"IODP Leg 107",NULL,NULL,NULL
"IODP Expedition 351",NULL,NULL,NULL
"IODP Expedition 350","RV JOIDES Resolution",NULL,NULL
"IODP Expedition 333","Chikyu",NULL,NULL
"IODP Expedition 329","D/V Joides Resolution",NULL,NULL
"IODP Expedition 322","Chikyu",NULL,NULL
"IODP Exp 343",NULL,NULL,NULL
"IODP 310",NULL,NULL,NULL
" MARSITE cruise",NULL,NULL,NULL
"IGUANE2019",NULL,NULL,NULL
"IGS StateMap Salmon",NULL,NULL,NULL
"IGS StateMap Preston",NULL,NULL,NULL
"IGS DeLamar Project",NULL,NULL,NULL
"IGCP-630",NULL,NULL,NULL
"Idaho State University",NULL,NULL,NULL
"ICDP Collisional Orogeny in the Scandinavian Caledonides (COSC) project",NULL,NULL,NULL
"ICDP 5045 ""SCOPSCO""","DLDS",NULL,NULL
"HYPO01MV","Melville",NULL,NULL
"HUD80016","Hudson",NULL,NULL
"HUD19-66","Hudson",NULL,NULL
"HPP",NULL,NULL,NULL
"HLY0905",NULL,NULL,NULL
"HLY0102","USCGC HEALY ",NULL,NULL
"HEALY02","Healy",NULL,NULL
"Healy 0102",NULL,NULL,NULL
"HEA02","Healy",NULL,NULL
"Hawaii Institute of Geophysics MIDWAY Cruise (72HIG)","Kana Keoki",NULL,NULL
"Hawaii GLORIA Ground-Truth Cruise (F2-88-HW)","Farnella",NULL,NULL
"Hawaii GLORIA Ground-Truth Cruise (F11-88-HW)","Farnella",NULL,NULL
"Harriman Alaska Expedition, Specimen List",NULL,NULL,NULL
"Harriman Alaska Expedition 1899",NULL,NULL,NULL
"Harriman Alaska Expedition",NULL,NULL,NULL
"GYRE 83-G9 station 6 3000m",NULL,NULL,NULL
"GYRE 83-G9 station 6 2200m",NULL,NULL,NULL
"GYRE 83-G9 station 6 1250m",NULL,NULL,NULL
"GulfOfCalifornia:Umhoefer","NotApplicable",NULL,NULL
"GS7901","Gilliss",NULL,NULL
"GS7605","Gilliss",NULL,NULL
"GS7603","Gilliss",NULL,NULL
"Greyhound 3293",NULL,NULL,NULL
"GREECO",NULL,NULL,NULL
"Granite",NULL,NULL,NULL
"GLOR08MV","Melville",NULL,NULL
"GLOR07MV","Melville",NULL,NULL
"GLOR04MV","Melville",NULL,NULL
"GISP2",NULL,NULL,NULL
"Gillis",NULL,NULL,NULL
"GHB-RI-1","Unknown",NULL,NULL
"GH87-3","R/V Hakurei-maru",NULL,NULL
"GeoPRISMS Western Aleutians 2015","Maritime Maid",NULL,NULL
"GeoPRISMS 2015 ",NULL,NULL,NULL
"Geological Survey of Western Australia Field Trip",NULL,NULL,NULL
"Geological survey in the Shannan area",NULL,NULL,NULL
"GEO3BCN-TNF2021",NULL,NULL,NULL
"GEM-Cordillera",NULL,NULL,NULL
"GECS0IMV","Melville",NULL,NULL
"GCS-RI-1","Unknown",NULL,NULL
"GBH-RI-1","Unknown",NULL,NULL
"G76-6","Gyre",NULL,NULL
"G76-5","Gyre",NULL,NULL
"Funza",NULL,NULL,NULL
"Four Metals",NULL,NULL,NULL
"Forearc Succession Project",NULL,NULL,NULL
"Forearc-Succession Project",NULL,NULL,NULL
"Field work and Laboratory",NULL,NULL,NULL
"Field trip",NULL,NULL,NULL
"Field Survey 9",NULL,NULL,NULL
"Field Survey 8",NULL,NULL,NULL
"Field Survey 7",NULL,NULL,NULL
"Field Survey 6",NULL,NULL,NULL
"Field Survey 5",NULL,NULL,NULL
"Field Survey 4",NULL,NULL,NULL
"Field Survey 3",NULL,NULL,NULL
"Field Survey 25",NULL,NULL,NULL
"Field Survey 24",NULL,NULL,NULL
"Field Survey 23",NULL,NULL,NULL
"Field Survey 22",NULL,NULL,NULL
"Field Survey 21",NULL,NULL,NULL
"Field Survey 20",NULL,NULL,NULL
"Field Survey 2",NULL,NULL,NULL
"Field Survey 19",NULL,NULL,NULL
"Field Survey 18",NULL,NULL,NULL
"Field Survey 17",NULL,NULL,NULL
"Field Survey 16",NULL,NULL,NULL
"Field Survey 15",NULL,NULL,NULL
"Field Survey 13",NULL,NULL,NULL
"Field Survey 12",NULL,NULL,NULL
"Field Survey 11",NULL,NULL,NULL
"Field Survey 10",NULL,NULL,NULL
"Field Survey 1",NULL,NULL,NULL
"Field Survey",NULL,NULL,NULL
"Feb-Mar 2022 campaign",NULL,NULL,NULL
"FC-RI-01","Unknown",NULL,NULL
"Faranella Cruise F7-86-HW (F7-86-HW)","Farnella",NULL,NULL
"F4-F5",NULL,NULL,NULL
"F11-91-HW","Farnella",NULL,NULL
"Exploration West of the 100th Meridian",NULL,NULL,NULL
"Expedition 329","D/V JOIDES Resolution",NULL,NULL
"EX - Japanese Mandated Islands",NULL,NULL,NULL
"EW9510","Maurice Ewing",NULL,NULL
"ETH Field Excursion 2007-1",NULL,NULL,NULL
"ERDC08WT","T. Washington",NULL,NULL
"ERDC05WT","T. Washington",NULL,NULL
"ERDC03WT","T. Washington",NULL,NULL
"ERDC02WT","T. Washington",NULL,NULL
"ENSCO Mobil W.R.A.",NULL,NULL,NULL
"EN669","Endeavor",NULL,NULL
"EN105","Endeavor",NULL,NULL
"EN101","Endeavor",NULL,NULL
"EN085","Endeavor",NULL,NULL
"EN084","Endeavor",NULL,NULL
"EN071","Endeavor",NULL,NULL
"EN069","Endeavor",NULL,NULL
"EN053","Endeavor",NULL,NULL
"EN032","Endeavor",NULL,NULL
"EN029","Endeavor",NULL,NULL
"EN024","Endeavor",NULL,NULL
"EN023","Endeavor",NULL,NULL
"EN019","Endeavor",NULL,NULL
"EN017","Endeavor",NULL,NULL
"EN009","Endeavor",NULL,NULL
"El Paso",NULL,NULL,NULL
"East Cliff Section","Land Drill",NULL,NULL
"Earth Watch 3",NULL,NULL,NULL
"EA-23j-72-73","Eastward",NULL,NULL
"EA-1f-74","Eastward",NULL,NULL
"EA-1e-69-70","Eastward",NULL,NULL
"EA-1d-75","Eastward",NULL,NULL
"EA-1d-74","Eastward",NULL,NULL
"Duval Roadside #2532",NULL,NULL,NULL
"Duluth Complex Geochronology",NULL,NULL,NULL
"DSDP Leg 96","Glomar Challenger",NULL,NULL
"DSDP Leg 95","Glomar Challenger",NULL,NULL
"DSDP Leg 94","Glomar Challenger",NULL,NULL
"DSDP Leg 93","Glomar Challenger",NULL,NULL
"DSDP Leg 92","Glomar Challenger",NULL,NULL
"DSDP Leg 91","Glomar Challenger",NULL,NULL
"DSDP Leg 90","Glomar Challenger",NULL,NULL
"DSDP Leg 9","Site 84",NULL,NULL
"DSDP Leg 9","Glomar Challenger",NULL,NULL
"DSDP Leg 89","Glomar Challenger",NULL,NULL
"DSDP Leg 88","Glomar Challenger",NULL,NULL
"DSDP Leg 87","Glomar Challenger",NULL,NULL
"DSDP Leg 86","Glomar Challenger",NULL,NULL
"DSDP Leg 85","Glomar Challenger",NULL,NULL
"DSDP Leg 84","Glomar Challenger",NULL,NULL
"DSDP Leg 83","Glomar Challenger",NULL,NULL
"DSDP Leg 82","Glomar Challenger",NULL,NULL
"DSDP Leg 81","Glomar Challenger",NULL,NULL
"DSDP Leg 80","Glomar Challenger",NULL,NULL
"DSDP Leg 8","Glomar Challenger",NULL,NULL
"DSDP Leg 79","Glomar Challenger",NULL,NULL
"DSDP Leg 78","Glomar Challenger",NULL,NULL
"DSDP Leg 77","Glomar Challenger",NULL,NULL
"DSDP Leg 76","Glomar Challenger",NULL,NULL
"DSDP Leg 75","Glomar Challenger",NULL,NULL
"DSDP Leg 74","Glomar Challenger",NULL,NULL
"DSDP Leg 73","Glomar Challenger",NULL,NULL
"DSDP Leg 72","Glomar Challenger",NULL,NULL
"DSDP Leg 71","Glomar Challenger",NULL,NULL
"DSDP Leg 70","Glomar Challenger",NULL,NULL
"DSDP Leg 7","Glomar Challenger",NULL,NULL
"DSDP Leg 69","Site 504",NULL,NULL
"DSDP Leg 69","Glomar Challenger",NULL,NULL
"DSDP Leg 68","Glomar Challenger",NULL,NULL
"DSDP Leg 67","Glomar Challenger",NULL,NULL
"DSDP Leg 66","Glomar Challenger",NULL,NULL
"DSDP Leg 65","Glomar Challenger",NULL,NULL
"DSDP Leg 64","Glomar Challenger",NULL,NULL
"DSDP Leg 63","Glomar Challenger",NULL,NULL
"DSDP Leg 62","Glomar Challenger",NULL,NULL
"DSDP Leg 61","Glomar Challenger",NULL,NULL
"DSDP Leg 60","Glomar Challenger",NULL,NULL
"DSDP Leg 6","Glomar Challenger",NULL,NULL
"DSDP Leg 59","Glomar Challenger",NULL,NULL
"DSDP Leg 58","Glomar Challenger",NULL,NULL
"DSDP Leg 57","Glomar Challenger",NULL,NULL
"DSDP Leg 56","Glomar Challenger",NULL,NULL
"DSDP Leg 55","Glomar Challenger",NULL,NULL
"DSDP Leg 54","Glomar Challenger",NULL,NULL
"DSDP Leg 53","Glomar Challenger",NULL,NULL
"DSDP Leg 52","Glomar Challenger",NULL,NULL
"DSDP Leg 51","Glomar Challenger",NULL,NULL
"DSDP Leg 50","Glomar Challenger",NULL,NULL
"DSDP Leg 5","Glomar Challenger",NULL,NULL
"DSDP Leg 49","Glomar Challenger",NULL,NULL
"DSDP Leg 48","Glomar Challenger",NULL,NULL
"DSDP Leg 47","Glomar Challenger",NULL,NULL
"DSDP Leg 46","Glomar Challenger",NULL,NULL
"DSDP Leg 45","Glomar Challenger",NULL,NULL
"DSDP Leg 44","Glomar Challenger",NULL,NULL
"DSDP Leg 43","Glomar Challenger",NULL,NULL
"DSDP Leg 42","Glomar Challenger",NULL,NULL
"DSDP Leg 41","Glomar Challenger",NULL,NULL
"DSDP Leg 40","Glomar Challenger",NULL,NULL
"DSDP Leg 4","Glomar Challenger",NULL,NULL
"DSDP Leg 39","Glomar Challenger",NULL,NULL
"DSDP Leg 38","Glomar Challenger",NULL,NULL
"DSDP Leg 37","Glomar Challenger",NULL,NULL
"DSDP Leg 36","Glomar Challenger",NULL,NULL
"DSDP Leg 35","Glomar Challenger",NULL,NULL
"DSDP Leg 34","Glomar Challenger",NULL,NULL
"DSDP Leg 33","Glomar Challenger",NULL,NULL
"DSDP Leg 32","Glomar Challenger",NULL,NULL
"DSDP Leg 31","Glomar Challenger",NULL,NULL
"DSDP Leg 3","Glomar Challenger",NULL,NULL
"DSDP Leg 29","Glomar Challenger",NULL,NULL
"DSDP Leg 28","Glomar Challenger",NULL,NULL
"DSDP Leg 27","Glomar Challenger",NULL,NULL
"DSDP Leg 26","Glomar Challenger",NULL,NULL
"DSDP Leg 25","Glomar Challenger",NULL,NULL
"DSDP Leg 24","Glomar Challenger",NULL,NULL
"DSDP Leg 23","Glomar Challenger",NULL,NULL
"DSDP Leg 22","Glomar Challenger",NULL,NULL
"DSDP Leg 20","Glomar Challenger",NULL,NULL
"DSDP Leg 2","Glomar Challenger",NULL,NULL
"DSDP Leg 19","Glomar Challenger",NULL,NULL
"V3308","R/V Vema",NULL,NULL
"DSDP Leg 18","Glomar Challenger",NULL,NULL
"V3309","R/V Vema",NULL,NULL
"DSDP Leg 17","Glomar Challenger",NULL,NULL
"V3310","R/V Vema",NULL,NULL
"DSDP Leg 16","Glomar Challenger",NULL,NULL
"DSDP Leg 15","Glomar Challenger",NULL,NULL
"DSDP Leg 14","Glomar Challenger",NULL,NULL
"DSDP Leg 13","Glomar Challenger",NULL,NULL
"DSDP Leg 12","Glomar Challenger",NULL,NULL
"DSDP Leg 11","Glomar Challenger",NULL,NULL
"DSDP Leg 10","Glomar Challenger",NULL,NULL
"DSDP Leg 1","Glomar Challenger",NULL,NULL
"DSDP 90",NULL,NULL,NULL
"DS041","USNS De Steiguer",NULL,NULL
"Dry Valley Drilling Project","Land Drill",NULL,NULL
"DOSECC Federal 2-26",NULL,NULL,NULL
"DODO09AR","Argo",NULL,NULL
"DODO08AR","Argo",NULL,NULL
"DODO06AR","Argo",NULL,NULL
"DODO04AR","Argo",NULL,NULL
"DODO02AR","Argo",NULL,NULL
"DODO","Argo",NULL,NULL
"DFG-Project Schm 397/6-3",NULL,NULL,NULL
"Devil's Canyon",NULL,NULL,NULL
"V3612","Vema",NULL,NULL
"Deep Sea Drilling Project (DSDP)","Glomar Challenger",NULL,NULL
"Deep Sea Drilling Project","Oceanographer",NULL,NULL
"Deep Sea Drilling Project","Glomar Challenger",NULL,NULL
"VA01","Valdavia",NULL,NULL
"DDH",NULL,NULL,NULL
"VA03","Valdavia",NULL,NULL
"DBA",NULL,NULL,NULL
"DANA01RR ","Roger Revelle",NULL,NULL
"dacite",NULL,NULL,NULL
"CRNR02NH","New Horizon",NULL,NULL
"CRGN03WT","T. Washington",NULL,NULL
"CRGN02WT","T. Washington",NULL,NULL
"CRGN01WT","T. Washington",NULL,NULL
"Cretaceous Basement Rock Project",NULL,NULL,NULL
"CR001",NULL,NULL,NULL
"Courtland Gleeson",NULL,NULL,NULL
"Costa Rican Volcanic Explosion Project",NULL,NULL,NULL
"Costa Rica",NULL,NULL,NULL
"Copper Giant",NULL,NULL,NULL
"Copper Creek",NULL,NULL,NULL
"COMRAC-11",NULL,NULL,NULL
"COMRAC-10",NULL,NULL,NULL
"COMRAC-09",NULL,NULL,NULL
"COMRAC-08",NULL,NULL,NULL
"Vekol",NULL,NULL,NULL
"VEMA V-33-07",NULL,NULL,NULL
"VEMA V-33-08",NULL,NULL,NULL
"VEMA V-33-09",NULL,NULL,NULL
"VEMA V-33-10",NULL,NULL,NULL
"VEMA V-33-11",NULL,NULL,NULL
"VEMA V-33-12",NULL,NULL,NULL
"VEMA V-33-13",NULL,NULL,NULL
"VEMA V-33-14",NULL,NULL,NULL
"VEMA V-33-15",NULL,NULL,NULL
"VEMA V-33-16",NULL,NULL,NULL
"VEMA V-33-17",NULL,NULL,NULL
"VEMA V-33-18",NULL,NULL,NULL
"VEMA V-33-19",NULL,NULL,NULL
"VEMA V-33-20",NULL,NULL,NULL
"VEMA V-33-21",NULL,NULL,NULL
"VEMA V-33-22",NULL,NULL,NULL
"VEMA V-33-23",NULL,NULL,NULL
"VEMA V-33-24",NULL,NULL,NULL
"COCOS","Unknown",NULL,NULL
"Cobequid Mapping Project (2009-2019)",NULL,NULL,NULL
"CIRCE","Argo",NULL,NULL
"CIRC11AR","Argo",NULL,NULL
"CIRC10AR","Argo",NULL,NULL
"CIRC09AR","Argo",NULL,NULL
"CIRC08AR","Argo",NULL,NULL
"CIRC07AR","Argo",NULL,NULL
"CIRC06AR","Argo",NULL,NULL
"CIRC05AR","Argo",NULL,NULL
"VLCN08MV","Melville",NULL,NULL
"CIRC04AR","Argo",NULL,NULL
"CIRC03AR","Argo",NULL,NULL
"CIRC02AR","Argo",NULL,NULL
"CIRC01AR","Argo",NULL,NULL
"Christmas Project 1419",NULL,NULL,NULL
"CHEPR","R/V New Horizon",NULL,NULL
"Changbaishan Workshop 2014",NULL,NULL,NULL
"Changbaishan International Workshop 2015",NULL,NULL,NULL
"Changbaishan 2014 Workshop",NULL,NULL,NULL
"CHAIN043","Chain",NULL,NULL
"CH98 (MAPCO)","Jean Charcot",NULL,NULL
"CH78-2","Jean Charcot",NULL,NULL
"CH77","Jean Charcot",NULL,NULL
"CERE04WT","T. Washington",NULL,NULL
"CERE03WT","T. Washington",NULL,NULL
"CentralAmerica:Fischer","NotApplicable",NULL,NULL
"Central_America:Carr_2002","NotApplicable",NULL,NULL
"CENT01WT","T. Washington",NULL,NULL
"CEGA: Liquine-Ofqui Fault System",NULL,NULL,NULL
"CCTW04MV","Melville",NULL,NULL
"CCTW03MV","Melville",NULL,NULL
"CCTW01MV","Melville",NULL,NULL
"CCSG",NULL,NULL,NULL
"Castle Copper",NULL,NULL,NULL
"CASE 19",NULL,NULL,NULL
"Carter Oil Company",NULL,NULL,NULL
"CARR02BD","Baird",NULL,NULL
"Cape Roberts Project",NULL,NULL,NULL
"Caledonia dating",NULL,NULL,NULL
"Caledonia 2020",NULL,NULL,NULL
"Boston area quadrangle mapping",NULL,NULL,NULL
"BONZ02WT","T. Washington",NULL,NULL
"BONANZA","Thomas Washington",NULL,NULL
"BONA01BD","Baird",NULL,NULL
"BNTH07MV","Melville",NULL,NULL
"BNTH06MV","Melville",NULL,NULL
"BNTH01MV","Melville",NULL,NULL
"BMRG09MV","Melville",NULL,NULL
"BMRG02MV","Melville",NULL,NULL
"Bleibeskopf 2017-2018; LOEWE-Project „Prehistoric conflict research. Bronze age Hillforts between Taunus and Carpathian Mountains“",NULL,NULL,NULL
"Big Bend Project, Central North Slope, Colville Foreland Basin: Air-Fall Tephra and Detrital Zircon U–Pb Geochronology (January 2020)—Alaska Division of Geological & Geophysical Surveys",NULL,NULL,NULL
"BH11IR","R/V Blue Heron",NULL,NULL
"BH09K","R/V Blue Heron",NULL,NULL
"Bendix",NULL,NULL,NULL
"BEE",NULL,NULL,NULL
"Basaltic Andesite",NULL,NULL,NULL
"Basalt",NULL,NULL,NULL
"Bagdad-Hillside",NULL,NULL,NULL
"B12-96","R/V Bjarni Saemundsson",NULL,NULL
"VNTR02WT","T. Washington",NULL,NULL
"B. Creek",NULL,NULL,NULL
"VNTR03WT","T. Washington",NULL,NULL
"B-12-96","Bjarni Saemundsson",NULL,NULL
"AZ Potash",NULL,NULL,NULL
"Atlantis II, Cruise 24 (AII12)","Atlantis II",NULL,NULL
"Volcanic Glass Project","Bartlett",NULL,NULL
"Atlantis II cruise 78 station 1999","Atlantis II",NULL,NULL
"Atacama Fault System",NULL,NULL,NULL
"VR-2020",NULL,NULL,NULL
"Vráble 2010; DFG-Project ""Vráble - Emergence and decline of an early bronze age settlement center in southwest Slovakia""",NULL,NULL,NULL
"AT42-20","R/V Atlantis",NULL,NULL
"AT11-7",NULL,NULL,NULL
"AT050-02","R/V Atlantis",NULL,NULL
"AT03-10","Atlantis",NULL,NULL
"Ascaro Project 4",NULL,NULL,NULL
"ASARCO Globe",NULL,NULL,NULL
"Artillery Peak",NULL,NULL,NULL
"Arnett Creek",NULL,NULL,NULL
"ARIES Expedition (ARES07WT)","Thomas Washington",NULL,NULL
"ARES07WT","T. Washington",NULL,NULL
"W65101WT","T. Washington",NULL,NULL
"ARES05WT","T. Washington",NULL,NULL
"W8803B","Wecoma",NULL,NULL
"Arenal Volcano Project",NULL,NULL,NULL
"Apache",NULL,NULL,NULL
"ANTP16MV","Melville",NULL,NULL
"ANTP11MV","Melville",NULL,NULL
"ANTP08MV","Melville",NULL,NULL
"Wandsworth Volcanic Group Project",NULL,NULL,NULL
"ANTP07MV","Melville",NULL,NULL
"ANTP06MV","Melville",NULL,NULL
"ANTP04MV","Melville",NULL,NULL
"ANTP03MV","Melville",NULL,NULL
"ANTP02MV","Melville",NULL,NULL
"ANTP01MV","Melville",NULL,NULL
"Antler Cu&Zn 1480",NULL,NULL,NULL
"Antipodes",NULL,NULL,NULL
"Antipodes","Melville",NULL,NULL
"Andesite",NULL,NULL,NULL
"WEA.SHIP LIMA station #1390 0m","Weather Ship Lima",NULL,NULL
"AMPH03AR","Argo",NULL,NULL
"AMPH02AR","Argo",NULL,NULL
"AMPH01AR","Argo",NULL,NULL
"AMAT Expedition (AMAT05RR)","Roger Revelle",NULL,NULL
"AMASE - Arctic Mars Analog Svalbard Expedition",NULL,NULL,NULL
"Amargosa 1709",NULL,NULL,NULL
"ALVIN 0521","Alvin",NULL,NULL
"ALCY01MV","Melville",NULL,NULL
"ALAR02RR","Roger Revelle",NULL,NULL
"AKW",NULL,NULL,NULL
"AKAD09",NULL,NULL,NULL
"AK15","R/V Akademik Kurchatov",NULL,NULL
"AII 82 stn2171 500m",NULL,NULL,NULL
"AII 82 stn2171 100m",NULL,NULL,NULL
"AII-132","Alvin",NULL,NULL
"WEC8402A","Wecoma",NULL,NULL
"WEC8803B","Wecoma",NULL,NULL
"West Cliff Section","Land Drill",NULL,NULL
"West Papua 2012",NULL,NULL,NULL
"WEST03MV","Melville",NULL,NULL
"Wheeler Survey (West of the 100th Meridian)",NULL,NULL,NULL
"Whetstone",NULL,NULL,NULL
"WHONDRS_ECA2",NULL,NULL,NULL
"AGH",NULL,NULL,NULL
"AG69","Melville",NULL,NULL
"AG32","R/V Agulhas",NULL,NULL
"AG32","Agulhas",NULL,NULL
"Sedimentary Xenolith Rock Project",NULL,NULL,NULL
"ABP1985","Akademik Boris Petrov",NULL,NULL
"ABP0002","Akademik Boris Petrov",NULL,NULL
"A150","Atlantis",NULL,NULL
"WSRP Basalts",NULL,NULL,NULL
"A131-12",NULL,NULL,NULL
"A131-11",NULL,NULL,NULL
"A131-09",NULL,NULL,NULL
"A118-14","R/V Atlantis II",NULL,NULL
"A073-01","Atlantis II",NULL,NULL
"A032-03","Atlantis II",NULL,NULL
"91-AV-19/2","Aleksandr Vinogradov",NULL,NULL
"8",NULL,NULL,NULL
"7TOW06WT","T. Washington",NULL,NULL
"7TOW05WT","T. Washington",NULL,NULL
"Y74-3","Yaloc",NULL,NULL
"Y96-3","R/V Yokosuka",NULL,NULL
"YALO-74","Yaquina",NULL,NULL
"7TOW04WT","T. Washington",NULL,NULL
"57",NULL,NULL,NULL
"56",NULL,NULL,NULL
"Yellowstone Park Survey",NULL,NULL,NULL
"54",NULL,NULL,NULL
"50",NULL,NULL,NULL
"41","De Steiguer",NULL,NULL
"40th Parallel Survey",NULL,NULL,NULL
"37",NULL,NULL,NULL
"34",NULL,NULL,NULL
"26",NULL,NULL,NULL
"25",NULL,NULL,NULL
"21WL-",NULL,NULL,NULL
"YK13-08",NULL,NULL,NULL
"20XRZC-",NULL,NULL,NULL
"YQ73-04","R/V Yaquina",NULL,NULL
"ZETES Expedition (ZTES03AR)","Argo",NULL,NULL
"ZTES03AR","Argo",NULL,NULL
"ZTES04AR","Argo",NULL,NULL
"ZTES07AR","Argo",NULL,NULL
NULL,"--",NULL,NULL
NULL,"Adriatico",NULL,NULL
NULL,"Agulhas",NULL,NULL
NULL,"Akademik B. Petrov",NULL,NULL
NULL,"Akademik Boris Petrov",NULL,NULL
NULL,"Akademik Kurchatov",NULL,NULL
NULL,"Albatross",NULL,NULL
NULL,"Alvin",NULL,NULL
NULL,"ALVIN",NULL,NULL
NULL,"Anton Brun",NULL,NULL
NULL,"ARGO RISE 1",NULL,NULL
NULL,"Astrea",NULL,NULL
NULL,"Atlantis",NULL,NULL
NULL,"Atlantis-II",NULL,NULL
NULL,"Atlantis (AGOR-25)",NULL,NULL
NULL,"Atlantis II/ ALVIN",NULL,NULL
NULL,"Atlantis II/ALVIN",NULL,NULL
NULL,"Bannock",NULL,NULL
NULL,"Bartlett",NULL,NULL
NULL,"Belgian S.S.",NULL,NULL
NULL,"Carr",NULL,NULL
NULL,"Chain",NULL,NULL
NULL,"Charles Darwin",NULL,NULL
NULL,"Circe 93",NULL,NULL
NULL,"Cook",NULL,NULL
NULL,"Cuss-1",NULL,NULL
NULL,"Deepsea Miner",NULL,NULL
NULL,"DeSteigeur",NULL,NULL
NULL,"Desteiguer",NULL,NULL
NULL,"DeSteiguer",NULL,NULL
NULL,"Discoverer",NULL,NULL
NULL,"Discovery II",NULL,NULL
NULL,"DODO",NULL,NULL
NULL,"Downwind Expedition",NULL,NULL
NULL,"Eastward",NULL,NULL
NULL,"Eltanin",NULL,NULL
NULL,"Endeavor",NULL,NULL
NULL,"Endeavour",NULL,NULL
NULL,"Gillis",NULL,NULL
NULL,"Gilliss",NULL,NULL
NULL,"Glomar Challenger",NULL,NULL
NULL,"H.M.S. Porcupine",NULL,NULL
NULL,"Hafthor",NULL,NULL
NULL,"Hudson",NULL,NULL
NULL,"Iolanthe",NULL,NULL
NULL,"James Cook",NULL,NULL
NULL,"Jason",NULL,NULL
"2023-02-26",NULL,NULL,NULL
NULL,"Jean Charcot",NULL,NULL
NULL,"Kana Keoki",NULL,NULL
NULL,"Kana Keoki?",NULL,NULL
NULL,"Kane",NULL,NULL
NULL,"Knorr",NULL,NULL
NULL,"L'Atalante",NULL,NULL
NULL,"Lynch",NULL,NULL
NULL,"Melville",NULL,NULL
NULL,"myplatform ID",NULL,NULL
NULL,"NEJTW",NULL,NULL
NULL,"New Horizon",NULL,NULL
NULL,"NOAA Ship Miller Freeman",NULL,NULL
"2019 STATEMAP",NULL,NULL,NULL
NULL,"Oceanographer",NULL,NULL
NULL,"Oceanus",NULL,NULL
NULL,"Parizeau",NULL,NULL
NULL,"Pillsbury",NULL,NULL
NULL,"Pilsbury",NULL,NULL
NULL,"Pisces IV",NULL,NULL
NULL,"Pisces IV?",NULL,NULL
NULL,"Polarstern",NULL,NULL
NULL,"Prof. Shtockman",NULL,NULL
NULL,"Prof. Shtokman",NULL,NULL
NULL,"Quest",NULL,NULL
NULL,"R/V Brown Bear",NULL,NULL
"1994 NOAA cruise",NULL,NULL,NULL
NULL,"R/V Kelez",NULL,NULL
"1986 SEA CLIFF dive program (Escanaba Trough)",NULL,NULL,NULL
NULL,"R/V Moana Wave",NULL,NULL
"1880-05-12",NULL,NULL,NULL
NULL,"R/V Prospector",NULL,NULL
"107-7","Atlantis II",NULL,NULL
NULL,"Researcher",NULL,NULL
NULL,"Researcher 300",NULL,NULL
NULL,"Robert Conrad",NULL,NULL
NULL,"Salernum",NULL,NULL
NULL,"Scripps",NULL,NULL
NULL,"Sea Scope",NULL,NULL
NULL,"Shackleton",NULL,NULL
NULL,"SIQUEIROS",NULL,NULL
NULL,"Sonne",NULL,NULL
NULL,"Spencer F Baird",NULL,NULL
NULL,"Styx",NULL,NULL
NULL,"Thomas Thompson",NULL,NULL
NULL,"Thomas Washington",NULL,NULL
"(DSDP) Deep Sea Drilling Project","Glomar Challenger",NULL,NULL
NULL,"TN154",NULL,NULL
NULL,"TowCam",NULL,NULL
NULL,"Trident",NULL,NULL
NULL,"Trieste",NULL,NULL
NULL,"U.S.S. Nero",NULL,NULL
NULL,"USGS SEA SOUNDER",NULL,NULL
"	Vráble 2012; DFG-Project ""Vráble - Emergence and decline of an early bronze age settlement center in southwest Slovakia""",NULL,NULL,NULL
NULL,"Valdivia",NULL,NULL
NULL,"Vema",NULL,NULL
NULL,"VEMA",NULL,NULL
NULL,"W.H. Buse",NULL,NULL
NULL,"Wecoma",NULL,NULL
NULL,"Yaquina",NULL,NULL
NULL,"Yaquina 73",NULL,NULL
NULL,"Yokosuka",NULL,NULL
"ACE",NULL,NULL,NULL
"Sedimentary Hills, Company",NULL,NULL,NULL
"Sean - floating pumice",NULL,NULL,NULL
"Scientific Collaboration On Past Speciation Conditions in Lake Ohrid (SCOPSCO)",NULL,NULL,NULL
"SCAN08AR","Argo",NULL,NULL
"SCAN04AR","Argo",NULL,NULL
"Sanchez",NULL,NULL,NULL
"San Andreas Fault Observatory at Depth (SAFOD)","SAFOD",NULL,NULL
"S6-79?","Sea Sounder?",NULL,NULL
"S5-79","Sea Sounder",NULL,NULL
"S4-78?","Sea Sounder",NULL,NULL
"S4-78","Sea Sounder",NULL,NULL
"Rybník 2006",NULL,NULL,NULL
"Rybník",NULL,NULL,NULL
"RR2403",NULL,NULL,NULL
"RR1805",NULL,NULL,NULL
"RR1412",NULL,NULL,NULL
"Roy Owens",NULL,NULL,NULL
"ROUNDABOUT Expedition (RNDB06WT)","Thomas Washington",NULL,NULL
"ROUNDABOUT Expedition (RNDB02WT)","Thomas Washington",NULL,NULL
"Roundabout","Thomas Washington",NULL,NULL
"ROSA01NH","New Horizon",NULL,NULL
"Robciero",NULL,NULL,NULL
"RNDB15WT","Thomas Washington",NULL,NULL
"RNDB10WT","Thomas Washington",NULL,NULL
"RNDB02WT","Thomas Washington",NULL,NULL
"RISE01NH","New Horizon",NULL,NULL
"Ripsey",NULL,NULL,NULL
"Ripiceni 2016",NULL,NULL,NULL
"RIFT02MV","Melville",NULL,NULL
"RIFT01MV","Melville",NULL,NULL
"Ridgeway Oil",NULL,NULL,NULL
"Regalor",NULL,NULL,NULL
"RedSea:Stockli","NotApplicable",NULL,NULL
"Red Lake (Kerr-McGee Test)",NULL,NULL,NULL
"Reconnaissance 2016",NULL,NULL,NULL
"RC2806","Robert Conrad",NULL,NULL
"RC2603","R/V Robert D. Conrad",NULL,NULL
"RC2602","R/V Robert D. Conrad",NULL,NULL
"RC1604","Robert Conrad",NULL,NULL
"RC14-99",NULL,NULL,NULL
"RB0303","Ronald Brown",NULL,NULL
"RAMA08WT","T. Washington",NULL,NULL
"RAMA07WT","T. Washington",NULL,NULL
"RAMA06WT","T. Washington",NULL,NULL
"RAMA01","Rama",NULL,NULL
"RAIT03WT","T. Washington",NULL,NULL
"RAIT02WT","T. Washington",NULL,NULL
"RAD",NULL,NULL,NULL
"Quartzsite",NULL,NULL,NULL
"PS78","R/V Polarstern",NULL,NULL
"PS101","R/V Polarstern",NULL,NULL
"Providencia",NULL,NULL,NULL
"PROTEA Acoustically Navigated Geological Underwater Survey (ANGUS)","Melville",NULL,NULL
"PROTEA",NULL,NULL,NULL
"PROTEA","Melville",NULL,NULL
"PROT06MV","Melville",NULL,NULL
"PROT05MV","Melville",NULL,NULL
"PROT01MV","Melville",NULL,NULL
"Project 6946",NULL,NULL,NULL
"Sells",NULL,NULL,NULL
"Profile",NULL,NULL,NULL
"PROA3ABD","Baird",NULL,NULL
"PROA02BD","Baird",NULL,NULL
"Princeton Expedition, 1913",NULL,NULL,NULL
"PR-73-74","Unknown",NULL,NULL
"PPTU11WT","T. Washington",NULL,NULL
"PPTU06WT","T. Washington",NULL,NULL
"PPTU05WT","T. Washington",NULL,NULL
"PPTU04WT","T. Washington",NULL,NULL
"PPTU03WT","T. Washington",NULL,NULL
"PP-RI-02","Unknown",NULL,NULL
"PP-RI-01","Unknown",NULL,NULL
"Potzlow 2011/2012",NULL,NULL,NULL
"POS512",NULL,NULL,NULL
"Point Sur 2013",NULL,NULL,NULL
"PLUM05WT","T. Washington",NULL,NULL
"PLTO07NH","New Horizon",NULL,NULL
"PLTO03MV","Melville",NULL,NULL
"Pleiades",NULL,NULL,NULL
"PLDS04MV","Melville",NULL,NULL
"Silurian Strontium Database",NULL,NULL,NULL
"PLDS02MV","Melville",NULL,NULL
"SIQR01WT","T. Washington",NULL,NULL
"SIQUEIROS","Thomas Washington",NULL,NULL
"SIQUEIROS-DSII","Thomas Washington",NULL,NULL
"SKQ202211S",NULL,NULL,NULL
"PLDS01MV","Melville",NULL,NULL
"PJP-RI-1","Unknown",NULL,NULL
"Pioneer cruise Stn 53 ","r/v Pioneer",NULL,NULL
"Pioneer cruise Stn 44 ","r/v Pioneer",NULL,NULL
"Pioneer cruise Stn 31 ","r/v Pioneer",NULL,NULL
"Pioneer cruise Stn 27 ","r/v Pioneer",NULL,NULL
"Pillsbury",NULL,NULL,NULL
"Smithsonian Research Expedition 12",NULL,NULL,NULL
"Smithsonian Research Expedition 5",NULL,NULL,NULL
"Smithsonian Research Expedition 7",NULL,NULL,NULL
"Smithsonian Research Expedition 8",NULL,NULL,NULL
"Smithsonian Research Expedition 9",NULL,NULL,NULL
"SMNT01WT","T. Washington",NULL,NULL
"SO249-1","Sonne",NULL,NULL
"SO249-2","Sonne",NULL,NULL
"SOBO03BD","Baird",NULL,NULL
"SOBO04BD","Baird",NULL,NULL
"Sofia 2021",NULL,NULL,NULL
"SOTW 9-66-23 Southtow","510",NULL,NULL
"SOTW07WT","T. Washington",NULL,NULL
"SOTW08WT","T. Washington",NULL,NULL
"SOTW09WT","T. Washington",NULL,NULL
"SOTW11WT","T. Washington",NULL,NULL
"Southtow",NULL,NULL,NULL
"SOUTHTOW","Thomas Washington",NULL,NULL
"SOUTHTOW 7","Thomas Washington",NULL,NULL
"SOUTHTOW 8","Thomas Washington",NULL,NULL
"SPICEcore",NULL,NULL,NULL
"SPRUCE Peat Coring","21",NULL,NULL
"SPRUCE Peat Coring","7",NULL,NULL
"SR1806","R/V Sally Ride",NULL,NULL
"Star Hill",NULL,NULL,NULL
"Statemap",NULL,NULL,NULL
"STATEMAP 2015, Arizona Geological Survey",NULL,NULL,NULL
"STATEMAP 2016, Arizona Geological Survey",NULL,NULL,NULL
"Stein Pass",NULL,NULL,NULL
"Stolniceni 2016; ""Large settlement in the Copper Age""",NULL,NULL,NULL
"STOM01MV","Melville",NULL,NULL
"STYX Expedition (STYX07AZ)","Alexander Agassiz",NULL,NULL
"Summer 2020 campaign",NULL,NULL,NULL
"Summer 2021 Field work",NULL,NULL,NULL
"Summer 2023 campaign",NULL,NULL,NULL
"Superior East",NULL,NULL,NULL
"Survey of the Canal Zone",NULL,NULL,NULL
"Survey of the Copper River 1907",NULL,NULL,NULL
"Survey of the Santa Fe RR",NULL,NULL,NULL
"Survey of the Seward Peninsula",NULL,NULL,NULL
"Survey of the Tin Region",NULL,NULL,NULL
"Survey of the West Seward Peninsula Tin Deposits",NULL,NULL,NULL
"Survey of the York Tin Region",NULL,NULL,NULL
"Pietrele 2012",NULL,NULL,NULL
"Swansea",NULL,NULL,NULL
"Phelps Dodge - San Xavier",NULL,NULL,NULL
"PhD Dario Pedrazzi",NULL,NULL,NULL
"PhD 2000",NULL,NULL,NULL
"Ph.D. Thesis Mohsen Mobasheri",NULL,NULL,NULL
"PASC04WT","Thomas Washington",NULL,NULL
"PASC04WT","T. Washington",NULL,NULL
"PASC03WT","Thomas Washington",NULL,NULL
"PASC03WT","T. Washington",NULL,NULL
"Park",NULL,NULL,NULL
"Papatua","Thomas Washington",NULL,NULL
"PANR06MV","Melville",NULL,NULL
"PANR01MV","Melville",NULL,NULL
"Pan Palladium 2002 drilling campaign",NULL,NULL,NULL
"PaleoMoz project",NULL,NULL,NULL
"PaleoMoz",NULL,NULL,NULL
"P6903","R/V Pillsbury",NULL,NULL
"Operation Deep Freeze IV","Edisto",NULL,NULL
"Operation Deep Freeze II","Edisto",NULL,NULL
"Omo River Project",NULL,NULL,NULL
"Oman Drilling Project",NULL,NULL,NULL
"Oil well drilling",NULL,NULL,NULL
"OGCP",NULL,NULL,NULL
"Oecsoed 2021; East Hungary Tell Project",NULL,NULL,NULL
"ODP0302",NULL,NULL,NULL
"ODP0199","Joides Resolution",NULL,NULL
"ODP0138","Joides Resolution",NULL,NULL
"ODP Leg 207 Site 1259",NULL,NULL,NULL
"ODP LEG 198 Site 1209B",NULL,NULL,NULL
"ODP Leg 189",NULL,NULL,NULL
"ODP Leg 174AX",NULL,NULL,NULL
"ODP Leg 171B Site 1050",NULL,NULL,NULL
"ODP Leg 102","Joides Resolution",NULL,NULL
"ODP Leg 100","Joides Resolution",NULL,NULL
"TAN0005","Tangaroa",NULL,NULL
"ODP Expedition 195",NULL,NULL,NULL
"Ocean Study Group: Denmark","Chain",NULL,NULL
"OAOA03NH","New Horizon",NULL,NULL
"NT1012",NULL,NULL,NULL
"NT1012","R/V Natsushima",NULL,NULL
"TASADAY Expedition (TSDY02WT)","Thomas Washington",NULL,NULL
"TASADAY Expedition (TSDY03WT)","Thomas Washington",NULL,NULL
"NT10-12",NULL,NULL,NULL
"NT0517","R/V Natsushima",NULL,NULL
"NT05-17",NULL,NULL,NULL
"NT0210 3K","R/V Natsushima",NULL,NULL
"NT0210-3K","R/V Natsushima",NULL,NULL
"NSFC41530207",NULL,NULL,NULL
"NSF PLUME Program (TUIM01)","Melville",NULL,NULL
"Teleac 2018; LOEWE-Project „Prehistoric conflict research. Bronze age Hillforts between Taunus and Carpathian Mountains“",NULL,NULL,NULL
"Teller",NULL,NULL,NULL
"Tenth Census",NULL,NULL,NULL
"NSF GeoPRISMS Shared Platform 2015 Leg 3",NULL,NULL,NULL
"NSF - EARPF2010 UK Fieldwork BDC",NULL,NULL,NULL
"NOVA04HO","Horizon",NULL,NULL
"NOVA03HO","Horizon",NULL,NULL
"Not Applicable",NULL,NULL,NULL
"Not Applicable","Not Applicable",NULL,NULL
"TGI-5 (Geological Survey of Canada)",NULL,NULL,NULL
"North Shore Volcanic Group 2015",NULL,NULL,NULL
"None","Unknown",NULL,NULL
"NOAA Metallogenesis",NULL,NULL,NULL
"NOAA - Metallogenesis","Researcher",NULL,NULL
"NOAA-Metallogenesis","Researcher",NULL,NULL
"NOAA- Metallogenesis","Researcher",NULL,NULL
"NKARA67",NULL,NULL,NULL
"NKARA67","East Wind",NULL,NULL
"NKARA65",NULL,NULL,NULL
"NKARA65","Northwind",NULL,NULL
"NKARA","East Wind",NULL,NULL
"NGHP01","D/V Resolution",NULL,NULL
"Newfoundland Expedition, 1919",NULL,NULL,NULL
"Newfoundland Expedition, 1915",NULL,NULL,NULL
"Newfoundland Expedition, 1914",NULL,NULL,NULL
"Newfoundland Expedition, 1913",NULL,NULL,NULL
"Newfoundland Expedition, 1912",NULL,NULL,NULL
"Newfoundland Expedition",NULL,NULL,NULL
"NEMO02MV","Melville",NULL,NULL
"NBP0701","NB Palmer",NULL,NULL
"NBP0505","Nathaniel B. Palmer",NULL,NULL
"NAZCOPAC-17","Nautile",NULL,NULL
"Navajo Duval",NULL,NULL,NULL
"Name of cruise field program ie HLY0805","Name of platform ie USCGC Healy",NULL,NULL
"Thesis-Cordova",NULL,NULL,NULL
"Tim Matthews ugrad research",NULL,NULL,NULL
"NA064",NULL,NULL,NULL
"N.F. Expedition, 1914",NULL,NULL,NULL
"N.F. Expedition, 1913",NULL,NULL,NULL
"N.F. Expedition, 1912",NULL,NULL,NULL
"MyExpeditionName","myplatform ID",NULL,NULL
"MW9902","Moana Wave",NULL,NULL
"MW9507","R/V MOANA WAVE",NULL,NULL
"MW86-04","Moana Wave",NULL,NULL
"MW8518","R/V Moana Wave",NULL,NULL
"Munigua 2019",NULL,NULL,NULL
"MRTN06WT","T. Washington",NULL,NULL
"TN273","Thomas Thompson",NULL,NULL
"TN273",NULL,NULL,NULL
"MRDF Nictaux Falls",NULL,NULL,NULL
"Mosonszentmiklós 1993",NULL,NULL,NULL
"MONS08AR","Argo",NULL,NULL
"MONS07AR","Argo",NULL,NULL
"MONS06AR","Argo",NULL,NULL
"MONS03AR","Argo",NULL,NULL
"MONS02AR","Argo",NULL,NULL
"Tom Hudgen ugrad research",NULL,NULL,NULL
"Tonto",NULL,NULL,NULL
"MKLK03BD","Baird",NULL,NULL
"TPTW01WT","T. Washington",NULL,NULL
"MKLK02BD","Baird",NULL,NULL
"MKLK01HO","Horizon",NULL,NULL
"MKLK01BD","Baird",NULL,NULL
"TR004","Trident",NULL,NULL
"Mira dating",NULL,NULL,NULL
"TR009","Trident",NULL,NULL
"Mira 2021",NULL,NULL,NULL
"Mira 2020",NULL,NULL,NULL
"Minnesota Pollution Control Agency Wild Rice Sulfate Standard Field Study",NULL,NULL,NULL
"TR018","Trident",NULL,NULL
"TR021","Trident",NULL,NULL
"TR023","Trident",NULL,NULL
"TR024","Trident",NULL,NULL
"Middlemarch",NULL,NULL,NULL
"TR027","Trident",NULL,NULL
"Mexican Boundary Survey Collection",NULL,NULL,NULL
"TR034","Trident",NULL,NULL
"TR036","Trident",NULL,NULL
"Metal Earth VMS Thematic Project",NULL,NULL,NULL
"MBARI Ridges 2009","R/V Western Flyer",NULL,NULL
"TR044","Trident",NULL,NULL
"Mauritius 2007",NULL,NULL,NULL
"TR050","Trident",NULL,NULL
"TR051","Trident",NULL,NULL
"TR055","Trident",NULL,NULL
"MARNOK 1991","R/V Charles Darwin",NULL,NULL
"MARMINE cruise",NULL,NULL,NULL
"TR083","Trident",NULL,NULL
"TR085","Trident",NULL,NULL
"Maricopa SSC",NULL,NULL,NULL
"March 2020 campaign",NULL,NULL,NULL
"MARA12","T. Washington",NULL,NULL
"TR091","Trident",NULL,NULL
"MARA11WT","T. Washington",NULL,NULL
"MARA07WT","T. Washington",NULL,NULL
"TR099","Trident",NULL,NULL
"MARA06WT","T. Washington",NULL,NULL
"MARA05WT","T. Washington",NULL,NULL
"MARA04WT","T. Washington",NULL,NULL
"MARA02","T. Washington",NULL,NULL
"Mahi700422-1",NULL,NULL,NULL
"TR102","Trident",NULL,NULL
"TR103","Trident",NULL,NULL
"TR104","Trident",NULL,NULL
"magmatic chronology of Avalonian arc in southeastern New England",NULL,NULL,NULL
"TR112","Trident",NULL,NULL
"TR116","Trident",NULL,NULL
"TR121","Trident",NULL,NULL
"MAGM01MV","Melville",NULL,NULL
"Magellan","Melville",NULL,NULL
"TR126","Trident",NULL,NULL
"Ma_MISS Fieldwork",NULL,NULL,NULL
"LUSI09AR","Argo",NULL,NULL
"LUSI08AR","Argo",NULL,NULL
"TR148","Trident",NULL,NULL
"TR149","Trident",NULL,NULL
"LUSI03HO","Horizon",NULL,NULL
"LUSI02AR","Argo",NULL,NULL
"LS86",NULL,NULL,NULL
"LS85",NULL,NULL,NULL
"Long duration mission (Institut de recherche pour le développement, IRD)",NULL,NULL,NULL
"TR171","Trident",NULL,NULL
"TR172","Trident",NULL,NULL
"TR174","Trident",NULL,NULL
"LMG11-02",NULL,NULL,NULL
"LMG 11-02",NULL,NULL,NULL
"LMG 09-11",NULL,NULL,NULL
"LMG 07-17",NULL,NULL,NULL
"Trident",NULL,NULL,NULL
"TRIESTE15-77","Trieste",NULL,NULL
"TRIESTE16-77","Trieste",NULL,NULL
"TRIP03AR","Argo",NULL,NULL
"TT013","Thomas Thompson",NULL,NULL
"TT175","Thomas Thompson",NULL,NULL
"TT175",NULL,NULL,NULL
"TTN013","Thomas Thompson",NULL,NULL
"TTN015","R/V Thomas G. Thompson",NULL,NULL
"TUNE04WT","T. Washington",NULL,NULL
"TUNE06WT","T. Washington",NULL,NULL
"TUNE07WT","T. Washington",NULL,NULL
"U.S. Borax",NULL,NULL,NULL
"U.S. Exploring Expedition - Wilkes",NULL,NULL,NULL
"UCSD Arizona",NULL,NULL,NULL
"UNCW",NULL,NULL,NULL
"United States Exploring Expedition (Wilkes Expedition)",NULL,NULL,NULL
"unknown",NULL,NULL,NULL
"Unknown","R/V TANSEI-MARU",NULL,NULL
"Unknown",NULL,NULL,NULL
"USBM01A",NULL,NULL,NULL
"USGS",NULL,NULL,NULL
"USGS-KORDI Cooperative Cruise to the Marshall Islands (F10-89-CP)","Farnella",NULL,NULL
"USGS Survey of Greeneville Quad, Tenn.-N.C.",NULL,NULL,NULL
"USGS Survey of the Copper Deposits Near Lemhi Co, Idaho",NULL,NULL,NULL
"USGS Survey of the Copper Deposits Near Salmon, Idaho",NULL,NULL,NULL
"USGS/MDEM",NULL,NULL,NULL
"Leg 33","D/V Glomar Challenger",NULL,NULL
"Leg 30","D/V Glomar Challenger",NULL,NULL
"Leg 192","D/V JOIDES Resolution",NULL,NULL
"Leg 130","D/V JOIDES Resolution",NULL,NULL
"Ledi-Geraru Research Project",NULL,NULL,NULL
"LC-NY-01","Unknown",NULL,NULL
"L9-78-HW","S. P. Lee",NULL,NULL
"L8-82-NP","S. P. Lee",NULL,NULL
"L8-76-NP","S. P. Lee",NULL,NULL
"L5-85-NC","S. P. Lee",NULL,NULL
"L2-79-NC","S. P. Lee",NULL,NULL
"L13-82-WF","S. P. Lee",NULL,NULL
"L12-80-WF","S. P. Lee",NULL,NULL
"L11-81-WF","S. P. Lee",NULL,NULL
"KNOX11RR","Roger Revelle",NULL,NULL
"Knorr cruise 89/6 Stn 196 ","r/v Knorr",NULL,NULL
"KN51-03","Knorr",NULL,NULL
"KN159","Knorr",NULL,NULL
"Klaza 2020",NULL,NULL,NULL
"Klaza 2019",NULL,NULL,NULL
"KK840428-03","Kana Keoki",NULL,NULL
"KK840428-02","Kana Keoki",NULL,NULL
"KK840428-01","Kana Keoki",NULL,NULL
"KK840428","Kana Keoki",NULL,NULL
"KK840425","Kana Keoki",NULL,NULL
"KK820330","R/V Kana Keoki",NULL,NULL
"KK820329","R/V Kana Keoki",NULL,NULL
"KK820328","R/V Kana Keoki",NULL,NULL
"KK820327","R/V Kana Keoki",NULL,NULL
"KK820326","R/V Kana Keoki",NULL,NULL
"KK820325","R/V Kana Keoki",NULL,NULL
"KK820324","R/V Kana Keoki",NULL,NULL
"KK820323","R/V Kana Keoki",NULL,NULL
"KK820322","R/V Kana Keoki",NULL,NULL
"KK820321","R/V Kana Keoki",NULL,NULL
"KK820320","R/V Kana Keoki",NULL,NULL
"KK820319","R/V Kana Keoki",NULL,NULL
"KK820318","R/V Kana Keoki",NULL,NULL
"KK820317","R/V Kana Keoki",NULL,NULL
"KK820316","R/V Kana Keoki",NULL,NULL
"KK801010","Kana Keoki",NULL,NULL
"KK76-01-S6","Kana Keoki",NULL,NULL
"Keystone 1484",NULL,NULL,NULL
"Kerr RM",NULL,NULL,NULL
"Kerr-McGee #2",NULL,NULL,NULL
"Kerr",NULL,NULL,NULL
"Kelvin",NULL,NULL,NULL
"KCL",NULL,NULL,NULL
"KANAUT 1992","Nadir",NULL,NULL
"Kakucs 2017",NULL,NULL,NULL
"KAK820316","R/V Kana Keoki",NULL,NULL
"K-1-81-HW","Kana Keoki",NULL,NULL
