cruise_field_prgrm_verbatim,label,initiative_id,platform_name_verbatim,platform_name_label,start,end,notes,uri,initiative_type,
1,cruise or field program 01,912,,,12/30/1991,12/30/1991,,,,
2,cruise or field program 02,913,,,4/28/1995,12/30/1998,,,,
3,cruise or field program 03,914,,,7/17/2001,7/18/2001,,,,
4,cruise or field program 04,915,,,12/30/2001,12/30/2001,,,,
5,cruise or field program 05,916,,,1/27/1995,1/28/1995,,,,
7,cruise or field program 07,917,,,12/30/1986,12/30/1986,,,,
8,cruise or field program 08,918,,,NULL,NULL,,,,
9,cruise or field program 09,919,,,12/30/1980,12/30/1991,,,,
10,cruise or field program 10,920,,,2/28/1998,2/28/1998,,,,
12,cruise or field program 12,922,,,12/30/2002,12/30/2002,,,,
13,cruise or field program 13,923,,,12/30/1994,12/30/1994,,,,
14,cruise or field program 14,924,,,6/19/2006,6/19/2006,,,,
15,cruise or field program 15,925,,,12/30/1985,12/30/1985,,,,
16,cruise or field program 16,926,,,12/30/1999,12/30/2001,,,,
17,cruise or field program 17,927,,,12/30/1986,12/30/1986,,,,
18,cruise or field program 18,928,,,12/30/1999,12/30/1999,,,,
19,cruise or field program 19,930,,,3/2/1993,4/11/1999,,,,
20,cruise or field program 20,931,,,11/1/1986,11/1/1986,,,,
21,cruise or field program 21,933,,,8/14/1993,8/14/1993,,,,
22,cruise or field program 22,934,,,12/30/1994,12/30/1994,,,,
23,cruise or field program 23,936,,,12/30/1982,12/30/1982,,,,
24,cruise or field program 24,937,,,12/30/1989,12/30/2000,,,,
25,cruise or field program 25,938,,,NULL,NULL,,,,
26,cruise or field program 26,939,,,NULL,NULL,,,,
27,cruise or field program 27,940,,,8/21/1987,12/30/1996,,,,
28,cruise or field program 28,941,,,12/30/2001,12/30/2001,,,,
29,cruise or field program 29,942,,,12/30/1997,12/30/1998,,,,
30,cruise or field program 30,943,,,2/12/1987,2/12/1987,,,,
31,cruise or field program 31,944,,,12/30/1997,12/30/1997,,,,
32,cruise or field program 32,945,,,12/31/1991,12/31/1991,,,,
33,cruise or field program 33,946,,,12/30/1997,12/30/1997,,,,
34,cruise or field program 34,947,,,NULL,NULL,,,,
35,cruise or field program 35,948,,,12/30/2001,12/30/2001,,,,
36,cruise or field program 36,949,,,12/30/1979,12/30/1996,,,,
37,cruise or field program 37,950,,,NULL,NULL,,,,
38,cruise or field program 38,951,,,12/30/1981,12/30/1981,,,,
39,cruise or field program 39,952,,,12/30/2002,12/30/2002,,,,
40,cruise or field program 40,953,,,9/25/1995,10/2/1995,,,,
42,cruise or field program 42,954,,,12/30/1998,12/30/1998,,,,
43,cruise or field program 43,955,,,9/27/1965,4/26/2003,,,,
44,cruise or field program 44,956,,,12/30/1996,12/30/1996,,,,
45,cruise or field program 45,957,,,12/30/1998,12/30/1998,,,,
46,cruise or field program 46,958,,,2/4/2000,2/4/2000,,,,
47,cruise or field program 47,959,,,12/30/1992,12/30/1992,,,,
48,cruise or field program 48,960,,,12/30/1994,12/30/1994,,,,
49,cruise or field program 49,961,,,12/30/1998,12/30/1998,,,,
50,cruise or field program 50,962,,,NULL,NULL,,,,
51,cruise or field program 51,963,,,12/30/1997,12/30/1997,,,,
52,cruise or field program 52,964,,,12/30/1979,12/30/1982,,,,
53,cruise or field program 53,965,,,12/30/1994,7/21/1996,,,,
54,cruise or field program 54,966,,,NULL,NULL,,,,
55,cruise or field program 55,967,,,9/14/1997,9/14/1997,,,,
56,cruise or field program 56,968,,,NULL,NULL,,,,
57,cruise or field program 57,969,,,NULL,NULL,,,,
58,cruise or field program 58,970,,,12/30/1984,12/30/1984,,,,
59,cruise or field program 59,971,,,3/7/1987,3/7/1987,,,,
60,cruise or field program 60,972,,,5/12/1974,5/12/1974,,,,
61,cruise or field program 61,973,,,12/30/1965,12/30/1965,,,,
62,cruise or field program 62,974,,,12/30/1979,12/30/1980,,,,
63,cruise or field program 63,975,,,7/29/1996,7/29/1996,,,,
64,cruise or field program 64,976,,,12/30/2002,12/30/2002,,,,
65,cruise or field program 65,977,,,3/2/2007,3/23/2007,,,,
66,cruise or field program 66,978,,,2/8/2009,2/8/2009,,,,
1001,cruise or field program 1001,921,,,2/13/2011,3/24/2014,,,,
1854,cruise or field program 1854,929,,,8/22/2013,8/22/2013,,,,
2002,cruise or field program 2002,932,,,8/4/2002,8/4/2002,,,,
2203,cruise or field program 2203,935,,,1/27/2012,1/20/2018,,,,
2/26/2023,,-9999,,,NULL,NULL,,,,
 MARSITE cruise,MARSITE cruise,2146,,,NULL,NULL,,,7,
"	Investigation of an Ancient Bald Cypress Forest in the Northern Gulf of Mexico",Investigation of an Ancient Bald Cypress Forest in the Northern Gulf of Mexico,1663,R/V Point Sur,R/V Point Sur,7/19/2021,7/19/2021,platforms are R/V Point Sur  or R/V Coastal Profiler,,7,
01/01/04n/r,01/01/04n/r,2,,,12/31/2003,12/31/2003,"3 samples, small craft, lake and terrestrial",,,
1000 Soils Pilot,1000 Soils Pilot,3,,Unknown,9/19/2021,2/3/2022,,,13,
17ARC,17ARC,4,,,8/4/2016,8/14/2017,,,,
1880-05-12,1880-05-12,5,,,NULL,NULL,,,,
1979 Field Work,1979 Field Work,6,,N.A.,6/30/1979,6/30/1979,,,3,
1986 SEA CLIFF dive program (Escanaba Trough),1986 SEA CLIFF dive program (Escanaba Trough),7,,,NULL,NULL,,,,
1994 NOAA cruise,1994 NOAA cruise,8,,,NULL,NULL,,,7,
19OCS,19OCS,9,R/V APALACHEE,R/V APALACHEE,10/3/2019,10/3/2019,,,7,
2004 MARGINS,2004 MARGINS,10,,,4/14/2004,4/22/2004,,,,
2005 MARGINS,2005 MARGINS,11,,,4/18/2004,4/18/2004,,,,
2006 MARGINS,2006 MARGINS,12,,,4/18/2004,4/18/2004,,,,
2007 MARGINS,2007 MARGINS,13,,,4/18/2004,4/18/2004,,,,
2008 MARGINS,2008 MARGINS,14,,,4/18/2004,4/18/2004,,,,
2009 MARGINS,2009 MARGINS,15,,,4/18/2004,4/18/2004,,,,
2009 Northern Expedition,2009 Northern Expedition,16,R/V Western Flyer,R/V Western Flyer,8/19/2009,8/31/2009,,,7,
2012 Field Campaign,2012 Field Campaign,17,,N.A.,8/13/2011,8/13/2011,,,3,
2013 Himalaya Fieldwork,2013 Himalaya Fieldwork,18,,N.A.,1/7/2013,1/7/2013,,,3,
2013 summer field season,2013 summer field season,19,,N.A.,6/30/2013,6/30/2013,,,3,
2014 summer field season,2013 summer field season,19,,N.A.,6/30/2013,6/30/2013,fix fill-down error that produced series of years,,3,
2015 summer field season,2013 summer field season,19,,N.A.,6/30/2013,6/30/2013,fix fill-down error that produced series of years,,3,
2016 summer field season,2013 summer field season,19,,N.A.,6/30/2013,6/30/2013,fix fill-down error that produced series of years,,3,
2017 summer field season,2013 summer field season,19,,N.A.,6/30/2013,6/30/2013,fix fill-down error that produced series of years,,3,
2018 summer field season,2013 summer field season,19,,N.A.,6/30/2013,6/30/2013,fix fill-down error that produced series of years,,3,
2019 summer field season,2013 summer field season,19,,N.A.,6/30/2013,6/30/2013,fix fill-down error that produced series of years,,3,
2020 summer field season,2013 summer field season,19,,N.A.,6/30/2013,6/30/2013,fix fill-down error that produced series of years,,3,
2021 summer field season,2013 summer field season,19,,N.A.,6/30/2013,6/30/2013,fix fill-down error that produced series of years,,3,
2022 summer field season,2013 summer field season,19,,N.A.,6/30/2013,6/30/2013,fix fill-down error that produced series of years,,3,
2023 summer field season,2013 summer field season,19,,N.A.,6/30/2013,6/30/2013,fix fill-down error that produced series of years,,3,
2024 summer field season,2013 summer field season,19,,N.A.,6/30/2013,6/30/2013,fix fill-down error that produced series of years,,3,
2025 summer field season,2013 summer field season,19,,N.A.,6/30/2013,6/30/2013,fix fill-down error that produced series of years,,3,
2026 summer field season,2013 summer field season,19,,N.A.,6/30/2013,6/30/2013,fix fill-down error that produced series of years,,3,
2027 summer field season,2013 summer field season,19,,N.A.,6/30/2013,6/30/2013,fix fill-down error that produced series of years,,3,
2028 summer field season,2013 summer field season,19,,N.A.,6/30/2013,6/30/2013,fix fill-down error that produced series of years,,3,
2029 summer field season,2013 summer field season,19,,N.A.,6/30/2013,6/30/2013,fix fill-down error that produced series of years,,3,
2030 summer field season,2013 summer field season,19,,N.A.,6/30/2013,6/30/2013,fix fill-down error that produced series of years,,3,
2031 summer field season,2013 summer field season,19,,N.A.,6/30/2013,6/30/2013,fix fill-down error that produced series of years,,3,
2032 summer field season,2013 summer field season,19,,N.A.,6/30/2013,6/30/2013,fix fill-down error that produced series of years,,3,
2033 summer field season,2013 summer field season,19,,N.A.,6/30/2013,6/30/2013,fix fill-down error that produced series of years,,3,
2034 summer field season,2013 summer field season,19,,N.A.,6/30/2013,6/30/2013,fix fill-down error that produced series of years,,3,
2035 summer field season,2013 summer field season,19,,N.A.,6/30/2013,6/30/2013,fix fill-down error that produced series of years,,3,
2036 summer field season,2013 summer field season,19,,N.A.,6/30/2013,6/30/2013,fix fill-down error that produced series of years,,3,
2037 summer field season,2013 summer field season,19,,N.A.,6/30/2013,6/30/2013,fix fill-down error that produced series of years,,3,
2038 summer field season,2013 summer field season,19,,N.A.,6/30/2013,6/30/2013,fix fill-down error that produced series of years,,3,
2039 summer field season,2013 summer field season,19,,N.A.,6/30/2013,6/30/2013,fix fill-down error that produced series of years,,3,
2040 summer field season,2013 summer field season,19,,N.A.,6/30/2013,6/30/2013,fix fill-down error that produced series of years,,3,
2041 summer field season,2013 summer field season,19,,N.A.,6/30/2013,6/30/2013,fix fill-down error that produced series of years,,3,
2042 summer field season,2013 summer field season,19,,N.A.,6/30/2013,6/30/2013,fix fill-down error that produced series of years,,3,
2043 summer field season,2013 summer field season,19,,N.A.,6/30/2013,6/30/2013,fix fill-down error that produced series of years,,3,
2044 summer field season,2013 summer field season,19,,N.A.,6/30/2013,6/30/2013,fix fill-down error that produced series of years,,3,
2045 summer field season,2013 summer field season,19,,N.A.,6/30/2013,6/30/2013,fix fill-down error that produced series of years,,3,
2046 summer field season,2013 summer field season,19,,N.A.,6/30/2013,6/30/2013,fix fill-down error that produced series of years,,3,
2047 summer field season,2013 summer field season,19,,N.A.,6/30/2013,6/30/2013,fix fill-down error that produced series of years,,3,
2048 summer field season,2013 summer field season,19,,N.A.,6/30/2013,6/30/2013,fix fill-down error that produced series of years,,3,
2049 summer field season,2013 summer field season,19,,N.A.,6/30/2013,6/30/2013,fix fill-down error that produced series of years,,3,
2050 summer field season,2013 summer field season,19,,N.A.,6/30/2013,6/30/2013,fix fill-down error that produced series of years,,3,
2051 summer field season,2013 summer field season,19,,N.A.,6/30/2013,6/30/2013,fix fill-down error that produced series of years,,3,
2052 summer field season,2013 summer field season,19,,N.A.,6/30/2013,6/30/2013,fix fill-down error that produced series of years,,3,
2053 summer field season,2013 summer field season,19,,N.A.,6/30/2013,6/30/2013,fix fill-down error that produced series of years,,3,
2054 summer field season,2013 summer field season,19,,N.A.,6/30/2013,6/30/2013,fix fill-down error that produced series of years,,3,
2055 summer field season,2013 summer field season,19,,N.A.,6/30/2013,6/30/2013,fix fill-down error that produced series of years,,3,
2056 summer field season,2013 summer field season,19,,N.A.,6/30/2013,6/30/2013,fix fill-down error that produced series of years,,3,
"2013, 2014 summer field campaign","2013, 2014 summer field campaign",20,,N.A.,12/31/2012,12/31/2012,,,3,
2014 Field Season,2014 Field Season,21,,N.A.,3/25/2014,3/25/2014,,,3,
2015 Himalaya Fieldwork,2015 Himalaya Fieldwork,22,,N.A.,11/8/2015,11/10/2015,,,3,
2018 Arbuckle Mountains Fieldwork,2018 Arbuckle Mountains Fieldwork,23,,N.A.,5/24/2018,6/3/2018,,,3,
2018 Himalaya Fieldwork,2018 Himalaya Fieldwork,24,,N.A.,1/10/2018,1/10/2018,,,3,
2019 STATEMAP,2019 STATEMAP,25,,N.A.,NULL,NULL,,,3,
2020 Himalaya Fieldwork,2020 Himalaya Fieldwork,26,,N.A.,1/13/2020,1/14/2020,,,3,
2023 Aboveground Productivity Net Primary Production,2023 Aboveground Productivity Net Primary Production,27,4,platform 04,7/31/2023,7/31/2023,,,,
2023 Aboveground Productivity Net Primary Production,2023 Aboveground Productivity Net Primary Production,27,5,platform 05,7/31/2023,7/31/2023,,,,
2023 Aboveground Productivity Net Primary Production,2023 Aboveground Productivity Net Primary Production,27,6,platform 06,7/31/2023,7/31/2023,,,,
2023 Aboveground Productivity Net Primary Production,2023 Aboveground Productivity Net Primary Production,27,7,platform 07,7/31/2023,7/31/2023,,,,
2023 Aboveground Productivity Net Primary Production,2023 Aboveground Productivity Net Primary Production,27,8,platform 08,7/31/2023,7/31/2023,,,,
2023 Aboveground Productivity Net Primary Production,2023 Aboveground Productivity Net Primary Production,27,9,platform 09,7/31/2023,7/31/2023,,,,
2023 Aboveground Productivity Net Primary Production,2023 Aboveground Productivity Net Primary Production,27,10,platform 10,7/31/2023,7/31/2023,,,,
2023 Aboveground Productivity Net Primary Production,2023 Aboveground Productivity Net Primary Production,27,11,platform 11,7/31/2023,7/31/2023,,,,
2023 Aboveground Productivity Net Primary Production,2023 Aboveground Productivity Net Primary Production,27,13,platform 13,7/31/2023,7/31/2023,,,,
2023 Aboveground Productivity Net Primary Production,2023 Aboveground Productivity Net Primary Production,27,14,platform 14,7/31/2023,7/31/2023,,,,
2023 Aboveground Productivity Net Primary Production,2023 Aboveground Productivity Net Primary Production,27,15,platform 15,7/31/2023,7/31/2023,,,,
2023 Aboveground Productivity Net Primary Production,2023 Aboveground Productivity Net Primary Production,27,16,platform 16,7/31/2023,7/31/2023,,,,
2023 Aboveground Productivity Net Primary Production,2023 Aboveground Productivity Net Primary Production,27,17,platform 17,7/31/2023,7/31/2023,,,,
2023 Aboveground Productivity Net Primary Production,2023 Aboveground Productivity Net Primary Production,27,19,platform 19,7/31/2023,7/31/2023,,,,
2023 Aboveground Productivity Net Primary Production,2023 Aboveground Productivity Net Primary Production,27,20,platform 20,7/31/2023,7/31/2023,,,,
2023 Aboveground Productivity Net Primary Production,2023 Aboveground Productivity Net Primary Production,27,21,platform 21,7/31/2023,7/31/2023,,,,
2023 Grenville orogen,2023 Grenville orogen,28,,Unknown,7/27/2023,8/5/2023,,,,
2024 JULY ALPI ORIENTALI,2024 JULY ALPI ORIENTALI,29,,,7/6/2024,7/7/2024,,,,
20XRZC-,20XRZC,30,,,NULL,NULL,,,,
21WL-,21WL,31,,,NULL,NULL,,,,
2PI,2PI,32,R/V Akademik Boris Petrov,R/V Akademik Boris Petrov,12/31/1984,12/31/1984,,,7,
3RPD,3RPD,33,,,1/8/2017,1/8/2017,,,,
40th Parallel Survey,40th Parallel Survey,34,,,NULL,NULL,,,,
7TOW04WT,7TOW04WT,35,T. Washington,R/V Thomas Washington,NULL,NULL,,,7,
7TOW05WT,7TOW05WT,36,T. Washington,R/V Thomas Washington,NULL,NULL,,,7,
7TOW06WT,7TOW06WT,37,T. Washington,R/V Thomas Washington,NULL,NULL,,,7,
91-AV-19/2,91-AV-19/2,38,Aleksandr Vinogradov,Akademik Aleksandr Vinogradov,NULL,NULL,,,7,
A150,A150,39,Atlantis,Atlantis?,NULL,NULL,can't tell what this is supposd to be,,7,
AAFBLP,AAFBLP,40,,,12/30/2006,12/30/2006,,,,
AAR,AAR,41,,,8/4/2014,9/25/2014,,,,
ABBA,ABBA,42,,,12/30/1999,12/30/2000,,,,
AB-F2001-042,AB-F2001-042,43,R/V Akademik,R/V Akademik,8/15/2001,8/26/2001,missing full name of ship…,,7,
ABP0002,ABP0002,44,Akademik Boris Petrov,R/V Akademik Boris Petrov,NULL,NULL,,,7,
ABP1985,ABP1985,45,Akademik Boris Petrov,R/V Akademik Boris Petrov,NULL,NULL,,,7,
ABS,ABS,46,,,2/20/2009,2/21/2009,,,,
AC97,AC97,47,New York Bight,New York Bight,8/19/1997,9/14/2001,,,,
"AccueilDoc CMIRA A, Fuchs28/01/14","AccueilDoc CMIRA A, Fuchs28/01/14",48,,,1/27/2014,1/27/2014,,,,
ACE,ACE,49,,,NULL,NULL,,,,
ACOW,ACOW,50,,,3/15/2011,3/6/2014,,,,
ADAK,ADAK,51,,,6/30/2009,6/30/2010,,,,
ADDAL10/12/13,ADDAL10/12/13,52,,,12/9/2013,12/9/2013,,,,
ADDAL-Fevrier 2014,ADDAL-Fevrier 2014,53,,,2/11/2014,2/11/2014,,,,
ADDAL-Janv 2014,ADDAL-Janv 2014,54,,,1/14/2014,1/14/2014,,,,
ADI,ADI,55,,,12/30/1998,12/30/1998,,,,
AEG01,AEG01,56,R/V Aegaeo,R/V Aegaeo,4/29/2006,5/6/2006,,,7,
AG32,AG32,57,Agulhas,Agulhas,NULL,NULL,,,,
AG32,AG32,57,R/V Agulhas,R/V Agulhas,NULL,NULL,,,7,
AG69,AG69,58,Melville,R/V Melville,NULL,NULL,,,7,
AGESS 2021,AGESS 2021,59,,,7/3/2021,6/14/2022,,,,
AGH,AGH,60,,,NULL,NULL,,,,
AguaCal22,AguaCal22,61,,,4/22/2022,5/23/2022,,,,
AguaCal23,AguaCal23,62,,,5/24/2022,5/24/2022,,,,
AguaCal24,AguaCal24,63,,,5/23/2022,5/23/2022,,,,
AguaCal25,AguaCal25,64,,,5/18/2022,5/18/2022,,,,
AguaCal26,AguaCal26,65,,,5/18/2022,5/18/2022,,,,
AguaCal27,AguaCal27,66,,,5/18/2022,5/18/2022,,,,
AguaCal28,AguaCal28,67,,,5/18/2022,5/18/2022,,,,
AguaCal29,AguaCal29,68,,,5/29/2022,5/29/2022,,,,
AguaCal30,AguaCal30,69,,,5/20/2022,5/20/2022,,,,
AguaCal31,AguaCal31,70,,,5/21/2022,5/21/2022,,,,
AguaCal32,AguaCal32,71,,,5/22/2022,5/22/2022,,,,
AguaCal33,AguaCal33,72,,,5/19/2022,5/19/2022,,,,
AguaCal34,AguaCal34,73,,,5/19/2022,5/19/2022,,,,
AguaCal35,AguaCal35,74,,,5/25/2022,5/25/2022,,,,
AguaCal36,AguaCal36,75,,,5/25/2022,5/25/2022,,,,
AguaCal37,AguaCal37,76,,,5/22/2022,5/22/2022,,,,
AguaCal38,AguaCal38,77,,,5/21/2022,5/21/2022,,,,
AguaCal39,AguaCal39,78,,,5/22/2022,5/22/2022,,,,
AguaCal40,AguaCal40,79,,,5/21/2022,5/21/2022,,,,
AguaCal41,AguaCal41,80,,,5/21/2022,5/21/2022,,,,
AguaCal42,AguaCal42,81,,,5/22/2022,5/22/2022,,,,
AguaCal43,AguaCal43,82,,,5/22/2022,5/22/2022,,,,
AGZ,AGZ,83,,,1/6/2016,3/22/2018,,,,
AHVC,AHVC,84,,,2/3/2008,4/3/2008,,,,
AHVC2,AHVC2,85,,,3/8/2009,3/24/2009,,,,
AHVC3,AHVC3,86,,,3/29/2009,3/29/2009,,,,
AK,AK,87,,,12/30/2006,12/30/2006,,,,
AK15,AK15,88,Akademik Kurchatov,R/V Akademik Kurchatov,7/15/1973,9/2/1973,,,7,
AK15,AK15,88,R/V Akademik Kurchatov,R/V Akademik Kurchatov,NULL,NULL,,,7,
AKA,AKA,89,,,3/22/2010,6/30/2010,,,,
AKAD09,AKAD09,90,,,NULL,NULL,,,,
AKAD11,AKAD11,91,,,6/26/2011,6/26/2011,,,,
AKW,AKW,92,,,NULL,NULL,,,,
AL150801,AL150801,93,M/V Alucia,M/V Alucia,8/10/2015,8/27/2015,,,7,
AL150801,AL150801,93,,,8/23/2015,8/23/2015,,,,
AL18-4,AL18-4,94,Albatross,Albatross,12/9/1968,12/12/1969,,,,
AL4,AL4,95,Alaminos,Alaminos,3/26/1964,4/7/1964,,,,
ALAR02RR,ALAR02RR,96,Roger Revelle,R/V Roger Revelle,NULL,NULL,,,7,
ALB43,ALB43,97,Albatross,Albatross III,12/31/1951,12/31/1951,guess is Albatross III based on date,,,
ALB43,ALB43,97,Albatross III,Albatross III,12/31/1951,12/31/1951,,,,
ALCOVE,ALCOVE,98,,,2/13/2008,2/22/2011,,,,
ALCY01MV,ALCY01MV,99,Melville,R/V Melville,NULL,NULL,,,7,
ALE,ALE,100,,,7/3/1998,7/14/1998,,,,
ALIENOR 1,ALIENOR 1,101,,,4/19/2004,6/6/2004,,,,
ALIENOR 2,ALIENOR 2,102,,,6/17/2004,6/17/2004,,,,
ALK,ALK,103,,,7/31/2015,8/11/2015,,,,
ALMP,ALMP,104,,,12/30/2009,9/30/2010,,,,
Alps 2011,Alps 2011,105,,,8/22/2011,8/30/2011,,,,
Alps 2013,Alps 2013,106,,,8/15/2013,8/22/2013,,,,
Alps 2015,Alps 2015,107,,,8/3/2015,8/21/2015,,,,
Alvin:338,Alvin:0338,108,Alvin,Alvin,7/17/1971,7/17/1971,,,9,
Alvin:340,Alvin:0340,109,Alvin,Alvin,7/19/1971,7/19/1971,,,9,
Alvin:342,Alvin:0342,110,Alvin,Alvin,7/21/1971,7/21/1971,,,9,
Alvin:349,Alvin:0349,111,Alvin,Alvin,9/4/1971,9/4/1971,,,9,
Alvin:371,Alvin:0371,112,Alvin,Alvin,11/11/1971,11/11/1971,,,9,
Alvin:374,Alvin:0374,113,Alvin,Alvin,11/15/1971,11/15/1971,,,9,
Alvin:410,Alvin:0410,114,Alvin,Alvin,6/24/1972,6/24/1972,,,9,
Alvin:415,Alvin:0415,115,Alvin,Alvin,6/28/1972,6/28/1972,,,9,
Alvin:419,Alvin:0419,116,Alvin,Alvin,7/8/1972,7/8/1972,,,9,
Alvin:421,Alvin:0421,117,Alvin,Alvin,7/10/1972,7/10/1972,,,9,
Alvin:423,Alvin:0423,118,Alvin,Alvin,7/13/1972,7/13/1972,,,9,
Alvin:427,Alvin:0427,119,Alvin,Alvin,7/21/1972,7/21/1972,,,9,
Alvin:429,Alvin:0429,120,Alvin,Alvin,7/23/1972,7/23/1972,,,9,
Alvin:430,Alvin:0430,121,Alvin,Alvin,7/24/1972,7/24/1972,,,9,
Alvin:431,Alvin:0431,122,Alvin,Alvin,7/26/1972,7/26/1972,,,9,
Alvin:445,Alvin:0445,123,Alvin,Alvin,8/26/1972,8/26/1972,,,9,
Alvin:447,Alvin:0447,124,Alvin,Alvin,8/28/1972,8/28/1972,,,9,
Alvin:500,Alvin:0500,125,Alvin,Alvin,1/30/1974,1/30/1974,,,9,
Alvin:502,Alvin:0502,126,Alvin,Alvin,2/1/1974,2/1/1974,,,9,
Alvin:503,Alvin:0503,127,Alvin,Alvin,2/2/1974,2/2/1974,,,9,
Alvin:504,Alvin:0504,128,Alvin,Alvin,2/3/1972,2/3/1972,,,9,
Alvin:518,Alvin:0518,129,Alvin,Alvin,6/29/1974,6/29/1974,,,9,
Alvin:519,Alvin:0519,130,Alvin,Alvin,6/30/1974,6/30/1974,,,9,
Alvin:520,Alvin:0520,131,Alvin,Alvin,7/1/1974,7/1/1974,,,9,
ALVIN 0521,Alvin:0521,132,Alvin,Alvin,7/2/1974,7/2/1974,,,9,
Alvin:521,Alvin:0521,132,Alvin,Alvin,7/2/1974,7/2/1974,,,9,
Alvin:522,Alvin:0522,133,Alvin,Alvin,7/3/1974,7/3/1974,,,9,
Alvin:523,Alvin:0523,134,Alvin,Alvin,7/4/1974,7/4/1974,,,9,
Alvin:524,Alvin:0524,135,Alvin,Alvin,7/14/1974,7/14/1974,,,9,
Alvin:525,Alvin:0525,136,Alvin,Alvin,7/15/1974,7/15/1974,,,9,
Alvin:526,Alvin:0526,137,Alvin,Alvin,7/16/1974,7/16/1974,,,9,
Alvin:527,Alvin:0527,138,Alvin,Alvin,7/17/1974,7/17/1974,,,9,
Alvin:528,Alvin:0528,139,Alvin,Alvin,7/18/1974,7/18/1974,,,9,
Alvin:529,Alvin:0529,140,Alvin,Alvin,7/19/1974,7/19/1974,,,9,
Alvin:530,Alvin:0530,141,Alvin,Alvin,7/20/1974,7/20/1974,,,9,
Alvin:532,Alvin:0532,142,Alvin,Alvin,8/2/1974,8/2/1974,,,9,
Alvin:533,Alvin:0533,143,Alvin,Alvin,8/3/1974,8/3/1974,,,9,
Alvin:534,Alvin:0534,144,Alvin,Alvin,8/4/1974,8/4/1974,,,9,
Alvin:537,Alvin:0537,145,Alvin,Alvin,8/20/1974,8/20/1974,,,9,
Alvin:538,Alvin:0538,146,Alvin,Alvin,8/23/1974,8/23/1974,,,9,
Alvin:539,Alvin:0539,147,Alvin,Alvin,8/24/1974,8/24/1974,,,9,
Alvin:540,Alvin:0540,148,Alvin,Alvin,8/26/1974,8/26/1974,,,9,
Alvin:541,Alvin:0541,149,Alvin,Alvin,8/27/1974,8/27/1974,,,9,
Alvin:542,Alvin:0542,150,Alvin,Alvin,8/29/1974,8/29/1974,,,9,
Alvin:543,Alvin:0543,151,Alvin,Alvin,8/31/1974,8/31/1974,,,9,
Alvin:611,Alvin:0611,152,Alvin,Alvin,1/27/1976,1/27/1976,,,9,
Alvin:612,Alvin:0612,153,Alvin,Alvin,1/30/1976,1/30/1976,,,9,
Alvin:613,Alvin:0613,154,Alvin,Alvin,1/31/1976,1/31/1976,,,9,
Alvin:614,Alvin:0614,155,Alvin,Alvin,2/1/1976,2/1/1976,,,9,
Alvin:615,Alvin:0615,156,Alvin,Alvin,2/2/1976,2/2/1976,,,9,
Alvin:616,Alvin:0616,157,Alvin,Alvin,2/3/1976,2/3/1976,,,9,
Alvin:617,Alvin:0617,158,Alvin,Alvin,2/9/1976,2/9/1976,,,9,
Alvin:619,Alvin:0619,159,Alvin,Alvin,2/11/1976,2/11/1976,,,9,
Alvin:620,Alvin:0620,160,Alvin,Alvin,2/13/1976,2/13/1976,,,9,
Alvin:621,Alvin:0621,161,Alvin,Alvin,2/15/1976,2/15/1976,,,9,
Alvin:622,Alvin:0622,162,Alvin,Alvin,2/17/1976,2/17/1976,,,9,
Alvin:623,Alvin:0623,163,Alvin,Alvin,2/18/1976,2/18/1976,,,9,
Alvin:624,Alvin:0624,164,Alvin,Alvin,2/19/1976,2/19/1976,,,9,
Alvin:625,Alvin:0625,165,Alvin,Alvin,2/20/1976,2/20/1976,,,9,
Alvin:660,Alvin:0660,166,Alvin,Alvin,6/25/1976,6/25/1976,,,9,
Alvin:721,Alvin:0721,167,Alvin,Alvin,2/24/1977,2/24/1977,,,9,
Alvin:725,Alvin:0725,168,Alvin,Alvin,3/7/1977,3/7/1977,,,9,
Alvin:729,Alvin:0729,169,Alvin,Alvin,3/11/1977,3/11/1977,,,9,
Alvin:731,Alvin:0731,170,Alvin,Alvin,3/13/1977,3/13/1977,,,9,
Alvin:734,Alvin:0734,171,Alvin,Alvin,3/16/1977,3/16/1977,,,9,
Alvin:737,Alvin:0737,172,Alvin,Alvin,4/6/1977,4/6/1977,,,9,
Alvin:738,Alvin:0738,173,Alvin,Alvin,4/7/1977,4/7/1977,,,9,
Alvin:739,Alvin:0739,174,Alvin,Alvin,4/9/1977,4/9/1977,,,9,
Alvin:740,Alvin:0740,175,Alvin,Alvin,4/10/1977,4/10/1977,,,9,
Alvin:741,Alvin:0741,176,Alvin,Alvin,4/11/1977,4/11/1977,,,9,
Alvin:742,Alvin:0742,177,Alvin,Alvin,4/12/1977,4/12/1977,,,9,
ALV765,Alvin:0765,178,Alvin,Alvin,6/12/1981,6/12/1981,,,9,
ALV766,Alvin:0766,179,Alvin,Alvin,6/13/1981,6/13/1981,,,9,
ALV767,Alvin:0767,180,Alvin,Alvin,6/14/1981,6/14/1981,,,9,
Alvin:786,Alvin:0786,181,Alvin,Alvin,9/6/1977,9/6/1977,,,9,
Alvin:787,Alvin:0787,182,Alvin,Alvin,9/8/1977,9/8/1977,,,9,
Alvin:789,Alvin:0789,183,Alvin,Alvin,9/12/1977,9/12/1977,,,9,
ALV808,Alvin:0808,184,Alvin,Alvin,6/10/1982,6/10/1982,,,9,
ALV809,Alvin:0809,185,Alvin,Alvin,6/11/1982,6/11/1982,,,9,
ALV810,Alvin:0810,186,Alvin,Alvin,6/12/1982,6/12/1982,,,9,
ALV811,Alvin:0811,187,Alvin,Alvin,6/13/1982,6/13/1982,,,9,
Alvin:818,Alvin:0818,188,Alvin,Alvin,7/29/1978,7/29/1978,,,9,
Alvin:819,Alvin:0819,189,Alvin,Alvin,7/30/1978,7/30/1978,,,9,
Alvin:820,Alvin:0820,190,Alvin,Alvin,7/31/1978,7/31/1978,,,9,
Alvin:821,Alvin:0821,191,Alvin,Alvin,8/1/1978,8/1/1978,,,9,
Alvin:822,Alvin:0822,192,Alvin,Alvin,8/2/1978,8/2/1978,,,9,
Alvin:823,Alvin:0823,193,Alvin,Alvin,8/12/1978,8/12/1978,,,9,
Alvin:824,Alvin:0824,194,Alvin,Alvin,8/13/1978,8/13/1978,,,9,
Alvin:825,Alvin:0825,195,Alvin,Alvin,8/14/1978,8/14/1978,,,9,
Alvin:826,Alvin:0826,196,Alvin,Alvin,8/16/1978,8/16/1978,,,9,
Alvin:827,Alvin:0827,197,Alvin,Alvin,8/17/1978,8/17/1978,,,9,
Alvin:828,Alvin:0828,198,Alvin,Alvin,8/18/1978,8/18/1978,,,9,
Alvin:829,Alvin:0829,199,Alvin,Alvin,8/19/1978,8/19/1978,,,9,
Alvin:830,Alvin:0830,200,Alvin,Alvin,8/22/1978,8/22/1978,,,9,
Alvin:831,Alvin:0831,201,Alvin,Alvin,8/24/1978,8/24/1978,,,9,
Alvin:832,Alvin:0832,202,Alvin,Alvin,8/25/1978,8/25/1978,,,9,
Alvin:889,Alvin:0889,203,Alvin,Alvin,2/13/1979,2/13/1979,,,9,
Alvin:890,Alvin:0890,204,Alvin,Alvin,2/14/1979,2/14/1979,,,9,
Alvin:891,Alvin:0891,205,Alvin,Alvin,2/15/1979,2/15/1979,,,9,
Alvin:892,Alvin:0892,206,Alvin,Alvin,2/16/1979,2/16/1979,,,9,
Alvin:893,Alvin:0893,207,Alvin,Alvin,2/17/1979,2/17/1979,,,9,
Alvin:895,Alvin:0895,208,Alvin,Alvin,2/19/1979,2/19/1979,,,9,
Alvin:978,Alvin:0978,209,Alvin,Alvin,11/1/1979,11/1/1979,,,9,
Alvin:979,Alvin:0979,210,Alvin,Alvin,11/2/1979,11/2/1979,,,9,
Alvin:980,Alvin:0980,211,Alvin,Alvin,11/3/1979,11/3/1979,,,9,
Alvin:981,Alvin:0981,212,Alvin,Alvin,11/4/1979,11/4/1979,,,9,
Alvin:982,Alvin:0982,213,Alvin,Alvin,11/5/1979,11/5/1979,,,9,
Alvin:1008,Alvin:1008,214,Alvin,Alvin,6/2/1980,6/2/1980,,,9,
Alvin:1010,Alvin:1010,215,Alvin,Alvin,6/3/1980,6/3/1980,,,9,
Alvin:1011,Alvin:1011,216,Alvin,Alvin,6/4/1980,6/4/1980,,,9,
Alvin:1012,Alvin:1012,217,Alvin,Alvin,6/5/1980,6/5/1980,,,9,
Alvin:1013,Alvin:1013,218,Alvin,Alvin,6/6/1980,6/6/1980,,,9,
Alvin:1014,Alvin:1014,219,Alvin,Alvin,6/7/1980,6/7/1980,,,9,
Alvin:1015,Alvin:1015,220,Alvin,Alvin,6/8/1980,6/8/1980,,,9,
Alvin:1054,Alvin:1054,221,Alvin,Alvin,10/19/1980,10/19/1980,,,9,
Alvin:1055,Alvin:1055,222,Alvin,Alvin,10/20/1980,10/20/1980,,,9,
Alvin:1056,Alvin:1056,223,Alvin,Alvin,10/21/1980,10/21/1980,,,9,
Alvin:1057,Alvin:1057,224,Alvin,Alvin,10/22/1980,10/22/1980,,,9,
Alvin:1058,Alvin:1058,225,Alvin,Alvin,10/24/1980,10/24/1980,,,9,
Alvin:1059,Alvin:1059,226,Alvin,Alvin,10/26/1980,10/26/1980,,,9,
Alvin:1060,Alvin:1060,227,Alvin,Alvin,10/27/1980,10/27/1980,,,9,
Alvin:1061,Alvin:1061,228,Alvin,Alvin,10/28/1980,10/28/1980,,,9,
Alvin:1062,Alvin:1062,229,Alvin,Alvin,10/29/1980,10/29/1980,,,9,
Alvin:1063,Alvin:1063,230,Alvin,Alvin,10/30/1980,10/30/1980,,,9,
Alvin:1148,Alvin:1148,231,Alvin,Alvin,11/10/1981,11/10/1981,,,9,
Alvin:1149,Alvin:1149,232,Alvin,Alvin,11/11/1981,11/11/1981,,,9,
Alvin:1150,Alvin:1150,233,Alvin,Alvin,11/12/1981,11/12/1981,,,9,
Alvin:1152,Alvin:1152,234,Alvin,Alvin,11/14/1981,11/14/1981,,,9,
Alvin:1154,Alvin:1154,235,Alvin,Alvin,11/16/1981,11/16/1981,,,9,
Alvin:1155,Alvin:1155,236,Alvin,Alvin,11/17/1981,11/17/1981,,,9,
Alvin:1156,Alvin:1156,237,Alvin,Alvin,11/18/1981,11/18/1981,,,9,
Alvin:1157,Alvin:1157,238,Alvin,Alvin,11/19/1981,11/19/1981,,,9,
Alvin:1158,Alvin:1158,239,Alvin,Alvin,11/20/1981,11/20/1981,,,9,
Alvin:1159,Alvin:1159,240,Alvin,Alvin,11/22/1981,11/22/1981,,,9,
Alvin:1240,Alvin:1240,241,Alvin,Alvin,7/13/1982,7/13/1982,,,9,
Alvin:1242,Alvin:1242,242,Alvin,Alvin,7/14/1982,7/14/1982,,,9,
Alvin:1243,Alvin:1243,243,Alvin,Alvin,7/16/1982,7/16/1982,,,9,
Alvin:1244,Alvin:1244,244,Alvin,Alvin,7/17/1982,7/17/1982,,,9,
Alvin:1245,Alvin:1245,245,Alvin,Alvin,7/18/1982,7/18/1982,,,9,
Alvin:1246,Alvin:1246,246,Alvin,Alvin,7/1/1982,7/1/1982,,,9,
Alvin:1247,Alvin:1247,247,Alvin,Alvin,7/20/1982,7/20/1982,,,9,
ALV1569,Alvin:1569,248,Alvin,Alvin,5/26/1985,5/26/1985,,,9,
ALV2168,Alvin:2168,249,Alvin,Alvin,12/5/1989,12/5/1989,,,9,
ALV2169,Alvin:2169,250,Alvin,Alvin,12/7/1989,12/7/1989,,,9,
ALV2172,Alvin:2172,251,Alvin,Alvin,12/11/1989,12/11/1989,,,9,
ALV2173,Alvin:2173,252,Alvin,Alvin,12/13/1989,12/13/1989,,,9,
Amargosa 1709,Amargosa 1709,253,,,NULL,NULL,,,,
AMASE - Arctic Mars Analog Svalbard Expedition,AMASE - Arctic Mars Analog Svalbard Expedition,254,,,NULL,NULL,,,,
AMAT Expedition (AMAT05RR),AMAT Expedition (AMAT05RR),255,Roger Revelle,R/V Roger Revelle,NULL,NULL,,,7,
NULL,AMNH Collection Trip,256,AMNH Collection Trip,N.A.,6/2/1905,6/2/1905,,,,
AMPH01AR,AMPH01AR,257,Argo,Argo,NULL,NULL,,,,
AMPH02AR,AMPH02AR,258,Argo,Argo,NULL,NULL,,,,
AMPH03AR,AMPH03AR,259,Argo,Argo,NULL,NULL,,,,
Ampurias 2021,Ampurias 2021,260,,,8/8/2022,8/10/2022,,,,
Anastasya 2001 cruise,Anastasya 2001 cruise,261,Cornide de Saavedra,Cornide de Saavedra,5/31/2001,5/31/2001,,,7,
ANCH,ANCH,262,,,2/26/2014,6/30/2014,,,,
AND001-01A,AND001-01A,263,,,12/31/2005,12/31/2005,,,,
AND001-01B,AND001-01B,264,,,12/31/2005,12/31/2005,,,,
AND002-02A,AND002-02A,265,,,12/31/2006,12/31/2006,,,,
Andesite,Andesite,266,,,NULL,NULL,,,,
ANDRILL 001B,ANDRILL 001B,267,ANDRILL,unknown,2/17/2016,2/17/2016,,,1,
ANDRILL-MIS,ANDRILL-MIS,268,,unknown,12/31/2005,12/31/2005,,,1,
Andrill-MIS,ANDRILL-MIS,268,,unknown,3/8/2015,3/12/2015,,,1,
ANDRILL-SMS,ANDRILL-SMS,269,,unknown,10/16/2007,4/28/2015,,,1,
ANR 2008 IPER-RETRO (http://www6.inra.fr/iper_retro)01/03/12,ANR 2008 IPER-RETRO,270,,,2/29/2012,2/29/2012,ANR 2008 IPER-RETRO (http://www6.inra.fr/iper_retro)01/03/12,http://www6.inra.fr/iper_retro,,
ANR 2008 IPER-RETRO (http://www6.inra.fr/iper_retro)01/11/10,ANR 2008 IPER-RETRO,270,,,10/31/2010,10/31/2010,ANR 2008 IPER-RETRO (http://www6.inra.fr/iper_retro)01/11/10,http://www6.inra.fr/iper_retro,,
ANR 2008 IPER-RETRO (http://www6.inra.fr/iper_retro)04/06/09,ANR 2008 IPER-RETRO,270,,,6/3/2009,6/3/2009,ANR 2008 IPER-RETRO (http://www6.inra.fr/iper_retro)04/06/09,http://www6.inra.fr/iper_retro,,
ANR 2008 IPER-RETRO (http://www6.inra.fr/iper_retro)04/11/11,ANR 2008 IPER-RETRO,270,,,11/3/2011,11/3/2011,ANR 2008 IPER-RETRO (http://www6.inra.fr/iper_retro)04/11/11,http://www6.inra.fr/iper_retro,,
ANR 2008 IPER-RETRO (http://www6.inra.fr/iper_retro)06/05/10,ANR 2008 IPER-RETRO,270,,,5/5/2010,5/5/2010,ANR 2008 IPER-RETRO (http://www6.inra.fr/iper_retro)06/05/10,http://www6.inra.fr/iper_retro,,
ANR 2008 IPER-RETRO (http://www6.inra.fr/iper_retro)09/02/09,ANR 2008 IPER-RETRO,270,,,2/8/2009,2/8/2009,ANR 2008 IPER-RETRO (http://www6.inra.fr/iper_retro)09/02/09,http://www6.inra.fr/iper_retro,,
ANR 2008 IPER-RETRO (http://www6.inra.fr/iper_retro)12/02/09,ANR 2008 IPER-RETRO,270,,,2/10/2009,2/10/2009,ANR 2008 IPER-RETRO (http://www6.inra.fr/iper_retro)12/02/09,http://www6.inra.fr/iper_retro,,
ANR 2008 IPER-RETRO (http://www6.inra.fr/iper_retro)13/10/11,ANR 2008 IPER-RETRO,270,,,10/12/2011,10/12/2011,ANR 2008 IPER-RETRO (http://www6.inra.fr/iper_retro)13/10/11,http://www6.inra.fr/iper_retro,,
ANR 2008 IPER-RETRO (http://www6.inra.fr/iper_retro)20/11/09,ANR 2008 IPER-RETRO,270,,,11/19/2009,11/19/2009,ANR 2008 IPER-RETRO (http://www6.inra.fr/iper_retro)20/11/09,http://www6.inra.fr/iper_retro,,
ANR 2008 IPER-RETRO (http://www6.inra.fr/iper_retro)21/12/11,ANR 2008 IPER-RETRO,270,,,12/20/2011,12/20/2011,ANR 2008 IPER-RETRO (http://www6.inra.fr/iper_retro)21/12/11,http://www6.inra.fr/iper_retro,,
ANR 2008 IPER-RETRO (http://www6.inra.fr/iper_retro)26/05/10,ANR 2008 IPER-RETRO,270,,,5/25/2010,5/25/2010,ANR 2008 IPER-RETRO (http://www6.inra.fr/iper_retro)26/05/10,http://www6.inra.fr/iper_retro,,
ANR 2008 IPER-RETRO (http://www6.inra.fr/iper_retro)26/05/11,ANR 2008 IPER-RETRO,270,,,5/25/2011,5/25/2011,ANR 2008 IPER-RETRO (http://www6.inra.fr/iper_retro)26/05/11,http://www6.inra.fr/iper_retro,,
ANR 2008 IPER-RETRO (http://www6.inra.fr/iper_retro)27/11/09,ANR 2008 IPER-RETRO,270,,,11/26/2009,11/26/2009,ANR 2008 IPER-RETRO (http://www6.inra.fr/iper_retro)27/11/09,http://www6.inra.fr/iper_retro,,
ANR 2008 IPER-RETRO (http://www6.inra.fr/iper_retro)28/07/11,ANR 2008 IPER-RETRO,270,,,7/27/2011,7/27/2011,ANR 2008 IPER-RETRO (http://www6.inra.fr/iper_retro)28/07/11,http://www6.inra.fr/iper_retro,,
ANR 2008 IPER-RETRO (http://www6.inra.fr/iper_retro)29/02/12,ANR 2008 IPER-RETRO,270,,,2/28/2012,2/28/2012,ANR 2008 IPER-RETRO (http://www6.inra.fr/iper_retro)29/02/12,http://www6.inra.fr/iper_retro,,
09/02/09_ANR 2008-2013 IPER-RETRO (http://www6.inra.fr/iper_retro),ANR 2008-2013 IPER-RETRO 2009-09-02,271,UWITEC C2FN,UWITEC C2FN,2/8/2009,2/8/2009,09/02/09_ANR 2008-2013 IPER-RETRO (http://www6.inra.fr/iper_retro),http://www6.inra.fr/iper_retro,,
09/02/09_ANR 2008-2013 IPER-RETRO (http://www6.inra.fr/iper_retro),ANR 2008-2013 IPER-RETRO 2009-09-02,271,,,2/8/2009,2/8/2009,09/02/09_ANR 2008-2013 IPER-RETRO (http://www6.inra.fr/iper_retro),http://www6.inra.fr/iper_retro,,
26/05/10_ANR 2008-2013 IPER-RETRO (http://www6.inra.fr/iper_retro),ANR 2008-2013 IPER-RETRO 2010-05-26,272,UWITEC C2FN,UWITEC C2FN,5/25/2010,5/25/2010,,,,
26/05/11_ANR 2008-2013 IPER-RETRO (http://www6.inra.fr/iper_retro),ANR 2008-2013 IPER-RETRO 2011-05-26,273,UWITEC C2FN,UWITEC C2FN,5/25/2011,5/25/2011,,,,
ANR AVATAR,ANR AVATAR,274,,,8/11/2022,3/7/2023,,,,
ANR BLANC 2007 PYGMALION01/09/06,ANR BLANC 2007 PYGMALION,275,,,8/31/2006,8/31/2006,,,,
ANR BLANC 2007 PYGMALION05/09/2007,ANR BLANC 2007 PYGMALION,275,,,9/4/2007,9/4/2007,,,,
ANR BLANC 2007 PYGMALION25/06/2009,ANR BLANC 2007 PYGMALION,275,,,6/23/2009,6/23/2009,,,,
ANR SEDIPLAST,ANR SEDIPLAST,276,,,7/26/2022,7/26/2022,,,,
Antipodes,Antipodes,277,Melville,R/V Melville,NULL,NULL,,,7,
Antipodes,Antipodes,277,,,NULL,NULL,,,,
Antler Cu&Zn 1480,Antler Cu&Zn 1480,278,,,NULL,NULL,,,5,
ANTP01MV,ANTP01MV,279,Melville,R/V Melville,NULL,NULL,,,7,
ANTP02MV,ANTP02MV,280,Melville,R/V Melville,NULL,NULL,,,7,
ANTP03MV,ANTP03MV,281,Melville,R/V Melville,NULL,NULL,,,7,
ANTP04MV,ANTP04MV,282,Melville,R/V Melville,NULL,NULL,,,7,
ANTP06MV,ANTP06MV,283,Melville,R/V Melville,NULL,NULL,,,7,
ANTP07MV,ANTP07MV,284,Melville,R/V Melville,NULL,NULL,,,7,
ANTP08MV,ANTP08MV,285,Melville,R/V Melville,NULL,NULL,,,7,
ANTP11MV,ANTP11MV,286,Melville,R/V Melville,NULL,NULL,,,7,
ANTP16MV,ANTP16MV,287,Melville,R/V Melville,NULL,NULL,,,7,
ANTXXIII/2,ANTXXIII/2,288,R/V Polastern,R/V Polarstern,1/29/2017,1/29/2017,,,7,
AP,AP,289,Alpine,Alpine,5/15/1962,5/15/1962,,,,
Apache,Apache,290,,,NULL,NULL,,,,
APIRE,APIRE,291,,,1/17/2016,1/21/2016,,,,
AQABA,AQABA,292,,,12/30/2004,12/30/2004,,,,
AR62,AR62,293,R/V Neil Armstrong,R/V Neil Armstrong,11/16/2021,11/21/2021,,,7,
AR64-02,AR64-02,294,R/V Neil Armstrong,R/V Neil Armstrong,2/14/2022,3/3/2022,,,7,
ARCAK,ARCAK,295,,,3/8/2010,3/10/2010,,,,
ARCHEO02/07/09,ARCHEO02/07/09,296,,,7/1/2009,7/1/2009,,,,
Arctic Great Rivers Observatory III,Arctic Great Rivers Observatory III,297,,,2/8/2017,10/21/2019,,,,
Arctic Great Rivers Observatory IV,Arctic Great Rivers Observatory IV,298,,,2/4/2020,6/1/2023,,,,
Arenal Volcano Project,Arenal Volcano Project,299,,,NULL,NULL,,,,
ARES05WT,ARES05WT,300,T. Washington,R/V Thomas Washington,NULL,NULL,,,7,
ARES07WT,ARES07WT,301,T. Washington,R/V Thomas Washington,NULL,NULL,,,7,
Argonne Wetland Complex,Argonne Wetland Complex,302,,,11/6/2019,11/6/2019,,,,
Argonne Wetlands Hydrobiogeochemistry SFA,Argonne Wetlands Hydrobiogeochemistry SFA,303,,,6/23/2019,6/26/2019,,,,
ARIA2,ARIA2,304,,,1/11/1982,3/10/1982,,,,
ARIES Expedition (ARES07WT),ARIES Expedition (ARES07WT),305,Thomas Washington,R/V Thomas Washington,NULL,NULL,,,7,
Aries-V,ARIES-V,306,T. Washington,R/V Thomas Washington,5/10/1971,6/4/1971,,,7,
ARIES-V,ARIES-V,306,Thomas Washington,R/V Thomas Washington,5/13/1971,6/4/1971,,,7,
ARII,ARII,307,Ice Island Arliss II,Ice Island Arliss II,6/23/1962,11/30/1962,,,10,
Arktis II-3 Polar Stern cruise 84 station 332 1000m,Arktis II-3 Polar Stern cruise 84,308,Polar Stern,R/V Polarstern,7/25/1984,7/24/1984,,,7,
Arktis II-3 Polar Stern cruise 84 station 332 600m,Arktis II-3 Polar Stern cruise 84,308,Polar Stern,R/V Polarstern,7/25/1984,7/25/1984,,,7,
Arnett Creek,Arnett Creek,309,,,NULL,NULL,,,,
AROI,AROI,310,,,8/31/2006,8/31/2006,,,,
ART,ART,311,,,1/22/2009,1/22/2009,,,,
Artillery Peak,Artillery Peak,312,,,NULL,NULL,,,,
AS,AS,313,Atlantic Seal,Atlantic Seal,12/31/1965,8/29/1966,,,,
AS1,AS1,314,Atlantic Seal,Atlantic Seal,8/12/1964,11/12/1964,,,,
AS2,AS2,315,Atlantic Seal,Atlantic Seal,6/26/1967,10/1/1967,,,,
AS3,AS3,316,Atlantic Seal,Atlantic Seal,10/28/1967,12/25/1967,,,,
AS4,AS4,317,Atlantic Seal,Atlantic Seal,6/20/1968,8/5/1968,,,,
AS6,AS6,318,Atlantic Seal,Atlantic Seal,2/15/1967,4/26/1967,,,,
AS7,AS7,319,Atlantic Seal,Atlantic Seal,2/12/1967,4/28/1968,,,,
ASARCO Globe,ASARCO Globe,320,,,NULL,NULL,,,,
Ascaro Project 4,Ascaro Project 4,321,,,NULL,NULL,,,,
asdfa,asdfa,322,asdfasdfaas,asdfasdfaas,9/5/2011,9/5/2011,probably bogus,,,
asdfasdf,asdfasdf,323,asdfasdf,asdfasdf,9/25/2011,9/25/2011,probably bogus,,,
ASEA,ASEA,324,,,8/31/2010,8/31/2010,,,,
ASH,ASH,325,,,12/31/2006,7/31/2010,,,,
AST75-10,AST75-10,326,Asterias,Asterias,10/8/1975,10/9/1975,,,,
AST75-9,AST75-9,327,Asterias,Asterias,9/14/1975,9/18/1975,,,,
AST76-7,AST76-7,328,Asterias,Asterias,7/6/1956,7/6/1976,,,,
AT03-10,AT-003-10,329,R/V Atlantis II,Atlantis 1996,10/28/1997,10/28/1997,,,7,
AT03-34,AT-003-34,330,R/V Atlantis II,Atlantis 1996,5/6/1999,5/6/1999,,,7,
R.V. Atlantis A3-36 (1999),AT-003-36,331,,,5/31/1999,5/31/1999,date approximate,,,
AT03-47,AT-003-47,332,R/V Atlantis II,Atlantis 1996,1/26/2000,1/26/2000,,,7,
AT07-04,AT-007-04,333,R/V Atlantis II,Atlantis 1996,11/3/2001,11/3/2001,,,7,
AT07-06,AT-007-06,334,R/V Atlantis II,Atlantis 1996,1/5/2002,1/5/2002,,,7,
AT07-12,AT-007-12,335,R/V Atlantis II,Atlantis 1996,5/11/2002,5/11/2002,,,7,
AT07-13,AT-007-13,336,R/V Atlantis II,Atlantis 1996,5/11/2002,5/11/2002,,,7,
AT07-14,AT-007-14,337,R/V Atlantis II,Atlantis 1996,5/11/2002,5/11/2002,,,7,
AT07-15,AT-007-15,338,R/V Atlantis II,Atlantis 1996,5/11/2002,5/11/2002,,,7,
AT07-16,AT-007-16,339,R/V Atlantis II,Atlantis 1996,5/11/2002,5/11/2002,,,7,
R.V. Atlantis A7-16 (2002),AT-007-16,339,,,5/31/2002,5/31/2002,date approximate,,,
AT07-17,AT-007-17,340,R/V Atlantis II,Atlantis 1996,5/11/2002,5/11/2002,,,7,
AT07-18,AT-007-18,341,R/V Atlantis II,Atlantis 1996,5/11/2002,5/11/2002,,,7,
AT11-07,AT-011-07,342,Atlantis,Atlantis 1996,2/1/2004,2/19/2004,,,7,
AT11-7,AT-011-07,342,Atlantis,Atlantis 1996,2/1/2004,2/19/2004,,,7,
AT11-09,AT-011-09,343,Atlantis,Atlantis 1996,3/19/2004,3/29/2004,,,7,
AT11-10,AT-011-10,344,Atlantis,Atlantis 1996,4/9/2004,4/24/2004,,,7,
AT11-20,AT-011-20,345,Atlantis,Atlantis 1996,11/11/2004,11/23/2004,,,7,
AT11-24,AT-011-24,346,Atlantis,Atlantis 1996,3/21/2005,3/28/2005,,,7,
AT11-26,AT-011-26,347,Atlantis,Atlantis 1996,4/24/2005,5/11/2005,,,7,
AT15-6,AT-015-06,348,Alvin,Alvin,6/26/2006,7/1/2006,,,9,
AT15-06,AT-015-06,348,Atlantis,Atlantis 1996,6/26/2006,7/1/2006,,,7,
AT15-06,AT-015-06,348,R/V Atlantis II,Atlantis 1996,6/15/2006,6/15/2006,,,7,
15-9,AT-015-09,350,Atlantis,Atlantis 1996,8/28/2006,9/9/2006,,,7,
AT15-09,AT-015-09,350,Atlantis,Atlantis 1996,8/26/2006,9/10/2006,,,7,
AT15-12,AT-015-12,351,Atlantis,Atlantis 1996,10/29/2006,11/14/2006,,,7,
AT15-12,AT-015-12,351,R/V Atlantis II,Atlantis 1996,10/15/2006,10/15/2006,,,7,
AT15-13,AT-015-13,352,Alvin,Alvin,11/24/2006,12/2/2006,,,9,
AT15-13,AT-015-13,352,Atlantis,Atlantis 1996,11/24/2006,12/4/2006,,,7,
AT15-14,AT-015-14,354,Alvin,Alvin,1/2/2007,1/3/2007,,,9,
AT15-14,AT-015-14,354,Atlantis,Atlantis 1996,12/13/2006,1/1/2007,,,7,
AT15-14,AT-015-14,354,R/V Atlantis II,Atlantis 1996,12/7/2006,12/7/2006,,,7,
AT15-15,AT-015-15,356,Atlantis,Atlantis 1996,1/13/2007,2/3/2007,,,7,
AT15-16,AT-015-16,357,Atlantis,Atlantis 1996,2/17/2007,3/11/2007,,,7,
AT15-17,AT-015-17,358,Atlantis,Atlantis 1996,3/29/2007,4/20/2007,,,7,
AT15-17,AT-015-17,358,R/V Atlantis II,Atlantis 1996,3/22/2007,3/22/2007,,,7,
AT15-21,AT-015-21,359,Atlantis,Atlantis 1996,8/8/2007,8/15/2007,,,7,
AT15-22,AT-015-22,360,Atlantis,Atlantis 1996,8/16/2007,8/16/2007,,,7,
AT15-23,AT-015-23,361,Atlantis,Atlantis 1996,8/16/2007,8/16/2007,,,7,
AT15-24,AT-015-24,362,Atlantis,Atlantis 1996,8/16/2007,8/16/2007,,,7,
AT15-26,AT-015-26,363,Atlantis,Atlantis 1996,11/16/2007,11/29/2007,,,7,
AT15-27,AT-015-27,364,Atlantis,Atlantis 1996,12/9/2007,12/20/2007,,,7,
AT15-28,AT-015-28,365,Atlantis,Atlantis 1996,12/30/2007,1/13/2008,,,7,
AT15-32,AT-015-32,366,Atlantis,Atlantis 1996,6/6/2008,6/13/2008,,,7,
AT15-34,AT-015-34,367,Atlantis,Atlantis 1996,7/5/2008,7/19/2008,,,7,
AT15-36,AT-015-36,368,Atlantis,Atlantis 1996,8/19/2008,9/5/2008,,,7,
AT15-38,AT-015-38,369,Atlantis,Atlantis 1996,10/27/2008,11/3/2008,,,7,
AT15-47,AT-015-47,370,Atlantis,Atlantis 1996,6/14/2009,6/26/2009,,,7,
AT15-51,AT-015-51,371,Atlantis,Atlantis 1996,8/22/2009,9/2/2009,,,7,
AT15-55,AT-015-55,372,Atlantis,Atlantis 1996,8/22/2009,9/2/2009,,,7,
AT15-63,AT-015-63,373,R/V Atlantis,Atlantis 1996,3/18/2010,4/13/2010,,,7,
AT15-63,AT-015-63,373,TowCam,TowCam,3/18/2010,4/10/2010,,,,
AT15-67,AT-015-67,375,Atlantis,Atlantis 1996,7/8/2006,7/8/2010,,,7,
AT18-08,AT-018-08,376,Atlantis,Atlantis 1996,7/27/2011,7/30/2011,,,7,
AT26-04,AT-026-04,377,Atlantis II,Atlantis 1996,12/4/2013,12/22/2013,,,7,
AT26-19,AT-026-19,378,Atlantis,Atlantis 1996,8/28/2014,9/9/2014,,,7,
AT42-20,AT-042-20,379,R/V Atlantis,Atlantis 1996,,,,,7,
AT49,AT-049,380,R/V Atlantis,Atlantis 1996,6/4/2022,6/13/2022,,,7,
AT050-02,AT-050-02,381,R/V Atlantis,Atlantis 1996,,,,,7,
AT50-09,AT-050-09,382,R/V Atlantis,Atlantis 1996,3/29/2023,4/18/2023,,,7,
AT37-05,AT37-05,383,,,11/10/2012,11/29/2012,,,,
AT37-1,AT37-1,384,,,8/19/2016,8/23/2016,,,,
AT4209,AT4209,385,Atantis,Atlantis 1996?,4/4/2019,4/15/2019,,,7,
AT84,AT84,386,,,10/6/1984,10/7/1984,,,,
ATAC,ATAC,387,,,11/20/1993,12/10/1993,,,,
Atacama Fault System,Atacama Fault System,388,,,NULL,NULL,,,,
A1-1,ATII-001-01,389,Atlantis II,Atlantis II,2/24/1963,3/27/1963,,,7,
AT03-10,ATII-003-10,390,Atlantis,Atlantis II,,,,,7,
A11-2,ATII-011-02,391,Atlantis II,Atlantis II,7/4/1964,7/11/1964,,,7,
Atlantis II 13 stn429 700m,ATII-013 stn429,392,Atlantis II,Atlantis II,9/16/1964,9/16/1964,,,7,
Atlantis II cruise 13 stn429 700m,ATII-013 stn429,392,r/v Atlantis II,Atlantis II,9/16/1964,9/16/1964,,,7,
A13-1,ATII-013-01,393,Atlantis II,Atlantis II,9/18/1964,9/25/1964,,,7,
A15-3,ATII-015-03,394,Atlantis II,Atlantis II,2/12/1965,2/18/1965,,,7,
A15-4,ATII-015-04,395,Atlantis II,Atlantis II,2/22/1965,3/20/1965,,,7,
A15-5,ATII-015-05,396,Atlantis II,Atlantis II,3/20/1965,4/6/1965,,,7,
A15-6,ATII-015-06,397,Atlantis II,Atlantis II,4/14/1965,4/14/1965,,,7,
A15-7,ATII-015-07,398,Atlantis II,Atlantis II,5/4/1965,5/5/1965,,,7,
A15-13,ATII-015-13,399,Atlantis II,Atlantis II,6/10/1965,6/15/1965,,,7,
A15-14,ATII-015-14,400,Atlantis II,Atlantis II,6/15/1965,6/19/1965,,,7,
A15-15,ATII-015-15,401,Atlantis II,Atlantis II,6/27/1965,7/10/1965,,,7,
A20-1,ATII-020-01,402,Atlantis II,Atlantis II,2/15/1966,5/1/1966,,,7,
A20-2,ATII-020-02,403,Atlantis II,Atlantis II,3/7/1966,3/24/1966,,,7,
A20-3,ATII-020-03,404,Atlantis II,Atlantis II,4/18/1966,4/21/1966,,,7,
"Atlantis II, Cruise 24 (AII12)",ATII-024,405,Atlantis II,Atlantis II,1/1/1967,1/1/1967,guess date based on other cruises,,7,
A31-1,ATII-031-01,406,Atlantis II,Atlantis II,4/8/1967,4/28/1967,,,7,
"Atlantis II, Cruise 32 (AII32)",ATII-032,407,Atlantis II,Atlantis II,6/5/1967,7/18/1967,,,7,
Atlantis II cruise 32 stn1115 1500m,ATII-032,407,r/v Atlantis II,Atlantis II,7/17/1967,7/17/1967,,,7,
A32-1,ATII-032-01,408,Atlantis II,Atlantis II,6/5/1967,6/12/1967,,,7,
A32-2,ATII-032-02,409,Atlantis II,Atlantis II,6/12/1967,6/16/1967,,,7,
A032-03,ATII-032-03,410,Atlantis II,Atlantis II,6/22/1972,7/18/1967,guess date based on other nearby,,7,
A32-3,ATII-032-03,410,Atlantis II,Atlantis II,6/22/1972,7/18/1967,guess date based on other nearby,,7,
AII032-03,ATII-032-03,410,R/V Atlantis II,Atlantis II,6/22/1972,7/18/1967,guess date based on other nearby,,7,
AII032-3,ATII-032-03,410,R/V Atlantis II,Atlantis II,6/22/1972,7/18/1967,guess date based on other nearby,,7,
A33-1,ATII-033-01,411,Atlantis II,Atlantis II,7/27/1967,7/27/1967,,,7,
A42-1,ATII-042-01,412,Atlantis II,Atlantis II,6/28/1968,7/23/1968,,,7,
A42-5,ATII-042-05,413,Atlantis II,Atlantis II,6/9/1968,6/10/1968,,,7,
AII 49 stn1488 100m,ATII-049,414,,Atlantis II,5/30/1969,5/30/1969,,,7,
Atlantis II 49 stn1492 3000m,ATII-049,414,Atlantis II,Atlantis II,6/17/1969,6/17/1969,,,7,
Atlantis II cruise 49 Stn 1495 ,ATII-049,414,Atlantis II,Atlantis II,7/3/1969,7/3/1969,,,7,
A49-3,ATII-049-03,415,Atlantis II,Atlantis II,3/20/1969,5/20/1969,,,7,
A49-4,ATII-049-04,416,Atlantis II,Atlantis II,4/13/1969,4/29/1969,,,7,
A54-2,ATII-054-02,417,Atlantis II,Atlantis II,11/1/1969,11/29/1969,,,7,
AII 56 stn1652 700m,ATII-056,418,,Atlantis II,2/25/1970,2/25/1970,,,7,
AII 56 stn1691 300m,ATII-056,418,,Atlantis II,4/3/1970,4/3/1970,,,7,
AII 56 stn1691 50m,ATII-056,418,,Atlantis II,4/3/1970,4/3/1970,,,7,
Atlantis II 56 stn1714 500m,ATII-056,418,Atlantis II,Atlantis II,4/25/1970,4/25/1970,,,7,
AII 59 stn1757 100m,ATII-059,419,,Atlantis II,12/14/1970,12/14/1970,,,7,
AII 59 stn1757 400m,ATII-059,419,,Atlantis II,12/14/1970,12/14/1970,,,7,
AII 59 stn1759 1000m,ATII-059,419,,Atlantis II,11/30/1970,11/30/1970,,,7,
A59-8,ATII-059-08,420,Atlantis II,Atlantis II,12/3/1970,12/6/1970,,,7,
A60-2,ATII-060-02,421,Atlantis II,Atlantis II,2/15/1971,3/2/1971,,,7,
A60-6,ATII-060-06,422,Atlantis II,Atlantis II,6/23/1971,6/26/1971,,,7,
A60-8,ATII-060-08,423,Atlantis II,Atlantis II,8/3/1971,8/13/1971,,,7,
A72-1,ATII-072-01,424,Atlantis II,Atlantis II,10/20/1972,11/3/1972,,,7,
AII073,ATII-073,425,R/V Atlantis II,Atlantis II,11/24/1972,11/25/1972,,,7,
A073-01,ATII-073-01,426,Atlantis II,Atlantis II,11/23/1972,12/8/1972,guess date based on other nearby,,7,
A73-1,ATII-073-01,426,Atlantis II,Atlantis II,11/23/1972,12/8/1972,,,7,
A77-2,ATII-077-02,427,Atlantis II,Atlantis II,8/10/1973,8/27/1973,,,7,
Atlantis II cruise 78 stn1914 150m,ATII-078,428,r/v Atlantis II,Atlantis II,9/6/1973,9/6/1973,Atlantis II cruise 78 stn1914 150m,,7,
Atlantis II cruise 78 stn1915 50m,ATII-078,428,r/v Atlantis II,Atlantis II,9/7/1973,9/7/1973,Atlantis II cruise 78 stn1915 50m,,7,
Atlantis II cruise 78 stn1918 300m,ATII-078,428,r/v Atlantis II,Atlantis II,9/8/1973,9/8/1973,Atlantis II cruise 78 stn1918 300m,,7,
Atlantis II cruise 78 Stn 1919,ATII-078,428,Atlantis II,Atlantis II,9/9/1973,9/9/1973,,,7,
Atlantis II cruise 78 Stn 1928,ATII-078,428,Atlantis II,Atlantis II,9/14/1973,9/14/1973,,,7,
Atlantis II cruise 78 stn1947 100m,ATII-078,428,r/v Atlantis II,Atlantis II,9/24/1973,9/24/1973,Atlantis II cruise 78 stn1947 100m,,7,
Atlantis II cruise 78 Stn 1953,ATII-078,428,Atlantis II,Atlantis II,9/27/1973,9/27/1973,,,7,
Atlantis II cruise 78 Stn 1954,ATII-078,428,Atlantis II,Atlantis II,9/27/1973,9/27/1973,,,7,
Atlantis II cruise 78 Stn 1958,ATII-078,428,Atlantis II,Atlantis II,10/5/1973,10/5/1973,,,7,
Atlantis II cruise 78 Stn 1970,ATII-078,428,Atlantis II,Atlantis II,10/11/1973,10/11/1973,,,7,
Atlantis II 78 stn1974 300m,ATII-078,428,Atlantis II,Atlantis II,10/13/1973,10/13/1973,,,7,
Atlantis II cruise 78 stn1986 120m,ATII-078,428,r/v Atlantis II,Atlantis II,10/25/1973,10/25/1973,Atlantis II cruise 78 stn1986 120m,,7,
Atlantis II cruise 78 stn1986 700m,ATII-078,428,r/v Atlantis II,Atlantis II,10/25/1973,10/25/1973,Atlantis II cruise 78 stn1986 700m,,7,
AII 78 stn1986 150m,ATII-078,428,,Atlantis II,10/25/1973,10/25/1973,,,7,
Atlantis II cruise 78 station 1999,ATII-078,428,Atlantis II,Atlantis II,10/25/1973,10/25/1973,guess date based on other nearby,,7,
A78-2,ATII-078-02,429,Atlantis II,Atlantis II,10/14/1973,10/24/1973,,,7,
AII 82 stn2171 100m,ATII-082,430,,Atlantis II,NULL,NULL,,,7,
AII 82 stn2171 500m,ATII-082,430,,Atlantis II,NULL,NULL,,,7,
AII 85 stnQCW 0m,ATII-085,431,Atlantis II,Atlantis II,9/4/1974,9/4/1974,,,7,
Atlantis II cruise 85 stnQCW 0m,ATII-085,431,r/v Atlantis II,Atlantis II,9/4/1974,9/4/1974,Atlantis II cruise 85 stnQCW 0m,,7,
A85-1,ATII-085-01,432,Atlantis II,Atlantis II,8/27/1974,9/9/1974,,,7,
A85-2,ATII-085-02,433,Atlantis II,Atlantis II,9/19/1974,9/20/1974,,,7,
Atlantis II cruise 86 Stn 2171,ATII-086,434,Atlantis II,Atlantis II,1/16/1975,1/16/1975,,,7,
Atlantis II cruise 86 stn2193 300m,ATII-086,434,r/v Atlantis II,Atlantis II,2/2/1975,2/2/1975,Atlantis II cruise 86 stn2193 300m,,7,
Atlantis II cruise 86 stn2193 4000m,ATII-086,434,r/v Atlantis II,Atlantis II,2/2/1975,2/2/1975,Atlantis II cruise 86 stn2193 4000m,,7,
Atlantis II cruise 86 stn2193 5000m,ATII-086,434,r/v Atlantis II,Atlantis II,2/2/1975,2/2/1975,Atlantis II cruise 86 stn2193 5000m,,7,
Atlantis II cruise 86 stn2193 500m,ATII-086,434,r/v Atlantis II,Atlantis II,2/2/1975,2/2/1975,Atlantis II cruise 86 stn2193 500m,,7,
Atlantis II cruise 86 stn2193 50m,ATII-086,434,r/v Atlantis II,Atlantis II,2/2/1975,2/2/1975,Atlantis II cruise 86 stn2193 50m,,7,
Atlantis II cruise 86 stn2193 700m,ATII-086,434,r/v Atlantis II,Atlantis II,2/2/1975,2/2/1975,Atlantis II cruise 86 stn2193 700m,,7,
AII 86 stn2193 100m,ATII-086,434,,Atlantis II,2/2/1975,2/2/1975,,,7,
AII 86 stn2193 200m,ATII-086,434,,Atlantis II,2/2/1975,2/2/1975,,,7,
AII 86 stn2193 300m,ATII-086,434,,Atlantis II,2/2/1975,2/2/1975,,,7,
AII 86 stn2193 5000m,ATII-086,434,,Atlantis II,2/2/1975,2/2/1975,,,7,
A86-3,ATII-086-03,435,Atlantis II,Atlantis II,3/13/1975,3/18/1975,,,7,
A92-1,ATII-092-01,436,Atlantis II,Atlantis II,9/3/1975,9/9/1975,,,7,
A92-2,ATII-092-02,437,Atlantis II,Atlantis II,9/24/1975,10/5/1975,,,7,
A2092-02,ATII-092-02,437,R/V Atlantis II,Atlantis II,10/4/1975,10/4/1975,,,7,
AII092-02,ATII-092-02,437,R/V Atlantis II,Atlantis II,10/4/1975,10/4/1975,,,7,
Atlantis II 93 stn7 2500m,ATII-093,438,Atlantis II,Atlantis II,4/24/1977,4/24/1977,,,7,
A93-2,ATII-093-02,439,Atlantis II,Atlantis II,11/27/1975,12/13/1975,,,7,
A93-6,ATII-093-06,440,Atlantis II,Atlantis II,3/16/1976,3/29/1976,,,7,
A93-7,ATII-093-07,441,Atlantis II,Atlantis II,4/9/1976,5/1/1976,,,7,
A93-12,ATII-093-12,442,Atlantis II,Atlantis II,9/4/1976,9/22/1976,,,7,
A93-13,ATII-093-13,443,Atlantis II,Atlantis II,10/13/1976,10/13/1976,,,7,
A93-14,ATII-093-14,444,Atlantis II,Atlantis II,11/2/1976,11/19/1976,,,7,
A93-18,ATII-093-18,445,Atlantis II,Atlantis II,3/2/1977,3/19/1977,,,7,
A93-19,ATII-093-19,446,Atlantis II,Atlantis II,3/31/1977,4/12/1977,,,7,
A94-1,ATII-094-01,447,Atlantis II,Atlantis II,6/15/1977,7/10/1977,,,7,
A94-2,ATII-094-02,448,Atlantis II,Atlantis II,7/16/1977,7/24/1977,,,7,
A96-1,ATII-096-01,449,Atlantis II,Atlantis II,9/20/1977,9/20/1977,,,7,
A96-3,ATII-096-03,450,Atlantis II,Atlantis II,11/6/1977,11/23/1977,,,7,
A97-2,ATII-097-02,451,Atlantis II,Atlantis II,2/11/1978,2/19/1978,,,7,
A107-6,ATII-107-06,452,Atlantis II,Atlantis II,3/8/1980,4/1/1980,,,7,
107-7,ATII-107-07,453,Atlantis II,Atlantis II,,,,,7,
A107-7,ATII-107-07,453,Atlantis II,Atlantis II,4/21/1980,5/8/1980,,,7,
A2-107-7,ATII-107-07,453,Atlantis II,Atlantis II,4/21/1980,5/8/1980,,,7,
ATII-107-8,ATII-107-08,454,Atlantis II,Atlantis II,5/22/1979,6/17/1979,,,7,
A107-9,ATII-107-09,455,Atlantis II,Atlantis II,6/27/1980,7/18/1980,,,7,
AII107-7,ATII-107-7,456,R/V Atlantis II,Atlantis II,4/21/1980,5/8/1980,,,7,
A108-1,ATII-108-01,457,Atlantis II,Atlantis II,2/26/1981,4/22/1981,,,7,
A108-4,ATII-108-04,458,Atlantis II,Atlantis II,4/23/1981,5/4/1981,,,7,
A108-5,ATII-108-05,459,Atlantis II,Atlantis II,5/22/1981,5/26/1981,,,7,
ATII-112,ATII-112,460,Atlantis II,Atlantis II,2/6/1984,2/12/1984,,,7,
AII-118,ATII-118,461,R/V Atlantis II,Atlantis II,7/1/1987,7/28/1987,,,7,
A118-14,ATII-118-14,462,R/V Atlantis II,Atlantis II,NULL,NULL,,,7,
A118-16,ATII-118-16,463,R/V Atlantis II,Atlantis II,6/9/1987,6/26/1987,,,7,
A118-18,ATII-118-18,464,ATLANTIS II,Atlantis II,7/28/1987,7/28/1987,,,7,
A118-18,ATII-118-18,464,R/V Atlantis II,Atlantis II,4/30/1987,4/30/1987,,,7,
NULL,ATII-119,465,Atlantis II,Atlantis II,7/10/1988,11/2/1995,Guess cruise number based on date,,7,
ATII120-02,ATII-120-02,466,Atlantis II,Atlantis II,8/25/1989,8/27/1989,,,7,
ATII-120-02,ATII-120-02,466,Atlantis II,Atlantis II,8/23/1989,8/29/1989,,,7,
A123-2,ATII-123-02,467,Atlantis II,Atlantis II,11/1/1989,11/20/1989,,,7,
AT124,ATII-124,468,Atlantis,Atlantis II,12/6/1989,12/18/1989,,,7,
A125-8,ATII-125-08,469,Atlantis II,Atlantis II,6/22/1990,7/3/1990,,,7,
A125-9,ATII-125-09,470,Atlantis II,Atlantis II,7/10/1990,7/10/1990,,,7,
A125-24,ATII-125-24,471,R/V Atlantis II,Atlantis II,3/28/1991,3/28/1991,,,7,
A125-38,ATII-125-38,472,R/V Atlantis II,Atlantis II,2/21/1992,2/21/1992,,,7,
ATII127,ATII-127,473,Atlantis II,Atlantis II,9/5/1992,10/5/1992,,,7,
ATII-127,ATII-127 Alvin,474,Atlantis II - Alvin,Atlantis II,9/8/1992,9/13/1992,,,9,
ATII129,ATII-129,475,Atlantis II,Atlantis II,5/26/1993,5/26/1993,,,7,
A131-08,ATII-131-08,476,R/V Atlantis II,Atlantis II,12/8/1993,12/8/1993,,,7,
A131-09,ATII-131-09,477,R/V Atlantis II,Atlantis II,1/4/1994,1/4/1994,,,7,
A131-09,ATII-131-09,477,,,NULL,NULL,,,,
A131-11,ATII-131-11,4215,R/V Atlantis II,Atlantis II,12/31/1993,12/31/1993,,,7,
A131-11,ATII-131-11,4215,,,NULL,NULL,,,,
A131-12,ATII-131-12,4216,R/V Atlantis II,Atlantis II,4/10/1994,4/10/1994,,,7,
A131-12,ATII-131-12,4216,,,NULL,NULL,,,,
A131-24,ATII-131-24,478,R/V Atlantis II,Atlantis II,10/13/1994,10/13/1994,,,7,
AII-132,ATII-132,479,Alvin,Atlantis II-Alvin,,,,,9,
A132-18,ATII-132-18,480,R/V Atlantis II,Atlantis II,11/11/1995,11/11/1995,,,7,
AT150,ATL-150,481,Atlantis,Atlantis,12/31/1946,9/10/1947,,,7,
AT150,ATL-150,481,R/V Atlantis,Atlantis,12/31/1946,12/31/1946,,,7,
AT152,ATL-152,482,Atlantis,Atlantis,8/11/1948,9/12/1948,,,7,
AT153,ATL-153,483,Atlantis,Atlantis,10/17/1948,12/5/1948,,,7,
AT156,ATL-156,484,Atlantis,Atlantis,12/31/1948,12/31/1948,,,7,
AT157,ATL-157,485,Atlantis,Atlantis,7/31/1949,9/10/1949,,,7,
AT158,ATL-158,486,Atlantis,Atlantis,9/21/1949,9/29/1949,,,7,
AT159,ATL-159,487,Atlantis,Atlantis,12/19/1949,12/19/1949,,,7,
AT160,ATL-160,488,Atlantis,Atlantis,1/19/1950,4/2/1950,,,7,
AT161,ATL-161,489,Atlantis,Atlantis,12/31/1949,12/31/1949,,,7,
AT162,ATL-162,490,Atlantis,Atlantis,5/11/1950,5/17/1950,,,7,
AT164,ATL-164,491,Atlantis,Atlantis,7/8/1950,9/20/1950,,,7,
AT167,ATL-167,492,Atlantis,Atlantis,1/5/1951,1/21/1951,,,7,
AT172,ATL-172,493,Atlantis,Atlantis,12/31/1950,6/4/1951,,,7,
AT173,ATL-173,494,Atlantis,Atlantis,12/31/1950,12/31/1950,,,7,
AT179,ATL-179,495,Atlantis,Atlantis,4/20/1952,5/26/1952,,,7,
AT180,ATL-180,496,Atlantis,Atlantis,7/23/1952,10/2/1952,,,7,
AT181,ATL-181,497,Atlantis,Atlantis,10/17/1952,12/3/1952,,,7,
AT185,ATL-185,498,Atlantis,Atlantis,4/28/1953,6/8/1953,,,7,
ATL240,ATL240,499,Atlantis,Atlantis,11/1/1957,11/8/1957,,,7,
ATL246,ATL246,500,Atlantis,Atlantis,11/1/1958,11/20/1958,,,7,
ATL251,ATL251,501,Atlantis,Atlantis,11/8/1959,11/29/1959,,,7,
ATL254,ATL254,502,Atlantis,Atlantis,2/14/1960,2/22/1960,,,7,
ATL260,ATL260,503,Atlantis,Atlantis,10/11/1960,10/19/1960,,,7,
ATL266,ATL266,504,Atlantis,Atlantis,6/24/1961,7/22/1961,,,7,
ATL280,ATL280,505,Atlantis,Atlantis,6/15/1962,6/20/1962,,,7,
ATL281,ATL281,506,Atlantis,Atlantis,6/27/1962,6/29/1962,,,7,
ATL282,ATL282,507,Atlantis,Atlantis,7/10/1962,8/6/1962,,,7,
ATL296,ATL296,508,Atlantis,Atlantis,8/4/1963,8/10/1963,,,7,
ATL297,ATL297,509,Atlantis,Atlantis,8/17/1963,8/23/1963,,,7,
ATLN,ATLN,510,,,4/15/2010,4/18/2010,,,,
AUGIE3,AUGIE3,511,,,12/30/2006,12/30/2006,,,,
AV,AV,512,,,10/22/2004,10/22/2004,,,,
AXA15/04/13,AXA15/04/13,513,,,4/14/2013,4/14/2013,,,,
AYR,AYR,514,,,4/30/2011,4/30/2011,,,,
AZ Potash,AZ Potash,515,,,NULL,NULL,,,,
AZ1,AZ1,516,,,12/30/1997,12/30/1997,,,,
AZ2,AZ2,517,,,12/30/2005,12/30/2005,,,,
AZ3,AZ3,518,,,12/30/2006,12/30/2006,,,,
AZGS 2021-2022 STATEMAP,AZGS 2021-2022 STATEMAP,519,,,2/1/2021,6/30/2022,,,3,
AZTA,AZTA,520,,,1/17/2014,1/17/2014,,,,
B. Creek,B. Creek,521,,,NULL,NULL,,,,
B12-96,B12-96,522,R/V Bjarni Saemundsson,R/V Bjarni Saemundsson,NULL,NULL,,,7,
B-12-96,B-12-96,523,Bjarni Saemundsson,R/V Bjarni Saemundsson,NULL,NULL,,,7,
BA,BA,524,,,9/4/1991,9/4/1991,,,,
BA81,BA81,525,Bannock,Bannock,9/13/1981,9/24/1981,,,,
BA82,BA82,526,Bannock,Bannock,9/17/1982,9/29/1982,,,,
BA84,BA84,527,Bannock,Bannock,9/6/1984,9/19/1984,,,,
BAD,BAD,528,,,7/17/2012,2/11/2014,,,,
BAF,BAF,529,,,12/30/2005,12/30/2005,,,,
BAF2,BAF2,530,,,7/25/2010,8/1/2010,,,,
BAF3,BAF3,531,,,8/15/2014,8/15/2014,,,,
BAF4,BAF4,532,,,8/20/2015,8/20/2015,,,,
BAF5,BAF5,533,,,4/27/2016,4/27/2016,,,,
Bagdad-Hillside,Bagdad-Hillside,534,,,NULL,NULL,,,,
BAH,BAH,535,,,5/30/2012,6/3/2013,,,,
Bahamas Field 2017,Bahamas Field 2017,536,,N.A.,3/16/2016,7/1/2017,,,3,
Bahamas Field 2019,Bahamas Field 2019,537,,N.A.,7/10/1905,6/19/2019,,,3,
Baie Verte field campaign,Baie Verte field campaign,538,,N.A.,7/15/2015,7/26/2015,,,3,
Bailey Is. Main Coast surface,Bailey Is. Main Coast surface,539,,,5/31/1981,5/31/1981,,,,
BAN86,BAN86,540,Bannock,Bannock,12/31/1985,12/31/1985,,,,
BanglaPIRE,BanglaPIRE,541,,,2/1/2012,2/15/2012,,,,
BAR,BAR,542,,,6/16/2010,6/16/2010,,,,
BARR,BARR,543,,,4/20/2009,4/20/2009,,,,
BAS-2007/08-Z7,BAS-2007/08-Z7,544,,,12/2/2007,2/4/2008,,,,
Basalt,Basalt,545,,,NULL,NULL,,,,
Basaltic Andesite,Basaltic Andesite,546,,,NULL,NULL,,,,
BATHYLUCK09,BATHYLUCK09,547,Pourquoi Pas ?,Pourquoi Pas,9/3/2009,9/23/2009,platform name uncertain,,7,
BATHYLUCK09,BATHYLUCK09,547,Pourquoi Pas ? ,Pourquoi Pas,9/8/2009,9/23/2009,platform name uncertain,,7,
Bay of Islands Ophiolite research,Bay of Islands Ophiolite research,548,,,6/15/2022,6/20/2023,,,8,
BB,BB,549,,,2/22/2011,3/24/2011,,,,
BBCP,BBCP,550,,,7/13/2011,8/2/2011,,,,
BC,BC,551,,,8/7/2015,7/12/2017,,,,
BDL,BDL,552,,,8/6/2012,8/6/2012,,,,
BEAM,BEAM,553,,,8/2/2015,8/3/2015,,,,
Bedrock Critical Zone Network,Bedrock Critical Zone Network,554,,,6/23/2021,7/28/2021,,,,
BEE,BEE,555,,,NULL,NULL,,,,
Belovode 2013,Belovode 2013,556,,,11/6/2013,11/8/2013,,,,
Bendix,Bendix,557,,,NULL,NULL,,,,
BER,BER,558,,,12/30/2008,12/30/2008,,,,
BFN,BFN,559,,,4/30/1990,4/4/1992,,,,
BFW,BFW,560,,,12/30/2006,12/30/2006,,,,
BH00,BH00,561,RV Blue Heron,RV Blue Heron,12/30/2000,12/30/2000,,,7,
BH01,BH01,562,RV Blue Heron,RV Blue Heron,12/30/2001,12/30/2001,,,7,
BH02,BH02,563,RV Blue Heron,RV Blue Heron,12/30/2002,12/30/2002,,,7,
BH03,BH03,564,RV Blue Heron,RV Blue Heron,8/31/2003,8/31/2003,,,7,
BH05,BH05,565,RV Blue Heron,RV Blue Heron,6/9/2005,6/10/2005,,,7,
BH07,BH07,566,RV Blue Heron,RV Blue Heron,7/9/2007,7/9/2007,,,7,
BH08,BH08,567,RV Blue Heron,RV Blue Heron,6/27/2008,6/28/2008,,,7,
BH08I,BH08I,568,RV Blue Heron,RV Blue Heron,7/17/2008,7/17/2008,,,7,
BH09,BH09,569,RV Blue Heron,RV Blue Heron,6/2/2009,10/5/2009,,,7,
BH092,BH092,570,RV Blue Heron,RV Blue Heron,7/17/2009,7/18/2009,,,7,
BH093,BH093,571,RV Blue Heron,RV Blue Heron,9/2/2009,9/5/2009,,,7,
BH09K,BH09K,572,R/V Blue Heron,R/V Blue Heron,NULL,NULL,,,7,
BH09K,BH09K,572,RV Blue Heron,RV Blue Heron,7/18/2009,7/18/2009,,,7,
BH10,BH10,573,RV Blue Heron,RV Blue Heron,6/6/2010,9/21/2010,,,7,
BH10A,BH10A,574,RV Blue Heron,RV Blue Heron,5/28/2010,5/31/2010,,,7,
BH11,BH11,575,RV Blue Heron,RV Blue Heron,4/21/2011,4/21/2011,,,7,
BH11E,BH11E,576,RV Blue Heron,RV Blue Heron,7/18/2011,7/20/2011,,,7,
BH11IR,BH11IR,577,R/V Blue Heron,R/V Blue Heron,NULL,NULL,,,7,
BH11IR,BH11IR,577,RV Blue Heron,RV Blue Heron,8/24/2011,8/24/2011,,,7,
BH12A,BH12A,578,RV Blue Heron,RV Blue Heron,7/23/2012,7/25/2012,,,7,
BH13,BH13,579,RV Blue Heron,RV Blue Heron,10/9/2013,10/9/2013,,,7,
BH13A,BH13A,580,RV Blue Heron,RV Blue Heron,9/12/2013,9/13/2013,,,7,
BH98,BH98,581,RV Blue Heron,RV Blue Heron,12/30/1998,12/30/1998,,,7,
BH99,BH99,582,RV Blue Heron,RV Blue Heron,12/30/1999,12/30/1999,,,7,
BHI,BHI,583,RV Blue Heron,RV Blue Heron,7/9/2009,7/9/2009,,,7,
BHM,BHM,584,,,12/28/2016,12/30/2016,,,,
BHRS,BHRS,585,,,9/17/2013,9/18/2013,,,,
BI91,BI91,586,Block Island,Block Island,3/21/1991,3/21/1991,Block Island or Cape Hatteras listed as platform,,,
BI94,BI94,588,Cape Henlopen,Cape Henlopen,8/3/1994,8/6/1994,,,,
"Big Bend Project, Central North Slope, Colville Foreland Basin: Air-Fall Tephra and Detrital Zircon Uâ€“Pb Geochronology (January 2020)â€”Alaska Division of Geological & Geophysical Surveys",Big Bend Project,589,,,1/1/2020,1/31/2020,"Central North Slope, Colville Foreland Basin: Air-Fall Tephra and Detrital Zircon U/Pb Geochronology (January 2020)   Alaska Division of Geological & Geophysical Surveys",,,
BILL-I-1,BILL-I-1,590,R/V Billie,R/V Billie,12/31/1955,12/31/1955,,,7,
BILL-I-2,BILL-I-2,591,R/V Billie,R/V Billie,9/22/1959,10/13/1959,,,7,
BILL-I-3,BILL-I-3,592,R/V Billie,R/V Billie,3/1/1961,3/1/1961,,,7,
BILL-I-3A,BILL-I-3A,593,R/V Billie,R/V Billie,5/10/1961,5/10/1961,,,7,
BILL-I-4,BILL-I-4,594,R/V Billie,R/V Billie,7/10/1963,7/11/1963,,,7,
Bimodal volcanism 2001,Bimodal volcanism 2001,595,,,9/3/2001,9/5/2001,,,,
BINGO,BINGO,596,RV KRKII,RV KRKII,11/4/2010,11/7/2010,,,7,
Biogeochemistry of Actinides SFA,Biogeochemistry of Actinides SFA,597,,,6/24/2019,12/31/2021,,,,
BIOMAG,BIOMAG,598,,,8/17/2009,8/17/2009,,,,
Biomarqueurs fÃ©caux (Haute-Tarentaise)10/10/12,Biomarqueurs focaux (Haute-Tarentaise),599,,,10/9/2012,10/9/2012,,,,
Biomarqueurs fÃ©caux (Haute-Tarentaise)24/01/13,Biomarqueurs focaux (Haute-Tarentaise),599,,,1/23/2013,1/23/2013,,,,
Biomarqueurs f&#x9d;caux (Haute-Tarentaise)10/10/12,Biomarqueurs focaux (Haute-Tarentaise),599,,,10/9/2012,10/9/2012,Biomarqueurs focaux (Haute-Tarentaise)10/10/12,,,
Biomarqueurs f&#x9d;caux (Haute-Tarentaise)24/01/13,Biomarqueurs focaux (Haute-Tarentaise),599,,,1/23/2013,1/23/2013,Biomarqueurs focaux (Haute-Tarentaise)24/01/13,,,
Biomarqueurs focaux (Haute-Tarentaise)10/10/12,Biomarqueurs focaux (Haute-Tarentaise),599,,,10/9/2012,10/9/2012,Biomarqueurs focaux (Haute-Tarentaise)10/10/12,,,
BIOSED13/05/13,BIOSED13/05/13,600,,,5/12/2013,5/12/2013,,,,
Bird's Head 2014,Bird's Head 2014,601,,,9/21/2013,9/16/2014,,,,
Bird's Head 2015,Bird's Head 2015,602,,,6/26/2015,8/21/2015,,,,
BLACK,BLACK,603,,,6/27/2013,6/27/2013,,,,
BLB14,BLB14,604,,,3/22/2014,1/24/2015,,,,
Bleibeskopf 2017-2018; LOEWE-Project â€žPrehistoric conflict research. Bronze age Hillforts between Taunus and Carpathian Mountainsâ€œ,Bleibeskopf 2017-2018; LOEWE-Project: Prehistoric conflict research,605,,,1/1/2017,12/31/2018,Bronze age Hillforts between Taunus and Carpathian Mountains,,15,
BLM59,BLM59,606,Cape Henlopen,Cape Henlopen,4/21/1981,9/6/1982,,,,
BLW,BLW,607,,,9/19/2016,9/20/2016,,,,
BMRG02MV,BMRG02MV,608,Melville,R/V Melville,NULL,NULL,,,7,
BMRG06,BMRG06,609,Melville,R/V Melville,2/25/1996,4/4/1996,,,7,
BMRG06MV,BMRG06MV,610,Melville,R/V Melville,2/25/1996,4/5/1996,,,7,
BMRG09MV,BMRG09MV,611,Melville,R/V Melville,NULL,NULL,,,7,
BMW,BMW,612,RV KRKII,RV KRKII,9/10/2004,9/13/2004,,,7,
BNTH01MV,BNTH01MV,613,Melville,R/V Melville,NULL,NULL,,,7,
BNTH06MV,BNTH06MV,614,Melville,R/V Melville,NULL,NULL,,,7,
BNTH07MV,BNTH07MV,615,Melville,R/V Melville,NULL,NULL,,,7,
BOB,BOB,616,,,12/30/2003,12/30/2003,,,,
BOB lake,BOB lake,617,,,4/1/2015,4/1/2015,,,,
BOEM-2015,BOEM-2015,618,MV Thunderforce,MV Thunderforce,6/14/2015,9/14/2016,,,,
BOEM-2016,BOEM-2016,619,MV Thunderforce,MV Thunderforce,8/8/2016,9/1/2016,,,,
BOEM-2017,BOEM-2017,620,m/v Samantha Miller,M/V Samantha Miller,7/7/2017,7/26/2017,,,7,
BOEM-2017,BOEM-2017,620,r/v Shearwater,r/v Shearwater,7/31/2017,8/2/2017,,,7,
BOIC2,BOIC2,621,,,6/16/2023,6/20/2023,,,,
BOLLY,BOLLY,622,RV KRKII,RV KRKII,11/14/2010,11/15/2010,,,7,
BONA01BD,BONA01BD,623,Baird,Baird,NULL,NULL,,,,
BONANZA,BONANZA,624,Thomas Washington,R/V Thomas Washington,NULL,NULL,,,7,
BONZ02WT,BONZ02WT,625,T. Washington,R/V Thomas Washington,NULL,NULL,,,7,
Boston area quadrangle mapping,Boston area quadrangle mapping,626,,,NULL,NULL,,,,
Boulder Critical Zone Observatory (CZO),Boulder Critical Zone Observatory (CZO),627,,N.A.,6/13/2016,6/13/2016,,,,
Boyne to Brodgar-Project 2022; rgk2022-15,Boyne to Brodgar-Project 2022,628,,,5/1/2022,5/6/2022,Boyne to Brodgar-Project 2022; rgk2022-15,,,
Boyne to Brodgar-Project 2022; rgk2022-19,Boyne to Brodgar-Project 2022,628,,,5/1/2022,5/6/2022,Boyne to Brodgar-Project 2022; rgk2022-19,,,
BPP,BPP,629,,,10/25/2011,11/1/2011,,,,
BR1,BR1,630,,,12/30/1999,12/30/1999,,,,
BR2,BR2,631,,,12/30/2003,12/30/2003,,,,
BR3,BR3,632,,,12/30/2005,12/30/2005,,,,
BROOKS,BROOKS,633,,,4/25/2013,5/22/2017,,,,
Brown/Lamont/Earthscope,Brown/Lamont/Earthscope,634,,,12/31/2006,5/15/2010,,,,
BRR,BRR,635,,,2/3/2009,2/24/2009,,,,
BRW,BRW,636,,,11/29/2003,11/29/2003,,,,
BS2,BS2,637,,,12/30/2007,12/30/2007,,,,
BTL,BTL,638,Bell Telephone Labs,Bell Telephone Labs,8/13/1963,8/13/1963,,,,
BTL,BTL Earl of Desmond,640,Bell Telephone Labs (Taken on the Earl of Desmond),Bell Telephone Labs,8/11/1963,8/22/1963,,,,
BTL,BTL,638,,,5/18/2016,7/5/2016,,,,
BUGB,BUGB,641,,,6/29/2015,6/29/2015,,,,
Buitrera paleontological expedition 2024,Buitrera paleontological expedition 2024,642,,N.A.,1/11/2024,1/11/2024,,,3,
Burgundy university collection,Burgundy university collection,643,,N.A.,6/5/1984,6/5/1984,,,,
"Burnswark 2015; ""ArchaeoLandscapes Europe""-Project",Burnswark 2015; ArchaeoLandscapes Europe-Project,644,,N.A.,7/23/2015,7/27/2015,,,,
Burnswark 2015; ArchaeoLandscapes Europe-Project,Burnswark 2015; ArchaeoLandscapes Europe-Project,644,,N.A.,7/1/2015,7/2/2015,,,,
BW2,BW2,645,,,12/30/2007,12/30/2007,,,,
BWCA,BWCA,646,,,8/15/2011,8/23/2011,,,,
BYTH,BYTH,647,,,3/15/2009,3/17/2009,,,,
BYTHO,BYTHO,648,,,3/1/2018,3/2/2018,,,,
C08,C08,649,Caryn,Caryn,5/17/1949,5/19/1949,,,,
C10,C10,650,Caryn,Caryn,5/1/2005,5/2/2009,,,,
C1001,C1001,651,NRV Alliance,NRV Alliance,8/4/2007,8/7/2007,,,,
C22,C22,652,Caryn,Caryn,4/30/1951,5/31/1951,,,,
C24,C24,653,Caryn,Caryn,6/30/1951,6/30/1951,,,,
C25,C25,654,Caryn,Caryn,8/9/1951,9/14/1951,,,,
CAB,CAB,655,,,3/9/2012,3/28/2013,,,,
CADISAR 1,CADISAR 1,656,,,8/7/2001,8/7/2001,,,,
CADISAR 2,CADISAR 2,657,,,8/26/2004,8/26/2004,,,,
CADO,CADO,658,,,2/3/2003,3/19/2003,,,,
CAHO,CAHO,659,,,5/16/2011,6/19/2013,,,,
CAL,CAL,660,,,7/8/2010,10/18/2010,,,,
Caledonia 2020,Caledonia 2020,661,,,NULL,NULL,,,,
Caledonia dating,Caledonia dating,662,,,NULL,NULL,,,,
Caledonia project,Caledonia project,663,,,5/31/2022,5/31/2022,,,,
Calhoun Critical Zone Observatory (CZO),Calhoun Critical Zone Observatory (CZO),664,,N.A.,8/14/2014,11/20/2016,,,,
California Seamounts 1998,California Seamounts 1998,665,R/V Western Flyer,R/V Western Flyer,5/21/1998,5/23/1998,,,7,
California Seamounts 2000,California Seamounts 2000,666,R/V Western Flyer,R/V Western Flyer,3/21/2000,5/15/2000,,,7,
California Seamounts 2003,California Seamounts 2003,667,R/V Western Flyer,R/V Western Flyer,10/12/2003,10/16/2003,,,7,
California Seamounts 2004,California Seamounts 2004,668,R/V Western Flyer,R/V Western Flyer,4/28/2004,5/7/2004,,,7,
California Seamounts 2005,California Seamounts 2005,669,R/V Western Flyer,R/V Western Flyer,4/28/2004,4/28/2004,,,7,
California Seamounts 2006,California Seamounts 2006,670,R/V Western Flyer,R/V Western Flyer,5/1/2004,8/5/2006,,,7,
California Seamounts 2007,California Seamounts 2007,671,R/V Western Flyer,R/V Western Flyer,5/1/2004,6/20/2007,,,7,
California Seamounts 2009,California Seamounts 2009,672,R/V Western Flyer,R/V Western Flyer,9/2/2009,9/8/2009,,,7,
California Seamounts 2010,California Seamounts 2010,673,R/V Western Flyer,R/V Western Flyer,8/6/2010,8/10/2010,,,7,
California Seamounts 2011,California Seamounts 2010,673,R/V Western Flyer,R/V Western Flyer,8/10/2010,8/10/2010,fix fill down series error in cruise_field_prgrm,,7,
California Seamounts 2012,California Seamounts 2010,673,R/V Western Flyer,R/V Western Flyer,8/10/2010,8/10/2010,fix fill down series error in cruise_field_prgrm,,7,
California Seamounts 2013,California Seamounts 2010,673,R/V Western Flyer,R/V Western Flyer,8/10/2010,8/10/2010,fix fill down series error in cruise_field_prgrm,,7,
California Seamounts 2014,California Seamounts 2010,673,R/V Western Flyer,R/V Western Flyer,8/10/2010,8/10/2010,fix fill down series error in cruise_field_prgrm,,7,
California Seamounts 2015,California Seamounts 2010,673,R/V Western Flyer,R/V Western Flyer,8/10/2010,8/10/2010,fix fill down series error in cruise_field_prgrm,,7,
California Seamounts 2016,California Seamounts 2010,673,R/V Western Flyer,R/V Western Flyer,8/10/2010,8/10/2010,fix fill down series error in cruise_field_prgrm,,7,
California Seamounts 2017,California Seamounts 2010,673,R/V Western Flyer,R/V Western Flyer,8/10/2010,8/10/2010,fix fill down series error in cruise_field_prgrm,,7,
California Seamounts 2018,California Seamounts 2010,673,R/V Western Flyer,R/V Western Flyer,8/10/2010,8/10/2010,fix fill down series error in cruise_field_prgrm,,7,
California Seamounts 2019,California Seamounts 2010,673,R/V Western Flyer,R/V Western Flyer,8/10/2010,8/10/2010,fix fill down series error in cruise_field_prgrm,,7,
California Seamounts 2020,California Seamounts 2010,673,R/V Western Flyer,R/V Western Flyer,8/10/2010,8/10/2010,fix fill down series error in cruise_field_prgrm,,7,
California Seamounts 2021,California Seamounts 2010,673,R/V Western Flyer,R/V Western Flyer,8/10/2010,8/10/2010,fix fill down series error in cruise_field_prgrm,,7,
California Seamounts 2022,California Seamounts 2010,673,R/V Western Flyer,R/V Western Flyer,8/10/2010,8/10/2010,fix fill down series error in cruise_field_prgrm,,7,
California Seamounts 2023,California Seamounts 2010,673,R/V Western Flyer,R/V Western Flyer,8/10/2010,8/10/2010,fix fill down series error in cruise_field_prgrm,,7,
California Seamounts 2024,California Seamounts 2010,673,R/V Western Flyer,R/V Western Flyer,8/10/2010,8/10/2010,fix fill down series error in cruise_field_prgrm,,7,
California Seamounts 2025,California Seamounts 2010,673,R/V Western Flyer,R/V Western Flyer,8/10/2010,8/10/2010,fix fill down series error in cruise_field_prgrm,,7,
California Seamounts 2026,California Seamounts 2010,673,R/V Western Flyer,R/V Western Flyer,8/10/2010,8/10/2010,fix fill down series error in cruise_field_prgrm,,7,
California Seamounts 2027,California Seamounts 2010,673,R/V Western Flyer,R/V Western Flyer,8/10/2010,8/10/2010,fix fill down series error in cruise_field_prgrm,,7,
California Seamounts 2028,California Seamounts 2010,673,R/V Western Flyer,R/V Western Flyer,8/10/2010,8/10/2010,fix fill down series error in cruise_field_prgrm,,7,
California Seamounts 2029,California Seamounts 2010,673,R/V Western Flyer,R/V Western Flyer,8/10/2010,8/10/2010,fix fill down series error in cruise_field_prgrm,,7,
California Seamounts 2030,California Seamounts 2010,673,R/V Western Flyer,R/V Western Flyer,8/10/2010,8/10/2010,fix fill down series error in cruise_field_prgrm,,7,
California Seamounts 2031,California Seamounts 2010,673,R/V Western Flyer,R/V Western Flyer,8/10/2010,8/10/2010,fix fill down series error in cruise_field_prgrm,,7,
California Seamounts 2032,California Seamounts 2010,673,R/V Western Flyer,R/V Western Flyer,8/10/2010,8/10/2010,fix fill down series error in cruise_field_prgrm,,7,
California Seamounts 2033,California Seamounts 2010,673,R/V Western Flyer,R/V Western Flyer,8/10/2010,8/10/2010,fix fill down series error in cruise_field_prgrm,,7,
California Seamounts 2034,California Seamounts 2010,673,R/V Western Flyer,R/V Western Flyer,8/10/2010,8/10/2010,fix fill down series error in cruise_field_prgrm,,7,
California Seamounts 2035,California Seamounts 2010,673,R/V Western Flyer,R/V Western Flyer,8/11/2010,8/11/2010,fix fill down series error in cruise_field_prgrm,,7,
California Seamounts 2036,California Seamounts 2010,673,R/V Western Flyer,R/V Western Flyer,8/11/2010,8/11/2010,fix fill down series error in cruise_field_prgrm,,7,
California Seamounts 2037,California Seamounts 2010,673,R/V Western Flyer,R/V Western Flyer,8/11/2010,8/11/2010,fix fill down series error in cruise_field_prgrm,,7,
California Seamounts 2038,California Seamounts 2010,673,R/V Western Flyer,R/V Western Flyer,8/11/2010,8/11/2010,fix fill down series error in cruise_field_prgrm,,7,
California Seamounts 2039,California Seamounts 2010,673,R/V Western Flyer,R/V Western Flyer,8/11/2010,8/11/2010,fix fill down series error in cruise_field_prgrm,,7,
California Seamounts 2040,California Seamounts 2010,673,R/V Western Flyer,R/V Western Flyer,8/11/2010,8/11/2010,fix fill down series error in cruise_field_prgrm,,7,
California Seamounts 2041,California Seamounts 2010,673,R/V Western Flyer,R/V Western Flyer,8/11/2010,8/11/2010,fix fill down series error in cruise_field_prgrm,,7,
California Seamounts 2042,California Seamounts 2010,673,R/V Western Flyer,R/V Western Flyer,8/11/2010,8/11/2010,fix fill down series error in cruise_field_prgrm,,7,
California Seamounts 2043,California Seamounts 2010,673,R/V Western Flyer,R/V Western Flyer,8/11/2010,8/11/2010,fix fill down series error in cruise_field_prgrm,,7,
California Seamounts 2044,California Seamounts 2010,673,R/V Western Flyer,R/V Western Flyer,8/11/2010,8/11/2010,fix fill down series error in cruise_field_prgrm,,7,
California Seamounts 2045,California Seamounts 2010,673,R/V Western Flyer,R/V Western Flyer,8/11/2010,8/11/2010,fix fill down series error in cruise_field_prgrm,,7,
California Seamounts 2046,California Seamounts 2010,673,R/V Western Flyer,R/V Western Flyer,8/11/2010,8/11/2010,fix fill down series error in cruise_field_prgrm,,7,
California Seamounts 2047,California Seamounts 2010,673,R/V Western Flyer,R/V Western Flyer,8/11/2010,8/11/2010,fix fill down series error in cruise_field_prgrm,,7,
California Seamounts 2048,California Seamounts 2010,673,R/V Western Flyer,R/V Western Flyer,8/11/2010,8/11/2010,fix fill down series error in cruise_field_prgrm,,7,
California Seamounts 2049,California Seamounts 2010,673,R/V Western Flyer,R/V Western Flyer,8/11/2010,8/11/2010,fix fill down series error in cruise_field_prgrm,,7,
California Seamounts 2050,California Seamounts 2010,673,R/V Western Flyer,R/V Western Flyer,8/11/2010,8/11/2010,fix fill down series error in cruise_field_prgrm,,7,
California Seamounts 2051,California Seamounts 2010,673,R/V Western Flyer,R/V Western Flyer,8/11/2010,8/11/2010,fix fill down series error in cruise_field_prgrm,,7,
California Seamounts 2052,California Seamounts 2010,673,R/V Western Flyer,R/V Western Flyer,8/11/2010,8/11/2010,fix fill down series error in cruise_field_prgrm,,7,
California Seamounts 2053,California Seamounts 2010,673,R/V Western Flyer,R/V Western Flyer,8/11/2010,8/11/2010,fix fill down series error in cruise_field_prgrm,,7,
California Seamounts 2054,California Seamounts 2010,673,R/V Western Flyer,R/V Western Flyer,8/11/2010,8/11/2010,fix fill down series error in cruise_field_prgrm,,7,
California Seamounts 2055,California Seamounts 2010,673,R/V Western Flyer,R/V Western Flyer,8/11/2010,8/11/2010,fix fill down series error in cruise_field_prgrm,,7,
California Seamounts 2056,California Seamounts 2010,673,R/V Western Flyer,R/V Western Flyer,8/11/2010,8/11/2010,fix fill down series error in cruise_field_prgrm,,7,
California Seamounts 2057,California Seamounts 2010,673,R/V Western Flyer,R/V Western Flyer,8/12/2010,8/12/2010,fix fill down series error in cruise_field_prgrm,,7,
California Seamounts 2058,California Seamounts 2010,673,R/V Western Flyer,R/V Western Flyer,8/12/2010,8/12/2010,fix fill down series error in cruise_field_prgrm,,7,
California Seamounts 2059,California Seamounts 2010,673,R/V Western Flyer,R/V Western Flyer,8/12/2010,8/12/2010,fix fill down series error in cruise_field_prgrm,,7,
California Seamounts 2060,California Seamounts 2010,673,R/V Western Flyer,R/V Western Flyer,8/12/2010,8/12/2010,fix fill down series error in cruise_field_prgrm,,7,
California Seamounts 2061,California Seamounts 2010,673,R/V Western Flyer,R/V Western Flyer,8/12/2010,8/12/2010,fix fill down series error in cruise_field_prgrm,,7,
California Seamounts 2062,California Seamounts 2010,673,R/V Western Flyer,R/V Western Flyer,8/12/2010,8/12/2010,fix fill down series error in cruise_field_prgrm,,7,
California Seamounts 2063,California Seamounts 2010,673,R/V Western Flyer,R/V Western Flyer,8/12/2010,8/12/2010,fix fill down series error in cruise_field_prgrm,,7,
California Seamounts 2064,California Seamounts 2010,673,R/V Western Flyer,R/V Western Flyer,8/12/2010,8/12/2010,fix fill down series error in cruise_field_prgrm,,7,
California Seamounts 2065,California Seamounts 2010,673,R/V Western Flyer,R/V Western Flyer,8/12/2010,8/12/2010,fix fill down series error in cruise_field_prgrm,,7,
California Seamounts 2066,California Seamounts 2010,673,R/V Western Flyer,R/V Western Flyer,8/12/2010,8/12/2010,fix fill down series error in cruise_field_prgrm,,7,
California Seamounts 2067,California Seamounts 2010,673,R/V Western Flyer,R/V Western Flyer,8/12/2010,8/12/2010,fix fill down series error in cruise_field_prgrm,,7,
California Seamounts 2068,California Seamounts 2010,673,R/V Western Flyer,R/V Western Flyer,8/12/2010,8/12/2010,fix fill down series error in cruise_field_prgrm,,7,
California Seamounts 2069,California Seamounts 2010,673,R/V Western Flyer,R/V Western Flyer,8/12/2010,8/12/2010,fix fill down series error in cruise_field_prgrm,,7,
California Seamounts 2070,California Seamounts 2010,673,R/V Western Flyer,R/V Western Flyer,8/12/2010,8/12/2010,fix fill down series error in cruise_field_prgrm,,7,
California Seamounts 2071,California Seamounts 2010,673,R/V Western Flyer,R/V Western Flyer,8/12/2010,8/12/2010,fix fill down series error in cruise_field_prgrm,,7,
California Seamounts 2072,California Seamounts 2010,673,R/V Western Flyer,R/V Western Flyer,8/12/2010,8/12/2010,fix fill down series error in cruise_field_prgrm,,7,
California Seamounts 2073,California Seamounts 2010,673,R/V Western Flyer,R/V Western Flyer,8/12/2010,8/12/2010,fix fill down series error in cruise_field_prgrm,,7,
California Seamounts 2074,California Seamounts 2010,673,R/V Western Flyer,R/V Western Flyer,8/12/2010,8/12/2010,fix fill down series error in cruise_field_prgrm,,7,
California Seamounts 2075,California Seamounts 2010,673,R/V Western Flyer,R/V Western Flyer,8/12/2010,8/12/2010,fix fill down series error in cruise_field_prgrm,,7,
California Seamounts 2076,California Seamounts 2010,673,R/V Western Flyer,R/V Western Flyer,8/12/2010,8/12/2010,fix fill down series error in cruise_field_prgrm,,7,
California Seamounts 2077,California Seamounts 2010,673,R/V Western Flyer,R/V Western Flyer,8/12/2010,8/12/2010,fix fill down series error in cruise_field_prgrm,,7,
California Seamounts 2078,California Seamounts 2010,673,R/V Western Flyer,R/V Western Flyer,8/12/2010,8/12/2010,fix fill down series error in cruise_field_prgrm,,7,
California Seamounts 2079,California Seamounts 2010,673,R/V Western Flyer,R/V Western Flyer,8/12/2010,8/12/2010,fix fill down series error in cruise_field_prgrm,,7,
California Seamounts 2080,California Seamounts 2010,673,R/V Western Flyer,R/V Western Flyer,8/12/2010,8/12/2010,fix fill down series error in cruise_field_prgrm,,7,
California Seamounts 2081,California Seamounts 2010,673,R/V Western Flyer,R/V Western Flyer,8/12/2010,8/12/2010,fix fill down series error in cruise_field_prgrm,,7,
California Seamounts 2082,California Seamounts 2010,673,R/V Western Flyer,R/V Western Flyer,8/12/2010,8/12/2010,fix fill down series error in cruise_field_prgrm,,7,
California Seamounts 2083,California Seamounts 2010,673,R/V Western Flyer,R/V Western Flyer,8/12/2010,8/12/2010,fix fill down series error in cruise_field_prgrm,,7,
California Seamounts 2084,California Seamounts 2010,673,R/V Western Flyer,R/V Western Flyer,8/12/2010,8/12/2010,fix fill down series error in cruise_field_prgrm,,7,
California Seamounts 2085,California Seamounts 2010,673,R/V Western Flyer,R/V Western Flyer,8/12/2010,8/12/2010,fix fill down series error in cruise_field_prgrm,,7,
California Seamounts 2086,California Seamounts 2010,673,R/V Western Flyer,R/V Western Flyer,8/12/2010,8/12/2010,fix fill down series error in cruise_field_prgrm,,7,
California Seamounts 2087,California Seamounts 2010,673,R/V Western Flyer,R/V Western Flyer,8/12/2010,8/12/2010,fix fill down series error in cruise_field_prgrm,,7,
California Seamounts 2088,California Seamounts 2010,673,R/V Western Flyer,R/V Western Flyer,8/12/2010,8/12/2010,fix fill down series error in cruise_field_prgrm,,7,
California Seamounts 2089,California Seamounts 2010,673,R/V Western Flyer,R/V Western Flyer,8/12/2010,8/12/2010,fix fill down series error in cruise_field_prgrm,,7,
California Seamounts 2090,California Seamounts 2010,673,R/V Western Flyer,R/V Western Flyer,8/12/2010,8/12/2010,fix fill down series error in cruise_field_prgrm,,7,
California Seamounts 2091,California Seamounts 2010,673,R/V Western Flyer,R/V Western Flyer,8/12/2010,8/12/2010,fix fill down series error in cruise_field_prgrm,,7,
California Seamounts 2092,California Seamounts 2010,673,R/V Western Flyer,R/V Western Flyer,8/12/2010,8/12/2010,fix fill down series error in cruise_field_prgrm,,7,
California Seamounts 2093,California Seamounts 2010,673,R/V Western Flyer,R/V Western Flyer,8/12/2010,8/12/2010,fix fill down series error in cruise_field_prgrm,,7,
California Seamounts 2094,California Seamounts 2010,673,R/V Western Flyer,R/V Western Flyer,8/12/2010,8/12/2010,fix fill down series error in cruise_field_prgrm,,7,
California Seamounts 2095,California Seamounts 2010,673,R/V Western Flyer,R/V Western Flyer,8/12/2010,8/12/2010,fix fill down series error in cruise_field_prgrm,,7,
California Seamounts 2096,California Seamounts 2010,673,R/V Western Flyer,R/V Western Flyer,8/12/2010,8/12/2010,fix fill down series error in cruise_field_prgrm,,7,
Calkins and Thayer Traverse of the Sutro Tunnel,Calkins and Thayer Traverse of the Sutro Tunnel,674,,,1/1/1935,1/1/1935,,,,
Campaign In Italy - 22-09-2013,Campaign In Italy - 22-09-2013,675,,,6/21/2013,6/21/2013,,,,
Campaign In Italy - 22-09-2014,Campaign In Italy - 22-09-2014,676,,,6/21/2013,6/21/2013,,,,
Campaign In Italy - 22-09-2015,Campaign In Italy - 22-09-2015,677,,,6/21/2013,6/21/2013,,,,
CAN13,CAN13,678,,,7/23/2013,7/25/2013,,,,
CAN17,CAN17,679,,,6/2/2017,6/9/2017,,,,
CAN18,CAN18,680,,,5/7/2018,6/11/2018,,,,
CAN19,CAN19,681,,,6/3/2019,6/10/2019,,,,
CANAL,CANAL,682,,,7/24/2014,7/24/2014,,,,
CAPA,CAPA,683,,,12/30/1991,12/30/1991,,,,
Cape Newagen Maine coast surface,Cape Newagen Maine coast surface,684,,,5/31/1981,5/31/1981,,,,
Cape Roberts Project,Cape Roberts Project,685,,,NULL,NULL,,,,
Cape Roberts Project-1,Cape Roberts Project,685,,,10/16/1997,10/16/1997,,,,
CAR,CAR,686,,,12/30/2008,12/30/2008,,,,
CARAMBAR,CARAMBAR,687,,,10/29/2010,10/29/2010,,,,
CARAMBAR 1.5,CARAMBAR 1.5,688,,,11/6/2014,11/6/2014,,,,
CARAMBAR2,CARAMBAR2,689,,,11/29/2016,11/29/2016,,,,
CARL,CARL,690,,,1/24/2011,1/16/2017,,,,
CARLACIAO 04/07/11,CARLACIAO 04/07/11,691,,,7/3/2011,7/3/2011,,,,
"carottage des lacs de Maddalena, Oronaye et Lauzanier","carottage des lacs de Maddalena, Oronaye et Lauzanier",692,,,9/27/2015,9/27/2015,,,,
Carottage du lac d&apos;Arvoin,Carottage du lac d'Arvoin,693,,,6/16/2015,6/16/2015,,,,
Carottage fond de lac Sud-est,Carottage fond de lac Sud-est,694,,,10/26/2014,10/26/2014,,,,
Carottage Lac Benit,Carottage Lac Benit,695,,,9/24/2014,9/24/2014,,,,
Carottage Lac de Gers,Carottage Lac de Gers,696,,,3/9/2015,3/9/2015,,,,
Carottage Lac KRN - Slovenie,Carottage Lac KRN - Slovenie 2015,697,,,7/21/2015,7/21/2015,,,,
Carottage Lac KRN - Slovenie2015,Carottage Lac KRN - Slovenie 2015,697,,,7/21/2015,7/21/2015,,,,
Carottage Spatial Crue Mai 2015,Carottage Spatial Crue Mai 2015,698,,,5/19/2015,5/19/2015,,,,
CARR02BD,CARR02BD,699,Baird,Baird,NULL,NULL,,,,
Carter Oil Company,Carter Oil Company,700,,unknown,NULL,NULL,,,6,
CASE 19,CASE 19,701,,,NULL,NULL,,,,
CASE13,CASE13,702,,,9/5/2011,9/18/2011,,,,
Castle Copper,Castle Copper,703,,,NULL,NULL,,,,
Catalina-Jemez Critical Zone Observatory (CZO),Catalina-Jemez Critical Zone Observatory (CZO),704,,N.A.,6/2/1931,9/24/2019,,,,
"CCMI & DoE (Ouellette project, 2016)","CCMI and DoE (Ouellette project, 2016)",705,,,7/17/2016,7/17/2016,,,,
CCMI/DoE project (Ouellette 2016),"CCMI and DoE (Ouellette project, 2016)",705,,,7/17/2016,7/17/2016,,,,
CCSG,CCSG,706,,,NULL,NULL,,,,
CCSM,CCSM,707,,,10/12/2013,10/12/2013,,,,
CCTW01MV,CCTW01MV,708,Melville,R/V Melville,NULL,NULL,,,7,
CCTW03MV,CCTW03MV,709,Melville,R/V Melville,NULL,NULL,,,7,
CCTW04MV,CCTW04MV,710,Melville,R/V Melville,NULL,NULL,,,7,
CCTW04MV,CCTW04MV,710,R/V Melville,R/V Melville,11/25/1974,12/4/1974,,,7,
CD01,CD01,711,Can-Do,Can-Do,6/6/2001,6/6/2001,,,,
CD02,CD02,712,Can-Do,Can-Do,5/28/2002,6/2/2002,,,,
CDV,CDV,713,,,5/9/2010,5/9/2010,,,,
CEGA: Liquine-Ofqui Fault System,CEGA: Liquine-Ofqui Fault System,714,,,NULL,NULL,,,,
CELOT,CELOT,715,,,7/3/2008,7/15/2008,,,,
CEME,CEME,716,,,7/21/2013,7/15/2014,,,,
Cenderawasih Bay 2013,Cenderawasih Bay 2013,717,,,5/12/2013,5/14/2013,,,,
Cenozoic Investigations of the western Ross Sea 1 (CIROS-1),Cenozoic Investigations of the western Ross Sea 1 (CIROS-1),718,,,6/21/1987,7/31/1999,,,,
Cenozoic Investigations of the western Ross Sea 2 (CIROS-2),Cenozoic Investigations of the western Ross Sea 2 (CIROS-2),719,,,10/7/1987,10/6/1996,,,,
CENT01WT,CENT01WT,720,T. Washington,R/V Thomas Washington,NULL,NULL,,,7,
Central_America:Carr_2002,Central_America:Carr_2002,721,NotApplicable,N.A.,NULL,NULL,,,,
Central_America:Walker,Central_America:Walker,725,NotApplicable,N.A.,8/26/2004,8/28/2004,,,,
CentralAmerica:Fischer,Central_America:Fischer,722,NotApplicable,N.A.,NULL,NULL,,,,
CentralAmerica:Marshall,Central_America:Marshall,723,Not Applicable,N.A.,3/2/2010,5/31/2010,,,,
CentralAmerica:Marshall,Central_America:Marshall,723,NotApplicable,N.A.,3/2/2010,5/31/2010,,,,
CentralAmerica:NicLakes,Central_America:NicLakes,724,"Mozorola, Morrito #2","Mozorola, Morrito #2",5/24/2006,6/1/2006,,,,
CERE03WT,CERE03WT,726,T. Washington,R/V Thomas Washington,NULL,NULL,,,7,
CERE04WT,CERE04WT,727,T. Washington,R/V Thomas Washington,NULL,NULL,,,7,
CES,CES,728,,,7/9/2006,7/11/2006,,,,
CFPPB01 analysis,CFPPB01 analysis,729,,,12/12/2023,12/12/2023,,,,
CHAIN7-1,Chain cruise 07-01,738,Chain,R/V Chain,5/9/1959,5/9/1959,,,7,
CH077,CH077,730,R/V Jean Charcot,R/V Jean Charcot,10/28/1977,10/28/1977,,,7,
CH078,CH078,731,R/V Jean Charcot,R/V Jean Charcot,10/26/1977,10/26/1977,,,7,
CH0798,CH0798,732,Cape Hatteras,Cape Hatteras,5/26/1998,5/26/1998,,,,
CH098,CH098,733,R/V Jean Charcot,R/V Jean Charcot,10/24/1979,10/26/1979,,,7,
CH2M,CH2M,734,,,3/19/2009,12/30/2009,,,,
CH77,CH77,735,Jean Charcot,Jean Charcot,NULL,NULL,,,,
CH78-2,CH78-2,736,Jean Charcot,Jean Charcot,NULL,NULL,,,,
CH98 (MAPCO),CH98 (MAPCO),737,Jean Charcot,Jean Charcot,NULL,NULL,,,,
CHAIN7-3,Chain cruise 07-03,739,Chain,R/V Chain,5/23/1959,5/31/1959,,,7,
CHAIN7-4,Chain cruise 07-04,740,Chain,R/V Chain,6/4/1959,6/16/1959,,,7,
CHAIN7-7,Chain cruise 07-07,741,Chain,R/V Chain,7/10/1959,7/10/1959,,,7,
CHAIN7-9,Chain cruise 07-09,743,Chain,R/V Chain,7/24/1959,8/4/1959,,,7,
CHAIN7-8,Chain cruise 07-08,742,Chain,R/V Chain,7/31/1959,7/31/1959,,,7,
CHAIN9-6,Chain cruise 09-06,744,Chain,R/V Chain,10/17/1959,10/17/1959,,,7,
CHAIN9-7,Chain cruise 09-07,745,Chain,R/V Chain,10/20/1959,10/20/1959,,,7,
CHAIN11-1,Chain cruise 11-01,757,Chain,R/V Chain,2/12/1960,3/19/1960,,,7,
CHAIN11-3,Chain cruise 11-03,758,Chain,R/V Chain,2/21/1960,2/21/1960,,,7,
CHAIN11-4,Chain cruise 11-04,759,Chain,R/V Chain,3/6/1960,3/6/1960,,,7,
CHAIN13-1,Chain cruise 13-01,769,Chain,R/V Chain,7/9/1960,8/30/1960,,,7,
CHAIN13-2,Chain cruise 13-02,770,Chain,R/V Chain,7/20/1960,7/24/1960,,,7,
CHAIN13-7,Chain cruise 13-07,771,Chain,R/V Chain,9/24/1960,9/24/1960,,,7,
CHAIN17-1,Chain cruise 17-01,772,Chain,R/V Chain,4/27/1961,5/3/1961,,,7,
CHAIN19-1,Chain cruise 19-01,773,Chain,R/V Chain,6/17/1961,7/1/1961,,,7,
CHAIN21-1,Chain cruise 21-01,775,Chain,R/V Chain,8/17/1961,12/8/1961,,,7,
CHAIN34-1,Chain cruise 34-01,776,Chain,R/V Chain,12/2/1962,12/3/1962,,,7,
CHAIN35-2,Chain cruise 35-02,779,Chain,R/V Chain,3/4/1963,3/18/1963,,,7,
CHAIN35-3,Chain cruise 35-03,780,Chain,R/V Chain,3/31/1963,3/31/1963,,,7,
CHAIN35-1,Chain cruise 35-01,778,Chain,R/V Chain,4/13/1963,4/15/1963,,,7,
CHAIN 35 stn575 1000m,Chain cruise 35,777,CHAIN,R/V Chain,4/25/1963,4/25/1963,,,7,
CHAIN36-1,Chain cruise 36-01,781,Chain,R/V Chain,6/19/1963,7/7/1963,,,7,
CHAIN39-2,Chain cruise 39-02,782,Chain,R/V Chain,9/5/1963,9/18/1963,,,7,
CHAIN41-1,Chain cruise 41-01,783,Chain,R/V Chain,12/4/1963,12/11/1963,,,7,
CHAIN43-1,Chain cruise 43-01,785,Chain,R/V Chain,3/24/1964,8/11/1964,,,7,
CH43,Chain cruise 43,784,Chain,R/V Chain,6/23/1964,6/25/1964,,,7,
CHAIN043,Chain cruise 43,784,Chain,R/V Chain,6/23/1964,6/25/1964,guess date based on other cruises,,7,
CH043,Chain cruise 43-01,785,R/V Chain,R/V Chain,8/7/1964,8/7/1964,associate with chain 43-01 based on dates,,7,
CHAIN 44 stn622 500m,Chain cruise 44,786,,R/V Chain,10/6/1964,10/6/1964,,,7,
r/v Chain cruise 44 station 622,Chain cruise 44,786,r/v Chain,R/V Chain,10/6/1964,10/6/1964,,,7,
CHAIN44-1,Chain cruise 44-01,787,Chain,R/V Chain,10/13/1964,11/2/1964,,,7,
CHAIN46-1,Chain cruise 46-01,788,Chain,R/V Chain,2/21/1965,4/6/1965,,,7,
CHAIN47-1,Chain cruise 47-01,789,Chain,R/V Chain,4/22/1965,5/4/1965,,,7,
CH21,Chain cruise 21,774,Chain,R/V Chain,8/1/1961,8/1/1961,change date from 1965 to 1961 to fit R/V Chain chronology,,7,
CHAIN52-1,Chain cruise 52-01,790,Chain,R/V Chain,9/26/1965,10/2/1965,,,7,
CHAIN53-1,Chain cruise 53-01,791,Chain,R/V Chain,10/19/1965,10/20/1965,,,7,
CH61,Chain cruise 61,794,Chain,R/V Chain,12/31/1965,7/1/1970,,,7,
CHAIN57-1,Chain cruise 57-01,792,Chain,R/V Chain,3/13/1966,4/10/1966,,,7,
CHAIN58-1,Chain cruise 58-01,793,Chain,R/V Chain,4/30/1966,4/30/1966,,,7,
CHAIN61-2,Chain cruise 61-02,795,Chain,R/V Chain,8/7/1966,8/16/1966,,,7,
CHAIN61-3,Chain cruise 61-03,796,Chain,R/V Chain,8/26/1966,9/11/1966,,,7,
CHAIN61-4,Chain cruise 61-04,797,Chain,R/V Chain,9/16/1966,10/3/1966,,,7,
CHAIN61-5,Chain cruise 61-05,798,Chain,R/V Chain,10/16/1966,10/16/1966,,,7,
CHAIN61-6,Chain cruise 61-06,799,Chain,R/V Chain,10/17/1966,10/25/1966,,,7,
CHAIN61-7,Chain cruise 61-07,800,Chain,R/V Chain,10/29/1966,11/9/1966,,,7,
CHAIN61-10,Chain cruise 61-10,801,Chain,R/V Chain,12/5/1966,12/10/1966,,,7,
CHAIN75-1,Chain cruise 75-01,802,Chain,R/V Chain,10/22/1967,10/29/1967,,,7,
CHAIN75-2,Chain cruise 75-02,803,Chain,R/V Chain,11/4/1967,11/29/1967,,,7,
CHAIN75-3,Chain cruise 75-03,804,Chain,R/V Chain,12/10/1967,12/11/1967,,,7,
CHAIN82-6,Chain cruise 82-06,805,Chain,R/V Chain,7/27/1968,8/10/1968,,,7,
CHAIN82-7,Chain cruise 82-07,806,Chain,R/V Chain,8/15/1968,8/30/1968,,,7,
CHAIN82-8,Chain cruise 82-08,807,Chain,R/V Chain,8/30/1968,9/7/1968,,,7,
CHAIN96-4,Chain cruise 96-04,808,Chain,R/V Chain,11/5/1969,12/2/1969,,,7,
CHAIN96-5,Chain cruise 96-05,809,Chain,R/V Chain,12/8/1969,12/9/1969,,,7,
CHAIN99-2,Chain cruise 99-02,810,Chain,R/V Chain,4/22/1970,5/1/1970,,,7,
CHAIN99-3,Chain cruise 99-03,811,Chain,R/V Chain,5/13/1970,6/5/1970,,,7,
CHAIN99-4,Chain cruise 99-04,812,Chain,R/V Chain,6/12/1970,6/18/1970,,,7,
CHAIN99-8,Chain cruise 99-08,813,Chain,R/V Chain,11/24/1970,12/12/1970,,,7,
CHAIN100-3,Chain cruise 100-03,746,Chain,R/V Chain,3/1/1971,3/22/1971,,,7,
CHAIN100-4,Chain cruise 100-04,747,Chain,R/V Chain,3/31/1971,4/19/1971,,,7,
CHAIN100-5,Chain cruise 100-05,748,Chain,R/V Chain,4/26/1971,5/8/1971,,,7,
CHAIN100-6,Chain cruise 100-06,749,Chain,R/V Chain,5/30/1971,5/30/1971,,,7,
CHAIN100-7,Chain cruise 100-07,750,Chain,R/V Chain,7/10/1971,7/11/1971,,,7,
CHAIN100-8,Chain cruise 100-08,751,Chain,R/V Chain,7/22/1971,7/30/1971,,,7,
CHAIN100-9,Chain cruise 100-09,752,Chain,R/V Chain,8/4/1971,8/23/1971,,,7,
CHAIN100-10,Chain cruise 100-10,753,Chain,R/V Chain,9/9/1971,9/17/1971,,,7,
CHAIN100-11,Chain cruise 100-11,754,Chain,R/V Chain,10/19/1971,10/24/1971,,,7,
Chain cruise 105 stn1283 500m,Chain cruise 105,755,r/v Chain,R/V Chain,6/24/1972,6/24/1972,,,7,
CHAIN 105 Stn 1283,Chain cruise 105,755,CHAIN,R/V Chain,6/24/1972,6/24/1972,,,7,
Chain cruise 105 stn1285 1000m,Chain cruise 105,755,r/v Chain,R/V Chain,7/3/1972,7/3/1972,,,7,
CHAIN 105 Stn 1285,Chain cruise 105,755,CHAIN,R/V Chain,7/3/1972,7/3/1972,,,7,
Chain cruise 105 stn1287 5300m,Chain cruise 105,755,r/v Chain,R/V Chain,7/9/1972,7/9/1972,,,7,
Chain cruise 105 stn1288 500m,Chain cruise 105,755,r/v Chain,R/V Chain,7/14/1972,7/14/1972,,,7,
CHAIN105-2,Chain cruise 105-02,756,Chain,R/V Chain,7/25/1972,7/28/1972,,,7,
Chain cruise 105 stn1292 0m,Chain cruise 105,755,r/v Chain,R/V Chain,8/4/1972,8/4/1972,,,7,
r/v Chain cruise 105 stn1294 700m,Chain cruise 105,755,Chain,R/V Chain,8/7/1972,8/7/1972,,,7,
CHAIN115-1,Chain cruise 115-01,760,Chain,R/V Chain,11/20/1973,12/7/1973,,,7,
CHAIN115-2,Chain cruise 115-02,761,Chain,R/V Chain,12/28/1973,1/4/1974,,,7,
CHAIN115-4,Chain cruise 115-04,762,Chain,R/V Chain,2/16/1974,3/8/1974,,,7,
CHAIN115-5,Chain cruise 115-05,763,Chain,R/V Chain,3/24/1974,4/15/1974,,,7,
CHAIN115-6,Chain cruise 115-06,764,Chain,R/V Chain,4/23/1974,5/10/1974,,,7,
CHAIN115-7,Chain cruise 115-07,765,Chain,R/V Chain,5/23/1974,5/27/1974,,,7,
CHAIN115-8,Chain cruise 115-08,766,Chain,R/V Chain,6/2/1974,6/16/1974,,,7,
CHAIN119-2,Chain cruise 119-02,767,Chain,R/V Chain,3/21/1975,4/10/1975,,,7,
Chain cruise 121 Stn 1360,Chain cruise 121,768,Chain,R/V Chain,5/9/1975,5/15/1975,,,7,
CHALCO,CHALCO,814,,,3/27/2008,7/11/2011,,,,
CHAMAK,CHAMAK,815,,,9/21/2004,9/21/2004,,,,
Changbaishan 2014 Workshop,Changbaishan 2014 Workshop,816,,,NULL,NULL,Changbaishan 2014 Workshop,,,
Changbaishan Workshop 2014,Changbaishan 2014 Workshop,816,,,NULL,NULL,Changbaishan Workshop 2014,,,
Changbaishan International Workshop 2015,Changbaishan International Workshop 2015,817,,,NULL,NULL,,,,
CHD,CHD,818,,,4/29/2014,4/29/2014,,,,
CHEAP,CHEAP,819,,,7/16/2013,7/16/2013,,,,
CHEP01NH,CHEP01NH,820,New Horizon,New Horizon,4/6/1985,4/9/1985,,,,
CHEPR,CHEPR,821,R/V New Horizon,R/V New Horizon,NULL,NULL,,,7,
CHI,CHI,822,,,12/30/2006,12/30/2006,,,,
CHILE,CHILE,823,,,12/30/1998,12/30/1998,,,,
CHIME,CHIME,824,,,8/15/2009,6/30/2012,,,,
CHINOOK,CHINOOK,825,Spencer F. Baird,Spencer F. Baird,7/9/1956,8/7/1956,,,,
CHIP,CHIP,826,,,6/5/2006,6/5/2006,,,,
CHIP2,CHIP2,827,,,12/30/2007,12/30/2007,,,,
Christina Critical Zone Observatory (CZO),Christina Critical Zone Observatory (CZO),828,,N.A.,7/18/2016,7/18/2016,,,,
Christmas Project 1419,Christmas Project 1419,829,,,NULL,NULL,,,,
CHUB,CHUB,830,,,10/25/2012,10/25/2012,,,,
CHUN,CHUN,831,RV KRKII,RV KRKII,12/30/2003,12/30/2003,,,7,
CI79,CI79,832,Columbus Iselin,Columbus Iselin,9/20/1979,9/21/1979,,,,
CIMAR (Cruceros de Investigacion Marina) Fiordos 7 expedition,CIMAR (Cruceros de Investigacion Marina) Fiordos 7 expedition,833,,,11/21/2001,11/21/2001,,,,
CINET,CINET,834,,,5/8/2021,11/8/2021,,,,
CIP,CIP,835,,,7/14/2008,7/8/2009,,,,
CIRC01AR,CIRC01AR,836,Argo,Argo,NULL,NULL,,,,
CIRC02AR,CIRC02AR,837,Argo,Argo,NULL,NULL,,,,
CIRC03AR,CIRC03AR,838,Argo,Argo,NULL,NULL,,,,
CIRC04AR,CIRC04AR,839,Argo,Argo,NULL,NULL,,,,
CIRC05AR,CIRC05AR,840,Argo,Argo,NULL,NULL,,,,
CIRC06AR,CIRC06AR,841,Argo,Argo,NULL,NULL,,,,
CIRC07AR,CIRC07AR,842,Argo,Argo,NULL,NULL,,,,
CIRC08AR,CIRC08AR,843,Argo,Argo,NULL,NULL,,,,
CIRC09AR,CIRC09AR,844,Argo,Argo,NULL,NULL,,,,
CIRC10AR,CIRC10AR,845,Argo,Argo,NULL,NULL,,,,
CIRC11AR,CIRC11AR,846,Argo,Argo,NULL,NULL,,,,
Circe,Circe,847,Argo,Argo,8/13/1968,9/21/1968,,,,
CIRCE,Circe,847,Argo,Argo,NULL,NULL,,,,
CIROS,CIROS,848,,,10/9/1984,10/14/1986,,,,
CISALB07/06/12,CISALB07/06/12,849,,,6/6/2012,6/6/2012,,,,
Citronelle EOR,Citronelle EOR,850,,,12/31/2006,8/1/2007,,,,
Citronelle Oil Field,Citronelle Oil Field,851,,unknown,12/31/1954,12/31/2005,,,6,
CLAC,CLAC,852,,,3/6/2008,3/7/2008,,,,
CLDFT,CLDFT,853,,,1/22/2011,1/22/2011,,,,
CLDP,CLDP,854,,,4/26/2012,5/1/2012,,,,
CLFLWD,CLFLWD,855,,,2/24/2016,2/24/2016,,,,
CLGC,CLGC,856,,,1/29/2010,3/30/2010,,,,
CLNS,CLNS,857,,,1/30/2009,1/30/2009,,,,
CLO1,CLO1,858,,,7/24/2004,7/25/2004,,,,
CLO2,CLO2,859,,,12/30/2006,12/30/2006,,,,
CLW,CLW,860,,,2/6/2004,2/6/2004,,,,
CLW2,CLW2,861,,,2/2/2007,2/2/2007,,,,
CLW3,CLW3,862,,,9/20/2007,9/20/2007,,,,
CLW4,CLW4,863,,,2/8/2008,2/8/2008,,,,
CLW5,CLW5,864,,,1/29/2010,1/29/2010,,,,
CNV,CNV,865,,,9/17/2014,9/18/2014,,,,
CO intraplate magmatism,CO intraplate magmatism,866,,,7/6/2022,8/9/2022,,,,
Cobequid Mapping Project (2009-2019),Cobequid Mapping Project (2009-2019),867,,,NULL,NULL,,,,
COCOS,COCOS,868,Unknown,Unknown,NULL,NULL,,,,
COCOTOW,COCOTOW,869,Melville,R/V Melville,9/16/1974,12/4/1974,,,7,
COL,COL,870,,,8/31/2013,8/31/2013,,,,
COLO,COLO,871,,,12/30/2005,12/30/2005,,,,
Colville foreland basin,Colville foreland basin,872,,,6/19/2021,6/19/2021,,,,
COMO,COMO,873,,,9/15/2017,9/15/2017,,,,
COMPASS Task 1.3,COMPASS Task 1.3,874,,,2/9/2020,2/9/2021,,,,
COMRAC-08,COMRAC-08,875,,,NULL,NULL,,,,
COMRAC-09,COMRAC-09,876,,,NULL,NULL,,,,
COMRAC-10,COMRAC-10,877,,,NULL,NULL,,,,
COMRAC-11,COMRAC-11,878,,,NULL,NULL,,,,
Cook Inlet basin analysis,Cook Inlet basin analysis,879,,,6/30/2008,6/30/2010,,,,
COOK06MV,COOK06MV,880,Melville,R/V Melville,2/23/2001,2/28/2001,,,7,
COOK07MV,COOK07MV,881,Melville,R/V Melville,3/23/2001,4/11/2001,,,7,
COOL,COOL,882,RV Mark Griffith,RV Mark Griffith,6/30/2007,6/30/2007,,,7,
COOL,COOL,882,,,12/30/2006,7/3/2007,,,,
Copper Creek,Copper Creek,883,,,NULL,NULL,,,5,
Copper Giant,Copper Giant,884,,,NULL,NULL,,,5,
Copper Hill,Copper Hill,885,,,3/31/2020,3/31/2020,,,5,
COR,COR,886, RV Minnow,R/V Minnow,5/31/2016,8/22/2016,,,7,
CORSICA24/06/13,CORSICA24/06/13,887,,,6/23/2013,6/23/2013,,,,
Cortez,Cortez,888,,,11/4/2023,11/21/2023,,,,
CORTI,CORTI,889,R/V Urania,R/V Urania,12/29/2017,12/29/2017,,,7,
COSC related fieldwork,COSC related fieldwork,890,,N.A.,8/2/2010,8/6/2010,,,3,
Costa Rica,Costa Rica,891,,,NULL,NULL,,,,
Costa Rican Volcanic Explosion Project,Costa Rican Volcanic Explosion Project,892,,,NULL,NULL,,,,
Courtland Gleeson,Courtland Gleeson,893,,,NULL,NULL,,,,
CPCP,CPCP,894,,,11/23/2013,12/6/2013,,,,
CPIRE,CPIRE,895,,,1/29/2016,2/3/2016,,,,
CPRI01,CPRI01,896,,,7/25/1963,8/15/1963,,,,
C-PROFOR project,C-PROFOR project,897,,,1/25/2012,7/18/2012,,,,
CR001,CR001,898,,,NULL,NULL,,,,
CR002,CR002,899,,,5/16/2016,5/18/2016,,,,
CRA,CRA,900,,,12/30/2001,12/30/2001,,,,
CRAD,CRAD,901,RV KRKII,RV KRKII,6/3/2007,6/8/2007,,,7,
CRAD,CRAD,901,,,6/3/2007,6/5/2007,,,,
CRAD2,CRAD2,902,,,6/18/2009,6/30/2009,,,,
CRADLE,CRADLE,903,,,3/4/2012,3/1/2013,,,,
Cretaceous Basement Rock Project,Cretaceous Basement Rock Project,904,,,NULL,NULL,,,,
CRGN01WT,CRGN01WT,905,T. Washington,R/V Thomas Washington,NULL,NULL,,,7,
CRGN02WT,CRGN02WT,906,T. Washington,R/V Thomas Washington,NULL,NULL,,,7,
CRGN03WT,CRGN03WT,907,T. Washington,R/V Thomas Washington,NULL,NULL,,,7,
Critical Zone Observatory,Critical Zone Observatory,908,,,6/27/2011,8/10/2011,,,,
CRLS,CRLS,909,,,6/6/2011,6/7/2011,,,,
CRNR,CRNR,910,,,12/30/2004,12/30/2004,,,,
CRNR02NH,CRNR02NH,911,New Horizon,New Horizon,NULL,NULL,,,,
CRV,CRV,979,,,6/24/2010,7/14/2010,,,,
CRWD,CRWD,980,,,2/6/2017,2/19/2017,,,,
CRWG1,CRWG1,981,,,1/31/1992,12/30/2002,,,,
CRWG2,CRWG2,982,,,2/27/2001,12/30/2004,,,,
CSDP-1,CSDP-1,983,,,9/30/2013,9/30/2013,,,,
Cuyune Earth MRI,Cuyune Earth MRI,984,,,9/24/2023,9/29/2023,,,,
CWLA,CWLA,985,,,12/30/2004,12/30/2004,,,,
CYC,CYC,986,,,1/20/2012,1/20/2012,,,,
CZNet GeoMicro Cluster,CZNet GeoMicro Cluster,987,,,6/5/2022,10/28/2023,,,,
CZNet GeoMicroÂ Cluster,CZNet GeoMicro Cluster,987,,,9/19/2021,10/29/2023,,,,
dacite,dacite,988,,,NULL,NULL,,,,
DANA01RR,DANA01RR,989,Roger Revelle,R/V Roger Revelle,10/8/2003,10/9/2003,,,7,
DANA02RR,DANA02RR,991,Roger Revelle,R/V Roger Revelle,10/19/2003,11/5/2003,,,7,
DANA07RR,DANA07RR,992,Roger Revelle,R/V Roger Revelle,3/25/2004,3/25/2004,,,7,
DANA08RR,DANA08RR,993,Roger Revelle,R/V Roger Revelle,4/24/2004,5/11/2004,,,7,
DAPH,DAPH,994,RV Happy,RV Happy,10/7/2009,7/13/2010,,,7,
DAPH2,DAPH2,995,RV Happy,RV Happy,7/6/2011,7/12/2011,,,7,
DBA,DBA,996,,,NULL,NULL,,,,
DC14,DC14,997,,,12/31/2013,12/31/2013,,,,
DCH,DCH,998,,,11/4/2016,11/19/2016,,,,
DCSI,DCSI,999,RV Happy,RV Happy,7/31/2015,7/26/2017,,,7,
DCSI,DCSI,999,,,7/26/2017,7/26/2017,,,,
DDH,DDH,1000,,,NULL,NULL,,,,
DE87-04,DE87-04,1001,Delaware,Delaware,6/16/1989,6/16/1989,,,,
DEAN,DEAN,1002,,,2/8/1989,12/30/1989,,,,
DEANS,DEANS,1003,,,5/1/2014,5/1/2014,,,,
Death Valley Jan 2017,Death Valley Jan 2017,1004,,,1/30/2017,1/30/2017,,,3,
December 2016 field work,December 2016 field work,1005,,N.A.,12/18/2016,12/18/2016,,,3,
DECLAKES FP29 ESF EuroCLIMATE (http://declakes.von-grafenstein.com/)06/10/10,DECLAKES FP29 ESF EuroCLIMATE,1006,,,10/5/2010,10/5/2010,DECLAKES FP29 ESF EuroCLIMATE (http://declakes.von-grafenstein.com/)06/10/10,http://declakes.von-grafenstein.com/,,
DECLAKES FP29 ESF EuroCLIMATE (http://declakes.von-grafenstein.com/)27/06/05,DECLAKES FP29 ESF EuroCLIMATE,1006,,,6/26/2005,6/26/2005,DECLAKES FP29 ESF EuroCLIMATE (http://declakes.von-grafenstein.com/)27/06/05,http://declakes.von-grafenstein.com/,,
"Deep Cores in Ewa Plain, summer 1965","Deep Cores in Ewa Plain, summer 1965",1007,,,12/31/1964,12/31/1964,,,1,
DF79,Deep Freeze 1979,1008,USCGC Glacier,USCGC Glacier,12/31/1978,12/31/1978,,,,
Deep Freeze 79,Deep Freeze 1979,1008,,USCGC Glacier,6/29/1979,9/17/2004,Deep Freeze 79,,,
DF79,Deep Freeze 1979,1008,,,12/31/1978,6/29/2014,,,,
Deep Freeze 1980,Deep Freeze 1980 Glacier,1011,USCGC Glacier,USCGC Glacier,12/31/1979,12/31/1979,,,,
Deep Freeze 80,Deep Freeze 1980 Glacier,1011,USCGC Glacier,USCGC Glacier,5/25/2015,5/25/2015,Deep Freeze 80; start and end dates changed to align with other deep freeze campaigns,,,
DF80,Deep Freeze 1980 Glacier,1011,USCGC Glacier,USCGC Glacier,12/31/1979,12/31/1979,,,,
DF80,Deep Freeze 1980 Eltanin,1010,USNS Eltanin,USNS Eltanin,12/31/1979,12/31/1979,,,,
Deep Freeze 1980,Deep Freeze 1980,1009,,USCGC Glacier,7/20/1980,5/18/2003,,,,
DF80,Deep Freeze 1980,1009,,,12/31/1979,12/31/1979,,,,
DF81,Deep Freeze 1981,1012,USCGC Glacier,USCGC Glacier,12/31/1980,12/31/1980,,,,
Deep Freeze 1981,Deep Freeze 1981,1012,,USCGC Glacier,10/13/1981,11/12/1994,,,,
DF81,Deep Freeze 1981,1012,,,12/31/1980,12/31/1980,,,,
Deep Freeze 1982,Deep Freeze 1982,1013,USCGC Glacier,USCGC Glacier,12/31/1981,12/31/1981,,,,
DF82,Deep Freeze 1982,1013,USCGC Glacier,USCGC Glacier,12/31/1981,12/31/1981,,,,
Deep Freeze 1982,Deep Freeze 1982,1013,,USCGC Glacier,6/26/2014,6/26/2014,,,,
DF82,Deep Freeze 1982,1013,,,12/31/1981,12/31/1981,,,,
DF83,Deep Freeze 1983,1014,USCGC Glacier,USCGC Glacier,12/31/1982,12/31/1982,,,,
DF83,Deep Freeze 1983,1014,,,12/31/1982,12/31/1982,,,,
DF83-II,Deep Freeze 1983-II,1015,USCGC Glacier,USCGC Glacier,12/31/1982,12/31/1982,,,,
DF83-II,Deep Freeze 1983-II,1015,,,12/31/1982,12/31/1982,,,,
DF83-III,Deep Freeze 1983-III,1016,USCGC Glacier,USCGC Glacier,12/31/1982,12/31/1982,,,,
DF83-III,Deep Freeze 1983-III,1016,,,12/31/1982,12/31/1982,,,,
DF85,Deep Freeze 1985,1017,USCGC Glacier,USCGC Glacier,12/31/1984,1/7/1985,,,,
DF85,Deep Freeze 1985,1017,,,12/31/1984,12/7/2004,,,,
DF86,Deep Freeze 1986,1018,USCGC Glacier,USCGC Glacier,12/31/1985,12/31/1985,,,,
DF86,Deep Freeze 1986,1018,,,12/31/1985,12/31/1985,,,,
DF87,Deep Freeze 1987,1019,USCGC Glacier,USCGC Glacier,12/31/1986,9/17/2002,,,,
DF87,Deep Freeze 1987,1019,,,12/31/1986,12/31/1986,,,,
(DSDP) Deep Sea Drilling Project,Deep Sea Drilling Project  Glomar,1020,Glomar Challenger,Glomar Challenger,NULL,NULL,,,2,
Deep Sea Drilling Project,Deep Sea Drilling Project  Glomar,1020,Glomar Challenger,Glomar Challenger,NULL,NULL,,,2,
Deep Sea Drilling Project (DSDP),Deep Sea Drilling Project  Glomar,1020,Glomar Challenger,Glomar Challenger,NULL,NULL,,,2,
,Deep Sea Drilling Project  Glomar,1020,Glomar Challenger,Glomar Challenger,NULL,NULL,,,2,
Deep Sea Drilling Project,Deep Sea Drilling Project Oceanographer,1021,Oceanographer,Oceanographer,NULL,NULL,,,,
Denali Field Work 2021,Denali Field Work 2021,1022,,N.A.,7/16/2021,7/16/2021,,,3,
Denali Field Work 2022,Denali Field Work 2022,1023,,N.A.,6/19/2022,7/11/2022,,,3,
Deux Alpes_ Lac du Plan,Deux Alpes_ Lac du Plan,1024,,,1/30/2014,1/30/2014,,,,
Devil's Canyon,Devil's Canyon,1025,,,NULL,NULL,,,,
DEVPRAYAG FIELD,DEVPRAYAG FIELD WORK,1026,,N.A.,8/11/2018,1/14/2019,,,3,
DEVPRAYAG FIELD WORK,DEVPRAYAG FIELD WORK,1026,,N.A.,12/7/2018,12/21/2019,,,3,
Devprayag Time-series,Devprayag Time-series,1027,,,10/2/2019,10/14/2019,,,,
DF62-01,DF62-01,1028,USCGC Burton Island,USCGC Burton Island,12/31/1961,1/1/1962,,,,
DFG Priority Program TiP (SPP-1372),DFG Priority Program TiP (SPP-1372),1029,,,9/5/2009,6/23/2012,,,,
DFG-Project Schm 397/6-3,DFG-Project Schm 397/6-3,1030,,,NULL,NULL,,,,
DISCOVERER,DISCOVERER,1031,Discoverer,Discoverer,6/4/1983,6/14/1983,,,,
DivBen10/10/11,DIVBen,1032,,,10/9/2011,10/9/2011,DivBen10/10/11,,,
DIVBen12/12/11,DIVBen,1032,,,12/11/2011,12/11/2011,DIVBen12/12/11,,,
DIVBen18/07/12,DIVBen,1032,,,7/17/2012,7/17/2012,DIVBen18/07/12,,,
DIVben27/06/12,DIVBen,1032,,,6/26/2012,6/26/2012,DIVben27/06/12,,,
DivBen29/02/12,DIVBen,1032,,,2/28/2012,2/28/2012,DivBen29/02/12,,,
DJIB,DJIB,1033,,,1/14/2012,1/15/2012,,,,
DLDS,DLDS,1034,,,3/23/2010,3/23/2010,,,,
DNA,DNA,1035,,,8/4/2017,8/16/2017,,,,
Dodo,Dodo,1036,Argo,Argo,7/7/1964,10/22/1964,,,,
DODO,Dodo,1036,Argo,Argo,NULL,NULL,,,,
DODO02AR,DODO02AR,1037,Argo,Argo,NULL,NULL,,,,
DODO04AR,DODO04AR,1038,Argo,Argo,NULL,NULL,,,,
DODO06AR,DODO06AR,1039,Argo,Argo,NULL,NULL,,,,
DODO08AR,DODO08AR,1040,Argo,Argo,NULL,NULL,,,,
DODO09AR,DODO09AR,1041,Argo,Argo,NULL,NULL,,,,
Donore Hill and Boyne 2022; From Boyne to Brodgar-Project,From Boyne to Brodgar-Project; Donore Hill and Boyne 2022,1434,,,5/3/2022,5/8/2022,,,,
DOSECC Federal 2-26,DOSECC Federal 2-26,1042,,,NULL,NULL,,,,
Dowth 2016; From Boyne to Brodgar-Project,From Boyne to Brodgar-Project; Dowth 2016,1435,,,6/22/2016,5/27/2019,,,,
Dowth 2018; From Boyne to Brodgar-Project,From Boyne to Brodgar-Project; Dowth 2018,1436,,,9/24/2018,9/24/2018,,,,
DPB1,DPB1,1044,D.Pritchard,D.Pritchard,10/12/2003,10/12/2003,,,,
DPMOH,DPMOH,1052,D.Pritchard,D.Pritchard,10/16/2003,10/17/2003,,,,
DPB9,DPB9,1050,D.Pritchard,D.Pritchard,10/18/2003,10/18/2003,,,,
DPHUD,DPHUD,1051,D.Pritchard,D.Pritchard,10/18/2003,10/18/2003,,,,
DPB5,DPB5,1047,D.Pritchard,D.Pritchard,10/19/2003,10/19/2003,,,,
DPB6,DPB6,1048,D.Pritchard,D.Pritchard,10/19/2003,10/19/2003,,,,
DPB7,DPB7,1049,D.Pritchard,D.Pritchard,10/19/2003,10/19/2003,,,,
DPA2,DPA2,1043,D.Pritchard,D.Pritchard,10/20/2003,10/20/2003,,,,
DPB4,DPB4,1046,D.Pritchard,D.Pritchard,10/20/2003,10/20/2003,,,,
DPB2-06,DPB2-06,1045,D.Pritchard,D.Pritchard,5/9/2006,5/10/2006,,,,
DR,DR,1053,,,1/14/2012,1/22/2012,,,,
DRFT04,DRFT04,1054,,,12/31/2003,12/31/2003,,,,
Drilling program,Drilling program,1055,,,1/16/2022,1/16/2022,,,,
Dry Valley Drilling Project,Dry Valley Drilling Project,1056,Land Drill,Land Drill,NULL,NULL,,,11,
Dry Valley Drilling Project,Dry Valley Drilling Project,1056,,,12/31/1972,12/31/1972,,,,
41,DS041 fix,1058,,,12/30/2001,12/30/2001,"there are 15 samples with this cruise name; 7 are from a lake in Montana, rest are from Galapagos spreading center.",,-9999,
DS041,DS041,1057,USNS De Steiguer,USNS DeSteiguer,,,,,,
DSA,DSA,1059,Drift Station Alpha,Drift Station Alpha,8/8/1957,6/11/1958,,,10,
DSC59,DSC59,1060,Drift Station Charlie,Drift Station Charlie,7/20/1959,12/25/1959,,,10,
DSC59,DSC59,1060,Ice Island Charlie,Ice Island Charlie,11/29/1959,12/11/1959,,,10,
DSDP Leg 1,DSDP Leg 01,1061,Glomar Challenger,Glomar Challenger,NULL,NULL,,,2,
DSDP Leg 2,DSDP Leg 02,1062,Glomar Challenger,Glomar Challenger,NULL,NULL,,,2,
DSDP Leg 3,DSDP Leg 03,1063,Glomar Challenger,Glomar Challenger,NULL,NULL,,,2,
DSDP Leg 4,DSDP Leg 04,1064,Glomar Challenger,Glomar Challenger,NULL,NULL,,,2,
DSDP Leg 5,DSDP Leg 05,1065,Glomar Challenger,Glomar Challenger,NULL,NULL,,,2,
DSDP Leg 6,DSDP Leg 06,1066,,Glomar Challenger,NULL,NULL,,,,
DSDP Leg 6,DSDP Leg 06,1066,Glomar Challenger,Glomar Challenger,NULL,NULL,,,2,
DSDP Leg 7,DSDP Leg 07,1067,Glomar Challenger,Glomar Challenger,NULL,NULL,,,2,
DSDP Leg 8,DSDP Leg 08,1068,Glomar Challenger,Glomar Challenger,NULL,NULL,,,2,
DSDP Leg 9,DSDP Leg 09,1069,Glomar Challenger,Glomar Challenger,NULL,NULL,,,2,
DSDP Leg 9,DSDP Leg 09 Site 84,1070,Site 84,Glomar Challenger,NULL,NULL,,,,
DSDP Leg 10,DSDP Leg 10,1071,Glomar Challenger,Glomar Challenger,NULL,NULL,,,2,
DSDP Leg 11,DSDP Leg 11,1072,Glomar Challenger,Glomar Challenger,NULL,NULL,,,2,
DSDP Leg 12,DSDP Leg 12,1073,Glomar Challenger,Glomar Challenger,NULL,NULL,,,2,
DSDP Leg 13,DSDP Leg 13,1074,Glomar Challenger,Glomar Challenger,NULL,NULL,,,2,
DSDP Leg 14,DSDP Leg 14,1075,Glomar Challenger,Glomar Challenger,NULL,NULL,,,2,
DSDP Leg 15,DSDP Leg 15,1076,Glomar Challenger,Glomar Challenger,NULL,NULL,,,2,
DSDP Leg 16,DSDP Leg 16,1077,Glomar Challenger,Glomar Challenger,NULL,NULL,,,2,
DSDP Leg 17,DSDP Leg 17,1078,Glomar Challenger,Glomar Challenger,NULL,NULL,,,2,
DSDP Leg 18,DSDP Leg 18,1079,Glomar Challenger,Glomar Challenger,NULL,NULL,,,2,
DSDP Leg 19,DSDP Leg 19,1080,Glomar Challenger,Glomar Challenger,NULL,NULL,,,2,
DSDP Leg 20,DSDP Leg 20,1081,Glomar Challenger,Glomar Challenger,NULL,NULL,,,2,
DSDP Leg 21,DSDP Leg 21,1082,Glomar Challenger,Glomar Challenger,10/31/1971,10/31/1971,,,2,
DSDP Leg 22,DSDP Leg 22,1083,Glomar Challenger,Glomar Challenger,NULL,NULL,,,2,
DSDP Leg 23,DSDP Leg 23,1084,Glomar Challenger,Glomar Challenger,NULL,NULL,,,2,
DSDP Leg 24,DSDP Leg 24,1085,Glomar Challenger,Glomar Challenger,NULL,NULL,,,2,
DSDP Leg 25,DSDP Leg 25,1086,Glomar Challenger,Glomar Challenger,NULL,NULL,,,2,
DSDP Leg 26,DSDP Leg 26,1087,Glomar Challenger,Glomar Challenger,NULL,NULL,,,2,
DSDP Leg 27,DSDP Leg 27,1088,Glomar Challenger,Glomar Challenger,NULL,NULL,,,2,
DSDP Leg 28,DSDP Leg 28,1089,Glomar Challenger,Glomar Challenger,NULL,NULL,,,2,
DSDP Leg 29,DSDP Leg 29,1090,Glomar Challenger,Glomar Challenger,NULL,NULL,,,2,
DSDP Leg 30,DSDP Leg 30,1091,Glomar Challenger,Glomar Challenger,3/31/1973,3/31/1973,,,2,
DSDP Leg 31,DSDP Leg 31,1092,Glomar Challenger,Glomar Challenger,NULL,NULL,,,2,
DSDP Leg 32,DSDP Leg 32,1093,Glomar Challenger,Glomar Challenger,NULL,NULL,,,2,
DSDP Leg 33,DSDP Leg 33,1094,Glomar Challenger,Glomar Challenger,NULL,NULL,,,2,
DSDP Leg 34,DSDP Leg 34,1095,Glomar Challenger,Glomar Challenger,NULL,NULL,,,2,
DSDP Leg 35,DSDP Leg 35,1096,Glomar Challenger,Glomar Challenger,NULL,NULL,,,2,
DSDP Leg 36,DSDP Leg 36,1097,Glomar Challenger,Glomar Challenger,NULL,NULL,,,2,
DSDP Leg 37,DSDP Leg 37,1098,Glomar Challenger,Glomar Challenger,NULL,NULL,,,2,
DSDP Leg 38,DSDP Leg 38,1099,Glomar Challenger,Glomar Challenger,NULL,NULL,,,2,
DSDP Leg 39,DSDP Leg 39,1100,Glomar Challenger,Glomar Challenger,NULL,NULL,,,2,
DSDP Leg 40,DSDP Leg 40,1101,Glomar Challenger,Glomar Challenger,NULL,NULL,,,2,
DSDP Leg 41,DSDP Leg 41,1102,Glomar Challenger,Glomar Challenger,NULL,NULL,,,2,
DSDP Leg 42,DSDP Leg 42,1103,Glomar Challenger,Glomar Challenger,NULL,NULL,,,2,
DSDP Leg 43,DSDP Leg 43,1104,Glomar Challenger,Glomar Challenger,NULL,NULL,,,2,
DSDP Leg 44,DSDP Leg 44,1105,Glomar Challenger,Glomar Challenger,NULL,NULL,,,2,
DSDP Leg 45,DSDP Leg 45,1106,Glomar Challenger,Glomar Challenger,NULL,NULL,,,2,
DSDP Leg 46,DSDP Leg 46,1107,Glomar Challenger,Glomar Challenger,NULL,NULL,,,2,
DSDP Leg 47,DSDP Leg 47,1108,Glomar Challenger,Glomar Challenger,NULL,NULL,,,2,
DSDP Leg 48,DSDP Leg 48,1109,Glomar Challenger,Glomar Challenger,NULL,NULL,,,2,
DSDP Leg 49,DSDP Leg 49,1110,Glomar Challenger,Glomar Challenger,NULL,NULL,,,2,
DSDP Leg 50,DSDP Leg 50,1111,Glomar Challenger,Glomar Challenger,NULL,NULL,,,2,
DSDP Leg 51,DSDP Leg 51,1112,Glomar Challenger,Glomar Challenger,NULL,NULL,,,2,
DSDP Leg 52,DSDP Leg 52,1113,Glomar Challenger,Glomar Challenger,NULL,NULL,,,2,
DSDP Leg 53,DSDP Leg 53,1114,Glomar Challenger,Glomar Challenger,NULL,NULL,,,2,
DSDP Leg 54,DSDP Leg 54,1115,Glomar Challenger,Glomar Challenger,NULL,NULL,,,2,
DSDP Leg 55,DSDP Leg 55,1116,Glomar Challenger,Glomar Challenger,NULL,NULL,,,2,
DSDP Leg 56,DSDP Leg 56,1117,Glomar Challenger,Glomar Challenger,NULL,NULL,,,2,
DSDP Leg 57,DSDP Leg 57,1118,Glomar Challenger,Glomar Challenger,NULL,NULL,,,2,
DSDP Leg 58,DSDP Leg 58,1119,Glomar Challenger,Glomar Challenger,NULL,NULL,,,2,
DSDP leg 59,DSDP Leg 59,1120,D/V Glomar Challenger,Glomar Challenger,2/7/1978,2/7/1978,,,2,
DSDP Leg 59,DSDP Leg 59,1120,,Glomar Challenger,NULL,NULL,,,,
DSDP Leg 59,DSDP Leg 59,1120,Glomar Challenger,Glomar Challenger,NULL,NULL,,,2,
DSDP leg 60,DSDP Leg 60,1121,D/V Glomar Challenger,Glomar Challenger,4/18/1978,5/1/1978,,,2,
DSDP Leg 60,DSDP Leg 60,1121,,Glomar Challenger,NULL,NULL,,,,
DSDP Leg 60,DSDP Leg 60,1121,Glomar Challenger,Glomar Challenger,NULL,NULL,,,2,
DSDP Leg 61,DSDP Leg 61,1122,Glomar Challenger,Glomar Challenger,NULL,NULL,,,2,
DSDP Leg 62,DSDP Leg 62,1123,Glomar Challenger,Glomar Challenger,NULL,NULL,,,2,
DSDP Leg 63,DSDP Leg 63,1124,,Glomar Challenger,NULL,NULL,,,,
DSDP Leg 63,DSDP Leg 63,1124,Glomar Challenger,Glomar Challenger,NULL,NULL,,,2,
DSDP Leg 64,DSDP Leg 64,1125,Glomar Challenger,Glomar Challenger,NULL,NULL,,,2,
DSDP Leg 65,DSDP Leg 65,1126,Glomar Challenger,Glomar Challenger,NULL,NULL,,,2,
DSDP Leg 66,DSDP Leg 66,1127,,Glomar Challenger,NULL,NULL,,,,
DSDP Leg 66,DSDP Leg 66,1127,Glomar Challenger,Glomar Challenger,NULL,NULL,,,2,
DSDP Leg 67,DSDP Leg 67,1128,Glomar Challenger,Glomar Challenger,NULL,NULL,,,2,
DSDP Leg 68,DSDP Leg 68,1129,Glomar Challenger,Glomar Challenger,NULL,NULL,,,2,
DSDP Leg 69,DSDP Leg 69,1130,Glomar Challenger,Glomar Challenger,NULL,NULL,,,2,
DSDP Leg 69,DSDP Leg 69 Site 504,1131,Site 504,Glomar Challenger,NULL,NULL,,,,
DSDP Leg 70,DSDP Leg 70,1132,Glomar Challenger,Glomar Challenger,NULL,NULL,,,2,
DSDP Leg 71,DSDP Leg 71,1133,Glomar Challenger,Glomar Challenger,NULL,NULL,,,2,
DSDP Leg 72,DSDP Leg 72,1134,Glomar Challenger,Glomar Challenger,NULL,NULL,,,2,
DSDP Leg 73,DSDP Leg 73,1135,Glomar Challenger,Glomar Challenger,NULL,NULL,,,2,
DSDP Leg 74,DSDP Leg 74,1136,Glomar Challenger,Glomar Challenger,NULL,NULL,,,2,
DSDP Leg 75,DSDP Leg 75,1137,Glomar Challenger,Glomar Challenger,NULL,NULL,,,2,
DSDP Leg 76,DSDP Leg 76,1138,Glomar Challenger,Glomar Challenger,NULL,NULL,,,2,
DSDP Leg 77,DSDP Leg 77,1139,Glomar Challenger,Glomar Challenger,NULL,NULL,,,2,
DSDP Leg 78,DSDP Leg 78,1140,Glomar Challenger,Glomar Challenger,NULL,NULL,,,2,
DSDP Leg 79,DSDP Leg 79,1141,Glomar Challenger,Glomar Challenger,NULL,NULL,,,2,
DSDP Leg 80,DSDP Leg 80,1142,Glomar Challenger,Glomar Challenger,NULL,NULL,,,2,
DSDP Leg 81,DSDP Leg 81,1143,Glomar Challenger,Glomar Challenger,NULL,NULL,,,2,
DSDP Leg 82,DSDP Leg 82,1144,Glomar Challenger,Glomar Challenger,NULL,NULL,,,2,
DSDP Leg 82,DSDP Leg 82,1144,,Glomar Challenger,NULL,NULL,,,,
DSDP Leg 83,DSDP Leg 83,1145,Glomar Challenger,Glomar Challenger,NULL,NULL,,,2,
DSDP Leg 84,DSDP Leg 84,1146,Glomar Challenger,Glomar Challenger,NULL,NULL,,,2,
DSDP Leg 85,DSDP Leg 85,1147,Glomar Challenger,Glomar Challenger,NULL,NULL,,,2,
DSDP Leg 86,DSDP Leg 86,1148,Glomar Challenger,Glomar Challenger,NULL,NULL,,,2,
DSDP Leg 87,DSDP Leg 87,1149,Glomar Challenger,Glomar Challenger,NULL,NULL,,,2,
DSDP Leg 88,DSDP Leg 88,1150,Glomar Challenger,Glomar Challenger,NULL,NULL,,,2,
DSDP Leg 89,DSDP Leg 89,1151,Glomar Challenger,Glomar Challenger,NULL,NULL,,,2,
DSDP 90,DSDP Leg 90,1152,,Glomar Challenger,NULL,NULL,,,,
DSDP Leg 90,DSDP Leg 90,1152,Glomar Challenger,Glomar Challenger,NULL,NULL,,,2,
DSDP Leg 91,DSDP Leg 91,1153,Glomar Challenger,Glomar Challenger,NULL,NULL,,,2,
DSDP Leg 92,DSDP Leg 92,1154,Glomar Challenger,Glomar Challenger,NULL,NULL,,,2,
DSDP Leg 93,DSDP Leg 93,1155,Glomar Challenger,Glomar Challenger,NULL,NULL,,,2,
DSDP Leg 94,DSDP Leg 94,1156,Glomar Challenger,Glomar Challenger,NULL,NULL,,,2,
DSDP Leg 95,DSDP Leg 95,1157,Glomar Challenger,Glomar Challenger,NULL,NULL,,,2,
DSDP Leg 96,DSDP Leg 96,1158,Glomar Challenger,Glomar Challenger,NULL,NULL,,,2,
Duke-JHopkins-MLP expedition,Duke-JHopkins-MLP expedition,1159,,,4/1/2019,4/1/2019,,,,
Duluth Complex Geochronology,Duluth Complex Geochronology,1160,,,NULL,NULL,,,,
DUNE,DUNE,1161,,,6/30/2010,6/30/2010,,,,
DUST,DUST,1162,,,7/19/2008,7/22/2008,,,,
Dutton Seychelles 2009,Dutton Seychelles 2009,1163,,,7/30/2009,7/31/2009,,,,
Dutton Seychelles 2013,Dutton Seychelles 2013,1164,,,7/31/2013,3/31/2016,,,,
Duval Roadside #2532,Duval Roadside #2532,1165,,,NULL,NULL,,,,
EA02-66,EA02-66,1166,Eastward,Eastward,1/9/1966,1/11/1966,,,,
EA02D79,EA02D79,1167,Eastward,Eastward,6/3/1979,6/11/1979,,,,
EA02E79,EA02E79,1168,Eastward,Eastward,6/15/1979,6/23/1979,,,,
EA035,EA035,1169,Eastward,Eastward,8/9/1978,8/9/1978,,,,
EA04A-80,EA04A-80,1170,Eastward,Eastward,12/31/1979,12/31/1979,,,,
EA08-67,EA08-67,1171,Eastward,Eastward,2/7/1967,2/18/1967,,,,
EA-08-67,EA-08-67,1172,Eastward,Eastward,2/12/1967,2/17/1967,,,,
EA09-66,EA09-66,1173,Eastward,Eastward,3/22/1966,3/24/1966,,,,
EA-1d-74,EA-1d-74,1174,Eastward,Eastward,NULL,NULL,,,,
EA-1d-75,EA-1d-75,1175,Eastward,Eastward,NULL,NULL,,,,
EA-1e-69-70,EA-1e-69-70,1176,Eastward,Eastward,NULL,NULL,,,,
EA-1f-74,EA-1f-74,1177,Eastward,Eastward,NULL,NULL,,,,
EA-23j-72-73,EA-23j-72-73,1178,Eastward,Eastward,NULL,NULL,,,,
EA27-66,EA27-66,1179,Eastward,Eastward,6/30/1966,7/11/1966,,,,
EA28-67,EA28-67,1180,Eastward,Eastward,6/26/1967,6/26/1967,,,,
EA-31f-71-72,EA-31f-71-72,1181,Eastward,Eastward,12/31/1970,12/31/1970,,,,
EA-33e-70-71,EA-33e-70-71,1182,Eastward,Eastward,12/31/1969,12/31/1969,,,,
EA35,EA35,1183,Eastward,Eastward,8/5/1978,6/22/1979,,,,
EA36,EA36,1184,Eastward,Eastward,12/31/1978,12/31/1978,,,,
EA36-66,EA36-66,1185,Eastward,Eastward,9/11/1966,9/13/1966,,,,
EA-3e-78,EA-3e-78,1186,Eastward,Eastward,9/2/1978,9/2/1978,,,,
EA-3f-78,EA-3f-78,1187,Eastward,Eastward,9/20/1978,9/24/1978,,,,
EA-3g-78,EA-3g-78,1188,Eastward,Eastward,10/5/1978,10/9/1978,,,,
EA46,EA46,1189,Eastward,Eastward,12/14/1967,12/14/1967,,,,
EA461-67/68,EA461-67/68,1190,Eastward,Eastward,1/21/1968,1/21/1968,,,,
EA46-67,EA46-67,1191,Eastward,Eastward,12/15/1967,12/18/1967,,,,
EA50-68/69,EA50-68/69,1192,Eastward,Eastward,7/30/1968,7/30/1968,,,,
EA68,EA68,1193,Eastward,Eastward,12/31/1967,12/31/1967,,,,
EA69,EA69,1194,Eastward,Eastward,12/31/1968,12/31/1968,,,,
EA70,EA70,1195,Eastward,Eastward,12/31/1969,12/31/1969,,,,
EA71,EA71,1196,Eastward,Eastward,12/31/1970,12/31/1970,,,,
EA72,EA72,1197,Eastward,Eastward,12/31/1971,12/31/1971,,,,
EA74,EA74,1198,Eastward,Eastward,12/31/1973,12/31/1973,,,,
EA75,EA75,1199,Eastward,Eastward,12/31/1974,12/31/1974,,,,
EA77,EA77,1200,Eastward,Eastward,12/31/1976,12/31/1976,,,,
EA78,EA78,1201,Eastward,Eastward,3/8/1978,10/9/1978,,,,
EAR 0711551/354,EAR 0711551/354,1202,,,2/28/2006,2/28/2007,,,8,
EAR 1250239/414,EAR 1250239/414,1203,,,6/29/2014,6/29/2014,,,,
Earth Mapping Resources Initiative (MRI) Mentor Project,Earth Mapping Resources Initiative (MRI) Mentor Project,1204,,,4/1/2023,4/4/2023,,,,
Earth Watch 3,Earth Watch 3,1205,,,NULL,NULL,,,,
EarthScope-PBO-2008-Unimak,EarthScope-PBO-2008-Unimak,1206,,,8/16/2008,8/21/2008,,,,
East Cliff Section,East Cliff Section,1207,Land Drill,Land Drill,NULL,NULL,,,11,
Oecsoed  2019; East Hungary Tell Project,East Hungary Tell Project;  2019,1208,,N.A.,2/16/2019,2/18/2019,Oecsoed  2019; East Hungary Tell Project,,,
Bapska 2013; East Hungary Tell Project,East Hungary Tell Project; 2013,1209,,N.A.,4/9/2014,4/11/2014,Bapska 2013; East Hungary Tell Project,,,
Bapska 2014; East Hungary Tell Project,East Hungary Tell Project; 2014,1210,,N.A.,8/4/2014,9/6/2014,Bapska 2014; East Hungary Tell Project,,,
Bapska 2015; East Hungary Tell Project,East Hungary Tell Project; 2015,1211,,N.A.,8/12/2015,11/25/2015,Bapska 2015; East Hungary Tell Project,,,
Bogdanovci 2015; East Hungary Tell Project,East Hungary Tell Project; 2015,1211,,N.A.,11/23/2015,7/21/2019,Bogdanovci 2015; East Hungary Tell Project,,,
Bapska A 2018; East Hungary Tell Project,East Hungary Tell Project; 2018,1212,,N.A.,5/14/2018,5/27/2018,Bapska A 2018; East Hungary Tell Project,,,
Bapska B 2018; East Hungary Tell Project,East Hungary Tell Project; 2018,1212,,N.A.,5/14/2018,5/23/2018,Bapska B 2018; East Hungary Tell Project,,,
Oecsoed 2018; East Hungary Tell Project,East Hungary Tell Project; 2018,1212,,N.A.,9/4/2018,9/4/2018,Oecsoed 2018; East Hungary Tell Project,,,
Bapska 2018; East Hungary Tell Project,East Hungary Tell Project; 2018,1212,,N.A.,3/24/2019,3/27/2019,Bapska 2018; East Hungary Tell Project,,,
Gorzsa 2019; East Hungary Tell Project,East Hungary Tell Project; 2019,1213,,N.A.,2/14/2019,9/9/2019,Gorzsa 2019; East Hungary Tell Project,,,
Bapska A 2019; East Hungary Tell Project,East Hungary Tell Project; 2019,1213,,N.A.,4/1/2019,4/2/2019,Bapska A 2019; East Hungary Tell Project,,,
Bapska 2019; East Hungary Tell Project,East Hungary Tell Project; 2019,1213,,N.A.,8/28/2019,8/28/2019,Bapska 2019; East Hungary Tell Project,,,
Oecsoed 2019; East Hungary Tell Project,East Hungary Tell Project; 2019,1213,,N.A.,9/30/2019,11/17/2019,Oecsoed 2019; East Hungary Tell Project,,,
Batida-KÃ¶kenydomb 2020; East Hungary Tell Project,East Hungary Tell Project; 2020,1214,,N.A.,2/17/2020,8/16/2020,Batida-Kökenydomb 2020; East Hungary Tell Project,,,
Oecsoed 2020; East Hungary Tell Project,East Hungary Tell Project; 2020,1214,,N.A.,7/14/2020,7/19/2020,Oecsoed 2020; East Hungary Tell Project,,,
Oecsoed 2021; East Hungary Tell Project,East Hungary Tell Project; 2021,1215,,N.A.,NULL,NULL,Oecsoed 2021; East Hungary Tell Project,,,
Eastern Shale Gas Project,Eastern Shale Gas Project,1216,,,3/31/1977,3/31/1977,,,,
ECCHYMOSE 2001 coring survey2001/09/10,ECCHYMOSE 2001 coring survey,1217,UWITEC C2FN,UWITEC C2FN,9/9/2001,9/9/2001,ECCHYMOSE 2001 coring survey2001/09/10,,1,
ECCHYMOSE 2001 coring survey2001/09/11,ECCHYMOSE 2001 coring survey,1217,UWITEC C2FN,UWITEC C2FN,9/9/2001,9/9/2001,ECCHYMOSE 2001 coring survey2001/09/11,,1,
ECCHYMOSE200110/09/01,ECCHYMOSE 2001 coring survey,1217,,,9/30/2001,9/30/2001,ECCHYMOSE200110/09/01,,,
ECHO,ECHO,1218,,,9/14/1998,9/16/1998,,,,
ED03,ED03,1219,,,12/30/2003,12/30/2003,,,,
ED04,ED04,1220,,,12/30/2004,12/30/2004,,,,
ED05,ED05,1221,,,12/30/2005,12/30/2005,,,,
ED06,ED06,1222,,,12/30/2006,12/30/2006,,,,
EDMAP - Grays Peak,EDMAP - Grays Peak,1223,,,6/25/2023,8/14/2023,,,,
EDMAP - Montezuma ,EDMAP - Montezuma ,1224,,,8/2/2023,8/2/2023,,,,
EDUL,EDUL,1225,Marion Dufresne,R/V Marion Dufresne,12/31/1996,12/31/1996,,,7,
EDW,EDW,1226,RV Topi,RV Topi,12/30/1996,12/30/1996,,,7,
Eel Critical Zone Observatory (CZO),Eel Critical Zone Observatory (CZO),1227,,N.A.,5/23/2017,5/23/2017,,,,
E-FIRE,E-FIRE,1228,,,7/26/2017,10/3/2018,,,,
EHRN,EHRN,1229,,,2/6/2013,2/7/2013,,,,
E-K WIS Temporal Framework,E-K WIS Temporal Framework,1230,,,10/12/2020,6/15/2023,,,,
El Paso,El Paso,1231,,,NULL,NULL,,,,
EL2,EL2,1232,Eltanin,USNS Eltanin,4/6/1962,4/6/1962,,,,
ELK,ELK,1233,,,12/30/1982,12/30/1982,,,,
ELKS,ELKS,1234,,,2/12/2014,2/12/2014,,,,
ELT01,ELT01,1235,USNS Eltanin,USNS Eltanin,12/31/1961,12/31/1961,,,,
ELT02,ELT02,4215,USNS Eltanin,USNS Eltanin,12/31/1961,12/31/1961,,,,
ELT02,ELT02,4215,,USNS Eltanin,12/31/1961,12/31/1961,,,,
ELT03,ELT03,1236,USNS Eltanin,USNS Eltanin,12/31/1961,12/31/1961,,,,
ELT03,ELT03,1236,,USNS Eltanin,12/31/1961,12/31/1961,,,,
ELT04,ELT04,1237,USNS Eltanin,USNS Eltanin,12/31/1960,12/31/1961,,,,
ELT04,ELT04,1237,,USNS Eltanin,12/31/1960,12/31/1961,guess platform based on cruise name and dates,,,
ELT05,ELT05,1238,USNS Eltanin,USNS Eltanin,12/31/1960,12/31/1961,,,,
ELT05,ELT05,1238,,USNS Eltanin,12/31/1961,12/31/1961,,,,
ELT06,ELT06,1239,e,USNS Eltanin,12/31/1961,12/31/1961,guess platform based on cruise name,,,
ELT06,ELT06,1239,USNS Eltanin,USNS Eltanin,12/31/1961,1/6/1963,,,,
ELT06,ELT06,1239,,USNS Eltanin,12/31/1961,1/6/1963,,,,
ELT07,ELT07,1240,USNS Eltanin,USNS Eltanin,12/31/1962,12/31/1972,,,,
ELT07,ELT07,1240,,USNS Eltanin,12/31/1962,12/31/1962,,,,
ELT08,ELT08,1241,USNS Eltanin,USNS Eltanin,12/31/1962,12/31/1962,,,,
ELT08,ELT08,1241,,USNS Eltanin,12/31/1962,12/31/1962,,,,
ELT09,ELT09,1242,USNS Eltanin,USNS Eltanin,12/31/1962,12/31/1962,,,,
ELT09,ELT09,1242,,USNS Eltanin,12/31/1962,12/31/1962,,,,
ELT10,ELT10,1243,USNS Eltanin,USNS Eltanin,12/31/1962,12/31/1962,,,,
ELT10,ELT10,1243,,USNS Eltanin,12/31/1962,12/31/1962,,,,
ELT11,ELT11,1244,USNS Eltanin,USNS Eltanin,12/31/1962,2/12/1964,,,,
ELT11,ELT11,1244,,USNS Eltanin,12/27/1963,2/12/1964,,,,
ELT12,ELT12,1245,USNS Eltanin,USNS Eltanin,12/31/1963,12/31/1963,,,,
ELT12,ELT12,1245,,USNS Eltanin,12/31/1963,12/31/1963,,,,
ELT13,ELT13,1246,USNS Eltanin,USNS Eltanin,12/31/1963,12/31/1963,,,,
ELT13,ELT13,1246,,USNS Eltanin,12/31/1963,12/31/1963,,,,
ELT14,ELT14,1247,USNS Eltanin,USNS Eltanin,12/31/1963,12/31/1963,,,,
ELT14,ELT14,1247,,USNS Eltanin,12/31/1963,12/31/1963,,,,
ELT15,ELT15,1248,USNS Eltanin,USNS Eltanin,12/31/1963,12/31/1963,,,,
ELT15,ELT15,1248,,USNS Eltanin,12/31/1963,12/31/1963,,,,
ELT16,ELT16,1249,USNS Eltanin,USNS Eltanin,12/31/1964,12/31/1964,,,,
ELT16,ELT16,1249,,USNS Eltanin,12/31/1964,12/31/1964,,,,
ELT17,ELT17,1250,USNS Eltanin,USNS Eltanin,12/31/1964,12/31/1964,,,,
ELT17,ELT17,1250,,USNS Eltanin,12/31/1964,12/31/1964,,,,
ELT18,ELT18,1251,USNS Eltanin,USNS Eltanin,12/31/1964,12/31/1964,,,,
ELT18,ELT18,1251,,USNS Eltanin,12/31/1963,12/31/1964,,,,
ELT19,ELT19,1252,USNS Eltanin,USNS Eltanin,12/31/1964,12/31/1964,,,,
ELT19,ELT19,1252,,USNS Eltanin,12/31/1964,12/31/1964,,,,
ELT20,ELT20,1253,USNS Eltanin,USNS Eltanin,12/31/1964,2/23/2016,,,,
ELT20,ELT20,1253,,USNS Eltanin,12/31/1964,12/31/1964,,,,
ELT21,ELT21,1254,USNS Eltanin,USNS Eltanin,12/31/1964,2/23/2016,,,,
ELT21,ELT21,1254,,USNS Eltanin,12/31/1964,12/31/1965,,,,
ELT22,ELT22,1255,USNS Eltanin,USNS Eltanin,12/31/1965,12/31/1965,,,,
ELT22,ELT22,1255,,USNS Eltanin,12/31/1965,12/31/1965,,,,
ELT23,ELT23,1256,USNS Eltanin,USNS Eltanin,12/31/1965,12/31/1965,,,,
ELT23,ELT23,1256,,USNS Eltanin,12/31/1965,12/31/1965,,,,
ELT24,ELT24,1257,USNS Eltanin,USNS Eltanin,12/31/1965,12/31/1965,,,,
ELT24,ELT24,1257,,USNS Eltanin,12/31/1965,12/31/1965,,,,
ELT25,ELT25,1258,USNS Eltanin,USNS Eltanin,12/31/1965,12/31/1965,,,,
ELT25,ELT25,1258,,USNS Eltanin,12/31/1965,12/31/1965,,,,
ELT26,ELT26,1259,USNS Eltanin,USNS Eltanin,12/31/1965,12/31/1965,,,,
ELT26,ELT26,1259,,USNS Eltanin,12/31/1965,12/31/1965,,,,
ELT27,ELT27,1260,USNS Eltanin,USNS Eltanin,12/31/1966,12/31/1966,,,,
ELT27,ELT27,1260,,USNS Eltanin,12/31/1966,12/31/1966,,,,
ELT32,ELT32,1261,USNS Eltanin,USNS Eltanin,12/31/1967,12/31/1969,,,,
ELT32,ELT32,1261,,USNS Eltanin,12/31/1967,12/31/1967,,,,
ELT33,ELT33,1262,USNS Eltanin,USNS Eltanin,12/31/1967,12/31/1967,,,,
ELT33,ELT33,1262,,USNS Eltanin,12/31/1967,1/13/2014,,,,
ELT34,ELT34,1263,USNS Eltanin,USNS Eltanin,12/31/1967,12/31/1967,,,,
ELT34,ELT34,1263,,USNS Eltanin,12/31/1967,12/31/1967,,,,
ELT35,ELT35,1264,USNS Eltanin,USNS Eltanin,12/31/1967,12/31/1967,,,,
ELT35,ELT35,1264,,USNS Eltanin,12/31/1967,12/31/1967,,,,
ELT36,ELT36,1265,USNS Eltanin,USNS Eltanin,12/31/1967,12/31/1967,,,,
ELT36,ELT36,1265,,USNS Eltanin,12/31/1967,12/31/1967,,,,
ELT37,ELT37,1266,Eltanin,USNS Eltanin,1/19/1969,1/19/1969,,,,
ELT37,ELT37,1266,USNS Eltanin,USNS Eltanin,12/31/1968,12/31/1968,,,,
ELT37,ELT37,1266,,USNS Eltanin,12/31/1968,12/31/1968,,,,
ELT38,ELT38,1267,USNS Eltanin,USNS Eltanin,12/31/1968,12/31/1968,,,,
ELT38,ELT38,1267,,USNS Eltanin,12/31/1968,12/31/1968,,,,
ELT39,ELT39,1268,USNS Eltanin,USNS Eltanin,12/31/1968,1/2/1969,,,,
ELT39,ELT39,1268,,USNS Eltanin,12/31/1968,2/2/2015,,,,
ELT42,ELT42,1269,USNS Eltanin,USNS Eltanin,12/31/1969,12/31/1969,,,,
ELT42,ELT42,1269,,USNS Eltanin,12/31/1969,12/31/1969,,,,
ELT43,ELT43,1270,USNS Eltanin,USNS Eltanin,12/31/1969,12/31/1969,,,,
ELT43,ELT43,1270,,USNS Eltanin,12/31/1969,12/31/1969,,,,
ELT44,ELT44,1271,USNS Eltanin,USNS Eltanin,12/31/1969,12/31/1969,,,,
ELT44,ELT44,1271,,USNS Eltanin,12/31/1969,12/31/1969,,,,
ELT45,ELT45,1272,USNS Eltanin,USNS Eltanin,12/31/1969,12/31/1969,,,,
ELT45,ELT45,1272,,USNS Eltanin,12/31/1969,12/31/1969,,,,
ELT47,ELT47,1273,USNS Eltanin,USNS Eltanin,12/31/1970,12/31/1970,,,,
ELT47,ELT47,1273,,USNS Eltanin,12/31/1970,4/9/2014,,,,
ELT48,ELT48,1274,USNS Eltanin,USNS Eltanin,12/31/1970,12/31/1970,,,,
ELT48,ELT48,1274,,USNS Eltanin,12/31/1970,12/31/1970,,,,
ELT49,ELT49,1275,USNS Eltanin,USNS Eltanin,12/31/1970,1/3/1971,,,,
ELT49,ELT49,1275,,USNS Eltanin,12/31/1970,4/9/2014,,,,
ELT50,ELT50,1276,USNS Eltanin,USNS Eltanin,12/31/1970,12/31/1970,,,,
ELT50,ELT50,1276,,USNS Eltanin,12/31/1970,4/9/2014,,,,
ELT52,ELT52,1277,USNS Eltanin,USNS Eltanin,12/31/1971,12/31/1971,,,,
ELT52,ELT52,1277,,USNS Eltanin,12/31/1971,12/31/1971,,,,
ELT53,ELT53,1278,USNS Eltanin,USNS Eltanin,12/31/1971,12/31/1971,,,,
ELT53,ELT53,1278,,USNS Eltanin,12/31/1971,12/31/1971,,,,
ELT54,ELT54,1279,USNS Eltanin,USNS Eltanin,12/31/1971,12/31/1971,,,,
ELT54,ELT54,1279,,USNS Eltanin,12/31/1971,4/9/2014,,,,
ELT55,ELT55 Islas Orcadas,1281,ARA Islas Orcadas,ARA Islas Orcadas,12/31/1971,12/31/1971,,,7,
ELT55,ELT55,1280,Eltanin,USNS Eltanin,12/22/1972,12/22/1972,,,,
ELT55,ELT55,1280,USNS Eltanin,USNS Eltanin,12/31/1971,12/31/1971,,,,
ELT55,ELT55,1280,,USNS Eltanin,12/31/1971,12/31/1971,,,,
EM05,EM05,1282,Sea Wolf,Sea Wolf,9/15/2005,9/15/2005,,,,
EM06,EM06,1283,Sea Wolf,Sea Wolf,9/14/2006,9/14/2006,,,,
EM07,EM07,1284,Sea Wolf,Sea Wolf,12/31/2006,12/31/2006,,,,
EM08,EM08,1285,Sea Wolf,Sea Wolf,12/31/2007,12/31/2007,,,,
EM09,EM09,1286,Sea Wolf,Sea Wolf,9/17/2009,9/17/2009,,,,
EMR1,EMR1,1287,,,12/30/2004,12/30/2004,,,,
EMR2,EMR2,1288,,,12/30/2006,12/30/2006,,,,
EN002,Endeavor cruise 002,1290,Endeavor,R/V Endeavor,5/31/2002,6/3/2002,,,7,
EN009,Endeavor cruise 009,1291,Endeavor,R/V Endeavor,NULL,NULL,,,7,
EN017,Endeavor cruise 017,1292,Endeavor,R/V Endeavor,NULL,NULL,,,7,
EN019,Endeavor cruise 019,1293,Endeavor,R/V Endeavor,NULL,NULL,,,7,
EN02,Endeavor cruise 002,1290,Endeavor,R/V Endeavor,6/3/2002,6/3/2002,,,7,
EN020,Endeavor cruise 020,1294,Endeavor,R/V Endeavor,4/22/1978,4/25/1978,,,7,
EN023,Endeavor cruise 023,1295,Endeavor,R/V Endeavor,NULL,NULL,,,7,
EN024,Endeavor cruise 024,1296,Endeavor,R/V Endeavor,NULL,NULL,,,7,
EN025,Endeavor cruise 025,1297,Endeavor,R/V Endeavor,7/21/1978,7/26/1978,,,7,
EN025,Endeavor cruise 025,1297,R/V Endeavor,R/V Endeavor,7/21/1978,7/26/1978,,,7,
EN025,Endeavor cruise 025,1297,,,6/30/1978,6/30/1978,,,7,
EN026,Endeavor cruise 026,1298,Endeavor,R/V Endeavor,7/31/1978,8/18/1978,,,7,
EN026,Endeavor cruise 026,1298,R/V Endeavor,R/V Endeavor,7/31/1978,8/16/1978,,,7,
EN029,Endeavor cruise 029,1299,Endeavor,R/V Endeavor,NULL,NULL,,,7,
EN032,Endeavor cruise 032,1300,Endeavor,R/V Endeavor,NULL,NULL,,,7,
EN032,Endeavor cruise 032,1300,R/V Endeavor,R/V Endeavor,2/14/1979,2/14/1979,,,7,
EN048,Endeavor cruise 048,1301,Endeavor,R/V Endeavor,2/4/1980,2/10/1980,,,7,
EN053,Endeavor cruise 053,1302,Endeavor,R/V Endeavor,NULL,NULL,,,7,
EN061,Endeavor cruise 061,1303,Endeavor,R/V Endeavor,2/12/1981,3/3/1981,,,7,
EN061,Endeavor cruise 061,1303,R/V Endeavor,R/V Endeavor,2/13/1981,3/3/1981,,,7,
EN063,Endeavor cruise 063,1304,Endeavor,R/V Endeavor,3/31/1981,4/22/1981,,,7,
EN063,Endeavor cruise 063,1304,R/V Endeavor,R/V Endeavor,3/31/1981,4/14/1981,,,7,
EN066,Endeavor cruise 066,1305,Endeavor,R/V Endeavor,5/20/1981,6/1/1981,,,7,
EN069,Endeavor cruise 069,1306,Endeavor,R/V Endeavor,NULL,NULL,,,7,
EN071,Endeavor cruise 071,1307,Endeavor,R/V Endeavor,NULL,NULL,,,7,
EN078,Endeavor cruise 078,1308,Endeavor,R/V Endeavor,1/21/1982,1/21/1982,,,7,
EN084,Endeavor cruise 084,1309,Endeavor,R/V Endeavor,NULL,NULL,,,7,
EN085,Endeavor cruise 085,1310,Endeavor,R/V Endeavor,NULL,NULL,,,7,
EN101,Endeavor cruise 101,1311,Endeavor,R/V Endeavor,NULL,NULL,,,7,
EN105,Endeavor cruise 105,1312,Endeavor,R/V Endeavor,NULL,NULL,,,7,
EN112,Endeavor cruise 112,1313,Endeavor,R/V Endeavor,1/31/1984,2/15/1984,,,7,
EN112,Endeavor cruise 112,1313,R/V Endeavor,R/V Endeavor,1/31/1984,2/15/1984,,,7,
EN113,Endeavor cruise 113,1314,Endeavor,R/V Endeavor,2/22/1984,3/23/1984,,,7,
EN113,Endeavor cruise 113,1314,R/V Endeavor,R/V Endeavor,2/22/1984,3/23/1984,,,7,
EN179,Endeavor cruise 179,1317,Endeavor,R/V Endeavor,6/16/1988,6/20/1988,,,7,
EN187,Endeavor cruise 187,1318,Endeavor,R/V Endeavor,10/9/1988,10/28/1988,,,7,
EN419,Endeavor cruise 419,1319,,,5/30/2006,6/7/2006,,,7,
EN473,Endeavor cruise 473,1320,Endeavor,R/V Endeavor,2/28/2010,3/10/2010,,,7,
EN651,Endeavor cruise 651,1321,R/V Endeavor,R/V Endeavor,3/3/2020,3/14/2020,,,7,
EN669,Endeavor cruise 669,1322,Endeavor,R/V Endeavor,NULL,NULL,,,7,
Endeavor cruise 121 Stn EN-3,Endeavor cruise 121,1315,r/v Endeavor,R/V Endeavor,9/9/1984,9/9/1984,,,7,
Endeavor cruise 53 stnB 1500m,Endeavor cruise 053,1302,Endeavor,R/V Endeavor,7/28/1980,7/28/1980,,,7,
Endeavor cruise 53 stnB 3000m,Endeavor cruise 053,1302,Endeavor,R/V Endeavor,7/28/1980,7/28/1980,,,7,
Endeavor cruise 53 stnB 3500m,Endeavor cruise 053,1302,Endeavor,R/V Endeavor,7/28/1980,7/28/1980,,,7,
Endeavor cruise 53 stnB 400m,Endeavor cruise 053,1302,Endeavor,R/V Endeavor,7/28/1980,7/28/1980,,,7,
Endeavor Cruise EN-121 Leg I,Endeavor Cruise 121 Leg I,1316,r/v Endeavor,R/V Endeavor,9/9/1984,9/9/1984,,,7,
558,Endeavour-558,1323,HMNZS Endeavour III,HMNZS Endeavour III,12/31/1966,12/31/1966,"two samples, a piston core and a trawl, from ship 'HMNZS Endeavour III', kermandec, UCSC",,7,
Enriched Background Isotope Study,Enriched Background Isotope Study,1324,,,6/22/1905,6/25/1905,,,,
ENSCO Mobil W.R.A.,ENSCO Mobil W.R.A.,1325,,,NULL,NULL,,,,
EPI C/EPI G,EPI C/EPI G,1326,R/V Sonne,R/V Sonne,7/7/2013,7/7/2013,,,7,
ERDC02WT,ERDC02WT,1327,T. Washington,R/V Thomas Washington,NULL,NULL,,,7,
ERDC03WT,ERDC03WT,1328,T. Washington,R/V Thomas Washington,NULL,NULL,,,7,
ERDC05WT,ERDC05WT,1329,T. Washington,R/V Thomas Washington,NULL,NULL,,,7,
ERDC08WT,ERDC08WT,1330,T. Washington,R/V Thomas Washington,NULL,NULL,,,7,
Erick Bora MS Thesis Fieldwork,Erick Bora MS Thesis Fieldwork,1331,,N.A.,7/11/2023,7/11/2023,,,14,
ERODER2,ERODER2,1332,Meteor,Meteor,12/29/2007,1/13/2008,,,7,
ERSC 800,ERSC 800,1333,,,11/13/2016,12/11/2016,,,,
ERSC800,ERSC 800,1333,,,12/16/2016,1/2/2017,,,,
ESP,ESP,1334,RV KRKII,RV KRKII,12/30/2004,12/30/2004,,,7,
ESP2,ESP2,1335,,,12/30/2007,12/30/2007,,,,
ESP3,ESP3,1336,,,12/30/2008,12/30/2008,,,,
ESP4,ESP4,1337,,,12/30/2008,12/30/2008,,,,
ETH Field Excursion 2007-1,ETH Field Excursion 2007-1,1338,,N.A.,NULL,NULL,,,3,
ETP,ETP,1339,,,9/30/2003,4/3/2012,,,,
ETWIN,ETWIN,1340,RV Happy,RV Happy,6/16/2014,4/16/2017,,,7,
ETWIN2,ETWIN2,1341,RV Happy,RV Happy,7/10/2017,7/11/2017,,,7,
EVERG,EVERG,1342,,,3/23/2003,5/2/2006,,,,
EW9209,EW9209,1343,Maurice Ewing,R/V Maurice Ewing,8/30/1992,9/17/1992,,,7,
EW9302,EW9302,1344,Maurice Ewing,R/V Maurice Ewing,6/1/1993,6/19/1993,,,7,
EW9303,EW9303,1345,Ewing,R/V Maurice Ewing,7/1/1993,7/15/1993,,,7,
EW9303,EW9303,1345,Maurice Ewing,R/V Maurice Ewing,6/25/1993,7/15/1993,,,7,
EW93-03,EW9303,1345,Ewing,R/V Maurice Ewing,7/3/1993,7/15/1993,,,7,
EW9305,EW9305,1346,Ewing,R/V Maurice Ewing,12/31/1992,12/31/1992,,,7,
EW9309,EW9309,1347,Maurice Ewing,R/V Maurice Ewing,11/25/1993,12/17/1993,,,7,
EW9309,EW9309,1347,R/V Maurice Ewing,R/V Maurice Ewing,11/26/1993,12/16/1993,,,7,
EW9403,EW9403,1348,Maurice Ewing,R/V Maurice Ewing,3/23/1994,3/23/1994,,,7,
EW9510,EW9510,1349,Maurice Ewing,R/V Maurice Ewing,NULL,NULL,,,7,
EW9602,EW9602,1350,Ewing,R/V Maurice Ewing,4/1/1996,5/6/1996,,,7,
EX - Japanese Mandated Islands,EX - Japanese Mandated Islands,1351,,,NULL,NULL,,,,
EX1504L3,EX1504L3,1352,,,8/30/2015,9/1/2015,,,,
EX1606,EX1606,1353,Okeanos Explorer,Okeanos Explorer,7/29/2016,3/7/2018,,,7,
EXCHANGE Campaign 1,EXCHANGE Campaign 1,1354,,,10/3/2021,12/13/2021,,,,
Expedition,Expedition,1355,,,10/7/2021,3/27/2022,,,,
EXPERIMENTAL WARMING,EXPERIMENTAL WARMING,1356,CARR,Carr,7/1/2009,7/1/2009,,,,
Exploration West of the 100th Meridian,Exploration West of the 100th Meridian,1357,,,NULL,NULL,,,,
ExTerra Salinia Field Institute,ExTerra Salinia Field Institute,1358,,N.A.,10/10/2014,10/10/2014,,,3,
EYASI,EYASI,1359,,,7/3/2011,7/4/2011,,,,
F11-91-HW,F11-91-HW,1360,Farnella,Farnella,NULL,NULL,,,,
F4-F5,F4-F5,1361,,,NULL,NULL,,,,
FAI,FAI,1362,,,3/31/2008,2/28/2009,,,,
Fajsz-Garadomb 2016,Fajsz-Garadomb 2016,1363,,,4/17/2016,11/28/2016,,,,
Fajsz-Kovacshalom 2016,Fajsz-Kovacshalom 2016,1364,,,4/17/2016,10/31/2016,,,,
FALK,FALK,1365,,,1/8/2016,2/6/2016,,,,
Faltikögerl 2014; LOEWE-Project â€žPrehistoric conflict research. Bronze age Hillforts between Taunus and Carpathian Mountainsâ€œ,Faltikögerl 2014; LOEWE-Project,1366,,N.A.,6/2/2015,8/2/2016,Prehistoric conflict research. Bronze age Hillforts between Taunus and Carpathian Mountains,,15,
Faltikögerl 2014; LOEWE-Project: Prehistoric conflict research. Bronze age Hillforts between Taunus and Carpathian Mountains.,Faltikögerl 2014; LOEWE-Project,1366,,N.A.,10/9/2014,10/10/2014,Prehistoric conflict research. Bronze age Hillforts between Taunus and Carpathian Mountains,,15,
Faranella Cruise F7-86-HW (F7-86-HW),Faranella Cruise F7-86-HW (F7-86-HW),1367,Farnella,Farnella,NULL,NULL,,,7,
FARGO,FARGO,1368,,,6/22/2012,6/24/2012,,,,
Faughan Hill 2016; Tara Landscape-Project,Faughan Hill 2016; Tara Landscape-Project,1369,,,6/14/2016,2/23/2017,,,,
FBOM,FBOM,1370,,,12/30/2007,10/31/2009,,,,
FC-RI-01,FC-RI-01,1371,Unknown,Unknown,NULL,NULL,,,,
Feb-Mar 2022 campaign,Feb-Mar 2022 campaign,1372,,,NULL,NULL,,,,
FEN,FEN,1373,,,12/30/2006,12/30/2006,,,,
Fernandina,Fernandina,1374,,,12/31/2014,12/31/2014,,,,
FHPP,FHPP,1375,,,5/31/2009,8/3/2009,,,,
FIE,FIE,1376,R/V Seawolf,R/V Seawolf,1/15/2013,1/15/2013,,,7,
field program/cruise,field program/cruise,1377,,N.A.,9/9/2018,9/9/2018,,,,
Field Study,Field Study,1378,,N.A.,2/19/2023,2/19/2023,,,3,
Field Study and Mapping,Field Study and Mapping,1379,,N.A.,6/21/2023,6/21/2023,,,3,
Field Survey,Field Survey,1380,,N.A.,NULL,NULL,,,3,
Field Survey 1,Field Survey 01,1381,,N.A.,NULL,NULL,,,3,
Field Survey 2,Field Survey 02,1382,,N.A.,NULL,NULL,,,3,
Field Survey 3,Field Survey 03,1383,,N.A.,NULL,NULL,,,3,
Field Survey 4,Field Survey 04,1384,,N.A.,NULL,NULL,,,3,
Field Survey 5,Field Survey 05,1385,,N.A.,NULL,NULL,,,3,
Field Survey 6,Field Survey 06,1386,,N.A.,NULL,NULL,,,3,
Field Survey 7,Field Survey 07,1387,,N.A.,NULL,NULL,,,3,
Field Survey 8,Field Survey 08,1388,,N.A.,NULL,NULL,,,3,
Field Survey 9,Field Survey 09,1389,,N.A.,NULL,NULL,,,3,
Field Survey 10,Field Survey 10,1390,,N.A.,NULL,NULL,,,3,
Field Survey 11,Field Survey 11,1391,,N.A.,NULL,NULL,,,3,
Field Survey 12,Field Survey 12,1392,,N.A.,NULL,NULL,,,3,
Field Survey 13,Field Survey 13,1393,,N.A.,NULL,NULL,,,3,
Field Survey 15,Field Survey 15,1394,,N.A.,NULL,NULL,,,3,
Field Survey 16,Field Survey 16,1395,,N.A.,NULL,NULL,,,3,
Field Survey 17,Field Survey 17,1396,,N.A.,NULL,NULL,,,3,
Field Survey 18,Field Survey 18,1397,,N.A.,NULL,NULL,,,3,
Field Survey 19,Field Survey 19,1398,,N.A.,NULL,NULL,,,3,
Field Survey 20,Field Survey 20,1399,,N.A.,NULL,NULL,,,3,
Field Survey 21,Field Survey 21,1400,,N.A.,NULL,NULL,,,3,
Field Survey 22,Field Survey 22,1401,,N.A.,NULL,NULL,,,3,
Field Survey 23,Field Survey 23,1402,,N.A.,NULL,NULL,,,3,
Field Survey 24,Field Survey 24,1403,,N.A.,NULL,NULL,,,3,
Field Survey 25,Field Survey 25,1404,,N.A.,NULL,NULL,,,3,
Field trip,Field trip,1405,,N.A.,NULL,NULL,,,3,
Field work and Laboratory,Field work and Laboratory,1406,,N.A.,NULL,NULL,,,3,
FIN,FIN,1407,,,12/30/2006,12/30/2006,,,,
FINGER,FINGER,1408,RV Happy,RV Happy,6/28/2010,6/28/2010,,,7,
FISH,FISH,1409,RV KRKII,RV KRKII,6/11/2007,6/18/2007,,,7,
FIW,FIW,1410,R/V Seawolf,R/V Seawolf,1/15/2013,1/15/2013,,,7,
FK160320,FK160320,1411,Falkor,R/V Falkor,3/27/2016,3/28/2016,,,7,
FK161129,FK161129,1412,,,12/1/2016,12/18/2016,,,,
FK170825,FK170825,1413,R/V Falkor,R/V Falkor,9/10/2017,9/26/2017,,,7,
FK171110,FK171110,1414,R/V Falkor,R/V Falkor,11/25/2017,12/16/2017,,,7,
FK171110,FK171110 ROV,1415,Subastian,Subastian,11/26/2017,12/15/2017,,,,
FK171110,FK171110 ROV,1415,SuBastian,SuBastian,11/26/2017,12/15/2017,,,,
FK181031,FK181031,1416,R/V Falkor,R/V Falkor,11/10/2018,11/21/2018,,,7,
FKt_230303,FKt_230303,1417,,,3/11/2023,4/4/2023,,,,
FKt230918,FKt_230918,1418,R/V Falkor (too),R/V Falkor (too),9/18/2023,10/9/2023,,,7,
FL1,FL1,1419,RV KRKII,RV KRKII,12/30/2000,12/30/2000,,,7,
FL11,FL11,1420,,,8/10/2011,8/11/2011,,,,
FL2,FL2,1421,RV KRKII,RV KRKII,12/30/2003,12/30/2003,,,7,
FLAM,FLAM,1422,,,6/14/2009,6/14/2009,,,,
FLAMINGO/MV1007,FLAMINGO/MV1007,1423,,,5/30/2010,6/14/2010,,,,
FLS11,FLS11,1424,,,4/11/2009,3/31/2011,,,,
FNDP1,FNDP1,1425,,,12/30/2004,12/30/2004,,,,
FNDP2,FNDP2,1426,,,12/30/2005,12/30/2005,,,,
Fondo Maria Viñas (FMV_1_2019_1_156244) ,Fondo Maria Viñas (FMV_1_2019_1_156244) ,1427,,,8/31/2019,8/31/2019,,,,
Forearc Succession Project,Forearc Succession Project,1428,,,NULL,NULL,,,,
Forearc-Succession Project,Forearc-Succession Project,1429,,,NULL,NULL,,,,
FOREVER,FOREVER,1430,L'Atalante,L'Atalante,4/14/2006,4/26/2006,,,,
Four Metals,Four Metals,1431,,,NULL,NULL,,,,
FOY,FOY,1432,,,1/31/2002,1/31/2002,,,,
Frankfurt-Heddernheim 2016; In der Römerstadt 120,Frankfurt-Heddernheim 2016; In der Römerstadt 120,1433,,,9/10/2016,10/30/2016,,,,
FS14 GLG862,FS14 GLG862,1437,,,9/25/2014,9/25/2014,,,,
FS14 GLG863,FS14 GLG863,1438,,,9/25/2014,9/25/2014,,,,
FS16 GLG862,FS16 GLG862,1439,,,10/6/2016,10/6/2016,,,,
FTB,FTB,1440,,,7/31/2005,7/31/2005,,,,
FUcino Tephrochronology Unites Quaternary REcords (FUTURE),FUcino Tephrochronology Unites Quaternary REcords (FUTURE),1441,,,6/4/2017,6/4/2017,,,,
FUM,FUM,1442,RV Neuston,RV Neuston,8/20/2007,8/21/2007,,,7,
FUM2,FUM2,1443,RV Neuston,RV Neuston,8/16/2010,8/23/2010,,,7,
Funza,Funza,1444,,,NULL,NULL,,,,
G-081,G-081,1445,,,11/13/2010,11/30/2010,,,,
G-094-P,G-094-P,1446,,,2/18/2014,2/28/2014,,,,
G16,G16,1447,,,5/31/2016,5/31/2016,,,,
G438,G438,1448,,,12/4/2004,1/1/2005,,,,
G76-5,G76-5,1449,Gyre,Gyre,NULL,NULL,,,,
G76-6,G76-6,1450,Gyre,Gyre,NULL,NULL,,,,
GBH-RI-1,GBH-RI-1,1451,Unknown,Unknown,NULL,NULL,,,,
GCS-RI-1,GCS-RI-1,1452,Unknown,Unknown,NULL,NULL,,,,
GECS0IMV,GECS0IMV,1453,Melville,R/V Melville,NULL,NULL,,,7,
GEGO,GEGO,1454,,,2/14/2011,5/16/2014,,,,
Geist Wolf Volcano,Geist Wolf Volcano,1455,,,12/31/1994,12/31/1994,,,,
GEM GeoNorth Cordillera,GEM GeoNorth Cordillera,1456,,,7/29/2023,7/30/2023,,,,
GEM2,GEM2,1457,,,7/14/2018,7/14/2018,,,,
GEM-Cordillera,GEM-Cordillera,1458,,,NULL,NULL,,,,
GEO3BCN-TNF2020,GEO3BCN-TNF2020,1459,,,2/29/2020,2/29/2020,,,,
GEO3BCN-TNF2021,GEO3BCN-TNF2021,1460,,,NULL,NULL,,,,
Geochemical Evidence for Dust,Geochemical Evidence for Dust,1461,,,12/31/2000,12/31/2000,,,,
Geochemical Evidence of Dust,Geochemical Evidence for Dust,1461,,,12/31/1985,12/31/1985,,,,
Geological survey in the Shannan area,Geological survey in the Shannan area,1462,,,NULL,NULL,,,,
Geological Survey of Western Australia field trip,Geological Survey of Western Australia field trip,1463,,N.A.,3/29/2005,5/25/2014,,,3,
Geological Survey of Western Australia Field Trip,Geological Survey of Western Australia field trip,1463,,N.A.,NULL,NULL,,,3,
Alsóhetény 2015; Geomagnetic Prospecting in Hungary,Geomagnetic Prospecting in Hungary 2015,1464,,unknown,11/9/2015,11/9/2015,Alsóhetény 2015; Geomagnetic Prospecting in Hungary,,,
Alsóhetény 2015; Geomagnetic Prospecting in Hungary,Geomagnetic Prospecting in Hungary 2015,1464,,unknown,11/10/2015,5/14/2017,Alsóhetény 2015; Geomagnetic Prospecting in Hungary,,,
Kapospula 2015; Geomagnetic Prospecting in Hungary,Geomagnetic Prospecting in Hungary 2015,1464,,unknown,11/9/2015,9/16/2018,Kapospula 2015; Geomagnetic Prospecting in Hungary,,,
Keszthely 2015; Geomagnetic Prospecting in Hungary,Geomagnetic Prospecting in Hungary 2015,1464,,unknown,11/7/2015,5/15/2017,Keszthely 2015; Geomagnetic Prospecting in Hungary,,,
Sormás 2015; Geomagnetic Prospecting in Hungary,Geomagnetic Prospecting in Hungary 2015,1464,,unknown,10/26/2015,10/27/2015,Sormás 2015; Geomagnetic Prospecting in Hungary,,,
Geoprisms,Geoprisms,1465,,,8/11/2015,8/11/2015,,,,
GeoPrisms 2015,GeoPRISMS 2014,1466,,,8/8/2015,8/22/2015,,,,
GeoPRISMS 2015 ,GeoPRISMS 2015 ,1467,,,NULL,NULL,,,,
GeoPrisms 2015 IFM,GeoPrisms 2015 IFM,1468,,,8/10/2015,8/20/2015,,,,
GeoPrisms 2015 IFM to Unimak,GeoPRISMS 2015 IFM to Unimak,1469,,,8/14/2015,8/25/2015,,,,
GeoPRISMS 2015 IFM to Unimak,GeoPRISMS 2015 IFM to Unimak,1469,,,8/20/2015,8/20/2015,,,,
GeoPrisms 2016,GeoPrisms 2016,1470,,,7/27/2016,7/27/2016,,,,
GeoPrisms 2016 IFM,GeoPrisms 2016 IFM,1471,,,7/21/2016,7/28/2016,,,,
GeoPRISMS collaboration,GeoPRISMS collaboration,1472,,,12/6/2017,12/16/2017,,,,
GeoPRISMS Western Aleutians 2015,GeoPRISMS Western Aleutians 2015,1473,Maritime Maid,Maritime Maid,NULL,NULL,,,,
GEORSTOM III SUD,GEORSTOM III SUD,1474,Le Noroit,Le Noroit,9/30/1975,9/30/1975,,,,
GEOSCIENCES 1,GEOSCIENCES 1,1475,,,1/19/2001,8/20/2001,,,,
Geotraces EPZT,Geotraces EPZT,1476,Thomas G Thompson ,R/V Thomas G. Thompson,11/2/2013,12/17/2013,,,7,
GEP,GEP,1477,,,7/12/2013,7/15/2013,,,,
GH87-3,GH87-3,1478,R/V Hakurei-Maru,R/V Hakurei-Maru,8/24/1987,8/24/1987,,,7,
GH87-3,GH87-3,1478,R/V Hakurei-maru,R/V Hakurei-Maru,NULL,NULL,,,7,
GHB-RI-1,GHB-RI-1,1479,Unknown,Unknown,NULL,NULL,,,,
GI,GI,1480,,,10/5/2012,10/9/2012,,,,
GIDA,GIDA,1481,,,2/17/2017,2/17/2017,,,,
GIDA1,GIDA1,1482,,,2/16/2007,2/16/2007,,,,
GIE SUD ATLANTIQUE,GIE SUD ATLANTIQUE,1483,,,5/27/2017,5/27/2017,,,,
3020,Giljanes-3020,1484,FV Giljanes,FV Giljanes,3/31/1994,3/31/1994,"one sample; dredge, from ship FV Giljanes",,7,
Gillis,Gillis,1485,,,NULL,NULL,,,,
GINNA,GINNA,1486,,,6/10/1999,9/18/1999,,,,
GISP2,GISP2,1487,,,NULL,NULL,,,,
GL07,GL07,1488,Melville Gloria,R/V Melville,5/11/1993,5/27/1993,,,7,
GL103,GL103,1489,Gilliss,R/V Gilliss,7/28/1978,8/24/1978,,,7,
GL104,GL104,1490,Gilliss,R/V Gilliss,9/5/1978,9/21/1978,,,7,
GL107,GL107,1491,Gilliss,R/V Gilliss,10/20/1979,10/26/1979,,,7,
GL76,GL76,1492,USCGC Glacier,USCGC Glacier,12/31/1975,12/31/1975,,,,
GL76,GL76,1492,,,12/31/1975,12/31/1975,,,,
GL78,GL78,1493,USCGC Glacier,USCGC Glacier,12/31/1977,12/31/1977,,,,
GL78,GL78,1493,,,12/31/1977,12/31/1977,,,,
GLAD1,GLAD01,1494,RV Kerry Kelts,RV Kerry Kelts,8/12/2000,12/30/2000,,,7,
GLAD11,GLAD11,1502,,,3/16/2009,3/31/2009,,,,
GLAD11; NSF EAR 06-02471,GLAD11; NSF EAR 06-02471,1503,,,12/31/2008,12/31/2008,,,,
GLAD2,GLAD02,1495,RV Kerry Kelts,RV Kerry Kelts,12/30/2001,12/30/2001,,,7,
GLAD4,GLAD04,1496,,,12/30/2003,12/30/2003,,,,
GLAD5,GLAD05,1497,,,12/30/2004,12/30/2004,,,,
GLAD6,GLAD06,1498,RV Kerry Kelts,RV Kerry Kelts,12/30/2004,12/30/2004,,,7,
GLAD7,GLAD07,1499,RV Viphya,RV Viphya,2/28/2005,2/28/2005,,,7,
GLAD8,GLAD08,1500,RV Kerry Kelts,RV Kerry Kelts,12/30/2005,12/30/2005,,,7,
GLAD8,GLAD08,1500,,,12/30/2005,12/30/2005,,,,
GLAD9,GLAD09,1501,RV Kerry Kelts,RV Kerry Kelts,3/31/2006,3/31/2006,,,7,
GLOR04MV,GLORIA04MV,1504,Melville,R/V Melville,NULL,NULL,,,7,
GLOR07MV,GLORIA07MV,1505,Melville,R/V Melville,NULL,NULL,,,7,
GLOR07MV,GLORIA07MV,1505,R/V Melville,R/V Melville,5/11/1993,5/27/1993,,,7,
GLOR08MV,GLORIA08MV,1506,Melville,R/V Melville,NULL,NULL,,,7,
GLORIA04MV,GLORIA04MV,1504,Melville,R/V Melville,1/17/1993,1/30/1993,,,7,
GLORIA07MV,GLORIA07MV,1505,Melville,R/V Melville,5/12/1993,5/27/1993,,,7,
GLORIA08MV,GLORIA08MV,1506,Melville,R/V Melville,6/2/1993,6/25/1993,,,7,
GMSP,GMSP,1507,,,1/29/2009,1/31/2009,,,,
GNP,GNP,1508,,,7/2/2005,7/30/2014,,,,
GNS cruise RE9302-D3,GNS cruise RE9302-D3,1509,Akademik M.A. Lavrentyev,Akademik M.A. Lavrentyev,7/31/1993,7/31/1993,,,7,
GNY,GNY,1510,,,2/19/2008,2/20/2008,,,,
GO34,GO34,1511,Goldberger,Goldberger,6/12/1960,6/12/1960,,,,
GO35,GO35,1512,Goldberger,Goldberger,6/20/1960,6/20/1960,,,,
GO60,GO60,1513,Goldberger,Goldberger,7/12/1960,12/5/1960,,,,
GO61,GO61,1514,Goldberger,Goldberger,7/2/1961,7/2/1961,,,,
GO62,GO62,1515,Goldberger,Goldberger,6/20/1962,8/29/1962,,,,
GO-8-62,GO-8-62,1516,Goldberger,Goldberger,7/3/1962,7/4/1962,,,,
GOS137,GOS137,1517,Gosnold,Gosnold,10/17/1968,10/17/1968,,,,
GOS39,GOS39,1518,Gosnold,Gosnold,3/1/1964,3/4/1964,,,,
GOS73,GOS73,1519,Gosnold,Gosnold,7/12/1965,7/18/1965,,,,
GOS96,GOS96,1520,Gosnold,Gosnold,1/31/1967,2/11/1967,,,,
GOS97,GOS97,1521,Gosnold,Gosnold,3/14/1967,3/21/1967,,,,
GOTHOT,GOTHOT,1522,,,8/1/2016,8/15/2017,,,,
GPF-1 program,GPF-1 program,1523,,,1/31/2022,1/31/2022,,,,
GPFG,GPFG,1524,RV Happy,RV Happy,5/23/2017,5/23/2017,,,7,
GR74,GR74,1525,Researcher,Researcher,3/18/1974,4/30/1974,,,,
GR75,GR75,1526,Researcher,Researcher,3/11/1975,9/13/1975,,,,
GR76,GR76,1527,Researcher,Researcher,5/25/1976,7/20/1976,,,,
GR77,GR77,1528,Researcher,Researcher,4/25/1977,5/6/1978,,,,
GR78,GR78,1529,Researcher,Researcher,5/9/1978,9/21/1978,,,,
Grand Canyon Fieldwork 2021,Grand Canyon Fieldwork 2021,1530,,N.A.,4/10/2021,4/16/2021,,,3,
Granite,Granite,1531,,,NULL,NULL,,,,
GRAVILUCK,GRAVILUCK,1532,Atalante,Atalante,8/9/2006,9/8/2006,,,,
GRCO,GRCO,1533,,,12/30/2016,12/30/2016,,,,
GREECO,GREECO,1534,,,NULL,NULL,,,,
GREEN,GREEN,1535,,,8/17/2010,9/4/2010,,,,
GREEN2,GREEN2,1536,,,8/18/2011,8/29/2011,,,,
GREENEDGE2014,GREENEDGE2014,1537,,,4/19/2014,7/19/2014,,,,
GREENEDGE2015,GREENEDGE2015,1538,,,5/19/2015,9/29/2015,,,,
Greyhound 3293,Greyhound 3293,1539,,,NULL,NULL,,,,
GRIS,GRIS,1540,,,7/2/2016,8/13/2016,,,,
GS7202,GS7202,1541,R/V Gilliss,R/V Gilliss,5/13/1972,5/13/1972,,,7,
GS7603,GS7603,1542,Gilliss,R/V Gilliss,NULL,NULL,,,7,
GS7605,GS7605,1543,Gilliss,R/V Gilliss,NULL,NULL,,,7,
GS7605,GS7605,1543,James M. Gilliss,R/V Gilliss,5/19/1976,5/19/1976,,,7,
GS7901,GS7901,1544,Gilliss,R/V Gilliss,NULL,NULL,,,7,
GSJ,"GSJ 1986, 1995",1546,R/V Tansei- Maru,R/V Tansei-Maru,12/31/1995,12/31/1995,,,7,
GSJ,"GSJ 1986, 1995",1546,,,12/31/1986,12/31/1986,,,,
GSNL bedrock mapping,GSNL bedrock mapping,1547,,,8/8/2020,8/7/2023,,,,
GTB,GTB,1548,,,7/1/2014,7/1/2014,,,,
Gulf of California 2003,Gulf of California 2003,1549,R/V Western Flyer,R/V Western Flyer,4/10/2003,4/16/2003,,,7,
Gulf of California 2012,Gulf of California 2012,1550,R/V Western Flyer,R/V Western Flyer,4/22/2012,4/28/2012,,,7,
Gulf of California 2015,Gulf of California 2015,1551,R/V Western Flyer,R/V Western Flyer,4/4/2015,4/24/2015,,,7,
GulfOfCalifornia:Schmitt,Gulf of California:Schmitt,1552,NotApplicable,N.A.,4/30/2009,4/30/2009,,,,
GulfOfCalifornia:Stock,Gulf of California:Stock,1553,NotApplicable,N.A.,2/4/2008,5/30/2009,,,,
GulfOfCalifornia:Umhoefer,Gulf of California:Umhoefer,1554,NotApplicable,N.A.,NULL,NULL,,,,
GUST,GUST,1555,,,1/5/2010,2/17/2016,,,,
GYRE 83-G9 station 6 1250m,GYRE 83-G9 station 6,1556,,,NULL,NULL,,,,
GYRE 83-G9 station 6 2200m,GYRE 83-G9 station 6,1556,,,NULL,NULL,,,,
GYRE 83-G9 station 6 3000m,GYRE 83-G9 station 6,1556,,,NULL,NULL,,,,
Hak Maru Cruise Cygnus Stn 5,Hak Maru Cruise Cygnus Stn 5,1557,Hak Maru,R/V Hakuho Maru,5/3/1980,5/3/1980,Hak Maru Cruise Cygnus Stn 5,,7,
"Hak. Maru Cygnus cruise station 5, 1700m",Hak Maru Cruise Cygnus Stn 5,1557,Hak. Maru,R/V Hakuho Maru,5/3/1980,5/3/1980,"Hak. Maru Cygnus cruise station 5, 1700m",,7,
Hak Maru Cruise Cygnus Stn 6,Hak Maru Cruise Cygnus Stn 6,1558,Hak Maru,R/V Hakuho Maru,5/6/1980,5/6/1980,Hak Maru Cruise Cygnus Stn 6,,7,
Hak. Maru Cygnus cruise station 6 1000m,Hak Maru Cruise Cygnus Stn 6,1558,Hak. Maru,R/V Hakuho Maru,5/6/1980,5/6/1980,Hak. Maru Cygnus cruise station 6 1000m,,7,
Hak. Maru Cygnus cruise station 6 1500m,Hak Maru Cruise Cygnus Stn 6,1558,Hak. Maru,R/V Hakuho Maru,5/6/1980,5/6/1980,Hak. Maru Cygnus cruise station 6 1500m,,7,
Hak Maru Cruise Cygnus Stn 8,Hak Maru Cruise Cygnus Stn 8,1559,Hak Maru,R/V Hakuho Maru,5/10/1980,5/10/1980,Hak Maru Cruise Cygnus Stn 8,,7,
Hak Maru Cruise Cygnus Stn 9,Hak Maru Cruise Cygnus Stn 9,1560,Hak Maru,R/V Hakuho Maru,5/15/1980,5/15/1980,Hak Maru Cruise Cygnus Stn 9,,7,
HAMP,HAMP,1561,,,12/30/2005,12/30/2005,,,,
Harford Basin Provenance,Harford Basin Provenance,1562,,,6/17/2015,4/22/2022,,,,
Harpp Española,Harpp Española,1563,,,6/30/2015,6/30/2015,,,,
Harpp Geist Floreana Island,Harpp Geist Floreana Island,1564,,,6/30/2003,6/30/2003,,,,
Harpp Genovesa,Harpp Genovesa,1565,,,12/31/1998,12/31/1998,,,,
Harpp San Cristobal,Harpp San Cristobal,1566,,,6/30/2016,6/30/2016,,,,
Harpp Santa Cruz,Harpp Santa Cruz,1567,,,6/30/2015,6/30/2015,,,,
Harpp Santa Cruz/Rabida,Harpp Santa Cruz/Rabida,1568,,,6/30/2012,6/30/2012,,,,
Harpp Wolf Island,Harpp Wolf Island,1569,,,6/30/2002,6/30/2002,,,,
Harriman Alaska Expedition,Harriman Alaska Expedition,1570,,,NULL,NULL,,,,
Harriman Alaska Expedition 1899,Harriman Alaska Expedition 1899,1571,,,NULL,NULL,,,,
"Harriman Alaska Expedition, Specimen List",Harriman Alaska Expedition,1570,,,NULL,NULL,,,,
HAW1,HAW1,1572,,,9/14/2003,12/30/2003,,,,
HAW2,HAW2,1573,,,2/24/2005,2/24/2005,,,,
HAW3,HAW3,1574,,,6/30/2010,6/30/2010,,,,
Hawaii 2001,Hawaii 2001,1575,R/V Western Flyer,R/V Western Flyer,4/1/2001,5/17/2001,,,7,
Hawaii cruise MD-1 Station 6 0m,Hawaii cruise MD-1 Station 6,1576,HAWAII,HAWAII,2/17/1974,2/17/1974,Hawaii cruise MD-1 Station 6 0m,,7,
Hawaii cruise MD-1 Station 6 100m,Hawaii cruise MD-1 Station 6,1576,HAWAII,HAWAII,2/17/1974,2/17/1974,Hawaii cruise MD-1 Station 6 100m,,7,
Hawaii cruise MD-1 Station 6 3000m,Hawaii cruise MD-1 Station 6,1576,HAWAII,HAWAII,2/17/1974,2/17/1974,Hawaii cruise MD-1 Station 6 3000m,,7,
Hawaii cruise MD-1 Station 6 600m,Hawaii cruise MD-1 Station 6,1576,HAWAII,HAWAII,2/17/1974,2/17/1974,Hawaii cruise MD-1 Station 6 600m,,7,
Hawaii GLORIA Ground-Truth Cruise (F11-88-HW),Hawaii GLORIA Ground-Truth Cruise (F11-88-HW),1577,Farnella,Farnella,NULL,NULL,,,7,
Hawaii GLORIA Ground-Truth Cruise (F2-88-HW),Hawaii GLORIA Ground-Truth Cruise (F2-88-HW),1578,Farnella,Farnella,NULL,NULL,,,7,
Hawaii Institute of Geophysics MIDWAY Cruise (72HIG),Hawaii Institute of Geophysics MIDWAY Cruise (72HIG),1579,Kana Keoki,R/V Kana Keoki,NULL,NULL,,,7,
HAWAII Y74-3 station 49 100m,HAWAII Y74-3 station 49,1580,,,12/4/1974,12/4/1974,,,,
HAWAII Y74-3 station 49 200m,HAWAII Y74-3 station 49,1580,,,12/4/1974,12/4/1974,,,,
HAWAII Y74-3 station 49 3500m,HAWAII Y74-3 station 49,1580,,,12/4/1974,12/4/1974,,,,
HAWAII Y74-3 stn49 2500m,HAWAII Y74-3 station 49,1580,,,12/4/1974,12/4/1974,,,,
HAWAII Y74-3 stn49 500m,HAWAII Y74-3 station 49,1580,,,12/4/1974,12/4/1974,,,,
HAWS,HAWS,1581,,,7/7/2015,7/16/2015,,,,
HAY,HAY,1582,,,12/30/2002,12/30/2002,,,,
HB96,HB96,1583,Humboldt Bay,Humboldt Bay,6/25/1996,6/28/1996,,,,
HEA02,HEA02,1584,Healy,USCGC Healy,NULL,NULL,,,,
Healy 0102,Healy 0102,1585,,,NULL,NULL,,,,
HEALY02,HEALY02,1586,Healy,USCGC Healy,NULL,NULL,,,,
HEB,HEB,1587,,,8/13/1997,8/13/1997,,,,
HECI,HECI,1588,RV EZR Diane,RV EZR Diane,9/5/2010,10/13/2010,,,7,
HERB,HERB,1589,,,12/30/1962,2/28/2006,,,,
HERD,HERD,1590,,,7/28/2011,9/25/2013,,,,
HEYV,HEYV Neuston 2014 or LeConte 2017,1591,RV LeConte,RV LeConte,8/29/2017,8/29/2017,,,7,
HEYV,HEYV Neuston 2014 or LeConte 2017,1591,RV Neuston,RV Neuston,9/17/2014,9/17/2014,,,7,
HFNZ,HFNZ,1592,,,2/20/2008,3/4/2008,,,,
HFNZ2,HFNZ2,1593,,,3/4/2009,3/8/2009,,,,
HGA,HGA,1594,,,6/29/2005,6/29/2011,,,,
HLY 0102,HLY0102,1595,USCGCÂ Healy,USCGC Healy,8/24/2001,8/24/2001,,,,
HLY-01-02,HLY0102,1595,Healy,USCGC Healy,8/6/2001,9/24/2001,,,,
HLY0102,HLY0102,1595,USCGC HEALY ,USCGC Healy,NULL,NULL,,,,
HLY0805,HLY0805,1596,USCGC HEALY,USCGC Healy,8/30/2008,9/3/2008,,,,
HLY0805,HLY0805,1596,USCGC Healy,USCGC Healy,8/30/2008,9/3/2008,,,,
HLY0905,HLY0905,1597,USCGC Healy,USCGC Healy,9/6/2009,9/11/2009,,,,
HLY0905,HLY0905,1597,,USCGC Healy,9/6/2009,9/11/2009,,,,
HLY1002,HLY1002,1598,USCCGC Healy,USCGC Healy,9/1/2010,9/1/2010,,,,
HLY1002,HLY1002,1598,USCGC Healy,USCGC Healy,8/10/2010,9/1/2010,,,,
HLY1202,HLY1202,1599,Healy,USCGC Healy,9/16/2012,9/22/2012,,,,
HLY1603,HLY1603,1600,USCGC HEALY,USCGC Healy,9/23/2016,9/23/2016,,,,
HLY1603,HLY1603,1600,USCGC Healy,USCGC Healy,9/23/2016,9/23/2016,,,,
HMC,HMC,1601,,,8/19/2014,8/20/2014,,,,
Ruffenhofen 2015-2017; Limites-Project/Space development and roman-german interactions-Project,Ruffenhofen 2015-2017; Limites-Project/Space development and roman-german interactions-Project,3174,,,7/6/1905,4/13/2022,,,,
Hollings2023,Hollings2023,1602,,,6/30/2023,6/30/2023,,,,
Hopedale2022,Hopedale2022,1603,,,8/8/2022,8/14/2022,,,,
Hopedale2023,Hopedale2023,1604,,,7/27/2023,8/3/2023,,,,
HOTSPOT,HOTSPOT,1605,,,6/14/2011,8/31/2011,,,,
HPP,HPP,1606,,,NULL,NULL,,,,
LIS1303,LIS1303 Prichard or Seawolf,2043,RV Pritchard,R/V Donald Pritchard,6/12/2013,6/12/2013,,,7,
HS06,HS06,1608,Hugh Sharp,Hugh Sharp,6/23/2006,6/26/2006,,,,
HSPDP,HSPDP,1609,,,6/10/2013,11/27/2014,,,,
HU,HU,1610,,,7/7/2015,7/7/2015,,,,
HUD19-66,HUD19-66,1611,Hudson,Hudson,NULL,NULL,,,,
HUD80016,HUD80016,1612,Hudson,Hudson,NULL,NULL,,,,
Hudson resampling,Hudson resampling,1613,,,1/12/2020,1/12/2020,,,,
Hudson resampling ,Hudson resampling,1613,,,1/6/2020,1/13/2020,,,,
HV97,HV97,1614,New York Bight,New York Bight,9/13/1997,9/13/1997,,,,
HV98,HV98,1615,New York Bight,New York Bight,12/2/1998,12/2/1998,,,,
HYBLA,HYBLA,1616,,,12/30/2008,3/31/2012,,,,
HYDROCAL 2023 field campaign,HYDROCAL 2023 field campaign,1617,,N.A.,8/27/2023,9/3/2023,,,3,
HYDROSNAKE,HYDROSNAKE,1618,Nadir,Nadir,6/24/1988,7/9/1988,,,,
HYPO01MV,HYPO01MV,1619,Melville,R/V Melville,NULL,NULL,,,7,
I1176,I1176,1620,Islas Orcadas,ARA Islas Orcadas,11/19/1976,12/8/1976,,,7,
IARA,IARA,1621,,,8/18/2014,8/24/2014,,,,
IASU,IASU,1622,,,1/25/2014,8/9/2014,,,,
IATOS17/12/12,IATOS17/12/12,1623,,,12/16/2012,12/16/2012,,,,
IBM:Fischer,IBM:Fischer,1624,NotApplicable,N.A.,5/18/2003,8/2/2005,,,,
IBM:Kent,IBM:Kent,1625,Not Applicable,N.A.,8/31/2003,8/31/2003,,,,
IBM:Kent,IBM:Kent,1625,NotApplicable,N.A.,8/31/2003,8/31/2003,,,,
"ICDP 5045 ""SCOPSCO""",ICDP 5045 SCOPSCO,1626,DLDS,DLDS,NULL,NULL,,,,
ICDP Collisional Orogeny in the Scandinavian Caledonides (COSC) project,ICDP Collisional Orogeny in the Scandinavian Caledonides (COSC),1627,,,NULL,NULL,,,,
ICE1,ICE1,1628,,,12/30/2002,12/30/2002,,,,
ICE2,ICE2,1629,,,12/30/2004,12/30/2004,,,,
ICE3,ICE3,1630,,,12/30/2007,12/30/2007,,,,
ICE4,ICE4,1631,,,8/3/2008,12/30/2008,,,,
ICE5,ICE5,1632,,,12/30/2009,12/30/2009,,,,
ICE6,ICE6,1633,,,1/31/2010,3/11/2010,,,,
ICEB2,ICEB2,1634,,,8/14/2010,8/21/2010,,,,
ICEBERG,ICEBERG,1635,,,7/19/2001,7/19/2001,,,,
ICES17,ICES17,1636,,,8/21/2017,8/22/2017,,,,
ICO,ICO,1637,,,7/24/2006,7/25/2006,,,,
Idaho National Laboratory (INL),Idaho National Laboratory (INL),1638,,,5/15/2011,5/29/2012,,,,
Idaho State University,Idaho State University,1639,,,NULL,NULL,,,,
Idaho StateMap,Idaho StateMap,1640,,,5/14/2022,5/14/2022,,,3,
Idaho Statemap FY23; Elk City project,Idaho Statemap FY23; Elk City project,1641,,,6/9/2024,6/9/2024,,,3,
IDLE,IDLE,1642,PT INCO,PT INCO,6/20/2010,6/30/2010,platforms are PT INCO or RV KRKII,,,
IDLE,IDLE,1642,RV KRKII,RV KRKII,6/29/2010,6/30/2010,platforms are PT INCO or RV KRKII,,7,
IDS,IDS,1644,,,12/30/2004,12/30/2004,,,,
IGCP-630,IGCP-630,1645,,,NULL,NULL,,,,
IGEM-HERC Project (IGEM25-004),IGEM-HERC Project (IGEM25-004),1646,,,5/21/2024,8/1/2024,,,,
Ignacio,Ignacio,1647,,,8/4/2022,9/26/2022,,,,
IGS DeLamar Project,IGS DeLamar Project,1648,,,NULL,NULL,,,,
IGS State Map Weiser,IGS State Map Weiser,1649,,,4/26/2022,5/31/2022,,,,
IGS StateMap Preston,IGS StateMap Preston,1650,,,NULL,NULL,,,3,
IGS StateMap Salmon,IGS StateMap Salmon,1651,,,NULL,NULL,,,3,
IGS StateMap Weiser,IGS StateMap Weiser,1652,,,7/17/2021,9/13/2023,,,3,
IGUANE2019,IGUANE2019,1653,,,NULL,NULL,,,,
IMAGES 101,IMAGES 101,1654,,,5/28/1995,5/28/1995,,,,
IML,IML,1655,,,6/22/2015,6/22/2015,,,,
IML Critical Zone Observatory (CZO),IML Critical Zone Observatory (CZO),1656,,N.A.,3/6/2014,3/28/2017,,,,
IN1,IN1,1657,,,12/30/2005,12/30/2005,,,,
IN2,IN2,1658,,,12/30/2006,12/30/2006,,,,
"Field work from Science ad Engineering Research Board, India sponsered project:  grant  (EMR/2014/000555) and PhD work of Mr. Shailendra Pundir",EMR-2014-000555 and Shailendra Pundir PhD project,1289,,N.A.,9/2/2015,9/11/2015,"Field work from Science ad Engineering Research Board, India sponsered project:  grant  (EMR/2014/000555) and PhD work of Mr. Shailendra Pundir",,3,
"Field work from Science and Engineering Research Board, India sponsered project:  grant  (EMR/2014/000555)",EMR-2014-000555 and Shailendra Pundir PhD project,1289,,N.A.,9/2/2015,9/11/2015,"Field work from Science ad Engineering Research Board, India sponsered project:  grant  (EMR/2014/000555) and PhD work of Mr. Shailendra Pundir",,3,
"Field work from Science and Engineering Research Board, India sponsered project:  grant  (EMR/2014/000555) and PhD work of Mr. Shailendra Pundir",EMR-2014-000555 and Shailendra Pundir PhD project,1289,,N.A.,9/2/2015,9/11/2015,"Field work from Science ad Engineering Research Board, India sponsered project:  grant  (EMR/2014/000555) and PhD work of Mr. Shailendra Pundir",,3,
INDIANA,INDIANA,1659,,,3/17/2013,3/28/2013,,,,
Initial Characterization,Initial Characterization,1660,,,7/12/2020,7/12/2020,,,,
INL Probabalistic Volcanic Hazard Assessment New Data Collection and Analysis,INL Probabalistic Volcanic Hazard Assessment New Data Collection and Analysis,1661,,,7/27/2021,7/27/2021,,,,
Intermountain West,Intermountain West,1662,,,12/31/2014,12/31/2018,,,,
Investigation of an Ancient Bald Cypress Forest in the Northern Gulf of Mexico,Investigation of an Ancient Bald Cypress Forest in the Northern Gulf of Mexico,1663,R/V Coastal Profiler,R/V Coastal Profiler,8/19/2015,7/12/2016,platforms are R/V Point Sur  or R/V Coastal Profiler,,7,
Investigation of an Ancient Bald Cypress Forest in the Northern Gulf of Mexico,Investigation of an Ancient Bald Cypress Forest in the Northern Gulf of Mexico,1663,R/V Point Sur,R/V Point Sur,7/19/2021,7/19/2021,platforms are R/V Point Sur  or R/V Coastal Profiler,,7,
IO0775,IO0775,1665,ARA Islas Orcadas,ARA Islas Orcadas,12/31/1974,12/31/1974,,,7,
IO0775,IO0775,1665,,ARA Islas Orcadas,12/31/1974,12/31/1974,,,7,
IO1176,IO1176,1666,ARA Islas Orcadas,ARA Islas Orcadas,12/31/1975,12/31/1975,,,7,
IO1176,IO1176,1666,,ARA Islas Orcadas,12/31/1975,4/9/2014,,,7,
IO1277,IO1277,1667,ARA Islas Orcadas,ARA Islas Orcadas,12/31/1976,4/9/2014,,,7,
IO1277,IO1277,1667,Islas Orcadas,ARA Islas Orcadas,12/31/1976,12/31/1976,,,7,
IO1277,IO1277,1667,,ARA Islas Orcadas,12/31/1976,4/9/2014,,,7,
IO1578,IO1578,1668,ARA Islas Orcadas,ARA Islas Orcadas,12/31/1977,12/31/1977,,,7,
IO1578,IO1578,1668,Islas Orcadas,ARA Islas Orcadas,12/31/1977,12/31/1977,,,7,
IO1578,IO1578,1668,,ARA Islas Orcadas,12/31/1977,12/31/1977,,,7,
IO1678,IO1678,4217,ARA Islas Orcadas,ARA Islas Orcadas,12/31/1977,12/31/1977,,,7,
IO1678,IO1678,4217,Islas Orcadas,ARA Islas Orcadas,12/31/1977,12/31/1977,,,7,
IO1678,IO1678,4217,,ARA Islas Orcadas,12/31/1977,12/31/1977,,,7,
IODP / DSDP,IODP / DSDP,1669,,,6/29/2004,4/16/2005,,,2,
IODP 310,IODP Expedition 310,1672,,,NULL,NULL,,,2,
IODP Exp 343,IODP Expedition 343,1677,,,NULL,NULL,,,2,
IODP / DSDP,IODP Expedition 304,1670,Joides Resolution > 304,D/V JOIDES Resolution,12/19/2004,1/2/2005,,,2,
ODP Leg 306,IODP Expedition 306,1671,Joides Resolution,D/V JOIDES Resolution,3/30/2005,4/8/2005,,,2,
IODP Expedition 322,IODP Expedition 322,1673,Chikyu,Chikyu,NULL,NULL,,,2,
Expedition 329,IODP Expedition 329,1674,D/V JOIDES Resolution,D/V JOIDES Resolution,10/24/2010,11/16/2010,copy dates,,2,
IODP Expedition 329,IODP Expedition 329,1674,D/V Joides Resolution,D/V JOIDES Resolution,10/24/2010,11/16/2010,copy dates,,2,
IODP Expedition 329,IODP Expedition 329,1674,JOIDES Resolution,D/V JOIDES Resolution,10/24/2010,11/16/2010,copy dates,,2,
IODP Expedition 329,IODP Expedition 329,1674,R/V JOIDES Resolution,D/V JOIDES Resolution,10/24/2010,11/16/2010,,,2,
IODP Expedition 333,IODP Expedition 333,1675,Chikyu,Chikyu,NULL,NULL,,,2,
IODP Expedition 341,IODP Expedition 341,1676,JOIDES Resolution,D/V JOIDES Resolution,6/6/2013,6/19/2013,,,2,
IODP Expedition 341,IODP Expedition 341,1676,,,6/3/2013,7/21/2013,,,2,
IODP Expedition 350,IODP Expedition 350,1678,RV JOIDES Resolution,D/V JOIDES Resolution,3/30/2014,5/30/2014,,,2,
IODP Expedition 351,IODP Expedition 351,1679,,,NULL,NULL,,,2,
362T,IODP Expedition 362T,1680,JOIDES Resolution,D/V JOIDES Resolution,7/11/2016,7/11/2016,,,2,
IODP Expedition 364,IODP Expedition 364,1681,,,4/7/2016,4/7/2016,,,2,
IODP Expedition 369,IODP Expedition 369,1682,R/V JOIDES Resolution,D/V JOIDES Resolution,11/4/2017,11/22/2017,,,2,
IODP 379T,IODP Expedition 379T,1683,Joides Resolution,D/V JOIDES Resolution,7/27/2019,8/13/2019,,,2,
IODP Leg 107,IODP Leg 107,1684,,,NULL,NULL,,,2,
IODP Leg 209,IODP Leg 209,1685,,,NULL,NULL,,,2,
IODP Leg 320/321,IODP Leg 320/321,1686,,,12/31/2009,12/31/2009,,,2,
IODP Leg 343,IODP Leg 343,1687,Chikyu,Chikyu,NULL,NULL,,,2,
IOWA,IOWA,1688,,,9/21/2007,9/22/2007,,,,
IOWA2,IOWA2,1689,,,6/20/2008,6/22/2008,,,,
IOWA3,IOWA3,1690,,,6/21/2009,8/11/2009,,,,
IOWA4,IOWA4,1691,,,9/10/2009,2/20/2010,,,,
IOWA5,IOWA5,1692,,,5/18/2010,7/13/2010,,,,
IPHIS,IPHIS,1693,,,7/18/1997,7/18/1997,,,,
IRG1334,IRG1334,1694,,,12/31/2003,12/31/2003,,,,
IRNP,IRNP,1695,,,8/24/2013,8/25/2013,,,,
IRSES-MEDYNA,IRSES-MEDYNA,1696,,,1/9/2017,1/9/2017,,,,
IsoMex18/05/12,IsoMex18/05/12,1697,,,5/14/2012,5/14/2012,,,,
IsoMex29/05/12,IsoMex29/05/12,1698,,,5/28/2012,5/28/2012,,,,
ISRON,ISRON,1699,,,8/4/2011,8/4/2011,,,,
ISSYK,ISSYK,1700,RV Multor,RV Multor,8/4/1997,12/30/2000,,,7,
ISSYK,ISSYK,1700,,,12/30/1999,12/30/2000,,,,
IST,IST,1701,,,8/2/2005,9/8/2005,,,,
ISTERRE / IRD14/02/12,ISTERRE / IRD14/02/12,1702,,,2/13/2012,2/13/2012,,,,
ITSAS-3,ITSAS-3,1703,,,5/9/1999,9/18/1999,,,,
IV-2,IV-2,1704,,,NULL,NULL,,,,
IWLP,IWLP,1705,,,8/9/2009,8/9/2009,,,,
IWSOE,IWSOE,1706,,,12/31/1967,12/31/1969,,,,
IWSOE68,IWSOE68,1707,USCGC Glacier,USCGC Glacier,12/31/1967,12/31/1967,,,,
IWSOE69,IWSOE69,1708,USCGC Glacier,USCGC Glacier,12/31/1968,12/31/1968,,,,
IWSOE70,IWSOE70,1709,USCGC Glacier,USCGC Glacier,12/31/1969,12/31/1969,,,,
JAMSTEC,JAMSTEC 1996 or 2004,1710,R/V Yokosuka,R/V Yokosuka,2/13/1996,2/13/1996,,,7,
JAMSTEC,JAMSTEC 1996 or 2004,1710,R/V YOKOSUKA,R/V Yokosuka,12/31/2004,12/31/2004,,,7,
JAMW,JAMW,1711,,,2/3/2018,2/4/2018,,,,
Jason Cruise,Jason Cruise,1713,Jason Platform,Jason Platform,1/11/1987,1/11/1987,,,7,
JAVA,JAVA,1714,,,12/30/1998,12/30/2002,,,,
JAX,JAX,1715,,,12/30/2007,12/30/2007,,,,
JBR,JBR,1716,,,5/16/2006,5/19/2006,,,,
JC024,JC024,1717,,,NULL,NULL,,,,
JdF04,Juan de Fuca 04,1725,Western Flyer,R/V Western Flyer,8/31/2004,8/31/2004,,,7,
JdFCL02,Juan de Fuca CL02,1726,Western Flyer,R/V Western Flyer,7/31/2002,7/31/2002,,,7,
JdFWF007,Juan de Fuca WF007,1727,Western Flyer,R/V Western Flyer,6/30/2000,6/30/2000,,,7,
"Jerusalem, Mount Zion 2022","Jerusalem, Mount Zion 2022",1718,,,8/16/2022,8/23/2022,,,,
JGA,JGA,1719,,,5/31/2011,5/31/2011,,,,
JMSM,JMSM,1720,,,10/4/2014,10/4/2014,,,,
Johnson Tract,Johnson Tract,1721,,,7/29/2022,8/12/2022,,,,
JOL1,JOL1,1722,,,5/31/2007,5/31/2007,,,,
JOL2,JOL2,1723,,,12/30/2009,12/30/2009,,,,
JSPR01NH,JSPR01NH,1724,New Horizon,New Horizon,NULL,NULL,,,,
JUDD,JUDD,1728,,,6/30/2011,6/30/2011,,,,
Jumping Brook mapping,Jumping Brook mapping,1729,,,NULL,NULL,,,,
JUNE,JUNE,1730,,,10/3/2016,10/3/2016,,,,
Justin Segal ugrad research,Justin Segal ugrad research,1731,,,NULL,NULL,,,14,
JWP01,JWP01,1732,JW Powell,JW Powell,8/29/2004,8/29/2004,,,,
JWP02,JWP02,1733,JW Powell,JW Powell,8/30/2004,8/30/2004,,,,
JWP03,JWP03,1734,JW Powell,JW Powell,8/31/2004,8/31/2004,,,,
JWP04,JWP04,1735,JW Powell,JW Powell,8/31/2004,8/31/2004,,,,
JWR,JWR,1736,,,2/17/2011,2/17/2011,,,,
K-1-81-HW,K-1-81-HW,1737,Kana Keoki,R/V Kana Keoki,NULL,NULL,,,7,
K2014,K2014,1738,,,7/24/2014,8/1/2014,,,,
KA074,KA074,1739,Kane,Kane,6/23/1974,6/24/1974,,,,
KA74,KA74,1740,Kane,Kane,6/7/1974,6/8/1974,,,,
KAK820316,KAK820316,1742,R/V Kana Keoki,R/V Kana Keoki,NULL,NULL,,,7,
Kakucs 2017,Kakucs 2017,1743,,,NULL,NULL,,,,
KANAUT 1992,KANAUT 1992,1744,Nadir,Nadir,NULL,NULL,,,,
Karlstrom trip April 2010,Karlstrom trip April 2010,1745,,,4/7/2010,4/7/2010,,,3,
KARUPA,KARUPA,1746,,,6/30/2010,7/9/2010,,,,
KAUF,KAUF,1747,,,7/10/2012,7/31/2012,,,,
KAV,KAV,1748,,,1/13/2015,1/13/2015,,,,
KCL,KCL,1749,,,NULL,NULL,,,,
KEJ89,KEJ89,1750,R/V Seward Johnson,R/V Seward Johnson,4/30/1989,4/30/1989,,,7,
KELTS,KELTS,1751,,,12/30/1992,12/30/1999,,,,
Kelvin,Kelvin,1752,,,NULL,NULL,,,,
KENAI,KENAI,1753,,,12/30/2004,12/30/2004,,,,
KERGUELEN200601/12/06,KERGUELEN200601/12/06,1754,,,11/30/2006,11/30/2006,,,,
Kerloch OCT15,Kerloch OCT15,1755,,,10/18/2015,10/18/2015,,,,
Kerr,Kerr,1756,,,NULL,NULL,,,,
Kerr RM,Kerr RM,1757,,,NULL,NULL,,,,
Kerr-McGee #2,Kerr-McGee #2,1758,,,NULL,NULL,,,,
Keweenaw Peninsula Fieldwork 2013,Keweenaw Peninsula Fieldwork 2013,1759,,N.A.,6/1/2013,6/1/2013,,,3,
Keystone 1484,Keystone 1484,1760,,,NULL,NULL,,,,
KH-17-J01,KH-17-J01,1761,Hakuho Maru,R/V Hakuho Maru,1/27/2017,1/28/2017,,,7,
KIRI,KIRI,1762,,,6/15/2017,6/18/2017,,,,
KK2-83-NP,KK2-83-NP,1763,Kana Keoki,R/V Kana Keoki,10/1/1983,10/1/1983,,,7,
KK710426-2,KK710426-2,1764,Kana Keoki,R/V Kana Keoki,6/24/1971,6/24/1971,,,7,
KK710426-2,KK710426-2,1764,,R/V Kana Keoki,7/8/1971,7/8/1971,,,7,
KK710426-5,KK710426-5,1765,,R/V Kana Keoki,11/20/1971,11/20/1971,,,7,
KK720702-2,KK720702-2,1766,,R/V Kana Keoki,7/11/1972,8/1/1972,,,7,
KK721108-3,KK721108-3,1767,Kana Keoki,R/V Kana Keoki,1/31/1973,1/31/1973,,,7,
KK721108-5,KK721108-5,1768,Kana Keoki,R/V Kana Keoki,3/7/1973,3/22/1973,,,7,
KK721108-6,KK721108-6,1769,Kana Keoki,R/V Kana Keoki,4/24/1973,4/24/1973,,,7,
KK721108-7,KK721108-7,1770,Kana Keoki,R/V Kana Keoki,4/30/1973,5/18/1973,,,7,
KK740109-1,KK740109-1,1771,Kana Keoki,R/V Kana Keoki,1/28/1974,1/30/1974,,,7,
KK740109-3,KK740109-3,1772,Kana Keoki,R/V Kana Keoki,5/3/1974,5/4/1974,,,7,
KK740109-4,KK740109-4,1773,Kana Keoki,R/V Kana Keoki,5/15/1974,5/15/1974,,,7,
KK760103-2,KK760103-2,1774,Kana Keoki,R/V Kana Keoki,3/5/1976,3/5/1976,,,7,
KK76-01-S6,KK76-01-S6,1775,Kana Keoki,R/V Kana Keoki,1/1/1976,1/1/1976,guess date based on cruise_field_prgrm name,,7,
KK760806,KK760806,1776,,R/V Kana Keoki,9/2/1976,9/2/1976,,,7,
KK760806-1,KK760806-1,1777,Kana Keoki,R/V Kana Keoki,8/10/1976,8/31/1976,,,7,
KK760806-2,KK760806-2,1778,Kana Keoki,R/V Kana Keoki,9/13/1976,9/26/1976,,,7,
KK761108,KK761108,1779,Kana Keoki,R/V Kana Keoki,11/10/1976,11/14/1976,,,7,
KK770317,KK770317,1780,,R/V Kana Keoki,5/27/1977,6/28/1977,,,7,
KK770317-4,KK770317-4,1781,Kana Keoki,R/V Kana Keoki,5/29/1977,5/29/1977,,,7,
KK770317-4,KK770317-4,1781,,R/V Kana Keoki,5/19/1977,5/24/1977,,,7,
KK770317-4 STA 40 RD 10,KK770317-4,1781,,R/V Kana Keoki,5/26/1977,5/26/1977,,,7,
KK770317-5,KK770317-5,1782,Kana Keoki,R/V Kana Keoki,6/14/1977,7/6/1977,,,7,
KK781230,KK781230,1783,,R/V Kana Keoki,5/5/1979,6/10/1979,,,7,
KK781230-5,KK781230-5,1784,Kana Keoki,R/V Kana Keoki,5/1/1979,5/7/1979,,,7,
KK790808,KK790808,1785,,R/V Kana Keoki,8/19/1979,9/14/1979,,,7,
KK790808-1,KK790808-1,1786,,R/V Kana Keoki,8/12/1979,8/30/1979,,,7,
KK790808-2 STA131 RD52,KK790808-2,1787,,R/V Kana Keoki,9/6/1979,9/6/1979,,,7,
KK791029,KK791029,1788,,R/V Kana Keoki,11/8/1979,11/14/1979,,,7,
KK8000414,KK800414,1789,,R/V Kana Keoki,5/23/1980,5/23/1980,,,7,
KK800414,KK800414,1789,,R/V Kana Keoki,5/21/1980,6/1/1980,,,7,
KK800715,KK800715,1790,,R/V Kana Keoki,7/16/1980,7/29/1980,,,7,
KK801010,KK801010,1791,Kana Keoki,R/V Kana Keoki,10/10/1980,10/10/1980,guess date based on cruise_field_prgrm name,,7,
KK810626,KK810626,1792,,R/V Kana Keoki,7/31/1981,7/31/1981,,,7,
KK810626-2,KK810626-2,1793,,R/V Kana Keoki,7/29/1981,8/20/1981,,,7,
KK810626-3,KK810626-3,1794,Kana Keoki,R/V Kana Keoki,9/5/1981,9/14/1981,,,7,
KK810626-3,KK810626-3,1794,,R/V Kana Keoki,8/29/1981,9/13/1981,,,7,
KK810626-4,KK810626-4,1795,,R/V Kana Keoki,9/21/1981,10/10/1981,,,7,
KK810626-5,KK810626-5,1796,,R/V Kana Keoki,11/2/1981,11/12/1981,,,7,
KK820316,KK820316,1797,R/V Kana Keoki,R/V Kana Keoki,NULL,NULL,,,7,
KK820316-2,KK820316-2,1798,,R/V Kana Keoki,4/3/1982,4/15/1982,,,7,
KK820316-3,KK820316-3,1799,,R/V Kana Keoki,4/26/1982,5/6/1982,,,7,
KK820316-4,KK820316-4,1800,,R/V Kana Keoki,5/20/1982,6/3/1982,,,7,
KK820317,KK820317,1801,R/V Kana Keoki,R/V Kana Keoki,NULL,NULL,,,7,
KK820318,KK820318,1802,R/V Kana Keoki,R/V Kana Keoki,NULL,NULL,,,7,
KK820319,KK820319,1803,R/V Kana Keoki,R/V Kana Keoki,NULL,NULL,,,7,
KK820320,KK820320,1804,R/V Kana Keoki,R/V Kana Keoki,NULL,NULL,,,7,
KK820321,KK820321,1805,R/V Kana Keoki,R/V Kana Keoki,NULL,NULL,,,7,
KK820322,KK820322,1806,R/V Kana Keoki,R/V Kana Keoki,NULL,NULL,,,7,
KK820323,KK820323,1807,R/V Kana Keoki,R/V Kana Keoki,NULL,NULL,,,7,
KK820324,KK820324,1808,R/V Kana Keoki,R/V Kana Keoki,NULL,NULL,,,7,
KK820325,KK820325,1809,R/V Kana Keoki,R/V Kana Keoki,NULL,NULL,,,7,
KK820326,KK820326,1810,R/V Kana Keoki,R/V Kana Keoki,NULL,NULL,,,7,
KK820327,KK820327,1811,R/V Kana Keoki,R/V Kana Keoki,NULL,NULL,,,7,
KK820328,KK820328,1812,R/V Kana Keoki,R/V Kana Keoki,NULL,NULL,,,7,
KK820329,KK820329,1813,R/V Kana Keoki,R/V Kana Keoki,NULL,NULL,,,7,
KK820330,KK820330,1814,R/V Kana Keoki,R/V Kana Keoki,NULL,NULL,,,7,
KK820903,KK820903,1815,,R/V Kana Keoki,9/5/1982,9/5/1982,,,7,
KK821007,KK821007,1816,,R/V Kana Keoki,10/8/1982,10/8/1982,,,7,
KK830116-3,KK830116-3,1817,Kana Keoki,R/V Kana Keoki,3/26/1983,4/7/1983,,,7,
KK830116-4,KK830116-4,1818,,R/V Kana Keoki,5/9/1983,5/9/1983,,,7,
KK830725,KK830725,1819,,R/V Kana Keoki,7/25/1983,7/30/1983,,,7,
KK84028-03,KK84028-03,1820,R/V KANA KEOKI,R/V Kana Keoki,12/31/1983,12/31/1983,,,7,
KK84028-04,KK84028-04,1821,R/V KANA KEOKI,R/V Kana Keoki,12/31/1984,12/31/1984,,,7,
KK84028-05,KK84028-05,1822,R/V KANA KEOKI,R/V Kana Keoki,12/31/1985,12/31/1985,,,7,
KK84028-06,KK84028-06,1823,R/V KANA KEOKI,R/V Kana Keoki,12/31/1986,12/31/1986,,,7,
KK84028-07,KK84028-07,1824,R/V KANA KEOKI,R/V Kana Keoki,12/31/1987,12/31/1987,,,7,
KK84028-08,KK84028-08,1825,R/V KANA KEOKI,R/V Kana Keoki,12/31/1988,12/31/1988,,,7,
KK840425,KK840425,1826,Kana Keoki,R/V Kana Keoki,4/25/1984,4/25/1984,guess date based on cruise_field_prgrm name,,7,
KK840428,KK840428,1827,Kana Keoki,R/V Kana Keoki,4/28/1984,4/28/1984,guess date based on cruise_field_prgrm name,,7,
KK840428,KK840428,1827,,R/V Kana Keoki,5/25/1984,7/26/1984,,,7,
KK840428-01,KK840428-01,1828,Kana Keoki,R/V Kana Keoki,4/28/1984,4/28/1984,guess date based on cruise_field_prgrm name,,7,
KK840428-02,KK840428-02,1829,Kana Keoki,R/V Kana Keoki,4/28/1984,4/28/1984,guess date based on cruise_field_prgrm name,,7,
KK840428-03,KK840428-03,1830,Kana Keoki,R/V Kana Keoki,4/28/1984,4/28/1984,guess date based on cruise_field_prgrm name,,7,
KK840824,KK840824,1831,,R/V Kana Keoki,8/27/1984,9/6/1984,,,7,
KKLS,KKLS,1832,,,6/26/2012,6/26/2012,,,,
Kladovo2022,Kladovo2022,1833,,,11/6/2022,11/6/2022,,,,
Klaza 2019,Klaza 2019,1834,,,NULL,NULL,,,,
Klaza 2020,Klaza 2020,1835,,,NULL,NULL,,,,
KM0417,KM0417,1836,Kilo Moana,R/V Kilo Moana,9/11/2004,10/15/2004,,,7,
KM0502,KM0502,1837,Kilo Moana,R/V Kilo Moana,1/15/2005,1/28/2005,,,7,
KM0503,KM0503,1838,Kilo Moana,R/V Kilo Moana,2/4/2005,2/12/2005,,,7,
KM0506,KM0506,1839,Kilo Moana,R/V Kilo Moana,4/9/2005,4/24/2005,,,7,
KM06-31,KM0631,1840,R/V Kilo Moana,R/V Kilo Moana,11/16/2006,11/16/2006,,,7,
KM1,KM1,1841,Kevin Moran,Kevin Moran,7/15/1952,10/4/1952,,,,
KM1005,KM1005,1842,Kilo Moana,R/V Kilo Moana,3/21/2006,3/28/2010,,,7,
KM1008,KM1008,1843,R/V Kilo Moana,R/V Kilo Moana,5/1/2010,5/9/2010,,,7,
KM1024,KM1024,1844,R/V Kilo Moana,R/V Kilo Moana,12/10/2010,12/14/2010,,,7,
KM11-16,KM1116,1845,R/V Kilo Moana,R/V Kilo Moana,5/20/2011,6/1/2011,,,7,
KM1129a,KM1129a,1846,R/V Kilo Moana,R/V Kilo Moana,11/8/2011,12/3/2011,,,7,
KM1609,KM1609,1847,Kilo Moana,R/V Kilo Moana,12/6/2016,1/3/2017,,,7,
KM1812,KM1812,1848,Kilo Moana,R/V Kilo Moana,8/9/2018,8/11/2018,,,7,
KM1813,KM1813,1849,JASON,Jason Platform,8/23/2018,8/25/2018,,,,
KN207-02,KN207-02,1850,,,5/13/2012,6/4/2012,,,,
KN10-1,KNORR 010-1,1851,Knorr,R/V Knorr,9/8/1970,9/8/1970,,,7,
Knorr cruise 25 Stn 160 14,KNORR 025,1852,r/v Knorr,R/V Knorr,4/1/1972,4/1/1972,,,7,
Knorr cruise 25 Stn 171 1,KNORR 025,1852,r/v Knorr,R/V Knorr,4/3/1972,4/3/1972,,,7,
KNORR 25 stn107 200m,KNORR 025,1852,,R/V Knorr,3/17/1972,3/17/1972,,,7,
KNORR 25 stn107 700m,KNORR 025,1852,,R/V Knorr,3/17/1972,3/17/1972,,,7,
KNORR 25 stn117 140m,KNORR 025,1852,,R/V Knorr,3/18/1972,3/18/1972,,,7,
KNORR 25 stn171 1000m,KNORR 025,1852,KNORR,R/V Knorr,4/3/1972,4/3/1972,,,7,
KNORR 25 stn187 300m,KNORR 025,1852,,R/V Knorr,4/6/1972,4/6/1972,,,7,
KN25-1,KNORR 025-1,1853,Knorr,R/V Knorr,2/9/1972,2/15/1972,,,7,
KN25-6,KNORR 025-6,1854,Knorr,R/V Knorr,5/1/1972,5/1/1972,,,7,
KN27-1,KNORR 027-1,1855,Knorr,R/V Knorr,6/7/1972,6/7/1972,,,7,
KN31-3,KNORR 031-3,1856,Knorr,R/V Knorr,6/27/1973,7/10/1973,,,7,
KN31-4,KNORR 031-4,1857,Knorr,R/V Knorr,7/19/1973,7/22/1973,,,7,
KN31-5,KNORR 031-5,1858,Knorr,R/V Knorr,8/14/1973,9/1/1973,,,7,
KN42-05,KNORR 042-5,1862,R/V Knorr,R/V Knorr,8/15/1974,8/25/1974,,,7,
KN42-2,KNORR 042-2,1859,Knorr,R/V Knorr,6/28/1974,7/2/1974,,,7,
KN42-3,KNORR 042-3,1860,Knorr,R/V Knorr,7/14/1974,7/24/1974,,,7,
KN42-4,KNORR 042-4,1861,Knorr,R/V Knorr,8/2/1974,8/5/1974,,,7,
KN42-5,KNORR 042-5,1862,Knorr,R/V Knorr,8/15/1974,8/31/1974,,,7,
KN47-1,KNORR 047-1,1863,Knorr,R/V Knorr,2/9/1975,2/15/1975,,,7,
KN51-03,KNORR 051-3,1864,Knorr,R/V Knorr,8/10/1975,8/29/1975,,,7,
KN51-3,KNORR 051-3,1864,Knorr,R/V Knorr,8/10/1975,8/29/1975,,,7,
Knorr cruise 54 Station 728 280m,KNORR 054,1865,Knorr,R/V Knorr,4/9/1976,4/9/1976,,,7,
Knorr cruise 54 Station 728 580m,KNORR 054,1865,Knorr,R/V Knorr,4/9/1976,4/9/1976,,,7,
Knorr cruise 54 Station 736 375m,KNORR 054,1865,Knorr,R/V Knorr,4/11/1976,4/11/1976,,,7,
Knorr cruise 54 Station 750 1075m,KNORR 054,1865,Knorr,R/V Knorr,4/17/1976,4/17/1976,,,7,
Knorr cruise 54 Station 750 2900m,KNORR 054,1865,Knorr,R/V Knorr,4/17/1976,4/17/1976,,,7,
Knorr cruise 54 Station 754 0m,KNORR 054,1865,Knorr,R/V Knorr,4/25/1976,4/25/1976,,,7,
Knorr cruise 54 Station 754 700m,KNORR 054,1865,Knorr,R/V Knorr,4/25/1976,4/25/1976,,,7,
Knorr cruise 54 Stn 101,KNORR 054,1865,r/v Knorr,R/V Knorr,6/2/1976,6/2/1976,,,7,
Knorr cruise 54 Stn 24,KNORR 054,1865,r/v Knorr,R/V Knorr,5/11/1976,5/11/1976,,,7,
Knorr cruise 54 Stn 760,KNORR 054,1865,r/v Knorr,R/V Knorr,4/21/1976,4/21/1976,,,7,
KNORR 54 stn19 40m,KNORR 054,1865,,R/V Knorr,5/10/1976,5/10/1976,,,7,
KNORR 54 stn84 60m,KNORR 054,1865,,R/V Knorr,5/26/1976,5/26/1976,,,7,
KNORR 54 stn9 0m,KNORR 054,1865,,R/V Knorr,5/9/1976,5/9/1976,,,7,
Knorr cruise 54/5 Station 743 20m,KNORR 054-5,1868,Knorr,R/V Knorr,4/14/1976,4/14/1976,,,7,
Knorr cruise 54/5 Station 743 525m,KNORR 054-5,1868,Knorr,R/V Knorr,4/14/1976,4/14/1976,,,7,
KN54-2,KNORR 054-2,1866,Knorr,R/V Knorr,1/14/1976,2/4/1976,,,7,
KN54-3,KNORR 054-3,1867,Knorr,R/V Knorr,2/9/1976,2/19/1976,,,7,
KN54-6,KNORR 054-6,1869,Knorr,R/V Knorr,5/11/1976,6/2/1976,,,7,
KN61-1,KNORR 061-1,1870,Knorr,R/V Knorr,11/4/1976,11/21/1976,,,7,
KN64-1,KNORR 064-1,1871,Knorr,R/V Knorr,1/29/1977,2/1/1977,,,7,
KN64-3,KNORR 064-3,1872,Knorr,R/V Knorr,2/25/1977,3/17/1977,,,7,
Knorr cruise 69/1 Station 10 700m,KNORR 069-1,1873,Knorr,R/V Knorr,9/15/1977,9/15/1977,,,7,
Knorr cruise 69/1 Station 7 0m,KNORR 069-1,1873,Knorr,R/V Knorr,9/11/1977,9/11/1977,,,7,
Knorr cruise 69/1 Station 7 100m,KNORR 069-1,1873,Knorr,R/V Knorr,9/11/1977,9/11/1977,,,7,
Knorr cruise 69/1 Station 8 0m,KNORR 069-1,1873,Knorr,R/V Knorr,9/13/1977,9/13/1977,,,7,
Knorr cruise 69/1 Station 8 350m,KNORR 069-1,1873,Knorr,R/V Knorr,9/13/1977,9/13/1977,,,7,
Knorr cruise 69/1 Station 8 50m,KNORR 069-1,1873,Knorr,R/V Knorr,9/13/1977,9/13/1977,,,7,
Knorr cruise 73/6 station 10 200m,KNORR 073-6,1875,r/v Knorr,R/V Knorr,6/27/1978,6/27/1978,,,7,
Knorr cruise 73/6 station 10 750m,KNORR 073-6,1875,r/v Knorr,R/V Knorr,6/27/1978,6/27/1978,,,7,
Knorr cruise 73/6 station 12 2347m,KNORR 073-6,1875,,R/V Knorr,6/29/1978,6/29/1978,,,7,
Knorr cruise 73/6 station 14 2800m,KNORR 073-6,1875,r/v Knorr,R/V Knorr,7/1/1978,7/1/1978,,,7,
Knorr cruise 73/6 station 14 500m,KNORR 073-6,1875,r/v Knorr,R/V Knorr,7/1/1978,7/1/1978,,,7,
Knorr cruise 73/6 station 14 750m,KNORR 073-6,1875,r/v Knorr,R/V Knorr,7/1/1978,7/1/1978,,,7,
Knorr cruise 73/6 station 17 2800m,KNORR 073-6,1875,r/v Knorr,R/V Knorr,7/9/1978,7/9/1978,,,7,
Knorr cruise 73/6 station 17 3600m,KNORR 073-6,1875,r/v Knorr,R/V Knorr,7/9/1978,7/9/1978,,,7,
Knorr cruise 73/6 station 7 0m,KNORR 073-6,1875,r/v Knorr,R/V Knorr,7/5/1978,7/5/1978,,,7,
Knorr cruise 73/6 station 7 1000m,KNORR 073-6,1875,r/v Knorr,R/V Knorr,7/5/1978,7/5/1978,,,7,
Knorr cruise 73/6 station 7 1450m,KNORR 073-6,1875,r/v Knorr,R/V Knorr,7/5/1978,7/5/1978,,,7,
Knorr cruise 73/6 station 8 700m,KNORR 073-6,1875,r/v Knorr,R/V Knorr,6/25/1978,6/25/1978,,,7,
Knorr cruise 73/6 Stn 14,KNORR 073-6,1875,r/v Knorr,R/V Knorr,7/1/1978,7/1/1978,,,7,
Knorr cruise 73/6 Stn 16 ,KNORR 073-6,1875,r/v Knorr,R/V Knorr,7/7/1978,7/7/1978,,,7,
Knorr cruise 73/6 Stn 7,KNORR 073-6,1875,r/v Knorr,R/V Knorr,7/5/1978,7/5/1978,,,7,
Knorr cruise 73/6 stn12 100m,KNORR 073-6,1875,r/v Knorr,R/V Knorr,6/29/1978,6/29/1978,,,7,
Knorr cruise 73/6 stn12 200m,KNORR 073-6,1875,r/v Knorr,R/V Knorr,6/29/1978,6/29/1978,,,7,
Knorr cruise 73/6 stn15 0m,KNORR 073-6,1875,r/v Knorr,R/V Knorr,7/4/1978,7/4/1978,,,7,
Knorr cruise 73/6 stn5 450m,KNORR 073-6,1875,r/v Knorr,R/V Knorr,6/24/1978,6/24/1978,,,7,
Knorr cruise 73/6 stn7 1300m,KNORR 073-6,1875,r/v Knorr,R/V Knorr,7/5/1978,7/5/1978,,,7,
Knorr cruise 73/6 stn7 650m,KNORR 073-6,1875,r/v Knorr,R/V Knorr,7/5/1978,7/5/1978,,,7,
Knorr cruise 73/7 station 1 (F) 150m,KNORR 073-7,1876,r/v Knorr,R/V Knorr,7/23/1978,7/23/1978,,,7,
Knorr cruise 73/7 station 11 R 750m,KNORR 073-7,1876,r/v Knorr,R/V Knorr,8/13/1978,8/13/1978,,,7,
Knorr cruise 73/7 station 4 (J) 300m,KNORR 073-7,1876,r/v Knorr,R/V Knorr,7/30/1978,7/30/1978,,,7,
Knorr cruise 73/7 station 5 (K) 500m,KNORR 073-7,1876,r/v Knorr,R/V Knorr,8/2/1978,8/2/1978,,,7,
Knorr cruise 73/7 station 5 (K) 5500m,KNORR 073-7,1876,r/v Knorr,R/V Knorr,8/2/1978,8/2/1978,,,7,
Knorr cruise 73/7 station 6 (L) 100m,KNORR 073-7,1876,r/v Knorr,R/V Knorr,8/6/1978,8/6/1978,,,7,
Knorr cruise 73/7 station 6 (L) 400m,KNORR 073-7,1876,r/v Knorr,R/V Knorr,8/6/1978,8/6/1978,,,7,
Knorr cruise 73/7 station 6 (L) 450m,KNORR 073-7,1876,r/v Knorr,R/V Knorr,8/6/1978,8/6/1978,,,7,
Knorr cruise 73/7 station 7 (N) 200m,KNORR 073-7,1876,r/v Knorr,R/V Knorr,8/8/1978,8/8/1978,,,7,
Knorr cruise 73/7 station 8 (N) 300m,KNORR 073-7,1876,r/v Knorr,R/V Knorr,8/9/1978,8/9/1978,,,7,
Knorr cruise 73/7 station 8 750m,KNORR 073-7,1876,r/v Knorr,R/V Knorr,8/9/1978,8/9/1978,,,7,
KN73-4,KNORR 073-4,1874,Knorr,R/V Knorr,4/8/1978,5/2/1978,,,7,
KN74-1,KNORR 074-1,1877,Knorr,R/V Knorr,9/10/1979,10/26/1979,,,7,
KN78-1,KNORR 078-1,1878,Knorr,R/V Knorr,4/26/1980,4/29/1980,,,7,
KN79-2,KNORR 079-2,1879,Knorr,R/V Knorr,5/30/1980,6/9/1980,,,7,
Knorr cruise 89/5 Stn 145,KNORR 089-5,1880,r/v Knorr,R/V Knorr,7/26/1981,7/26/1981,,,7,
KNORR 89/5 stn145X 0m,KNORR 089-5,1880,,R/V Knorr,7/27/1981,7/27/1981,,,7,
KNORR 89/5 stn147 0m,KNORR 089-5,1880,,R/V Knorr,7/28/1981,7/28/1981,,,7,
Knorr cruise 89/6 station 177 0m,KNORR 089-6,1881,r/v Knorr,R/V Knorr,8/25/1978,8/25/1978,,,7,
Knorr cruise 89/6 station 183 100m,KNORR 089-6,1881,r/v Knorr,R/V Knorr,8/27/1981,8/27/1981,,,7,
Knorr cruise 89/6 station 189 600m,KNORR 089-6,1881,r/v Knorr,R/V Knorr,8/29/1981,8/29/1981,,,7,
Knorr cruise 89/6 station 193 0m,KNORR 089-6,1881,r/v Knorr,R/V Knorr,8/31/1981,8/31/1981,,,7,
Knorr cruise 89/6 station 199 150m,KNORR 089-6,1881,r/v Knorr,R/V Knorr,9/2/1981,9/2/1981,,,7,
Knorr cruise 89/6 station 199 65m,KNORR 089-6,1881,r/v Knorr,R/V Knorr,9/2/1981,9/2/1981,,,7,
Knorr cruise 89/6 Stn 183,KNORR 089-6,1881,r/v Knorr,R/V Knorr,8/27/1981,8/27/1981,,,7,
Knorr cruise 89/6 Stn 189,KNORR 089-6,1881,r/v Knorr,R/V Knorr,8/29/1981,8/29/1981,,,7,
Knorr cruise 89/6 Stn 196 ,KNORR 089-6,1881,r/v Knorr,R/V Knorr,8/31/1981,8/31/1981,guess dates based on nearby ,,7,
Knorr cruise 90 Station C 0m,KNORR 090,1882,Knorr,R/V Knorr,11/4/1981,11/4/1981,,,7,
Knorr cruise 90 Station C 1300m,KNORR 090,1882,Knorr,R/V Knorr,11/4/1981,11/4/1981,,,7,
Knorr cruise 90 Station C 400m,KNORR 090,1882,Knorr,R/V Knorr,11/4/1981,11/4/1981,,,7,
Knorr cruise 90 Station C 600m,KNORR 090,1882,Knorr,R/V Knorr,11/4/1981,11/4/1981,,,7,
Knorr cruise 90 Station C 800m,KNORR 090,1882,Knorr,R/V Knorr,11/4/1981,11/4/1981,,,7,
KNORR 90 stnC 1000m,KNORR 090,1882,KNORR,R/V Knorr,11/4/1981,11/4/1981,,,7,
KNORR 90 stnC 1300m,KNORR 090,1882,KNORR,R/V Knorr,11/4/1981,11/4/1981,,,7,
KNORR 90 stnC 1700m,KNORR 090,1882,KNORR,R/V Knorr,11/4/1981,11/4/1981,,,7,
KNORR 90 stnC 2000m,KNORR 090,1882,KNORR,R/V Knorr,11/4/1981,11/4/1981,,,7,
KNORR 90 stnC 200m,KNORR 090,1882,KNORR,R/V Knorr,11/4/1981,11/4/1981,,,7,
KN96-1,KNORR 096-1,1883,Knorr,R/V Knorr,7/8/1982,7/25/1982,,,7,
KN101,KNORR 101,1884,Knorr,R/V Knorr,3/31/1983,3/31/1983,,,7,
KN102-1,KNORR 102-1,1885,Knorr,R/V Knorr,5/4/1983,5/27/1983,,,7,
KN110-2,KNORR 110-2,1886,Knorr,R/V Knorr,10/28/1984,11/9/1984,,,7,
KN134-10,KNORR 134-10,1889,Knorr,R/V Knorr,6/13/1988,6/14/1988,,,7,
KN134-11,KNORR 134-11,1890,Knorr,R/V Knorr,6/25/1988,7/1/1988,,,7,
KN134-16,KNORR 134-16,1891,Knorr,R/V Knorr,8/20/1988,8/23/1988,,,7,
KN134-7,KNORR 134-07,1887,Knorr,R/V Knorr,4/4/1988,4/7/1988,,,7,
KN134-8,KNORR 134-08,1888,Knorr,R/V Knorr,4/18/1988,5/5/1988,,,7,
KN138-11,KNORR 138-11,1892,Knorr,R/V Knorr,1/30/1993,2/12/1993,,,7,
KN140-2,KNORR 140-2,1893,Knorr,R/V Knorr,11/1/1993,11/2/1995,,,7,
KN158-4,KNORR 158-4,1894,Knorr,R/V Knorr,6/19/1998,7/13/1998,,,7,
KN159,KNORR 159,1895,Knorr,R/V Knorr,10/5/1998,11/2/1998,guess dates based on nearby ,,7,
KN159-5,KNORR 159-5,1896,Knorr,R/V Knorr,10/5/1998,11/2/1998,,,7,
KN166-2,KNORR 166-2,1897,Knorr,R/V Knorr,1/7/2002,1/22/2002,,,7,
KN180,KNORR 180,1898,Knorr,R/V Knorr,10/25/2004,12/10/2004,,,7,
KN180-2,KNORR 180-2,1899,Knorr,R/V Knorr,11/24/2004,12/6/2004,,,7,
KN180-2,KNORR 180-2,1899,R/V Knorr,R/V Knorr,11/21/2004,12/8/2004,,,7,
KN182-13,KNORR 182-13,1900,Knorr,R/V Knorr,4/26/2006,4/26/2006,,,7,
KN182-13,KNORR 182-13,1900,R/V Knorr,R/V Knorr,4/26/2006,4/26/2006,,,7,
KN190,KNORR 190,1901,Knorr,R/V Knorr,8/1/2011,8/13/2011,,,7,
KN195-03,KNORR 195-03,1902,R/V Knorr,R/V Knorr,1/14/2009,2/19/2009,,,7,
KN210-05,KNORR 210-05,1903,Knorr,R/V Knorr,5/20/2013,6/11/2013,,,7,
KN223,KNORR 223,1904,R/V Knorr,R/V Knorr,12/31/2013,11/23/2014,,,7,
KNOX02RR,KNOX02RR,1905,R/V Roger Revelle,R/V Roger Revelle,12/20/2006,1/20/2007,,,7,
KNOX05RR,KNOX05RR,1906,Roger Revelle,R/V Roger Revelle,5/7/2007,6/10/2007,,,7,
KNOX06RR,KNOX06RR,1907,Roger Revelle,R/V Roger Revelle,6/19/2007,7/28/2007,,,7,
KNOX11RR,KNOX11RR,1908,Roger Revelle,R/V Roger Revelle,NULL,NULL,,,7,
KNOX18RR,KNOX18RR,1909,Roger Revelle,R/V Roger Revelle,7/17/2008,8/3/2008,,,7,
Kodiak_Islands:Moore,Kodiak_Islands:Moore,1910,NotApplicable,N.A.,5/31/2006,7/30/2006,,,,
KPW,KPW,1911,,,6/23/2008,8/11/2008,,,,
KR00-03-Leg 2,KR00-03-Leg 2,1912,Kairei,Kairei,6/1/2000,6/2/2000,,,,
KR16-14 ,KR16-14 ,1913,R/V Kairei,R/V Kairei,10/26/2016,10/27/2016,,,7,
KRK90,KRK90,1914,,,5/5/1990,6/2/1990,,,,
Kroměříž-Hradisko 2013,Kroměříž-Hradisko 2013,1915,,,3/8/2013,3/8/2013,,,,
Kuniv,Kuniv,1916,,,1/8/2017,1/8/2017,,,,
KUROP,KUROP,1917,,,2/9/2011,2/9/2011,,,,
KWRI,KWRI,1918,,,7/22/2011,7/22/2011,,,,
KY87-1,KY87-1,1919,R/V Kaiyo,R/V Kaiyo,12/5/1987,12/11/1987,,,7,
KY87-2,KY87-2,1920,R/V Kaiyo,R/V Kaiyo,12/19/1987,12/28/1987,,,7,
KY88-1,KY88-1,1921,R/V Kaiyo,R/V Kaiyo,11/16/1988,12/11/1988,,,7,
KY88-1 ,KY88-1 ,1922,R/V Kaiyo,R/V Kaiyo,12/4/1988,12/4/1988,,,7,
KYGS,KYGS,1923,,,4/26/2006,11/6/2008,,,,
KYL,KYL,1924,,,1/8/2016,1/9/2016,,,,
KZ78,KZ78,1925,Kelez,Kelez,6/22/1978,6/22/1978,,,,
KZ81,KZ81,1926,Kelez,Kelez,6/12/1981,6/17/1981,,,,
L11-81-WF,L11-81-WF,1927,S. P. Lee,S. P. Lee,NULL,NULL,,,,
L12-80-WF,L12-80-WF,1928,S. P. Lee,S. P. Lee,NULL,NULL,,,,
L13-82-WF,L13-82-WF,1929,S. P. Lee,S. P. Lee,NULL,NULL,,,,
L2-79-NC,L2-79-NC,1930,S. P. Lee,S. P. Lee,NULL,NULL,,,,
L2-86-NC,L2-86-NC,1931,S. P. Lee,S. P. Lee,1/1/1986,1/1/1986,,,,
L3-80-NP,L3-80-NP,1932,S. P. Lee,S. P. Lee,1/1/1980,1/1/1980,,,,
L3-86-NC,L3-86-NC,1933,S. P. Lee,S. P. Lee,1/1/1986,1/1/1986,,,,
L5-85-NC,L5-85-NC,1934,S. P. Lee,S. P. Lee,NULL,NULL,,,,
L6-85-NC,L6-85-NC,1935,S. P. Lee,S. P. Lee,1/1/1985,1/1/1985,,,,
L78,L78,1936,,,12/30/1978,12/30/1978,,,,
L8-76-NP,L8-76-NP,1937,S. P. Lee,S. P. Lee,NULL,NULL,,,,
L8-82-NP,L8-82-NP,1938,S. P. Lee,S. P. Lee,NULL,NULL,,,,
L9-78-HW,L9-78-HW,1939,S. P. Lee,S. P. Lee,NULL,NULL,,,,
LAB,LAB,1940,,,7/27/2013,7/29/2013,,,,
Lac d&apos;altitude09/07/10,Lacs d'altitude,1942,,,7/8/2010,7/8/2010,,,,
Lac d&apos;altitude12/04/10,Lacs d'altitude,1942,,,4/11/2010,4/11/2010,,,,
Lac d&apos;altitude17/07/12,Lacs d'altitude,1942,,,7/16/2012,7/16/2012,,,,
Lac d&apos;altitude19/05/11,Lacs d'altitude,1942,,,5/18/2011,5/18/2011,,,,
Lac d&apos;altitude21/06/2010,Lacs d'altitude,1942,,,6/20/2010,6/20/2010,,,,
Lac du Plan (2 Alpes) 08_09_2014,Lac du Plan (2 Alpes) 08_09_2014,1941,,,9/7/2014,9/7/2014,,,,
Lac d&#x27;altitude09/07/10,Lacs d'altitude,1942,,,7/8/2010,7/8/2010,Lac d&#x27;altitude09/07/10,,,
Lac d&#x27;altitude12/04/10,Lacs d'altitude,1942,,,4/11/2010,4/11/2010,Lac d&#x27;altitude12/04/10,,,
Lac d&#x27;altitude17/07/12,Lacs d'altitude,1942,,,7/16/2012,7/16/2012,Lac d&#x27;altitude17/07/12,,,
Lac d&#x27;altitude19/05/11,Lacs d'altitude,1942,,,5/18/2011,5/18/2011,Lac d&#x27;altitude19/05/11,,,
Lac d&#x27;altitude21/06/2010,Lacs d'altitude,1942,,,12/31/1969,12/31/1969,Lac d&#x27;altitude21/06/2010,,,
LACSUC,LACSUC,1943,,,12/30/2006,12/30/2006,,,,
LADICIA04/07/11,LADICIA04/07/11,1944,,,7/3/2011,7/3/2011,,,,
"Ladyward 2015; ""ArchaeoLandscapes Europe""-Project",Ladyward 2015; ArchaeoLandscapes Europe-Project,1945,,,7/23/2015,7/23/2015,,,15,
Ladyward 2015; ArchaeoLandscapes Europe-Project,Ladyward 2015; ArchaeoLandscapes Europe-Project,1945,,,7/2/2015,7/3/2015,,,15,
LAHI,LAHI,1946,,,3/24/2013,3/27/2013,,,,
Lamont/Rice/Brown/Earthscope,Lamont/Rice/Brown/Earthscope,1947,,,4/19/2009,4/22/2009,,,,
LASCOP,LASCOP,1948,,,1/31/2014,1/30/2016,,,,
LAUCA,LAUCA,1949,RV KRKII,RV KRKII,11/2/2002,11/12/2002,,,7,
LAVO,LAVO,1950,,,8/7/2012,8/7/2014,,,,
3010,Lavrentyev-3010,1951,Akademik M.A. Lavrentyev,Akademik M.A. Lavrentyev,6/30/1993,6/30/1993,"5 samples, dredges, from ship Akademik M.A. Lavrentyev",,7,
LB,LB,1952,R/V Seawolf,R/V Seawolf,1/15/2013,1/15/2013,,,7,
LBC,LBC,1953,,,6/8/2010,6/11/2010,,,,
LBNL Belowground Biogeochemistry SFA,LBNL Belowground Biogeochemistry SFA,1954,,,8/20/2013,7/8/2019,,,,
LBY,LBY,1955,,,7/12/2015,7/12/2016,,,,
LCAN,LCAN,1956,,,1/31/2005,1/31/2005,,,,
LCCMR,LCCMR,1957,,,9/10/2014,2/3/2016,,,,
LC-NY-01,LC-NY-01,1958,Unknown,Unknown,NULL,NULL,,,,
LDF,LDF,1959,,,1/22/2013,2/21/2013,,,,
Ledi-Geraru Research Project,Ledi-Geraru Research Project,1960,,,NULL,NULL,,,8,
Leg 30,Leg 30,1961,D/V Glomar Challenger,Glomar Challenger,NULL,NULL,,,2,
Leg 33,Leg 33,1962,D/V Glomar Challenger,Glomar Challenger,NULL,NULL,,,2,
Leman_CMIRA_AFuchs,Leman_CMIRA_AFuchs,1963,,,1/27/2014,1/27/2014,,,,
LES_TUILES_1,LES_TUILES_1,1964,,,2/19/2012,6/25/2012,,,,
LES_TUILES_2,LES_TUILES_2,1965,,,2/19/2012,11/25/2012,,,,
LES_TUILES_3,LES_TUILES_3,1966,,,3/19/2013,4/1/2013,,,,
LESELAM10,LESELAM10,1969,,,9/2/2021,9/2/2021,,,,
LESELAM11,LESELAM11,1970,,,9/2/2021,9/2/2021,,,,
LESELAM12,LESELAM12,1971,,,9/2/2021,9/2/2021,,,,
LESELAM13,LESELAM13,1972,,,9/2/2021,9/2/2021,,,,
LESELAM14,LESELAM14,1973,,,9/2/2021,9/2/2021,,,,
LESELAM15,LESELAM15,1974,,,9/2/2021,9/2/2021,,,,
LESELAM16,LESELAM16,1975,,,9/2/2021,9/2/2021,,,,
LESELAM17,LESELAM17,1976,,,9/2/2021,9/2/2021,,,,
LESELAM18,LESELAM18,1977,,,9/2/2021,9/2/2021,,,,
LESELAM19,LESELAM19,1978,,,9/2/2021,9/2/2021,,,,
LESELAM20,LESELAM20,1979,,,9/3/2021,9/3/2021,,,,
LESELAM21,LESELAM21,1980,,,9/3/2021,9/3/2021,,,,
LESELAM22,LESELAM22,1981,,,9/3/2021,9/3/2021,,,,
LESELAM23,LESELAM23,1982,,,9/3/2021,9/3/2021,,,,
LESELAM24,LESELAM24,1983,,,9/3/2021,9/3/2021,,,,
LESELAM25,LESELAM25,1984,,,9/3/2021,9/3/2021,,,,
LESELAM26,LESELAM26,1985,,,9/3/2021,9/3/2021,,,,
LESELAM27,LESELAM27,1986,,,9/3/2021,9/3/2021,,,,
LESELAM28,LESELAM28,1987,,,9/3/2021,9/3/2021,,,,
LESELAM29,LESELAM29,1988,,,9/3/2021,9/3/2021,,,,
LESELAM3,LESELAM03,1967,,,9/2/2021,9/7/2021,,,,
LESELAM30,LESELAM30,1989,,,9/3/2021,9/3/2021,,,,
LESELAM31,LESELAM31,1990,,,9/3/2021,9/3/2021,,,,
LESELAM32,LESELAM32,1991,,,9/3/2021,9/3/2021,,,,
LESELAM33,LESELAM33,1992,,,9/3/2021,9/3/2021,,,,
LESELAM34,LESELAM34,1993,,,9/3/2021,9/3/2021,,,,
LESELAM35,LESELAM35,1994,,,9/3/2021,9/3/2021,,,,
LESELAM36,LESELAM36,1995,,,9/3/2021,9/3/2021,,,,
LESELAM37,LESELAM37,1996,,,9/3/2021,9/3/2021,,,,
LESELAM38,LESELAM38,1997,,,9/3/2021,9/3/2021,,,,
LESELAM39,LESELAM39,1998,,,9/3/2021,9/3/2021,,,,
LESELAM40,LESELAM40,1999,,,9/3/2021,9/3/2021,,,,
LESELAM41,LESELAM41,2000,,,9/3/2021,9/3/2021,,,,
LESELAM42,LESELAM42,2001,,,9/3/2021,9/3/2021,,,,
LESELAM43,LESELAM43,2002,,,9/3/2021,9/3/2021,,,,
LESELAM44,LESELAM44,2003,,,9/3/2021,9/3/2021,,,,
LESELAM45,LESELAM45,2004,,,9/5/2021,9/5/2021,,,,
LESELAM46,LESELAM46,2005,,,9/5/2021,9/5/2021,,,,
LESELAM47,LESELAM47,2006,,,9/5/2021,9/5/2021,,,,
LESELAM48,LESELAM48,2007,,,9/5/2021,9/5/2021,,,,
LESELAM49,LESELAM49,2008,,,9/5/2021,9/5/2021,,,,
LESELAM50,LESELAM50,2009,,,9/5/2021,9/5/2021,,,,
LESELAM51,LESELAM51,2010,,,9/5/2021,9/5/2021,,,,
LESELAM52,LESELAM52,2011,,,9/5/2021,9/5/2021,,,,
LESELAM53,LESELAM53,2012,,,9/5/2021,9/5/2021,,,,
LESELAM54,LESELAM54,2013,,,9/5/2021,9/5/2021,,,,
LESELAM55,LESELAM55,2014,,,9/5/2021,9/5/2021,,,,
LESELAM56,LESELAM56,2015,,,9/5/2021,9/5/2021,,,,
LESELAM57,LESELAM57,2016,,,9/5/2021,9/5/2021,,,,
LESELAM58,LESELAM58,2017,,,9/5/2021,9/5/2021,,,,
LESELAM59,LESELAM59,2018,,,9/5/2021,9/5/2021,,,,
LESELAM60,LESELAM60,2019,,,9/5/2021,9/5/2021,,,,
LESELAM61,LESELAM61,2020,,,9/5/2021,9/5/2021,,,,
LESELAM62,LESELAM62,2021,,,9/5/2021,9/5/2021,,,,
LESELAM63,LESELAM63,2022,,,9/5/2021,9/5/2021,,,,
LESELAM64,LESELAM64,2023,,,9/5/2021,9/5/2021,,,,
LESELAM65,LESELAM65,2024,,,9/5/2021,9/5/2021,,,,
LESELAM66,LESELAM66,2025,,,9/5/2021,9/5/2021,,,,
LESELAM67,LESELAM67,2026,,,9/5/2021,9/5/2021,,,,
LESELAM68,LESELAM68,2027,,,9/5/2021,9/5/2021,,,,
LESELAM69,LESELAM69,2028,,,9/7/2021,9/7/2021,,,,
LESELAM70,LESELAM70,2029,,,9/7/2021,9/7/2021,,,,
LESELAM71,LESELAM71,2030,,,9/7/2021,9/7/2021,,,,
LESELAM72,LESELAM72,2031,,,9/7/2021,9/7/2021,,,,
LESELAM73,LESELAM73,2032,,,9/7/2021,9/7/2021,,,,
LESELAM74,LESELAM74,2033,,,9/7/2021,9/7/2021,,,,
LESELAM75,LESELAM75,2034,,,9/7/2021,9/7/2021,,,,
LESELAM76,LESELAM76,2035,,,9/7/2021,9/7/2021,,,,
LESELAM9,LESELAM09,1968,,,9/2/2021,9/2/2021,,,,
LFoui20140627,LFoui20140627,2036,,,6/25/2014,6/25/2014,,,,
LIAF,LIAF,2037,RV Ibis,RV Ibis,6/15/1971,6/15/1971,,,7,
LIAF,LIAF,2037,,,11/10/1960,5/30/1985,,,,
Lingshan island Science Drilling,Lingshan island Science Drilling,2042,,,4/1/2019,4/1/2019,,,11,
Lingshan island Scientific Drill,Lingshan island Science Drilling,2042,,,7/1/2019,7/1/2019,,,11,
HR1401,HR1401,1607,RV Pritchard,R/V Donald Pritchard,4/28/2014,5/5/2014,,,7,
LIS1303,LIS1303 Prichard or Seawolf,2043,RV Seawolf,RV Seawolf,6/4/2013,6/12/2013,,,7,
SG2014,SG2014,3227,RV Pritchard,R/V Donald Pritchard,6/2/2014,6/2/2014,,,7,
SC2014,SC2014,3205,RV Pritchard,R/V Donald Pritchard,6/3/2014,6/3/2014,,,7,
LIS1701,LIS1701,2044,R/V Donald Pritchard,R/V Donald Pritchard,8/14/2017,8/22/2017,,,7,
LIS1801,LIS1801,2045,R/V Donald Pritchard,R/V Donald Pritchard,4/3/2018,4/3/2018,,,7,
LIS1801,LIS1801,2045,R/V Pritchard,R/V Donald Pritchard,4/3/2018,4/4/2018,,,7,
LITAQ,LITAQ,2048,,,4/19/2014,4/19/2014,,,,
LK,LK,2049,,,1/15/2012,1/15/2012,,,,
LK1,LK1,2050,Lord Kelvin,Lord Kelvin,4/30/1936,4/30/1936,,,,
LL,LL,2051,,,12/31/1965,12/31/1965,,,,
LMG 07-17,LMG 07-17,2052,,,NULL,NULL,,,,
LMG 09-11,LMG 09-11,2053,,,NULL,NULL,,,,
LMG 11-02,LMG 11-02,2054,,,NULL,NULL,,,,
LMG03-03,LMG03-03,2055,R/V Laurence M. Gould,R/V Laurence M. Gould,12/31/2002,12/31/2002,,,7,
LMG04-04,LMG04-04,2056,R/V Laurence M. Gould,R/V Laurence M. Gould,12/31/2003,12/31/2003,,,7,
LMG04-04,LMG04-04,2056,,,12/31/2003,12/31/2003,,,,
LMG05-02,LMG05-02,2057,R/V Laurence M. Gould,R/V Laurence M. Gould,12/31/2004,12/31/2004,,,7,
LMG05-02,LMG05-02,2057,,,12/31/2004,12/31/2004,,,,
LMG0802,LMG0802,2058,Gould,Gould,2/20/2008,3/10/2008,,,,
LMG0902,LMG0902,2059,Gould,Gould,2/19/2009,3/7/2009,,,,
LMG11-02,LMG11-02,2060,,,NULL,NULL,,,,
LMG12-11,LMG12-11,2061,R/V Laurence M. Gould,R/V Laurence M. Gould,10/21/2012,10/24/2312,,,7,
LMG13-11,LMG13-11,2062,R/V Laurence M. Gould,R/V Laurence M. Gould,11/2/2013,11/5/2013,,,7,
LMG98-02,LMG98-02,2063,R/V Laurence M. Gould,R/V Laurence M. Gould,12/31/1997,12/31/1997,,,7,
LMG98-02,LMG98-02,2063,R/V Laurenece M. Gould,R/V Laurence M. Gould,12/31/1997,12/31/1997,,,7,
Lockdown sampling,Lockdown sampling,2064,,,3/24/2020,5/12/2020,,,,
Lomonosov Ridge Experiment (LOREX) #3 0m Summer,Lomonosov Ridge Experiment,2065,,,5/31/1905,5/31/1905,,,,
Lomonosov Ridge Experiment (LOREX) 0m Summer,Lomonosov Ridge Experiment,2065,,,5/31/1905,5/31/1905,,,,
LONG,LONG,2066,,,1/31/2011,1/31/2011,,,,
"Long duration mission (Institut de recherche pour le développement, IRD)",Long duration mission,2067,,,NULL,NULL,"Institut de recherche pour le développement, IRD",,,
Lophelia millennium,Lophelia millennium,2068,R/V Urania,R/V Urania,1/7/2000,1/7/2000,,,7,
Lophelia millennium ,Lophelia millennium ,2069,R/V Urania,R/V Urania,1/8/2000,1/8/2000,,,7,
LOTC,LOTC,2070,,,9/30/2008,10/31/2008,,,,
Lou_court20140716,Lou_court20140716,2071,,,7/15/2014,7/15/2014,,,,
LOW,LOW,2072,,,2/27/2012,2/29/2012,,,,
LOWMIN,LOWMIN,2073,,,10/9/2017,2/14/2018,,,,
LOWP,LOWP,2074,RV MPCA Hewes,RV MPCA Hewes,9/22/2011,9/22/2011,,,7,
LPAH,LPAH,2075,,,1/10/2012,11/3/2016,,,,
LPL,LPL,2076,,,12/30/2004,12/30/2004,,,,
LRM,LRM,2077,,,6/22/2011,7/6/2011,,,,
LS85,LS85,2078,,,NULL,NULL,,,,
LS86,LS86,2079,,,NULL,NULL,,,,
LSC,LSC,2080,,,10/13/1995,10/20/1997,,,,
LT17,LT17,2081, RV Maman Benita,R/V Maman Benita,4/24/2017,4/24/2017,,,7,
LTS,LTS,2082,,,9/6/2017,9/10/2017,,,,
LU070-02C,LU070-02C,2083,R/V Lulu,R/V Lulu,7/2/1974,7/2/1974,,,7,
LU070-03,LU070-03,2084,R/V Lulu,R/V Lulu,7/15/1974,7/17/1974,,,7,
LU070-05,LU070-05,2085,R/V Lulu,R/V Lulu,8/4/1974,8/4/1974,,,7,
LU77,LU77,2086,,,12/30/1977,12/30/1977,,,,
LU83,LU83,2087,,,12/30/1983,12/30/1983,,,,
LUCCA,LUCCA,2088,,,7/27/2017,7/27/2017,,,,
Luquillo Critical Zone Observatory (CZO),Luquillo Critical Zone Observatory (CZO),2089,,N.A.,1/9/2010,11/15/2016,,,,
LUSI02AR,LUSI02AR,2090,Argo,Argo,NULL,NULL,,,,
LUSI03HO,LUSI03HO,2091,Horizon,Horizon,NULL,NULL,,,,
LUSI08AR,LUSI08AR,2092,Argo,Argo,NULL,NULL,,,,
LUSI09AR,LUSI09AR,2093,Argo,Argo,NULL,NULL,,,,
LW,LW,2094,,,12/30/2000,12/30/2001,,,,
LW1,LW1,2095,L. Walford,L. Walford,6/5/1999,6/10/1999,,,,
LW2,LW2,2096,L. Walford,L. Walford,5/28/1999,6/5/1999,,,,
LW3,LW3,2097,L. Walford,L. Walford,5/29/1999,5/29/1999,,,,
LWB0,LWB0,2098,L. Walford,L. Walford,5/18/2003,5/19/2003,,,,
LWB1,LWB1,2099,L. Walford,L. Walford,5/18/2003,5/18/2003,,,,
LWB2,LWB2,2100,L. Walford,L. Walford,9/4/2001,9/7/2001,,,,
LWB3,LWB3,2101,L. Walford,L. Walford,9/5/2001,9/6/2001,,,,
LWB4,LWB4,2102,L. Walford,L. Walford,9/8/2007,9/8/2007,,,,
LWH1,LWH1,2103,L. Walford,L. Walford,5/19/2003,5/20/2003,,,,
LYMAN,LYMAN,2104,,,8/18/2014,8/26/2014,,,,
M09,M09,2105,RV Ndunduma,RV Ndunduma,1/13/2009,1/14/2009,,,7,
M113,M113,2106,R/V Meteor ,R/V Meteor,12/30/2014,1/19/2015,,,7,
M12,M12,2107,RV Ndunduma,RV Ndunduma,1/11/2012,1/13/2012,,,7,
M128,M128,2108,R/V Meteor ,R/V Meteor,7/1/2016,7/25/2016,,,7,
M144,M144,2109,R/V Meteor,R/V Meteor,12/29/2017,1/14/2018,,,7,
M146,M146,2110,R/V Meteor,R/V Meteor,4/8/2018,4/13/2018,,,7,
M68-10-12,M68-10-12,2111,,,10/16/1970,11/22/1970,,,,
M86,M86,2112,RV Orion,RV Orion,12/30/1986,12/30/1986,,,7,
M87,M87,2113,RV Liloya,RV Liloya,1/5/1987,1/5/1987,,,7,
M97,M97,2114,,,12/30/1997,12/30/1997,,,,
M98,M98,2115,,,3/5/1998,3/7/1998,,,,
Ma_MISS Fieldwork,Ma_MISS Fieldwork,2116,,N.A.,NULL,NULL,,,3,
MAC,MAC,2117,,,2/8/2013,1/30/2015,,,,
MADEx,MADEx,2118,,,8/7/2022,9/15/2022,,,,
MADEx 2023,MADEx 2023,2119,,,7/31/2023,7/31/2023,,,,
Magellan,Magellan,2120,Melville,R/V Melville,NULL,NULL,,,7,
MAGM01MV,MAGM01MV,2121,Melville,R/V Melville,NULL,NULL,,,7,
Magmatic chronology in Avalonia,Magmatic chronology in Avalonia,2122,,,5/2/2022,6/10/2022,magmatic chronology of Avalonian arc in southeastern New England,,8,
magmatic chronology of Avalonian arc in southeastern New England,Magmatic chronology in Avalonia,2122,,,NULL,NULL,magmatic chronology of Avalonian arc in southeastern New England,,8,
Mahi700422-1,Mahi700422-1,2123,,,NULL,NULL,,,,
MAINE,MAINE,2124,,,6/12/2007,6/13/2007,,,,
MANGO,MANGO,2125,RV Kilindi,RV Kilindi,1/13/2012,1/17/2012,,,7,
MANGO,MANGO,2125,,,1/9/2012,1/10/2012,,,,
MANGO2,MANGO2,2126,RV Kilindi,RV Kilindi,1/17/2013,1/17/2013,,,7,
Manitoba Far North Geomapping Initiative,Manitoba Far North Geomapping Initiative,2127,,,6/26/1905,12/31/2009,,,3,
Mantle Dynamics and Magmatism Across the Basin and Range,Mantle Dynamics and Magmatism Across the Basin and Range,2128,,,4/8/2010,4/8/2010,,,,
MAR,MAR,2129,,,9/10/2013,9/4/2014,,,,
Mara 12 cruise station 227,Mara 12 cruise station 227,2130,,,8/31/1979,8/31/1979,,,7,
Mara 12 cruise stn 179,Mara 12 cruise stn 179,2131,,,8/21/1979,8/21/1979,,,7,
MARA02,MARA02,2132,T. Washington,R/V Thomas Washington,NULL,NULL,,,7,
MARA04WT,MARA04WT,2133,T. Washington,R/V Thomas Washington,NULL,NULL,,,7,
MARA05WT,MARA05WT,2134,T. Washington,R/V Thomas Washington,NULL,NULL,,,7,
MARA06WT,MARA06WT,2135,T. Washington,R/V Thomas Washington,NULL,NULL,,,7,
MARA07WT,MARA07WT,2136,T. Washington,R/V Thomas Washington,NULL,NULL,,,7,
MARA11WT,MARA11WT,2137,T. Washington,R/V Thomas Washington,NULL,NULL,,,7,
MARA12,MARA12,2138,T. Washington,R/V Thomas Washington,NULL,NULL,,,7,
March 2016 field work,March 2016 field work,2139,,N.A.,3/23/2016,3/25/2016,,,3,
March 2016 Field work,March 2016 Field work,2139,,N.A.,3/23/2016,3/23/2016,,,3,
March 2020 campaign,March 2020 campaign,2140,,,NULL,NULL,,,3,
Mariana_Forearc_Reagan_2002,Mariana_Forearc_Reagan_2002,2141,NotApplicable,N.A.,1/8/2002,2/9/2002,,,,
Maricopa SSC,Maricopa SSC,2142,,,NULL,NULL,,,,
MARMINE,MARMINE,2143,,,8/19/2016,8/28/2016,MARMINE cruise,,7,
MARMINE cruise,MARMINE,2143,,,NULL,NULL,MARMINE cruise,,7,
MARNOK 1991,MARNOK 1991,2144,R/V Charles Darwin,R/V Charles Darwin,NULL,NULL,,,7,
Mars 2020,Mars 2020,2145,,,2/14/2020,2/14/2020,,,,
MARSnet,MARSnet,2147,,,6/7/2023,6/7/2023,,,,
Martinique 2017,Martinique 2017,2148,,,4/2/2017,4/3/2017,,,,
Martinique 2022,Martinique 2022,2149,,,4/7/2022,4/7/2022,,,,
Martinique 2023,Martinique 2023,2150,,,2/15/2023,2/15/2023,,,,
Mascarene Islands 2007,Mascarene Islands 2007,2151,,,11/25/2007,11/30/2007,,,,
MASH,MASH,2152,,,6/30/2009,6/30/2009,,,,
Masirah field campaign (2018),Masirah field campaign 2018,2153,,N.A.,12/31/2017,12/31/2017,,,3,
MASTER BELLE S10/05/12,MASTER BELLE S10/05/12,2154,,,5/9/2012,5/9/2012,,,,
Masters research project- Northern Arizona University,Masters research project- Northern Arizona University,2155,,,7/26/2020,8/1/2020,,,14,
MATANO,MATANO,2156,RV Nuha,RV Nuha,4/30/2010,4/30/2010,,,7,
Mauritius 2007,Mauritius 2007,2157,,,NULL,NULL,,,,
MAVS,MAVS,2158,,,2/12/2018,2/15/2018,,,,
May 2021 GC Research Trip,May 2021 GC Research Trip,2159,,,4/17/2021,5/28/2021,,,3,
MBARI Gorda 2000,MBARI Gorda 2000,2160,R/V Western Flyer,R/V Western Flyer,8/6/2000,8/19/2000,,,7,
MBARI Gorda 2002,MBARI Gorda 2002,2161,R/V Western Flyer,R/V Western Flyer,5/18/2002,8/1/2002,,,7,
MBARI Ridges 2005,MBARI Ridges 2005,2162,R/V Western Flyer,R/V Western Flyer,8/9/2005,8/30/2005,,,7,
MBARI Ridges 2009,MBARI Ridges 2009,2163,R/V Western Flyer,R/V Western Flyer,NULL,NULL,,,7,
MBARI Ridges 2011,MBARI Ridges 2011,2164,R/V Western Flyer,R/V Western Flyer,7/14/2011,8/17/2013,,,7,
MBARI Ridges 2013,MBARI Ridges 2013,2165,R/V Western Flyer,R/V Western Flyer,8/12/2013,8/30/2013,,,7,
MBARI Ridges 2014,MBARI Ridges 2014,2166,R/V Western Flyer,R/V Western Flyer,8/27/2014,9/2/2014,,,7,
MBARI Ridges 2016,MBARI Ridges 2016,2167,R/V Western Flyer,R/V Western Flyer,8/1/2016,8/12/2016,,,7,
MBC,MBC,2168,,,7/20/2011,7/21/2011,,,,
MBGLH,MBGLH,2169,,,1/13/2012,2/23/2014,,,,
MBH1,MBH1,2170,,,12/30/2006,12/30/2006,,,,
MBH2,MBH2,2171,,,12/30/2007,12/30/2007,,,,
MBH3,MBH3,2172,,,3/30/2009,4/2/2009,,,,
MBH4,MBH4,2173,,,3/24/2014,3/27/2014,,,,
MBM,MBM,2174,,,12/30/2006,2/22/2008,,,,
MCCAM,MCCAM,2175,,,10/28/2016,1/27/2018,,,,
MCH,MCH,2176,,,8/7/2008,5/6/2009,,,,
MCWD,MCWD,2177,,,12/30/2007,12/30/2007,,,,
MD03,MD03,2178,,,12/31/2002,12/31/2002,,,,
MD104 MOZAPHARE,MD104 MOZAPHARE,2179,,,7/16/1996,7/25/1996,,,,
MD120 ANTAUS,MD120 ANTAUS,2180,,,10/12/2000,10/12/2000,,,,
MD124/GEOSCIENCES 2,MD124 GEOSCIENCES 2,2181,,,9/28/2001,9/28/2001,,,,
MD124-GEOSCIENCES 2,MD124 GEOSCIENCES 2,2181,,,9/28/2001,9/28/2001,,,,
MD126 MONA,MD126 MONA,2182,,,5/29/2002,5/29/2002,,,,
MD132/PICASSO,MD132 PICASSO,2183,,,5/5/2003,5/5/2003,,,,
MD152,MD152,2184,R/V Marion-Dufresne,R/V Marion Dufresne,1/23/2006,1/23/2006,,,7,
MD168  AMOCINT,MD168  AMOCINT,2185,,,6/14/2008,6/14/2008,,,,
MD218 CROTALE,MD218 CROTALE,2186,,,2/27/2019,3/4/2019,,,,
MD68 SUZIL,MD68 SUZIL,2187,,,4/14/1991,4/18/1991,,,,
MEDS,MEDS,2188,RV Happy,RV Happy,7/24/2016,8/4/2016,,,7,
MEDS,MEDS,2188,,,7/28/2016,7/29/2016,,,,
"Mehlberg 2017; Early Latène Period excavation and deep drilling in the area of Mehlberg, Glauberg","Mehlberg 2017 Mehlberg, Glauberg",2189,,,5/14/2017,5/14/2017,"Early Latène Period excavation and deep drilling in the area of Mehlberg, Glauberg",,15,
MESWF,MESWF,2190,,,3/1/2015,3/8/2015,,,,
Metal earth transect,Metal earth transect,2191,,,11/30/2020,11/30/2020,,,,
Metal Earth VMS Thematic Project,Metal Earth VMS Thematic Project,2192,,,NULL,NULL,,,,
MetalEarth2023,MetalEarth2023,2193,,,6/30/2023,6/30/2023,,,,
MetalEarth2024,MetalEarth2024,2194,,,5/31/2024,5/31/2024,,,,
METEOR project (Loire-Brittany water agency),METEOR project (Loire-Brittany water agency),2196,,,3/9/2017,10/2/2018,,,,
METREE,METREE,2197,,,9/26/2017,3/8/2018,,,,
MEXI,MEXI,2198,,,3/13/2016,4/2/2016,,,,
Mexican Boundary Survey Collection,Mexican Boundary Survey Collection,2199,,,NULL,NULL,,,3,
MF,MF,2200,,,4/5/2011,6/13/2012,,,,
MGII,MGII,2201,Mother Goose II,Mother Goose II,7/26/1950,8/1/1950,,,,
MGL1111,MGL1111,2202,R/V Marcus G. Langseth,R/V Marcus G. Langseth,8/20/2011,8/28/2011,,,7,
MGL1208,MGL1208,2203,Marcus G. Langseth,R/V Marcus G. Langseth,4/30/2012,5/22/2012,,,7,
MGL2307,MGL2307,2204,Marcus G Langseth,R/V Marcus G. Langseth,6/4/2023,6/7/2023,,,7,
MGLN06MV,MGLN06MV,2205,Melville,R/V Melville,7/22/2006,8/28/2006,,,7,
MGLN07MV,MGLN07MV,2206,Melville,R/V Melville,9/6/2006,9/30/2006,,,7,
MGLN08MV,MGLN08MV,2207,Melville,R/V Melville,10/4/2006,10/8/2006,,,7,
MGS,MGS,2208,,,1/7/1970,6/30/1970,,,,
Michipicoten Island Expedition 2015,Michipicoten Island Expedition 2015,2209,,,7/9/2015,7/18/2015,,,,
Middle Caicos,Middle Caicos,2210,KaBoat Platform,KaBoat Platform,4/4/2019,6/18/2019,,,,
Middlemarch,Middlemarch,2211,,,NULL,NULL,,,,
Middlesex Fells geologic mapping,Middlesex Fells geologic mapping,2212,,,4/7/2023,5/5/2023,,,3,
Midway Deep Core - 1965,Midway Deep Core - 1965,2213,,,12/31/1964,12/31/1964,,,1,
Minnesota Pollution Control Agency Wild Rice Sulfate Standard Field Study,Minnesota Pollution Control Agency Wild Rice Sulfate Standard Field Study,2214,,N.A.,NULL,NULL,,,3,
Minnesota Pollution Control Agency Wild Rice Sulfate Standard Mesocosm Study,Minnesota Pollution Control Agency Wild Rice Sulfate Standard Mesocosm Study,2215,,,8/26/2013,8/26/2013,,,,
Mira 2020,Mira 2020,2216,,,NULL,NULL,,,,
Mira 2021,Mira 2021,2217,,,NULL,NULL,,,,
Mira dating,Mira dating,2218,,,NULL,NULL,,,,
MISSC,MISSC,2219,RV KRKII,RV KRKII,12/30/2001,12/30/2001,,,7,
MISSC,MISSC,2219,,,12/30/1996,12/30/2003,,,,
,,,Alvin,Alvin,,,,,9,
,,,ALVIN,Alvin,,,,,9,
,,,Astrea,Astrea,NULL,NULL,,,,
,,,Atlantis,Atlantis,,,,,7,
,,,Atlantis (AGOR-25),Atlantis II,,,AGOR-25 is US Navy designation,,7,
,,,Atlantis II/ ALVIN,Atlantis II-Alvin,,,,,9,
,,,Atlantis II/ALVIN,Atlantis II-Alvin,,,,,9,
,,,Atlantis-II,Atlantis II,,,,,7,
CHAIN 121 stn1360 300m,Chain cruise 121,768,CHAIN,R/V Chain,5/10/1975,5/10/1975,,,7,
,,,Circe 93,Circe 93,NULL,NULL,,,,
,,,Cook,Cook,NULL,NULL,,,,
,,,Cuss-1,Cuss-1,NULL,NULL,,,,
,,,Desteiguer,USNS DeSteiguer,,,,,,
,,,DeSteiguer,USNS DeSteiguer,,,,,,
,,,Eltanin,USNS Eltanin,,,,,,
,,,Knorr,R/V Knorr,,,,,7,
MyFieldDescription Here,,,myplatform,Missing,9/23/2002,9/23/2002,,,,
MyExpeditionName,,,myplatform ID,Missing,NULL,NULL,,,,
MyFieldDescription Here,,,myplatform ID,Missing,9/23/2002,9/23/2002,,,,
Name of cruise field program ie HLY0805,,,Name of platform ie USCGC Healy,Missing,NULL,NULL,,,,
,,,Thomas Thompson,R/V Thomas G. Thompson,,,,,7,
,check,-9999,Thompson,R/V Thomas G. Thompson,7/26/2015,8/27/2015,,,7,
,,,Valdivia,R/V Valdivia,,,,,7,
Mission des é Forts Egos é,Mission des Forts Egos,2220,,,6/3/2013,6/3/2013,,,,
Mission des &#x9d; Forts Egos &#x9d;,Mission des Forts Egos,2220,,,6/3/2013,6/3/2013,,,,
Mission des Forts Egos,Mission des Forts Egos,2220,,,6/3/2013,6/3/2013,,,,
Mission Sav-wind 05-03-2014,Mission Sav-wind 05-03-2014,2221,,,3/4/2014,3/4/2014,,,,
Mississippi River Valley Transect,Mississippi River Valley Transect,2222,,,12/31/1999,12/31/1999,,,,
Missouri S&T Research,Missouri S&T Research,2223,,,11/1/2023,11/1/2023,,,8,
MIVS,MIVS,2224,RV KRKII,RV KRKII,6/24/1999,12/30/2001,,,7,
MKLK01BD,MKLK01BD,2225,Baird,Baird,NULL,NULL,,,,
MKLK01HO,MKLK01HO,2226,Horizon,Horizon,NULL,NULL,,,,
MKLK02BD,MKLK02BD,2227,Baird,Baird,NULL,NULL,,,,
MKLK03BD,MKLK03BD,2228,Baird,Baird,NULL,NULL,,,,
MKP,MKP,2229,,,12/30/2005,12/30/2005,,,,
MM78,MM78,2230,Mount Mitchell,Mount Mitchell,3/12/1978,3/14/1978,,,,
MM78,MM78,2230,Mt. Mitchell,Mount Mitchell,3/11/1978,3/11/1978,,,,
MM81,MM81,2231,Researcher,Researcher,6/12/1981,6/25/1981,,,,
MNCL,MNCL,2232,,,5/11/2008,5/14/2008,,,,
MNMN,MNMN,2233,,,9/29/2009,1/18/2014,,,,
MNRF,MNRF,2234,,,12/30/2007,11/8/2008,,,,
MNVS,MNVS,2235,RV KRKII,RV KRKII,12/30/1999,12/30/1999,,,7,
MNWET,MNWET,2236,,,8/12/2015,8/12/2015,,,,
MOCOSED2012,MOCOSED2012,2238,,,2/19/2012,2/28/2012,,,,
MOCOSED2014,MOCOSED2014,2239,,,4/19/2014,4/19/2014,,,,
MOFLUX Litter Bag Decomposition,MOFLUX Litter Bag Decomposition Experiment ,2240,,,1/10/2024,6/17/2024,2024 Deployment,,,
MOFLUX Litter Bag Decomposition Experiment - 2024 Deployment,MOFLUX Litter Bag Decomposition Experiment ,2240,,,1/10/2024,6/17/2024,2024 Deployment,,,
MOFLUX Quarterly Soil Cores,MOFLUX Quarterly Soil Cores,2241,,Unknown,6/13/2017,3/5/2024,,,13,
MOFLUX Quarterly Soil Cores - 2017 Q2,MOFLUX Quarterly Soil Cores - 2017 Q2,2242,,Unknown,6/13/2017,6/13/2017,,,13,
MOFLUX Quarterly Soil Cores - 2017 Q3,MOFLUX Quarterly Soil Cores - 2017 Q3,2243,,Unknown,8/16/2017,8/16/2017,,,13,
MOFLUX Quarterly Soil Cores - 2018 Q1,MOFLUX Quarterly Soil Cores - 2018 Q1,2244,,Unknown,3/27/2018,3/27/2018,,,13,
MOFLUX Quarterly Soil Cores - 2018 Q3,MOFLUX Quarterly Soil Cores - 2018 Q3,2245,,Unknown,7/9/2018,7/9/2018,,,13,
MOFLUX Quarterly Soil Cores - 2018 Q4,MOFLUX Quarterly Soil Cores - 2018 Q4,2246,,Unknown,10/8/2018,10/8/2018,,,13,
MOFLUX Quarterly Soil Cores - 2019 Q3,MOFLUX Quarterly Soil Cores - 2019 Q3,2247,,Unknown,7/29/2019,7/29/2019,,,13,
MOFLUX Quarterly Soil Cores - 2019 Q4,MOFLUX Quarterly Soil Cores - 2019 Q4,2248,,Unknown,12/2/2019,12/2/2019,,,13,
MOFLUX Quarterly Soil Cores - 2020 Q1,MOFLUX Quarterly Soil Cores - 2020 Q1,2249,,Unknown,3/22/2020,3/22/2020,,,13,
MOFLUX Quarterly Soil Cores - 2020 Q2,MOFLUX Quarterly Soil Cores - 2020 Q2,2250,,Unknown,5/25/2020,5/25/2020,,,13,
MOFLUX Quarterly Soil Cores - 2020 Q3,MOFLUX Quarterly Soil Cores - 2020 Q3,2251,,Unknown,7/7/2020,7/7/2020,,,13,
MOFLUX Quarterly Soil Cores - 2020 Q4,MOFLUX Quarterly Soil Cores - 2020 Q4,2252,,Unknown,9/23/2020,9/23/2020,,,13,
MOFLUX Quarterly Soil Cores - 2021 Q2,MOFLUX Quarterly Soil Cores - 2021 Q2,2253,,Unknown,4/18/2021,4/18/2021,,,13,
MOFLUX Quarterly Soil Cores - 2021 Q3,MOFLUX Quarterly Soil Cores - 2021 Q3,2254,,Unknown,7/4/2021,7/4/2021,,,13,
MOFLUX Quarterly Soil Cores - 2021 Q4,MOFLUX Quarterly Soil Cores - 2021 Q4,2255,,Unknown,10/11/2021,10/11/2021,,,13,
MOFLUX Quarterly Soil Cores - 2022 Q1,MOFLUX Quarterly Soil Cores - 2022 Q1,2256,,Unknown,3/8/2022,3/8/2022,,,13,
MOFLUX Quarterly Soil Cores - 2022 Q3,MOFLUX Quarterly Soil Cores - 2022 Q3,2257,,Unknown,9/20/2022,9/20/2022,,,13,
MOFLUX Quarterly Soil Cores - 2023 Q1,MOFLUX Quarterly Soil Cores - 2023 Q1,2258,,Unknown,4/2/2023,4/2/2023,,,13,
MOFLUX Quarterly Soil Cores - 2023 Q2,MOFLUX Quarterly Soil Cores - 2023 Q2,2259,,Unknown,7/24/2023,7/24/2023,,,13,
MOFLUX Quarterly Soil Cores - 2023 Q3,MOFLUX Quarterly Soil Cores - 2023 Q3,2260,,Unknown,10/16/2023,10/16/2023,,,13,
MOFLUX Quarterly Soil Cores - 2023 Q4,MOFLUX Quarterly Soil Cores - 2023 Q4,2261,,Unknown,11/12/2023,11/12/2023,,,13,
MOFLUX Quarterly Soil Cores - 2024 Q1,MOFLUX Quarterly Soil Cores - 2024 Q1,2262,,Unknown,2/29/2024,2/29/2024,,,13,
MOFLUX Quarterly Soil Cores - 2024 Q2,MOFLUX Quarterly Soil Cores - 2024 Q2,2263,,Unknown,4/28/2024,4/28/2024,,,13,
MOFLUX Root Ingrowth Cores,MOFLUX Root Ingrowth Cores,2264,,,5/30/2024,5/30/2024,,,13,
MOLE,MOLE,2265,RV KRKII,RV KRKII,10/13/2003,10/19/2003,,,7,
MOMAR08 ,MOMAR08 ,2266,Atalante,Atalante,8/15/2008,8/18/2008,,,,
MOMARDREAM,MOMARDREAM,2267,Pourquoi Pas ?,Pourquoi Pas,12/31/2007,12/31/2007,platform name uncertain,,7,
MOMARDREAM,MOMARDREAM,2267,Pourquoi Pas ? ,Pourquoi Pas,12/31/2006,5/8/2008,platform name uncertain,,7,
MOMARSAT11,MOMARSAT2011,2268,Pourquoi Pas,Pourquoi Pas,7/7/2011,7/20/2011,,,7,
MOMARSAT2012,MOMARSAT2012,2269,Thalassa,Thalassa,7/13/2012,7/18/2012,,,,
MOMARSAT2014,MOMARSAT2014,2270,Pourquoi Pas ?,Pourquoi Pas,7/15/2014,7/29/2014,platform name uncertain,,7,
MOMARSAT2015,MOMARSAT2015,2271,Pourquoi Pas ?,Pourquoi Pas,4/15/2015,4/26/2015,platform name uncertain,,7,
MOMARSAT2016,MOMARSAT2016,2272,Atalante,Atalante,8/28/2016,9/10/2016,,,,
MOMOS,MOMOS,2273,RV KRKII,RV KRKII,12/30/2006,12/30/2006,,,7,
MONS02AR,MONS02AR,2274,Argo,Argo,NULL,NULL,,,,
MONS03AR,MONS03AR,2275,Argo,Argo,NULL,NULL,,,,
MONS06AR,MONS06AR,2276,Argo,Argo,NULL,NULL,,,,
MONS07AR,MONS07AR,2277,Argo,Argo,NULL,NULL,,,,
MONS08AR,MONS08AR,2278,Argo,Argo,NULL,NULL,,,,
MONT,MONT,2279,,,12/30/1996,12/30/1996,,,,
Mosonszentmiklós 1993,Mosonszentmiklós 1993,2280,,,NULL,NULL,,,,
Mount Holyoke College,Mount Holyoke College,2282,,,4/2/2014,4/2/2014,,,,
MR07,MR07,2283,,,10/31/2007,10/31/2007,,,,
MRDF Nictaux Falls,MRDF Nictaux Falls,2284,,,NULL,NULL,,,,
MRDF2021-SMU,MRDF2021-SMU,2285,,,7/31/2021,10/31/2021,,,,
MRDF2022-SMU,MRDF2022-SMU,2286,,,2/28/2022,6/30/2022,,,,
MRTN06WT,MRTN06WT,2287,T. Washington,R/V Thomas Washington,NULL,NULL,,,7,
MSA REU NSF,MSA REU NSF,2288,,,1/9/2018,1/9/2018,,,,
MSPI,MSPI,2289,,,12/30/2007,6/14/2016,,,,
MST,MST,2290,,,11/29/2007,11/29/2007,,,,
MSU Argentina 2018,MSU Argentina 2018,2291,,,3/8/2018,3/13/2018,,,3,
"MSU GLG 862 Duluth, MN field trip","MSU GLG 862 Duluth, MN field trip",2292,,N.A.,10/13/2022,10/14/2022,,,3,
MSU Rwanda 2018,MSU Rwanda 2018,2293,,,7/24/2018,8/3/2018,,,3,
Mt. Paektu Geoscientific Experiment 2013,Mt. Paektu Geoscientific Experiment 2013,2294,,,8/5/2013,8/9/2013,,,3,
MTC,MTC,2295,,,6/13/2015,8/20/2015,,,,
Munigua 2013; Geomagnetic survey in hispano-roman Municipium Flavium Muniguenese (Spain),Munigua 2013,2296,,,5/28/2013,5/28/2013,Geomagnetic survey in hispano-roman Municipium Flavium Muniguenese (Spain),,15,
Munigua 2019,Munigua 2019,2297,,,NULL,NULL,,,,
MURP,MURP,2298,,,12/30/2004,12/30/2004,,,,
MV1007,MV1007,2299,,,5/31/2010,5/31/2010,,,,
MV1203,MV1203,2300,Melville,R/V Melville,2/14/2012,3/29/2012,,,7,
MV16,MV16,2301,Melville,R/V Melville,11/16/2001,12/18/2001,,,7,
MV99,MV99,2302,Melville,R/V Melville,10/29/1999,11/18/1999,,,7,
MVAP,MVAP,2303,,,6/19/2017,6/19/2017,,,,
MW74,MW74,2304,Moana Wave,R/V Moana Wave,5/2/1974,5/10/1974,,,7,
MW74-2,MW7402,2305,Moana Wave,R/V Moana Wave,4/23/1974,4/29/1974,,,7,
MW8513,MW8513,2306,,,9/10/1985,9/16/1985,,,,
MW8517,MW8517,2307,Moana Wave,R/V Moana Wave,12/4/1985,12/4/1985,,,7,
MW8518,MW8518,2308,Moana Wave,R/V Moana Wave,12/28/1985,1/3/1986,,,7,
MW8518,MW8518,2308,R/V Moana Wave,R/V Moana Wave,NULL,NULL,,,7,
MW8518,MW8518,2308,,,12/26/1985,1/1/1986,,,,
MW86-04,MW8604,2309,Moana Wave,R/V Moana Wave,NULL,NULL,,,7,
MW8607,MW8607,2310,,,8/20/1986,8/22/1986,,,,
MW8701,MW8701,2311,Moana Wave,R/V Moana Wave,1/25/1986,1/30/1987,,,7,
MW8702,MW8702,2312,Moana Wave,R/V Moana Wave,2/11/1987,2/26/1987,,,7,
MW8708,MW8708,2313,Moana Wave,R/V Moana Wave,7/13/1987,7/25/1987,,,7,
MW8709,MW8709,2314,Moana Wave,R/V Moana Wave,8/15/1987,8/15/1987,,,7,
MW8712,MW8712,2315,Moana Wave,R/V Moana Wave,11/20/1987,12/12/1987,,,7,
MW8805,MW8805,2316,Moana Wave,R/V Moana Wave,4/30/1988,5/26/1988,,,7,
MW9109,MW9109,2317,Moana Wave,R/V Moana Wave,6/19/1991,7/10/1991,,,7,
MW9507,MW9507,2318,R/V Moana Wave,R/V Moana Wave,5/29/1995,6/20/1995,,,7,
MW9507,MW9507,2318,R/V MOANA WAVE,R/V Moana Wave,NULL,NULL,,,7,
MW9902,MW9902,2319,Moana Wave,R/V Moana Wave,NULL,NULL,,,7,
MWL,MWL,2320,,,9/11/2013,10/15/2013,,,,
"N.F. Expedition, 1912","N.F. Expedition, 1912",2322,,,NULL,NULL,,,,
"N.F. Expedition, 1913","N.F. Expedition, 1913",2323,,,NULL,NULL,,,,
"N.F. Expedition, 1914","N.F. Expedition, 1914",2324,,,NULL,NULL,,,,
n/r01/07/1999,n/r01/07/1999,2325,,,6/30/1999,6/30/1999,,,,
n/r01/09/06,n/r01/09/2006,2326,,,8/31/2006,8/31/2006,,,,
n/r14/05/13,n/r14/05/2013,2327,,,5/13/2013,5/13/2013,,,,
n/r16/05/11,n/r16/05/2011,2328,,,5/15/2011,5/15/2011,,,,
n/r19/05/11,n/r19/05/2011,2329,,,5/18/2011,5/18/2011,,,,
n/r28/06/05,n/r28/06/2005,2330,,,6/27/2005,6/27/2005,,,,
n/r28/11/11,n/r28/11/2011,2331,,,11/27/2011,11/27/2011,,,,
Nautilus 2017,Nautilus 2017,2394,,,,,,,,
na,na,2332,,,7/5/2023,7/5/2023,,,,
NA007,NA007,2333,E/V Nautilus,E/V Nautilus,7/28/2010,8/10/2010,,,7,
NA008,NA008,2334,E/V Nautilus,E/V Nautilus,8/21/2010,8/28/2010,,,7,
NA009,NA009,2335,E/V Nautilus,E/V Nautilus,9/3/2010,9/13/2010,,,7,
NA011,NA011,2336,E/V Nautilus,E/V Nautilus,10/9/2010,10/13/2010,,,7,
NA014,NA014,2337,E/V Nautilus,E/V Nautilus,9/4/2011,9/4/2011,,,7,
NA015,NA015,2338,E/V Nautilus,E/V Nautilus,9/14/2011,9/22/2011,,,7,
NA017,NA017,2339,E/V Nautilus,E/V Nautilus,10/9/2011,10/17/2011,,,7,
NA018,NA018,2340,E/V Nautilus,E/V Nautilus,10/25/2011,11/2/2011,,,7,
NA019,NA019,2341,E/V Nautilus,E/V Nautilus,11/9/2011,11/9/2011,,,7,
NA022,NA022,2342,E/V Nautilus,E/V Nautilus,7/28/2012,8/6/2012,,,7,
NA023,NA023,2343,E/V Nautilus,E/V Nautilus,8/14/2012,8/24/2012,,,7,
NA034,NA034,2344,E/V Nautilus,E/V Nautilus,8/19/2013,8/29/2013,,,7,
NA035,NA035,2345,E/V Nautilus,E/V Nautilus,10/5/2013,10/16/2013,,,7,
NA037,NA037,2346,E/V Nautilus,E/V Nautilus,10/20/2013,10/27/2013,,,7,
NA039,NA039,2347,E/V Nautilus,E/V Nautilus,10/31/2013,11/15/2013,,,7,
NA041,NA041,2348,E/V Nautilus,E/V Nautilus,6/10/2014,6/12/2014,,,7,
NA050,NA050,2349,E/V Nautilus,E/V Nautilus,8/18/2014,8/26/2014,,,7,
NA054,NA054,2350,E/V Nautilus,E/V Nautilus,9/21/2014,10/7/2014,,,7,
NA062,NA062,2351,E/V Nautilus,E/V Nautilus,6/14/2015,6/14/2015,,,7,
NA063,NA063,2352,E/V Nautilus,E/V Nautilus,6/18/2015,6/19/2015,,,7,
NA064,NA064,2353,,,NULL,NULL,,,,
NA066,NA066,2354,E/V Nautilus,E/V Nautilus,7/27/2015,8/8/2015,,,7,
NA067,NA067,2355,E/V Nautilus,E/V Nautilus,8/13/2015,8/14/2015,,,7,
NA072,NA072,2356,E/V Nautilus,E/V Nautilus,6/1/2016,6/17/2016,,,7,
NA073,NA073,2357,E/V Nautilus,E/V Nautilus,6/26/2016,6/30/2016,,,7,
NA074,NA074,2358,E/V Nautilus,E/V Nautilus,7/8/2016,7/18/2016,,,7,
NA075,NA075,2359,E/V Nautilus,E/V Nautilus,7/24/2016,8/11/2016,,,7,
NA076,NA076,2360,E/V Nautilus,E/V Nautilus,8/15/2016,8/15/2016,,,7,
NA077,NA077,2361,E/V Nautilus,E/V Nautilus,8/20/2016,8/26/2016,,,7,
NA083,NA083,2362,E/V Nautilus,E/V Nautilus,7/7/2017,7/27/2017,,,7,
NA085,NA085,2363,E/V Nautilus,E/V Nautilus,8/6/2017,8/7/2017,,,7,
NA090,NA090,2364,E/V Nautilus,E/V Nautilus,10/20/2017,10/26/2017,,,7,
NA092,NA092,2365,E/V Nautilus,E/V Nautilus,11/9/2017,11/14/2017,,,7,
NA095,NA095,2366,E/V Nautilus,E/V Nautilus,2/26/2018,6/27/2018,,,7,
NA101,NA101,2367,E/V Nautilus,E/V Nautilus,9/18/2018,9/29/2018,,,7,
NA103,NA103,2368,E/V Nautilus,E/V Nautilus,10/21/2018,10/21/2018,,,7,
NA104,NA104,2369,E/V Nautilus,E/V Nautilus,11/3/2018,11/13/2018,,,7,
NA106,NA106,2370,E/V Nautilus,E/V Nautilus,5/11/2019,5/11/2019,,,7,
NA110,NA110,2371,E/V Nautilus,E/V Nautilus,6/27/2019,7/5/2019,,,7,
NA110,NA110,2371,E/V Nautilus ,E/V Nautilus ,6/28/2019,6/28/2019,,,7,
NA112,NA112,2372,E/V Nautilus,E/V Nautilus,7/22/2019,8/3/2019,,,7,
NA114,NA114,2373,E/V Nautilus,E/V Nautilus,8/29/2019,9/12/2019,,,7,
NA116,NA116,2374,E/V Nautilus,E/V Nautilus,10/7/2019,10/7/2019,,,7,
NA117,NA117,2375,E/V Nautilus,E/V Nautilus,10/13/2019,10/16/2019,,,7,
NA122,NA122,2376,E/V Nautilus,E/V Nautilus,10/14/2020,10/14/2020,,,7,
NA123,NA123,2377,E/V Nautilus,E/V Nautilus,10/16/2020,10/20/2020,,,7,
NA128,NA128,2378,E/V Nautilus,E/V Nautilus,7/22/2021,8/2/2021,,,7,
NA131,NA131,2379,E/V Nautilus,E/V Nautilus,9/24/2021,9/24/2021,,,7,
NA134,NA134,2380,E/V Nautilus,E/V Nautilus,11/18/2021,5/28/2022,,,7,
NA135,NA135,2381,E/V Nautilus,E/V Nautilus,12/9/2021,12/17/2021,,,7,
NA137,NA137,2382,E/V Nautilus,E/V Nautilus,3/20/2022,6/29/2022,,,7,
NA138,NA138,2383,E/V Nautilus,E/V Nautilus,4/10/2022,5/20/2022,,,7,
NA141,NA141,2384,E/V Nautilus,E/V Nautilus,6/22/2022,9/20/2022,,,7,
NA149,NA149,2385,E/V Nautilus,E/V Nautilus,5/19/2023,6/9/2023,,,7,
NA153,NA153,2386,E/V Nautilus,E/V Nautilus,8/5/2023,8/25/2023,,,7,
NA154,NA154,2387,E/V Nautilus,E/V Nautilus,9/4/2023,9/24/2023,,,7,
NA156,NA156,2388,E/V Nautilus,E/V Nautilus,10/27/2023,10/28/2023,,,7,
NAPALM,NAPALM,2389,RV KRKII,RV KRKII,10/4/2013,10/7/2013,,,7,
NASA IceCrystal Grant #:80NSSC18K1518,NASA IceCrystal Grant 80NSSC18K1518,2390,,,6/6/2019,6/14/2019,,,,
Natael Na,Natael Na,2391,,,6/11/2019,6/11/2019,,,,
National Geographic and WHOI expedition,National Geographic and WHOI expedition,2392,,,8/8/2018,8/15/2018,,,,
NAUSICAA,NAUSICAA,2393,,,6/18/1996,9/19/1996,,,,
Navajo Duval,Navajo Duval,2395,,,NULL,NULL,,,,
NAZCOPAC,NAZCOPAC,2396,R/V Le Nadir,R/V Le Nadir,12/31/1987,12/31/1987,,,7,
NAZCOPAC-17,NAZCOPAC-17,2397,Nautile,Nautile,NULL,NULL,,,,
NBP00-01,NBP00-01,2398,,R/V Nathaniel B. Palmer,12/31/1999,12/31/1999,,,7,
NBP00-03,NBP00-03,2399,R/V Nathaniel B. Palmer,R/V Nathaniel B. Palmer,12/31/1999,4/30/2000,,,7,
NBP00-03,NBP00-03,2399,,R/V Nathaniel B. Palmer,8/6/2015,8/6/2015,,,7,
NBP01-01,NBP01-01,2400,R/V Nathaniel B. Palmer,R/V Nathaniel B. Palmer,12/31/2000,1/14/2016,,,7,
NBP01-07,NBP01-07,2401,Nathaniel B. Palmer,R/V Nathaniel B. Palmer,4/8/2014,4/8/2014,,,7,
NBP01-07,NBP01-07,2401,,R/V Nathaniel B. Palmer,12/31/2000,12/31/2000,,,7,
NBP02-01,NBP02-01,2402,,R/V Nathaniel B. Palmer,12/31/2001,11/13/2014,,,7,
NBP03-01,NBP03-01,2403,R/V Nathaniel B. Palmer,R/V Nathaniel B. Palmer,1/4/2003,1/4/2003,,,7,
NBP03-01,NBP03-01,2403,,R/V Nathaniel B. Palmer,12/31/2002,12/31/2002,,,7,
NBP03-06,NBP03-06,2404,,R/V Nathaniel B. Palmer,12/31/2002,12/31/2002,,,7,
NBP05-02,NBP05-02,2405,Nathanial B. Palmer,R/V Nathaniel B. Palmer,6/16/2015,6/16/2015,,,7,
NBP05-02,NBP05-02,2405,,R/V Nathaniel B. Palmer,12/31/2004,12/31/2004,,,7,
"NBP05-02, SHALDRIL","NBP05-02, SHALDRIL",2406,,R/V Nathaniel B. Palmer,12/31/2004,12/31/2004,,,7,
NBP0505,NBP05-05,2407,Nathaniel B. Palmer,R/V Nathaniel B. Palmer,NULL,NULL,,,7,
NBP05-05,NBP05-05,2407,R/V Nathaniel B Palmer,R/V Nathaniel B. Palmer,11/17/2015,11/19/2015,,,7,
NBP05-05,NBP05-05,2407,R/V Nathaniel B. Palmer,R/V Nathaniel B. Palmer,1/2/2005,1/3/2005,,,7,
NBP05-05,NBP05-05,2407,,R/V Nathaniel B. Palmer,1/2/2005,6/28/2005,,,7,
NBP06-02a,NBP06-02a,2408,R/V Nathaniel B. Palmer,R/V Nathaniel B. Palmer,12/31/2005,1/2/2006,,,7,
NBP0603,NBP06-03,2409,Nathaniel B. Palmer,R/V Nathaniel B. Palmer,4/21/2006,4/29/2006,,,7,
NBP06-03,NBP06-03,2409,R/V Nathaniel B. Palmer,R/V Nathaniel B. Palmer,1/1/2006,1/3/2006,,,7,
NBP0701,NBP07-01,2410,NB Palmer,R/V Nathaniel B. Palmer,NULL,NULL,,,7,
NBP07-01,NBP07-01,2410,,R/V Nathaniel B. Palmer,12/31/2000,12/31/2000,,,7,
NBP-07-01,NBP07-01,2410,,R/V Nathaniel B. Palmer,1/12/2007,1/12/2007,,,7,
NBP0703,NBP07-03,2411,Nathaniel B. Palmer,R/V Nathaniel B. Palmer,4/9/2007,4/29/2007,,,7,
NBP07-03,NBP07-03,2411,Nathanial B. Palmer,R/V Nathaniel B. Palmer,6/14/2015,6/15/2015,,,7,
NBP07-03,NBP07-03,2411,Nathaniel B Palmer,R/V Nathaniel B. Palmer,4/22/2015,5/13/2015,,,7,
NBP07-03,NBP07-03,2411,,R/V Nathaniel B. Palmer,12/31/2006,1/21/2015,,,7,
NBP08-02,NBP08-02,2412,Nathaniel B. Palmer,R/V Nathaniel B. Palmer,12/31/2007,12/31/2007,,,7,
NBP08-03,NBP08-03,2413,R/V Nathaniel B. Palmer,R/V Nathaniel B. Palmer,12/31/2007,12/31/2007,,,7,
NBP0808,NBP08-08,2414,Nathaniel B. Palmer,R/V Nathaniel B. Palmer,7/14/2008,7/31/2008,,,7,
NBP0812,NBP08-12,2415,Nathaniel B. Palmer,R/V Nathaniel B. Palmer,11/20/2008,12/11/2008,,,7,
NBP0908,NBP09-08,2416,Nathaniel B. Palmer,R/V Nathaniel B. Palmer,11/20/2009,12/17/2009,,,7,
NBP1001,NBP10-01,2417,Nathaniel B. Palmer,R/V Nathaniel B. Palmer,1/11/2010,2/23/2010,,,7,
NBP10-01,NBP10-01,2417,Nathaniel B. Palmer,R/V Nathaniel B. Palmer,12/31/2009,12/31/2009,,,7,
NBP1002,NBP10-02,2418,Nathaniel B. Palmer,R/V Nathaniel B. Palmer,3/19/2010,4/25/2010,,,7,
NBP1004,NBP10-04,2419,Nathaniel B. Palmer,R/V Nathaniel B. Palmer,10/25/2010,11/12/2010,,,7,
NBP1005,NBP10-05,2420,Nathaniel B. Palmer,R/V Nathaniel B. Palmer,12/2/2010,1/8/2011,,,7,
NBP1005A,NBP10-05A,2421,Nathaniel B. Palmer,R/V Nathaniel B. Palmer,1/14/2011,1/14/2011,,,7,
NBP12-03,NBP12-03,2422,Nathaniel B. Palmer,R/V Nathaniel B. Palmer,4/8/2014,4/8/2014,,,7,
NBP12-03,NBP12-03,2422,R/V Nathaniel B. Palmer,R/V Nathaniel B. Palmer,12/31/2011,12/31/2011,,,7,
NBP12-03,NBP12-03,2422,,R/V Nathaniel B. Palmer,1/27/2014,5/8/2014,,,7,
NBP1402,NBP14-02,2423,R/V Nathaniel B Palmer,R/V Nathaniel B. Palmer,12/2/2015,1/12/2016,,,7,
NBP1402,NBP14-02,2423,R/V Nathaniel B. Palmer,R/V Nathaniel B. Palmer,12/31/2013,1/13/2016,,,7,
NBP1402,NBP14-02,2423,,R/V Nathaniel B. Palmer,3/13/2015,3/13/2015,,,7,
NBP14-02,NBP14-02,2423,R/V Nathaniel B Palmer,R/V Nathaniel B. Palmer,1/12/2016,1/15/2016,,,7,
NBP14-02,NBP14-02,2423,R/V Nathaniel B. Palmer,R/V Nathaniel B. Palmer,1/1/2014,1/1/2014,,,7,
NBP14-02,NBP14-02,2423,RV Nathaniel B Palmer,R/V Nathaniel B. Palmer,1/15/2016,1/15/2016,,,7,
NBP-14-02,NBP14-02,2423,,R/V Nathaniel B. Palmer,2/6/2014,2/6/2014,,,7,
NBP14-02 ,NBP14-02 ,2424,R/V Nathaniel B Palmer,R/V Nathaniel B. Palmer,12/9/2015,12/9/2015,,,7,
NBP15-02A,NBP15-02A,2425,R/V Nathaniel B Palmer,R/V Nathaniel B. Palmer,3/19/2015,3/19/2015,,,7,
NBP15-02A,NBP15-02A,2425,R/V Nathaniel B. Palmer,R/V Nathaniel B. Palmer,3/2/2015,3/19/2015,,,7,
NBP15-02B,NBP15-02B,2426,R/V Nathaniel B Palmer,R/V Nathaniel B. Palmer,7/27/2015,12/9/2015,,,7,
NBP15-02B,NBP15-02B,2426,R/V Nathaniel B. Palmer,R/V Nathaniel B. Palmer,3/19/2015,3/19/2015,,,7,
NBP1702,NBP17-02,2427,Nathaniel B Palmer,R/V Nathaniel B. Palmer,2/4/2017,2/25/2017,,,7,
NBP1702,NBP17-02,2427,R/V Nathaniel B. Palmer,R/V Nathaniel B. Palmer,1/30/2017,2/25/2017,,,7,
NBP1702,,,,,,,,,,
",NBP17-02",,,,,,,,,,
",2428,R/V Nathaniel B. Palmer,R/V Nathaniel B. Palmer,1/28/2017,1/28/2017,,,7,",,,,,,,,,,
NBP1808,NBP18-08,2429,Nathaniel B. Palmer,R/V Nathaniel B. Palmer,10/24/2018,11/29/2018,,,7,
NBP9301,NBP93-01,2430,Palmer,R/V Nathaniel B. Palmer,12/31/1992,12/31/1992,,,7,
NBP93-01,NBP93-01,2430,Palmer,R/V Nathaniel B. Palmer,12/31/1992,12/31/1992,,,7,
NBP93-01,NBP93-01,2430,R/V Nathaniel B. Palmer,R/V Nathaniel B. Palmer,12/31/1992,12/31/1992,,,7,
NBP93-01,NBP93-01,2430,,R/V Nathaniel B. Palmer,12/31/1992,12/31/1992,,,7,
NBP9308,NBP93-08,2431,Palmer,R/V Nathaniel B. Palmer,12/31/1992,12/31/1992,,,7,
NBP93-08,NBP93-08,2431,R/V Nathaniel B Palmer,R/V Nathaniel B. Palmer,1/4/1993,1/4/1993,,,7,
NBP93-08,NBP93-08,2431,R/V Nathaniel B. Palmer,R/V Nathaniel B. Palmer,12/31/1992,1/3/1993,,,7,
NBP93-08,NBP93-08,2431,,R/V Nathaniel B. Palmer,12/31/1992,6/16/2014,,,7,
NBP9401,NBP94-01,2432,Palmer,R/V Nathaniel B. Palmer,12/31/1993,12/31/1993,,,7,
NBP94-01,NBP94-01,2432,Nathaniel B. Palmer,R/V Nathaniel B. Palmer,12/31/1993,5/25/2015,,,7,
NBP9407,NBP94-07,2433,Palmer,R/V Nathaniel B. Palmer,12/31/1993,12/31/1993,,,7,
NBP94-07,NBP94-07,2433,n,R/V Nathaniel B. Palmer,12/31/1993,12/31/1993,,,7,
NBP94-07,NBP94-07,2433,Nathaniel B Palmer,R/V Nathaniel B. Palmer,7/17/1995,8/5/2004,,,7,
NBP94-07,NBP94-07,2433,Nathaniel B. Palmer,R/V Nathaniel B. Palmer,12/31/1993,1/2/1994,,,7,
NBP94-07,NBP94-07,2433,R/V Nathaniel B. Palmer,R/V Nathaniel B. Palmer,1/2/1994,1/2/1994,,,7,
NBP94-07,NBP94-07,2433,,R/V Nathaniel B. Palmer,6/16/2014,6/18/2014,,,7,
NBP9501,NBP95-01,2434,Palmer,R/V Nathaniel B. Palmer,12/31/1994,12/31/1994,,,7,
NBP95-01,NBP95-01,2434,R/V Nathaniel B. Palmer,R/V Nathaniel B. Palmer,12/31/1994,12/31/1994,,,7,
NBP95-01,NBP95-01,2434,,R/V Nathaniel B. Palmer,12/31/1994,12/31/1994,,,7,
NBP96-01,NBP96-01,2435,R/V Nathaniel B. Palmer,R/V Nathaniel B. Palmer,12/31/1995,12/31/1995,,,7,
NBP96-01,NBP96-01,2435,,R/V Nathaniel B. Palmer,12/31/1995,6/17/2014,,,7,
NBP9801,NBP98-01,2436,Palmer,R/V Nathaniel B. Palmer,12/31/1997,12/31/1997,,,7,
NBP98-01,NBP98-01,2436,R/V Nathaniel B. Palmer,R/V Nathaniel B. Palmer,12/31/1997,12/31/1997,,,7,
NBP98-01,NBP98-01,2436,,R/V Nathaniel B. Palmer,12/31/1997,12/31/1997,,,7,
NBP9902,NBP99-02,2437,Palmer,R/V Nathaniel B. Palmer,12/31/1998,12/31/1998,,,7,
NBP99-02,NBP99-02,2437,R/V Nathaniel B. Palmer,R/V Nathaniel B. Palmer,12/31/1998,12/31/1998,,,7,
NBP99-02,NBP99-02,2437,,R/V Nathaniel B. Palmer,12/31/1998,12/31/1998,,,7,
NBP9903,NBP99-03,2438,Palmer,R/V Nathaniel B. Palmer,12/31/1998,12/31/1998,,,7,
NBP99-03,NBP99-03,2438,R/V Nathaniel B. Palmer,R/V Nathaniel B. Palmer,12/31/1998,12/31/1998,,,7,
NBP99-03,NBP99-03,2438,,R/V Nathaniel B. Palmer,12/31/1998,12/31/1998,,,7,
NCKRI seed grant,NCKRI seed grant,2439,,,12/10/2020,4/18/2021,,,,
ND11,ND11,2440,RV Ndunduma,RV Ndunduma,1/14/2011,1/14/2011,,,7,
NDE,NDE,2441,,,6/7/2016,6/7/2016,,,,
NE24,NE24,2442,,,6/5/2024,6/5/2024,,,,
NEMO02MV,NEMO02MV,2443,Melville,R/V Melville,NULL,NULL,,,7,
New Gatun Locks Construction,New Gatun Locks Construction,2444,,,8/24/2009,3/10/2010,,,,
New_Zealand:Core_McNinch,New Zealand:Core McNinch,2445,NotApplicable,N.A.,4/11/2006,10/11/2006,,,1,
Newfoundland Expedition,Newfoundland Expedition,2447,,,NULL,NULL,,,,
"Newfoundland Expedition, 1912","Newfoundland Expedition, 1912",2448,,,NULL,NULL,,,,
"Newfoundland Expedition, 1913","Newfoundland Expedition, 1913",2449,,,NULL,NULL,,,,
"Newfoundland Expedition, 1914","Newfoundland Expedition, 1914",2450,,,NULL,NULL,,,,
"Newfoundland Expedition, 1915","Newfoundland Expedition, 1915",2451,,,NULL,NULL,,,,
"Newfoundland Expedition, 1919","Newfoundland Expedition, 1919",2452,,,NULL,NULL,,,,
NewZealand:Kniskern,New Zealand:Kniskern,2446,"Touchwood, 38 degrees South","Touchwood, 38 degrees South",2/14/2010,2/16/2010,,,,
"Next Generation Ecosystem Experiements, Tropics","Next Generation Ecosystem Experiments, Tropics",2453,,,2/15/2017,2/21/2017,,,,
NGHP01,NGHP01,2454,D/V Resolution,D/V JOIDES Resolution,NULL,NULL,,,2,
NH,NH,2455,,,12/30/2003,6/2/2010,,,,
NHPM,NHPM,2456,,,3/4/2012,3/7/2012,,,,
NIBI,NIBI,2457,,,3/28/2011,3/28/2011,,,,
NICE,NICE,2458,,,10/22/2011,5/16/2016,,,,
NKARA,NKARA67 East Wind,2461,East Wind,East Wind,NULL,NULL,"only one sample has just NKARA for cruise,and sample number is NKARA67-xxxxxx",,,
NKARA65,NKARA65,2459,Northwind,Northwind,NULL,NULL,All NKARA65 that assert platform are Northwind platform,,,
NKARA65,NKARA65,2459,,,NULL,NULL,,,,
NKARA67,NKARA67 East Wind,2461,East Wind,East Wind,NULL,NULL,,,,
NKARA67,NKARA67 Northwind,2462,Northwind,Northwind,1/2/1967,1/2/1967,,,,
NKARA67,NKARA67,2460,,,NULL,NULL,,,,
NLSN,NLSN,2463,,,12/30/2007,12/30/2007,,,,
NOAA - Metallogenesis,NOAA - Metallogenesis,2475,Researcher,Researcher,NULL,NULL,,,,
NOAA- Metallogenesis,NOAA - Metallogenesis,2475,Researcher,Researcher,NULL,NULL,,,,
NOAA-Metallogenesis,NOAA - Metallogenesis,2475,Researcher,Researcher,NULL,NULL,,,,
NOAA Metallogenesis,NOAA - Metallogenesis,2475,,,NULL,NULL,,,,
NOA-Svalbard,NOA-Svalbard,2476,,,8/3/2012,9/6/2012,,,,
NOCA,NOCA,2477,,,12/30/1999,12/30/2009,,,,
None,,,Unknown,Unknown,NULL,NULL,,,,
Noranda Minerals,Noranda Minerals,2478,,,6/11/1905,6/11/1905,,,5,
North Shore Volcanic Group 2015,North Shore Volcanic Group 2015,2479,,,NULL,NULL,,,,
Northern Expedition 2000,Northern Expedition 2000,2480,R/V Western Flyer,R/V Western Flyer,8/12/2000,8/12/2000,,,7,
NorthernShield SR,NorthernShield SR,2481,,,6/30/2021,6/30/2021,,,,
Not Applicable,,,Not Applicable,N.A.,NULL,NULL,,,,
Not Applicable,,,Platform name,Missing,12/31/2012,12/31/2012,,,,
Not Applicable,,,,,NULL,NULL,,,,
NoToVE,NoToVE,2482,,,10/3/2004,11/13/2004,,,,
Nov. 2015 Field work,Nov. 2015 Field work,2483,,N.A.,11/26/2015,11/26/2015,,,3,
NOVA03HO,NOVA03HO,2484,Horizon,Horizon,NULL,NULL,,,,
NOVA04HO,NOVA04HO,2485,Horizon,Horizon,NULL,NULL,,,,
NP04,NP04,2486, RV Maman Benita,R/V Maman Benita,12/30/2004,12/30/2004,,,7,
NRF,NRF,2487,,,6/27/2013,10/3/2014,,,,
NSF - EARPF2010 UK Field Work BDC,NSF - EARPF2010 UK Field Work BDC,2488,,N.A.,7/4/2010,7/4/2010,,,3,
NSF - EARPF2010 UK Fieldwork BDC,NSF - EARPF2010 UK Field Work BDC,2488,,N.A.,NULL,NULL,,,3,
NSF CAREER,NSF CAREER,2489,,,6/10/2021,6/16/2021,,,,
NSF EAR 2004684,NSF EAR 2004684,2490,,,5/21/2017,7/12/2019,,,,
NSF GeoPRISMS Shared Platform 2015 Leg 3,NSF GeoPRISMS Shared Platform 2015 Leg 3,2491,R/V Maritime Maid,R/V Maritime Maid,9/7/2015,10/8/2015,,,7,
NSF GeoPRISMS Shared Platform 2015 Leg 3,NSF GeoPRISMS Shared Platform 2015 Leg 3,2491,,,NULL,NULL,,,7,
NSF grant ID 1761576,NSF grant ID 1761576,2492,,,12/31/2018,12/31/2021,,,,
NSF Moenave-Elliot Project,NSF Moenave-Elliot Project,2493,,,3/20/2022,3/24/2022,,,,
NSF PLUME Program (TUIM01),NSF PLUME Program (TUIM01),2494,Melville,R/V Melville,NULL,NULL,,,7,
NSF Project - Collaborative Research: A Thermochronologic and Kinematic â€“ Thermal Modeling Test of the Collapse of a Mesozoic West Antarctic Plateau,NSF Project - Mesozoic West Antarctic Plateau,2495,,,1/14/2009,1/14/2009,NSF Project - Collaborative Research: A Thermochronologic and Kinematic â€“ Thermal Modeling Test of the Collapse of a Mesozoic West Antarctic Plateau,,8,
NSFC41530207,NSFC41530207,2496,,,NULL,NULL,,,,
NSF-EAR award 0217598,NSF-EAR award 0217598,2497,,N.A.,2/28/2003,2/28/2003,fix fill-down error in legacy SESAR data,,,
NSF-EAR award 0217599,NSF-EAR award 0217598,2497,,N.A.,2/28/2003,2/28/2003,,,,
NSF-EAR award 0217600,NSF-EAR award 0217598,2497,,N.A.,2/28/2003,2/28/2003,,,,
NSF-EAR award 0217601,NSF-EAR award 0217598,2497,,N.A.,2/28/2003,2/28/2003,,,,
NSF-EAR award 0217602,NSF-EAR award 0217598,2497,,N.A.,2/28/2003,2/28/2003,,,,
NSF-EAR award 0217603,NSF-EAR award 0217598,2497,,N.A.,2/28/2003,2/28/2003,,,,
NSF-EAR award 0217604,NSF-EAR award 0217598,2497,,N.A.,2/28/2003,2/28/2003,,,,
NSF-EAR award 0217605,NSF-EAR award 0217598,2497,,N.A.,2/28/2003,2/28/2003,,,,
NSF-EAR award 0217606,NSF-EAR award 0217598,2497,,N.A.,2/28/2003,2/28/2003,,,,
NSF-EAR award 0217607,NSF-EAR award 0217598,2497,,N.A.,2/28/2003,2/28/2003,,,,
NSF-EAR award 0217608,NSF-EAR award 0217598,2497,,N.A.,2/28/2003,2/28/2003,,,,
NSF-EAR award 0217609,NSF-EAR award 0217598,2497,,N.A.,2/28/2003,2/28/2003,,,,
NSF-EAR award 0217610,NSF-EAR award 0217598,2497,,N.A.,2/28/2003,2/28/2003,,,,
NSF-EAR award 0217611,NSF-EAR award 0217598,2497,,N.A.,2/28/2003,2/28/2003,,,,
NSF-EAR award 0217612,NSF-EAR award 0217598,2497,,N.A.,2/28/2003,2/28/2003,,,,
NSF-EAR award 0217613,NSF-EAR award 0217598,2497,,N.A.,2/28/2003,2/28/2003,,,,
NSF-EAR award 0217614,NSF-EAR award 0217598,2497,,N.A.,2/28/2003,2/28/2003,,,,
NSF-EAR award 0217615,NSF-EAR award 0217598,2497,,N.A.,2/28/2003,2/28/2003,,,,
NSF-EAR award 0217616,NSF-EAR award 0217598,2497,,N.A.,2/28/2003,2/28/2003,,,,
NSF-EAR award 0217617,NSF-EAR award 0217598,2497,,N.A.,2/28/2003,2/28/2003,,,,
NSF-EAR award 0217618,NSF-EAR award 0217598,2497,,N.A.,2/28/2003,2/28/2003,,,,
NSF-EAR award 0217619,NSF-EAR award 0217598,2497,,N.A.,2/28/2003,2/28/2003,,,,
NSF-EAR award 0217620,NSF-EAR award 0217598,2497,,N.A.,2/28/2003,2/28/2003,,,,
NSF-EAR award 0217621,NSF-EAR award 0217598,2497,,N.A.,2/28/2003,2/28/2003,,,,
NSF-EAR award 0217622,NSF-EAR award 0217598,2497,,N.A.,2/28/2003,2/28/2003,,,,
NSF-EAR award 0217623,NSF-EAR award 0217598,2497,,N.A.,2/28/2003,2/28/2003,,,,
NSF-EAR award 0217624,NSF-EAR award 0217598,2497,,N.A.,2/28/2003,2/28/2003,,,,
NSF-EAR award 0217625,NSF-EAR award 0217598,2497,,N.A.,2/28/2003,2/28/2003,,,,
NSF-EAR award 0217626,NSF-EAR award 0217598,2497,,N.A.,2/28/2003,2/28/2003,,,,
NSF-EAR award 0217627,NSF-EAR award 0217598,2497,,N.A.,2/28/2003,2/28/2003,,,,
NSF-EAR award 0217628,NSF-EAR award 0217598,2497,,N.A.,2/28/2003,2/28/2003,,,,
NSF-EAR award 0217629,NSF-EAR award 0217598,2497,,N.A.,2/28/2003,2/28/2003,,,,
NSF-EAR award 0217630,NSF-EAR award 0217598,2497,,N.A.,2/28/2003,2/28/2003,,,,
NSF-EAR award 0217631,NSF-EAR award 0217598,2497,,N.A.,2/28/2003,2/28/2003,,,,
NSF-EAR award 0217632,NSF-EAR award 0217598,2497,,N.A.,2/28/2003,2/28/2003,,,,
NSF-EAR award 0217633,NSF-EAR award 0217598,2497,,N.A.,2/28/2003,2/28/2003,,,,
NSF-EAR award 0217634,NSF-EAR award 0217598,2497,,N.A.,2/28/2003,2/28/2003,,,,
NSF-EAR award 0217635,NSF-EAR award 0217598,2497,,N.A.,2/28/2003,2/28/2003,,,,
NSF-EAR award 0217636,NSF-EAR award 0217598,2497,,N.A.,2/28/2003,2/28/2003,,,,
NSF-EAR award 0217637,NSF-EAR award 0217598,2497,,N.A.,2/28/2003,2/28/2003,,,,
NSF-EAR award 0217638,NSF-EAR award 0217598,2497,,N.A.,2/28/2003,2/28/2003,,,,
NSF-EAR award 0217639,NSF-EAR award 0217598,2497,,N.A.,2/28/2003,2/28/2003,,,,
NSF-EAR award 0217640,NSF-EAR award 0217598,2497,,N.A.,2/28/2003,2/28/2003,,,,
NSF-EAR award 0217641,NSF-EAR award 0217598,2497,,N.A.,2/28/2003,2/28/2003,,,,
NSF-EAR award 0217642,NSF-EAR award 0217598,2497,,N.A.,2/28/2003,2/28/2003,,,,
NSF-EAR award 0440169,NSF-EAR award 0440169,2498,,,6/21/2005,7/4/2005,,,8,
NSF-RAPID Hurricane Florence,NSF-RAPID Hurricane Florence,2499,,,8/31/2016,8/31/2019,,,,
NSVG 2015 Fieldwork,NSVG 2015 Fieldwork,2500,,N.A.,8/5/2015,8/5/2015,,,3,
NT0210 3K,NT0210 3K,2501,R/V Natsushima,R/V Natsushima,NULL,NULL,,,7,
NT0210-3K,NT0210 3K,2501,R/V Natsushima,R/V Natsushima,NULL,NULL,,,7,
NT0517,NT0517,2502,R/V Natsushima,R/V Natsushima,NULL,NULL,,,7,
NT05-17,NT0517,2502,,,NULL,NULL,,,,
NT1012,NT1012,2503,R/V Natsushima,R/V Natsushima,NULL,NULL,,,7,
NT1012,NT1012,2503,,,NULL,NULL,,,,
NT10-12,NT1012,2503,,,NULL,NULL,,,,
NULL,,,--,Missing,NULL,NULL,,,,
NULL,,,Adriatico,Adriatico,NULL,NULL,,,,
NULL,,,Agulhas,Agulhas,NULL,NULL,,,,
NULL,,,Akademik B. Petrov,R/V Akademik Boris Petrov,NULL,NULL,,,7,
NULL,,,Akademik Boris Petrov,R/V Akademik Boris Petrov,NULL,NULL,,,7,
NULL,,,Akademik Kurchatov,R/V Akademik Kurchatov,NULL,NULL,,,7,
NULL,,,Albatross,Albatross,NULL,NULL,,,,
NULL,,,Anton Brun,Anton Brun,NULL,NULL,,,,
NULL,,,ARGO RISE 1,ARGO RISE 1,NULL,NULL,,,,
NULL,,,Bannock,Bannock,NULL,NULL,,,,
NULL,,,Bartlett,Bartlett,NULL,NULL,,,,
NULL,,,Belgian S.S.,Belgian S.S.,NULL,NULL,,,,
NULL,,,Carr,Carr,NULL,NULL,,,,
NULL,,,Charles Darwin,Charles Darwin,NULL,NULL,,,,
NULL,,,Deepsea Miner,Deepsea Miner,NULL,NULL,,,,
NULL,,,DeSteigeur,USNS DeSteiguer,NULL,NULL,,,,
NULL,,,Discoverer,Discoverer,NULL,NULL,,,,
NULL,,,Discovery II,Discovery II,NULL,NULL,,,,
NULL,,,DODO,DODO,NULL,NULL,,,,
NULL,,,Downwind Expedition,Downwind Expedition,NULL,NULL,,,,
NULL,,,Eastward,Eastward,NULL,NULL,,,,
NULL,,,Endeavor,R/V Endeavor,NULL,NULL,,,7,
NULL,,,Endeavour,Endeavor,NULL,NULL,,,7,
NULL,,,Gillis,R/V Gilliss,NULL,NULL,guess Gillis is a typo,,7,
NULL,,,Gilliss,R/V Gilliss,NULL,NULL,,,7,
NULL,,,H.M.S. Porcupine,H.M.S. Porcupine,NULL,NULL,,,7,
NULL,,,Hafthor,Hafthor,NULL,NULL,,,,
NULL,,,Hudson,Hudson,NULL,NULL,,,,
NULL,,,Iolanthe,Iolanthe,NULL,NULL,,,,
NULL,,,James Cook,James Cook,NULL,NULL,,,,
NULL,,,Jason,Jason Platform,NULL,NULL,,,,
NULL,check,-9999,Jason Platform,Jason Platform,1/22/1965,1/22/1969,,,,
NULL,,,Jean Charcot,Jean Charcot,NULL,NULL,,,,
NULL,,,Kana Keoki,R/V Kana Keoki,NULL,NULL,,,7,
NULL,,,Kana Keoki?,R/V Kana Keoki,NULL,NULL,,,7,
NULL,,,Kane,Kane,NULL,NULL,,,,
NULL,,,L'Atalante,L'Atalante,NULL,NULL,,,,
NULL,,,Lynch,Lynch,NULL,NULL,,,,
NULL,,,Melville,R/V Melville,NULL,NULL,,,7,
NULL,check,-9999,Mott Drilling Co.,Mott Drilling Co.,6/20/1962,6/20/1962,,,11,
NULL,,,myplatform ID,Missing,NULL,NULL,,,,
NULL,check,-9999,Mystique,Mystique,1/30/1993,1/30/1993,,,,
NULL,,,NEJTW,NEJTW,NULL,NULL,,,,
NULL,,,New Horizon,New Horizon,NULL,NULL,,,,
NULL,,,NOAA Ship Miller Freeman,NOAA Ship Miller Freeman,NULL,NULL,,,,
NULL,,,Not Applicable,N.A.,4/18/2006,7/1/2008,,,,
NULL,,,Oceanographer,Oceanographer,NULL,NULL,,,,
NULL,,,Oceanus,Oceanus,NULL,NULL,,,,
NULL,,,Parizeau,Parizeau,NULL,NULL,,,,
NULL,,,Pillsbury,Pillsbury,NULL,NULL,,,,
NULL,,,Pilsbury,Pilsbury,NULL,NULL,,,,
NULL,,,Pisces IV,Pisces IV,NULL,NULL,,,,
NULL,,,Pisces IV?,Pisces IV?,NULL,NULL,,,,
NULL,,,Polarstern,R/V Polarstern,NULL,NULL,,,7,
NULL,,,Prof. Shtockman,R/V Professor Shtokman,NULL,NULL,,,7,
NULL,,,Prof. Shtokman,R/V Professor Shtokman,NULL,NULL,,,7,
NULL,,,Quest,Quest,NULL,NULL,,,,
NULL,,,R/V Brown Bear,R/V Brown Bear,NULL,NULL,,,7,
NULL,check,-9999,R/V Kaimikai-o-Kanaloa,R/V Kaimikai-o-Kanaloa,9/8/2006,11/16/2014,,,7,
NULL,,,R/V Kelez,R/V Kelez,NULL,NULL,,,7,
NULL,check,-9999,R/V Meteor,R/V Meteor,12/28/2017,1/14/2018,,,7,
NULL,check,-9999,R/V MOANA WAVE,R/V Moana Wave,12/31/1994,12/31/1994,,,7,
NULL,,,R/V Moana Wave,R/V Moana Wave,NULL,NULL,,,7,
NULL,,,R/V Prospector,R/V Prospector,NULL,NULL,,,7,
NULL,check,-9999,R/V Sur Austral,R/V Sur Austral,2/1/2017,2/1/2017,,,7,
NULL,,,Researcher,Researcher,NULL,NULL,,,,
NULL,,,Researcher 300,Researcher 300,NULL,NULL,,,,
NULL,,,Robert Conrad,R/V Robert D. Conrad,NULL,NULL,,,7,
NULL,check,-9999,S.P. Lee,S.P. Lee,12/31/1983,12/31/1983,,,,
NULL,,,Salernum,Salernum,NULL,NULL,,,,
NULL,,,Scripps,Scripps,NULL,NULL,,,,
NULL,,,Sea Scope,Sea Scope,NULL,NULL,,,,
NULL,,,Shackleton,Shackleton,NULL,NULL,,,,
NULL,,,SIQUEIROS,SIQUEIROS,NULL,NULL,,,,
NULL,,,Sonne,R/V Sonne,NULL,NULL,,,7,
NULL,,,Spencer F Baird,Spencer F. Baird,NULL,NULL,,,,
NULL,,,Styx,Styx,NULL,NULL,,,,
NULL,,,Thomas Washington,R/V Thomas Washington,NULL,NULL,,,7,
NULL,,,TN154,TN154,NULL,NULL,,,,
NULL,,,TowCam,TowCam,NULL,NULL,,,,
NULL,,,Trident,R/V Trident,NULL,NULL,,,7,
NULL,,,Trieste,Trieste,NULL,NULL,,,,
NULL,,,U.S.S. Nero,U.S.S. Nero,NULL,NULL,,,,
NULL,,,USGS SEA SOUNDER,USGS SEA SOUNDER,NULL,NULL,,,,
NULL,check,-9999,Uwitec CLIMCOR I,Uwitec CLIMCOR I,12/11/2011,12/11/2011,,,,
NULL,,,Vema,R/V Vema,NULL,NULL,,,7,
NULL,,,VEMA,R/V Vema,NULL,NULL,,,7,
NULL,,,W.H. Buse,W.H. Buse,NULL,NULL,,,,
NULL,,,,,1847-08-05 21:27:44-07:28:18,11/8/6198,,,,
NUNV,NUNV,2504,,,12/30/2001,12/30/2006,,,,
NV861,NV861,2505,PELICAN,R/V Pelican,2/14/1997,2/22/1997,,,7,
NV865,NV865,2506,CAPE HATTERAS,Cape Hatteras,2/14/1997,3/16/1997,,,,
NV871,NV871,2507,NEW HORIZON,New Horizon,2/25/1997,3/11/1997,,,,
NV885,NV885,2508,PELICAN,R/V Pelican,8/28/1997,9/5/1997,,,7,
NV888,NV888,2509,NEW HORIZON,New Horizon,9/8/1997,9/13/1997,,,,
NV891,NV891,2510,CAPE HENLOPEN,Cape Henlopen,2/17/1997,2/28/1997,,,,
NV893,NV893,2511,CAPE HENLOPEN,Cape Henlopen,8/21/1997,9/1/1997,,,,
NV895,NV895,2512,EWING,R/V Maurice Ewing,4/24/1997,4/25/1997,,,7,
NV896,NV896,2513,NEW HORIZON,New Horizon,8/20/1997,9/2/1997,,,,
NV899,NV899,2514,POINT SUR,R/V Point Sur,2/14/1997,2/24/1997,,,7,
NV912,NV912,2515,WECOMA,R/V Wecoma,3/17/1998,3/29/1998,,,7,
NV922,NV922,2516,PELICAN,R/V Pelican,5/14/1998,5/20/1998,,,7,
NV923BI,NV923BI,2517,KNORR,R/V Knorr,4/27/1998,4/27/1998,,,7,
NV923TO,NV923TO,2518,KNORR,R/V Knorr,5/2/1998,5/4/1998,,,7,
NV924,NV924,2519,NEW HORIZON,New Horizon,4/29/1998,5/15/1998,,,,
NV926,NV926,2520,NEW HORIZON,New Horizon,5/20/1998,5/31/1998,,,,
NV933,NV933,2521,CAPE HENLOPEN,Cape Henlopen,5/28/1998,6/13/1998,,,,
NV946,NV946,2522,CAPE HATTERAS,Cape Hatteras,10/8/1998,10/20/1998,,,,
NV947,NV947,2523,NEW HORIZON,New Horizon,10/27/1998,11/4/1998,,,,
NV948,NV948,2524,CAPE HENLOPEN,Cape Henlopen,11/2/1998,11/16/1998,,,,
NV951,NV951,2525,NEW HORIZON,New Horizon,7/31/1998,8/11/1998,,,,
NV952,NV952,2526,THOMAS THOMPSON,R/V Thomas G. Thompson,11/17/1998,11/18/1998,,,7,
NV953,NV953,2527,POINT SUR,R/V Point Sur,1/7/1999,1/18/1999,,,7,
NV955,NV955,2528,NEW HORIZON,New Horizon,1/8/1999,1/16/1999,,,,
NV967,NV967,2529,THOMAS THOMPSON,R/V Thomas G. Thompson,4/30/1999,5/12/1999,,,7,
NV982,NV982,2530,THOMAS THOMPSON,R/V Thomas G. Thompson,10/12/1999,10/23/1999,,,7,
NV986,NV986,2531,NEW HORIZON,New Horizon,11/4/1999,11/9/1999,,,,
NV992,NV992,2532,POINT SUR,R/V Point Sur,11/9/1999,11/18/1999,,,7,
NWG14,NWG14,2533,,,6/3/2014,6/7/2014,,,,
NY-13 (EESC 3101),NY-13 (EESC 3101),2534,,,9/7/2013,9/22/2013,,,,
NZ12,NZ12,2535,,,2/3/2012,3/4/2012,,,,
NZ13,NZ13,2536,,,1/10/2013,1/13/2013,,,,
OAOA03NH,OAOA03NH,2537,New Horizon,New Horizon,NULL,NULL,,,,
OASIS,OASIS,2538,Melville,R/V Melville,4/22/1982,5/2/1982,,,7,
OB87,OB87,2539,Orca Basin,Orca Basin,12/9/1987,12/9/1987,,,,
OC23,Oceanus 023,2541,Oceanus,Oceanus,4/6/1977,4/12/1977,,,7,
OCEANUS 43 stnQCW 0m,Oceanus 043,2542,OCEANUS,Oceanus,4/14/1978,11/4/1981,,,7,
OCE152,Oceanus 152,2543,Oceanus,Oceanus,3/31/1984,3/31/1984,,,7,
OCE153,Oceanus 153,2544,Oceanus,Oceanus,3/31/1984,3/31/1984,,,7,
OCE154,Oceanus 154,2545,Oceanus,Oceanus,3/31/1984,3/31/1984,,,7,
OCE155,Oceanus 155,2546,Oceanus,Oceanus,3/31/1984,3/31/1984,,,7,
OCE156,Oceanus 156,2547,Oceanus,Oceanus,3/31/1984,3/31/1984,,,7,
OC152,Oceanus 152,2543,Oceanus,Oceanus,4/21/1984,4/29/1984,,,7,
OC205,Oceanus 205,2548,Oceanus,Oceanus,12/2/1988,12/16/1988,,,7,
OC212,Oceanus 212,2549,Oceanus,Oceanus,9/11/1989,9/12/1989,,,7,
OC326,Oceanus 326,2550,Oceanus,Oceanus,7/5/1998,7/5/1998,,,7,
OC376,Oceanus 376,2551,Oceanus,Oceanus,4/24/2002,4/29/2002,,,7,
OC380,Oceanus 380,2552,Oceanus,Oceanus,8/12/2002,8/15/2002,,,7,
OC383,Oceanus 383,2553,Oceanus,Oceanus,10/18/2002,10/19/2002,,,7,
OC437-07,Oceanus 437-7,2554,Oceanus,Oceanus,7/4/2007,7/23/2007,,,7,
OC437-7,Oceanus 437-7,2554,Oceanus,Oceanus,7/5/2007,7/24/2007,,,7,
,,,Chain,R/V Chain,,,,,7,
OCNGR68,OCNGR68,2555,Oceanographer,Oceanographer,10/1/1968,10/1/1968,,,,
OCR,OCR,2556,,,4/23/2010,5/14/2010,,,,
ODEMAR,ODEMAR,2557,Pourquoi Pas ?,Pourquoi Pas,11/22/2013,12/12/2013,platform name uncertain,,7,
ODEMAR,ODEMAR,2557,Pourquoi Pas ? ,Pourquoi Pas,11/20/2013,12/18/2013,platform name uncertain,,7,
ODP,ODP,2558,,,NULL,NULL,,,,
ODP Leg 100,ODP Leg 100,2559,Joides Resolution,D/V JOIDES Resolution,1/11/1985,1/29/1985,,,2,
ODP Leg 101,ODP Leg 101,2560,Joides Resolution,D/V JOIDES Resolution,1/31/1985,3/11/1985,,,2,
ODP Leg 102,ODP Leg 102,2561,Joides Resolution,D/V JOIDES Resolution,3/19/1985,4/11/1985,,,2,
ODP Leg 103,ODP Leg 103,2562,Joides Resolution,D/V JOIDES Resolution,4/28/1985,6/11/1985,,,2,
ODP Leg 104,ODP Leg 104,2563,Joides Resolution,D/V JOIDES Resolution,6/27/1985,8/9/1985,,,2,
ODP Leg 105,ODP Leg 105,2564,Joides Resolution,D/V JOIDES Resolution,9/4/1985,10/23/1985,,,2,
ODP Leg 106,ODP Leg 106,2565,Joides Resolution,D/V JOIDES Resolution,11/8/1985,12/17/1985,,,2,
ODP Leg 107,ODP Leg 107,2566,Joides Resolution,D/V JOIDES Resolution,1/2/1986,2/15/1986,,,2,
ODP Leg 108,ODP Leg 108,2567,Joides Resolution,D/V JOIDES Resolution,2/27/1986,4/13/1986,,,2,
ODP Leg 109,ODP Leg 109,2568,Joides Resolution,D/V JOIDES Resolution,5/28/1986,6/11/1986,,,2,
ODP Leg 110,ODP Leg 110,2569,Joides Resolution,D/V JOIDES Resolution,6/27/1986,8/9/1986,,,2,
ODP Leg 111,ODP Leg 111,2570,Joides Resolution,D/V JOIDES Resolution,9/29/1986,10/8/1986,,,2,
ODP Leg 112,ODP Leg 112,2571,Joides Resolution,D/V JOIDES Resolution,10/30/1986,12/10/1986,,,2,
ODP Leg 113,ODP Leg 113,2572,Joides Resolution,D/V JOIDES Resolution,1/15/1987,3/3/1987,,,2,
ODP Leg 114,ODP Leg 114,2573,Joides Resolution,D/V JOIDES Resolution,3/17/1987,4/26/1987,,,2,
ODP Leg 115,ODP Leg 115,2574,Joides Resolution,D/V JOIDES Resolution,5/21/1987,6/28/1987,,,2,
ODP Leg 116,ODP Leg 116,2575,Joides Resolution,D/V JOIDES Resolution,7/9/1987,8/11/1987,,,2,
ODP Leg 117,ODP Leg 117,2576,Joides Resolution,D/V JOIDES Resolution,8/29/1987,10/5/1987,,,2,
ODP Leg 118,ODP Leg 118,2577,Joides Resolution,D/V JOIDES Resolution,10/26/1987,11/17/1987,,,2,
ODP Leg 119,ODP Leg 119,2578,Joides Resolution,D/V JOIDES Resolution,12/25/1987,2/10/1988,,,2,
ODP Leg 120,ODP Leg 120,2579,Joides Resolution,D/V JOIDES Resolution,3/6/1988,4/19/1988,,,2,
IODP Leg 121,ODP Leg 121,2580,Joides Resolution,D/V JOIDES Resolution,5/9/1988,6/14/1988,,,2,
ODP Leg 121,ODP Leg 121,2580,Joides Resolution,D/V JOIDES Resolution,5/9/1988,6/14/1988,,,2,
ODP Leg 122,ODP Leg 122,2581,Joides Resolution,D/V JOIDES Resolution,7/7/1988,8/18/1988,,,2,
ODP Leg 123,ODP Leg 123,2582,Joides Resolution,D/V JOIDES Resolution,9/6/1988,10/19/1988,,,2,
ODP,ODP Leg 124,2583,Joides Resolution,D/V JOIDES Resolution,12/31/1988,12/31/1988,associate with leg 124 based on date,,2,
ODP Leg 124,ODP Leg 124,2583,Joides Resolution,D/V JOIDES Resolution,11/9/1988,2/12/1989,,,2,
ODP Leg 125,ODP Leg 125,2584,Joides Resolution,D/V JOIDES Resolution,2/21/1989,4/5/1989,,,2,
ODP Leg 126,ODP Leg 126,2585,Joides Resolution,D/V JOIDES Resolution,4/23/1989,6/1/1989,,,2,
ODP Leg 127,ODP Leg 127,2586,Joides Resolution,D/V JOIDES Resolution,6/25/1989,8/5/1989,,,2,
ODP Leg 128,ODP Leg 128,2587,Joides Resolution,D/V JOIDES Resolution,8/26/1989,10/11/1989,,,2,
ODP Leg 129,ODP Leg 129,2588,Joides Resolution,D/V JOIDES Resolution,11/25/1989,1/8/1990,,,2,
Leg 130,ODP Leg 130,2589,D/V JOIDES Resolution,D/V JOIDES Resolution,1/27/1990,3/7/1990,,,2,
ODP Leg 130,ODP Leg 130,2589,Joides Resolution,D/V JOIDES Resolution,1/27/1990,3/7/1990,,,2,
ODP Leg 131,ODP Leg 131,2590,Joides Resolution,D/V JOIDES Resolution,4/3/1990,5/27/1990,,,2,
ODP Leg 132,ODP Leg 132,2591,Joides Resolution,D/V JOIDES Resolution,6/13/1990,7/21/1990,,,2,
ODP Leg 133,ODP Leg 133,2592,Joides Resolution,D/V JOIDES Resolution,8/15/1990,10/8/1990,,,2,
ODP Leg 134,ODP Leg 134,2593,Joides Resolution,D/V JOIDES Resolution,10/20/1990,12/3/1990,,,2,
ODP Leg 135,ODP Leg 135,2594,Joides Resolution,D/V JOIDES Resolution,12/20/1990,2/1/1991,,,2,
ODP Leg 136,ODP Leg 136,2595,Joides Resolution,D/V JOIDES Resolution,3/3/1991,3/17/1991,,,2,
ODP Leg 137,ODP Leg 137,2596,Joides Resolution,D/V JOIDES Resolution,4/24/1991,4/24/1991,,,2,
ODP Leg 138,ODP Leg 138,2597,Joides Resolution,D/V JOIDES Resolution,5/8/1991,6/27/1991,,,2,
ODP0138,ODP Leg 138,2597,Joides Resolution,D/V JOIDES Resolution,NULL,NULL,,,2,
ODP Leg 139,ODP Leg 139,2598,Joides Resolution,D/V JOIDES Resolution,7/15/1991,9/3/1991,,,2,
ODP Leg 140,ODP Leg 140,2599,Joides Resolution,D/V JOIDES Resolution,11/5/1991,11/5/1991,,,2,
ODP Leg 141,ODP Leg 141,2600,Joides Resolution,D/V JOIDES Resolution,11/28/1991,1/1/1992,,,2,
ODP Leg 142,ODP Leg 142,2601,Joides Resolution,D/V JOIDES Resolution,1/6/1992,2/28/1992,,,2,
ODP Leg 143,ODP Leg 143,2602,Joides Resolution,D/V JOIDES Resolution,3/27/1992,5/15/1992,,,2,
ODP Leg 144,ODP Leg 144,2603,Joides Resolution,D/V JOIDES Resolution,5/23/1992,7/17/1992,,,2,
ODP 145,ODP Leg 145,2604, R/V JOIDES Resolution,D/V JOIDES Resolution,8/4/1992,8/6/1992,,,2,
ODP Leg 145,ODP Leg 145,2604,Joides Resolution,D/V JOIDES Resolution,7/28/1992,9/13/1992,,,2,
ODP Leg 146,ODP Leg 146,2605,Joides Resolution,D/V JOIDES Resolution,9/25/1992,11/20/1992,,,2,
ODP Leg 147,ODP Leg 147,2606,Joides Resolution,D/V JOIDES Resolution,12/3/1992,1/12/1993,,,2,
ODP Leg 148,ODP Leg 148,2607,Joides Resolution,D/V JOIDES Resolution,1/27/1993,2/15/1993,,,2,
ODP Leg 149,ODP Leg 149,2608,Joides Resolution,D/V JOIDES Resolution,3/30/1993,5/22/1993,,,2,
ODP Leg 150,ODP Leg 150,2609,Joides Resolution,D/V JOIDES Resolution,6/10/1993,7/18/1993,,,2,
ODP Leg 151,ODP Leg 151,2610,Joides Resolution,D/V JOIDES Resolution,8/4/1993,9/15/1993,,,2,
ODP Leg 152,ODP Leg 152,2611,Joides Resolution,D/V JOIDES Resolution,9/29/1993,11/13/1993,,,2,
ODP Leg 153,ODP Leg 153,2612,Joides Resolution,D/V JOIDES Resolution,12/1/1993,1/16/1994,start date interpoloated from adjacent legs,,2,
ODP Leg 154,ODP Leg 154,2613,Joides Resolution,D/V JOIDES Resolution,2/4/1994,3/15/1994,,,2,
ODP Leg 155,ODP Leg 155,2614,Joides Resolution,D/V JOIDES Resolution,4/1/1994,5/17/1994,,,2,
ODP Leg 156,ODP Leg 156,2615,Joides Resolution,D/V JOIDES Resolution,6/3/1994,7/10/1994,,,2,
ODP Leg 157,ODP Leg 157,2616,Joides Resolution,D/V JOIDES Resolution,8/5/1994,9/15/1994,,,2,
ODP Leg 158,ODP Leg 158,2617,Joides Resolution,D/V JOIDES Resolution,10/5/1994,11/15/1994,,,2,
ODP Leg 159,ODP Leg 159,2618,Joides Resolution,D/V JOIDES Resolution,12/30/1994,2/14/1995,,,2,
ODP Leg 160,ODP Leg 160,2619,Joides Resolution,D/V JOIDES Resolution,3/14/1995,4/30/1995,,,2,
ODP Leg 161,ODP Leg 161,2620,Joides Resolution,D/V JOIDES Resolution,5/6/1995,6/20/1995,,,2,
ODP Leg 162,ODP Leg 162,2621,Joides Resolution,D/V JOIDES Resolution,7/9/1995,8/26/1995,,,2,
ODP Leg 163,ODP Leg 163,2622,Joides Resolution,D/V JOIDES Resolution,9/8/1995,9/23/1995,,,2,
ODP Leg 164,ODP Leg 164,2623,Joides Resolution,D/V JOIDES Resolution,11/4/1995,12/9/1995,,,2,
ODP Leg 165,ODP Leg 165,2624,Joides Resolution,D/V JOIDES Resolution,12/23/1995,2/14/1996,,,2,
ODP Leg 166,ODP Leg 166,2625,Joides Resolution,D/V JOIDES Resolution,2/23/1996,4/3/1996,,,2,
ODP Leg 167,ODP Leg 167,2626,Joides Resolution,D/V JOIDES Resolution,4/25/1996,6/11/1996,,,2,
ODP Leg 168,ODP Leg 168,2627,Joides Resolution,D/V JOIDES Resolution,6/23/1996,8/11/1996,,,2,
ODP Leg 169,ODP Leg 169,2628,Joides Resolution,D/V JOIDES Resolution,8/18/1996,10/9/1996,,,2,
ODP Leg 170,ODP Leg 170,2629,Joides Resolution,D/V JOIDES Resolution,11/1/1996,12/7/1996,,,2,
ODP Leg 171,ODP Leg 171,2630,Joides Resolution,D/V JOIDES Resolution,1/13/1997,2/8/1997,,,2,
ODP Leg 171B Site 1050,ODP Leg 171B,2631,,D/V JOIDES Resolution,NULL,NULL,Site 1050,,2,
ODP Leg 172,ODP Leg 172,2632,Joides Resolution,D/V JOIDES Resolution,2/19/1997,4/4/1997,,,2,
ODP Leg 173,ODP Leg 173,2633,Joides Resolution,D/V JOIDES Resolution,4/23/1997,5/31/1997,,,2,
ODP Leg 174,ODP Leg 174,2634,Joides Resolution,D/V JOIDES Resolution,6/22/1997,6/24/1999,,,2,
ODP Leg 174AX,ODP Leg 174AX,2635,,D/V JOIDES Resolution,NULL,NULL,,,2,
ODP Leg 175,ODP Leg 175,2636,Joides Resolution,D/V JOIDES Resolution,8/23/1997,10/5/1997,,,2,
ODP Leg 176,ODP Leg 176,2637,Joides Resolution,D/V JOIDES Resolution,11/18/1992,12/6/1997,,,2,
ODP Leg 177,ODP Leg 177,2638,Joides Resolution,D/V JOIDES Resolution,12/16/1997,1/21/1998,,,2,
ODP Leg 178,ODP Leg 178,2639,Joides Resolution,D/V JOIDES Resolution,2/17/1998,3/22/1998,,,2,
ODP Leg 179,ODP Leg 179,2640,Joides Resolution,D/V JOIDES Resolution,5/2/1998,5/22/1998,,,2,
ODP Leg 180,ODP Leg 180,2641,Joides Resolution,D/V JOIDES Resolution,6/16/1998,7/27/1998,,,2,
ODP Leg 181,ODP Leg 181,2642,Joides Resolution,D/V JOIDES Resolution,8/21/1998,10/2/1998,,,2,
ODP Leg 182,ODP Leg 182,2643,Joides Resolution,D/V JOIDES Resolution,10/24/1998,12/2/1998,,,2,
ODP Leg 183,ODP Leg 183,2644,Joides Resolution,D/V JOIDES Resolution,12/22/1998,2/4/1999,,,2,
ODP Leg 184,ODP Leg 184,2645,Joides Resolution,D/V JOIDES Resolution,3/2/1999,4/4/1999,,,2,
ODP Leg 185,ODP Leg 185,2646,Joides Resolution,D/V JOIDES Resolution,4/27/1999,6/6/1999,,,2,
ODP Leg 186,ODP Leg 186,2647,Joides Resolution,D/V JOIDES Resolution,6/21/1999,8/9/1999,,,2,
ODP Leg 187,ODP Leg 187,2648,Joides Resolution,D/V JOIDES Resolution,11/1/1999,1/3/2000,,,2,
ODP Leg 188,ODP Leg 188,2649,Joides Resolution,D/V JOIDES Resolution,1/27/2000,2/28/2000,,,2,
ODP Leg 189,ODP Leg 189,2650,Joides Resolution,D/V JOIDES Resolution,3/16/2000,4/27/2000,,,2,
ODP Leg 189,ODP Leg 189,2650,,D/V JOIDES Resolution,NULL,NULL,,,2,
ODP Leg 190,ODP Leg 190,2651,Joides Resolution,D/V JOIDES Resolution,5/28/2000,7/11/2000,,,2,
ODP Leg 191,ODP Leg 191,2652,Joides Resolution,D/V JOIDES Resolution,7/25/2000,9/9/2000,,,2,
Leg 192,ODP Leg 192,2653,D/V JOIDES Resolution,D/V JOIDES Resolution,9/17/2000,10/28/2000,,,2,
ODP Leg 192,ODP Leg 192,2653,Joides Resolution,D/V JOIDES Resolution,9/17/2000,10/28/2000,,,2,
ODP Leg 193,ODP Leg 193,2654,Joides Resolution,D/V JOIDES Resolution,11/18/2000,12/27/2000,,,2,
ODP Leg 194,ODP Leg 194,2655,Joides Resolution,D/V JOIDES Resolution,1/8/2001,2/17/2001,,,2,
ODP Leg 195,ODP Leg 195,2656,Joides Resolution,D/V JOIDES Resolution,3/10/2001,4/28/2001,,,2,
ODP Expedition 195,ODP Leg 195,2656,,D/V JOIDES Resolution,NULL,NULL,,,2,
ODP Leg 196,ODP Leg 196,2657,Joides Resolution,D/V JOIDES Resolution,5/20/2000,5/18/2001,,,2,
ODP Leg 197,ODP Leg 197,2658,Joides Resolution,D/V JOIDES Resolution,7/11/2001,8/12/2001,,,2,
ODP Leg 198,ODP Leg 198,2659,Joides Resolution,D/V JOIDES Resolution,9/5/2001,10/11/2001,,,2,
ODP LEG 198 Site 1209B,ODP Leg 198 Site 1209B,2660,,D/V JOIDES Resolution,NULL,NULL,,,2,
ODP Leg 199,ODP Leg 199,2661,Joides Resolution,D/V JOIDES Resolution,10/30/2001,12/10/2001,,,2,
ODP Leg 199,ODP Leg 199,2661,,D/V JOIDES Resolution,NULL,NULL,,,2,
ODP0199,ODP Leg 199,2661,Joides Resolution,D/V JOIDES Resolution,NULL,NULL,,,2,
ODP Leg 200,ODP Leg 200,2662,Joides Resolution,D/V JOIDES Resolution,12/21/2001,1/14/2002,,,2,
ODP Leg 201,ODP Leg 201,2663,Joides Resolution,D/V JOIDES Resolution,2/7/2002,3/21/2002,,,2,
ODP Leg 202,ODP Leg 202,2664,Joides Resolution,D/V JOIDES Resolution,4/7/2002,5/27/2002,,,2,
ODP Leg 203,ODP Leg 203,2665,Joides Resolution,D/V JOIDES Resolution,6/12/2002,6/19/2002,,,2,
ODP Leg 203,ODP Leg 203,2665,,D/V JOIDES Resolution,NULL,NULL,,,2,
ODP Leg 204,ODP Leg 204,2666,Joides Resolution,D/V JOIDES Resolution,7/12/2002,8/29/2002,,,2,
ODP Leg 205,ODP Leg 205,2667,Joides Resolution,D/V JOIDES Resolution,9/22/2002,10/30/2002,,,2,
ODP Leg 206,ODP Leg 206,2668,Joides Resolution,D/V JOIDES Resolution,11/14/2002,11/23/2002,,,2,
ODP Leg 207,ODP Leg 207,2669,Joides Resolution,D/V JOIDES Resolution,1/15/2003,2/19/2003,,,2,
ODP Leg 207 Site 1259,ODP Leg 207 Site 1259,2670,,D/V JOIDES Resolution,NULL,NULL,,,2,
ODP Leg 208,ODP Leg 208,2671,Joides Resolution,D/V JOIDES Resolution,3/24/2003,4/23/2003,,,2,
ODP Leg 209,ODP Leg 209,2672,Joides Resolution,D/V JOIDES Resolution,5/22/2003,6/24/2003,,,2,
ODP Leg 210,ODP Leg 210,2673,Joides Resolution,D/V JOIDES Resolution,7/18/2003,7/18/2003,,,2,
ODP_Leg_210,ODP Leg 210,2673,Joides Resolution,D/V JOIDES Resolution,9/2/2003,9/2/2003,,,2,
ODP0302,ODP Leg 302,2674,,,NULL,NULL,,,,
OGAP,OGAP,2675,,,8/14/1997,7/11/2014,,,,
OGCP,OGCP,2676,,,NULL,NULL,,,,
OGDP,OGDP,2677,,,8/12/2014,8/20/2014,,,,
OHIO,OHIO,2678,,,6/20/2014,6/25/2014,,,,
OHPA,OHPA,2679,,,8/17/2015,8/25/2015,,,,
Oil well drilling,Oil well drilling,2680,,Unknown,NULL,NULL,,,6,
OJB,OJB,2681,,,5/31/2007,12/30/2007,,,,
OJB09,OJB09,2682,,,2/28/2009,2/28/2009,,,,
OJB2,OJB2,2683,,,2/20/2008,12/30/2008,,,,
OJB4,OJB4,2684,,,2/20/2010,2/26/2010,,,,
"Okolište 2006; ""The reconstruction of Late Neolithic settlement processes in the Visoko Basin in Central Bosnia""",Okolište 2006 Late Neolithic settlement Visoko Basin Central Bosnia,2685,,,9/21/2006,9/25/2006,"Okolište 2006; ""The reconstruction of Late Neolithic settlement processes in the Visoko Basin in Central Bosnia""",,15,
OMAA,OMAA,2686,,,1/8/2012,6/24/2013,,,,
Oman Drilling Project,Oman Drilling Project,2687,,,NULL,NULL,,,,
Oman Fieldwork 2023,Oman Fieldwork 2023,2688,,N.A.,1/21/2023,1/26/2023,,,3,
Oman Fieldwork 2024,Oman Fieldwork 2024,2689,,N.A.,1/15/2024,1/15/2024,,,3,
Omo River Project,Omo River Project,2690,,,NULL,NULL,,,,
ON2,ON2,2691,Onrust,Onrust,12/2/1998,12/3/1998,,,,
ON3,ON3,2692,Onrust,Onrust,11/30/1998,12/1/1998,,,,
ON4,ON4,2693,Onrust,Onrust,4/11/2000,4/11/2000,,,,
Operation Deep Freeze II,Operation Deep Freeze II,2694,Edisto,USCGC Edisto,5/9/1905,5/10/1905,,,,
Operation Deep Freeze IV,Operation Deep Freeze IV,2695,Edisto,USCGC Edisto,NULL,NULL,,,,
OPS,OPS,2696,RV Happy,RV Happy,7/11/2007,7/11/2007,,,7,
ORDWAY,ORDWAY,2697,,,1/30/2011,1/30/2011,,,,
OSO09-10,OSO09-10,2698,Oden,Oden,4/13/2015,12/6/2015,,,,
OSO09-10,OSO09-10,2698,,,12/31/2008,12/31/2008,,,,
OSS276,OSS276,2699,,,2/24/2016,7/19/2018,,,,
OSS2761,OSS2761,2700,,,6/12/2017,6/12/2017,,,,
OSU,OSU,2701,RV KRKII,RV KRKII,9/15/2015,9/16/2015,,,7,
OSU,OSU,2701,,,6/30/2005,6/14/2014,,,,
OUNIK,OUNIK,2702,,,12/30/2003,12/30/2004,,,,
OWENS,OWENS,2703,,,12/30/1992,12/30/1992,,,,
P6903,P6903,2704,R/V Pillsbury,R/V Pillsbury,NULL,NULL,,,7,
PA9802,PA9802,2705,Palmer,R/V Nathaniel B. Palmer,3/4/1998,3/28/1998,,,7,
PACHIDERME,PACHIDERME,2706,R/V Marion Dufresne,R/V Marion Dufresne,2/14/2007,2/15/2007,,,7,
PACIMA,PACIMA,2707,,,4/7/1994,4/18/1994,,,,
Pako?tane Janice 2019; aDNA-Project,Pakostane Janice 2019; aDNA-Project,2708,,,9/16/2019,9/16/2019,,,,
Pakostane Janice 2019; aDNA-Project,Pakostane Janice 2019; aDNA-Project,2708,,,9/17/2019,9/17/2019,,,,
PAL2,PAL2,2709,,,12/30/2006,12/30/2007,,,,
PALAS2014,PALAS2014,2710,,,11/5/2014,11/5/2014,,,,
PALAU,PALAU,2711,RV Avon,RV Avon,9/10/2013,10/3/2016,,,7,
Palau 2020,Palau 2020,2712,,,3/8/2020,3/8/2020,,,,
PALEOMAG26/04/10,PALEOMAG26/04/10,2713,,,4/25/2010,4/25/2010,,,,
PaleoMoz,PaleoMoz,2714,,,NULL,NULL,,,,
PaleoMoz project,PaleoMoz project,2715,,,NULL,NULL,,,,
PALEON,PALEON,2716,,,6/16/2015,6/19/2015,,,,
Paleoseismic project,Paleoseismic project,2717,,,3/5/2024,3/5/2024,,,,
PALEOSUMA2010,PALEOSUMA2010,2718,,,12/18/2010,12/18/2010,,,,
PALEOSUMA2013,PALEOSUMA2013,2719,,,11/25/2013,11/25/2013,,,,
PALEOSUMA2014,PALEOSUMA2014,2720,,,10/8/2014,10/8/2014,,,,
PALEOSUMA2015,PALEOSUMA2015,2721,,,3/29/2015,3/29/2015,,,,
Palmer 2020,Palmer 2020,2722,,,9/14/2020,9/14/2020,,,,
PALSS,PALSS,2723,,,3/1/2012,3/3/2012,,,,
Pamir,Pamir,2724,,,7/23/2007,7/23/2007,,,,
Pan Palladium 2002 drilling campaign,Pan Palladium 2002 drilling campaign,2725,,,NULL,NULL,,,,
PANR01MV,PANR01MV,2726,Melville,R/V Melville,NULL,NULL,,,7,
PANR04MV,PANR04MV,2727,Melville,R/V Melville,2/1/1998,2/20/1998,,,7,
PANR06MV,PANR06MV,2728,Melville,R/V Melville,NULL,NULL,,,7,
Papatua,Papatua,2729,Thomas Washington,R/V Thomas Washington,NULL,NULL,,,7,
PAPATUA Leg 05 (1986),PAPATUA Leg 05 (1986),2730,Thomas Washington,R/V Thomas Washington,1/31/1986,1/31/1986,,,7,
Park,Park,2731,,,NULL,NULL,,,,
PARRIS,PARRIS,2732,,,12/30/2001,12/30/2001,,,,
PARTNERS,PARTNERS,2733,,,4/6/2004,6/14/2004,,,,
PASC03WT,PASC03WT,2734,R/V Thomas Washington,R/V Thomas Washington,3/6/1983,3/23/1983,,,7,
PASC03WT,PASC03WT,2734,T. Washington,R/V Thomas Washington,NULL,NULL,,,7,
PASC03WT,PASC03WT,2734,Thomas Washington,R/V Thomas Washington,NULL,NULL,,,7,
PASC04WT,PASC04WT,2735,R/V Thomas Washington,R/V Thomas Washington,4/20/1983,4/21/1983,,,7,
PASC04WT,PASC04WT,2735,T. Washington,R/V Thomas Washington,NULL,NULL,,,7,
PASC04WT,PASC04WT,2735,Thomas Washington,R/V Thomas Washington,NULL,NULL,,,7,
PAT,PAT,2736,,,7/7/2015,7/12/2015,,,,
PATACH,PATACH,2737,,,11/4/2009,11/13/2009,,,,
PATTON,PATTON,2738,,,9/8/2008,9/8/2008,,,,
Paulina Marsh Coring,Paulina Marsh Coring,2739,,,7/5/2019,7/5/2019,,,1,
PAWTL Project,PAWTL Project,2740,,,2/28/2016,2/28/2016,,,,
PAWTL2 Project,PAWTL2 Project,2741,,,10/10/2017,11/9/2017,,,,
PBO/UNAVCO,PBO/UNAVCO,2742,,,8/17/2008,8/17/2008,,,,
PBR,PBR,2743,,,2/15/2009,2/17/2009,,,,
PC88-III,PC88-III,2744,,,12/31/1987,12/31/1987,,,,
PD,PD,2745,,,4/10/2017,4/19/2017,,,,
PD86-VIII,PD86-VIII,2746,Polar Duke,Polar Duke,12/31/1985,1/2/1986,,,7,
PD86-VIII,PD86-VIII,2746,,,12/31/1985,12/31/1985,,,,
PD88-III,PD88-III,2747,Polar Duke,Polar Duke,12/31/1987,12/31/1987,,,7,
PD88-III,PD88-III,2747,,,12/31/1987,12/31/1987,,,,
PD88-VI,PD88-VI,2748,Polar Duke,Polar Duke,12/31/1987,12/31/1987,,,7,
PD88-VI,PD88-VI,2748,,,12/31/1987,12/31/1987,,,,
PD89-IV,PD89-IV,2749,Polar Duke,Polar Duke,12/31/1988,12/31/1988,,,7,
PD89-IV,PD89-IV,2749,,,12/31/1988,12/31/1988,,,,
PD90-II,PD90-II,2750,Polar Duke,Polar Duke,12/31/1989,12/31/1989,,,7,
PD90-II,PD90-II,2750,,,12/31/1989,12/31/1989,,,,
PD90-VII,PD90-VII,2751,Polar Duke,Polar Duke,12/31/1989,12/31/1989,,,7,
PD90-VII,PD90-VII,2751,,,12/31/1989,12/31/1989,,,,
PD91-I,PD91-I,2752,Polar Duke,Polar Duke,12/31/1990,12/31/1990,,,7,
PD91-I,PD91-I,2752,,,12/31/1990,12/31/1990,,,,
PD92-II,PD92-II,2753,Polar Duke,Polar Duke,12/31/1991,12/31/1991,,,7,
PD92-II,PD92-II,2753,,,12/31/1991,12/31/1991,,,,
PD93-VI,PD93-VI,2754,Polar Duke,Polar Duke,12/31/1992,12/31/1992,,,7,
PD93-VI,PD93-VI,2754,,,12/31/1992,12/31/1992,,,,
PD95-X,PD95-X,2755,Polar Duke,Polar Duke,12/31/1994,12/31/1994,,,7,
PD95-X,PD95-X,2755,,,12/31/1994,12/31/1994,,,,
PdT17,PdT17,2756,,,1/9/2017,1/9/2017,,,,
PE22-17,PE22-17,2757,RV Pelican,R/V Pelican,1/9/2022,1/24/2022,,,7,
PE2304,PE2304,2758,R/V Pelican,R/V Pelican,8/5/2022,8/19/2022,,,7,
PEAT,PEAT,2759,,,12/30/1978,12/30/1993,,,,
PEMI,PEMI,2760,,,5/8/2013,5/23/2013,,,,
PENN,PENN,2761,RV Happy,RV Happy,8/8/2010,8/8/2010,,,7,
PERU,PERU,2762,,,7/12/2009,7/22/2009,,,,
PETEN,PETEN,2763,,,12/30/1996,12/30/1997,,,,
Ph. D. Thesis Padrón-Navarta,Ph. D. Thesis Padrón-Navarta,2764,,,7/16/2006,8/27/2009,,,14,
Ph.D. Thesis Mohsen Mobasheri,Ph.D. Thesis Mohsen Mobasheri,2765,,,NULL,NULL,,,14,
PhD 2000,PhD 2000,2766,,,NULL,NULL,,,14,
PhD Dario Pedrazzi,PhD Dario Pedrazzi,2767,,,NULL,NULL,,,14,
PhD fieldwork,PhD fieldwork,2768,,N.A.,7/31/2011,7/31/2011,,,3,
Phelps Dodge - San Xavier,Phelps Dodge - San Xavier,2769,,,NULL,NULL,,,5,
PHNX02MV,PHNX02MV,2770,Melville,R/V Melville,7/20/1992,8/8/1992,,,7,
PHNX03MV,PHNX03MV,2771,Melville,R/V Melville,8/24/1992,8/27/1992,,,7,
PIB,PIB,2772,,,3/5/2010,3/5/2010,,,,
PICABIA,PICABIA,2773,,,3/19/2003,7/25/2003,,,,
PICEA,PICEA,2774,,,6/30/2003,7/25/2009,,,,
Pietrele 2012,Pietrele 2012,2775,,,NULL,NULL,,,,
Pilbara Sample Return 2022,Pilbara Sample Return 2022,2776,,,6/14/2022,6/14/2022,correct fill down problem; all collection dates on Pilbara Sample Return are 2022,,,
Pilbara Sample Return 2023,Pilbara Sample Return 2022,2776,,,6/14/2022,6/14/2022,,,,
Pilbara Sample Return 2024,Pilbara Sample Return 2022,2776,,,6/14/2022,6/14/2022,,,,
Pilbara Sample Return 2025,Pilbara Sample Return 2022,2776,,,6/14/2022,6/14/2022,,,,
Pilbara Sample Return 2026,Pilbara Sample Return 2022,2776,,,6/14/2022,6/14/2022,,,,
Pilbara Sample Return 2027,Pilbara Sample Return 2022,2776,,,6/14/2022,6/14/2022,,,,
Pilbara Sample Return 2028,Pilbara Sample Return 2022,2776,,,6/14/2022,6/14/2022,,,,
Pilbara Sample Return 2029,Pilbara Sample Return 2022,2776,,,6/14/2022,6/14/2022,,,,
Pilbara Sample Return 2030,Pilbara Sample Return 2022,2776,,,6/14/2022,6/14/2022,,,,
Pilbara Sample Return 2031,Pilbara Sample Return 2022,2776,,,6/14/2022,6/14/2022,,,,
Pilbara Sample Return 2032,Pilbara Sample Return 2022,2776,,,6/14/2022,6/14/2022,,,,
Pilbara Sample Return 2033,Pilbara Sample Return 2022,2776,,,6/14/2022,6/14/2022,,,,
Pilbara Sample Return 2034,Pilbara Sample Return 2022,2776,,,6/14/2022,6/14/2022,,,,
Pilbara Sample Return 2035,Pilbara Sample Return 2022,2776,,,6/14/2022,6/14/2022,,,,
Pilbara Sample Return 2036,Pilbara Sample Return 2022,2776,,,6/14/2022,6/14/2022,,,,
Pilbara Sample Return 2037,Pilbara Sample Return 2022,2776,,,6/14/2022,6/14/2022,,,,
Pilbara Sample Return 2038,Pilbara Sample Return 2022,2776,,,6/14/2022,6/14/2022,,,,
Pilbara Sample Return 2039,Pilbara Sample Return 2022,2776,,,6/14/2022,6/14/2022,,,,
Pilbara Sample Return 2040,Pilbara Sample Return 2022,2776,,,6/14/2022,6/14/2022,,,,
Pilbara Sample Return 2041,Pilbara Sample Return 2022,2776,,,6/14/2022,6/14/2022,,,,
Pilbara Sample Return 2042,Pilbara Sample Return 2022,2776,,,6/14/2022,6/14/2022,,,,
Pilbara Sample Return 2043,Pilbara Sample Return 2022,2776,,,6/14/2022,6/14/2022,,,,
Pilbara Sample Return 2044,Pilbara Sample Return 2022,2776,,,6/14/2022,6/14/2022,,,,
Pilbara Sample Return 2045,Pilbara Sample Return 2022,2776,,,6/14/2022,6/14/2022,,,,
Pilbara Sample Return 2046,Pilbara Sample Return 2022,2776,,,6/14/2022,6/14/2022,,,,
Pilbara Sample Return 2047,Pilbara Sample Return 2022,2776,,,6/14/2022,6/14/2022,,,,
Pilbara Sample Return 2048,Pilbara Sample Return 2022,2776,,,6/14/2022,6/14/2022,,,,
Pilbara Sample Return 2049,Pilbara Sample Return 2022,2776,,,6/14/2022,6/14/2022,,,,
Pilbara Sample Return 2050,Pilbara Sample Return 2022,2776,,,6/14/2022,6/14/2022,,,,
Pilbara Sample Return 2051,Pilbara Sample Return 2022,2776,,,6/14/2022,6/14/2022,,,,
Pilbara Sample Return 2052,Pilbara Sample Return 2022,2776,,,6/14/2022,6/14/2022,,,,
Pilbara Sample Return 2053,Pilbara Sample Return 2022,2776,,,6/14/2022,6/14/2022,,,,
Pilbara Sample Return 2054,Pilbara Sample Return 2022,2776,,,6/14/2022,6/14/2022,,,,
Pilbara Sample Return 2055,Pilbara Sample Return 2022,2776,,,6/14/2022,6/14/2022,,,,
Pilbara Sample Return 2056,Pilbara Sample Return 2022,2776,,,6/14/2022,6/14/2022,,,,
Pilbara Sample Return 2057,Pilbara Sample Return 2022,2776,,,6/14/2022,6/14/2022,,,,
Pilbara Sample Return 2058,Pilbara Sample Return 2022,2776,,,6/14/2022,6/14/2022,,,,
Pilbara Sample Return 2059,Pilbara Sample Return 2022,2776,,,6/14/2022,6/14/2022,,,,
Pilbara Sample Return 2060,Pilbara Sample Return 2022,2776,,,6/14/2022,6/14/2022,,,,
Pilbara Sample Return 2061,Pilbara Sample Return 2022,2776,,,6/14/2022,6/14/2022,,,,
Pilbara Sample Return 2062,Pilbara Sample Return 2022,2776,,,6/14/2022,6/14/2022,,,,
Pilbara Sample Return 2063,Pilbara Sample Return 2022,2776,,,6/14/2022,6/14/2022,,,,
Pilbara Sample Return 2064,Pilbara Sample Return 2022,2776,,,6/14/2022,6/14/2022,,,,
Pilbara Sample Return 2065,Pilbara Sample Return 2022,2776,,,6/14/2022,6/14/2022,,,,
Pilbara Sample Return 2066,Pilbara Sample Return 2022,2776,,,6/14/2022,6/14/2022,,,,
Pilbara Sample Return 2067,Pilbara Sample Return 2022,2776,,,6/14/2022,6/14/2022,,,,
Pilbara Sample Return 2068,Pilbara Sample Return 2022,2776,,,6/14/2022,6/14/2022,,,,
Pilbara Sample Return 2069,Pilbara Sample Return 2022,2776,,,6/14/2022,6/14/2022,,,,
Pilbara Sample Return 2070,Pilbara Sample Return 2022,2776,,,6/14/2022,6/14/2022,,,,
Pilbara Sample Return 2071,Pilbara Sample Return 2022,2776,,,6/14/2022,6/14/2022,,,,
Pilbara Sample Return 2072,Pilbara Sample Return 2022,2776,,,6/14/2022,6/14/2022,,,,
Pilbara Sample Return 2073,Pilbara Sample Return 2022,2776,,,6/14/2022,6/14/2022,,,,
Pilbara Sample Return 2074,Pilbara Sample Return 2022,2776,,,6/14/2022,6/14/2022,,,,
Pilbara Sample Return 2075,Pilbara Sample Return 2022,2776,,,6/14/2022,6/14/2022,,,,
Pilbara Sample Return 2076,Pilbara Sample Return 2022,2776,,,6/14/2022,6/14/2022,,,,
Pilbara Sample Return 2077,Pilbara Sample Return 2022,2776,,,6/14/2022,6/14/2022,,,,
Pilbara Sample Return 2078,Pilbara Sample Return 2022,2776,,,6/14/2022,6/14/2022,,,,
Pilbara Sample Return 2079,Pilbara Sample Return 2022,2776,,,6/14/2022,6/14/2022,,,,
Pilbara Sample Return 2080,Pilbara Sample Return 2022,2776,,,6/14/2022,6/14/2022,,,,
Pilbara Sample Return 2081,Pilbara Sample Return 2022,2776,,,6/14/2022,6/14/2022,,,,
Pilbara Sample Return 2082,Pilbara Sample Return 2022,2776,,,6/14/2022,6/14/2022,,,,
Pilbara Sample Return 2083,Pilbara Sample Return 2022,2776,,,6/14/2022,6/14/2022,,,,
Pilbara Sample Return 2084,Pilbara Sample Return 2022,2776,,,6/14/2022,6/14/2022,,,,
Pilbara Sample Return 2085,Pilbara Sample Return 2022,2776,,,6/14/2022,6/14/2022,,,,
Pilbara Sample Return 2086,Pilbara Sample Return 2022,2776,,,6/14/2022,6/14/2022,,,,
Pilbara Sample Return 2087,Pilbara Sample Return 2022,2776,,,6/14/2022,6/14/2022,,,,
Pilbara Sample Return 2088,Pilbara Sample Return 2022,2776,,,6/14/2022,6/14/2022,,,,
Pilbara Sample Return 2089,Pilbara Sample Return 2022,2776,,,6/14/2022,6/14/2022,,,,
Pilbara Sample Return 2090,Pilbara Sample Return 2022,2776,,,6/14/2022,6/14/2022,,,,
Pilbara Sample Return 2091,Pilbara Sample Return 2022,2776,,,6/14/2022,6/14/2022,,,,
Pilbara Sample Return 2092,Pilbara Sample Return 2022,2776,,,6/14/2022,6/14/2022,,,,
Pillsbury,Pillsbury,2777,,,NULL,NULL,,,,
Pilot Strategy,Pilot Strategy 2023-2024,2779,,,7/14/2023,4/21/2024,,,,
PilotStrategy,Pilot Strategy 2021-2022,2778,,,11/5/2021,3/29/2022,,,,
Pioneer cruise Stn 14 ,Pioneer cruise Stn 14 ,2781,r/v Pioneer,R/V Pioneer,3/12/1962,3/12/1962,,,7,
Pioneer cruise Stn 27 ,Pioneer cruise Stn 27 ,2782,r/v Pioneer,R/V Pioneer,NULL,NULL,,,7,
Pioneer cruise Stn 3 ,Pioneer cruise Stn 03 ,2780,r/v Pioneer,R/V Pioneer,3/12/1962,3/12/1962,,,7,
Pioneer cruise Stn 31 ,Pioneer cruise Stn 31 ,2783,r/v Pioneer,R/V Pioneer,NULL,NULL,,,7,
Pioneer cruise Stn 40 ,Pioneer cruise Stn 40 ,2784,r/v Pioneer,R/V Pioneer,3/12/1962,3/12/1962,,,7,
Pioneer cruise Stn 41 ,Pioneer cruise Stn 41 ,2785,r/v Pioneer,R/V Pioneer,3/11/1962,3/11/1962,,,7,
Pioneer cruise Stn 44 ,Pioneer cruise Stn 44 ,2786,r/v Pioneer,R/V Pioneer,NULL,NULL,,,7,
Pioneer cruise Stn 52 ,Pioneer cruise Stn 52 ,2787,r/v Pioneer,R/V Pioneer,3/12/1962,3/12/1962,,,7,
Pioneer cruise Stn 53 ,Pioneer cruise Stn 53 ,2788,r/v Pioneer,R/V Pioneer,NULL,NULL,,,7,
PIP 100523 CONICET,PIP 100523 CONICET,2789,,,2/21/2015,2/21/2015,,,,
PIREN Seine,PIREN Seine,2790,,,6/5/2016,2/19/2021,,,,
PIREN SEINE,PIREN Seine,2790,,,1/20/2021,9/5/2021,,,,
PISCO,PISCO,2791,,,1/16/2013,1/19/2013,,,,
PITT,PITT,2792,,,7/15/2011,7/25/2011,,,,
PJP-RI-1,PJP-RI-1,2793,Unknown,Unknown,NULL,NULL,,,,
PKC,PKC,2794,,,1/23/2015,6/17/2015,,,,
PLAD,PLAD,2795,,,10/27/2012,5/31/2014,,,,
Plan Chlordécone en Martinique et en Guadeloupe,Plan Chlordécone en Martinique et en Guadeloupe,2796,,,2/15/2023,2/20/2023,,,,
Plan Chlordécone IV,Plan Chlordécone IV,2797,,,2/12/2023,2/20/2023,,,,
PLDS01MV,PLDS01MV,2798,Melville,R/V Melville,NULL,NULL,,,7,
PLDS02MV,PLDS02MV,2799,Melville,R/V Melville,NULL,NULL,,,7,
PLDS04MV,PLDS04MV,2800,Melville,R/V Melville,NULL,NULL,,,7,
Pleiades,Pleiades,2801,,,NULL,NULL,,,,
PLJ,PLJ,2802,,,7/1/2015,8/14/2015,,,,
PLJL,PLJL,2803,,,7/4/2015,8/4/2015,,,,
PLJV,PLJV,2804,,,6/6/2012,6/9/2012,,,,
PLSL,PLSL,2805,,,6/8/2009,6/8/2009,,,,
PLTO03MV,PLTO03MV,2806,Melville,R/V Melville,NULL,NULL,,,7,
PLTO07NH,PLTO07NH,2807,New Horizon,New Horizon,NULL,NULL,,,,
PLUM05WT,PLUM05WT,2808,T. Washington,R/V Thomas Washington,NULL,NULL,,,7,
PLUME2,PLUME2,2809,,,12/31/1989,12/31/1989,,,,
PNNL PREMIS,PNNL PREMIS,2810,,,10/31/2019,10/31/2019,,,,
PNWH,PNWH,2811,,,8/10/2012,8/13/2015,,,,
PO,PO,2812,,,2/26/2012,2/27/2012,,,,
Point Sur 2013,Point Sur 2013,2813,,,NULL,NULL,,,,
Polar Stern 59,Polar Stern 59,2814,,Polar Stern,8/5/2001,9/23/2001,,,7,
Polar Stern 60,Polar Stern 60,2815,,Polar Stern,8/16/2002,8/16/2002,,,7,
Polar Stern PS-84 ArkTis,Polar Stern PS-84,2816,Polar Stern,R/V Polarstern,7/30/1984,7/30/1984,,,7,
Polar Stern PS-84 stn. 334 Arktis,Polar Stern PS-84,2816,Polar Stern,R/V Polarstern,7/30/1984,7/30/1984,,,7,
Polar Stern PS-84 stn. 335 Arktis,Polar Stern PS-84,2816,Polar Stern,R/V Polarstern,7/30/1984,7/30/1984,,,7,
Polar Stern PS-84 stn. 355 Arktis,Polar Stern PS-84,2816,Polar Stern,R/V Polarstern,7/30/1984,7/30/1984,,,7,
POLK,POLK,2817,,,12/30/2007,12/30/2007,,,,
POLLI,POLLI,2818,,,7/19/2017,7/20/2017,,,,
Pos232,Pos232,2819,R/V Poseidon,R/V Poseidon,9/19/1997,9/19/1997,,,7,
Pos286,Pos286,2820,R/V Poseidon,R/V Poseidon,9/19/1997,9/19/1997,,,7,
POS512,POS512,2821,,,NULL,NULL,,,,
POST-DOC ENTERS D 01/07/07,POST-DOC ENTERS D 01/07/07,2822,,,6/30/2007,7/6/2008,,,,
Potzlow 2011/2012,Potzlow 2011/2012,2823,,,NULL,NULL,,,,
PPGPR,PPGPR,2824,,,10/19/2015,10/19/2015,,,,
PP-RI-01,PP-RI-01,2825,Unknown,Unknown,NULL,NULL,,,,
PP-RI-02,PP-RI-02,2826,Unknown,Unknown,NULL,NULL,,,,
PPTU03WT,PPTU03WT,2827,T. Washington,R/V Thomas Washington,NULL,NULL,,,7,
PPTU04WT,PPTU04WT,2828,T. Washington,R/V Thomas Washington,NULL,NULL,,,7,
PPTU05WT,PPTU05WT,2829,T. Washington,R/V Thomas Washington,NULL,NULL,,,7,
PPTU06WT,PPTU06WT,2830,T. Washington,R/V Thomas Washington,NULL,NULL,,,7,
PPTU11WT,PPTU11WT,2831,T. Washington,R/V Thomas Washington,NULL,NULL,,,7,
PR-73-74,PR-73-74,2832,Unknown,Unknown,NULL,NULL,,,,
Prasklice 2012; Geomagnetic prospection in the Czech Republic,Prasklice 2012; Geomagnetic prospection in the Czech Republic,2833,,,8/31/2012,8/31/2012,,,,
PRES,PRES,2834,,,9/30/2012,10/4/2012,,,,
PRI,PRI,2835,,,2/24/2012,2/24/2012,,,,
"Princeton Expedition, 1913","Princeton Expedition, 1913",2836,,,NULL,NULL,,,,
PRIVILEGE,PRIVILEGE,2837,,,4/19/2004,5/28/2004,,,,
PRL,PRL,2838,,,3/2/2016,3/3/2016,,,,
PROA02BD,PROA02BD,2839,Baird,Baird,NULL,NULL,,,,
PROA3ABD,PROA3ABD,2840,Baird,Baird,NULL,NULL,,,,
PROCOPE02/10/12,PROCOPE02/10/12,2841,,,10/1/2012,10/1/2012,,,,
Profile,Profile,2842,,,NULL,NULL,,,,
Project 6946,Project 6946,2843,,,NULL,NULL,,,,
PROJET ARCHEO13/07/12,PROJET ARCHEO13/07/12,2844,,,7/10/2012,7/10/2012,,,,
PROK,PROK,2845,,,12/30/2002,12/30/2006,,,,
PROM,PROM,2846,,,5/19/2008,6/10/2008,,,,
PROT01MV,PROT01MV,2847,Melville,R/V Melville,NULL,NULL,,,7,
PROT05MV,PROT05MV,2848,Melville,R/V Melville,NULL,NULL,,,7,
PROT06MV,PROT06MV,2849,Melville,R/V Melville,NULL,NULL,,,7,
PROTEA,PROTEA,2850,Melville,R/V Melville,NULL,NULL,,,7,
PROTEA,PROTEA,2850,,,NULL,NULL,,,,
PROTEA Acoustically Navigated Geological Underwater Survey (ANGUS),PROTEA Acoustically Navigated Geological Underwater Survey (ANGUS),2851,Melville,R/V Melville,NULL,NULL,,,7,
PROTEVS_DUNES_2013,PROTEVS_DUNES_2013,2852,,,3/19/2013,8/26/2013,,,,
Providencia,Providencia,2853,,,NULL,NULL,,,,
PS101,PS101,2854,R/V Polarstern,R/V Polarstern,NULL,NULL,,,7,
PS78,PS78,2855,R/V Polarstern,R/V Polarstern,NULL,NULL,,,7,
PSaba20140619,PSaba20140619,2856,,,5/19/2014,5/19/2014,,,,
PTL,PTL,2857,,,6/19/2008,6/30/2008,,,,
PUP,PUP,2858,,,9/1/2005,9/1/2005,,,,
PUT,PUT,2859,,,5/11/2014,5/27/2014,,,,
"Putinesti 2015; ""Cultural relations of the Sântana-de-Mureş-Culture between Prut und Dniester""",Putinesti 2015 Sântana-de-Mureş Culture between Prut und Dniester,2860,,,4/20/2016,7/3/2016,"Putinesti 2015; ""Cultural relations of the Sântana-de-Mureş-Culture between Prut und Dniester""",,15,
Putinesti 2015; Cultural relations of the Sântana-de-Mure?-Culture between Prut und Dniester-Project,Putinesti 2015 Sântana-de-Mureş Culture between Prut und Dniester,2860,,,7/29/2015,7/29/2015,"Putinesti 2015; ""Cultural relations of the Sântana-de-Mureş-Culture between Prut und Dniester""",,15,
Putinesti 2015; Cultural relations of the Sântana-de-Mures-Culture between Prut und Dniester-Project,Putinesti 2015 Sântana-de-Mureş Culture between Prut und Dniester,2860,,,7/29/2015,7/30/2015,"Putinesti 2015; ""Cultural relations of the Sântana-de-Mureş-Culture between Prut und Dniester""",,15,
PZA,PZA,2861,,,2/28/2010,5/31/2011,,,,
QHNPN,QHNPN,2862,,,1/2/2015,1/2/2015,,,,
QHSC,QHSC,2863,,,5/31/2007,5/31/2007,,,,
QLE,QLE,2864,,,12/30/2006,12/30/2006,,,,
QLR,QLR,2865,,,3/15/2011,6/22/2011,,,,
QUAKE,QUAKE,2866,RV KRKII,RV KRKII,5/17/2013,5/20/2013,,,7,
Quartzsite,Quartzsite,2867,,,NULL,NULL,,,,
QUECA,QUECA,2868,,,12/31/2011,12/31/2011,,,,
R.V. Thompson TT 080 (1973),R.V. Thompson TT 080 (1973),2869,,R.V. Thompson,5/31/1973,5/31/1973,,,7,
R.V. Thompson TT 170 (1981),R.V. Thompson TT 170 (1981),2870,,R.V. Thompson,5/31/1981,5/31/1981,,,7,
R.V. Thompson TT 175 (1983),R.V. Thompson TT 175 (1983),2871,,R.V. Thompson,5/31/1983,5/31/1983,,,7,
Ocean Study Group: Denmark,Ocean Study Group: Denmark,2540,Chain,R/V Chain,,,,,7,
"R/V G.O. Sars, CGB2011","R/V G.O. Sars, CGB2011",2872,,,12/31/2010,12/31/2010,,,,
"R/V HÃ¥kon Mosby, SM01","R/V Haakon Mosby, SM01",2873,,,12/31/2000,12/31/2000,,,,
R/V KEXUE cruise in 2015,R/V KEXUE cruise in 2015,2874,,,1/15/2011,1/15/2011,,,7,
R/V Poseidon Leg 436,R/V Poseidon Leg 436,2875,,,12/31/2011,12/31/2011,,,,
RAD,RAD,2877,,,NULL,NULL,,,,
RADIS,RADIS,2878,,,6/5/2022,9/19/2022,,,,
RAIT02WT,RAIT02WT,2879,T. Washington,R/V Thomas Washington,NULL,NULL,,,7,
RAIT02WT,RAIT02WT,2879,Thomas Washington,R/V Thomas Washington,2/14/1988,3/10/1988,,,7,
RAIT03WT,RAIT03WT,2880,T. Washington,R/V Thomas Washington,NULL,NULL,,,7,
RAMA01,RAMA01,2881,Rama,Rama,NULL,NULL,,,,
RAMA06WT,RAMA06WT,2882,T. Washington,R/V Thomas Washington,NULL,NULL,,,7,
RAMA07WT,RAMA07WT,2883,T. Washington,R/V Thomas Washington,NULL,NULL,,,7,
RAMA08WT,RAMA08WT,2884,T. Washington,R/V Thomas Washington,NULL,NULL,,,7,
RAMBLE,RAMBLE,2885,,,12/9/2013,12/17/2013,,,,
Rapuhia Cruise 2032,Rapuhia Cruise 2032,2886,Rapuhia,Rapuhia,10/31/1989,10/31/1989,,,7,
2050,Rapuhia Cruise 2050,2887,Rapuhia,Rapuhia,12/31/1990,12/31/1990,"one piston core sample; ship Rapuhia, Kermandec, UCSC",,7,
Rapuhia Cruise 2052,Rapuhia Cruise 2052,2888,Rapuhia,Rapuhia,1/31/1992,1/31/1992,,,7,
RAR,RAR,2889,,,12/30/2006,12/30/2006,,,,
Rate of Taconic thrust advance across the North American Cambro-Ordovician margin,Rate of Taconic thrust advance across the North American Cambro-Ordovician margin,2890,,,7/10/2022,9/14/2022,,,,
RB0005_2,RB0005_2,2891,,,7/4/2000,7/15/2000,,,,
RB0303,RB0303,2892,R/V Ronald H. Brown,R/V Ronald H. Brown,3/14/2003,3/20/2003,,,7,
RB0303,RB0303,2892,Ronald Brown,R/V Ronald H. Brown,NULL,NULL,,,7,
RB0303 ,RB0303 ,2893,R/V Ronald H. Brown,R/V Ronald H. Brown,3/16/2003,3/16/2003,,,7,
RB1403,RB1403,2894,Ron Brown,R/V Ronald H. Brown,8/12/2014,8/18/2014,,,7,
RB9803_2b,RB9803_2b,2895,,,8/28/1998,9/15/1998,,,,
RBKGS,RBKGS,2896,,,10/31/2016,10/31/2016,,,,
RC01,RC01,2897,Robert Conrad,R/V Robert D. Conrad,12/5/1962,12/5/1962,,,7,
RC0101,RC0101,2898,Robert D. Conrad,R/V Robert D. Conrad,12/3/1962,12/3/1962,,,7,
RC0102,RC0102,2899,Robert D. Conrad,R/V Robert D. Conrad,12/16/1962,12/19/1962,,,7,
RC02,RC02,2900,Robert Conrad,R/V Robert D. Conrad,1/26/1963,1/26/1963,,,7,
RC0201,RC0201,2901,Robert D. Conrad,R/V Robert D. Conrad,1/25/1963,1/27/1963,,,7,
RC03,RC03,2902,Robert Conrad,R/V Robert D. Conrad,2/6/1963,2/6/1963,,,7,
RC03,RC03,2902,Robert D. Conrad,R/V Robert D. Conrad,2/6/1963,2/6/1963,,,7,
RC0301,RC0301,2903,Robert D. Conrad,R/V Robert D. Conrad,2/6/1963,2/6/1963,,,7,
RC0401,RC0401,2904,Robert D. Conrad,R/V Robert D. Conrad,3/3/1963,3/5/1963,,,7,
RC0402,RC0402,2905,Robert D. Conrad,R/V Robert D. Conrad,3/10/1963,3/16/1963,,,7,
RC0005,RC05,2906,Robert Conrad,R/V Robert D. Conrad,4/10/1963,4/10/1963,,,7,
RC0501,RC0501,2907,Robert D. Conrad,R/V Robert D. Conrad,3/30/1963,4/7/1963,,,7,
RC0502,RC0502,2908,Robert D. Conrad,R/V Robert D. Conrad,4/6/1963,4/9/1963,,,7,
RC06,RC06,2909,Robert D. Conrad,R/V Robert D. Conrad,5/13/1963,5/14/1963,,,7,
RC0601,RC0601,2910,Robert D. Conrad,R/V Robert D. Conrad,4/30/1963,5/1/1963,,,7,
RC0602,RC0602,2911,Robert D. Conrad,R/V Robert D. Conrad,5/13/1963,5/14/1963,,,7,
RC0605,RC0605,2912,Robert D. Conrad,R/V Robert D. Conrad,6/23/1963,6/23/1963,,,7,
RC0007,RC07,2913,Robert Conrad,R/V Robert D. Conrad,9/19/1963,9/19/1963,,,7,
RC07,RC07,2913,Robert Conrad,R/V Robert D. Conrad,9/30/1963,10/7/1963,,,7,
RC0702,RC0702,2914,Robert D. Conrad,R/V Robert D. Conrad,7/28/1963,8/2/1963,,,7,
RC0707,RC0707,2915,Robert D. Conrad,R/V Robert D. Conrad,9/8/1963,9/10/1963,,,7,
RC0708,RC0708,2916,Robert D. Conrad,R/V Robert D. Conrad,9/26/1963,10/10/1963,,,7,
RC08,RC08,2917,Robert D. Conrad,R/V Robert D. Conrad,11/13/1963,11/13/1963,,,7,
RC0008,RC08,2917,Robert Conrad,R/V Robert D. Conrad,12/25/1963,8/18/1964,,,7,
RC08,RC08,2917,Robert Conrad,R/V Robert D. Conrad,2/16/1964,8/18/1964,,,7,
RC0801,RC0801,2918,Robert D. Conrad,R/V Robert D. Conrad,11/13/1963,12/26/1963,,,7,
RC0802,RC0802,2919,Robert D. Conrad,R/V Robert D. Conrad,1/7/1964,1/31/1964,,,7,
RC0803,RC0803,2920,Robert D. Conrad,R/V Robert D. Conrad,2/6/1964,2/24/1964,,,7,
RC0804,RC0804,2921,Robert D. Conrad,R/V Robert D. Conrad,3/3/1964,3/3/1964,,,7,
RC0805,RC0805,2922,Robert D. Conrad,R/V Robert D. Conrad,3/9/1964,3/9/1964,,,7,
RC0806,RC0806,2923,Robert D. Conrad,R/V Robert D. Conrad,3/17/1964,4/14/1964,,,7,
RC0807,RC0807,2924,Robert D. Conrad,R/V Robert D. Conrad,4/21/1964,4/28/1964,,,7,
RC0808,RC0808,2925,Robert D. Conrad,R/V Robert D. Conrad,5/19/1964,5/26/1964,,,7,
RC0809,RC0809,2926,Robert D. Conrad,R/V Robert D. Conrad,6/1/1964,6/21/1964,,,7,
RC0810,RC0810,2927,Robert D. Conrad,R/V Robert D. Conrad,7/3/1964,7/13/1964,,,7,
RC0812,RC0812,2928,Robert D. Conrad,R/V Robert D. Conrad,8/5/1964,8/19/1964,,,7,
RC09,RC09,2929,Robert Conrad,R/V Robert D. Conrad,10/28/1964,4/27/1965,,,7,
RC0009,RC09,2929,Robert Conrad,R/V Robert D. Conrad,2/23/1965,2/23/1965,,,7,
RC0901,RC0901,2930,Robert D. Conrad,R/V Robert D. Conrad,10/18/1964,11/7/1964,,,7,
RC0902,RC0902,2931,Robert D. Conrad,R/V Robert D. Conrad,11/13/1964,12/7/1964,,,7,
RC0903,RC0903,2932,Robert D. Conrad,R/V Robert D. Conrad,12/13/1964,1/13/1965,,,7,
RC0904,RC0904,2933,Robert D. Conrad,R/V Robert D. Conrad,1/20/1965,2/6/1965,,,7,
RC0905,RC0905,2934,Robert D. Conrad,R/V Robert D. Conrad,2/11/1965,2/26/1965,,,7,
RC0906,RC0906,2935,Robert D. Conrad,R/V Robert D. Conrad,3/22/1965,4/15/1965,,,7,
RC0907,RC0907,2936,Robert D. Conrad,R/V Robert D. Conrad,4/23/1965,5/7/1965,,,7,
RC0908,RC0908,2937,Robert D. Conrad,R/V Robert D. Conrad,5/17/1965,5/18/1965,,,7,
RC0909,RC0909,2938,Robert D. Conrad,R/V Robert D. Conrad,5/20/1965,5/21/1965,,,7,
RC0910,RC0910,2939,Robert D. Conrad,R/V Robert D. Conrad,6/13/1965,6/29/1965,,,7,
RC0911A,RC0911A,2940,Robert D. Conrad,R/V Robert D. Conrad,7/4/1965,7/10/1965,,,7,
RC0911B,RC0911B,2941,Robert D. Conrad,R/V Robert D. Conrad,7/14/1965,7/24/1965,,,7,
RC0912,RC0912,2942,Robert D. Conrad,R/V Robert D. Conrad,7/29/1965,8/21/1965,,,7,
RC0913,RC0913,2943,Robert D. Conrad,R/V Robert D. Conrad,8/29/1965,9/3/1965,,,7,
RC10,RC10,2944,Robert Conrad,R/V Robert D. Conrad,12/12/1965,10/5/1966,,,7,
RC0010,RC10,2944,Robert Conrad,R/V Robert D. Conrad,8/8/1966,8/28/1966,,,7,
RC1001,RC1001,2945,Robert D. Conrad,R/V Robert D. Conrad,12/1/1965,12/21/1965,,,7,
RC1003,RC1003,2946,Robert D. Conrad,R/V Robert D. Conrad,12/28/1965,12/2/1966,,,7,
RC1004,RC1004,2947,Robert D. Conrad,R/V Robert D. Conrad,1/29/1966,2/20/1966,,,7,
RC1005,RC1005,2948,Robert D. Conrad,R/V Robert D. Conrad,2/26/1966,3/20/1966,,,7,
RC1006,RC1006,2949,Robert D. Conrad,R/V Robert D. Conrad,3/27/1966,4/20/1966,,,7,
RC1007,RC1007,2950,Robert D. Conrad,R/V Robert D. Conrad,4/28/1966,5/24/1966,,,7,
RC1008,RC1008,2951,Robert D. Conrad,R/V Robert D. Conrad,6/11/1966,6/27/1966,,,7,
RC1009,RC1009,2952,Robert D. Conrad,R/V Robert D. Conrad,7/1/1966,7/11/1966,,,7,
RC1010,RC1010,2953,Robert D. Conrad,R/V Robert D. Conrad,7/16/1966,8/9/1966,,,7,
RC1011,RC1011,2954,Robert D. Conrad,R/V Robert D. Conrad,8/14/1966,9/7/1966,,,7,
RC1012,RC1012,2955,Robert D. Conrad,R/V Robert D. Conrad,9/13/1966,10/13/1966,,,7,
RC11,RC11,2956,Robert Conrad,R/V Robert D. Conrad,12/30/1966,11/9/1971,,,7,
RC0011,RC11,2956,Robert Conrad,R/V Robert D. Conrad,1/9/1967,10/23/1967,,,7,
RC1101,RC1101,2957,Robert D. Conrad,R/V Robert D. Conrad,12/1/1966,12/20/1966,,,7,
RC1102,RC1102,2958,Robert D. Conrad,R/V Robert D. Conrad,12/26/1966,12/2/1967,,,7,
RC1103,RC1103,2959,Robert D. Conrad,R/V Robert D. Conrad,1/31/1967,2/24/1967,,,7,
RC1104,RC1104,2960,Robert D. Conrad,R/V Robert D. Conrad,3/1/1967,3/31/1967,,,7,
RC1105,RC1105,2961,Robert D. Conrad,R/V Robert D. Conrad,4/6/1967,5/4/1967,,,7,
RC1106,RC1106,2962,Robert D. Conrad,R/V Robert D. Conrad,5/11/1967,5/15/1967,,,7,
RC1107,RC1107,2963,Robert D. Conrad,R/V Robert D. Conrad,5/20/1967,6/20/1967,,,7,
RC1108,RC1108,2964,Robert D. Conrad,R/V Robert D. Conrad,6/30/1967,7/6/1967,,,7,
RC1109,RC1109,2965,Robert D. Conrad,R/V Robert D. Conrad,7/14/1967,8/9/1967,,,7,
RC1110,RC1110,2966,Robert D. Conrad,R/V Robert D. Conrad,8/20/1967,9/14/1967,,,7,
RC1111,RC1111,2967,Robert D. Conrad,R/V Robert D. Conrad,9/21/1967,10/13/1967,,,7,
RC1112,RC1112,2968,Robert D. Conrad,R/V Robert D. Conrad,10/21/1967,11/10/1967,,,7,
RC12,RC12,2969,Robert Conrad,R/V Robert D. Conrad,2/17/1968,8/14/1972,,,7,
RC0012,RC12,2969,Robert D. Conrad,R/V Robert D. Conrad,2/25/1968,2/25/1969,,,7,
RC0012,RC12,2969,Robert Conrad,R/V Robert D. Conrad,3/19/1968,7/8/1968,,,7,
RC1201,RC1201,2970,Robert D. Conrad,R/V Robert D. Conrad,1/6/1968,12/11/1968,,,7,
RC1202,RC1202,2971,Robert D. Conrad,R/V Robert D. Conrad,2/9/1968,2/19/1968,,,7,
RC1203,RC1203,2972,Robert D. Conrad,R/V Robert D. Conrad,2/22/1968,3/19/1968,,,7,
RC1204,RC1204,2973,Robert D. Conrad,R/V Robert D. Conrad,3/28/1968,4/25/1968,,,7,
RC1205,RC1205,2974,Robert D. Conrad,R/V Robert D. Conrad,5/4/1968,5/28/1968,,,7,
RC1206,RC1206,2975,Robert D. Conrad,R/V Robert D. Conrad,6/3/1968,6/24/1968,,,7,
RC1207,RC1207,2976,Robert D. Conrad,R/V Robert D. Conrad,7/4/1968,7/10/1968,,,7,
RC1208,RC1208,2977,Robert D. Conrad,R/V Robert D. Conrad,8/11/1968,8/11/1968,,,7,
RC1209,RC1209,2978,Robert D. Conrad,R/V Robert D. Conrad,8/11/1968,9/3/1968,,,7,
RC1210,RC1210,2979,Robert D. Conrad,R/V Robert D. Conrad,9/10/1968,9/23/1968,,,7,
RC1211,RC1211,2980,Robert D. Conrad,R/V Robert D. Conrad,10/1/1968,10/27/1968,,,7,
RC1212,RC1212,2981,Robert D. Conrad,R/V Robert D. Conrad,11/8/1968,12/14/1968,,,7,
RC1213,RC1213,2982,Robert D. Conrad,R/V Robert D. Conrad,12/20/1968,1/24/1969,,,7,
RC1214,RC1214,2983,Robert D. Conrad,R/V Robert D. Conrad,2/2/1969,2/26/1969,,,7,
RC1215,RC1215,2984,Robert D. Conrad,R/V Robert D. Conrad,4/3/1969,5/2/1969,,,7,
RC1216,RC1216,2985,Robert D. Conrad,R/V Robert D. Conrad,5/8/1969,5/21/1969,,,7,
RC1217,RC1217,2986,Robert D. Conrad,R/V Robert D. Conrad,5/31/1969,6/15/1969,,,7,
RC1218,RC1218,2987,Robert D. Conrad,R/V Robert D. Conrad,6/23/1969,7/15/1969,,,7,
RC1219,RC1219,2988,Robert D. Conrad,R/V Robert D. Conrad,7/12/1969,8/1/1969,,,7,
RC1220,RC1220,2989,Robert D. Conrad,R/V Robert D. Conrad,8/10/1969,8/30/1969,,,7,
RC13,RC13,2990,Robert Conrad,R/V Robert D. Conrad,9/12/1969,12/23/1970,,,7,
RC0013,RC13,2990,Robert D. Conrad,R/V Robert D. Conrad,3/21/1970,4/7/1970,,,7,
RC0013,RC13,2990,Robert Conrad,R/V Robert D. Conrad,5/5/1970,12/18/1970,,,7,
RC1301,RC1301,2991,Robert D. Conrad,R/V Robert D. Conrad,9/8/1969,9/25/1969,,,7,
RC1304,RC1304,2992,Robert D. Conrad,R/V Robert D. Conrad,12/22/1969,1/20/1970,,,7,
RC1305,RC1305,2993,Robert D. Conrad,R/V Robert D. Conrad,1/30/1970,2/27/1970,,,7,
RC1306,RC1306,2994,Robert D. Conrad,R/V Robert D. Conrad,3/6/1970,4/9/1970,,,7,
RC1307,RC1307,2995,Robert D. Conrad,R/V Robert D. Conrad,4/19/1970,5/15/1970,,,7,
RC1308,RC1308,2996,Robert D. Conrad,R/V Robert D. Conrad,5/21/1970,6/15/1970,,,7,
RC1310,RC1310,2997,Robert D. Conrad,R/V Robert D. Conrad,6/26/1970,7/25/1970,,,7,
RC1311,RC1311,2998,Robert D. Conrad,R/V Robert D. Conrad,8/1/1970,8/28/1970,,,7,
RC1312,RC1312,2999,Robert D. Conrad,R/V Robert D. Conrad,9/2/1970,9/29/1970,,,7,
RC1313,RC1313,3000,Robert D. Conrad,R/V Robert D. Conrad,10/3/1970,11/1/1970,,,7,
RC1314,RC1314,3001,Robert D. Conrad,R/V Robert D. Conrad,12/9/1970,1/8/1971,,,7,
RC0014,RC14,3002,Robert Conrad,R/V Robert D. Conrad,2/1/1971,9/15/1971,,,7,
RC14,RC14,3002,Robert Conrad,R/V Robert D. Conrad,2/4/1971,9/16/1971,,,7,
RC1401,RC1401,3003,Robert D. Conrad,R/V Robert D. Conrad,1/30/1971,2/24/1971,,,7,
RC1402,RC1402,3004,Robert D. Conrad,R/V Robert D. Conrad,3/4/1971,3/28/1971,,,7,
RC1403,RC1403,3005,Robert D. Conrad,R/V Robert D. Conrad,4/8/1971,5/3/1971,,,7,
RC1404,RC1404,3006,Robert D. Conrad,R/V Robert D. Conrad,5/10/1971,6/10/1971,,,7,
RC1405,RC1405,3007,Robert D. Conrad,R/V Robert D. Conrad,6/17/1971,7/12/1971,,,7,
RC1406,RC1406,3008,Robert D. Conrad,R/V Robert D. Conrad,7/18/1971,8/14/1971,,,7,
RC1407,RC1407,3009,Robert D. Conrad,R/V Robert D. Conrad,8/20/1971,9/18/1971,,,7,
RC0015,RC15,3011,Robert Conrad,R/V Robert D. Conrad,1/9/1971,7/31/1972,,,7,
RC15,RC15,3011,Robert Conrad,R/V Robert D. Conrad,10/7/1971,7/18/1972,,,7,
RC1501,RC1501,3012,Robert D. Conrad,R/V Robert D. Conrad,9/29/1971,10/26/1971,,,7,
RC1502,RC1502,3013,Robert D. Conrad,R/V Robert D. Conrad,11/3/1971,11/28/1971,,,7,
RC1503,RC1503,3014,Robert D. Conrad,R/V Robert D. Conrad,12/5/1971,12/27/1971,,,7,
RC1504,RC1504,3015,Robert D. Conrad,R/V Robert D. Conrad,1/6/1972,2/3/1972,,,7,
RC1505,RC1505,3016,Robert D. Conrad,R/V Robert D. Conrad,2/13/1972,3/4/1972,,,7,
RC1506,RC1506,3017,Robert D. Conrad,R/V Robert D. Conrad,3/19/1972,4/7/1972,,,7,
RC1507,RC1507,3018,Robert D. Conrad,R/V Robert D. Conrad,4/17/1972,5/3/1972,,,7,
RC1508,RC1508,3019,Robert D. Conrad,R/V Robert D. Conrad,5/11/1972,6/3/1972,,,7,
RC1509,RC1509,3020,Robert D. Conrad,R/V Robert D. Conrad,6/8/1972,6/29/1972,,,7,
RC14-99,RC14-99,3010,,,NULL,NULL,,,,
RC1510,RC1510,3021,Robert D. Conrad,R/V Robert D. Conrad,7/6/1972,8/1/1972,,,7,
RC16,RC16,3022,Robert Conrad,R/V Robert D. Conrad,1/27/1972,9/5/1973,,,7,
RC0016,RC16,3022,Robert Conrad,R/V Robert D. Conrad,5/21/1972,8/27/1973,,,7,
RC1601,RC1601,3023,Robert D. Conrad,R/V Robert D. Conrad,8/15/1972,9/9/1972,,,7,
RC1602,RC1602,3024,Robert D. Conrad,R/V Robert D. Conrad,9/14/1972,10/8/1972,,,7,
RC1603,RC1603,3025,Robert D. Conrad,R/V Robert D. Conrad,10/14/1972,11/11/1972,,,7,
RC1604,RC1604,3026,Robert D. Conrad,R/V Robert D. Conrad,11/18/1972,12/14/1972,,,7,
RC1604,RC1604,3026,R/V Robert D. Conrad,R/V Robert D. Conrad,11/26/1972,12/2/1972,,,7,
RC1604,RC1604,3026,Robert Conrad,R/V Robert D. Conrad,NULL,NULL,,,7,
RC1605,RC1605,3027,Robert D. Conrad,R/V Robert D. Conrad,12/21/1972,1/16/1973,,,7,
RC1606,RC1606,3028,Robert D. Conrad,R/V Robert D. Conrad,1/24/1973,2/7/1973,,,7,
RC1608,RC1608,3029,Robert D. Conrad,R/V Robert D. Conrad,3/16/1973,3/16/1973,,,7,
RC1609,RC1609,3030,Robert D. Conrad,R/V Robert D. Conrad,3/27/1973,3/27/1973,,,7,
RC1610,RC1610,3031,Robert D. Conrad,R/V Robert D. Conrad,5/6/1973,5/27/1973,,,7,
RC1611,RC1611,3032,Robert D. Conrad,R/V Robert D. Conrad,6/6/1973,7/1/1973,,,7,
RC1612,RC1612,3033,Robert D. Conrad,R/V Robert D. Conrad,7/8/1973,7/29/1973,,,7,
RC1613,RC1613,3034,Robert D. Conrad,R/V Robert D. Conrad,8/9/1973,9/10/1973,,,7,
RC17,RC17,3035,Robert Conrad,R/V Robert D. Conrad,10/11/1973,10/2/1974,,,7,
RC0017,RC17,3035,Robert Conrad,R/V Robert D. Conrad,11/11/1973,10/2/1974,,,7,
RC1701,RC1701,3036,Robert D. Conrad,R/V Robert D. Conrad,10/9/1973,10/26/1973,,,7,
RC1702,RC1702,3037,Robert D. Conrad,R/V Robert D. Conrad,11/7/1973,11/23/1973,,,7,
RC1703,RC1703,3038,Robert D. Conrad,R/V Robert D. Conrad,12/5/1973,12/26/1973,,,7,
RC1704,RC1704,3039,Robert D. Conrad,R/V Robert D. Conrad,1/28/1974,2/14/1974,,,7,
RC1705,RC1705,3040,Robert D. Conrad,R/V Robert D. Conrad,3/9/1974,4/9/1974,,,7,
RC1706,RC1706,3041,Robert D. Conrad,R/V Robert D. Conrad,4/16/1974,5/12/1974,,,7,
RC1707,RC1707,3042,Robert D. Conrad,R/V Robert D. Conrad,5/17/1974,6/14/1974,,,7,
RC1708,RC1708,3043,Robert D. Conrad,R/V Robert D. Conrad,6/25/1974,7/20/1974,,,7,
RC1709,RC1709,3044,Robert D. Conrad,R/V Robert D. Conrad,8/4/1974,8/8/1974,,,7,
RC1710,RC1710,3045,Robert D. Conrad,R/V Robert D. Conrad,8/20/1974,9/9/1974,,,7,
RC1711,RC1711,3046,Robert D. Conrad,R/V Robert D. Conrad,9/18/1974,10/11/1974,,,7,
RC1712,RC1712,3047,Robert D. Conrad,R/V Robert D. Conrad,10/25/1974,11/15/1974,,,7,
RC1713,RC1713,3048,Robert D. Conrad,R/V Robert D. Conrad,11/23/1974,12/16/1974,,,7,
RC1714,RC1714,3049,Robert D. Conrad,R/V Robert D. Conrad,12/23/1974,1/20/1975,,,7,
RC0018,RC18,3050,Robert Conrad,R/V Robert D. Conrad,3/22/1975,3/22/1975,,,7,
RC18,RC18,3050,Robert Conrad,R/V Robert D. Conrad,3/23/1975,4/18/1975,,,7,
RC1801,RC1801,3051,Robert D. Conrad,R/V Robert D. Conrad,2/8/1975,3/5/1975,,,7,
RC1802,RC1802,3052,Robert D. Conrad,R/V Robert D. Conrad,3/17/1975,4/7/1975,,,7,
RC1803,RC1803,3053,Robert D. Conrad,R/V Robert D. Conrad,4/15/1975,5/9/1975,,,7,
RC1804,RC1804,3054,Robert D. Conrad,R/V Robert D. Conrad,5/19/1975,6/9/1975,,,7,
RC1806,RC1806,3055,Robert D. Conrad,R/V Robert D. Conrad,7/2/1975,7/7/1975,,,7,
RC19,RC19,3056,Robert Conrad,R/V Robert D. Conrad,8/18/1975,2/6/1976,,,7,
RC1901,RC1901,3057,Robert D. Conrad,R/V Robert D. Conrad,7/31/1975,7/31/1975,,,7,
RC1902,RC1902,3058,Robert D. Conrad,R/V Robert D. Conrad,8/14/1975,8/16/1975,,,7,
RC1905,RC1905,3059,Robert D. Conrad,R/V Robert D. Conrad,1/4/1976,1/18/1976,,,7,
RC1906,RC1906,3060,Robert D. Conrad,R/V Robert D. Conrad,1/29/1976,2/18/1976,,,7,
RC1907,RC1907,3061,Robert D. Conrad,R/V Robert D. Conrad,3/1/1976,3/24/1976,,,7,
RC2007,RC2007,3062,Robert D. Conrad,R/V Robert D. Conrad,12/7/1976,12/8/1976,,,7,
RC2009,RC2009,3063,R/V Robert D. Conrad,R/V Robert D. Conrad,1/4/1977,1/5/1977,,,7,
RC2009,RC2009,3063,Robert D. Conrad,R/V Robert D. Conrad,1/4/1977,1/5/1977,,,7,
RC2011,RC2011,3064,Robert D. Conrad,R/V Robert D. Conrad,3/16/1977,4/13/1977,,,7,
RC2012,RC2012,3065,Robert D. Conrad,R/V Robert D. Conrad,4/26/1977,5/13/1977,,,7,
RC21,RC21,3066,Robert Conrad,R/V Robert D. Conrad,1/2/1978,12/1/1978,,,7,
RC0021,RC21,3066,Robert Conrad,R/V Robert D. Conrad,1/3/1978,12/31/1978,,,7,
RC2116,RC2116,3067,Robert D. Conrad,R/V Robert D. Conrad,11/17/1978,12/1/1978,,,7,
RC22,RC22,3068,Robert Conrad,R/V Robert D. Conrad,7/11/1979,7/11/1979,,,7,
RC2209,RC2209,3069,Robert D. Conrad,R/V Robert D. Conrad,7/7/1979,7/16/1979,,,7,
RC23,RC23,3070,Robert Conrad,R/V Robert D. Conrad,3/28/1982,6/3/1982,,,7,
RC0023,RC23,3070,Robert Conrad,R/V Robert D. Conrad,6/2/1982,6/2/1982,,,7,
RC2304,RC2304,3071,Robert D. Conrad,R/V Robert D. Conrad,4/11/1982,5/2/1982,,,7,
RC2305,RC2305,3072,Robert D. Conrad,R/V Robert D. Conrad,6/2/1982,6/15/1982,,,7,
RC2307,RC2307,3073,Robert D. Conrad,R/V Robert D. Conrad,7/11/1982,7/30/1982,,,7,
RC24,RC24,3074,Robert Conrad,R/V Robert D. Conrad,3/23/1983,4/4/1983,,,7,
RC0024,RC24,3074,Robert Conrad,R/V Robert D. Conrad,4/2/1983,4/2/1983,,,7,
RC2403,RC2403,3075,Robert D. Conrad,R/V Robert D. Conrad,3/18/1983,4/6/1983,,,7,
RC25,RC25,3076,Robert Conrad,R/V Robert D. Conrad,12/31/1984,12/31/1984,,,7,
RC2507,RC2507,3077,Robert D. Conrad,R/V Robert D. Conrad,6/4/1984,6/27/1984,,,7,
RC2512,RC2512,3078,Robert D. Conrad,R/V Robert D. Conrad,10/30/1984,11/3/1984,,,7,
RC2514,RC2514,3079,Robert D. Conrad,R/V Robert D. Conrad,12/4/1984,12/19/1984,,,7,
RC0026,RC26,3080,Robert Conrad,R/V Robert D. Conrad,9/1/1985,9/21/1985,,,7,
RC26,RC26,3080,Robert Conrad,R/V Robert D. Conrad,12/7/1985,12/7/1985,,,7,
RC2602,RC2602,3081,R/V Robert D. Conrad,R/V Robert D. Conrad,NULL,NULL,,,7,
RC2603,RC2603,3082,Robert D. Conrad,R/V Robert D. Conrad,3/3/1985,3/14/1985,,,7,
RC2603,RC2603,3082,R/V Robert D. Conrad,R/V Robert D. Conrad,NULL,NULL,,,7,
RC2614,RC2614,3083,Robert D. Conrad,R/V Robert D. Conrad,12/2/1985,12/14/1985,,,7,
RC27,RC27,3084,Robert Conrad,R/V Robert D. Conrad,8/6/1986,8/6/1986,,,7,
RC0027,RC27,3084,Robert Conrad,R/V Robert D. Conrad,9/7/1986,9/17/1986,,,7,
RC2703,RC2703,3085,Robert D. Conrad,R/V Robert D. Conrad,5/1/1986,5/5/1986,,,7,
RC2704,RC2704,3086,Robert D. Conrad,R/V Robert D. Conrad,5/24/1986,6/4/1987,,,7,
RC2706,RC2706,3087,Robert D. Conrad,R/V Robert D. Conrad,7/9/1986,7/22/1986,,,7,
RC2707,RC2707,3088,Robert D. Conrad,R/V Robert D. Conrad,8/9/1986,8/15/1986,,,7,
RC2708,RC2708,3089,Robert D. Conrad,R/V Robert D. Conrad,9/15/1986,9/15/1986,,,7,
RC0028,RC28,3090,Robert Conrad,R/V Robert D. Conrad,2/15/1987,2/22/1987,,,7,
RC28,RC28,3090,Robert Conrad,R/V Robert D. Conrad,4/28/1987,5/12/1987,,,7,
RC0028,RC28,3090,Robert D Conrad,R/V Robert D. Conrad,5/12/1987,5/16/1987,,,7,
RC2804,RC2804,3091,Robert D. Conrad,R/V Robert D. Conrad,4/27/1987,5/22/1987,,,7,
RC2806,RC2806,3092,R/V Robert D. Conrad,R/V Robert D. Conrad,6/12/1987,7/17/1987,,,7,
RC2806,RC2806,3092,Robert D. Conrad,R/V Robert D. Conrad,6/12/1987,7/17/1987,,,7,
RC2806,RC2806,3092,Robert Conrad,R/V Robert D. Conrad,NULL,NULL,,,7,
RC29,RC29,3093,Robert Conrad,R/V Robert D. Conrad,5/10/1988,5/24/1988,,,7,
RC2907,RC2907,3094,Robert D. Conrad,R/V Robert D. Conrad,7/14/1988,7/24/1988,,,7,
RC30,RC30,3095,Robert Conrad,R/V Robert D. Conrad,2/20/1989,2/20/1989,,,7,
RE01,RE01,3096,REHOBOTH,REHOBOTH,12/31/1948,12/31/1948,,,,
RE05,RE05,3097,REHOBOTH,REHOBOTH,3/14/1950,3/23/1950,,,,
RE07,RE07,3098,REHOBOTH,REHOBOTH,11/25/1950,12/3/1950,,,,
RE08,RE08,3099,REHOBOTH,REHOBOTH,7/1/1952,7/29/1952,,,,
RE09,RE09,3100,REHOBOTH,REHOBOTH,5/25/1952,9/4/1952,,,,
RE10,RE10,3101,REHOBOTH,REHOBOTH,9/4/1952,9/4/1952,,,,
RE11,RE11,3102,REHOBOTH,REHOBOTH,6/23/1952,7/21/1952,,,,
RE12,RE12,3103,REHOBOTH,REHOBOTH,3/23/1953,4/15/1953,,,,
RE13,RE13,3104,REHOBOTH,REHOBOTH,7/30/1952,8/16/1953,,,,
Reccopolis 2016,Reccopolis 2016,3105,,,7/6/2016,7/19/2016,,,,
Reccopolis 2021,Reccopolis 2021,3106,,,7/28/2022,7/28/2022,,,,
Reconnaissance 2016,Reconnaissance 2016,3107,,,NULL,NULL,,,,
RED,RED,3108,,,7/14/2008,7/16/2008,,,,
Red Lake (Kerr-McGee Test),Red Lake (Kerr-McGee Test),3109,,,NULL,NULL,,,5,
RED2,RED2,3110,,,7/26/2009,11/1/2009,,,,
RedSea:Stockli,RedSea:Stockli,3111,NotApplicable,N.A.,NULL,NULL,,,,
Regalor,Regalor,3112,,,NULL,NULL,,,,
Research project,Research project,3113,,,2/29/2000,1/31/2023,,,8,
Researcher 782,Researcher 782,3114,Researcher,Researcher,7/16/1982,7/18/1982,,,8,
resource drilling,resource drilling,3115,,,1/20/2022,1/20/2022,,,,
REST,REST,3116,,,9/26/2010,9/27/2010,,,,
REU,REU,3117,,,7/31/2013,7/31/2013,,,,
Reunion 2015,Reunion 2015,3118,,,5/31/2015,5/31/2015,,,,
REVDR04,REVDR04,3119,,,12/31/2003,12/31/2003,,,,
Reynolds Critical Zone Observatory (CZO),Reynolds Critical Zone Observatory (CZO),3120,,N.A.,5/31/2000,9/30/2016,,,,
Reynolds Sierra negra,Reynolds Sierra negra,3121,,,12/31/1990,12/31/1991,,,,
Hofheim 2017; Limites-Project/Space development and roman-german interactions-Project,Limites-Project; Hofheim 2017,2038,,,2/27/2017,2/28/2017,Space development and roman-german interactions-Project,,,
rgk2021-25; Sofia 2021,rgk2021-25; Sofia 2021,3122,,,11/29/2021,11/29/2021,,,15,
rgk2021-30; Sofia 2021,rgk2021-30; Sofia 2021,3123,,,11/19/2021,11/22/2021,,,15,
rgk2021-31; Sofia 2021,rgk2021-31; Sofia 2021,3124,,,11/22/2021,11/23/2021,,,15,
rgk2021-32; Sofia 2021,rgk2021-32; Sofia 2021,3125,,,11/21/2021,11/23/2021,,,15,
rgk2021-33; Sofia 2021,rgk2021-33; Sofia 2021,3126,,,11/23/2021,11/24/2021,,,15,
rgk2021-34; Sofia 2021,rgk2021-34; Sofia 2021,3127,,,11/28/2021,11/28/2021,,,15,
rgk2021-35; Sofia 2021,rgk2021-35; Sofia 2021,3128,,,11/25/2021,11/25/2021,,,15,
rgk2022-15; Boyne to Brodgar-Project 2022,Boyne to Brodgar-Project 2022,628,,,5/3/2022,5/3/2022,,,15,
rgk2022-15; Donore Hill 2022; Boyne to Brodgar-Project,From Boyne to Brodgar-Project; Donore Hill and Boyne 2022,1434,,,5/6/2022,5/8/2022,,,15,
rgk2021-10; Ruffenhofen 2021; Limites-Project,Limites-Project; Ruffenhofen 2021; rgk2021-10,2039,,,8/8/2021,8/10/2021,Space development and roman-german interactions-Project,,15,
Ruffenhofen 2021; Limites-Project; rgk2021-10,Limites-Project; Ruffenhofen 2021; rgk2021-10,2039,,,8/9/2021,8/11/2021,Space development and roman-german interactions-Project,,15,
RH02,RH02,3129,Robert Hays,Robert Hays,9/6/2002,9/7/2002,,,,
RICE,RICE,3130,,,12/31/2009,12/31/2009,,,,
Richard2016,Richard2016,3131,,,2/29/2016,2/29/2016,,,,
Ridges 2011,Ridges 2011,3132,Western Flyer,R/V Western Flyer,7/20/2011,8/4/2011,,,7,
Ridgeway Oil,Ridgeway Oil,3133,,,NULL,NULL,,,,
RIETI,RIETI,3134,,,6/20/2012,7/5/2015,,,,
RIFT01MV,RIFT01MV,3135,Melville,R/V Melville,NULL,NULL,,,7,
RIFT02MV,RIFT02MV,3136,Melville,R/V Melville,NULL,NULL,,,7,
RIND,RIND,3137,,,12/30/1985,12/30/1985,,,,
Ripiceni 2016,Ripiceni 2016,3138,,,NULL,NULL,,,,
Ripsey,Ripsey,3139,,,NULL,NULL,,,,
RISE01NH,RISE01NH,3140,New Horizon,New Horizon,NULL,NULL,,,,
RISP,RISP,3141,,,12/31/1976,12/30/1979,,,,
RKE,RKE,3142,,,3/26/2008,3/26/2008,,,,
RN,RN,3143,,,12/30/2005,12/30/2005,,,,
RNQB,RNQB,3144,,,3/31/2014,3/31/2014,,,,
421,RNZFATui-421,3145,RNZFA Tui,RNZFA Tui,12/31/1955,12/31/1955,"one sample, from ship 'RNZFA Tui'; Kermandec, UCSC",,,
Robciero,Robciero,3146,,,NULL,NULL,,,,
ROMEO,ROMEO,3147,,,8/3/2010,8/2/2016,,,,
Ronda_Peridotite_2009,Ronda_Peridotite_2009,3148,,,10/26/2009,10/27/2009,,,,
ROSA01NH,ROSA01NH,3149,New Horizon,New Horizon,NULL,NULL,,,,
Roundabout,ROUNDABOUT Expedition,3150,Thomas Washington,R/V Thomas Washington,NULL,NULL,"RNDB02WT, RNDB06WT, RNDB10WT, RNDB15WT",,7,
ROUNDABOUT Expedition (RNDB02WT),ROUNDABOUT Expedition,3150,Thomas Washington,R/V Thomas Washington,NULL,NULL,"RNDB02WT, RNDB06WT, RNDB10WT, RNDB15WT",,7,
ROUNDABOUT Expedition (RNDB06WT),ROUNDABOUT Expedition,3150,Thomas Washington,R/V Thomas Washington,NULL,NULL,"RNDB02WT, RNDB06WT, RNDB10WT, RNDB15WT",,7,
RNDB02WT,ROUNDABOUT Expedition,3150,Thomas Washington,R/V Thomas Washington,NULL,NULL,"RNDB02WT, RNDB06WT, RNDB10WT, RNDB15WT",,7,
RNDB06WT,ROUNDABOUT Expedition,3150,Thomas Washington,R/V Thomas Washington,8/14/1988,8/29/1988,"RNDB02WT, RNDB06WT, RNDB10WT, RNDB15WT",,7,
RNDB10WT,ROUNDABOUT Expedition,3150,Thomas Washington,R/V Thomas Washington,NULL,NULL,"RNDB02WT, RNDB06WT, RNDB10WT, RNDB15WT",,7,
RNDB15WT,ROUNDABOUT Expedition,3150,Thomas Washington,R/V Thomas Washington,NULL,NULL,"RNDB02WT, RNDB06WT, RNDB10WT, RNDB15WT",,7,
ROV SMOOTH,ROV SMOOTH,3151,Pourquoi Pas ?,Pourquoi Pas,12/11/2016,12/30/2016,platform name uncertain,,9,
ROV SMOOTH,ROV SMOOTH,3151,Pourquoi Pas ? ,Pourquoi Pas,12/11/2016,12/21/2016,platform name uncertain,,9,
Roy Owens,Roy Owens,3152,,,NULL,NULL,,,,
RP14RE81,RP14RE81,3153,Researcher,Researcher,8/20/1981,8/30/1981,,,,
RP6-OC75,RP6-OC75,3154,Oceanographer,Oceanographer,5/1/1979,5/1/1979,,,,
RP8-OC75,RP8-OC75,3155,Oceanographer,Oceanographer,10/1/1979,10/1/1979,,,,
RR0503,RR0503,3156,,R/V Roger Revelle,3/15/2005,3/21/2005,,,7,
RR1001,RR1001,3157,Roger Revelle,R/V Roger Revelle,1/13/2010,1/20/2010,,,7,
RR1211,RR1211,3158,Roger Revelle,R/V Roger Revelle,9/12/2012,9/24/2012,,,7,
RR1412,RR1412,3159,,R/V Roger Revelle,NULL,NULL,,,7,
RR1413,RR1413,3160,,R/V Roger Revelle,11/30/2014,12/18/2014,,,7,
RR1506,RR1506,3161,R/V Roger Revelle,R/V Roger Revelle,3/30/2015,4/12/2015,,,7,
RR1712,RR1712,3162,,R/V Roger Revelle,7/16/2017,7/22/2017,,,7,
RR1805,RR1805,3163,,R/V Roger Revelle,NULL,NULL,,,7,
RR2403,RR2403,3164,R/V Roger Revelle,R/V Roger Revelle,4/2/2024,4/23/2024,,,7,
RR2403,RR2403,3164,,R/V Roger Revelle,NULL,NULL,,,7,
RS05,RS05,3165,Sea Wolf,Sea Wolf,7/15/2005,7/18/2005,,,,
RS06,RS06,3166,Sea Wolf,Sea Wolf,7/6/2006,7/19/2006,,,,
RS08,RS08,3167,Sea Wolf,Sea Wolf,7/27/2008,8/20/2008,,,,
RS09,RS09,3168,Sea Wolf,Sea Wolf,7/21/2009,7/21/2009,,,,
RSTH03NH,RSTH03NH,3169,New Horizon,New Horizon,4/3/1979,4/18/1979,,,,
RSTH04NH,RSTH04NH,3170,New Horizon,New Horizon,5/9/1979,5/9/1979,,,,
RT,RT,3171,Ricky-0Ticky,Ricky-0Ticky,6/30/1951,6/30/1951,,,,
RT23 Field Campaing,RT23 Field Campaing,3172,,N.A.,11/15/2023,11/15/2023,,,3,
RU07,RU07,3173,,,11/30/2007,11/30/2007,,,,
Ruffenhofen 2021; Limites-Project/Space development and roman-german interactions-Project,Limites-Project; Ruffenhofen 2021; rgk2021-10,2039,,,8/16/2021,10/17/2021,Space development and roman-german interactions-Project,,15,
rgk2022-31; Ruffenhofen 2022; Limites-Project,Limites-Project; Ruffenhofen 2022; rgk2022-31,2040,,,4/2/2022,4/4/2022,Space development and roman-german interactions-Project,,15,
Ruffenhofen 2022; Limites-Project; rgk2022-31,Limites-Project; Ruffenhofen 2022; rgk2022-31,2040,,,4/3/2022,4/5/2022,Space development and roman-german interactions-Project,,15,
Ruffenhofen 2022; Limites-Project/Space development and roman-german interactions-Project,Limites-Project; Ruffenhofen 2022; rgk2022-31,2040,,,4/13/2022,6/8/2022,Space development and roman-german interactions-Project,,15,
Ruffenhofen 2023; Limites-Project; rgk2023-01,Limites-Project; Ruffenhofen 2023; rgk2023-01,2041,,,2/12/2023,2/15/2023,Space development and roman-german interactions-Project,,15,
Ruffenhofen 2023; Limites-Project,Limites-Project; Ruffenhofen 2023; rgk2023-01,2041,,,2/28/2023,5/24/2023,Space development and roman-german interactions-Project,,15,
rgk2023-01; Ruffenhofen 2023; Limites-Project,Limites-Project; Ruffenhofen 2023; rgk2023-01,2041,,,3/13/2023,5/24/2023,Space development and roman-german interactions-Project,,15,
Rybník,Rybník,3175,,,NULL,NULL,,,,
Rybník 2006,Rybník 2006,3176,,,NULL,NULL,,,,
"S,Roy PHD expedition TDF, CNRS, USMB","S,Roy PHD expedition TDF, CNRS, USMB",3178,,,12/19/2018,11/17/2019,,,3,
S4-78,S4-78,3179,Sea Sounder,Sea Sounder,NULL,NULL,,,,
S4-78?,S4-78,3179,Sea Sounder,Sea Sounder,NULL,NULL,,,,
S5-79,S5-79,3180,Sea Sounder,Sea Sounder,NULL,NULL,,,,
S62,S62,3181,,,12/30/1962,12/30/1962,,,,
S67,S67,3182,,,12/30/1967,12/30/1967,,,,
S6-79,S6-79,3183,Sea Sounder,Sea Sounder,1/1/1979,1/1/1979,,,,
S6-79?,S6-79,3183,Sea Sounder?,Sea Sounder?,NULL,NULL,,,,
SAC,SAC,3184,RV Happy,RV Happy,9/21/2008,9/28/2008,,,7,
SAC,SAC,3184,,,9/20/2008,9/27/2008,,,,
SACP4,SACP4,3185,,,5/12/2012,7/9/2015,,,,
SACP4 ,SACP4 ,3186,,,5/31/2013,5/31/2013,,,,
SAEQ,SAEQ,3187,RV Happy,RV Happy,7/5/2016,7/11/2016,,,7,
SAFEGE04/06/11,SAFEGE04/06/11,3188,,,6/3/2011,6/3/2011,,,,
Sahara 2022 participatory approach,Sahara 2022 participatory approach,3189,,,2/14/2022,4/22/2022,,,3,
SAINT-ANDRE-05/12/2011,SAINT-ANDRE-05/12/2011,3190,,,12/31/1969,12/4/2011,,,,
SAK,SAK,3191,,,6/10/2017,6/18/2017,,,,
SALT,SALT,3192,,,2/27/2007,2/27/2007,,,,
SAM,SAM,3193,,,12/30/1994,12/30/2006,,,,
Samar,Samar,3194,Argentinian Sun,Argentinian Sun,9/23/1969,9/23/1969,,,,
SAMOA-SPT,SAMOA-SPT,3195,,,5/19/2015,5/19/2015,,,,
SAMUDRA2,SAMUDRA2,3196,L'Atalante,L'Atalante,12/8/1995,12/9/1995,,,,
San Andreas Fault Observatory at Depth (SAFOD),San Andreas Fault Observatory at Depth (SAFOD),3197,SAFOD,SAFOD,NULL,NULL,,,,
San Andreas Fault Observatory at Depth (SAFOD),San Andreas Fault Observatory at Depth (SAFOD),3197,,,12/31/2001,12/31/2006,,,,
Sanchez,Sanchez,3198,,,NULL,NULL,,,,
SARGASS,SARGASS,3199,,,7/5/2010,7/5/2010,,,,
Saudi Arabia,Saudi Arabia,3200,,,6/25/1905,6/25/1905,,,,
SAUK,SAUK,3201,,,12/30/2008,12/30/2008,,,,
SB,SB,3202,RV Happy,RV Happy,8/1/2014,8/6/2014,,,7,
SB3,SB3,3203,Argentinian Wildcat,Argentinian Wildcat,6/6/1971,6/6/1971,,,,
SBROWN,SBROWN,3204,,,12/30/1997,12/30/1998,,,,
LIS1802,LIS1802,2046,R/V Donald Pritchard,R/V Donald Pritchard,6/25/2018,6/28/2018,,,7,
SCAN04AR,SCAN04AR,3206,Argo,Argo,NULL,NULL,,,,
SCAN08AR,SCAN08AR,3207,Argo,Argo,NULL,NULL,,,,
Scarritt Patagonian Expedition of the AMNH,Scarritt Patagonian Expedition of the AMNH,3208,,,1/31/1931,1/31/1931,,,3,
Scientific Collaboration On Past Speciation Conditions in Lake Ohrid (SCOPSCO),Scientific Collaboration On Past Speciation Conditions in Lake Ohrid (SCOPSCO),3209,,,NULL,NULL, ICDP-2009/3,,,
Scientific Collaboration On Past Speciation Conditions in Lake Ohrid (SCOPSCO) - ICDP-2009/3,Scientific Collaboration On Past Speciation Conditions in Lake Ohrid (SCOPSCO),3209,,,1/3/2013,5/28/2013, ICDP-2009/3,,,
SCONI,SCONI,3210,,,6/20/1998,12/30/1998,,,,
SCRC,SCRC,3211,,,6/5/2012,6/5/2012,,,,
SCSU,SCSU,3212,,,1/31/2018,1/31/2018,,,,
SD99,SD99,3213,Orange Rockland/Nyack,Orange Rockland/Nyack,12/13/1999,12/15/1999,,,,
SEA VEE,SEA VEE,3214,SEA VEE,SEA VEE,5/6/2013,5/6/2013,,,,
Sean - floating pumice,Sean - floating pumice,3215,,,NULL,NULL,,,,
SECBI Dating,SECBI Dating,3216,,,8/19/2021,8/19/2021,,,,
SEDICAR,SEDICAR,3217,,,3/19/2003,7/15/2003,,,,
"Sedimentary Hills, Company","Sedimentary Hills, Company",3218,,,NULL,NULL,,,,
Sedimentary Xenolith Rock Project,Sedimentary Xenolith Rock Project,3219,,,NULL,NULL,,,,
SEGMENT TZ FIELD CAMPAIGN 2012,SEGMENT TZ FIELD CAMPAIGN 2012,3220,Not Applicable,N.A.,7/25/2012,8/21/2012,,,3,
SEGMENT TZ FIELD CAMPAIGN 2012,SEGMENT TZ FIELD CAMPAIGN 2012,3220,,N.A.,7/27/2012,7/27/2012,"Dup field prgrm, fill down series error?",,3,
SEGMENT TZ FIELD CAMPAIGN 2013,SEGMENT TZ FIELD CAMPAIGN 2012,3220,,N.A.,7/27/2012,12/9/2014,"Dup field prgrm, fill down series error?",,3,
SEGMENT TZ FIELD CAMPAIGN 2014,SEGMENT TZ FIELD CAMPAIGN 2012,3220,,N.A.,7/27/2012,12/11/2014,"Dup field prgrm, fill down series error?",,3,
SEGMENT TZ FIELD CAMPAIGN 2015,SEGMENT TZ FIELD CAMPAIGN 2012,3220,,N.A.,7/27/2012,12/12/2014,"Dup field prgrm, fill down series error?",,3,
SEGMENT TZ FIELD CAMPAIGN 2016,SEGMENT TZ FIELD CAMPAIGN 2012,3220,,N.A.,7/27/2012,12/12/2014,"Dup field prgrm, fill down series error?",,3,
SEGMENT TZ FIELD CAMPAIGN 2017,SEGMENT TZ FIELD CAMPAIGN 2012,3220,,N.A.,7/27/2012,7/27/2012,"Dup field prgrm, fill down series error?",,3,
SEGMENT TZ FIELD CAMPAIGN 2018,SEGMENT TZ FIELD CAMPAIGN 2012,3220,,N.A.,7/27/2012,7/27/2012,"Dup field prgrm, fill down series error?",,3,
SEGMENT TZ FIELD CAMPAIGN 2019,SEGMENT TZ FIELD CAMPAIGN 2012,3220,,N.A.,7/27/2012,7/27/2012,"Dup field prgrm, fill down series error?",,3,
SEGMENT TZ FIELD CAMPAIGN 2020,SEGMENT TZ FIELD CAMPAIGN 2012,3220,,N.A.,7/27/2012,7/27/2012,"Dup field prgrm, fill down series error?",,3,
SEGMENT TZ FIELD CAMPAIGN 2021,SEGMENT TZ FIELD CAMPAIGN 2012,3220,,N.A.,7/27/2012,7/27/2012,"Dup field prgrm, fill down series error?",,3,
SEGMENT TZ FIELD CAMPAIGN 2022,SEGMENT TZ FIELD CAMPAIGN 2012,3220,,N.A.,7/27/2012,7/27/2012,"Dup field prgrm, fill down series error?",,3,
SEGMENT TZ FIELD CAMPAIGN 2023,SEGMENT TZ FIELD CAMPAIGN 2012,3220,,N.A.,7/27/2012,7/27/2012,"Dup field prgrm, fill down series error?",,3,
SEGMENT TZ FIELD CAMPAIGN 2024,SEGMENT TZ FIELD CAMPAIGN 2012,3220,,N.A.,7/27/2012,7/27/2012,"Dup field prgrm, fill down series error?",,3,
SEGMENT TZ FIELD CAMPAIGN 2025,SEGMENT TZ FIELD CAMPAIGN 2012,3220,,N.A.,7/27/2012,7/27/2012,"Dup field prgrm, fill down series error?",,3,
SEGMENT TZ FIELD CAMPAIGN 2026,SEGMENT TZ FIELD CAMPAIGN 2012,3220,,N.A.,7/27/2012,7/27/2012,"Dup field prgrm, fill down series error?",,3,
SEGMENT TZ FIELD CAMPAIGN 2027,SEGMENT TZ FIELD CAMPAIGN 2012,3220,,N.A.,7/27/2012,7/27/2012,"Dup field prgrm, fill down series error?",,3,
SEGMENT TZ FIELD CAMPAIGN 2028,SEGMENT TZ FIELD CAMPAIGN 2012,3220,,N.A.,7/27/2012,7/27/2012,"Dup field prgrm, fill down series error?",,3,
SEGMENT TZ FIELD CAMPAIGN 2029,SEGMENT TZ FIELD CAMPAIGN 2012,3220,,N.A.,7/27/2012,7/27/2012,"Dup field prgrm, fill down series error?",,3,
SEGMENT TZ FIELD CAMPAIGN 2030,SEGMENT TZ FIELD CAMPAIGN 2012,3220,,N.A.,7/27/2012,7/27/2012,"Dup field prgrm, fill down series error?",,3,
SEGMENT TZ FIELD CAMPAIGN 2031,SEGMENT TZ FIELD CAMPAIGN 2012,3220,,N.A.,7/27/2012,7/27/2012,"Dup field prgrm, fill down series error?",,3,
SEGMENT TZ FIELD CAMPAIGN 2032,SEGMENT TZ FIELD CAMPAIGN 2012,3220,,N.A.,8/1/2012,8/1/2012,"Dup field prgrm, fill down series error?",,3,
SEGMENT TZ FIELD CAMPAIGN 2033,SEGMENT TZ FIELD CAMPAIGN 2012,3220,,N.A.,8/1/2012,8/1/2012,"Dup field prgrm, fill down series error?",,3,
SEGMENT TZ FIELD CAMPAIGN 2034,SEGMENT TZ FIELD CAMPAIGN 2012,3220,,N.A.,8/1/2012,8/1/2012,"Dup field prgrm, fill down series error?",,3,
SEGMENT TZ FIELD CAMPAIGN 2035,SEGMENT TZ FIELD CAMPAIGN 2012,3220,,N.A.,8/1/2012,8/1/2012,"Dup field prgrm, fill down series error?",,3,
SEGMENT TZ FIELD CAMPAIGN 2036,SEGMENT TZ FIELD CAMPAIGN 2012,3220,,N.A.,8/1/2012,8/1/2012,"Dup field prgrm, fill down series error?",,3,
SEGMENT TZ FIELD CAMPAIGN 2037,SEGMENT TZ FIELD CAMPAIGN 2012,3220,,N.A.,8/1/2012,8/1/2012,"Dup field prgrm, fill down series error?",,3,
SEGMENT TZ FIELD CAMPAIGN 2038,SEGMENT TZ FIELD CAMPAIGN 2012,3220,,N.A.,8/1/2012,8/1/2012,"Dup field prgrm, fill down series error?",,3,
SEGMENT TZ FIELD CAMPAIGN 2039,SEGMENT TZ FIELD CAMPAIGN 2012,3220,,N.A.,8/1/2012,8/1/2012,"Dup field prgrm, fill down series error?",,3,
SEGMENT TZ FIELD CAMPAIGN 2040,SEGMENT TZ FIELD CAMPAIGN 2012,3220,,N.A.,8/1/2012,8/1/2012,"Dup field prgrm, fill down series error?",,3,
SEGMENT TZ FIELD CAMPAIGN 2041,SEGMENT TZ FIELD CAMPAIGN 2012,3220,,N.A.,8/1/2012,8/1/2012,"Dup field prgrm, fill down series error?",,3,
SEGMENT TZ FIELD CAMPAIGN 2042,SEGMENT TZ FIELD CAMPAIGN 2012,3220,,N.A.,8/1/2012,8/1/2012,"Dup field prgrm, fill down series error?",,3,
SEGMENT TZ FIELD CAMPAIGN 2043,SEGMENT TZ FIELD CAMPAIGN 2012,3220,,N.A.,8/1/2012,8/1/2012,"Dup field prgrm, fill down series error?",,3,
SEGMENT TZ FIELD CAMPAIGN 2044,SEGMENT TZ FIELD CAMPAIGN 2012,3220,,N.A.,8/1/2012,8/1/2012,"Dup field prgrm, fill down series error?",,3,
SEGMENT TZ FIELD CAMPAIGN 2045,SEGMENT TZ FIELD CAMPAIGN 2012,3220,,N.A.,8/1/2012,8/1/2012,"Dup field prgrm, fill down series error?",,3,
SEGMENT TZ FIELD CAMPAIGN 2046,SEGMENT TZ FIELD CAMPAIGN 2012,3220,,N.A.,8/1/2012,8/1/2012,"Dup field prgrm, fill down series error?",,3,
SEGMENT TZ FIELD CAMPAIGN 2047,SEGMENT TZ FIELD CAMPAIGN 2012,3220,,N.A.,8/1/2012,8/1/2012,"Dup field prgrm, fill down series error?",,3,
SEGMENT TZ FIELD CAMPAIGN 2048,SEGMENT TZ FIELD CAMPAIGN 2012,3220,,N.A.,8/1/2012,8/1/2012,"Dup field prgrm, fill down series error?",,3,
SEGMENT TZ FIELD CAMPAIGN 2049,SEGMENT TZ FIELD CAMPAIGN 2012,3220,,N.A.,8/1/2012,8/1/2012,"Dup field prgrm, fill down series error?",,3,
SEGMENT TZ FIELD CAMPAIGN 2050,SEGMENT TZ FIELD CAMPAIGN 2012,3220,,N.A.,8/1/2012,8/1/2012,"Dup field prgrm, fill down series error?",,3,
SEGMENT TZ FIELD CAMPAIGN 2051,SEGMENT TZ FIELD CAMPAIGN 2012,3220,,N.A.,8/1/2012,8/1/2012,"Dup field prgrm, fill down series error?",,3,
SEGMENT TZ FIELD CAMPAIGN 2052,SEGMENT TZ FIELD CAMPAIGN 2012,3220,,N.A.,8/1/2012,8/1/2012,"Dup field prgrm, fill down series error?",,3,
SEGMENT TZ FIELD CAMPAIGN 2053,SEGMENT TZ FIELD CAMPAIGN 2012,3220,,N.A.,8/1/2012,8/1/2012,"Dup field prgrm, fill down series error?",,3,
SEGMENT TZ FIELD CAMPAIGN 2054,SEGMENT TZ FIELD CAMPAIGN 2012,3220,,N.A.,8/1/2012,8/1/2012,"Dup field prgrm, fill down series error?",,3,
SEGMENT TZ FIELD CAMPAIGN 2055,SEGMENT TZ FIELD CAMPAIGN 2012,3220,,N.A.,8/1/2012,8/1/2012,"Dup field prgrm, fill down series error?",,3,
SEGMENT TZ FIELD CAMPAIGN 2056,SEGMENT TZ FIELD CAMPAIGN 2012,3220,,N.A.,8/1/2012,8/1/2012,"Dup field prgrm, fill down series error?",,3,
SEGMENT TZ FIELD CAMPAIGN 2057,SEGMENT TZ FIELD CAMPAIGN 2012,3220,,N.A.,8/1/2012,8/1/2012,"Dup field prgrm, fill down series error?",,3,
SEGMENT TZ FIELD CAMPAIGN 2058,SEGMENT TZ FIELD CAMPAIGN 2012,3220,,N.A.,8/1/2012,8/1/2012,"Dup field prgrm, fill down series error?",,3,
SEGMENT TZ FIELD CAMPAIGN 2059,SEGMENT TZ FIELD CAMPAIGN 2012,3220,,N.A.,8/1/2012,8/1/2012,"Dup field prgrm, fill down series error?",,3,
SEGMENT TZ FIELD CAMPAIGN 2060,SEGMENT TZ FIELD CAMPAIGN 2012,3220,,N.A.,8/1/2012,8/1/2012,"Dup field prgrm, fill down series error?",,3,
SEGMENT TZ FIELD CAMPAIGN 2061,SEGMENT TZ FIELD CAMPAIGN 2012,3220,,N.A.,8/1/2012,8/1/2012,"Dup field prgrm, fill down series error?",,3,
SEGMENT TZ FIELD CAMPAIGN 2062,SEGMENT TZ FIELD CAMPAIGN 2012,3220,,N.A.,8/1/2012,8/1/2012,"Dup field prgrm, fill down series error?",,3,
SEGMENT TZ FIELD CAMPAIGN 2063,SEGMENT TZ FIELD CAMPAIGN 2012,3220,,N.A.,8/1/2012,8/1/2012,"Dup field prgrm, fill down series error?",,3,
SEGMENT TZ FIELD CAMPAIGN 2064,SEGMENT TZ FIELD CAMPAIGN 2012,3220,,N.A.,8/1/2012,8/1/2012,"Dup field prgrm, fill down series error?",,3,
SEGMENT TZ FIELD CAMPAIGN 2065,SEGMENT TZ FIELD CAMPAIGN 2012,3220,,N.A.,8/1/2012,8/1/2012,"Dup field prgrm, fill down series error?",,3,
SEGMENT TZ FIELD CAMPAIGN 2066,SEGMENT TZ FIELD CAMPAIGN 2012,3220,,N.A.,8/1/2012,8/1/2012,"Dup field prgrm, fill down series error?",,3,
SEGMENT TZ FIELD CAMPAIGN 2067,SEGMENT TZ FIELD CAMPAIGN 2012,3220,,N.A.,8/1/2012,8/1/2012,"Dup field prgrm, fill down series error?",,3,
SEGMENT TZ FIELD CAMPAIGN 2068,SEGMENT TZ FIELD CAMPAIGN 2012,3220,,N.A.,8/1/2012,8/1/2012,"Dup field prgrm, fill down series error?",,3,
SEGMENT TZ FIELD CAMPAIGN 2069,SEGMENT TZ FIELD CAMPAIGN 2012,3220,,N.A.,8/1/2012,8/1/2012,"Dup field prgrm, fill down series error?",,3,
SEGMENT TZ FIELD CAMPAIGN 2070,SEGMENT TZ FIELD CAMPAIGN 2012,3220,,N.A.,8/1/2012,8/1/2012,"Dup field prgrm, fill down series error?",,3,
SEGMENT TZ FIELD CAMPAIGN 2071,SEGMENT TZ FIELD CAMPAIGN 2012,3220,,N.A.,8/1/2012,8/1/2012,"Dup field prgrm, fill down series error?",,3,
SEGMENT TZ FIELD CAMPAIGN 2072,SEGMENT TZ FIELD CAMPAIGN 2012,3220,,N.A.,8/1/2012,8/1/2012,"Dup field prgrm, fill down series error?",,3,
SEGMENT TZ FIELD CAMPAIGN 2073,SEGMENT TZ FIELD CAMPAIGN 2012,3220,,N.A.,8/1/2012,8/1/2012,"Dup field prgrm, fill down series error?",,3,
SEGMENT TZ FIELD CAMPAIGN 2074,SEGMENT TZ FIELD CAMPAIGN 2012,3220,,N.A.,8/1/2012,8/1/2012,"Dup field prgrm, fill down series error?",,3,
SEGMENT TZ FIELD CAMPAIGN 2075,SEGMENT TZ FIELD CAMPAIGN 2012,3220,,N.A.,8/1/2012,8/1/2012,"Dup field prgrm, fill down series error?",,3,
SEGMENT TZ FIELD CAMPAIGN 2076,SEGMENT TZ FIELD CAMPAIGN 2012,3220,,N.A.,8/1/2012,8/1/2012,"Dup field prgrm, fill down series error?",,3,
SEGMENT TZ FIELD CAMPAIGN 2077,SEGMENT TZ FIELD CAMPAIGN 2012,3220,,N.A.,8/1/2012,8/1/2012,"Dup field prgrm, fill down series error?",,3,
SEGMENT TZ FIELD CAMPAIGN 2078,SEGMENT TZ FIELD CAMPAIGN 2012,3220,,N.A.,8/1/2012,8/1/2012,"Dup field prgrm, fill down series error?",,3,
SEGMENT TZ FIELD CAMPAIGN 2079,SEGMENT TZ FIELD CAMPAIGN 2012,3220,,N.A.,8/1/2012,8/1/2012,"Dup field prgrm, fill down series error?",,3,
SEGMENT TZ FIELD CAMPAIGN 2080,SEGMENT TZ FIELD CAMPAIGN 2012,3220,,N.A.,8/1/2012,8/1/2012,"Dup field prgrm, fill down series error?",,3,
SEGMENT TZ FIELD CAMPAIGN 2081,SEGMENT TZ FIELD CAMPAIGN 2012,3220,,N.A.,8/1/2012,8/1/2012,"Dup field prgrm, fill down series error?",,3,
SEGMENT TZ FIELD CAMPAIGN 2082,SEGMENT TZ FIELD CAMPAIGN 2012,3220,,N.A.,8/1/2012,8/1/2012,"Dup field prgrm, fill down series error?",,3,
SEGMENT TZ FIELD CAMPAIGN 2083,SEGMENT TZ FIELD CAMPAIGN 2012,3220,,N.A.,8/1/2012,8/1/2012,"Dup field prgrm, fill down series error?",,3,
SEGMENT TZ FIELD CAMPAIGN 2084,SEGMENT TZ FIELD CAMPAIGN 2012,3220,,N.A.,8/1/2012,8/1/2012,"Dup field prgrm, fill down series error?",,3,
SEGMENT TZ FIELD CAMPAIGN 2085,SEGMENT TZ FIELD CAMPAIGN 2012,3220,,N.A.,8/1/2012,8/1/2012,"Dup field prgrm, fill down series error?",,3,
SEGMENT TZ FIELD CAMPAIGN 2086,SEGMENT TZ FIELD CAMPAIGN 2012,3220,,N.A.,8/1/2012,8/1/2012,"Dup field prgrm, fill down series error?",,3,
SEGMENT TZ FIELD CAMPAIGN 2087,SEGMENT TZ FIELD CAMPAIGN 2012,3220,,N.A.,8/1/2012,8/1/2012,"Dup field prgrm, fill down series error?",,3,
SEGMENT TZ FIELD CAMPAIGN 2088,SEGMENT TZ FIELD CAMPAIGN 2012,3220,,N.A.,8/1/2012,8/1/2012,"Dup field prgrm, fill down series error?",,3,
SEGMENT TZ FIELD CAMPAIGN 2089,SEGMENT TZ FIELD CAMPAIGN 2012,3220,,N.A.,8/1/2012,8/1/2012,"Dup field prgrm, fill down series error?",,3,
SEGMENT TZ FIELD CAMPAIGN 2090,SEGMENT TZ FIELD CAMPAIGN 2012,3220,,N.A.,8/1/2012,8/1/2012,"Dup field prgrm, fill down series error?",,3,
SEGMENT TZ FIELD CAMPAIGN 2091,SEGMENT TZ FIELD CAMPAIGN 2012,3220,,N.A.,8/1/2012,8/1/2012,"Dup field prgrm, fill down series error?",,3,
SEGMENT TZ FIELD CAMPAIGN 2092,SEGMENT TZ FIELD CAMPAIGN 2012,3220,,N.A.,8/18/2012,8/18/2012,"Dup field prgrm, fill down series error?",,3,
SEGMENT TZ FIELD CAMPAIGN 2093,SEGMENT TZ FIELD CAMPAIGN 2012,3220,,N.A.,8/18/2012,8/18/2012,"Dup field prgrm, fill down series error?",,3,
SEGMENT TZ FIELD CAMPAIGN 2094,SEGMENT TZ FIELD CAMPAIGN 2012,3220,,N.A.,8/18/2012,8/18/2012,"Dup field prgrm, fill down series error?",,3,
SEGMENT TZ FIELD CAMPAIGN 2095,SEGMENT TZ FIELD CAMPAIGN 2012,3220,,N.A.,8/18/2012,8/18/2012,"Dup field prgrm, fill down series error?",,3,
SEGMENT TZ FIELD CAMPAIGN 2096,SEGMENT TZ FIELD CAMPAIGN 2012,3220,,N.A.,8/18/2012,8/18/2012,"Dup field prgrm, fill down series error?",,3,
SEGMENT TZ FIELD CAMPAIGN 2097,SEGMENT TZ FIELD CAMPAIGN 2012,3220,,N.A.,8/18/2012,8/18/2012,"Dup field prgrm, fill down series error?",,3,
SEGMENT TZ FIELD CAMPAIGN 2098,SEGMENT TZ FIELD CAMPAIGN 2012,3220,,N.A.,8/18/2012,8/18/2012,"Dup field prgrm, fill down series error?",,3,
SEGMENT TZ FIELD CAMPAIGN 2099,SEGMENT TZ FIELD CAMPAIGN 2012,3220,,N.A.,8/18/2012,8/18/2012,"Dup field prgrm, fill down series error?",,3,
SEGMENT TZ FIELD CAMPAIGN 2100,SEGMENT TZ FIELD CAMPAIGN 2012,3220,,N.A.,8/18/2012,8/18/2012,"Dup field prgrm, fill down series error?",,3,
SEGMENT TZ FIELD CAMPAIGN 2101,SEGMENT TZ FIELD CAMPAIGN 2012,3220,,N.A.,8/18/2012,8/18/2012,"Dup field prgrm, fill down series error?",,3,
SEGMENT TZ FIELD CAMPAIGN 2102,SEGMENT TZ FIELD CAMPAIGN 2012,3220,,N.A.,8/18/2012,8/18/2012,"Dup field prgrm, fill down series error?",,3,
SEGMENT TZ FIELD CAMPAIGN 2103,SEGMENT TZ FIELD CAMPAIGN 2012,3220,,N.A.,8/18/2012,8/18/2012,"Dup field prgrm, fill down series error?",,3,
SEGMENT TZ FIELD CAMPAIGN 2104,SEGMENT TZ FIELD CAMPAIGN 2012,3220,,N.A.,8/18/2012,8/18/2012,"Dup field prgrm, fill down series error?",,3,
SEGMENT TZ FIELD CAMPAIGN 2105,SEGMENT TZ FIELD CAMPAIGN 2012,3220,,N.A.,8/18/2012,8/18/2012,"Dup field prgrm, fill down series error?",,3,
SEGMENT TZ FIELD CAMPAIGN 2106,SEGMENT TZ FIELD CAMPAIGN 2012,3220,,N.A.,8/18/2012,8/18/2012,"Dup field prgrm, fill down series error?",,3,
SEGMENT TZ FIELD CAMPAIGN 2107,SEGMENT TZ FIELD CAMPAIGN 2012,3220,,N.A.,8/18/2012,8/18/2012,"Dup field prgrm, fill down series error?",,3,
SEGMENT TZ FIELD CAMPAIGN 2108,SEGMENT TZ FIELD CAMPAIGN 2012,3220,,N.A.,8/18/2012,8/18/2012,"Dup field prgrm, fill down series error?",,3,
SEGMENT TZ FIELD CAMPAIGN 2109,SEGMENT TZ FIELD CAMPAIGN 2012,3220,,N.A.,8/18/2012,8/18/2012,"Dup field prgrm, fill down series error?",,3,
SEGMENT TZ FIELD CAMPAIGN 2110,SEGMENT TZ FIELD CAMPAIGN 2012,3220,,N.A.,8/18/2012,8/18/2012,"Dup field prgrm, fill down series error?",,3,
SEGMENT TZ FIELD CAMPAIGN 2111,SEGMENT TZ FIELD CAMPAIGN 2012,3220,,N.A.,8/18/2012,8/18/2012,"Dup field prgrm, fill down series error?",,3,
SEGMENT TZ FIELD CAMPAIGN 2112,SEGMENT TZ FIELD CAMPAIGN 2012,3220,,N.A.,8/18/2012,8/18/2012,"Dup field prgrm, fill down series error?",,3,
SEGMENT TZ FIELD CAMPAIGN 2113,SEGMENT TZ FIELD CAMPAIGN 2012,3220,,N.A.,8/3/2012,8/3/2012,"Dup field prgrm, fill down series error?",,3,
SEGMENT TZ FIELD CAMPAIGN 2114,SEGMENT TZ FIELD CAMPAIGN 2012,3220,,N.A.,8/3/2012,8/3/2012,"Dup field prgrm, fill down series error?",,3,
SEGMENT TZ FIELD CAMPAIGN 2115,SEGMENT TZ FIELD CAMPAIGN 2012,3220,,N.A.,8/3/2012,8/3/2012,"Dup field prgrm, fill down series error?",,3,
SEGMENT TZ FIELD CAMPAIGN 2116,SEGMENT TZ FIELD CAMPAIGN 2012,3220,,N.A.,8/3/2012,8/3/2012,"Dup field prgrm, fill down series error?",,3,
SEGMENT TZ FIELD CAMPAIGN 2117,SEGMENT TZ FIELD CAMPAIGN 2012,3220,,N.A.,8/3/2012,8/3/2012,"Dup field prgrm, fill down series error?",,3,
SEGMENT TZ FIELD CAMPAIGN 2118,SEGMENT TZ FIELD CAMPAIGN 2012,3220,,N.A.,8/3/2012,8/3/2012,"Dup field prgrm, fill down series error?",,3,
SEGMENT TZ FIELD CAMPAIGN 2119,SEGMENT TZ FIELD CAMPAIGN 2012,3220,,N.A.,8/3/2012,8/3/2012,"Dup field prgrm, fill down series error?",,3,
SEGMENT TZ FIELD CAMPAIGN 2120,SEGMENT TZ FIELD CAMPAIGN 2012,3220,,N.A.,8/3/2012,8/3/2012,"Dup field prgrm, fill down series error?",,3,
SEGMENT TZ FIELD CAMPAIGN 2121,SEGMENT TZ FIELD CAMPAIGN 2012,3220,,N.A.,8/3/2012,8/3/2012,"Dup field prgrm, fill down series error?",,3,
SEGMENT TZ FIELD CAMPAIGN 2122,SEGMENT TZ FIELD CAMPAIGN 2012,3220,,N.A.,8/3/2012,8/3/2012,"Dup field prgrm, fill down series error?",,3,
SEGMENT TZ FIELD CAMPAIGN 2123,SEGMENT TZ FIELD CAMPAIGN 2012,3220,,N.A.,8/3/2012,8/3/2012,"Dup field prgrm, fill down series error?",,3,
SEGMENT TZ FIELD CAMPAIGN 2124,SEGMENT TZ FIELD CAMPAIGN 2012,3220,,N.A.,8/3/2012,8/3/2012,"Dup field prgrm, fill down series error?",,3,
SEGMENT TZ FIELD CAMPAIGN 2125,SEGMENT TZ FIELD CAMPAIGN 2012,3220,,N.A.,8/3/2012,8/3/2012,"Dup field prgrm, fill down series error?",,3,
SEGMENT TZ FIELD CAMPAIGN 2126,SEGMENT TZ FIELD CAMPAIGN 2012,3220,,N.A.,8/3/2012,8/3/2012,"Dup field prgrm, fill down series error?",,3,
SEGMENT TZ FIELD CAMPAIGN 2127,SEGMENT TZ FIELD CAMPAIGN 2012,3220,,N.A.,8/3/2012,8/3/2012,"Dup field prgrm, fill down series error?",,3,
SEGMENT TZ FIELD CAMPAIGN 2128,SEGMENT TZ FIELD CAMPAIGN 2012,3220,,N.A.,8/3/2012,8/3/2012,"Dup field prgrm, fill down series error?",,3,
SEGMENT TZ FIELD CAMPAIGN 2129,SEGMENT TZ FIELD CAMPAIGN 2012,3220,,N.A.,8/3/2012,8/3/2012,"Dup field prgrm, fill down series error?",,3,
SEGMENT TZ FIELD CAMPAIGN 2130,SEGMENT TZ FIELD CAMPAIGN 2012,3220,,N.A.,8/3/2012,8/3/2012,"Dup field prgrm, fill down series error?",,3,
SEGMENT TZ FIELD CAMPAIGN 2131,SEGMENT TZ FIELD CAMPAIGN 2012,3220,,N.A.,8/3/2012,8/3/2012,"Dup field prgrm, fill down series error?",,3,
SEGMENT TZ FIELD CAMPAIGN 2132,SEGMENT TZ FIELD CAMPAIGN 2012,3220,,N.A.,8/3/2012,8/3/2012,"Dup field prgrm, fill down series error?",,3,
SEGMENT TZ FIELD CAMPAIGN 2133,SEGMENT TZ FIELD CAMPAIGN 2012,3220,,N.A.,8/3/2012,8/3/2012,"Dup field prgrm, fill down series error?",,3,
SEGMENT TZ FIELD CAMPAIGN 2134,SEGMENT TZ FIELD CAMPAIGN 2012,3220,,N.A.,8/7/2012,8/7/2012,"Dup field prgrm, fill down series error?",,3,
SEGMENT TZ FIELD CAMPAIGN 2135,SEGMENT TZ FIELD CAMPAIGN 2012,3220,,N.A.,8/7/2012,8/7/2012,"Dup field prgrm, fill down series error?",,3,
SEGMENT TZ FIELD CAMPAIGN 2136,SEGMENT TZ FIELD CAMPAIGN 2012,3220,,N.A.,8/7/2012,8/7/2012,"Dup field prgrm, fill down series error?",,3,
SEGMENT TZ FIELD CAMPAIGN 2137,SEGMENT TZ FIELD CAMPAIGN 2012,3220,,N.A.,8/7/2012,8/7/2012,"Dup field prgrm, fill down series error?",,3,
SEGMENT TZ FIELD CAMPAIGN 2138,SEGMENT TZ FIELD CAMPAIGN 2012,3220,,N.A.,8/7/2012,8/7/2012,"Dup field prgrm, fill down series error?",,3,
SEGMENT TZ FIELD CAMPAIGN 2139,SEGMENT TZ FIELD CAMPAIGN 2012,3220,,N.A.,8/7/2012,8/7/2012,"Dup field prgrm, fill down series error?",,3,
SEGMENT TZ FIELD CAMPAIGN 2140,SEGMENT TZ FIELD CAMPAIGN 2012,3220,,N.A.,8/7/2012,8/7/2012,"Dup field prgrm, fill down series error?",,3,
SEGMENT TZ FIELD CAMPAIGN 2141,SEGMENT TZ FIELD CAMPAIGN 2012,3220,,N.A.,8/7/2012,8/7/2012,"Dup field prgrm, fill down series error?",,3,
SEGMENT TZ FIELD CAMPAIGN 2142,SEGMENT TZ FIELD CAMPAIGN 2012,3220,,N.A.,8/7/2012,8/7/2012,"Dup field prgrm, fill down series error?",,3,
SEGMENT TZ FIELD CAMPAIGN 2143,SEGMENT TZ FIELD CAMPAIGN 2012,3220,,N.A.,8/7/2012,8/7/2012,"Dup field prgrm, fill down series error?",,3,
SEGMENT TZ FIELD CAMPAIGN 2144,SEGMENT TZ FIELD CAMPAIGN 2012,3220,,N.A.,8/7/2012,8/7/2012,"Dup field prgrm, fill down series error?",,3,
SEGMENT TZ FIELD CAMPAIGN 2145,SEGMENT TZ FIELD CAMPAIGN 2012,3220,,N.A.,8/7/2012,8/7/2012,"Dup field prgrm, fill down series error?",,3,
SEGMENT TZ FIELD CAMPAIGN 2146,SEGMENT TZ FIELD CAMPAIGN 2012,3220,,N.A.,8/7/2012,8/7/2012,"Dup field prgrm, fill down series error?",,3,
SEGMENT TZ FIELD CAMPAIGN 2147,SEGMENT TZ FIELD CAMPAIGN 2012,3220,,N.A.,8/7/2012,8/7/2012,"Dup field prgrm, fill down series error?",,3,
SEGMENT TZ FIELD CAMPAIGN 2148,SEGMENT TZ FIELD CAMPAIGN 2012,3220,,N.A.,8/7/2012,8/7/2012,"Dup field prgrm, fill down series error?",,3,
SEGMENT TZ FIELD CAMPAIGN 2149,SEGMENT TZ FIELD CAMPAIGN 2012,3220,,N.A.,8/7/2012,8/7/2012,"Dup field prgrm, fill down series error?",,3,
SEGMENT TZ FIELD CAMPAIGN 2150,SEGMENT TZ FIELD CAMPAIGN 2012,3220,,N.A.,8/7/2012,8/7/2012,"Dup field prgrm, fill down series error?",,3,
SEGMENT TZ FIELD CAMPAIGN 2151,SEGMENT TZ FIELD CAMPAIGN 2012,3220,,N.A.,8/7/2012,8/7/2012,"Dup field prgrm, fill down series error?",,3,
SEGMENT TZ FIELD CAMPAIGN 2152,SEGMENT TZ FIELD CAMPAIGN 2012,3220,,N.A.,8/7/2012,8/7/2012,"Dup field prgrm, fill down series error?",,3,
SEGMENT TZ FIELD CAMPAIGN 2153,SEGMENT TZ FIELD CAMPAIGN 2012,3220,,N.A.,8/7/2012,8/7/2012,"Dup field prgrm, fill down series error?",,3,
SEGMENT TZ FIELD CAMPAIGN 2154,SEGMENT TZ FIELD CAMPAIGN 2012,3220,,N.A.,8/10/2012,8/10/2012,"Dup field prgrm, fill down series error?",,3,
SEGMENT TZ FIELD CAMPAIGN 2155,SEGMENT TZ FIELD CAMPAIGN 2012,3220,,N.A.,8/10/2012,8/10/2012,"Dup field prgrm, fill down series error?",,3,
SEGMENT TZ FIELD CAMPAIGN 2156,SEGMENT TZ FIELD CAMPAIGN 2012,3220,,N.A.,8/10/2012,8/10/2012,"Dup field prgrm, fill down series error?",,3,
SEGMENT TZ FIELD CAMPAIGN 2157,SEGMENT TZ FIELD CAMPAIGN 2012,3220,,N.A.,8/10/2012,8/10/2012,"Dup field prgrm, fill down series error?",,3,
SEGMENT TZ FIELD CAMPAIGN 2158,SEGMENT TZ FIELD CAMPAIGN 2012,3220,,N.A.,8/10/2012,8/10/2012,"Dup field prgrm, fill down series error?",,3,
SEGMENT TZ FIELD CAMPAIGN 2159,SEGMENT TZ FIELD CAMPAIGN 2012,3220,,N.A.,8/10/2012,8/10/2012,"Dup field prgrm, fill down series error?",,3,
SEGMENT TZ FIELD CAMPAIGN 2160,SEGMENT TZ FIELD CAMPAIGN 2012,3220,,N.A.,8/10/2012,8/10/2012,"Dup field prgrm, fill down series error?",,3,
SEGMENT TZ FIELD CAMPAIGN 2161,SEGMENT TZ FIELD CAMPAIGN 2012,3220,,N.A.,8/10/2012,8/10/2012,"Dup field prgrm, fill down series error?",,3,
SEGMENT TZ FIELD CAMPAIGN 2162,SEGMENT TZ FIELD CAMPAIGN 2012,3220,,N.A.,8/10/2012,8/10/2012,"Dup field prgrm, fill down series error?",,3,
SEGMENT TZ FIELD CAMPAIGN 2163,SEGMENT TZ FIELD CAMPAIGN 2012,3220,,N.A.,8/10/2012,8/10/2012,"Dup field prgrm, fill down series error?",,3,
SEGMENT TZ FIELD CAMPAIGN 2164,SEGMENT TZ FIELD CAMPAIGN 2012,3220,,N.A.,8/10/2012,8/10/2012,"Dup field prgrm, fill down series error?",,3,
SEGMENT TZ FIELD CAMPAIGN 2165,SEGMENT TZ FIELD CAMPAIGN 2012,3220,,N.A.,8/10/2012,8/10/2012,"Dup field prgrm, fill down series error?",,3,
SEGMENT TZ FIELD CAMPAIGN 2166,SEGMENT TZ FIELD CAMPAIGN 2012,3220,,N.A.,8/10/2012,8/10/2012,"Dup field prgrm, fill down series error?",,3,
SEGMENT TZ FIELD CAMPAIGN 2167,SEGMENT TZ FIELD CAMPAIGN 2012,3220,,N.A.,8/10/2012,8/10/2012,"Dup field prgrm, fill down series error?",,3,
SEGMENT TZ FIELD CAMPAIGN 2168,SEGMENT TZ FIELD CAMPAIGN 2012,3220,,N.A.,8/10/2012,8/10/2012,"Dup field prgrm, fill down series error?",,3,
SEGMENT TZ FIELD CAMPAIGN 2169,SEGMENT TZ FIELD CAMPAIGN 2012,3220,,N.A.,8/10/2012,8/10/2012,"Dup field prgrm, fill down series error?",,3,
SEGMENT TZ FIELD CAMPAIGN 2170,SEGMENT TZ FIELD CAMPAIGN 2012,3220,,N.A.,8/10/2012,8/10/2012,"Dup field prgrm, fill down series error?",,3,
SEGMENT TZ FIELD CAMPAIGN 2171,SEGMENT TZ FIELD CAMPAIGN 2012,3220,,N.A.,8/10/2012,8/10/2012,"Dup field prgrm, fill down series error?",,3,
SEGMENT TZ FIELD CAMPAIGN 2172,SEGMENT TZ FIELD CAMPAIGN 2012,3220,,N.A.,8/10/2012,8/10/2012,"Dup field prgrm, fill down series error?",,3,
SEGMENT TZ FIELD CAMPAIGN 2173,SEGMENT TZ FIELD CAMPAIGN 2012,3220,,N.A.,8/10/2012,8/10/2012,"Dup field prgrm, fill down series error?",,3,
SEGMENT TZ FIELD CAMPAIGN 2174,SEGMENT TZ FIELD CAMPAIGN 2012,3220,,N.A.,8/19/2012,8/19/2012,"Dup field prgrm, fill down series error?",,3,
SEGMENT TZ FIELD CAMPAIGN 2175,SEGMENT TZ FIELD CAMPAIGN 2012,3220,,N.A.,8/19/2012,8/19/2012,"Dup field prgrm, fill down series error?",,3,
SEGMENT TZ FIELD CAMPAIGN 2176,SEGMENT TZ FIELD CAMPAIGN 2012,3220,,N.A.,8/19/2012,8/19/2012,"Dup field prgrm, fill down series error?",,3,
SEGMENT TZ FIELD CAMPAIGN 2177,SEGMENT TZ FIELD CAMPAIGN 2012,3220,,N.A.,8/19/2012,8/19/2012,"Dup field prgrm, fill down series error?",,3,
SEGMENT TZ FIELD CAMPAIGN 2178,SEGMENT TZ FIELD CAMPAIGN 2012,3220,,N.A.,8/19/2012,8/19/2012,"Dup field prgrm, fill down series error?",,3,
SEGMENT TZ FIELD CAMPAIGN 2179,SEGMENT TZ FIELD CAMPAIGN 2012,3220,,N.A.,8/19/2012,8/19/2012,"Dup field prgrm, fill down series error?",,3,
SEGMENT TZ FIELD CAMPAIGN 2180,SEGMENT TZ FIELD CAMPAIGN 2012,3220,,N.A.,8/19/2012,8/19/2012,"Dup field prgrm, fill down series error?",,3,
SEGMENT TZ FIELD CAMPAIGN 2181,SEGMENT TZ FIELD CAMPAIGN 2012,3220,,N.A.,8/19/2012,8/19/2012,"Dup field prgrm, fill down series error?",,3,
SEGMENT TZ FIELD CAMPAIGN 2182,SEGMENT TZ FIELD CAMPAIGN 2012,3220,,N.A.,8/19/2012,8/19/2012,"Dup field prgrm, fill down series error?",,3,
SEGMENT TZ FIELD CAMPAIGN 2183,SEGMENT TZ FIELD CAMPAIGN 2012,3220,,N.A.,8/19/2012,8/19/2012,"Dup field prgrm, fill down series error?",,3,
SEGMENT TZ FIELD CAMPAIGN 2184,SEGMENT TZ FIELD CAMPAIGN 2012,3220,,N.A.,8/19/2012,8/19/2012,"Dup field prgrm, fill down series error?",,3,
SEGMENT TZ FIELD CAMPAIGN 2185,SEGMENT TZ FIELD CAMPAIGN 2012,3220,,N.A.,8/19/2012,8/19/2012,"Dup field prgrm, fill down series error?",,3,
SEGMENT TZ FIELD CAMPAIGN 2186,SEGMENT TZ FIELD CAMPAIGN 2012,3220,,N.A.,8/19/2012,8/19/2012,"Dup field prgrm, fill down series error?",,3,
SEGMENT TZ FIELD CAMPAIGN 2187,SEGMENT TZ FIELD CAMPAIGN 2012,3220,,N.A.,8/19/2012,8/19/2012,"Dup field prgrm, fill down series error?",,3,
SEGMENT TZ FIELD CAMPAIGN 2188,SEGMENT TZ FIELD CAMPAIGN 2012,3220,,N.A.,8/19/2012,8/19/2012,"Dup field prgrm, fill down series error?",,3,
SEGMENT TZ FIELD CAMPAIGN 2189,SEGMENT TZ FIELD CAMPAIGN 2012,3220,,N.A.,8/19/2012,8/19/2012,"Dup field prgrm, fill down series error?",,3,
SEGMENT TZ FIELD CAMPAIGN 2190,SEGMENT TZ FIELD CAMPAIGN 2012,3220,,N.A.,8/19/2012,8/19/2012,"Dup field prgrm, fill down series error?",,3,
SEGMENT TZ FIELD CAMPAIGN 2191,SEGMENT TZ FIELD CAMPAIGN 2012,3220,,N.A.,8/19/2012,8/19/2012,"Dup field prgrm, fill down series error?",,3,
SEGMENT TZ FIELD CAMPAIGN 2192,SEGMENT TZ FIELD CAMPAIGN 2012,3220,,N.A.,8/19/2012,8/19/2012,"Dup field prgrm, fill down series error?",,3,
SEGMENT TZ FIELD CAMPAIGN 2193,SEGMENT TZ FIELD CAMPAIGN 2012,3220,,N.A.,8/19/2012,8/19/2012,"Dup field prgrm, fill down series error?",,3,
SEGMENT TZ FIELD CAMPAIGN 2194,SEGMENT TZ FIELD CAMPAIGN 2012,3220,,N.A.,8/19/2012,8/19/2012,"Dup field prgrm, fill down series error?",,3,
SEGMENT TZ FIELD CAMPAIGN 2195,SEGMENT TZ FIELD CAMPAIGN 2012,3220,,N.A.,8/19/2012,8/19/2012,"Dup field prgrm, fill down series error?",,3,
SEGMENT TZ FIELD CAMPAIGN 2196,SEGMENT TZ FIELD CAMPAIGN 2012,3220,,N.A.,8/19/2012,8/19/2012,"Dup field prgrm, fill down series error?",,3,
SEGMENT TZ FIELD CAMPAIGN 2197,SEGMENT TZ FIELD CAMPAIGN 2012,3220,,N.A.,8/19/2012,8/19/2012,"Dup field prgrm, fill down series error?",,3,
SEGMENT TZ FIELD CAMPAIGN 2198,SEGMENT TZ FIELD CAMPAIGN 2012,3220,,N.A.,8/19/2012,8/19/2012,"Dup field prgrm, fill down series error?",,3,
SEGMENT TZ FIELD CAMPAIGN 2199,SEGMENT TZ FIELD CAMPAIGN 2012,3220,,N.A.,8/19/2012,8/19/2012,"Dup field prgrm, fill down series error?",,3,
SEGMENT TZ FIELD CAMPAIGN 2200,SEGMENT TZ FIELD CAMPAIGN 2012,3220,,N.A.,8/19/2012,8/19/2012,"Dup field prgrm, fill down series error?",,3,
SEGMENT TZ FIELD CAMPAIGN 2201,SEGMENT TZ FIELD CAMPAIGN 2012,3220,,N.A.,8/19/2012,8/19/2012,"Dup field prgrm, fill down series error?",,3,
SEGMENT TZ FIELD CAMPAIGN 2202,SEGMENT TZ FIELD CAMPAIGN 2012,3220,,N.A.,8/19/2012,8/19/2012,"Dup field prgrm, fill down series error?",,3,
SEGMENT TZ FIELD CAMPAIGN 2203,SEGMENT TZ FIELD CAMPAIGN 2012,3220,,N.A.,8/19/2012,8/19/2012,"Dup field prgrm, fill down series error?",,3,
SEGMENT TZ FIELD CAMPAIGN 2204,SEGMENT TZ FIELD CAMPAIGN 2012,3220,,N.A.,8/19/2012,8/19/2012,"Dup field prgrm, fill down series error?",,3,
SEGMENT TZ FIELD CAMPAIGN 2205,SEGMENT TZ FIELD CAMPAIGN 2012,3220,,N.A.,8/19/2012,8/19/2012,"Dup field prgrm, fill down series error?",,3,
SEGMENT TZ FIELD CAMPAIGN 2206,SEGMENT TZ FIELD CAMPAIGN 2012,3220,,N.A.,8/19/2012,8/19/2012,"Dup field prgrm, fill down series error?",,3,
SEGMENT TZ FIELD CAMPAIGN 2207,SEGMENT TZ FIELD CAMPAIGN 2012,3220,,N.A.,8/19/2012,8/19/2012,"Dup field prgrm, fill down series error?",,3,
SEGMENT TZ FIELD CAMPAIGN 2208,SEGMENT TZ FIELD CAMPAIGN 2012,3220,,N.A.,8/19/2012,8/19/2012,"Dup field prgrm, fill down series error?",,3,
SEGMENT TZ FIELD CAMPAIGN 2209,SEGMENT TZ FIELD CAMPAIGN 2012,3220,,N.A.,8/19/2012,8/19/2012,"Dup field prgrm, fill down series error?",,3,
SEGMENT TZ FIELD CAMPAIGN 2210,SEGMENT TZ FIELD CAMPAIGN 2012,3220,,N.A.,8/19/2012,8/19/2012,"Dup field prgrm, fill down series error?",,3,
SEGMENT TZ FIELD CAMPAIGN 2211,SEGMENT TZ FIELD CAMPAIGN 2012,3220,,N.A.,8/19/2012,8/19/2012,"Dup field prgrm, fill down series error?",,3,
SEGMENT TZ FIELD CAMPAIGN 2212,SEGMENT TZ FIELD CAMPAIGN 2012,3220,,N.A.,8/19/2012,8/19/2012,"Dup field prgrm, fill down series error?",,3,
SEGMENT TZ FIELD CAMPAIGN 2213,SEGMENT TZ FIELD CAMPAIGN 2012,3220,,N.A.,8/19/2012,8/19/2012,"Dup field prgrm, fill down series error?",,3,
SEGMENT TZ FIELD CAMPAIGN 2214,SEGMENT TZ FIELD CAMPAIGN 2012,3220,,N.A.,8/19/2012,8/19/2012,"Dup field prgrm, fill down series error?",,3,
SEGMENT TZ FIELD CAMPAIGN 2215,SEGMENT TZ FIELD CAMPAIGN 2012,3220,,N.A.,8/19/2012,8/19/2012,"Dup field prgrm, fill down series error?",,3,
SEGMENT TZ FIELD CAMPAIGN 2216,SEGMENT TZ FIELD CAMPAIGN 2012,3220,,N.A.,8/19/2012,8/19/2012,"Dup field prgrm, fill down series error?",,3,
SEGMENT TZ FIELD CAMPAIGN 2217,SEGMENT TZ FIELD CAMPAIGN 2012,3220,,N.A.,8/19/2012,8/19/2012,"Dup field prgrm, fill down series error?",,3,
SEGMENT TZ FIELD CAMPAIGN 2218,SEGMENT TZ FIELD CAMPAIGN 2012,3220,,N.A.,8/19/2012,8/19/2012,"Dup field prgrm, fill down series error?",,3,
SEGMENT TZ FIELD CAMPAIGN 2219,SEGMENT TZ FIELD CAMPAIGN 2012,3220,,N.A.,8/19/2012,8/19/2012,"Dup field prgrm, fill down series error?",,3,
SEGMENT TZ FIELD CAMPAIGN 2220,SEGMENT TZ FIELD CAMPAIGN 2012,3220,,N.A.,8/19/2012,8/19/2012,"Dup field prgrm, fill down series error?",,3,
SEGMENT TZ FIELD CAMPAIGN 2221,SEGMENT TZ FIELD CAMPAIGN 2012,3220,,N.A.,8/19/2012,8/19/2012,"Dup field prgrm, fill down series error?",,3,
SEGMENT TZ FIELD CAMPAIGN 2222,SEGMENT TZ FIELD CAMPAIGN 2012,3220,,N.A.,8/19/2012,8/19/2012,"Dup field prgrm, fill down series error?",,3,
SEGMENT TZ FIELD CAMPAIGN 2223,SEGMENT TZ FIELD CAMPAIGN 2012,3220,,N.A.,8/19/2012,8/19/2012,"Dup field prgrm, fill down series error?",,3,
SEGMENT TZ FIELD CAMPAIGN 2224,SEGMENT TZ FIELD CAMPAIGN 2012,3220,,N.A.,8/19/2012,8/19/2012,"Dup field prgrm, fill down series error?",,3,
SEGMENT TZ FIELD CAMPAIGN 2225,SEGMENT TZ FIELD CAMPAIGN 2012,3220,,N.A.,8/19/2012,8/19/2012,"Dup field prgrm, fill down series error?",,3,
SEGMENT TZ FIELD CAMPAIGN 2226,SEGMENT TZ FIELD CAMPAIGN 2012,3220,,N.A.,8/19/2012,8/19/2012,"Dup field prgrm, fill down series error?",,3,
SEGMENT TZ FIELD CAMPAIGN 2227,SEGMENT TZ FIELD CAMPAIGN 2012,3220,,N.A.,8/19/2012,8/19/2012,"Dup field prgrm, fill down series error?",,3,
SEGMENT TZ FIELD CAMPAIGN 2228,SEGMENT TZ FIELD CAMPAIGN 2012,3220,,N.A.,8/19/2012,8/19/2012,"Dup field prgrm, fill down series error?",,3,
SEGMENT TZ FIELD CAMPAIGN 2229,SEGMENT TZ FIELD CAMPAIGN 2012,3220,,N.A.,8/19/2012,8/19/2012,"Dup field prgrm, fill down series error?",,3,
SEGMENT TZ FIELD CAMPAIGN 2230,SEGMENT TZ FIELD CAMPAIGN 2012,3220,,N.A.,8/19/2012,8/19/2012,"Dup field prgrm, fill down series error?",,3,
SEGMENT TZ FIELD CAMPAIGN 2231,SEGMENT TZ FIELD CAMPAIGN 2012,3220,,N.A.,8/19/2012,8/19/2012,"Dup field prgrm, fill down series error?",,3,
SEGMENT TZ FIELD CAMPAIGN 2232,SEGMENT TZ FIELD CAMPAIGN 2012,3220,,N.A.,8/19/2012,8/19/2012,"Dup field prgrm, fill down series error?",,3,
SEGMENT TZ FIELD CAMPAIGN 2233,SEGMENT TZ FIELD CAMPAIGN 2012,3220,,N.A.,8/19/2012,8/19/2012,"Dup field prgrm, fill down series error?",,3,
SEGMENT TZ FIELD CAMPAIGN 2234,SEGMENT TZ FIELD CAMPAIGN 2012,3220,,N.A.,8/19/2012,8/19/2012,"Dup field prgrm, fill down series error?",,3,
SEGMENT TZ FIELD CAMPAIGN 2235,SEGMENT TZ FIELD CAMPAIGN 2012,3220,,N.A.,8/19/2012,8/19/2012,"Dup field prgrm, fill down series error?",,3,
SEGMENT TZ FIELD CAMPAIGN 2236,SEGMENT TZ FIELD CAMPAIGN 2012,3220,,N.A.,8/20/2012,8/20/2012,"Dup field prgrm, fill down series error?",,3,
SEGMENT TZ FIELD CAMPAIGN 2237,SEGMENT TZ FIELD CAMPAIGN 2012,3220,,N.A.,8/20/2012,8/20/2012,"Dup field prgrm, fill down series error?",,3,
SEGMENT TZ FIELD CAMPAIGN 2238,SEGMENT TZ FIELD CAMPAIGN 2012,3220,,N.A.,8/20/2012,8/20/2012,"Dup field prgrm, fill down series error?",,3,
SEGMENT TZ FIELD CAMPAIGN 2239,SEGMENT TZ FIELD CAMPAIGN 2012,3220,,N.A.,8/20/2012,8/20/2012,"Dup field prgrm, fill down series error?",,3,
SEGMENT TZ FIELD CAMPAIGN 2240,SEGMENT TZ FIELD CAMPAIGN 2012,3220,,N.A.,8/20/2012,8/20/2012,"Dup field prgrm, fill down series error?",,3,
SEGMENT TZ FIELD CAMPAIGN 2241,SEGMENT TZ FIELD CAMPAIGN 2012,3220,,N.A.,8/20/2012,8/20/2012,"Dup field prgrm, fill down series error?",,3,
SEGMENT TZ FIELD CAMPAIGN 2242,SEGMENT TZ FIELD CAMPAIGN 2012,3220,,N.A.,8/20/2012,8/20/2012,"Dup field prgrm, fill down series error?",,3,
SEGMENT TZ FIELD CAMPAIGN 2243,SEGMENT TZ FIELD CAMPAIGN 2012,3220,,N.A.,8/20/2012,8/20/2012,"Dup field prgrm, fill down series error?",,3,
SEGMENT TZ FIELD CAMPAIGN 2244,SEGMENT TZ FIELD CAMPAIGN 2012,3220,,N.A.,8/20/2012,8/20/2012,"Dup field prgrm, fill down series error?",,3,
SEGMENT TZ FIELD CAMPAIGN 2245,SEGMENT TZ FIELD CAMPAIGN 2012,3220,,N.A.,8/20/2012,8/20/2012,"Dup field prgrm, fill down series error?",,3,
SEGMENT TZ FIELD CAMPAIGN 2246,SEGMENT TZ FIELD CAMPAIGN 2012,3220,,N.A.,8/20/2012,8/20/2012,"Dup field prgrm, fill down series error?",,3,
SEGMENT TZ FIELD CAMPAIGN 2247,SEGMENT TZ FIELD CAMPAIGN 2012,3220,,N.A.,8/20/2012,8/20/2012,"Dup field prgrm, fill down series error?",,3,
SEGMENT TZ FIELD CAMPAIGN 2248,SEGMENT TZ FIELD CAMPAIGN 2012,3220,,N.A.,8/20/2012,8/20/2012,"Dup field prgrm, fill down series error?",,3,
SEGMENT TZ FIELD CAMPAIGN 2249,SEGMENT TZ FIELD CAMPAIGN 2012,3220,,N.A.,8/20/2012,8/20/2012,"Dup field prgrm, fill down series error?",,3,
SEGMENT TZ FIELD CAMPAIGN 2250,SEGMENT TZ FIELD CAMPAIGN 2012,3220,,N.A.,8/20/2012,8/20/2012,"Dup field prgrm, fill down series error?",,3,
SEGMENT TZ FIELD CAMPAIGN 2251,SEGMENT TZ FIELD CAMPAIGN 2012,3220,,N.A.,8/20/2012,8/20/2012,"Dup field prgrm, fill down series error?",,3,
SEGMENT TZ FIELD CAMPAIGN 2252,SEGMENT TZ FIELD CAMPAIGN 2012,3220,,N.A.,8/20/2012,8/20/2012,"Dup field prgrm, fill down series error?",,3,
SEGMENT TZ FIELD CAMPAIGN 2253,SEGMENT TZ FIELD CAMPAIGN 2012,3220,,N.A.,8/20/2012,8/20/2012,"Dup field prgrm, fill down series error?",,3,
SEGMENT TZ FIELD CAMPAIGN 2254,SEGMENT TZ FIELD CAMPAIGN 2012,3220,,N.A.,8/20/2012,8/20/2012,"Dup field prgrm, fill down series error?",,3,
SEGMENT TZ FIELD CAMPAIGN 2255,SEGMENT TZ FIELD CAMPAIGN 2012,3220,,N.A.,8/20/2012,8/20/2012,"Dup field prgrm, fill down series error?",,3,
SELBY,SELBY,3221,,,3/23/2010,3/25/2010,,,,
Sells,Sells,3222,,,NULL,NULL,,,,
Serpentine cruise,Serpentine cruise,3223,Pourquoi Pas?,Pourquoi Pas,3/31/2007,3/31/2007,platform name uncertain,,7,
Severance,Severance,3224,,,10/4/2023,11/12/2023,,,,
SF96,SF96,3225,San Francisco Bay,San Francisco Bay,6/20/1996,6/21/1996,,,,
SFBS,SFBS,3226,RV Endeavor,R/V Endeavor,8/4/2014,8/12/2014,,,7,
LIS1803,LIS1803,2047,R/V Pritchard,R/V Donald Pritchard,8/20/2018,8/23/2018,,,7,
SGSL,SGSL,3228,,,12/30/2006,12/30/2006,,,,
SH97,SH97,3229,New York Bight,New York Bight,8/19/1997,8/19/1997,,,,
SH98,SH98,3230,New York Bight,New York Bight,12/2/1998,12/2/1998,,,,
SHAKE,SHAKE,3231,RV KRKII,RV KRKII,9/6/2015,9/10/2015,,,7,
SHANE,SHANE,3232,,,10/5/1972,7/21/1994,,,,
SHAP,SHAP,3233,,,5/31/1997,12/30/2005,,,,
SHCH,SHCH,3234,,,5/22/2016,5/24/2016,,,,
Ship,Ship,3235,,,7/19/2021,8/20/2022,,,,
SHL80,SHL80,3236,Sir Horace Lamb,Sir Horace Lamb,5/15/1963,6/5/1963,,,,
SHLKS,SHLKS,3237,,,6/14/2010,6/16/2010,,,,
SHOCO,SHOCO,3238,,,3/5/2018,3/5/2018,,,,
SHOW-H,SHOW-H,3239,Horizon,Horizon,6/3/1966,7/9/1966,,,,
SHRB,SHRB,3240,,,5/21/2010,5/21/2010,,,,
SHU,SHU,3241,,,12/30/1994,12/30/2003,,,,
Sierra Critical Zone Observatory (CZO),Sierra Critical Zone Observatory (CZO),3242,,N.A.,4/9/2016,6/23/2016,,,,
Sierra Negra Eruption,Sierra Negra Eruption,3243,,,12/31/2004,12/31/2004,,,,
Sihl - time series,Sihl - time series,3244,,,5/12/2014,2/28/2019,,,,
Silurian Strontium Database,Silurian Strontium Database,3245,,,NULL,NULL,,,,
SILV,SILV,3246,,,8/25/2009,12/30/2009,,,,
SIQR01WT,SIQR01WT,3247,T. Washington,R/V Thomas Washington,NULL,NULL,,,7,
SIQUEIROS,SIQUEIROS,3248,Thomas Washington,R/V Thomas Washington,NULL,NULL,,,7,
SIQUEIROS-DSII,SIQUEIROS-DSII,3249,Thomas Washington,R/V Thomas Washington,NULL,NULL,,,7,
SitS-NNA,SitS-NNA,3250,,,8/6/2022,8/7/2022,,,,
SKQ202211S,SKQ202211S,3251,Sikuliaq,Sikuliaq,8/3/2022,8/20/2022,,,,
SKQ202211S,SKQ202211S,3251,,,NULL,NULL,,,,
SLAC SFA,SLAC SFA,3252,,,5/13/2020,10/4/2022,,,,
SLAC-SFA,SLAC SFA,3252,,,6/12/2018,11/10/2019,,,,
SLAOC,SLAOC,3253,,,8/26/2013,8/26/2013,,,,
SLAPP,SLAPP,3254,,,1/6/2017,1/6/2017,,,,
Slave craton fieldwork ,Slave craton fieldwork ,3255,,N.A.,7/15/2016,7/15/2016,,,3,
SLH,SLH,3256,,,3/7/2014,3/7/2014,,,,
SLICE,SLICE,3257,,,1/20/2010,8/6/2010,,,,
SLR,SLR,3258,,,2/26/2016,2/26/2016,,,,
SMARTIES,SMARTIES,3259,POURQUOIPAS?,Pourquoi Pas,2/8/2019,12/8/2019,platform name uncertain,,7,
SMAST,SMAST,3260,,,6/21/2011,6/21/2011,,,,
SMC,SMC,3261,,,8/23/2011,8/25/2011,,,,
SMESA,SMESA,3262,,,12/30/2007,12/30/2007,,,,
Smithsonian Research Expedition 12,Smithsonian Research Expedition 12,3263,,,NULL,NULL,,,3,
Smithsonian Research Expedition 5,Smithsonian Research Expedition 5,3264,,,NULL,NULL,,,3,
Smithsonian Research Expedition 7,Smithsonian Research Expedition 7,3265,,,NULL,NULL,,,3,
Smithsonian Research Expedition 8,Smithsonian Research Expedition 8,3266,,,NULL,NULL,,,3,
Smithsonian Research Expedition 9,Smithsonian Research Expedition 9,3267,,,NULL,NULL,,,3,
SMN1,SMN1,3268,,,12/30/2006,12/30/2006,,,,
SMNT01WT,SMNT01WT,3269,T. Washington,R/V Thomas Washington,NULL,NULL,,,7,
SMOOTHSEAFLOOR,SMOOTHSEAFLOOR,3270,Marion Dufresne,R/V Marion Dufresne,10/9/2010,10/31/2010,,,7,
SMTH,SMTH,3271,,,9/22/2017,9/22/2017,,,,
SN09,SN09,3272,,,6/30/1905,12/31/2008,,,,
SNBE,SNBE,3273,,,8/5/2016,8/19/2016,,,,
SO135,SO135,3275,Sonne,R/V Sonne,8/31/1999,8/31/1999,,,7,
SO167,SO167,3276,Sonne,R/V Sonne,4/30/2002,4/30/2002,,,7,
SO229,SO229,3277,R/V Sonne,R/V Sonne,7/7/2013,7/10/2013,Vanuatu,,7,
SO-229 Vanuatu,SO229,3277,R/V Sonne,R/V Sonne,7/7/2013,7/7/2013,Vanuatu,,7,
SO249-1,SO249-1,3278,Sonne,R/V Sonne,NULL,NULL,,,7,
SO249-2,SO249-2,3279,Sonne,R/V Sonne,NULL,NULL,,,7,
SO4,SO4,3280,,,8/18/2011,9/11/2013,,,,
SO93,SO093,3274,R/V Sonne,R/V Sonne,2/14/1994,2/15/1994,,,7,
SOBO03BD,SOBO03BD,3281,Baird,Baird,NULL,NULL,,,,
SOBO04BD,SOBO04BD,3282,Baird,Baird,NULL,NULL,,,,
SODA,SODA,3283,,,5/27/2009,5/3/2010,,,,
Sofia 2021,Sofia 2021,3284,,,NULL,NULL,,,15,
Sofia 2021; rgk2021-25,Sofia 2021; rgk,3285,,,11/28/2021,11/28/2021,,,15,
Sofia 2021; rgk2021-30,Sofia 2021; rgk,3285,,,11/18/2021,11/21/2021,,,15,
Sofia 2021; rgk2021-31,Sofia 2021; rgk,3285,,,11/22/2021,11/22/2021,,,15,
Sofia 2021; rgk2021-32,Sofia 2021; rgk,3285,,,11/21/2021,11/21/2021,,,15,
Sofia 2021; rgk2021-33,Sofia 2021; rgk,3285,,,11/22/2021,11/23/2021,,,15,
Sofia 2021; rgk2021-34,Sofia 2021; rgk,3285,,,11/25/2021,11/25/2021,,,15,
Sofia 2021; rgk2021-35,Sofia 2021; rgk,3285,,,11/24/2021,11/24/2021,,,15,
Sofia 2b 2021,Sofia 2b 2021,3286,,,7/17/2023,8/1/2023,,,15,
Sofia 2c 2021,Sofia 2c 2021,3287,,,9/5/2023,9/11/2023,,,15,
Sofia 3 2021,Sofia 3 2021,3288,,,9/11/2023,9/19/2023,,,15,
Sofia 5 2021,Sofia 5 2021,3289,,,9/19/2023,9/20/2023,,,15,
Sofia Fintinita1 2021,Sofia Fintinita1 2021,3290,,,8/7/2023,9/5/2023,,,15,
Sofia La Moina2 2021,Sofia La Moina2 2021,3291,,,10/11/2023,10/24/2023,,,15,
SOG,SOG,3292,,,3/8/2013,1/20/2015,,,,
SONNE 156,SONNE 156,3293,,,4/16/2001,4/26/2001,,,,
SONNE 161 Leg 5,SONNE 161 Leg 5,3294,,,12/31/2001,12/31/2001,,,,
Sonne-245,Sonne-245,3295,RV Sonne,R/V Sonne,12/26/2015,1/23/2016,,,7,
SOTW 9-66-23 Southtow,SOTW 9-66-23 Southtow,3296,510,platform 510,NULL,NULL,,,,
SOTW07WT,SOTW07WT,3297,R/V Thomas Washington,R/V Thomas Washington,7/20/1972,7/28/1972,,,7,
SOTW07WT,SOTW07WT,3297,T. Washington,R/V Thomas Washington,NULL,NULL,,,7,
SOTW08WT,SOTW08WT,3298,T. Washington,R/V Thomas Washington,NULL,NULL,,,7,
SOTW09WT,SOTW09WT,3299,T. Washington,R/V Thomas Washington,NULL,NULL,,,7,
SOTW11WT,SOTW11WT,3300,T. Washington,R/V Thomas Washington,NULL,NULL,,,7,
SOUTH,SOUTH,3301,,,3/15/2012,3/15/2012,,,,
southern NB Dating,southern NB Dating,3302,,,7/14/2022,7/15/2022,,,,
Southern NL lithium pegmatites,Southern NL lithium pegmatites,3303,,,6/15/2023,6/20/2023,,,,
SOUTHTOW,SOUTHTOW,3304,Thomas Washington,R/V Thomas Washington,NULL,NULL,,,7,
Southtow,SOUTHTOW,3304,,,NULL,NULL,,,,
SOUTHTOW 7,SOUTHTOW 7,3305,Thomas Washington,R/V Thomas Washington,NULL,NULL,,,7,
SOUTHTOW 8,SOUTHTOW 8,3306,Thomas Washington,R/V Thomas Washington,NULL,NULL,,,7,
SOUTHTOW Expedition (SOTW07WT),SOUTHTOW Expedition (SOTW07WT),3307,Thomas Washington,R/V Thomas Washington,1/1/1975,1/1/1975,,,7,
SP,SP,3308,,,12/30/2006,12/30/2006,,,,
SP03,SP03,3309,San Pablo,San Pablo,7/27/1949,8/28/1949,,,,
SP08,SP08,3310,San Pablo,San Pablo,2/14/1951,4/22/1951,,,,
SP09,SP09,3311,San Pablo,San Pablo,12/31/1950,12/31/1950,,,,
SP10,SP10,3312,San Pablo,San Pablo,1/31/1952,3/22/1952,,,,
SP11,SP11,3313,San Pablo,San Pablo,6/1/1956,6/1/1956,,,,
SP12,SP12,3314,San Pablo,San Pablo,12/31/1952,12/31/1952,,,,
SP13,SP13,3315,San Pablo,San Pablo,5/29/1953,6/6/1953,,,,
SPA,SPA,3316,,,4/1/2009,7/31/2010,,,,
SPAM,SPAM,3317,,,2/24/2008,3/1/2008,,,,
Spanish Antarctic Campaign 2010-2011 (RECALDEC project CTM2009-05919-E/ANT)    ,Spanish Antarctic Campaign 2010-2011 RECALDEC,3318,,,1/31/2011,2/1/2011,Spanish Antarctic Campaign 2010-2011 (RECALDEC project CTM2009-05919-E/ANT),,,3
Spanish Antarctic Campaign 2012-2013 (PEVOLDEC project PNIDI-CTM: CTM2011-13578-E),Spanish Antarctic Campaign 2012-2013 PEVOLDEC,3319,,,1/31/2013,1/31/2013,Spanish Antarctic Campaign 2012-2013 (PEVOLDEC project PNIDI-CTM: CTM2011-13578-E),,,3
Spanish Antarctic Campaign 2018-2019 (POSVOLDEC project CTM2016-79617-P),Spanish Antarctic Campaign 2018-2019 POSVOLDEC,3321,,,1/31/2018,1/31/2018,Spanish Antarctic Campaign 2018-2019 (POSVOLDEC project CTM2016-79617-P),,,3
Spanish Antarctic Campaign 2018-2019 (VOLCLIMA project CG2015-726229-EXP),Spanish Antarctic Campaign 2018-2019  VOLCLIMA,3320,,,1/31/2019,1/31/2019,Spanish Antarctic Campaign 2018-2019 (VOLCLIMA project CG2015-726229-EXP),,,3
Spanish Antarctic Campaign 2022-2023 (Erupting (PID2021-127189OB-I00) funded by MCIN/AEI/10.13039/501100011033),Spanish Antarctic Campaign 2022-2023 Erupting ,3322,,,2/23/2022,2/23/2023,"funded by MCIN/AEI/10.13039/501100011033,  (PID2021-127189OB-I00) ",,,3
SPCZ14,SPCZ14,3323,RV Avon,RV Avon,5/3/2011,6/24/2011,,,7,
SPCZ14,SPCZ14,3323,,,6/19/2012,7/1/2012,,,,
SPICE ice core,SPICE ice core,3324,,,12/31/2012,12/31/2012,,,1,
SPICEcore,SPICEcore,3325,,,NULL,NULL,,,1,
SPRESSO,SPRESSO,3326,,,12/31/2001,12/31/2001,,,,
SPRUCE Peat Coring,SPRUCE Peat Coring,3327,4,platform 04,6/24/2024,6/24/2024,,,1,
SPRUCE Peat Coring,SPRUCE Peat Coring,3327,6,platform 06,6/24/2024,6/24/2024,,,1,
SPRUCE Peat Coring,SPRUCE Peat Coring,3327,7,platform 07,NULL,NULL,,,1,
SPRUCE Peat Coring,SPRUCE Peat Coring,3327,8,platform 08,6/24/2024,6/24/2024,,,1,
SPRUCE Peat Coring,SPRUCE Peat Coring,3327,10,platform 10,6/24/2024,6/24/2024,,,1,
SPRUCE Peat Coring,SPRUCE Peat Coring,3327,11,platform 11,6/24/2024,6/24/2024,,,1,
SPRUCE Peat Coring,SPRUCE Peat Coring,3327,13,platform 13,6/24/2024,6/24/2024,,,1,
SPRUCE Peat Coring,SPRUCE Peat Coring,3327,16,platform 16,6/24/2024,6/24/2024,,,1,
SPRUCE Peat Coring,SPRUCE Peat Coring,3327,17,platform 17,6/24/2024,6/24/2024,,,1,
SPRUCE Peat Coring,SPRUCE Peat Coring,3327,19,platform 19,6/24/2024,6/24/2024,,,1,
SPRUCE Peat Coring,SPRUCE Peat Coring,3327,20,platform 20,6/24/2024,6/24/2024,,,1,
SPRUCE Peat Coring,SPRUCE Peat Coring,3327,21,platform 21,NULL,NULL,,,1,
SPRUCE Peat Coring,SPRUCE Peat Coring,3327,,,6/24/2024,6/24/2024,,,1,
SPRUCE Vegetation Sampling,SPRUCE Vegetation Sampling,3328,,,7/31/2023,7/31/2023,,,,
SPS3,SPS3,3329,R/V Jean Charcot,R/V Jean Charcot,12/9/1985,12/14/1985,,,7,
SQNP,SQNP,3330,,,10/24/2013,10/26/2013,,,,
SR1806,SR1806,3331,R/V Sally Ride,R/V Sally Ride,NULL,NULL,,,7,
SREU,SREU,3332,,,6/30/2012,6/30/2012,,,,
SS0708,SS0708,3333,R/V Southern Surveyor,R/V Southern Surveyor,4/30/2008,6/3/2008,,,7,
SSAL,SSAL,3334,,,6/10/2009,3/30/2011,,,,
St. Elias Erosion and Tectonic Program (STEEP),St. Elias Erosion and Tectonic Program (STEEP),3335,,,7/2/2006,7/25/2011,,,,
Star Hill,Star Hill,3336,,,NULL,NULL,,,,
STARS,STARS,3337,,,5/27/2010,7/1/2010,,,,
STATEMAP,STATEMAP,3338,,,7/27/2021,8/1/2022,,,3,
Statemap,Statemap,3338,,,NULL,NULL,,,3,
"STATEMAP 2015, Arizona Geological Survey","STATEMAP 2015, Arizona Geological Survey",3339,,,NULL,NULL,,,3,
"STATEMAP 2016, Arizona Geological Survey","STATEMAP 2016, Arizona Geological Survey",3340,,,NULL,NULL,,,3,
STD,STD,3341,,,12/30/2006,12/30/2006,,,,
STD2,STD2,3342,,,12/30/2007,12/30/2007,,,,
Stein Pass,Stein Pass,3343,,,NULL,NULL,,,,
STG,STG,3344,,,9/11/1990,4/22/1991,,,,
STL,STL,3345,,,10/29/2014,10/29/2014,,,,
STND,STND,3346,,,2/13/2016,2/13/2016,,,,
"Stolniceni 2015; ""Large settlement in the Copper Age""",Stolniceni 2015 Large settlement in the Copper Age,3347,,,10/28/2015,12/1/2015,,,15,
Stolniceni 2015; Large settlement in the Copper Age-Project,Stolniceni 2015 Large settlement in the Copper Age,3347,,,10/27/2015,10/28/2015,,,15,
"Stolniceni 2016; ""Large settlement in the Copper Age""",Stolniceni 2016 Large settlement in the Copper Age ,3348,,,NULL,NULL,,,15,
"Stolniceni 2019; ""Large settlement in the Copper Age""",Stolniceni 2019 Large settlement in the Copper Age ,4218,,,3/2/2020,12/14/2020,,,15,
Stolniceni 2019; Large settlement in the Copper Age-Project,Stolniceni 2019 Large settlement in the Copper Age ,4218,,,10/23/2019,10/25/2019,,,15,
Stolniceni 2023; rgk2023-06,Stolniceni 2023; rgk2023-06,3349,,,4/10/2023,4/27/2023,,,15,
STOM01MV,STOM01MV,3350,Melville,R/V Melville,NULL,NULL,,,7,
STT,STT,3351,,,3/5/2014,3/10/2014,,,,
STURK,STURK,3352,RV Kilindi,RV Kilindi,5/13/2010,5/22/2011,,,7,
STYX Expedition (STYX07AZ),STYX Expedition (STYX07AZ),3353,Alexander Agassiz,Alexander Agassiz,NULL,NULL,,,,
SU2,SU2,3354,Sunbird,Sunbird,1/30/1974,1/30/1974,,,,
SUBSAINTES,SUBSAINTES,3355,Atalante,Atalante,4/3/2017,4/23/2017,,,,
SUBVENT 2,SUBVENT 2,3356,R/V Sarmiento de Gamboa,R/V Sarmiento de Gamboa,4/3/2014,4/4/2014,,,7,
SUIVI EDF20/07/12,SUIVI EDF20/07/12,3357,,,7/19/2012,7/19/2012,,,,
SUIVI EDF22/04/13,SUIVI EDF22/04/13,3358,,,4/21/2013,4/21/2013,,,,
SUK,SUK,3359,,,8/8/2014,8/15/2014,,,,
Suko?an Babir 2019; aDNA-Project,Sukosan Babir 2019; aDNA-Project,3360,,,9/16/2019,9/16/2019,,,,
Sukosan Babir 2019; aDNA-Project,Sukosan Babir 2019; aDNA-Project,3360,,,9/17/2019,9/17/2019,,,,
summer fieldwork,summer field campaign 2016-2019,3361,,N.A.,7/31/2016,5/31/2019,,,3,
2017 summer field campaign,summer field campaign 2017,3362,,N.A.,7/31/2017,7/31/2017,,,3,
Summer 2020 campaign,summer field campaign 2020,3363,,N.A.,5/28/2020,9/3/2020,"guess dates for summer, northern hemisphere",,3,
2021 Summer,summer field campaign 2021,3364,,N.A.,6/1/2021,8/14/2021,,,3,
Summer 2021,summer field campaign 2021,3364,,N.A.,5/14/2021,5/14/2021,,,3,
Summer 2021 Field work,summer field campaign 2021,3364,,N.A.,5/28/2021,9/3/2021,"guess dates for summer, northern hemisphere",,3,
2022 Summer,summer field campaign 2022,3365,,N.A.,8/24/2022,8/24/2022,,,3,
Summer 2022,summer field campaign 2022,3365,,N.A.,5/31/2022,7/31/2022,,,3,
2023 Summer,summer field campaign 2023,3366,,N.A.,9/2/2023,9/2/2023,,,3,
Summer 2023,summer field campaign 2023,3366,,N.A.,5/28/2023,9/3/2023,,,3,
Summer 2023 campaign,summer field campaign 2023,3366,,N.A.,5/28/2023,9/3/2023,"guess dates for summer, northern hemisphere",,3,
Summer 2023- Ambrose and Webb camp 1,summer field campaign 2023- Ambrose and Webb camp 1,3367,,N.A.,7/2/2023,7/2/2023,,,3,
SUPBAY,SUPBAY,3368,,,10/4/2010,10/4/2010,,,,
Superior East,Superior East,3369,,,NULL,NULL,,,,
Survey of the Canal Zone,Survey of the Canal Zone,3371,,,NULL,NULL,,,,
Survey of the Copper River 1907,Survey of the Copper River 1907,3372,,,NULL,NULL,,,,
Survey of the Santa Fe RR,Survey of the Santa Fe RR,3373,,,NULL,NULL,,,,
Survey of the Seward Peninsula,Survey of the Seward Peninsula,3374,,,NULL,NULL,,,,
Survey of the Tin Region,Survey of the Tin Region,3375,,,NULL,NULL,,,,
Survey of the West Seward Peninsula Tin Deposits,Survey of the West Seward Peninsula Tin Deposits,3376,,,NULL,NULL,,,,
Survey of the York Tin Region,Survey of the York Tin Region,3377,,,NULL,NULL,,,,
Susquehanna Shale Hills Critical Zone Observatory (CZO),Susquehanna Shale Hills Critical Zone Observatory (CZO),3378,,N.A.,9/8/2007,8/20/2018,,,,
Susquehanna Shale Hills Critical Zone Observatory (CZO) ,Susquehanna Shale Hills Critical Zone Observatory (CZO),3378,,N.A.,12/4/2009,1/22/2011,,,,
SVAL,SVAL,3379,,,6/30/2009,6/30/2009,,,,
SWA,SWA,3380,,,12/30/2002,12/30/2002,,,,
SWAF,SWAF,3381,,,9/20/2002,9/20/2002,,,,
SWAMP,SWAMP,3382,,,12/30/2006,9/21/2007,,,,
Swansea,Swansea,3383,,,NULL,NULL,,,,
SWIFT,SWIFT,3384,Marion Dufresne,R/V Marion Dufresne,12/31/2000,12/31/2000,,,7,
SWIFT,SWIFT,3384,,,2/27/2001,3/16/2001,,,,
SWTP,SWTP,3385,,,6/12/1994,6/12/1994,,,,
SYR,SYR,3386,,,7/13/2009,9/22/2009,,,,
Szilhalom 2013; Neolithic Period and Copper Age in eastern Hungary,Szilhalom 2013; Neolithic Period and Copper Age in eastern Hungary,3387,,,2/12/2018,2/12/2018,,,15,
Szilhalom 2014; Neolithic Period and Copper Age in eastern Hungary,Szilhalom 2014; Neolithic Period and Copper Age in eastern Hungary,3388,,,10/19/2014,3/27/2018,,,15,
Szilhalom 2014; Neolithic Period and Copper Age in eastern Hungary-Project,Szilhalom 2014; Neolithic Period and Copper Age in eastern Hungary,3388,,,10/18/2014,10/21/2014,,,15,
T. Wash cruise MARA12 station 101 600m,T. Wash cruise MARA12,3389,r/v Thomas Washington,R/V Thomas Washington,8/5/1979,8/5/1979,,,7,
T. Wash cruise MARA12 station 101 650m,T. Wash cruise MARA12,3389,r/v Thomas Washington,R/V Thomas Washington,8/5/1979,8/5/1979,,,7,
T. Wash cruise MARA12 station 149 0m,T. Wash cruise MARA12,3389,r/v Thomas Washington,R/V Thomas Washington,8/15/1979,8/15/1979,,,7,
T. Wash cruise MARA12 station 149 500m,T. Wash cruise MARA12,3389,r/v Thomas Washington,R/V Thomas Washington,8/15/1979,8/15/1979,,,7,
T. Wash cruise MARA12 station 179 450m,T. Wash cruise MARA12,3389,r/v Thomas Washington,R/V Thomas Washington,8/21/1979,8/21/1979,,,7,
T. Wash cruise MARA12 station 179 650m,T. Wash cruise MARA12,3389,r/v Thomas Washington,R/V Thomas Washington,8/21/1979,8/21/1979,,,7,
T.WASH MARA12 stn101 100m,T. Wash cruise MARA12,3389,Thomas Washington,R/V Thomas Washington,8/5/1979,8/5/1979,,,7,
T.WASH MARA12 stn149 100m,T. Wash cruise MARA12,3389,Thomas Washington,R/V Thomas Washington,8/15/1979,8/15/1979,,,7,
T.WASH MARA12 stn149 550m,T. Wash cruise MARA12,3389,Thomas Washington,R/V Thomas Washington,8/15/1979,8/15/1979,,,7,
T. Wash cruise MARA2 station 102 150m,T. Wash cruise MARA2,3390,r/v Thomas Washington,R/V Thomas Washington,8/3/1978,8/3/1978,,,7,
T. Wash cruise MARA2 station 102 500m,T. Wash cruise MARA2,3390,r/v Thomas Washington,R/V Thomas Washington,8/3/1978,8/3/1978,,,7,
T. Wash cruise MARA2 station 109 200m,T. Wash cruise MARA2,3390,r/v Thomas Washington,R/V Thomas Washington,8/5/1978,8/5/1978,,,7,
T. Wash cruise MARA2 station 109 450m,T. Wash cruise MARA2,3390,r/v Thomas Washington,R/V Thomas Washington,8/5/1978,8/5/1978,,,7,
T.WASH MARA2 stn102 100m,T. Wash cruise MARA3,3391,,,8/3/1978,8/3/1978,,,7,
T.WASH MARA2 stn102 200m,T. Wash cruise MARA4,3392,,,8/3/1978,8/3/1978,,,7,
T.WASH MARA2 stn109 0m,T. Wash cruise MARA5,3393,,,8/5/1978,8/5/1978,,,7,
T.WASH MARA2 stn109 750m,T. Wash cruise MARA6,3394,,,8/5/1978,8/5/1978,,,7,
T.WASH MARA2 stn179 100m,T. Wash cruise MARA7,3395,,,8/14/1978,8/14/1978,,,7,
T.WASH MARA2 stn179 200m,T. Wash cruise MARA8,3396,,,8/14/1978,8/14/1978,,,7,
T.WASH MARA2 stn179 400m,T. Wash cruise MARA9,3397,,,8/14/1978,8/14/1978,,,7,
T16,T16,3398,,,5/31/2016,5/31/2016,,,,
T3-53,T3-53,3399,Ice Island T3,Ice Island T3,5/9/1953,9/9/1953,,,10,
T3-55,T3-55,3400,Ice Island T3,Ice Island T3,5/26/1955,5/26/1955,,,10,
T3-63,T3-63,3401,Ice Island T3,Ice Island T3,7/22/1963,9/3/1963,,,10,
T3-65,T3-65,3402,Ice Island T3,Ice Island T3,7/16/1965,8/30/1965,,,10,
T3-66,T3-66,3403,Ice Island T3,Ice Island T3,12/31/1965,9/21/1966,,,10,
T3-67,T3-67,3404,Ice Island T3,Ice Island T3,3/15/1967,5/19/2005,,,10,
T3-68,T3-68,3405,Ice Island T3,Ice Island T3,1/13/1968,10/21/1968,,,10,
T3-69,T3-69,3406,Ice Island T3,Ice Island T3,4/25/1969,5/4/1969,,,10,
T3-74,T3-74,3407,Ice Island T3,Ice Island T3,3/31/1974,5/25/1974,,,10,
TAC06,TAC06,3408,,,12/5/2006,12/5/2006,,,,
TAJ1,TAJ1,3409,,,7/4/2008,7/6/2008,,,,
Tall Zirāʿa 2013,Tall Zirāʿa 2013,3410,,,6/13/2013,6/14/2013,,,15,
TAN0005,TAN0005,3411,Tangaroa,Tangaroa,NULL,NULL,,,7,
TAN0613,TAN0613,3412,Tangaroa,Tangaroa,10/3/2006,10/4/2006,,,7,
TAN1007,TAN1007,3413,Tangaroa,Tangaroa,4/30/2010,4/30/2010,,,7,
3028,TAN3028,3414,Tangaroa,Tangaroa,1/31/1996,1/31/1996,"19 samples; dredge, from ship Tangaroa, follow cruise ID pattern from other Tangaroa cruises.",,7,
TAN9912,TAN9912,3415,Tangaroa,Tangaroa,9/30/1999,9/30/1999,,,7,
TAS,TAS,3416,,,4/30/2011,4/30/2011,,,,
TAS12,TAS12,3417,,,3/19/2012,3/25/2012,,,,
TASADAY Expedition (TSDY02WT),TASADAY Expedition (TSDY02WT),3418,Thomas Washington,R/V Thomas Washington,NULL,NULL,,,7,
TASADAY Expedition (TSDY03WT),TASADAY Expedition (TSDY03WT),3419,Thomas Washington,R/V Thomas Washington,NULL,NULL,,,7,
TAUPO,TAUPO,3420,RV Rangatahi II,RV Rangatahi II,3/13/2011,3/13/2011,,,7,
TCH,TCH,3421,,,2/9/2010,2/10/2010,,,,
TCS06NH,TCS06NH,3422,New Horizon,New Horizon,5/11/2006,5/16/2006,,,,
TDF,TDF,3423,,,12/30/2005,12/30/2005,,,,
TDP,TDP,3424,,,5/25/2015,7/2/2015,,,,
Teleac 2016; LOEWE-Project „Prehistoric conflict research. Bronze age Hillforts between Taunus and Carpathian Mountains“,Teleac 2016; LOEWE- Bronze age Hillforts between Taunus and Carpathian Mountains,3425,,,2/12/2017,2/12/2017,Teleac 2016; LOEWE-Project: Prehistoric conflict research. Bronze age Hillforts between Taunus and Carpathian Mountains.,,15,
Teleac 2016; LOEWE-Project: Prehistoric conflict research. Bronze age Hillforts between Taunus and Carpathian Mountains.,Teleac 2016; LOEWE- Bronze age Hillforts between Taunus and Carpathian Mountains,3425,,,5/23/2016,5/24/2016,Teleac 2016; LOEWE-Project: Prehistoric conflict research. Bronze age Hillforts between Taunus and Carpathian Mountains.,,15,
Teleac 2018; LOEWE-Project „Prehistoric conflict research. Bronze age Hillforts between Taunus and Carpathian Mountains“,Teleac 2018; LOEWE- Bronze age Hillforts between Taunus and Carpathian Mountains,3426,,,NULL,NULL,Teleac 2018; LOEWE-Project Prehistoric conflict research. Bronze age Hillforts between Taunus and Carpathian Mountains,,15,
Teller,Teller,3427,,,NULL,NULL,,,,
TELVE,TELVE,3428,,,3/17/2003,4/1/2003,,,,
Tenth Census,Tenth Census,3429,,,NULL,NULL,,,,
TERUEL,TERUEL,3430,,,12/30/2005,12/30/2005,,,,
TETON,TETON,3431,,,1/4/2013,4/28/2017,,,,
TFH,TFH,3432,,,12/30/2005,12/30/2006,,,,
TFJ,TFJ,3433,,,8/19/2017,8/21/2017,,,,
TFM Arnau Casas,TFM Arnau Casas,3434,,,1/31/2019,1/31/2019,,,,
TFM Daniela Cerda,TFM Daniela Cerda,3435,,,1/31/2018,1/31/2018,,,,
TFM Louise Muir,TFM Louise Muir,3436,,,2/27/2023,2/27/2023,,,,
TFM Marc López,TFM Marc López,3437,,,1/31/2020,1/31/2020,,,,
TFM Samanta Cordova,TFM Samanta Cordova,3438,,,3/14/2024,3/14/2024,,,,
TFM Tomas Romero,TFM Tomas Romero,3439,,,1/31/2019,1/31/2019,,,,
TFM Uriel Vergara,TFM Uriel Vergara,3440,,,1/31/2021,2/15/2021,,,,
TGI-5 (Geological Survey of Canada),TGI-5 (Geological Survey of Canada),3441,,,NULL,NULL,,,,
TGI-6-GSC-SMU,TGI-6-GSC-SMU,3442,,,7/31/2017,5/31/2021,,,,
TH1,TH1,3443,Theta,Theta,6/13/1956,9/29/1956,,,,
THESE  FOUINAT L04/10/11,THESE  FOUINAT,3444,,N.A.,10/3/2011,10/3/2011,THESE  FOUINAT L04/10/11,,14,
THESE  FOUINAT L05/07/13,THESE  FOUINAT,3444,,N.A.,7/4/2013,7/4/2013,THESE  FOUINAT L05/07/13,,14,
THESE  FOUINAT L10/04/12,THESE  FOUINAT,3444,,N.A.,10/3/2012,10/3/2012,THESE  FOUINAT L10/04/12,,14,
THESE  FOUINAT L10/04/2012,THESE  FOUINAT,3444,,N.A.,4/9/2012,4/9/2012,THESE  FOUINAT L10/04/2012,,14,
THESE  FOUINAT L14/05/12,THESE  FOUINAT,3444,,N.A.,5/13/2012,5/13/2012,THESE  FOUINAT L14/05/12,,14,
THESE  FOUINAT L18/09/12,THESE  FOUINAT,3444,,N.A.,9/17/2012,9/17/2012,THESE  FOUINAT L18/09/12,,14,
THESE  FOUINAT L14/06/11,THESE  FOUINAT,3444,,N.A.,6/13/2011,7/4/2013,THESE  FOUINAT L14/06/11,,14,
THESE ARNAUD F (ORCID:0000-0002-8706-9902)01/01/04,THESE ARNAUD F,3445,,N.A.,12/31/2003,12/31/2003,THESE ARNAUD F (ORCID:0000-0002-8706-9902)01/01/04,,14,
THESE BELLE S11/11/13,THESE BELLE S,3446,,N.A.,11/10/2013,11/10/2013,THESE BELLE S11/11/13,,14,
THESE NOURAGUE O26/06/13,THESE NOURAGUE O,3447,,N.A.,6/25/2013,6/25/2013,THESE NOURAGUE O26/06/13,,14,
THESE WILHELM B (orcid:0000-0002-0555-1915)02/07/12,THESE WILHELM B,3448,,N.A.,6/30/2009,6/30/2009,THESE WILHELM B (orcid:0000-0002-0555-1915)02/07/12,,14,
THESE WILHELM B (orcid:0000-0002-0555-1915)04/07/11,THESE WILHELM B,3448,,N.A.,7/3/2011,7/3/2011,THESE WILHELM B (orcid:0000-0002-0555-1915)04/07/11,,14,
THESE WILHELM B (orcid:0000-0002-0555-1915)06/09/10,THESE WILHELM B,3448,,N.A.,9/5/2010,9/5/2010,THESE WILHELM B (orcid:0000-0002-0555-1915)06/09/10,,14,
THESE WILHELM B (orcid:0000-0002-0555-1915)07/04/09,THESE WILHELM B,3448,,N.A.,4/6/2009,4/6/2009,THESE WILHELM B (orcid:0000-0002-0555-1915)07/04/09,,14,
THESE WILHELM B (orcid:0000-0002-0555-1915)12/03/10,THESE WILHELM B,3448,,N.A.,3/11/2010,3/11/2010,THESE WILHELM B (orcid:0000-0002-0555-1915)12/03/10,,14,
THESE WILHELM B (orcid:0000-0002-0555-1915)27/10/08,THESE WILHELM B,3448,,N.A.,10/26/2008,10/26/2008,THESE WILHELM B (orcid:0000-0002-0555-1915)27/10/08,,14,
THESE WILHELM B (orcid:0000-0002-0555-1915)30/07/08,THESE WILHELM B,3448,,N.A.,7/29/2008,7/29/2008,THESE WILHELM B (orcid:0000-0002-0555-1915)30/07/08,,14,
THESE WILHELM B 01/07/08,THESE WILHELM B,3448,,N.A.,6/30/2008,6/30/2008,THESE WILHELM B,,14,
THESE WILHELM B 02/07/12,THESE WILHELM B,3448,,N.A.,6/30/2009,6/30/2009,THESE WILHELM B,,14,
THESE WILHELM B 04/07/11,THESE WILHELM B,3448,,N.A.,9/5/2010,9/5/2010,THESE WILHELM B,,14,
THESE WILHELM B 06/09/10,THESE WILHELM B,3448,,N.A.,9/5/2010,9/5/2010,THESE WILHELM B,,14,
THESE WILHELM B 07/04/09,THESE WILHELM B,3448,,N.A.,4/6/2009,4/6/2009,THESE WILHELM B,,14,
THESE WILHELM B 12/03/10,THESE WILHELM B,3448,,N.A.,3/11/2010,3/11/2010,THESE WILHELM B,,14,
THESE WILHELM B 27/10/08,THESE WILHELM B,3448,,N.A.,10/26/2008,10/26/2008,THESE WILHELM B,,14,
THESE WILHELM B 30/07/08,THESE WILHELM B,3448,,N.A.,7/29/2008,7/29/2008,THESE WILHELM B,,14,
THESE WILHELM B17/07/08,THESE WILHELM B,3448,,N.A.,7/16/2008,7/16/2008,THESE WILHELM B17/07/08,,14,
THESE WILHELM B22/06/09,THESE WILHELM B,3448,,N.A.,6/21/2009,6/21/2009,THESE WILHELM B22/06/09,,14,
THESE WILHELM B (orcid:0000-0002-0555-1915)01/07/08,THESE WILHELM B,3448,,N.A.,6/30/2008,7/3/2011,THESE WILHELM B (orcid:0000-0002-0555-1915)01/07/08,,14,
Thesis-Cordova,Thesis-Cordova,3449,,,NULL,NULL,,,14,
Thorkelson in Mazatzal,Thorkelson in Mazatzal,3450,,,5/17/2023,5/17/2023,,,,
THULE,THULE,3451,,,7/15/2011,7/18/2011,,,,
THULE2,THULE2,3452,,,8/7/2012,8/22/2012,,,,
The Thurstonian Alien Life Theory ALIEN TERRA FORMING  PROJECT Date,Thurstonian Alien Life Theory project,3453,,N.A.,8/1/2022,8/1/2022,The Thurstonian Alien Life Theory ALIENÂ TERRA FORMINGÂ  PROJECTÂ Date [ed. Note: pseudo science],,,
THYRECS,THYRECS,3454,,,1/14/2015,10/9/2016,,,,
TIBET,TIBET,3455,,,5/10/2007,6/4/2007,,,,
Tim Matthews ugrad research,Tim Matthews ugrad research,3456,,,NULL,NULL,,,14,
TLX,TLX,3457,,,3/6/2008,12/30/2008,,,,
TN041,TN041,3458,Thomas G. Thompson,R/V Thomas G. Thompson,10/29/1994,11/18/1994,,,7,
TN047,TN047,3459,Thomas G. Thompson,R/V Thomas G. Thompson,5/4/1995,5/18/1995,,,7,
TN084,TN084,3460,Thomas Thompson,R/V Thomas G. Thompson,10/22/1998,10/29/1998,,,7,
TN094,TN094,3461,,R/V Thomas G. Thompson,6/22/1999,7/10/1999,,,7,
TN154,TN154,3462,Thomas G. Thompson,R/V Thomas G. Thompson,3/28/2003,4/22/2003,,,7,
TN182,TN182,3463,Thompson,R/V Thomas G. Thompson,7/24/2001,8/19/2001,,,7,
TN183,TN183,3464,Thomas G. Thompson,R/V Thomas G. Thompson,9/5/2005,9/19/2006,,,7,
TN199,TN199,3465,Thompson,R/V Thomas G. Thompson,9/1/2006,9/3/2006,,,7,
TN209,TN209,3466,Thomas G. Thompson,R/V Thomas G. Thompson,8/5/2007,8/9/2007,,,7,
TN209,TN209,3466,Thompson,R/V Thomas G. Thompson,8/6/2007,8/6/2007,,,7,
TN226,TN226,3467,R/V Thompson,R/V Thomas G. Thompson,10/24/2008,10/27/2008,,,7,
TN232,TN232,3468,Thomas G. Thompson,R/V Thomas G. Thompson,4/3/2009,4/16/2009,,,7,
TN-234,TN234,3469,R/V TG Thompson,R/V Thomas G. Thompson,5/5/2009,5/11/2009,,,7,
TN234,TN234,3469,Thomas G. Thompson,R/V Thomas G. Thompson,5/7/2009,5/13/2009,,,7,
TN235,TN235,3470,Thomas G. Thompson,R/V Thomas G. Thompson,5/22/2009,6/8/2013,,,7,
TN236,TN236,3471,Thomas G. Thompson,R/V Thomas G. Thompson,6/12/2009,7/5/2009,,,7,
TN253,TN253,3472,Thomas G. Thompson,R/V Thomas G. Thompson,8/27/2010,9/5/2010,,,7,
TN271,TN271,3473,Thompson,R/V Thomas G. Thompson,10/26/2011,10/26/2011,,,7,
TN273,TN273,3474,Thomas G. Thompson,R/V Thomas G. Thompson,12/24/2011,1/18/2012,,,7,
TN273,TN273,3474,Thomas Thompson,R/V Thomas G. Thompson,12/24/2011,1/18/2012,,,7,
TN273,TN273,3474,,R/V Thomas G. Thompson,NULL,NULL,,,7,
TN300,TN300,3475,,R/V Thomas G. Thompson,9/5/2013,9/16/2013,,,7,
TN327,TN327,3476,,R/V Thomas G. Thompson,8/17/2015,8/27/2015,,,7,
TN401,TN401,3477,R/V Thomas G. Thompson,R/V Thomas G. Thompson,4/9/2022,4/23/2022,,,7,
TOFU,TOFU,3478,,,6/7/2021,6/7/2021,,,,
TOFU 1,TOFU 01,3479,,,11/16/2011,11/23/2011,,,,
TOFU 10,TOFU 10,3489,,,6/21/2016,6/22/2016,,,,
TOFU 11,TOFU 11,3490,,,10/31/2016,11/1/2016,,,,
TOFU 12,TOFU 12,3491,,,6/11/2017,6/11/2017,,,,
TOFU 13,TOFU 13,3492,,,10/23/2017,10/25/2017,,,,
TOFU 14,TOFU 14,3493,,,10/28/2018,10/30/2018,,,,
TOFU 14.5,TOFU 14.5,3494,,,3/24/2019,3/26/2019,,,,
TOFU 15,TOFU 15,3495,,,10/28/2019,10/29/2019,,,,
TOFU 16,TOFU 16,3496,,,10/29/2020,10/30/2020,,,,
TOFU 17,TOFU 17,3497,,,10/28/2021,10/31/2021,,,,
TOFU 17.5,TOFU 17.5,3498,,,4/18/2022,4/20/2022,,,,
TOFU 18,TOFU 18,3499,,,10/6/2022,10/7/2022,,,,
TOFU 2,TOFU 02,3480,,,4/3/2012,4/7/2012,,,,
TOFU 3,TOFU 03,3481,,,11/4/2012,11/4/2012,,,,
TOFU 4,TOFU 04,3482,,,5/7/2013,5/10/2013,,,,
TOFU 5,TOFU 05,3483,,,10/29/2013,11/1/2013,,,,
TOFU 6,TOFU 06,3484,,,5/7/2014,5/9/2014,,,,
TOFU 7,TOFU 07,3485,,,10/31/2014,10/31/2014,,,,
TOFU 8,TOFU 08,3486,,,3/23/2015,3/23/2015,,,,
TOFU 8.5,TOFU 08.5,3487,,,7/7/2015,7/7/2015,,,,
TOFU 9,TOFU 09,3488,,,11/8/2015,11/8/2015,,,,
Tom Hudgen ugrad research,Tom Hudgen ugrad research,3500,,,NULL,NULL,,,14,
Tonstein Expedition,Tonstein Expedition,3501,,,9/14/2021,3/14/2024,,,,
Tonto,Tonto,3502,,,NULL,NULL,,,,
Topernawi Field Excursion 2020,Topernawi Field Excursion 2020,3503,,N.A.,1/16/2020,1/16/2020,,,3,
Topernawi Geology Excursion 2020,Topernawi Geology Excursion 2020,3504,,,1/16/2020,1/16/2020,,,3,
TOPGUN,TOPGUN,3505,RV KRKII,RV KRKII,11/10/2010,11/12/2010,,,7,
Tourbiere des Creusates (Eté2009),Tourbiere des Creusates (Eté2009),3506,,,6/30/2009,6/30/2009,,,,
TPTW01WT,TPTW01WT,3507,T. Washington,R/V Thomas Washington,NULL,NULL,,,7,
Tr/Jr boundary proyect,Tr/Jr boundary project,3508,,,5/2/2018,4/22/2023,,,8,
TR002,TR002,3509,R/V Trident,R/V Trident,11/11/1962,11/19/1962,,,7,
TR004,TR004,3510,R/V Trident,R/V Trident,4/12/1963,4/23/1963,,,7,
TR004,TR004,3510,Trident,R/V Trident,NULL,NULL,,,7,
TR005,TR005,3511,R/V Trident,R/V Trident,6/25/1963,6/25/1963,,,7,
TR009,TR009,3512,R/V Trident,R/V Trident,8/20/1963,8/28/1963,,,7,
TR009,TR009,3512,Trident,R/V Trident,NULL,NULL,,,7,
TR015,TR015,3513,R/V Trident,R/V Trident,4/24/1964,5/19/1964,,,7,
TR015,TR015,3513,Trident,R/V Trident,4/27/1964,5/13/1964,,,7,
TR018,TR018,3514,R/V Trident,R/V Trident,7/15/1964,7/24/1964,,,7,
TR018,TR018,3514,Trident,R/V Trident,NULL,NULL,,,7,
TR021,TR021,3515,R/V Trident,R/V Trident,10/15/1964,10/15/1964,,,7,
TR021,TR021,3515,Trident,R/V Trident,NULL,NULL,,,7,
TR023,TR023,3516,Trident,R/V Trident,NULL,NULL,,,7,
TR024,TR024,3517,Trident,R/V Trident,NULL,NULL,,,7,
TR027,TR027,3518,R/V Trident,R/V Trident,8/19/1965,8/28/1965,,,7,
TR027,TR027,3518,Trident,R/V Trident,NULL,NULL,,,7,
TR028,TR028,3519,Trident,R/V Trident,11/6/1965,11/7/1965,,,7,
TR029,TR029,3520,R/V Trident,R/V Trident,4/13/1966,4/28/1966,,,7,
TR029,TR029,3520,Trident,R/V Trident,4/14/1966,4/30/1966,,,7,
TR034,TR034,3521,R/V Trident,R/V Trident,8/2/1966,8/10/1966,,,7,
TR034,TR034,3521,Trident,R/V Trident,NULL,NULL,,,7,
TR036,TR036,3522,Trident,R/V Trident,NULL,NULL,,,7,
TR037,TR037,3523,Trident,R/V Trident,4/5/1967,4/20/1967,,,7,
TR041,TR041,3524,R/V Trident,R/V Trident,9/7/1967,9/7/1967,,,7,
TR041,TR041,3524,Trident,R/V Trident,8/31/1967,9/9/1967,,,7,
TR041,TR041,3524,,,9/4/1967,9/4/1967,,,,
TR044,TR044,3525,Trident,R/V Trident,NULL,NULL,,,7,
TR049,TR049,3526,R/V Trident,R/V Trident,5/31/1968,6/3/1968,,,7,
TR049,TR049,3526,Trident,R/V Trident,5/3/1968,6/3/1968,,,7,
TR050,TR050,3527,Trident,R/V Trident,NULL,NULL,,,7,
TR051,TR051,3528,Trident,R/V Trident,NULL,NULL,,,7,
TR055,TR055,3530,Trident,R/V Trident,NULL,NULL,,,7,
TR067,TR067,3531,R/V Trident,R/V Trident,2/28/1969,2/28/1969,,,7,
TR067,TR067,3531,Trident,R/V Trident,3/12/1969,3/17/1969,,,7,
TR071,TR071,3533,Trident,R/V Trident,8/3/1969,8/6/1969,,,7,
TR079,TR079,3534,Trident,R/V Trident,3/14/1970,3/20/1970,,,7,
TR083,TR083,3536,R/V Trident,R/V Trident,6/5/1970,6/7/1970,,,7,
TR083,TR083,3536,Trident,R/V Trident,NULL,NULL,,,7,
TR085,TR085,3537,Trident,R/V Trident,NULL,NULL,,,7,
TR086,TR086,3538,Trident,R/V Trident,7/23/1970,7/26/1970,,,7,
TR089,TR089,3539,R/V Trident,R/V Trident,10/14/1970,10/21/1970,,,7,
TR089,TR089,3539,Trident,R/V Trident,10/5/1970,10/21/1970,,,7,
TR091,TR091,3540,Trident,R/V Trident,NULL,NULL,,,7,
TR096,TR096,3541,Trident,R/V Trident,2/21/1971,3/21/1971,,,7,
TR099,TR099,3543,R/V Trident,R/V Trident,6/13/1971,6/14/1971,,,7,
TR099,TR099,3543,Trident,R/V Trident,NULL,NULL,,,7,
TR100,TR100,3544,Trident,R/V Trident,7/6/1971,7/11/1971,,,7,
TR100,TR100,3544,,R/V Trident,7/6/1971,7/6/1971,,,7,
TR101,TR101,3545,R/V Trident,R/V Trident,7/18/1971,7/24/1971,,,7,
TR101,TR101,3545,Trident,R/V Trident,7/18/1971,7/27/1971,,,7,
TR101,TR101,3545,,R/V Trident,7/18/1971,7/24/1971,,,7,
TR102,TR102,3546,Trident,R/V Trident,NULL,NULL,,,7,
TR103,TR103,3547,Trident,R/V Trident,NULL,NULL,,,7,
TR104,TR104,3548,Trident,R/V Trident,NULL,NULL,,,7,
TR112,TR112,3549,R/V Trident,R/V Trident,3/18/1972,4/1/1972,,,7,
TR112,TR112,3549,Trident,R/V Trident,NULL,NULL,,,7,
TR116,TR116,3550,Trident,R/V Trident,NULL,NULL,,,7,
TR119,TR119,3551,Trident,R/V Trident,7/22/1972,7/25/1972,,,7,
TR121,TR121,3552,Trident,R/V Trident,NULL,NULL,,,7,
TR122,TR122,3553,Trident,R/V Trident,8/23/1972,8/29/1972,,,7,
TR123,TR123,3554,Trident,R/V Trident,9/13/1972,9/16/1972,,,7,
TR126,TR126,3555,Trident,R/V Trident,NULL,NULL,,,7,
TR138,TR138,3556,R/V Trident,R/V Trident,7/5/1973,7/8/1973,,,7,
TR138,TR138,3556,Trident,R/V Trident,7/1/1973,7/8/1973,,,7,
TR138,TR138,3556,,R/V Trident,7/5/1973,7/5/1973,,,7,
TR139,TR139,3557,R/V Trident,R/V Trident,8/1/1973,8/3/1973,,,7,
TR139,TR139,3557,Trident,R/V Trident,7/18/1973,8/3/1973,,,7,
TR148,TR148,3558,Trident,R/V Trident,NULL,NULL,,,7,
TR149,TR149,3559,Trident,R/V Trident,NULL,NULL,,,7,
TR154,TR154,3560,R/V Trident,R/V Trident,6/26/1974,6/26/1974,,,7,
TR154,TR154,3560,Trident,R/V Trident,6/8/1974,6/26/1974,,,7,
TR163,TR163,3561,R/V Trident,R/V Trident,2/12/1975,2/24/1975,,,7,
TR163,TR163,3561,Trident,R/V Trident,2/24/1975,2/24/1975,,,7,
TR164,TR164,3562,Trident,R/V Trident,3/10/1975,3/27/1975,,,7,
TR171,TR171,3563,Trident,R/V Trident,NULL,NULL,,,7,
TR172,TR172,3564,Trident,R/V Trident,NULL,NULL,,,7,
TR174,TR174,3565,Trident,R/V Trident,NULL,NULL,,,7,
TR52,TR052,3529,Trident,R/V Trident,7/12/1968,7/22/1968,,,7,
TR69,TR069,3532,Trident,R/V Trident,6/20/1969,6/22/1969,,,7,
TR82,TR082,3535,Trident,R/V Trident,12/31/1981,12/31/1981,,,7,
TR85,TR085,3537,Trident,R/V Trident,7/13/1970,7/13/1970,,,7,
TR98,TR098,3542,Trident,R/V Trident,5/22/1971,12/31/1997,,,7,
TransitENSENS-SHEBA,TransitENSENS-SHEBA,3566,,,6/2/2000,6/2/2000,,,,
Trident,Trident,3567,,,NULL,NULL,,,,
TRIESTE15-77,TRIESTE15-77,3568,Trieste,Trieste,NULL,NULL,,,,
TRIESTE16-77,TRIESTE16-77,3569,Trieste,Trieste,NULL,NULL,,,,
Triglav2014 (Slovenie),Triglav2014 (Slovenie),3570,,,7/19/2014,7/19/2014,,,,
TRIP,TRIP,3571,,,12/30/2008,12/30/2008,,,,
TRIP03AR,TRIP03AR,3572,Argo,Argo,NULL,NULL,,,,
TSARR,TSARR,3573,,,2/13/2012,2/13/2012,,,,
TT013,TT013,3574,Thomas Thompson,R/V Thomas G. Thompson,NULL,NULL,,,7,
R.V. Thompson TT 170 (1981),TT170,3575,R.V. Thompson,R/V Thomas G. Thompson,5/31/1981,5/31/1981,,,7,
TT175,TT175,3576,Thomas Thompson,R/V Thomas G. Thompson,NULL,NULL,,,7,
TT175,TT175,3576,,,NULL,NULL,,,,
TT198,TT198,3577,Thomas G. Thompson,R/V Thomas G. Thompson,5/12/1986,6/12/1986,,,7,
TTN013,TTN013,3578,Thomas Thompson,R/V Thomas G. Thompson,NULL,NULL,,,7,
TTN015,TTN015,3579,R/V Thomas G. Thompson,R/V Thomas G. Thompson,NULL,NULL,,,7,
TTN057,TTN057,3580,Thomas Thompson,R/V Thomas G. Thompson,2/4/1996,3/5/1996,,,7,
TUIM05MV,TUIM05MV,3581,Melville,R/V Melville,4/6/2005,5/6/2005,,,7,
TUIM06MV,TUIM06MV,3582,Melville,R/V Melville,5/17/2005,5/31/2005,,,7,
TUIM07MV,TUIM07MV,3583,Melville,R/V Melville,6/11/2005,6/26/2005,,,7,
TUNE04WT,TUNE04WT,3584,T. Washington,R/V Thomas Washington,NULL,NULL,,,7,
TUNE04WT,TUNE04WT,3584,Thomas Washington,R/V Thomas Washington,10/6/1991,10/10/1991,,,7,
TUNE06WT,TUNE06WT,3585,T. Washington,R/V Thomas Washington,NULL,NULL,,,7,
TUNE07WT,TUNE07WT,3586,T. Washington,R/V Thomas Washington,NULL,NULL,,,7,
TURKANA,TURKANA,3587,RV Halcyon,RV Halcyon,8/23/1984,11/10/1984,,,7,
Turkana 2018,Turkana 2018,3588,,,6/4/2018,6/24/2018,,,15,
Turquie01/07/10,Turquie01/07/10,3589,,,6/30/2010,6/30/2010,,,15,
TW7,TW7,3590,Thomas Washington,R/V Thomas Washington,6/9/1990,6/13/1992,,,7,
TW-PL07,TW-PL07,3591,Thomas Washington,R/V Thomas Washington,6/11/1990,6/25/1990,,,7,
U.S. Borax,U.S. Borax,3592,,,NULL,NULL,,,5,
U.S. Exploring Expedition - Wilkes,U.S. Exploring Expedition - Wilkes,3593,,,NULL,NULL,,,,
UARK,UARK,3594,,,9/19/2007,12/30/2008,,,,
UAURS,UAURS,3595,,,3/20/2014,3/17/2015,,,,
UBER,UBER,3596,,,11/12/2015,11/13/2015,,,,
UCSD Arizona,UCSD Arizona,3597,,,NULL,NULL,,,,
UF Jamaica 2015 Fieldwork,UF Jamaica 2015 Fieldwork,3598,,N.A.,6/13/2015,7/16/2017,,,3,
Uganda,Uganda,3599,,,12/30/2001,12/30/2002,,,,
UKB,UKB,3600,,,3/24/1998,3/24/1998,,,,
UMB,UMB,3601,,,12/31/1999,3/31/2003,,,,
UMKC,UMKC,3602,,,3/26/2014,6/30/2016,,,,
UNCC,UNCC,3603,,,7/15/2007,7/18/2007,,,,
UNCW,UNCW,3604,,,NULL,NULL,,,,
United States Exploring Expedition (Wilkes Expedition),United States Exploring Expedition (Wilkes Expedition),3605,,,NULL,NULL,,,3,
UNITY,UNITY,3606,,,2/28/2009,2/28/2009,,,,
unknown,"no project name, Baruna Jaya",2464,Baruna Jaya,Baruna Jaya,7/3/2003,7/28/2003,,,,
unknown,"no project name, Bjarni Saemundsson",2465,Bjarni Saemundsson,R/V Bjarni Saemundsson,8/4/1988,9/30/1988,,,,
unknown,"no project name, Kaiyo",2466,Kaiyo,Kaiyo,8/21/1989,8/24/1989,,,,
unknown,"no project name, Long Lines",2467,Long Lines,Long Lines,8/15/1976,10/10/1976,,,,
unknown,"no project name, Maritime Explorer",2468,Maritime Explorer,Maritime Explorer,6/12/1989,6/14/1989,,,,
unknown,"no project name, Nesmeyanov",2469,Nesmeyanov,Nesmeyanov,9/5/1993,9/16/1993,,,,
unknown,"no project name, Polar Star",2470,Polar Star,Polar Star,9/6/1988,9/14/1993,,,7,
Unknown,"no project name, R/V Hakurei-MARU",2471,R/V Hakurei-MARU,R/V Hakurei-Maru,7/20/1979,8/29/1987,,,7,
Unknown,,,R/V TANSEI-MARU,R/V Tansei-Maru,NULL,NULL,,,7,
unknown,"no project name, Shackelton",2472,Shackelton,Shackleton,11/26/1981,1/5/1982,,,,
unknown,"no project name, unknown",2473,unknown,Unknown,4/2/1970,2/29/1972,,,,
unknown,"no project name, Vinogradov",2474,Vinogradov,Akademik Aleksandr Vinogradov,7/16/1991,7/23/1991,,,7,
unknown,,,,,NULL,NULL,,,,
Unknown,,,,,NULL,NULL,,,,
UP,UP,3607,,,12/30/2005,12/30/2005,,,,
UPRI,UPRI,3608,,,1/7/2013,1/7/2013,,,,
Urban Interface,Urban Interface Soil Coring Campaign,3609,,,6/10/2024,7/18/2024,,,13,
Urban Interface Soil Coring Campaign,Urban Interface Soil Coring Campaign,3609,,Unknown,6/10/2024,7/18/2024,,,13,
US Department of Energy River Corridor Science Focus Area,US Department of Energy River Corridor Science Focus Area,3610,,,11/24/2020,5/23/2023,"US Department of Energy River Corridor Science Focus Area, Worldwide Hydrobiogeochemical Observation Network for Dynamic River Systems (WHONDRS)",,,
"US Department of Energy River Corridor Science Focus Area, Worldwide Hydrobiogeochemical Observation Network for Dynamic River Systems (WHONDRS)",US Department of Energy River Corridor Science Focus Area,3610,,,7/28/2019,10/9/2023,"US Department of Energy River Corridor Science Focus Area, Worldwide Hydrobiogeochemical Observation Network for Dynamic River Systems (WHONDRS)",,,
USAP B-511-M,USAP B-511-M,3611,,,11/15/2012,11/15/2012,,,,
USAP:G-094-P,USAP G-094-P,3612,,,12/31/2013,12/31/2013,,,,
USBM01A,USBM01A,3613,,,NULL,NULL,,,,
USC,USC,3614,,,7/26/2009,7/28/2009,,,,
USF GLY3311 course,USF GLY3311 course,3615,,,12/31/2017,12/31/2017,,,,
USGS,USGS,3616,,,NULL,NULL,,,,
USGS 1590 Series,USGS 1590 Series,3617,,,6/2/1905,12/31/1980,,,,
USGS 1590 Series Report A,USGS 1590 Series Report A,3618,,,12/31/1974,12/31/1979,,,,
USGS 1590 Series Report B,USGS 1590 Series Report B,3619,,,12/31/1976,12/31/1976,,,,
USGS 1590 Series Report E,USGS 1590 Series Report E,3620,,,12/31/1977,12/31/1977,,,,
USGS Alaska Basins and Petroleum Systems,USGS Alaska Basins and Petroleum Systems,3621,,,7/17/2012,7/15/2019,,,,
USGS Drylands,USGS Drylands,3622,,,12/31/1997,12/31/2006,,,,
USGS Drylands Project,USGS Drylands,3622,,,12/31/2000,12/31/2004,,,,
USGS Numbered Series,USGS Numbered Series,3623,,,12/31/1979,12/31/1979,,,,
USGS Reheis Archive,USGS Reheis Archive,3624,,,12/31/1999,12/31/2000,,,,
USGS Reheis Arvhive,USGS Reheis Arvhive,3625,,,12/31/1984,12/31/1984,,,,
USGS Sea Sounder S6-79 (1979),USGS Sea Sounder S6-79 (1979),3626,,,5/31/1979,5/31/1979,,,,
"USGS Survey of Greeneville Quad, Tenn.-N.C.","USGS Survey of Greeneville Quad, Tenn.-N.C.",3627,,,NULL,NULL,,,,
"USGS Survey of the Copper Deposits Near Lemhi Co, Idaho","USGS Survey of the Copper Deposits Near Lemhi Co, Idaho",3628,,,NULL,NULL,,,5,
"USGS Survey of the Copper Deposits Near Salmon, Idaho","USGS Survey of the Copper Deposits Near Salmon, Idaho",3629,,,NULL,NULL,,,5,
USGS/MDEM,USGS/MDEM,3630,,,NULL,NULL,,,,
USGS-KORDI Cooperative Cruise to the Marshall Islands (F10-89-CP),USGS-KORDI Cooperative Cruise to the Marshall Islands (F10-89-CP),3631,Farnella,Farnella,NULL,NULL,,,7,
USP/UFAC/ICMBio 2022,USP/UFAC/ICMBio 2022,3632,,,7/19/2022,7/19/2022,,,,
UTWE,UTWE,3633,,,8/22/2011,8/24/2011,,,,
UWI,UWI,3634,RV Molly McGlue,RV Molly McGlue,10/19/2015,10/22/2015,,,7,
UWRF,UWRF,3636,,,3/6/2016,2/6/2018,,,,
Věteřov 2012; Geomagnetic prospection in the Czech Republic,Věteřov 2012; Geomagnetic prospection in the Czech Republic,3686,,,9/19/2012,9/19/2012,,,,
VA01,VA01,3637,R/V Valdivia,R/V Valdivia,6/30/1971,6/30/1971,,,7,
VA01,VA01,3637,Valdavia,R/V Valdivia,,,,,7,
VA03,VA03,3638,R/V Valdivia,R/V Valdivia,1/9/1972,1/9/1972,,,7,
VA03,VA03,3638,Valdavia,R/V Valdivia,,,,,7,
VAN,VAN,3639,,,7/13/2006,7/17/2006,,,,
VANC02MV,VANC02MV,3640,Melville,R/V Melville,9/8/2002,10/7/2002,,,7,
VANC04,VANC04,3641,Melville,R/V Melville,10/31/2002,10/31/2002,,,7,
VANC13MV,VANC13MV,3642,Melville,R/V Melville,8/22/2003,8/24/2003,,,7,
VANC14MV,VANC14MV,3643,Melville,R/V Melville,8/26/2003,9/15/2003,,,7,
VANC15MV,VANC15MV,3644,Melville,R/V Melville,9/18/2003,9/25/2003,,,7,
VANC16MV,VANC16MV,3645,Melville,R/V Melville,9/29/2003,9/29/2003,,,7,
VANC19MV,VANC19MV,3646,Melville,R/V Melville,1/10/2004,1/13/2004,,,7,
VANC20MV,VANC20MV,3647,Melville,R/V Melville,1/13/2004,1/25/2004,,,7,
VANC21MV,VANC21MV,3648,Melville,R/V Melville,1/28/2004,2/14/2004,,,7,
VANC22MV,VANC22MV,3649,Melville,R/V Melville,2/19/2004,2/27/2004,,,7,
VANC23MV,VANC23MV,3650,Melville,R/V Melville,3/1/2004,3/6/2004,,,7,
VANC24MV,VANC24MV,3651,Melville,R/V Melville,3/13/2004,3/19/2004,,,7,
VANC25MV,VANC25MV,3652,Melville,R/V Melville,3/20/2004,4/1/2004,,,7,
VANC26MV,VANC26MV,3653,Melville,R/V Melville,4/3/2004,4/8/2004,,,7,
VANC27MV,VANC27MV,3654,Melville,R/V Melville,4/20/2004,5/21/2004,,,7,
VANC28MV,VANC28MV,3655,Melville,R/V Melville,4/22/2004,5/6/2004,,,7,
VANC29MV,VANC29MV,3656,Melville,R/V Melville,5/7/2004,5/18/2004,,,7,
VANC30MV,VANC30MV,3657,Melville,R/V Melville,5/19/2004,5/23/2004,,,7,
VASTB,VASTB,3658,,,5/9/2008,5/9/2008,,,,
VASTC,VASTC,3659,,,4/15/2009,8/14/2010,,,,
VAULT,VAULT,3660,,,3/21/2013,3/22/2013,,,,
VCNPD,VCNPD,3661,,,6/2/2016,6/19/2016,,,,
Vekol,Vekol,3662,,,NULL,NULL,,,,
VEMA V-33-07,VEMA V-33-07,3663,,,NULL,NULL,,,,
VEMA V-33-08,VEMA V-33-08,3664,,,NULL,NULL,,,,
VEMA V-33-09,VEMA V-33-09,3665,,,NULL,NULL,,,,
VEMA V-33-10,VEMA V-33-10,3666,,,NULL,NULL,,,,
VEMA V-33-11,VEMA V-33-11,3667,,,NULL,NULL,,,,
VEMA V-33-12,VEMA V-33-12,3668,,,NULL,NULL,,,,
VEMA V-33-13,VEMA V-33-13,3669,,,NULL,NULL,,,,
VEMA V-33-14,VEMA V-33-14,3670,,,NULL,NULL,,,,
VEMA V-33-15,VEMA V-33-15,3671,,,NULL,NULL,,,,
VEMA V-33-16,VEMA V-33-16,3672,,,NULL,NULL,,,,
VEMA V-33-17,VEMA V-33-17,3673,,,NULL,NULL,,,,
VEMA V-33-18,VEMA V-33-18,3674,,,NULL,NULL,,,,
VEMA V-33-19,VEMA V-33-19,3675,,,NULL,NULL,,,,
VEMA V-33-20,VEMA V-33-20,3676,,,NULL,NULL,,,,
VEMA V-33-21,VEMA V-33-21,3677,,,NULL,NULL,,,,
VEMA V-33-22,VEMA V-33-22,3678,,,NULL,NULL,,,,
VEMA V-33-23,VEMA V-33-23,3679,,,NULL,NULL,,,,
VEMA V-33-24,VEMA V-33-24,3680,,,NULL,NULL,,,,
VENZ,VENZ,3681,,,12/30/2002,12/30/2007,,,,
VEOLIA/SORME19/09/13,VEOLIA/SORME19/09/13,3682,,,9/18/2013,9/18/2013,,,,
VERE,VERE,3683,RV Vereshagin,RV Vereshagin,7/23/1990,12/30/1994,,,7,
VERSEAU - DRASTIC projects (Loire-Bretagne Water Agency),VERSEAU - DRASTIC projects (Loire-Bretagne Water Agency),3684,,,3/27/2013,4/29/2014,,,,
VERSEAU - DRASTICprojects (Loire-Bretagne Water Agency),VERSEAU - DRASTIC projects (Loire-Bretagne Water Agency),3684,,,9/17/2012,1/15/2013,,,,
VERSEAU project,VERSEAU project,3685,,,3/14/2012,1/10/2016,,,,
VFH,VFH,3687,,,12/30/2005,12/30/2005,,,,
Victoria,Victoria,3688,RV Ibis,RV Ibis,3/31/1995,12/30/1996,,,7,
VISIONS'11,VISIONS'11,3689,R/V Thomas G. Thompson,R/V Thomas G. Thompson,8/23/2011,8/30/2011,,,7,
VLCN05MV,VLCN05MV,3690,Melville,R/V Melville,11/30/1980,11/30/1980,,,7,
VLCN08MV,VLCN08MV,3691,Melville,R/V Melville,NULL,NULL,,,7,
VM02,VM02,3692,Vema,R/V Vema,7/25/1953,7/27/1953,,,7,
V0201,VM0201,3693,Vema,R/V Vema,7/20/1953,7/29/1953,,,7,
V0202,VM0202,3694,Vema,R/V Vema,8/23/1953,8/25/1953,,,7,
VM03,VM03,3695,Vema,R/V Vema,2/28/1954,4/3/1954,,,7,
V0302,VM0302,3696,Vema,R/V Vema,1/29/1954,2/9/1954,,,7,
V0304,VM0304,3697,Vema,R/V Vema,2/16/1954,2/20/1954,,,7,
V0305,VM0305,3698,Vema,R/V Vema,2/25/1954,3/8/1954,,,7,
V0306,VM0306,3699,Vema,R/V Vema,3/13/1954,3/21/1954,,,7,
V0307,VM0307,3700,Vema,R/V Vema,4/2/1954,4/17/1954,,,7,
V0308,VM0308,3701,Vema,R/V Vema,4/20/1954,5/1/1954,,,7,
V0309,VM0309,3702,Vema,R/V Vema,5/5/1954,5/18/1954,,,7,
V0310,VM0310,3703,Vema,R/V Vema,5/21/1954,6/2/1954,,,7,
VM04,VM04,3704,Vema,R/V Vema,7/21/1954,8/6/1954,,,7,
VM0004,VM04,3704,Vema,R/V Vema,8/29/1954,8/30/1954,,,7,
V0401,VM0401,3705,Vema,R/V Vema,7/9/1954,7/25/1954,,,7,
V0402,VM0402,3706,Vema,R/V Vema,8/1/1954,8/9/1954,,,7,
V0404,VM0404,3707,Vema,R/V Vema,8/21/1954,8/21/1954,,,7,
V0405,VM0405,3708,Vema,R/V Vema,8/26/1954,9/5/1954,,,7,
VM05,VM05,3709,Vema,R/V Vema,11/8/1954,12/12/1954,,,7,
V0501,VM0501,3710,Vema,R/V Vema,11/6/1954,11/8/1954,,,7,
V0502,VM0502,3711,Vema,R/V Vema,11/11/1954,11/14/1954,,,7,
V0503,VM0503,3712,Vema,R/V Vema,11/16/1954,11/18/1954,,,7,
V0504,VM0504,3713,Vema,R/V Vema,11/22/1954,11/25/1954,,,7,
V0505,VM0505,3714,Vema,R/V Vema,12/3/1954,12/4/1954,,,7,
V0507,VM0507,3715,Vema,R/V Vema,12/11/1954,12/13/1954,,,7,
V0604,VM0604,3716,Vema,R/V Vema,2/11/1955,2/13/1955,,,7,
V0605,VM0605,3717,Vema,R/V Vema,2/19/1955,2/21/1955,,,7,
V0606,VM0606,3718,Vema,R/V Vema,3/3/1955,3/7/1955,,,7,
V0607,VM0607,3719,Vema,R/V Vema,3/15/1955,3/15/1955,,,7,
V0608,VM0608,3720,Vema,R/V Vema,3/27/1955,3/27/1955,,,7,
VM07,VM07,3721,Vema,R/V Vema,6/17/1955,8/14/1955,,,7,
V0701,VM0701,3722,Vema,R/V Vema,5/25/1955,6/4/1955,,,7,
V0702,VM0702,3723,Vema,R/V Vema,6/10/1955,6/28/1955,,,7,
V0703,VM0703,3724,Vema,R/V Vema,7/9/1955,7/26/1955,,,7,
V0704,VM0704,3725,Vema,R/V Vema,8/4/1955,8/14/1955,,,7,
V0705,VM0705,3726,Vema,R/V Vema,8/31/1955,9/17/1955,,,7,
VM08,VM08,3727,Vema,R/V Vema,12/6/1955,12/6/1955,,,7,
V0803,VM0803,3728,Vema,R/V Vema,11/8/1955,11/12/1955,,,7,
V0805,VM0805,3729,Vema,R/V Vema,11/21/1955,11/30/1955,,,7,
V0807,VM0807,3730,Vema,R/V Vema,12/7/1955,12/21/1955,,,7,
V0808,VM0808,3731,Vema,R/V Vema,12/30/1955,2/7/1956,,,7,
VM09,VM09,3732,Vema,R/V Vema,3/30/1956,3/30/1956,,,7,
V0901,VM0901,3733,Vema,R/V Vema,2/10/1956,2/16/1956,,,7,
V0902,VM0902,3734,Vema,R/V Vema,3/2/1956,3/17/1956,,,7,
V0903,VM0903,3735,Vema,R/V Vema,3/28/1956,4/15/1956,,,7,
VM10,VM10,3736,Vema,R/V Vema,7/3/1956,7/8/1956,,,7,
V1003,VM1003,3737,Vema,R/V Vema,6/29/1956,7/3/1956,,,7,
V1004,VM1004,3738,Vema,R/V Vema,7/5/1956,7/9/1956,,,7,
V1005,VM1005,3739,Vema,R/V Vema,7/12/1956,7/14/1956,,,7,
V1006,VM1006,3740,Vema,R/V Vema,7/16/1956,7/19/1956,,,7,
V1007,VM1007,3741,Vema,R/V Vema,7/21/1956,7/27/1956,,,7,
V1008,VM1008,3742,Vema,R/V Vema,7/30/1956,8/5/1956,,,7,
V1009,VM1009,3743,Vema,R/V Vema,8/6/1956,8/11/1956,,,7,
V1010,VM1010,3744,Vema,R/V Vema,8/14/1956,8/19/1956,,,7,
V1011,VM1011,3745,Vema,R/V Vema,8/27/1956,9/1/1956,,,7,
V1012,VM1012,3746,Vema,R/V Vema,9/3/1956,9/4/1956,,,7,
V1013,VM1013,3747,Vema,R/V Vema,9/8/1956,9/25/1956,,,7,
V1101,VM1101,3748,Vema,R/V Vema,11/6/1956,11/6/1956,,,7,
VM12,VM12,3749,Vema,R/V Vema,1/29/1957,6/23/1957,,,7,
VM0012,VM12,3749,Vema,R/V Vema,4/5/1957,4/5/1957,,,7,
V12,VM12,3749,Vema,R/V Vema,7/13/1957,7/29/1957,,,7,
V1201,VM1201,3750,Vema,R/V Vema,12/15/1956,12/16/1956,,,7,
V1202,VM1202,3751,Vema,R/V Vema,12/22/1956,1/7/1957,,,7,
V1203,VM1203,3752,Vema,R/V Vema,1/21/1957,1/31/1957,,,7,
V1204,VM1204,3753,Vema,R/V Vema,2/12/1957,2/18/1957,,,7,
V1206,VM1206,3754,Vema,R/V Vema,3/13/1957,3/23/1957,,,7,
V1207,VM1207,3755,Vema,R/V Vema,4/1/1957,4/20/1957,,,7,
V1208,VM1208,3756,Vema,R/V Vema,4/28/1957,5/7/1957,,,7,
V1209,VM1209,3757,Vema,R/V Vema,5/18/1957,6/10/1957,,,7,
V1210,VM1210,3758,Vema,R/V Vema,6/28/1957,7/2/1957,,,7,
V1211,VM1211,3759,Vema,R/V Vema,7/10/1957,7/12/1957,,,7,
V1212,VM1212,3760,Vema,R/V Vema,8/8/1957,8/11/1957,,,7,
V1213,VM1213,3761,Vema,R/V Vema,8/14/1957,8/17/1957,,,7,
V1301,VM1301,3762,Vema,R/V Vema,10/24/1957,10/31/1957,,,7,
VM14,VM14,3763,Vema,R/V Vema,11/11/1957,5/23/1958,,,7,
VM0014,VM14,3763,Vema,R/V Vema,1/29/1958,6/13/1961,,,7,
V1402,VM1402,3764,Vema,R/V Vema,11/21/1957,12/8/1957,,,7,
V1403,VM1403,3765,Vema,R/V Vema,12/15/1957,12/16/1957,,,7,
V1404,VM1404,3766,Vema,R/V Vema,12/20/1957,12/27/1957,,,7,
V1405,VM1405,3767,Vema,R/V Vema,1/2/1958,1/7/1958,,,7,
V1406,VM1406,3768,Vema,R/V Vema,1/17/1958,1/20/1958,,,7,
V1407,VM1407,3769,Vema,R/V Vema,1/29/1958,2/12/1958,,,7,
V1408,VM1408,3770,Vema,R/V Vema,2/18/1958,3/10/1958,,,7,
V1409,VM1409,3771,Vema,R/V Vema,3/13/1958,4/5/1958,,,7,
V1410,VM1410,3772,Vema,R/V Vema,4/19/1958,4/22/1958,,,7,
V1411,VM1411,3773,Vema,R/V Vema,4/23/1958,5/4/1958,,,7,
V1412,VM1412,3774,Vema,R/V Vema,5/11/1958,6/5/1958,,,7,
V1413,VM1413,3775,Vema,R/V Vema,6/9/1958,6/27/1958,,,7,
V1414,VM1414,3776,Vema,R/V Vema,7/2/1958,7/2/1958,,,7,
V1415,VM1415,3777,Vema,R/V Vema,7/5/1958,7/14/1958,,,7,
V1416,VM1416,3778,Vema,R/V Vema,7/23/1958,8/2/1958,,,7,
V1417,VM1417,3779,Vema,R/V Vema,8/7/1958,8/10/1958,,,7,
V1418,VM1418,3780,Vema,R/V Vema,8/13/1958,8/13/1958,,,7,
VM0015,VM15,3781,Vema,R/V Vema,10/28/1958,7/11/1959,,,7,
VM15,VM15,3781,Vema,R/V Vema,11/21/1958,6/23/1959,,,7,
V15,VM15,3781,Vema,R/V Vema,2/18/1959,2/20/1959,,,7,
V1501,VM1501,3782,Vema,R/V Vema,10/17/1958,10/21/1958,,,7,
V1502,VM1502,3783,Vema,R/V Vema,11/3/1958,11/9/1958,,,7,
V1503,VM1503,3784,Vema,R/V Vema,11/12/1958,12/10/1958,,,7,
V1504,VM1504,3785,Vema,R/V Vema,12/16/1958,12/31/1958,,,7,
V1505,VM1505,3786,Vema,R/V Vema,1/6/1959,1/12/1959,,,7,
V1506,VM1506,3787,Vema,R/V Vema,1/15/1959,1/20/1959,,,7,
V1507,VM1507,3788,Vema,R/V Vema,1/22/1959,1/31/1959,,,7,
V1508,VM1508,3789,Vema,R/V Vema,2/4/1959,2/5/1959,,,7,
V1508A,VM1508A,3790,Vema,R/V Vema,2/7/1959,2/13/1959,,,7,
V1509,VM1509,3791,Vema,R/V Vema,2/14/1959,2/14/1959,,,7,
V1510,VM1510,3792,Vema,R/V Vema,2/22/1959,3/8/1959,,,7,
V1511,VM1511,3793,Vema,R/V Vema,3/11/1959,4/4/1959,,,7,
V1512,VM1512,3794,Vema,R/V Vema,4/5/1959,4/5/1959,,,7,
V1513,VM1513,3795,Vema,R/V Vema,4/19/1959,5/2/1959,,,7,
V1514,VM1514,3796,Vema,R/V Vema,5/4/1959,5/20/1959,,,7,
V1515,VM1515,3797,Vema,R/V Vema,5/24/1959,5/24/1959,,,7,
V1516,VM1516,3798,Vema,R/V Vema,5/26/1959,6/12/1959,,,7,
V1517,VM1517,3799,Vema,R/V Vema,6/16/1959,6/23/1959,,,7,
V1518,VM1518,3800,Vema,R/V Vema,7/1/1959,7/12/1959,,,7,
VM16,VM16,3801,Vema,R/V Vema,10/12/1959,8/28/1960,,,7,
VM0016,VM16,3801,Vema,R/V Vema,1/28/1960,9/8/1960,,,7,
V1601,VM1601,3802,Vema,R/V Vema,10/3/1959,10/13/1959,,,7,
V1602,VM1602,3803,Vema,R/V Vema,10/19/1959,10/27/1959,,,7,
V1603,VM1603,3804,Vema,R/V Vema,11/3/1959,11/15/1959,,,7,
V1604,VM1604,3805,Vema,R/V Vema,11/22/1959,12/19/1959,,,7,
V1605,VM1605,3806,Vema,R/V Vema,12/27/1959,1/20/1960,,,7,
V1606,VM1606,3807,Vema,R/V Vema,1/24/1960,2/18/1960,,,7,
V1607,VM1607,3808,Vema,R/V Vema,3/1/1960,3/9/1960,,,7,
V1608,VM1608,3809,Vema,R/V Vema,3/16/1960,4/5/1960,,,7,
V1609,VM1609,3810,Vema,R/V Vema,4/11/1960,5/10/1960,,,7,
V1610,VM1610,3811,Vema,R/V Vema,5/13/1960,6/7/1960,,,7,
V1611,VM1611,3812,Vema,R/V Vema,6/15/1960,6/29/1960,,,7,
V1612,VM1612,3813,Vema,R/V Vema,7/5/1960,7/29/1960,,,7,
V1613,VM1613,3814,Vema,R/V Vema,8/8/1960,8/10/1960,,,7,
V1614,VM1614,3815,Vema,R/V Vema,8/12/1960,8/21/1960,,,7,
V1615,VM1615,3816,Vema,R/V Vema,8/23/1960,9/7/1960,,,7,
V1616,VM1616,3817,Vema,R/V Vema,9/10/1960,9/10/1960,,,7,
VM0017,VM17,3818,Vema,R/V Vema,1/4/1961,9/12/1961,,,7,
VM17,VM17,3818,Vema,R/V Vema,3/21/1961,9/15/1961,,,7,
V1702,VM1702,3819,Vema,R/V Vema,12/14/1960,12/21/1960,,,7,
V1703,VM1703,3820,Vema,R/V Vema,12/31/1960,1/7/1961,,,7,
V1704,VM1704,3821,Vema,R/V Vema,1/12/1961,2/12/1961,,,7,
V1705,VM1705,3822,Vema,R/V Vema,2/18/1961,3/5/1961,,,7,
V1706,VM1706,3823,Vema,R/V Vema,3/11/1961,3/15/1961,,,7,
V1707,VM1707,3824,Vema,R/V Vema,3/20/1961,3/28/1961,,,7,
V1708,VM1708,3825,Vema,R/V Vema,3/31/1961,4/3/1961,,,7,
V1709,VM1709,3826,Vema,R/V Vema,4/12/1961,4/25/1961,,,7,
V1710,VM1710,3827,Vema,R/V Vema,5/3/1961,5/18/1961,,,7,
V1711,VM1711,3828,Vema,R/V Vema,5/22/1961,6/18/1961,,,7,
V1712,VM1712,3829,Vema,R/V Vema,6/26/1961,7/16/1961,,,7,
V1713,VM1713,3830,Vema,R/V Vema,7/19/1961,8/3/1961,,,7,
V1714,VM1714,3831,Vema,R/V Vema,8/12/1961,8/14/1961,,,7,
V1715,VM1715,3832,Vema,R/V Vema,8/17/1961,8/23/1961,,,7,
V1716,VM1716,3833,Vema,R/V Vema,8/25/1961,9/15/1961,,,7,
V1717,VM1717,3834,Vema,R/V Vema,9/23/1961,9/25/1961,,,7,
VM18,VM18,3835,Vema,R/V Vema,12/31/1961,12/3/1962,,,7,
VM0018,VM18,3835,Vema,R/V Vema,1/8/1962,11/2/1962,,,7,
V1802,VM1802,3836,Vema,R/V Vema,12/5/1961,12/22/1961,,,7,
V1803,VM1803,3837,Vema,R/V Vema,12/27/1961,1/16/1962,,,7,
V1804,VM1804,3838,Vema,R/V Vema,1/21/1962,2/3/1962,,,7,
V1805,VM1805,3839,Vema,R/V Vema,2/10/1962,2/18/1962,,,7,
V1806,VM1806,3840,Vema,R/V Vema,2/23/1962,3/8/1962,,,7,
V1807,VM1807,3841,Vema,R/V Vema,3/13/1962,4/2/1962,,,7,
V1808,VM1808,3842,Vema,R/V Vema,4/7/1962,4/30/1962,,,7,
V1809,VM1809,3843,Vema,R/V Vema,5/10/1962,5/29/1962,,,7,
V1810,VM1810,3844,Vema,R/V Vema,6/4/1962,6/16/1962,,,7,
V1811,VM1811,3845,Vema,R/V Vema,6/22/1962,7/10/1962,,,7,
V1812,VM1812,3846,Vema,R/V Vema,7/14/1962,7/29/1962,,,7,
V1813,VM1813,3847,Vema,R/V Vema,8/5/1962,8/20/1962,,,7,
V1814,VM1814,3848,Vema,R/V Vema,8/26/1962,9/14/1962,,,7,
V1815,VM1815,3849,Vema,R/V Vema,9/19/1962,10/12/1962,,,7,
V1816,VM1816,3850,Vema,R/V Vema,10/15/1962,10/23/1962,,,7,
V1817,VM1817,3851,Vema,R/V Vema,10/28/1962,11/8/1962,,,7,
V1818,VM1818,3852,Vema,R/V Vema,11/14/1962,11/23/1962,,,7,
V1819,VM1819,3853,Vema,R/V Vema,11/28/1962,12/4/1962,,,7,
VM0019,VM19,3854,Vema,R/V Vema,1/25/1963,12/5/1963,,,7,
VM19,VM19,3854,Vema,R/V Vema,4/4/1963,10/12/1963,,,7,
V1901,VM1901,3855,Vema,R/V Vema,2/21/1963,2/23/1963,,,7,
V1902,VM1902,3856,Vema,R/V Vema,2/27/1963,3/9/1963,,,7,
V1903,VM1903,3857,Vema,R/V Vema,3/15/1963,3/23/1963,,,7,
V1904,VM1904,3858,Vema,R/V Vema,3/31/1963,4/10/1963,,,7,
V1905,VM1905,3859,Vema,R/V Vema,4/13/1963,5/5/1963,,,7,
V1906,VM1906,3860,Vema,R/V Vema,5/9/1963,5/17/1963,,,7,
V1907,VM1907,3861,Vema,R/V Vema,5/21/1963,6/13/1963,,,7,
V1908,VM1908,3862,Vema,R/V Vema,6/22/1963,7/7/1963,,,7,
V1909,VM1909,3863,Vema,R/V Vema,7/11/1963,8/3/1963,,,7,
V1910,VM1910,3864,Vema,R/V Vema,8/8/1963,8/24/1963,,,7,
V1911,VM1911,3865,Vema,R/V Vema,8/27/1963,9/13/1963,,,7,
V1912,VM1912,3866,Vema,R/V Vema,9/19/1963,10/21/1963,,,7,
V1913,VM1913,3867,Vema,R/V Vema,11/14/1963,12/3/1963,,,7,
V20,VM20,3868,Vema,R/V Vema,2/25/1964,2/25/1964,,,7,
VM20,VM20,3868,Vema,R/V Vema,3/11/1964,11/24/1964,,,7,
VM0020,VM20,3868,Vema,R/V Vema,4/2/1964,11/30/1964,,,7,
V2002,VM2002,3869,Vema,R/V Vema,3/1/1964,3/14/1964,,,7,
V2003,VM2003,3870,Vema,R/V Vema,3/17/1964,4/14/1964,,,7,
V2004,VM2004,3871,Vema,R/V Vema,4/20/1964,4/29/1964,,,7,
V2005,VM2005,3872,Vema,R/V Vema,5/6/1964,5/23/1964,,,7,
V2006,VM2006,3873,Vema,R/V Vema,5/27/1964,6/19/1964,,,7,
V2007,VM2007,3874,Vema,R/V Vema,7/4/1964,7/4/1964,,,7,
V2008,VM2008,3875,Vema,R/V Vema,7/29/1964,8/17/1964,,,7,
V2009,VM2009,3876,Vema,R/V Vema,8/24/1964,9/16/1964,,,7,
V2010,VM2010,3877,Vema,R/V Vema,9/21/1964,10/6/1964,,,7,
V2011,VM2011,3878,Vema,R/V Vema,10/15/1964,11/5/1964,,,7,
V2012,VM2012,3879,Vema,R/V Vema,11/11/1964,12/1/1964,,,7,
V2013,VM2013,3880,Vema,R/V Vema,12/4/1964,12/8/1964,,,7,
VM21,VM21,3881,Vema,R/V Vema,2/17/1965,10/19/1965,,,7,
VM0021,VM21,3881,Vema,R/V Vema,8/18/1965,10/18/1965,,,7,
V2101,VM2101,3882,Vema,R/V Vema,2/11/1965,2/22/1965,,,7,
V2103,VM2103,3883,Vema,R/V Vema,3/1/1965,3/10/1965,,,7,
V2104,VM2104,3884,Vema,R/V Vema,3/14/1965,4/5/1965,,,7,
V2106,VM2106,3885,Vema,R/V Vema,5/6/1965,5/25/1965,,,7,
V2107,VM2107,3886,Vema,R/V Vema,6/15/1965,7/3/1965,,,7,
V2108,VM2108,3887,Vema,R/V Vema,7/8/1965,7/23/1965,,,7,
V2109A,VM2109A,3888,Vema,R/V Vema,8/1/1965,8/1/1965,,,7,
V2109B,VM2109B,3889,Vema,R/V Vema,8/3/1965,8/5/1965,,,7,
V2110,VM2110,3890,Vema,R/V Vema,8/9/1965,8/31/1965,,,7,
V2111,VM2111,3891,Vema,R/V Vema,9/5/1965,9/14/1965,,,7,
V2112,VM2112,3892,Vema,R/V Vema,9/16/1965,9/28/1965,,,7,
V2113,VM2113,3893,Vema,R/V Vema,10/10/1965,11/8/1965,,,7,
V2114,VM2114,3894,Vema,R/V Vema,11/14/1965,12/8/1965,,,7,
VM22,VM22,3895,Vema,R/V Vema,1/21/1966,6/6/1966,,,7,
VM0022,VM22,3895,Vema,R/V Vema,2/21/1966,5/10/1966,,,7,
V2201,VM2201,3896,Vema,R/V Vema,1/10/1966,1/25/1966,,,7,
V2202,VM2202,3897,Vema,R/V Vema,1/30/1966,2/14/1966,,,7,
V2203,VM2203,3898,Vema,R/V Vema,2/17/1966,3/8/1966,,,7,
V2204,VM2204,3899,Vema,R/V Vema,3/15/1966,4/10/1966,,,7,
V2205,VM2205,3900,Vema,R/V Vema,4/16/1966,4/22/1966,,,7,
V2206,VM2206,3901,Vema,R/V Vema,4/26/1966,5/21/1966,,,7,
V2207,VM2207,3902,Vema,R/V Vema,5/24/1966,6/11/1966,,,7,
VM0023,VM23,3903,Vema,R/V Vema,9/12/1966,9/12/1966,,,7,
VM23,VM23,3903,Vema,R/V Vema,11/15/1966,11/15/1966,,,7,
V2301,VM2301,3904,Vema,R/V Vema,7/28/1966,7/31/1966,,,7,
V2302,VM2302,3905,Vema,R/V Vema,8/8/1966,8/22/1966,,,7,
V2303,VM2303,3906,Vema,R/V Vema,8/30/1966,9/12/1966,,,7,
V2304,VM2304,3907,Vema,R/V Vema,9/18/1966,10/7/1966,,,7,
V2305,VM2305,3908,Vema,R/V Vema,10/15/1966,11/1/1966,,,7,
V2306,VM2306,3909,Vema,R/V Vema,11/6/1966,12/3/1966,,,7,
V2307,VM2307,3910,Vema,R/V Vema,12/8/1966,12/12/1966,,,7,
VM24,VM24,3911,Vema,R/V Vema,1/16/1967,11/23/1967,,,7,
VM0024,VM24,3911,Vema,R/V Vema,3/19/1967,4/3/1967,,,7,
V2401,VM2401,3912,Vema,R/V Vema,1/17/1967,1/27/1967,,,7,
V2402,VM2402,3913,Vema,R/V Vema,2/1/1967,2/17/1967,,,7,
V2403,VM2403,3914,Vema,R/V Vema,2/21/1967,3/20/1967,,,7,
V2404,VM2404,3915,Vema,R/V Vema,3/27/1967,4/20/1967,,,7,
V2405,VM2405,3916,Vema,R/V Vema,4/25/1967,5/23/1967,,,7,
V2406,VM2406,3917,Vema,R/V Vema,6/2/1967,6/9/1967,,,7,
V2407,VM2407,3918,Vema,R/V Vema,6/18/1967,7/11/1967,,,7,
V2408,VM2408,3919,Vema,R/V Vema,7/17/1967,8/6/1967,,,7,
V2409,VM2409,3920,Vema,R/V Vema,8/13/1967,8/14/1967,,,7,
V2410,VM2410,3921,Vema,R/V Vema,8/23/1967,9/2/1967,,,7,
V2411,VM2411,3922,Vema,R/V Vema,9/18/1967,10/9/1967,,,7,
V2412,VM2412,3923,Vema,R/V Vema,10/16/1967,11/9/1967,,,7,
V2413,VM2413,3924,Vema,R/V Vema,11/18/1967,12/12/1967,,,7,
VM0025,VM25,3925,Vema,R/V Vema,1/24/1968,3/23/1968,,,7,
VM25,VM25,3925,Vema,R/V Vema,3/1/1968,4/7/1968,,,7,
V2501,VM2501,3926,Vema,R/V Vema,1/6/1968,2/2/1968,,,7,
V2502,VM2502,3927,Vema,R/V Vema,2/9/1968,3/6/1968,,,7,
V2503,VM2503,3928,Vema,R/V Vema,3/11/1968,3/29/1968,,,7,
VM0026,VM26,3929,Vema,R/V Vema,8/2/1968,1/24/1969,,,7,
VM26,VM26,3929,Vema,R/V Vema,1/28/1969,3/11/1969,,,7,
V2601,VM2601,3930,Vema,R/V Vema,7/28/1968,8/11/1968,,,7,
V2602,VM2602,3931,Vema,R/V Vema,8/24/1968,9/18/1968,,,7,
V2603,VM2603,3932,Vema,R/V Vema,9/27/1968,10/18/1968,,,7,
V2604,VM2604,3933,Vema,R/V Vema,10/26/1968,11/19/1968,,,7,
V2605,VM2605,3934,Vema,R/V Vema,11/30/1968,12/25/1968,,,7,
V2606,VM2606,3935,Vema,R/V Vema,1/3/1969,1/27/1969,,,7,
V2607,VM2607,3936,Vema,R/V Vema,2/5/1969,2/25/1969,,,7,
V2608,VM2608,3937,Vema,R/V Vema,3/6/1969,4/2/1969,,,7,
V2609,VM2609,3938,Vema,R/V Vema,4/12/1969,5/7/1969,,,7,
V2610,VM2610,3939,Vema,R/V Vema,5/12/1969,5/16/1969,,,7,
VM27,VM27,3940,Vema,R/V Vema,6/2/1969,4/24/1970,,,7,
VM0027,VM27,3940,Vema,R/V Vema,7/13/1969,2/20/1970,,,7,
V2701,VM2701,3941,Vema,R/V Vema,5/30/1969,6/13/1969,,,7,
V2702,VM2702,3942,Vema,R/V Vema,6/21/1969,7/12/1969,,,7,
V2703,VM2703,3943,Vema,R/V Vema,7/19/1969,8/5/1969,,,7,
V2704,VM2704,3944,Vema,R/V Vema,8/11/1969,9/5/1969,,,7,
V2705,VM2705,3945,Vema,R/V Vema,9/11/1969,9/15/1969,,,7,
V2706,VM2706,3946,Vema,R/V Vema,9/20/1969,10/14/1969,,,7,
V2707,VM2707,3947,Vema,R/V Vema,10/19/1969,11/15/1969,,,7,
V2708,VM2708,3948,Vema,R/V Vema,11/21/1969,11/30/1969,,,7,
V2709,VM2709,3949,Vema,R/V Vema,12/3/1969,12/27/1969,,,7,
V2710,VM2710,3950,Vema,R/V Vema,1/2/1970,1/26/1970,,,7,
V2712,VM2712,3951,Vema,R/V Vema,2/13/1970,3/9/1970,,,7,
V2713,VM2713,3952,Vema,R/V Vema,3/15/1970,4/5/1970,,,7,
V2714,VM2714,3953,Vema,R/V Vema,4/13/1970,5/6/1970,,,7,
VM0028,VM28,3954,Vema,R/V Vema,8/11/1970,11/6/1971,,,7,
VM28,VM28,3954,Vema,R/V Vema,9/16/1970,9/25/1971,,,7,
V2801,VM2801,3955,Vema,R/V Vema,6/26/1970,7/14/1970,,,7,
V2802,VM2802,3956,Vema,R/V Vema,7/18/1970,8/1/1970,,,7,
V2803,VM2803,3957,Vema,R/V Vema,8/7/1970,9/1/1970,,,7,
V2804,VM2804,3958,Vema,R/V Vema,9/11/1970,10/3/1970,,,7,
V2805,VM2805,3959,Vema,R/V Vema,10/12/1970,10/31/1970,,,7,
V2806,VM2806,3960,Vema,R/V Vema,11/9/1970,11/19/1970,,,7,
V2807,VM2807,3961,Vema,R/V Vema,11/26/1970,12/20/1970,,,7,
V2808,VM2808,3962,Vema,R/V Vema,12/27/1970,1/6/1971,,,7,
V2809,VM2809,3963,Vema,R/V Vema,1/9/1971,1/30/1971,,,7,
V2810,VM2810,3964,Vema,R/V Vema,2/5/1971,3/4/1971,,,7,
V2811,VM2811,3965,Vema,R/V Vema,3/13/1971,4/6/1971,,,7,
V2812,VM2812,3966,Vema,R/V Vema,4/14/1971,4/18/1971,,,7,
V2813,VM2813,3967,Vema,R/V Vema,4/21/1971,5/8/1971,,,7,
V2814,VM2814,3968,Vema,R/V Vema,5/9/1971,6/16/1971,,,7,
V2815,VM2815,3969,Vema,R/V Vema,6/22/1971,7/16/1971,,,7,
V2816,VM2816,3970,Vema,R/V Vema,7/25/1971,8/5/1971,,,7,
V2817,VM2817,3971,Vema,R/V Vema,8/12/1971,9/7/1971,,,7,
V2818,VM2818,3972,Vema,R/V Vema,9/15/1971,10/9/1971,,,7,
V2819,VM2819,3973,Vema,R/V Vema,10/17/1971,11/10/1971,,,7,
VM29,VM29,3974,Vema,R/V Vema,11/22/1971,9/28/1972,,,7,
VM0029,VM29,3974,Vema,R/V Vema,1/25/1972,9/30/1972,,,7,
V2901,VM2901,3975,Vema,R/V Vema,11/20/1971,12/13/1971,,,7,
V2902,VM2902,3976,Vema,R/V Vema,12/18/1971,1/14/1972,,,7,
V2903,VM2903,3977,Vema,R/V Vema,1/20/1972,2/11/1972,,,7,
V2904,VM2904,3978,Vema,R/V Vema,2/18/1972,3/14/1972,,,7,
V2905,VM2905,3979,Vema,R/V Vema,3/22/1972,4/14/1972,,,7,
V2906,VM2906,3980,Vema,R/V Vema,4/24/1972,5/13/1972,,,7,
V2907,VM2907,3981,Vema,R/V Vema,5/21/1972,6/8/1972,,,7,
V2908,VM2908,3982,Vema,R/V Vema,6/15/1972,7/5/1972,,,7,
V2909,VM2909,3983,Vema,R/V Vema,7/14/1972,8/4/1972,,,7,
V2910,VM2910,3984,Vema,R/V Vema,8/11/1972,9/4/1972,,,7,
V2911,VM2911,3985,Vema,R/V Vema,9/15/1972,9/30/1972,,,7,
VM30,VM30,3986,Vema,R/V Vema,1/7/1973,11/24/1973,,,7,
VM0030,VM30,3986,Vema,R/V Vema,2/11/1973,12/17/1973,,,7,
V3001,VM3001,3987,Vema,R/V Vema,11/24/1972,11/26/1972,,,7,
V3002,VM3002,3988,Vema,R/V Vema,12/11/1972,12/27/1972,,,7,
V3003,VM3003,3989,Vema,R/V Vema,1/5/1973,1/27/1973,,,7,
V3004,VM3004,3990,Vema,R/V Vema,2/3/1973,2/26/1973,,,7,
V3005,VM3005,3991,Vema,R/V Vema,3/3/1973,3/23/1973,,,7,
V3006,VM3006,3992,Vema,R/V Vema,4/1/1973,4/17/1973,,,7,
V3007,VM3007,3993,R/V Vema,R/V Vema,4/29/1973,4/29/1973,,,7,
V3007,VM3007,3993,Vema,R/V Vema,5/6/1973,5/13/1973,,,7,
V3008,VM3008,3994,Vema,R/V Vema,5/27/1973,6/14/1973,,,7,
V3009,VM3009,3995,Vema,R/V Vema,6/26/1973,7/20/1973,,,7,
V3010,VM3010,3996,Vema,R/V Vema,7/28/1973,8/24/1973,,,7,
V3011,VM3011,3997,Vema,R/V Vema,8/29/1973,9/26/1973,,,7,
V3012,VM3012,3998,Vema,R/V Vema,10/13/1973,10/27/1973,,,7,
V3013,VM3013,3999,Vema,R/V Vema,10/31/1973,11/28/1973,,,7,
V3014,VM3014,4000,Vema,R/V Vema,12/5/1973,12/27/1973,,,7,
VM31,VM31,4001,Vema,R/V Vema,2/12/1974,8/17/1974,,,7,
VM0031,VM31,4001,Vema,R/V Vema,2/13/1974,7/15/1974,,,7,
V3101,VM3101,4002,Vema,R/V Vema,1/2/1974,1/27/1974,,,7,
V3102,VM3102,4003,Vema,R/V Vema,2/9/1974,2/22/1974,,,7,
V3103,VM3103,4004,Vema,R/V Vema,3/10/1974,3/29/1974,,,7,
V3104,VM3104,4005,Vema,R/V Vema,4/7/1974,5/1/1974,,,7,
V3105,VM3105,4006,Vema,R/V Vema,5/10/1974,5/28/1974,,,7,
V3106,VM3106,4007,Vema,R/V Vema,6/8/1974,6/26/1974,,,7,
V3107,VM3107,4008,Vema,R/V Vema,7/5/1974,7/30/1974,,,7,
V3108,VM3108,4009,Vema,R/V Vema,8/7/1974,8/31/1974,,,7,
V32,VM32,4010,Vema,R/V Vema,10/30/1974,10/30/1974,,,7,
VM32,VM32,4010,Vema,R/V Vema,12/15/1974,10/21/1975,,,7,
VM0032,VM32,4010,Vema,R/V Vema,9/24/1975,11/2/1975,,,7,
V3203,VM3203,4011,Vema,R/V Vema,11/29/1974,12/15/1974,,,7,
V3204,VM3204,4012,Vema,R/V Vema,12/22/1974,1/12/1975,,,7,
V3205,VM3205,4013,Vema,R/V Vema,1/19/1975,2/13/1975,,,7,
V3206,VM3206,4014,Vema,R/V Vema,2/24/1975,3/14/1975,,,7,
V3207,VM3207,4015,Vema,R/V Vema,3/24/1975,4/17/1975,,,7,
V3208,VM3208,4016,Vema,R/V Vema,4/24/1975,4/30/1975,,,7,
V3209,VM3209,4017,Vema,R/V Vema,5/13/1975,5/25/1975,,,7,
V3210,VM3210,4018,Vema,R/V Vema,6/5/1975,6/23/1975,,,7,
V3211,VM3211,4019,R/V Vema,R/V Vema,7/12/1975,7/12/1975,,,7,
V3211,VM3211,4019,Vema,R/V Vema,7/3/1975,7/12/1975,,,7,
V3212,VM3212,4020,Vema,R/V Vema,7/20/1975,8/11/1975,,,7,
V3213,VM3213,4021,Vema,R/V Vema,8/19/1975,9/11/1975,,,7,
V3214,VM3214,4022,Vema,R/V Vema,9/18/1975,10/11/1975,,,7,
V3215,VM3215,4023,Vema,R/V Vema,10/19/1975,11/8/1975,,,7,
VM33,VM33,4024,Vema,R/V Vema,11/29/1975,9/14/1976,,,7,
VM0033,VM33,4024,Vema,R/V Vema,11/30/1975,2/8/1977,,,7,
V3301,VM3301,4025,Vema,R/V Vema,11/21/1975,12/7/1975,,,7,
V3302,VM3302,4026,Vema,R/V Vema,1/3/1976,1/14/1976,,,7,
V3303,VM3303,4027,Vema,R/V Vema,1/22/1976,2/14/1976,,,7,
V3304,VM3304,4028,Vema,R/V Vema,2/24/1976,3/10/1976,,,7,
V3305,VM3305,4029,Vema,R/V Vema,3/22/1976,4/12/1976,,,7,
V3306,VM3306,4030,Vema,R/V Vema,12/31/1975,5/10/1976,,,7,
V3307,VM3307,4031,R/V Vema,R/V Vema,5/16/1976,5/16/1976,,,7,
V3307,VM3307,4031,Vema,R/V Vema,5/15/1976,6/1/1976,,,7,
V3308,VM3308,4032,Vema,R/V Vema,6/15/1976,7/13/1976,,,7,
V3309,VM3309,4033,Vema,R/V Vema,7/31/1976,8/21/1976,,,7,
V3310,VM3310,4034,Vema,R/V Vema,8/28/1976,9/16/1976,,,7,
V3311,VM3311,4035,Vema,R/V Vema,10/13/1976,10/13/1976,,,7,
V3312,VM3312,4036,Vema,R/V Vema,11/26/1976,12/14/1976,,,7,
V3313,VM3313,4037,Vema,R/V Vema,12/22/1976,12/26/1976,,,7,
V3314,VM3314,4038,Vema,R/V Vema,1/23/1977,2/10/1977,,,7,
VM0034,VM34,4039,Vema,R/V Vema,2/24/1977,1/22/1978,,,7,
VM34,VM34,4039,Vema,R/V Vema,2/24/1977,10/17/1977,,,7,
V3401,VM3401,4040,Vema,R/V Vema,2/21/1977,2/22/1977,,,7,
V3402,VM3402,4041,Vema,R/V Vema,3/29/1977,4/16/1977,,,7,
V3403,VM3403,4042,Vema,R/V Vema,4/27/1977,5/18/1977,,,7,
V3404,VM3404,4043,Vema,R/V Vema,5/29/1977,6/17/1977,,,7,
V3405,VM3405,4044,Vema,R/V Vema,7/3/1977,7/23/1977,,,7,
V3406,VM3406,4045,Vema,R/V Vema,8/3/1977,8/23/1977,,,7,
V3407,VM3407,4046,Vema,R/V Vema,9/2/1977,9/26/1977,,,7,
V3408,VM3408,4047,Vema,R/V Vema,10/3/1977,10/25/1977,,,7,
V3409,VM3409,4048,Vema,R/V Vema,11/11/1977,12/2/1977,,,7,
V3410,VM3410,4049,Vema,R/V Vema,12/14/1977,12/20/1977,,,7,
V3411,VM3411,4050,Vema,R/V Vema,1/8/1978,1/19/1978,,,7,
VM0035,VM35,4051,Vema,R/V Vema,6/8/1978,6/25/1978,,,7,
VM35,VM35,4051,Vema,R/V Vema,7/15/1978,7/15/1978,,,7,
V3501,VM3501,4052,Vema,R/V Vema,2/23/1978,2/23/1978,,,7,
V3502,VM3502,4053,Vema,R/V Vema,3/22/1978,3/26/1978,,,7,
V3504,VM3504,4054,Vema,R/V Vema,5/27/1978,5/27/1978,,,7,
V3505,VM3505,4055,Vema,R/V Vema,6/6/1978,6/19/1978,,,7,
V3506,VM3506,4056,Vema,R/V Vema,7/14/1978,7/15/1978,,,7,
VM0036,VM36,4057,Vema,R/V Vema,7/4/1979,3/21/1980,,,7,
VM36,VM36,4057,Vema,R/V Vema,3/9/1980,3/26/1980,,,7,
V3603,VM3603,4058,Vema,R/V Vema,11/4/1979,11/4/1979,,,7,
V3606,VM3606,4059,Vema,R/V Vema,12/26/1979,1/2/1980,,,7,
V3609,VM3609,4060,Vema,R/V Vema,3/9/1980,3/28/1980,,,7,
V3612,VM3612,4061,Vema,R/V Vema,3/28/1980,9/24/1980,,,7,
V3616,VM3616,4062,Vema,R/V Vema,9/24/1980,9/28/1980,,,7,
V3617,VM3617,4063,Vema,R/V Vema,10/21/1980,10/27/1980,,,7,
VNTR02WT,VNTR02WT,4064,Name of platform for the cruise.,R/V Thomas Washington,6/1/2005,6/1/2005,,,7,
VNTR02WT,VNTR02WT,4064,T. Washington,R/V Thomas Washington,NULL,NULL,,,7,
VNTR02WT,VNTR02WT,4064,Thomas Washington,R/V Thomas Washington,10/11/1989,10/11/1989,,,7,
VNTR03WT,VNTR03WT,4065,T. Washington,R/V Thomas Washington,NULL,NULL,,,7,
VNTR03WT,VNTR03WT,4065,Thomas Washington,R/V Thomas Washington,12/8/1989,12/8/1989,,,7,
VNZ,VNZ,4066,,,1/30/2007,1/31/2011,,,,
VOGE,VOGE,4067,RV Happy,RV Happy,8/18/2013,8/21/2013,,,7,
VOGE,VOGE,4067,,,3/6/2015,3/7/2015,,,,
Volcanic Glass Project,Volcanic Glass Project,4068,Bartlett,Bartlett,NULL,NULL,,,,
Volcanofiles Chile Expedition 2012,Volcanofiles Chile Expedition 2012,4069,,,2/14/2012,2/14/2012,,,,
VOPA,VOPA,4070,,,5/8/2016,5/10/2016,,,,
VR-2020,VR-2020,4071,,,NULL,NULL,,,,
"Vráble 2009; DFG-Project ""Vráble - Emergence and decline of an early bronze age settlement center in southwest Slovakia""",Vráble 2009; DFG-Project Vráble,4072,,,6/19/2017,6/25/2017,Emergence and decline of an early bronze age settlement center in southwest Slovakia,,15,
"Vráble 2010; DFG-Project ""Vráble - Emergence and decline of an early bronze age settlement center in southwest Slovakia""",Vráble 2010; DFG-Project Vráble,4073,,,NULL,NULL,Emergence and decline of an early bronze age settlement center in southwest Slovakia,,15,
"Vráble 2012; DFG-Project ""Vráble - Emergence and decline of an early bronze age settlement center in southwest Slovakia""",Vráble 2012; DFG-Project Vráble,4074,,,8/31/2012,8/31/2012,Emergence and decline of an early bronze age settlement center in southwest Slovakia,,15,
Vráble 2012; DFG-Project Vráble - Emergence and decline of an early bronze age settlement center in southwest Slovakia,Vráble 2012; DFG-Project Vráble ,4075,,,8/31/2012,8/31/2012,Emergence and decline of an early bronze age settlement center in southwest Slovakia,,15,
"Vráble 2013; DFG-Project ""Vráble - Emergence and decline of an early bronze age settlement center in southwest Slovakia""",Vráble 2013; DFG-Project Vráble,4076,,,1/28/2015,7/31/2016,Emergence and decline of an early bronze age settlement center in southwest Slovakia,,15,
Vráble 2014; autumn campaign; DFG-Project: Vráble - Emergence and decline of an early bronze age settlement center in southwest Slovakia.,Vráble 2014; autumn campaign; DFG-Project Vráble,4077,,,8/17/2014,8/18/2014,Emergence and decline of an early bronze age settlement center in southwest Slovakia,,15,
"Bešeňov 2014; DFG-Project ""Vráble - Emergence and decline of an early bronze age settlement center in southwest Slovakia""",Vráble 2014; Bešeňov; DFG-Project Vráble,4078,,,7/22/2014,7/28/2014,Emergence and decline of an early bronze age settlement center in southwest Slovakia,,15,
"Čierne Kľačany 2014; DFG-Project ""Vráble - Emergence and decline of an early bronze age settlement center in southwest Slovakia""",Vráble 2014; Čierne Kľačany; DFG-Project Vráble,4079,,N.A.,4/7/2014,4/7/2014,Emergence and decline of an early bronze age settlement center in southwest Slovakia,,15,
"Vráble 2014; DFG-Project ""Vráble - Emergence and decline of an early bronze age settlement center in southwest Slovakia""",Vráble 2014; DFG-Project Vráble,4080,,,2/18/2015,5/29/2017,Emergence and decline of an early bronze age settlement center in southwest Slovakia,,15,
"Hul 2014; DFG-Project ""Vráble - Emergence and decline of an early bronze age settlement center in southwest Slovakia""",Vráble 2014; Hul; DFG-Project Vráble,4081,,,3/12/2014,12/6/2022,Emergence and decline of an early bronze age settlement center in southwest Slovakia,,15,
Hul 2014; DFG-Project: Vráble - Emergence and decline of an early bronze age settlement center in southwest Slovakia.,Vráble 2014; Hul; DFG-Project Vráble,4081,,,3/11/2014,3/12/2014,Emergence and decline of an early bronze age settlement center in southwest Slovakia,,15,
"Maňa 2014; DFG-Project ""Vráble - Emergence and decline of an early bronze age settlement center in southwest Slovakia""",Vráble 2014; Maňa; DFG-Project Vráble,4082,,,4/16/2014,4/16/2014,Emergence and decline of an early bronze age settlement center in southwest Slovakia,,15,
"Vráble 2014; spring campaign; DFG-Project ""Vráble - Emergence and decline of an early bronze age settlement center in southwest Slovakia""",Vráble 2014; spring campaign; DFG-Project Vráble,4083,,,12/5/2022,1/18/2023,Emergence and decline of an early bronze age settlement center in southwest Slovakia,,15,
Vráble 2014; spring campaign; DFG-Project: Vráble - Emergence and decline of an early bronze age settlement center in southwest Slovakia.,Vráble 2014; spring campaign; DFG-Project Vráble,4083,,,3/15/2014,12/5/2022,Emergence and decline of an early bronze age settlement center in southwest Slovakia,,15,
"Vráble 2015; DFG-Project ""Vráble - Emergence and decline of an early bronze age settlement center in southwest Slovakia""",Vráble 2015; DFG-Project Vráble,4084,,,2/18/2015,10/16/2016,Emergence and decline of an early bronze age settlement center in southwest Slovakia,,15,
Vráble 2015; DFG-Project: Vráble - Emergence and decline of an early bronze age settlement center in southwest Slovakia.,Vráble 2015; DFG-Project Vráble,4084,,,2/18/2015,9/14/2015,Emergence and decline of an early bronze age settlement center in southwest Slovakia,,15,
"Vráble 2016; DFG-Project ""Vráble - Emergence and decline of an early bronze age settlement center in southwest Slovakia""",Vráble 2016; DFG-Project Vráble,4085,,,10/17/2016,3/12/2017,Emergence and decline of an early bronze age settlement center in southwest Slovakia,,15,
"Vráble 2017; DFG-Project ""Vráble - Emergence and decline of an early bronze age settlement center in southwest Slovakia""",Vráble 2017; DFG-Project Vráble,4086,,,9/9/2018,3/6/2019,Emergence and decline of an early bronze age settlement center in southwest Slovakia,,15,
"Vráble 2019; DFG-Project ""Vráble - Emergence and decline of an early bronze age settlement center in southwest Slovakia""",Vráble 2019; DFG-Project Vráble,4087,,,2/19/2019,9/29/2019,Emergence and decline of an early bronze age settlement center in southwest Slovakia,,15,
Vráble 2019; DFG-Project: Vráble - Emergence and decline of an early bronze age settlement center in southwest Slovakia.,Vráble 2019; DFG-Project Vráble,4087,,,2/8/2019,2/9/2019,Emergence and decline of an early bronze age settlement center in southwest Slovakia,,15,
Vráble 2023 - MPI Leipzig; rgk2023-03,Vráble 2023 - MPI Leipzig; rgk2023-03,4088,,,4/3/2023,4/4/2023,,,,
VSF,VSF,4089,,,7/14/2021,7/14/2021,,,,
W65101WT,W65101WT,4090,T. Washington,R/V Thomas Washington,NULL,NULL,,,7,
W8803B,W8803B,4091,R/V Wecoma,R/V Wecoma,3/31/1988,4/19/1988,,,7,
W8803B,W8803B,4091,Wecoma,R/V Wecoma,NULL,NULL,,,7,
W8907A,W8907A,4092,Wecoma,R/V Wecoma,6/30/1989,6/30/1989,,,7,
WA2015,WA2015,4093,R/V Maritime Maid,R/V Maritime Maid,9/14/2015,9/14/2015,,,7,
WA2015,WA2015,4093,,,9/11/2015,9/11/2015,,,,
WAB,WAB,4094,RV Happy,RV Happy,7/17/2008,7/17/2008,,,7,
WAK,WAK,4095,,,10/27/2011,10/27/2011,,,,
WAM,WAM,4096,,,7/20/2010,7/20/2010,,,,
Wandamen Peninsula 2013,Wandamen Peninsula 2013,4097,,,4/29/2013,4/29/2013,,,,
Wandsworth Volcanic Group Project,Wandsworth Volcanic Group Project,4098,,,NULL,NULL,,,,
Wasatch Intrusive Belt Project,Wasatch Intrusive Belt Project,4099,,,7/18/2019,7/18/2019,,,,
Watenstedt 2016,Watenstedt 2016,4100,,,9/27/2016,9/27/2016,,,,
Watershed Function SFA,Watershed Function SFA,4101,,,3/6/2017,2/28/2024,,,,
WCC10,WCC10,4106,Ferrel,NOAAS Ferrel,8/20/1974,8/20/1974,,,,
WCC11,WCC11,4107,Ferrel,NOAAS Ferrel,9/28/1974,9/28/1974,,,,
WCC12,WCC12,4108,Ferrel,NOAAS Ferrel,11/3/1974,11/3/1974,,,,
WCC13,WCC13,4109,Ferrel,NOAAS Ferrel,12/9/1974,12/9/1974,,,,
WCC14,WCC14,4110,Ferrel,NOAAS Ferrel,12/31/1974,12/31/1974,,,,
WCC6,WCC06,4102,Ferrel,NOAAS Ferrel,4/15/1974,4/15/1974,,,,
WCC7,WCC07,4103,Ferrel,NOAAS Ferrel,5/5/1974,5/5/1974,,,,
WCC8,WCC08,4104,Ferrel,NOAAS Ferrel,6/9/1974,6/9/1974,,,,
WCC9,WCC09,4105,Ferrel,NOAAS Ferrel,7/15/1974,7/15/1974,,,,
WDC-06A,WDC-06A,4111,,,12/31/2001,12/31/2004,,,,
WEA.SHIP LIMA station #1390 0m,WEA.SHIP LIMA station 1390,4112,Weather Ship Lima,Weather Ship Lima,NULL,NULL,,,,
WEA.SHIP MIKE Stn #1342 ,WEA.SHIP MIKE Stn 1342 ,4116,WEA.SHIP,Weather Ship Mike,7/14/1977,7/14/1977,,,,
WEA.SHIP MIKE Stn #1343 ,WEA.SHIP MIKE Stn 1343 ,4117,WEA.SHIP,Weather Ship Mike,6/30/1977,6/30/1977,,,,
WEA.SHIP MIKE Stn #1346 ,WEA.SHIP MIKE Stn 1346 ,4118,WEA.SHIP,Weather Ship Mike,12/14/1977,12/14/1977,,,,
WEA.SHIP MIKE Stn #1359 ,WEA.SHIP MIKE Stn 1359 ,4119,WEA.SHIP,Weather Ship Mike,2/28/1979,2/28/1979,,,,
WEA.SHIP MIKE Stn #1360 ,WEA.SHIP MIKE Stn 1360 ,4120,WEA.SHIP,Weather Ship Mike,4/16/1979,4/16/1979,,,,
WEA.SHIP MIKE Stn #1361 ,WEA.SHIP MIKE Stn 1361 ,4121,WEA.SHIP,Weather Ship Mike,4/30/1979,4/30/1979,,,,
WEA.SHIP MIKE stn#1313 0m,WEA.SHIP MIKE Stn 1313,4113,WEA.SHIP,Weather Ship Mike,2/14/1975,2/14/1975,,,,
WEA.SHIP MIKE stn#1315 0m,WEA.SHIP MIKE Stn 1315,4114,WEA.SHIP,Weather Ship Mike,6/1/1975,6/1/1975,,,,
WEA.SHIP MIKE stn#1318 0m,WEA.SHIP MIKE Stn 1318,4115,WEA.SHIP,Weather Ship Mike,8/31/1975,8/31/1975,,,,
WEA.SHIP MIKE stn#1382 0m,WEA.SHIP MIKE Stn 1382,4123,WEA.SHIP,Weather Ship Mike,12/14/1980,12/14/1980,,,,
WEA.SHIP MIKE stn#1383 0m,WEA.SHIP MIKE Stn 1383,4124,WEA.SHIP,Weather Ship Mike,12/30/1980,12/30/1980,,,,
WEA.SHIP MIKE stn#1384 0m,WEA.SHIP MIKE Stn 1384,4125,WEA.SHIP,Weather Ship Mike,2/15/1981,2/15/1981,,,,
WEA.SHIP MIKE stn#1385 0m,WEA.SHIP MIKE Stn 1385,4126,WEA.SHIP,Weather Ship Mike,3/1/1981,3/1/1981,,,,
WEA.SHIP MIKE stn#1387 0m,WEA.SHIP MIKE Stn 1387,4127,WEA.SHIP,Weather Ship Mike,4/29/1981,4/29/1981,,,,
WEA.SHIP MIKE stn#1389 0m,WEA.SHIP MIKE Stn 1389,4128,WEA.SHIP,Weather Ship Mike,4/30/1981,4/30/1981,,,,
WEA.SHIP MIKE stn#1390 0m,WEA.SHIP MIKE Stn 1390,4129,WEA.SHIP,Weather Ship Mike,4/30/1981,4/30/1981,,,,
Weather Ship Mike station #1374 0m,WEA.SHIP MIKE Stn 1374,4122,Weather Ship Mike,Weather Ship Mike,5/14/1980,5/14/1980,,,,
WEC8402A,WEC8402A,4130,Wecoma,R/V Wecoma,NULL,NULL,,,,
WEC8803B,WEC8803B,4131,Wecoma,R/V Wecoma,NULL,NULL,,,,
WENCK,WENCK,4132,,,1/25/2011,1/25/2011,,,,
West Cliff Section,West Cliff Section,4133,Land Drill,Land Drill,NULL,NULL,,,Land Drilling,
West Papua 2012,West Papua 2012,4134,,,NULL,NULL,,,,
WEST03MV,WEST03MV,4135,Melville,R/V Melville,NULL,NULL,,,,
western Labrador mapping,western Labrador mapping,4136,,,12/31/1986,8/4/2022,,,,
Western United States,Western United States,4137,,,7/13/2019,7/13/2021,,,,
Wet Mountains project,Wet Mountains project,4138,,,6/13/2022,6/27/2022,,,,
Wet Mountains Project,Wet Mountains project,4138,,,6/6/2023,6/8/2023,,,,
Weyer-Oberbrechen 2016,Weyer-Oberbrechen 2016,4139,,,3/20/2016,2/12/2017,,,,
WF2479,WF2479,4140,Western Flyer,R/V Western Flyer,8/17/2002,8/25/2002,,,,
WF2983,WF2983,4141,Western Flyer,R/V Western Flyer,9/2/2004,9/7/2004,,,,
WF3239,WF3239,4142,Western Flyer,R/V Western Flyer,8/7/2005,8/16/2005,,,,
WF3463,WF3463,4143,Western Flyer,R/V Western Flyer,7/30/2006,7/31/2006,,,,
WF4109,WF4109,4144,Western Flyer,R/V Western Flyer,8/17/2009,8/23/2009,,,,
WF4133,WF4133,4145,Western Flyer,R/V Western Flyer,8/31/2009,9/1/2009,,,,
WF4535,WF4535,4146,Western Flyer,R/V Western Flyer,7/27/2011,8/4/2011,,,,
WF4537,WF4537,4147,Western Flyer,R/V Western Flyer,7/15/2011,7/20/2011,,,,
Wheeler Survey (West of the 100th Meridian),Wheeler Survey (West of the 100th Meridian),4148,,,NULL,NULL,,,,
Whetstone,Whetstone,4149,,,NULL,NULL,,,,
WHL,WHL,4150,RV KRKII,RV KRKII,12/30/2001,12/30/2001,,,,
WHONDRS,WHONDRS,4151,,,7/28/2019,9/18/2019,,,,
WHONDRS 48hr,WHONDRS 48hr,4152,,,8/13/2018,10/18/2018,,,,
WHONDRS CLIMAGAS collaboration,WHONDRS CLIMAGAS collaboration,4153,,,4/16/2021,9/2/2022,,,,
WHONDRS disinfection byproduct collaboration,WHONDRS disinfection byproduct collaboration,4154,,,7/29/2020,7/27/2021,,,,
WHONDRS ECA2,WHONDRS ECA2,4155,,,8/1/2020,11/7/2020,,,,
WHONDRS S19S,WHONDRS S19S,4156,,,7/28/2019,7/30/2019,,,,
WHONDRS_ECA2,WHONDRS ECA2,4155,,,NULL,NULL,,,,
WIDNR,WIDNR,4157,,,3/25/2009,3/25/2009,,,,
WIL07,WIL07,4158,,,12/30/2007,12/30/2007,,,,
WILL08,WILL08,4159,,,7/25/2008,7/25/2008,,,,
WILS,WILS,4160,,,5/8/2011,5/8/2011,,,,
WISP,WISP,4161,,,12/30/2001,12/30/2009,,,,
WISP2,WISP2,4162,,,8/18/2010,6/9/2011,,,,
WISSARD,WISSARD,4163,,,12/31/2012,12/31/2012,,,,
WITIL,WITIL,4164,,,2/1/2011,2/25/2011,,,,
WMO,WMO,4165,,,7/11/2008,8/1/2008,,,,
WNFS 2019,WNFS 2019,4166,,,3/30/2019,4/13/2019,,,,
"Woods Hole, MA coastal","Woods Hole, MA coastal",4167,,,5/27/1981,5/27/1981,,,,
WRFP,WRFP,4168,,,3/17/2008,12/30/2008,,,,
WRP,WRP,4169,,,12/30/2008,12/30/2008,,,,
WSRP Basalts,WSRP Basalts,4170,,,NULL,NULL,,,,
WULE,WULE,4171,,,12/30/2003,12/30/2003,,,,
WUS11,WUS11,4172,,,7/2/1905,12/31/2010,,,,
WUS14,WUS14,4173,,,7/5/1905,12/31/2013,,,,
WUS15,WUS15,4174,,,12/31/2014,12/31/2014,,,,
WV0103,WV0103,4175,Western Venturer,Western Venturer,1/7/2003,1/17/2003,,,,
WWG,WWG,4176,,,7/31/2007,8/2/2007,,,,
WYW,WYW,4177,,,9/24/2017,9/24/2017,,,,
XING,XING,4178,,,12/31/2010,12/31/2010,,,,
XIT,XIT,4179,,,6/26/2012,6/28/2012,,,,
XXXII Antarctic Expedition,XXXII Antarctic Expedition,4180,R/V Italica,R/V Italica,1/5/2017,1/30/2017,,,,
Y96-3,Y96-3,4181,R/V Yokosuka,R/V Yokosuka,NULL,NULL,,,,
YALO-74,YALO-74,4182,Yaquina,R/V Yaquina,NULL,NULL,,,,
Y74-3,Yaloc 74-3,4183,Yaloc,R/V Yaquina,NULL,NULL,"multi-disciplinary oceanographic cruise - YALOC '69 - was carried out by staff of the Department of Oceanography, Oregon State University aboard the R/V YAQUINA.",,,
YE1,YE1,4184,Yelcho,Yelcho,4/13/1961,4/25/1961,,,,
YE2,YE2,4185,Yelcho,Yelcho,2/1/1962,3/6/1962,,,,
YELLOWSTONE,YELLOWSTONE,4186,RV KRKII,RV KRKII,9/16/1992,9/22/1992,,,,
Yellowstone Park Survey,Yellowstone Park Survey,4187,,,NULL,NULL,,,,
YEMEN,YEMEN,4188,,,12/30/2001,12/30/2001,,,,
YK06 Leg 14,YK06-14,4190,Yokosuka,R/V Yokosuka,9/30/2006,9/30/2006,,,,
YK06-12,YK06-12,4189,R/V Yokosuka,R/V Yokosuka,8/29/2006,9/2/2006,,,,
YK08-08,YK08-08,4191,R/V Yokosuka,R/V Yokosuka,7/9/2008,7/15/2008,,,,
YK08-08 Leg 2,YK08-08 Leg 2,4192,Yokosuka,R/V Yokosuka,7/14/2008,7/14/2008,,,,
YK09-06,YK09-06,4193,R/V Yokosuka,R/V Yokosuka,5/30/2009,5/30/2009,,,,
YK10-12,YK10-12,4194,R/V Yokosuka,R/V Yokosuka,5/27/2009,9/24/2010,,,,
YK10-12,YK10-12,4194,Yokosuka,R/V Yokosuka,9/18/2010,9/28/2010,,,,
YK13-08,YK13-08,4195,R/V Yokosuka,R/V Yokosuka,9/9/2013,9/9/2013,,,,
YK13-08,YK13-08,4195,,R/V Yokosuka,NULL,NULL,,,,
YK14-13,YK14-13,4196,R/V Yokosuka,R/V Yokosuka,7/11/2014,7/16/2014,,,,
YK15-11,YK15-11,4197,R/V Yokosuka,R/V Yokosuka,7/12/2015,7/13/2015,,,,
YK9002,YK9002,4198,R/V Yokosuka,R/V Yokosuka,1/27/1991,2/2/1991,,,,
YK9603,YK9603,4199,R/V Yokosuka,R/V Yokosuka,2/13/1996,2/13/1996,,,,
YLAKE,YLAKE RV Annie,4200,RV Annie,RV Annie,7/8/2016,8/4/2017,,,,
YLAKE,YLAKE RV KRKII,4201,RV KRKII,RV KRKII,9/12/2016,9/18/2016,,,,
YLV,YLV,4202,RV Yogi,RV Yogi,8/10/2017,8/10/2017,,,,
YNP,YNP,4203,,,5/31/2004,10/24/2008,,,,
YNP2,YNP2,4204,,,2/1/2009,2/7/2009,,,,
YNP3,YNP3,4205,,,8/1/2009,8/5/2009,,,,
YQ73-04,YQ73-04,4206,R/V Yaquina,R/V Yaquina,NULL,NULL,,,,
YUFL,YUFL,4207,,,7/23/2010,7/24/2010,,,,
YUKON,YUKON,4208,,,12/30/2002,12/30/2006,,,,
ZABR AG RETRO-OBSERVATOIRE PLAN EAU ALTITUDE (Action N&#x9d;2010-19)23/09/11,ZABR AG RETRO-OBSERVATOIRE PLAN EAU ALTITUDE (Action No2010-19),4209,,,9/22/2011,9/22/2011,ZABR AG RETRO-OBSERVATOIRE PLAN EAU ALTITUDE (Action N&#x9d;2010-19)23/09/11,,,
ZABR AG RETRO-OBSERVATOIRE PLAN EAU ALTITUDE (Action N2010-19)23/09/11,ZABR AG RETRO-OBSERVATOIRE PLAN EAU ALTITUDE (Action No2010-19),4209,,,9/22/2011,9/22/2011,ZABR AG RETRO-OBSERVATOIRE PLAN EAU ALTITUDE (Action NÃ©2010-19)23/09/11,,,
ZABR AG RETRO-OBSERVATOIRE PLAN EAU ALTITUDE (Action Né2010-19)23/09/11,ZABR AG RETRO-OBSERVATOIRE PLAN EAU ALTITUDE (Action No2010-19),4209,,,9/22/2011,9/22/2011,ZABR AG RETRO-OBSERVATOIRE PLAN EAU ALTITUDE (Action NÂ2010-19)23/09/11,,,
ZABR AG RETRO-OBSERVATOIRE PLAN EAU ALTITUDE (Action No2010-19)23/09/11,ZABR AG RETRO-OBSERVATOIRE PLAN EAU ALTITUDE (Action No2010-19),4209,,,9/22/2011,9/22/2011,ZABR AG RETRO-OBSERVATOIRE PLAN EAU ALTITUDE (Action No2010-19)23/09/11,,,
ZABR23/01/13,ZABR23/01/13,4210,,,1/22/2013,1/22/2013,,,,
ZIP,ZIP,4211,,,12/30/2005,12/30/2005,,,,
ZETES Expedition (ZTES03AR),ZTES03AR,4212,Argo,Argo,NULL,NULL,ZETES Expedition (ZTES03AR),,,
ZTES03AR,ZTES03AR,4212,Argo,Argo,NULL,NULL,,,,
ZTES04AR,ZTES04AR,4213,Argo,Argo,NULL,NULL,,,,
ZTES07AR,ZTES07AR,4214,Argo,Argo,NULL,NULL,,,,
,,,Wecoma,R/V Wecoma,NULL,NULL,,,,
,,,Yaquina,R/V Yaquina,NULL,NULL,,,,
,,,Yaquina 73,R/V Yaquina,NULL,NULL,,,,
,,,Yokosuka,R/V Yokosuka,NULL,NULL,,,,
